{"type":"FeatureCollection","features":[{"type":"Feature","geometry":{"type":"LineString","coordinates":[[72.83330373101036,19.14806977352484],[72.83329783441097,19.14852132575908],[72.833104239456,19.148790015383852],[72.83291418256687,19.148787773483267],[72.83272176635874,19.148966152199417],[72.83270878948353,19.149959566602615]]},"properties":{"id":"L00000","strahler":2,"length_m":246.6,"drop_m":1.78,"gradient":0.00723,"area_ha":15.95,"on_drain_share":0.0,"downstream":null}},{"type":"Feature","geometry":{"type":"LineString","coordinates":[[72.83642317327585,19.149371080628118],[72.83641492926617,19.150003254968265]]},"properties":{"id":"L00001","strahler":3,"length_m":70.0,"drop_m":0.05,"gradient":0.00067,"area_ha":182.59,"on_drain_share":0.0,"downstream":null}},{"type":"Feature","geometry":{"type":"LineString","coordinates":[[72.8455624047669,19.148213942972365],[72.84556005946635,19.148394565331884],[72.84498284761591,19.148929744667175],[72.84497932856748,19.149200678080287],[72.84469424029673,19.149197333506734],[72.84468954752019,19.1495585779763],[72.84478340398468,19.149650004026515],[72.84468368140095,19.150010133541755]]},"properties":{"id":"L00002","strahler":3,"length_m":263.1,"drop_m":1.88,"gradient":0.00713,"area_ha":509.38,"on_drain_share":0.0,"downstream":null}},{"type":"Feature","geometry":{"type":"LineString","coordinates":[[72.84964397203915,19.14862306368022],[72.84983051977254,19.148896222551294],[72.85020946791484,19.148990982644683],[72.85039718707044,19.149173829603388],[72.85039250671146,19.149535075432578],[72.85029630659275,19.149624274853334],[72.85067174681117,19.14998996857325]]},"properties":{"id":"L00003","strahler":1,"length_m":221.4,"drop_m":0.39,"gradient":0.00176,"area_ha":8.03,"on_drain_share":0.0,"downstream":null}},{"type":"Feature","geometry":{"type":"LineString","coordinates":[[72.85136502763983,19.147830274122054],[72.8514413452909,19.149276369950613],[72.85200217084531,19.150005530153063]]},"properties":{"id":"L00004","strahler":1,"length_m":269.0,"drop_m":-0.15,"gradient":0.0,"area_ha":10.77,"on_drain_share":0.0,"downstream":null}},{"type":"Feature","geometry":{"type":"LineString","coordinates":[[72.85638290802972,19.149334098857715],[72.85637474005576,19.14996628152661]]},"properties":{"id":"L00005","strahler":3,"length_m":70.0,"drop_m":3.72,"gradient":0.0532,"area_ha":100.19,"on_drain_share":0.0,"downstream":null}},{"type":"Feature","geometry":{"type":"LineString","coordinates":[[72.87519786401208,19.149643011071323],[72.87519323750526,19.150004262748883]]},"properties":{"id":"L00006","strahler":1,"length_m":40.0,"drop_m":2.94,"gradient":0.07341,"area_ha":4.26,"on_drain_share":0.0,"downstream":null}},{"type":"Feature","geometry":{"type":"LineString","coordinates":[[72.88034457743281,19.148528223472084],[72.87882407827388,19.148510673810765],[72.87834199355929,19.149047065653523],[72.8783396838178,19.149227691875357],[72.87804996908838,19.149585651410817],[72.87804765895909,19.149766277587794],[72.87775909783191,19.1500339234241]]},"properties":{"id":"L00007","strahler":2,"length_m":375.6,"drop_m":7.45,"gradient":0.01984,"area_ha":22.09,"on_drain_share":0.0,"downstream":null}},{"type":"Feature","geometry":{"type":"LineString","coordinates":[[72.83675771101939,19.14558139032048],[72.83672827746645,19.147839157035712],[72.8364361274921,19.14837766371322],[72.83642317327585,19.149371080628118]]},"properties":{"id":"L00008","strahler":1,"length_m":432.4,"drop_m":7.78,"gradient":0.01799,"area_ha":8.44,"on_drain_share":0.0,"downstream":"L00001"}},{"type":"Feature","geometry":{"type":"LineString","coordinates":[[72.83918960235034,19.148590720179328],[72.83880478209956,19.148947491899893],[72.83851969542772,19.148944137791194],[72.83833199091993,19.148761279988122],[72.83795187591615,19.148756806808997],[72.83785567030677,19.14884599910627],[72.8376656127546,19.14884376211279],[72.83737699503688,19.149111338307854],[72.8367117928679,19.14910350613521],[72.83642317327585,19.149371080628118]]},"properties":{"id":"L00009","strahler":3,"length_m":343.8,"drop_m":0.68,"gradient":0.00197,"area_ha":173.19,"on_drain_share":0.0,"downstream":"L00001"}},{"type":"Feature","geometry":{"type":"LineString","coordinates":[[72.90728993421125,19.144772389820965],[72.90623092297078,19.14584425858346],[72.90622636497974,19.14620551765531],[72.90613019391014,19.14629474943811],[72.90612335638293,19.146836637978645],[72.90640389413868,19.147201145952614],[72.90636856724308,19.15000090325919]]},"properties":{"id":"L00010","strahler":1,"length_m":642.1,"drop_m":0.0,"gradient":0.0,"area_ha":19.51,"on_drain_share":0.0,"downstream":null}},{"type":"Feature","geometry":{"type":"LineString","coordinates":[[72.90648981061487,19.147924746989258],[72.90646360093511,19.150001986320042]]},"properties":{"id":"L00011","strahler":2,"length_m":230.0,"drop_m":0.0,"gradient":0.0,"area_ha":28.9,"on_drain_share":0.0,"downstream":null}},{"type":"Feature","geometry":{"type":"LineString","coordinates":[[72.91493524506468,19.149014399321295],[72.91492503023451,19.149827236461082],[72.91473269178834,19.15000570950314]]},"properties":{"id":"L00012","strahler":2,"length_m":118.3,"drop_m":0.0,"gradient":0.0,"area_ha":50.96,"on_drain_share":0.0,"downstream":null}},{"type":"Feature","geometry":{"type":"LineString","coordinates":[[72.82201085019612,19.146762028843924],[72.82219734758732,19.1470352111702],[72.82238621593773,19.147127773757553],[72.822477687348,19.147399829501627],[72.82322842533185,19.148131317243767],[72.82332345278479,19.148132443189443],[72.8233198985437,19.14840337273178],[72.82350995377932,19.1484056245102],[72.82360379680163,19.148497060188483],[72.823599058313,19.14885829962958]]},"properties":{"id":"L00013","strahler":2,"length_m":323.8,"drop_m":4.95,"gradient":0.0153,"area_ha":19.25,"on_drain_share":0.0,"downstream":null}},{"type":"Feature","geometry":{"type":"LineString","coordinates":[[72.82723614012724,19.146914223460694],[72.82713874795269,19.147093719785875],[72.82656385379174,19.147448215772844],[72.82541050760189,19.148428131499408],[72.82522163582092,19.148335571723038],[72.82484034117526,19.148421381463525],[72.82474294548213,19.148600876147235],[72.82435928164045,19.148867304616438]]},"properties":{"id":"L00014","strahler":1,"length_m":411.1,"drop_m":-0.25,"gradient":0.0,"area_ha":23.42,"on_drain_share":0.0,"downstream":null}},{"type":"Feature","geometry":{"type":"LineString","coordinates":[[72.85582323080281,19.14851463854879],[72.85581972952991,19.148785573908544],[72.85638290802972,19.149334098857715]]},"properties":{"id":"L00015","strahler":3,"length_m":114.9,"drop_m":-1.18,"gradient":0.0,"area_ha":85.74,"on_drain_share":0.0,"downstream":"L00005"}},{"type":"Feature","geometry":{"type":"LineString","coordinates":[[72.85962442483209,19.148558964856484],[72.85848523115327,19.14845536326247],[72.85781186025947,19.149079791070044],[72.85667149872693,19.14906648982844],[72.85638290802972,19.149334098857715]]},"properties":{"id":"L00016","strahler":1,"length_m":385.6,"drop_m":6.14,"gradient":0.01591,"area_ha":12.51,"on_drain_share":0.0,"downstream":"L00005"}},{"type":"Feature","geometry":{"type":"LineString","coordinates":[[72.92116788603516,19.1446589393745],[72.92116336084875,19.14502020194219],[72.9214450625942,19.14529437418536],[72.92144053784901,19.145655636791894],[72.92171884784851,19.146200755722568],[72.92171093011615,19.146832965322],[72.92151633954315,19.147192077825455],[72.92113168169108,19.147549039489974],[72.9211203664963,19.148452195576365],[72.9214020734019,19.148726368333108],[72.92139867912671,19.148997315181028],[72.92120634799653,19.149175795769825],[72.921202953316,19.149446742570742],[72.92110678742198,19.149535982754504],[72.92110112920368,19.14998756070497]]},"properties":{"id":"L00017","strahler":1,"length_m":664.6,"drop_m":12.4,"gradient":0.01866,"area_ha":24.0,"on_drain_share":0.0,"downstream":null}},{"type":"Feature","geometry":{"type":"LineString","coordinates":[[72.88175966994253,19.14935748469191],[72.88138300241378,19.149082161333272],[72.88109790755122,19.149078873248147],[72.88091130472318,19.148805741155343],[72.8807212418497,19.148803548690267],[72.88034457743281,19.148528223472084]]},"properties":{"id":"L00024","strahler":1,"length_m":193.1,"drop_m":4.69,"gradient":0.02429,"area_ha":7.17,"on_drain_share":0.0,"downstream":"L00007"}},{"type":"Feature","geometry":{"type":"LineString","coordinates":[[72.93517193606488,19.14969461018628],[72.93535863491904,19.149967695657658]]},"properties":{"id":"L00018","strahler":1,"length_m":38.3,"drop_m":-0.71,"gradient":0.0,"area_ha":4.83,"on_drain_share":0.0,"downstream":null}},{"type":"Feature","geometry":{"type":"LineString","coordinates":[[72.93556893310652,19.148344136100917],[72.93718452065534,19.148362283259043],[72.93737234448172,19.14854505035664],[72.93736785357166,19.148906316485963],[72.93793245108226,19.14936430038722],[72.93783180320477,19.149814816384975],[72.93763948693616,19.149993315747807]]},"properties":{"id":"L00019","strahler":1,"length_m":401.4,"drop_m":3.23,"gradient":0.00805,"area_ha":12.79,"on_drain_share":0.0,"downstream":null}},{"type":"Feature","geometry":{"type":"LineString","coordinates":[[72.84081566860964,19.14779691665582],[72.84015047019315,19.147789097444498],[72.83986185808273,19.148056678148098],[72.83985950660033,19.148237299830118],[72.83976330224054,19.148326493262005],[72.83937965980462,19.148592955568496],[72.83918960235034,19.148590720179328]]},"properties":{"id":"L00020","strahler":3,"length_m":219.0,"drop_m":0.99,"gradient":0.0045,"area_ha":161.42,"on_drain_share":0.0,"downstream":"L00009"}},{"type":"Feature","geometry":{"type":"LineString","coordinates":[[72.83872504610663,19.14777233389532],[72.83900542603445,19.148136930655944],[72.83900189738716,19.148407863021575],[72.83918960235034,19.148590720179328]]},"properties":{"id":"L00021","strahler":1,"length_m":110.7,"drop_m":1.15,"gradient":0.01035,"area_ha":5.26,"on_drain_share":0.0,"downstream":"L00009"}},{"type":"Feature","geometry":{"type":"LineString","coordinates":[[72.89050836530946,19.149006519192486],[72.89050951354838,19.14891620536751],[72.88966456297567,19.148093558320813],[72.88966800887326,19.147822616963957],[72.88976418886406,19.14773339474825],[72.88978256507245,19.146288373929654],[72.88987874403054,19.146199151548984],[72.88988104082405,19.14601852391653],[72.889787158866,19.145927118686892],[72.88980438467075,19.14457241139076],[72.88961432554856,19.14457022858576],[72.88952044448732,19.144478823298904],[72.88952388991893,19.144207881860947],[72.88924109915479,19.14402397960788]]},"properties":{"id":"L00084","strahler":1,"length_m":642.1,"drop_m":14.75,"gradient":0.02298,"area_ha":27.74,"on_drain_share":0.0,"downstream":"L00128"}},{"type":"Feature","geometry":{"type":"LineString","coordinates":[[72.85526122417956,19.147875800527437],[72.85582323080281,19.14851463854879]]},"properties":{"id":"L00022","strahler":1,"length_m":94.9,"drop_m":2.5,"gradient":0.02633,"area_ha":4.25,"on_drain_share":0.0,"downstream":"L00015"}},{"type":"Feature","geometry":{"type":"LineString","coordinates":[[72.85573170245532,19.148242594033633],[72.8558255649519,19.14833401497084],[72.85582323080281,19.14851463854879]]},"properties":{"id":"L00023","strahler":3,"length_m":34.1,"drop_m":-0.48,"gradient":0.0,"area_ha":79.45,"on_drain_share":0.0,"downstream":"L00015"}},{"type":"Feature","geometry":{"type":"LineString","coordinates":[[72.83312310996058,19.147345048377996],[72.833216958284,19.147436479614417],[72.8332098823138,19.14797834229869],[72.83330373101036,19.14806977352484]]},"properties":{"id":"L00025","strahler":1,"length_m":88.3,"drop_m":-0.76,"gradient":0.0,"area_ha":6.49,"on_drain_share":0.0,"downstream":"L00000"}},{"type":"Feature","geometry":{"type":"LineString","coordinates":[[72.83426108445981,19.147539115593528],[72.83406985000309,19.147627185529778],[72.8335947108538,19.147621583233352],[72.83330608960367,19.147889152624447],[72.83330373101036,19.14806977352484]]},"properties":{"id":"L00026","strahler":1,"length_m":136.6,"drop_m":-0.59,"gradient":0.0,"area_ha":7.12,"on_drain_share":0.0,"downstream":"L00000"}},{"type":"Feature","geometry":{"type":"LineString","coordinates":[[72.84626511692069,19.145331783224837],[72.84645165559927,19.145604944715387],[72.84644579557806,19.146056500999972],[72.84596479555582,19.146502487254445],[72.84548965588462,19.14649691602157],[72.84481742291572,19.147030981139366],[72.8448103849717,19.147572848009546],[72.8450919518779,19.14784712560355],[72.84547206659344,19.14785158381233],[72.84556592266824,19.147943009425916],[72.8455624047669,19.148213942972365]]},"properties":{"id":"L00027","strahler":3,"length_m":490.4,"drop_m":1.49,"gradient":0.00303,"area_ha":496.94,"on_drain_share":0.0,"downstream":"L00002"}},{"type":"Feature","geometry":{"type":"LineString","coordinates":[[72.84594955494471,19.147676533053026],[72.8455624047669,19.148213942972365]]},"properties":{"id":"L00028","strahler":1,"length_m":76.6,"drop_m":0.22,"gradient":0.00293,"area_ha":4.46,"on_drain_share":0.0,"downstream":"L00002"}},{"type":"Feature","geometry":{"type":"LineString","coordinates":[[72.87207688334003,19.148432645619998],[72.87207919979276,19.148252020119028],[72.87179642481806,19.148068092268147],[72.87179874152842,19.147887466793055],[72.87151828445752,19.147522913144222],[72.87152407676334,19.147071349504497],[72.87133633411982,19.146888522083316],[72.87124478010026,19.146616482879686],[72.87115090912683,19.146525069081232],[72.87096085007177,19.14652286677476],[72.87067923811983,19.146248624885445],[72.87068619110721,19.14570674873649],[72.87040458089628,19.14543250658099],[72.87041037554955,19.144980943166818],[72.87012876694423,19.144706700731277],[72.87013224406377,19.144435762713048],[72.86975560869605,19.14416041829938]]},"properties":{"id":"L00073","strahler":1,"length_m":597.0,"drop_m":12.33,"gradient":0.02066,"area_ha":20.52,"on_drain_share":0.0,"downstream":"L00124"}},{"type":"Feature","geometry":{"type":"LineString","coordinates":[[72.8806319783694,19.148350886130697],[72.88034457743281,19.148528223472084]]},"properties":{"id":"L00029","strahler":1,"length_m":38.3,"drop_m":0.08,"gradient":0.00212,"area_ha":4.65,"on_drain_share":0.0,"downstream":"L00007"}},{"type":"Feature","geometry":{"type":"LineString","coordinates":[[72.89545462796386,19.1487019404567],[72.89583819307317,19.14843535227794],[72.89612328954908,19.1484386173925],[72.8963167890115,19.148169851380555],[72.89650685307696,19.148172027648776],[72.8968915601064,19.147815122770997],[72.89691101894655,19.146279781093526],[72.89748807046975,19.14574442128476]]},"properties":{"id":"L00060","strahler":1,"length_m":452.1,"drop_m":8.26,"gradient":0.01826,"area_ha":17.96,"on_drain_share":0.0,"downstream":"L00069"}},{"type":"Feature","geometry":{"type":"LineString","coordinates":[[72.91268170617954,19.146820935804055],[72.91493524506468,19.149014399321295]]},"properties":{"id":"L00030","strahler":1,"length_m":339.4,"drop_m":0.0,"gradient":0.0,"area_ha":6.79,"on_drain_share":0.0,"downstream":"L00012"}},{"type":"Feature","geometry":{"type":"LineString","coordinates":[[72.91582684846583,19.146134014945414],[72.91580869911508,19.14757905997116],[72.91571253180146,19.14766829717422],[72.91571026290167,19.14784892777247],[72.91542062535959,19.148206954255738],[72.91541608676158,19.148568215359955],[72.91493524506468,19.149014399321295]]},"properties":{"id":"L00031","strahler":2,"length_m":357.3,"drop_m":0.0,"gradient":0.0,"area_ha":37.67,"on_drain_share":0.0,"downstream":"L00012"}},{"type":"Feature","geometry":{"type":"LineString","coordinates":[[72.85643307566838,19.14545069000793],[72.8565222711108,19.145903357924258],[72.85642607626154,19.14599256111622],[72.85642374307342,19.146173184811346],[72.85613515755709,19.146440793980112],[72.85602262586757,19.147794362304197],[72.85573170245532,19.148242594033633]]},"properties":{"id":"L00032","strahler":1,"length_m":347.3,"drop_m":3.81,"gradient":0.01096,"area_ha":9.48,"on_drain_share":0.0,"downstream":"L00023"}},{"type":"Feature","geometry":{"type":"LineString","coordinates":[[72.8587125843338,19.145567595548528],[72.85784683839535,19.146370433628018],[72.85765678117185,19.146368217582506],[72.85756058657236,19.14645742139786],[72.8575582545575,19.146638045218424],[72.85736586481605,19.146816452639015],[72.8573635325422,19.146997076429447],[72.85678402714329,19.147712920849447],[72.85659280190319,19.14780101539686],[72.85621385133864,19.147706268379387],[72.85621268451985,19.147796580198033],[72.85573170245532,19.148242594033633]]},"properties":{"id":"L00033","strahler":3,"length_m":483.6,"drop_m":5.6,"gradient":0.01157,"area_ha":69.73,"on_drain_share":0.0,"downstream":"L00023"}},{"type":"Feature","geometry":{"type":"LineString","coordinates":[[72.86590106428659,19.148270682065366],[72.865807195713,19.148179265744044],[72.86580951895466,19.147998640977544],[72.86524398643984,19.14763076700083],[72.86495889706826,19.147627454122247],[72.86486502939196,19.14753603739877],[72.86400976215394,19.147526095721975],[72.86382086550216,19.147433573648904],[72.86344656140544,19.14697759221884],[72.86268632709759,19.146968749749778],[72.8625924611329,19.146877332015737],[72.86240240273774,19.14687512082086],[72.86230853699264,19.14678370296109],[72.86231086385834,19.14660307858078],[72.86165380716461,19.145963152541196],[72.86165497090315,19.145872840382204]]},"properties":{"id":"L00050","strahler":1,"length_m":592.8,"drop_m":15.39,"gradient":0.02597,"area_ha":24.11,"on_drain_share":0.0,"downstream":"L00056"}},{"type":"Feature","geometry":{"type":"LineString","coordinates":[[72.89887693781921,19.14865078602757],[72.89887922513847,19.14847015739463],[72.89859412810225,19.148466896549817],[72.89831246298397,19.148192692406028],[72.89831818262195,19.14774112095819],[72.89775485652936,19.147192711754645],[72.89776629803391,19.146289569061416],[72.89748349348024,19.146105678330134],[72.89748807046975,19.14574442128476]]},"properties":{"id":"L00061","strahler":1,"length_m":405.6,"drop_m":13.57,"gradient":0.03347,"area_ha":13.16,"on_drain_share":0.0,"downstream":"L00069"}},{"type":"Feature","geometry":{"type":"LineString","coordinates":[[72.88576367076959,19.14841001493395],[72.88586100374238,19.14823048144305],[72.88586330517025,19.148049854320078],[72.88576942461367,19.147958447156643],[72.88578323317887,19.146874684393904],[72.88550159375411,19.1466004628355],[72.88541001585044,19.146328428467825]]},"properties":{"id":"L00047","strahler":1,"length_m":254.9,"drop_m":11.17,"gradient":0.04383,"area_ha":10.26,"on_drain_share":0.0,"downstream":"L00112"}},{"type":"Feature","geometry":{"type":"LineString","coordinates":[[72.84286174661366,19.143936985100183],[72.84285705123966,19.144298229338762],[72.8430447567208,19.14448108259125],[72.84303771400168,19.145022948976912],[72.84245933362538,19.145648431936237],[72.84226927915489,19.14564620006136],[72.84217307760912,19.145735395053606],[72.84207570157483,19.14591490098022],[72.84216603154765,19.146277261053235],[72.84187859977759,19.146454534565073],[72.84187390159879,19.146815778470106],[72.84215546200936,19.147090059988173],[72.84215076426493,19.147451303934407],[72.84176595262392,19.147808082786856],[72.84081566860964,19.14779691665582]]},"properties":{"id":"L00034","strahler":3,"length_m":642.8,"drop_m":2.37,"gradient":0.00369,"area_ha":149.24,"on_drain_share":0.0,"downstream":"L00020"}},{"type":"Feature","geometry":{"type":"LineString","coordinates":[[72.86894435411892,19.148125357084538],[72.86866274339502,19.147851112205597],[72.86866854357535,19.147399549423458],[72.86857467376606,19.14730813440933],[72.8683846141341,19.14730592935245],[72.86838693445723,19.14712530426457],[72.8681991955614,19.146942473964465],[72.86820151603881,19.146761848891334],[72.86810764683597,19.14667043369231],[72.8681169288451,19.145947933398734],[72.86792919147062,19.145765102958453],[72.86784228498247,19.145131812503354],[72.8675606808164,19.14485756651879],[72.86756300171608,19.144676941480103],[72.86746913395737,19.144585526083553],[72.86727907757944,19.1445833201848],[72.86728604101165,19.144041445140864],[72.8670044395153,19.143767198541052],[72.86700676087762,19.14358657354664],[72.86672399976769,19.143402639109066],[72.86672748218747,19.143131701654948],[72.86644588309017,19.142857454412148],[72.866450526766,19.142496204515712],[72.86616892913861,19.14222195697934],[72.86617821725841,19.14149945725215],[72.86637059172807,19.14132103898389],[72.86627672639317,19.141229623194178]]},"properties":{"id":"L00120","strahler":1,"length_m":926.0,"drop_m":15.77,"gradient":0.01703,"area_ha":28.45,"on_drain_share":0.0,"downstream":"L00146"}},{"type":"Feature","geometry":{"type":"LineString","coordinates":[[72.84073474276988,19.14671206895386],[72.84073356759582,19.146802379860702],[72.84101630094905,19.146986352020253],[72.84101395086435,19.14716697386124],[72.84110780388724,19.14725840148208],[72.84100807553688,19.147618528446976],[72.84081566860964,19.14779691665582]]},"properties":{"id":"L00035","strahler":2,"length_m":154.9,"drop_m":1.92,"gradient":0.01243,"area_ha":9.69,"on_drain_share":0.0,"downstream":"L00020"}},{"type":"Feature","geometry":{"type":"LineString","coordinates":[[72.90649550792243,19.14747317315506],[72.90648981061487,19.147924746989258]]},"properties":{"id":"L00036","strahler":1,"length_m":50.0,"drop_m":0.0,"gradient":0.0,"area_ha":6.09,"on_drain_share":0.0,"downstream":"L00011"}},{"type":"Feature","geometry":{"type":"LineString","coordinates":[[72.91100977986817,19.14373078244464],[72.90648981061487,19.147924746989258]]},"properties":{"id":"L00037","strahler":2,"length_m":664.7,"drop_m":0.0,"gradient":0.0,"area_ha":11.32,"on_drain_share":0.0,"downstream":"L00011"}},{"type":"Feature","geometry":{"type":"LineString","coordinates":[[72.92673413668194,19.14797366163111],[72.9265474548484,19.147700568877497],[72.92655309752317,19.147248989250365],[72.92684158262934,19.146981258692616],[72.92685173747824,19.14616841513132],[72.92714022008953,19.145900683852805],[72.92714247630488,19.145720051901495],[72.92733479729753,19.14554156405239],[72.92780995941537,19.145546923458667],[72.92800227954218,19.145368434820835],[72.9274377250891,19.144910424044692],[72.9274433644563,19.1444588440254]]},"properties":{"id":"L00082","strahler":1,"length_m":520.4,"drop_m":6.02,"gradient":0.01157,"area_ha":23.9,"on_drain_share":0.0,"downstream":"L00106"}},{"type":"Feature","geometry":{"type":"LineString","coordinates":[[72.8216378571719,19.14621566378257],[72.82201085019612,19.146762028843924]]},"properties":{"id":"L00038","strahler":1,"length_m":76.6,"drop_m":0.13,"gradient":0.00164,"area_ha":4.86,"on_drain_share":0.0,"downstream":"L00013"}},{"type":"Feature","geometry":{"type":"LineString","coordinates":[[72.8237414642277,19.145247030096204],[72.82326159680062,19.14560264125993],[72.82325922758334,19.145783260997938],[72.82306680593122,19.145961628967793],[72.82306443645413,19.146142248675297],[72.8222080148053,19.14622242300527],[72.82220445912601,19.146493352402192],[72.82201085019612,19.146762028843924]]},"properties":{"id":"L00039","strahler":1,"length_m":303.1,"drop_m":2.96,"gradient":0.00977,"area_ha":8.61,"on_drain_share":0.0,"downstream":"L00013"}},{"type":"Feature","geometry":{"type":"LineString","coordinates":[[72.93281856086143,19.147861565054846],[72.93282306140763,19.1475002999243],[72.93254246092148,19.14713582680795],[72.93254583665336,19.146864877987493]]},"properties":{"id":"L00049","strahler":1,"length_m":122.4,"drop_m":0.7,"gradient":0.00575,"area_ha":5.15,"on_drain_share":0.0,"downstream":"L00054"}},{"type":"Feature","geometry":{"type":"LineString","coordinates":[[72.93700455736032,19.147547300366735],[72.9370984686981,19.147638683982283],[72.93719462564907,19.147549434492824],[72.93766979648147,19.14755476894916],[72.93776595310258,19.147465519126374],[72.93795489905672,19.147557969034004],[72.93881132899124,19.147477250011885],[72.93928201362644,19.147843846877215],[72.93956711698847,19.147847044507653],[72.9396610300269,19.147938426957527],[72.94004228938473,19.147852372910112]]},"properties":{"id":"L00041","strahler":2,"length_m":365.6,"drop_m":1.24,"gradient":0.00339,"area_ha":40.29,"on_drain_share":0.0,"downstream":null}},{"type":"Feature","geometry":{"type":"LineString","coordinates":[[72.82763752890446,19.145293136087712],[72.82753659145696,19.145743563173614],[72.82772073318472,19.146197360966088],[72.82733589698681,19.1465541068501]]},"properties":{"id":"L00040","strahler":1,"length_m":169.0,"drop_m":4.08,"gradient":0.02417,"area_ha":7.6,"on_drain_share":0.0,"downstream":null}},{"type":"Feature","geometry":{"type":"LineString","coordinates":[[72.88435316848785,19.147219529432867],[72.88435777433695,19.146858275496417],[72.88464516856462,19.146680931151945],[72.88483868299721,19.146412178774888],[72.88531383465389,19.146417648268613],[72.88541001585044,19.146328428467825]]},"properties":{"id":"L00046","strahler":1,"length_m":180.7,"drop_m":5.63,"gradient":0.03115,"area_ha":8.42,"on_drain_share":0.0,"downstream":"L00112"}},{"type":"Feature","geometry":{"type":"LineString","coordinates":[[72.933311728718,19.14642184986053],[72.93350179527418,19.14642398768464],[72.9336896126766,19.146606758000065],[72.93387967948998,19.146608895453245],[72.9340674975373,19.146791665437338],[72.93425756460782,19.146793802519596],[72.93435147390231,19.146885187365555],[72.93492167561348,19.146891597172548],[72.93520228134896,19.147256067112913],[72.93586077771576,19.147805440857315],[72.93624091463474,19.147809711334013],[72.936625543914,19.14745271502376],[72.93700455736032,19.147547300366735]]},"properties":{"id":"L00044","strahler":2,"length_m":478.7,"drop_m":5.67,"gradient":0.01185,"area_ha":27.74,"on_drain_share":0.0,"downstream":"L00041"}},{"type":"Feature","geometry":{"type":"LineString","coordinates":[[72.84054703783332,19.14652921338282],[72.84073474276988,19.14671206895386]]},"properties":{"id":"L00042","strahler":1,"length_m":28.3,"drop_m":0.01,"gradient":0.00037,"area_ha":4.05,"on_drain_share":0.0,"downstream":"L00035"}},{"type":"Feature","geometry":{"type":"LineString","coordinates":[[72.840740618541,19.146260514405324],[72.84073474276988,19.14671206895386]]},"properties":{"id":"L00043","strahler":1,"length_m":50.0,"drop_m":-0.63,"gradient":0.0,"area_ha":4.24,"on_drain_share":0.0,"downstream":"L00035"}},{"type":"Feature","geometry":{"type":"LineString","coordinates":[[72.93635167351344,19.14654634798565],[72.93653949448398,19.146729115690597],[72.9365361252959,19.147000065199816],[72.93700455736032,19.147547300366735]]},"properties":{"id":"L00045","strahler":1,"length_m":139.0,"drop_m":1.84,"gradient":0.01325,"area_ha":6.18,"on_drain_share":0.0,"downstream":"L00041"}},{"type":"Feature","geometry":{"type":"LineString","coordinates":[[72.89291169602497,19.146866249277938],[72.89291513638507,19.14659530731655],[72.89320481560028,19.146237320635272],[72.89349220068712,19.14605996142121],[72.89350366464993,19.145156821099064],[72.8932220138192,19.144882610393722],[72.89322545328875,19.144611668319698],[72.89237936070117,19.143879348207875],[72.89209886088342,19.14351482215684],[72.8921011549148,19.143334194212603],[72.89181950940724,19.14305998182291],[72.89182753926201,19.14242778408426],[72.89211606548925,19.142160112482188],[72.8921195062361,19.141889170521544]]},"properties":{"id":"L00115","strahler":1,"length_m":679.4,"drop_m":9.91,"gradient":0.01459,"area_ha":24.28,"on_drain_share":0.0,"downstream":"L00130"}},{"type":"Feature","geometry":{"type":"LineString","coordinates":[[72.9309268900559,19.147117639964662],[72.93111695712153,19.147119780329454],[72.9313092760492,19.146941288093046],[72.93159437642338,19.146944497945103],[72.9318761000194,19.1472186560591],[72.93225623463594,19.147222934650962],[72.93254583665336,19.146864877987493]]},"properties":{"id":"L00048","strahler":1,"length_m":213.1,"drop_m":2.94,"gradient":0.01381,"area_ha":8.55,"on_drain_share":0.0,"downstream":"L00054"}},{"type":"Feature","geometry":{"type":"LineString","coordinates":[[72.87466931973886,19.146385150505076],[72.875052907897,19.14611860838458],[72.87515025025323,19.145939081516737]]},"properties":{"id":"L00052","strahler":1,"length_m":76.6,"drop_m":4.07,"gradient":0.0531,"area_ha":5.08,"on_drain_share":0.0,"downstream":"L00064"}},{"type":"Feature","geometry":{"type":"LineString","coordinates":[[72.88541001585044,19.146328428467825],[72.88560237793381,19.146149988682875],[72.88588746859921,19.146153269298686],[72.88607982999868,19.14597482894154],[72.886087883027,19.145342633749994],[72.88618406316519,19.145253413434236],[72.88637412264755,19.145255599860725],[72.88637527289293,19.145165286240523],[72.88609248461503,19.144981379333853],[72.8861120402084,19.14344604789517],[72.88630554809617,19.143177293293892],[72.88649560521702,19.143179479367078],[72.88668796224056,19.143001037925544],[72.88669601160547,19.142368842280877]]},"properties":{"id":"L00112","strahler":2,"length_m":565.6,"drop_m":14.13,"gradient":0.02499,"area_ha":33.0,"on_drain_share":0.0,"downstream":"L00138"}},{"type":"Feature","geometry":{"type":"LineString","coordinates":[[72.93254583665336,19.146864877987493],[72.93254921232824,19.146593929158488],[72.93274152920138,19.14641543521039],[72.933311728718,19.14642184986053]]},"properties":{"id":"L00054","strahler":2,"length_m":118.3,"drop_m":2.41,"gradient":0.02039,"area_ha":14.09,"on_drain_share":0.0,"downstream":"L00044"}},{"type":"Feature","geometry":{"type":"LineString","coordinates":[[72.86165497090315,19.145872840382204],[72.86079971403122,19.145862884599108],[72.86051812155982,19.14558862884094],[72.86004297995511,19.145583095481268],[72.85966752593538,19.14521741972503],[72.85928741370039,19.14521299145897],[72.85919355068624,19.145121572249156],[72.8587125843338,19.145567595548528]]},"properties":{"id":"L00056","strahler":2,"length_m":363.8,"drop_m":5.73,"gradient":0.01575,"area_ha":38.19,"on_drain_share":0.0,"downstream":"L00033"}},{"type":"Feature","geometry":{"type":"LineString","coordinates":[[72.86242101620876,19.145430125596977],[72.86213360424102,19.145607433088635],[72.86194005664501,19.14587615809338],[72.86165497090315,19.145872840382204]]},"properties":{"id":"L00051","strahler":1,"length_m":106.6,"drop_m":5.22,"gradient":0.04902,"area_ha":8.4,"on_drain_share":0.0,"downstream":"L00056"}},{"type":"Feature","geometry":{"type":"LineString","coordinates":[[72.88019258827174,19.145545693561868],[72.87848205773496,19.145525950848914],[72.87828853489987,19.14579469565898],[72.87800229141608,19.14588171644013],[72.87780992234345,19.146060147510543],[72.87743326914409,19.145784817307252],[72.87581776859793,19.14576614735447],[72.87553036809047,19.14594347714106],[72.87515025025323,19.145939081516737]]},"properties":{"id":"L00053","strahler":1,"length_m":581.4,"drop_m":18.78,"gradient":0.03229,"area_ha":16.85,"on_drain_share":0.0,"downstream":"L00064"}},{"type":"Feature","geometry":{"type":"LineString","coordinates":[[72.85338867828523,19.14568612299517],[72.85301207179344,19.145410746690725],[72.85301674536629,19.14504950007685],[72.85264014090633,19.144774123192736],[72.8521661729127,19.144678258088735],[72.85178255668153,19.14494474918485],[72.85140712399132,19.144579058425172],[72.85140829321267,19.144488746860365],[72.85103286235427,19.144123055499602],[72.85103520113748,19.143942432404597],[72.851131397274,19.143853232185325],[72.85113841311653,19.143311362837824]]},"properties":{"id":"L00085","strahler":1,"length_m":468.7,"drop_m":3.69,"gradient":0.00786,"area_ha":9.73,"on_drain_share":0.0,"downstream":"L00102"}},{"type":"Feature","geometry":{"type":"LineString","coordinates":[[72.87515025025323,19.145939081516737],[72.87486747503728,19.145755158405183],[72.87458701382462,19.145390609062876]]},"properties":{"id":"L00064","strahler":2,"length_m":90.7,"drop_m":-0.89,"gradient":0.0,"area_ha":24.61,"on_drain_share":0.0,"downstream":"L00137"}},{"type":"Feature","geometry":{"type":"LineString","coordinates":[[72.90233007857108,19.146161075347475],[72.90007675750174,19.14396747598767],[72.89998172765401,19.14396638995299]]},"properties":{"id":"L00087","strahler":1,"length_m":349.4,"drop_m":0.0,"gradient":0.0,"area_ha":11.97,"on_drain_share":0.0,"downstream":"L00070"}},{"type":"Feature","geometry":{"type":"LineString","coordinates":[[72.83106083363768,19.14515293071504],[72.83108089828215,19.14361765474071]]},"properties":{"id":"L00076","strahler":1,"length_m":170.0,"drop_m":-1.12,"gradient":0.0,"area_ha":5.76,"on_drain_share":0.0,"downstream":"L00092"}},{"type":"Feature","geometry":{"type":"LineString","coordinates":[[72.85872190665046,19.144845099612077],[72.8587125843338,19.145567595548528]]},"properties":{"id":"L00055","strahler":2,"length_m":80.0,"drop_m":-0.76,"gradient":0.0,"area_ha":22.22,"on_drain_share":0.0,"downstream":"L00033"}},{"type":"Feature","geometry":{"type":"LineString","coordinates":[[72.93188960701802,19.146134861193254],[72.93264987139575,19.14614341707073],[72.93293722058377,19.145965992104706],[72.93312503683765,19.1461487628992],[72.93312278707697,19.146329395527435],[72.933311728718,19.14642184986053]]},"properties":{"id":"L00057","strahler":1,"length_m":190.7,"drop_m":2.37,"gradient":0.01245,"area_ha":6.25,"on_drain_share":0.0,"downstream":"L00044"}},{"type":"Feature","geometry":{"type":"LineString","coordinates":[[72.84570433207855,19.144602609156163],[72.84607975097985,19.14496831035436],[72.84607740667057,19.145148932839216],[72.84626511692069,19.145331783224837]]},"properties":{"id":"L00058","strahler":1,"length_m":104.9,"drop_m":0.12,"gradient":0.00118,"area_ha":5.77,"on_drain_share":0.0,"downstream":"L00027"}},{"type":"Feature","geometry":{"type":"LineString","coordinates":[[72.84789814912898,19.143996042178877],[72.84732798942346,19.143989363389167],[72.84703939495199,19.144256957258946],[72.84684934149945,19.14425473027498],[72.84617595015611,19.144879113059062],[72.84626511692069,19.145331783224837]]},"properties":{"id":"L00059","strahler":3,"length_m":275.6,"drop_m":0.18,"gradient":0.00067,"area_ha":483.88,"on_drain_share":0.0,"downstream":"L00027"}},{"type":"Feature","geometry":{"type":"LineString","coordinates":[[72.91605660497284,19.14297513359249],[72.91605320307406,19.143246079686055],[72.91576470944844,19.143513792364274],[72.915760172798,19.143875053731993],[72.91537664666124,19.144141687698635],[72.91537210900611,19.144502948952187],[72.91574656223386,19.144958837743843],[72.9157374880137,19.145681360342316],[72.91583138554815,19.145772753650927],[72.91582684846583,19.146134014945414]]},"properties":{"id":"L00062","strahler":1,"length_m":405.6,"drop_m":9.92,"gradient":0.02445,"area_ha":16.83,"on_drain_share":0.0,"downstream":"L00031"}},{"type":"Feature","geometry":{"type":"LineString","coordinates":[[72.91650001027222,19.145509352097786],[72.91582684846583,19.146134014945414]]},"properties":{"id":"L00063","strahler":1,"length_m":99.0,"drop_m":0.0,"gradient":0.0,"area_ha":4.13,"on_drain_share":0.0,"downstream":"L00031"}},{"type":"Feature","geometry":{"type":"LineString","coordinates":[[72.82963780297493,19.144955478381874],[72.83108089828215,19.14361765474071]]},"properties":{"id":"L00075","strahler":1,"length_m":212.1,"drop_m":0.82,"gradient":0.00387,"area_ha":11.48,"on_drain_share":0.0,"downstream":"L00092"}},{"type":"Feature","geometry":{"type":"LineString","coordinates":[[72.89748807046975,19.14574442128476],[72.89749379156174,19.145292849956636],[72.89711824739095,19.144927242902018]]},"properties":{"id":"L00069","strahler":2,"length_m":106.6,"drop_m":0.4,"gradient":0.00372,"area_ha":34.89,"on_drain_share":0.0,"downstream":"L00101"}},{"type":"Feature","geometry":{"type":"LineString","coordinates":[[72.85016475157569,19.14510647756839],[72.8501670914328,19.144925854595936],[72.84988434966806,19.144741895842426],[72.84950190041283,19.144918070349863],[72.84931184589496,19.144915845838],[72.84865250894673,19.144456501504703],[72.84818322907071,19.14399938091144],[72.84789814912898,19.143996042178877]]},"properties":{"id":"L00072","strahler":1,"length_m":318.0,"drop_m":2.99,"gradient":0.0094,"area_ha":11.86,"on_drain_share":0.0,"downstream":"L00059"}},{"type":"Feature","geometry":{"type":"LineString","coordinates":[[72.87458701382462,19.145390609062876],[72.87439926917438,19.145207784600668],[72.87440620961334,19.144665907076497],[72.87412459422418,19.14439167017498],[72.87412806476173,19.144120731441646],[72.87384645070765,19.14384649423203],[72.87384992159254,19.14357555553175],[72.87365986557943,19.143573356341467],[72.87337825320911,19.14329911856292],[72.87309316976145,19.143295819018213],[72.87290658647832,19.14302268052643],[72.87271653121483,19.143020480421903],[72.87272231879413,19.142568916208642],[72.87225181301817,19.142202163952287],[72.8719667316631,19.142198862842452],[72.87178015139845,19.14192572347396],[72.87159009753006,19.14192352232607],[72.87130849143131,19.141649281928203],[72.8711219128437,19.14137614204009],[72.87112538769095,19.141105203748328],[72.87131775689103,19.140926779731263],[72.87132238946442,19.140565528609894],[72.87104078591774,19.1402912880293]]},"properties":{"id":"L00137","strahler":2,"length_m":810.1,"drop_m":18.55,"gradient":0.0229,"area_ha":46.22,"on_drain_share":0.0,"downstream":"L00140"}},{"type":"Feature","geometry":{"type":"LineString","coordinates":[[72.87583742006736,19.144230826288663],[72.87526031166179,19.14476611193059],[72.87525799912429,19.14494673787428],[72.87496944317904,19.145214379830264],[72.87458701382462,19.145390609062876]]},"properties":{"id":"L00065","strahler":1,"length_m":195.6,"drop_m":0.14,"gradient":0.00071,"area_ha":5.97,"on_drain_share":0.0,"downstream":"L00137"}},{"type":"Feature","geometry":{"type":"LineString","coordinates":[[72.92590818313354,19.145615794379918],[72.92629282682834,19.14525882124729],[72.92667295561098,19.145263110964354],[72.9269625649052,19.14490506384738]]},"properties":{"id":"L00071","strahler":1,"length_m":149.0,"drop_m":3.2,"gradient":0.02146,"area_ha":6.23,"on_drain_share":0.0,"downstream":"L00081"}},{"type":"Feature","geometry":{"type":"LineString","coordinates":[[72.85872656765139,19.14448385162094],[72.85872190665046,19.144845099612077]]},"properties":{"id":"L00066","strahler":1,"length_m":40.0,"drop_m":2.4,"gradient":0.06001,"area_ha":4.73,"on_drain_share":0.0,"downstream":"L00055"}},{"type":"Feature","geometry":{"type":"LineString","coordinates":[[72.86197845123252,19.14289585575568],[72.86216617848461,19.143078691383604],[72.8621568720817,19.143801189089967],[72.86186829938846,19.144068808633996],[72.86129813419709,19.144062173149123],[72.86110575134467,19.1442405852162],[72.85977536555353,19.144225094018683],[72.85958298102645,19.144403504309828],[72.85948911824333,19.144312085272322],[72.85929906317129,19.144309871153524],[72.85872190665046,19.144845099612077]]},"properties":{"id":"L00067","strahler":1,"length_m":526.3,"drop_m":16.88,"gradient":0.03208,"area_ha":16.14,"on_drain_share":0.0,"downstream":"L00055"}},{"type":"Feature","geometry":{"type":"LineString","coordinates":[[72.82091440827135,19.143407046946805],[72.82053193803873,19.143583158408717],[72.82052719417759,19.143944397302047],[72.8202397472819,19.144121635097743],[72.8199546724169,19.144118253011012]]},"properties":{"id":"L00068","strahler":1,"length_m":156.6,"drop_m":0.94,"gradient":0.00601,"area_ha":5.59,"on_drain_share":0.0,"downstream":null}},{"type":"Feature","geometry":{"type":"LineString","coordinates":[[72.89711824739095,19.144927242902018],[72.89693047592502,19.14474443914082],[72.89693734264941,19.144202553680028],[72.89665454246455,19.144018662060237],[72.89617939419098,19.144013222536856],[72.89589774024415,19.143739015667272],[72.89580843581217,19.14328635654872],[72.89552678364626,19.143012149266326]]},"properties":{"id":"L00101","strahler":3,"length_m":315.6,"drop_m":2.42,"gradient":0.00765,"area_ha":102.45,"on_drain_share":0.0,"downstream":"L00178"}},{"type":"Feature","geometry":{"type":"LineString","coordinates":[[72.89998172765401,19.14396638995299],[72.89950086332298,19.144412531022287],[72.89826547295097,19.14439840455882],[72.89797695135124,19.144666086339186],[72.89750180082007,19.14466065005726],[72.89711824739095,19.144927242902018]]},"properties":{"id":"L00070","strahler":2,"length_m":345.6,"drop_m":14.67,"gradient":0.04244,"area_ha":61.4,"on_drain_share":0.0,"downstream":"L00101"}},{"type":"Feature","geometry":{"type":"LineString","coordinates":[[72.8530284288381,19.14414638347532],[72.85207815872207,19.144135277613763],[72.85170506496277,19.143588964362138],[72.85132495844452,19.143584519994196],[72.85113841311653,19.143311362837824]]},"properties":{"id":"L00086","strahler":1,"length_m":254.9,"drop_m":4.17,"gradient":0.01635,"area_ha":8.66,"on_drain_share":0.0,"downstream":"L00102"}},{"type":"Feature","geometry":{"type":"LineString","coordinates":[[72.88866403032556,19.144559311616774],[72.88895371398519,19.144201332106903],[72.88924109915479,19.14402397960788]]},"properties":{"id":"L00083","strahler":1,"length_m":90.7,"drop_m":1.14,"gradient":0.01259,"area_ha":6.9,"on_drain_share":0.0,"downstream":"L00128"}},{"type":"Feature","geometry":{"type":"LineString","coordinates":[[72.9268697892729,19.14472335972111],[72.92686753288747,19.144903991660694],[72.9269625649052,19.14490506384738]]},"properties":{"id":"L00074","strahler":1,"length_m":30.0,"drop_m":0.31,"gradient":0.01017,"area_ha":4.21,"on_drain_share":0.0,"downstream":"L00081"}},{"type":"Feature","geometry":{"type":"LineString","coordinates":[[72.9269625649052,19.14490506384738],[72.9274433644563,19.1444588440254]]},"properties":{"id":"L00081","strahler":2,"length_m":70.7,"drop_m":0.5,"gradient":0.00708,"area_ha":12.27,"on_drain_share":0.0,"downstream":"L00106"}},{"type":"Feature","geometry":{"type":"LineString","coordinates":[[72.8396461387025,19.142724985492595],[72.83963673449826,19.14344747251285],[72.83991828572104,19.143721756632516],[72.84010833769315,19.143723990722457],[72.84020218842363,19.143815418598216],[72.84067731876078,19.14382100274761],[72.84106212231383,19.143464225356826],[72.841252174135,19.143466458235388],[72.84163580123149,19.143199990421376],[72.84182585282234,19.14320222267727],[72.84201825291024,19.143023832698553],[72.84230333007609,19.14302718038615]]},"properties":{"id":"L00090","strahler":1,"length_m":413.8,"drop_m":3.88,"gradient":0.00938,"area_ha":12.28,"on_drain_share":0.0,"downstream":"L00077"}},{"type":"Feature","geometry":{"type":"LineString","coordinates":[[72.84230333007609,19.14302718038615],[72.84286526807479,19.143666051911215],[72.84286174661366,19.143936985100183]]},"properties":{"id":"L00077","strahler":2,"length_m":124.9,"drop_m":-0.9,"gradient":0.0,"area_ha":21.09,"on_drain_share":0.0,"downstream":"L00034"}},{"type":"Feature","geometry":{"type":"LineString","coordinates":[[72.84346593377872,19.141324655552637],[72.84307996674904,19.141771750146916],[72.84307527242213,19.142132994522512],[72.84382491587635,19.142954716135332],[72.84295912044871,19.143757478523867],[72.84286174661366,19.143936985100183]]},"properties":{"id":"L00078","strahler":2,"length_m":387.0,"drop_m":1.53,"gradient":0.00396,"area_ha":112.85,"on_drain_share":0.0,"downstream":"L00034"}},{"type":"Feature","geometry":{"type":"LineString","coordinates":[[72.85019984666692,19.14239713258042],[72.84962267118446,19.142932330327906],[72.84961682066827,19.14338388768766],[72.84951945392109,19.143563398527196],[72.84932823066065,19.143651485634894],[72.84913817761431,19.14364926108483],[72.84904432154687,19.143557837302904],[72.84885192753858,19.14373623531286],[72.84837679487883,19.143730672315076],[72.84818440000743,19.143909069532764],[72.84799434680956,19.143906843771415],[72.84789814912898,19.143996042178877]]},"properties":{"id":"L00079","strahler":3,"length_m":358.0,"drop_m":1.64,"gradient":0.00457,"area_ha":466.25,"on_drain_share":0.0,"downstream":"L00059"}},{"type":"Feature","geometry":{"type":"LineString","coordinates":[[72.86975560869605,19.14416041829938],[72.86938013401338,19.143794760590655],[72.86928510615512,19.143793658697412],[72.8690046609824,19.143429102260633],[72.86900929924086,19.14306785178271],[72.86872653640245,19.14288392029015],[72.86844725369201,19.14242905064014],[72.86825719966093,19.14242684599119],[72.8681633326223,19.14233543101493],[72.86816565253693,19.142154805855668],[72.86788057202337,19.142151498417494],[72.86788173212571,19.142061185853226],[72.86684920491923,19.14105561727138]]},"properties":{"id":"L00124","strahler":2,"length_m":509.4,"drop_m":7.15,"gradient":0.01403,"area_ha":36.62,"on_drain_share":0.0,"downstream":"L00123"}},{"type":"Feature","geometry":{"type":"LineString","coordinates":[[72.8708971048891,19.144083322382713],[72.86994682400774,19.1440723089246],[72.86975560869605,19.14416041829938]]},"properties":{"id":"L00080","strahler":1,"length_m":124.1,"drop_m":6.66,"gradient":0.05364,"area_ha":6.55,"on_drain_share":0.0,"downstream":"L00124"}},{"type":"Feature","geometry":{"type":"LineString","coordinates":[[72.82540778607479,19.141382826363795],[72.82626299987231,19.14139294454149],[72.82625945177533,19.141663874812878],[72.82606703827086,19.1418422467914],[72.82606467260653,19.142022866940895],[72.82596846558296,19.142112052824704],[72.82596255101434,19.1425636031484],[72.82577013607496,19.142741974665135],[72.82576776996784,19.142922594761263],[72.82642466347957,19.143562634689772],[72.82689978874815,19.143568254376813],[72.82795924748369,19.142496891243503],[72.82815875022706,19.14177665597258],[72.8285435726347,19.141419906925076],[72.82854593552256,19.14123928646568],[72.82835943244389,19.140966110040207]]},"properties":{"id":"L00119","strahler":1,"length_m":798.4,"drop_m":8.03,"gradient":0.01006,"area_ha":16.88,"on_drain_share":0.0,"downstream":null}},{"type":"Feature","geometry":{"type":"LineString","coordinates":[[72.83108089828215,19.14361765474071],[72.83204294891789,19.142725764638516]]},"properties":{"id":"L00092","strahler":2,"length_m":141.4,"drop_m":1.85,"gradient":0.01306,"area_ha":17.81,"on_drain_share":0.0,"downstream":"L00097"}},{"type":"Feature","geometry":{"type":"LineString","coordinates":[[72.88924109915479,19.14402397960788],[72.88925258492591,19.143120841566542],[72.88906482481617,19.14293803075249],[72.88897898551942,19.142214428697763],[72.88841800798198,19.14148536772989],[72.88842260350191,19.14112411261755],[72.88832872491133,19.141032706939264]]},"properties":{"id":"L00128","strahler":2,"length_m":371.4,"drop_m":3.94,"gradient":0.01062,"area_ha":41.92,"on_drain_share":0.0,"downstream":"L00136"}},{"type":"Feature","geometry":{"type":"LineString","coordinates":[[72.9274433644563,19.1444588440254],[72.92754065185318,19.144279283865203],[72.92755418491508,19.14319549163386],[72.9276503436587,19.14310624734279]]},"properties":{"id":"L00106","strahler":2,"length_m":158.3,"drop_m":-0.78,"gradient":0.0,"area_ha":37.95,"on_drain_share":0.0,"downstream":"L00127"}},{"type":"Feature","geometry":{"type":"LineString","coordinates":[[72.93742286025389,19.144480805354334],[72.93790363315539,19.144034555367565],[72.93799866533985,19.144035621802356],[72.93801325196607,19.14286150573744],[72.93810940543811,19.142772255420365],[72.93811277125722,19.142501305517353],[72.93754931679868,19.141953007382227],[72.93755043899758,19.141862690772772],[72.93745540808358,19.141861624222546],[72.93670414207925,19.141130557534417],[72.93642466450954,19.14067577376715]]},"properties":{"id":"L00148","strahler":1,"length_m":535.3,"drop_m":3.21,"gradient":0.00599,"area_ha":13.61,"on_drain_share":0.0,"downstream":"L00160"}},{"type":"Feature","geometry":{"type":"LineString","coordinates":[[72.90302268596992,19.144001118726194],[72.90216855735152,19.14390104178417],[72.90198078081633,19.14371824274911]]},"properties":{"id":"L00089","strahler":1,"length_m":122.4,"drop_m":0.0,"gradient":0.0,"area_ha":15.2,"on_drain_share":0.0,"downstream":"L00088"}},{"type":"Feature","geometry":{"type":"LineString","coordinates":[[72.93267349777489,19.14424677481451],[72.93305250098317,19.144341367448813],[72.9342075000217,19.14318007852001]]},"properties":{"id":"L00108","strahler":1,"length_m":223.8,"drop_m":4.25,"gradient":0.01899,"area_ha":9.34,"on_drain_share":0.0,"downstream":"L00147"}},{"type":"Feature","geometry":{"type":"LineString","coordinates":[[72.85113841311653,19.143311362837824],[72.85019984666692,19.14239713258042]]},"properties":{"id":"L00102","strahler":2,"length_m":141.4,"drop_m":0.23,"gradient":0.00163,"area_ha":20.18,"on_drain_share":0.0,"downstream":"L00079"}},{"type":"Feature","geometry":{"type":"LineString","coordinates":[[72.87841127371618,19.143628277224916],[72.87869866734732,19.143450942204044],[72.87870213023754,19.14318000263668],[72.87860825648943,19.143088592410585],[72.87870559306931,19.14290906306074],[72.87871251855738,19.142367183883113],[72.87909724513455,19.142010318461413],[72.87938232748903,19.142013608483154],[72.8795769973247,19.141654548565903],[72.87958853412063,19.140751415949715],[72.88007058817801,19.140215017675647],[72.87988514900336,19.139851572123423],[72.8798897626609,19.13949031894536]]},"properties":{"id":"L00158","strahler":1,"length_m":570.4,"drop_m":20.45,"gradient":0.03586,"area_ha":16.0,"on_drain_share":0.0,"downstream":"L00245"}},{"type":"Feature","geometry":{"type":"LineString","coordinates":[[72.90198078081633,19.14371824274911],[72.90150563177336,19.143712817074217],[72.90122396861554,19.143438617575733],[72.90065493338142,19.143341789892276],[72.89998172765401,19.14396638995299]]},"properties":{"id":"L00088","strahler":2,"length_m":255.6,"drop_m":0.0,"gradient":0.0,"area_ha":44.03,"on_drain_share":0.0,"downstream":"L00070"}},{"type":"Feature","geometry":{"type":"LineString","coordinates":[[72.90514640523719,19.141405838247167],[72.90331918539731,19.143101225740825],[72.90312912630363,19.143099057068934],[72.90235975870934,19.143812896971617],[72.90198078081633,19.14371824274911]]},"properties":{"id":"L00091","strahler":1,"length_m":446.0,"drop_m":0.0,"gradient":0.0,"area_ha":11.72,"on_drain_share":0.0,"downstream":"L00088"}},{"type":"Feature","geometry":{"type":"LineString","coordinates":[[72.88468545944774,19.143519957907774],[72.88583730774725,19.142629945585075],[72.88640747713515,19.14263650448801],[72.88669601160547,19.142368842280877]]},"properties":{"id":"L00111","strahler":1,"length_m":263.8,"drop_m":14.8,"gradient":0.0561,"area_ha":8.71,"on_drain_share":0.0,"downstream":"L00138"}},{"type":"Feature","geometry":{"type":"LineString","coordinates":[[72.8321367942485,19.142817196154095],[72.83204294891789,19.142725764638516]]},"properties":{"id":"L00093","strahler":1,"length_m":14.1,"drop_m":0.0,"gradient":0.0,"area_ha":5.27,"on_drain_share":0.0,"downstream":"L00097"}},{"type":"Feature","geometry":{"type":"LineString","coordinates":[[72.84155486896958,19.142115142272],[72.84193496967411,19.142119606511912],[72.842216523064,19.142393887295583],[72.84221417489233,19.142574509370004],[72.84202177556661,19.1427528996338],[72.84230333007609,19.14302718038615]]},"properties":{"id":"L00094","strahler":1,"length_m":173.1,"drop_m":5.24,"gradient":0.03029,"area_ha":5.62,"on_drain_share":0.0,"downstream":"L00077"}},{"type":"Feature","geometry":{"type":"LineString","coordinates":[[72.83204294891789,19.142725764638516],[72.83176141354534,19.14245146986002]]},"properties":{"id":"L00097","strahler":2,"length_m":42.4,"drop_m":1.43,"gradient":0.03375,"area_ha":27.35,"on_drain_share":0.0,"downstream":"L00098"}},{"type":"Feature","geometry":{"type":"LineString","coordinates":[[72.91121688962738,19.142378216758875],[72.91121461651295,19.142558846941753],[72.91102228373134,19.142737316648383],[72.91101887366361,19.143008261876957],[72.91111276698565,19.14309965723393],[72.91100977986817,19.14373078244464]]},"properties":{"id":"L00095","strahler":1,"length_m":166.6,"drop_m":2.03,"gradient":0.01219,"area_ha":6.01,"on_drain_share":0.0,"downstream":"L00037"}},{"type":"Feature","geometry":{"type":"LineString","coordinates":[[72.91110594694877,19.143641547692585],[72.91100977986817,19.14373078244464]]},"properties":{"id":"L00096","strahler":1,"length_m":14.1,"drop_m":0.0,"gradient":0.0,"area_ha":4.79,"on_drain_share":0.0,"downstream":"L00037"}},{"type":"Feature","geometry":{"type":"LineString","coordinates":[[72.92830766980457,19.143745960572474],[72.9276503436587,19.14310624734279]]},"properties":{"id":"L00107","strahler":1,"length_m":99.0,"drop_m":-0.99,"gradient":0.0,"area_ha":5.23,"on_drain_share":0.0,"downstream":"L00127"}},{"type":"Feature","geometry":{"type":"LineString","coordinates":[[72.83176141354534,19.14245146986002],[72.83166756862758,19.14236003818993]]},"properties":{"id":"L00098","strahler":2,"length_m":14.1,"drop_m":0.0,"gradient":0.0,"area_ha":32.35,"on_drain_share":0.0,"downstream":"L00135"}},{"type":"Feature","geometry":{"type":"LineString","coordinates":[[72.832904069172,19.14228430023344],[72.83281022364525,19.142192869093183],[72.83262017434507,19.142190627630477],[72.83233156209593,19.14245819641074],[72.83176141354534,19.14245146986002]]},"properties":{"id":"L00099","strahler":1,"length_m":136.6,"drop_m":2.17,"gradient":0.0159,"area_ha":4.84,"on_drain_share":0.0,"downstream":"L00098"}},{"type":"Feature","geometry":{"type":"LineString","coordinates":[[72.83166756862758,19.14236003818993],[72.83082178879006,19.141627461784946],[72.83025164366373,19.1416207308326],[72.83005923405166,19.14179910742344],[72.82958411284622,19.141793496400137],[72.8290210548143,19.141244900015842],[72.82883809465278,19.140700793239233],[72.82846272624036,19.14033506131115],[72.82846627047755,19.14006413060329]]},"properties":{"id":"L00135","strahler":3,"length_m":501.1,"drop_m":0.86,"gradient":0.00172,"area_ha":69.6,"on_drain_share":0.0,"downstream":"L00155"}},{"type":"Feature","geometry":{"type":"LineString","coordinates":[[72.83367016063998,19.141841711125775],[72.8334801116332,19.141839470591503],[72.83338626598184,19.14174803973508],[72.83291114387217,19.141742437324172],[72.83223771682871,19.142366765000833],[72.83166756862758,19.14236003818993]]},"properties":{"id":"L00100","strahler":2,"length_m":243.1,"drop_m":0.93,"gradient":0.00381,"area_ha":26.7,"on_drain_share":0.0,"downstream":"L00135"}},{"type":"Feature","geometry":{"type":"LineString","coordinates":[[72.89552678364626,19.143012149266326],[72.89495660960809,19.14300561852297],[72.89476998823243,19.14273249881668],[72.89467725054436,19.142550781846253],[72.89468297825148,19.14209921117974],[72.89458909537687,19.142007808328227],[72.8945948231486,19.14155623766077],[72.89497837170818,19.141289649639102],[72.89670947472563,19.139683577843314],[72.89680679034119,19.139504036768137],[72.89699684454739,19.13950621158394],[72.89757501369404,19.13888053452812]]},"properties":{"id":"L00178","strahler":3,"length_m":688.4,"drop_m":3.49,"gradient":0.00507,"area_ha":141.33,"on_drain_share":0.0,"downstream":"L00296"}},{"type":"Feature","geometry":{"type":"LineString","coordinates":[[72.90039497853579,19.141351614413065],[72.89943326593443,19.14224389908323],[72.89905315068515,19.142239553695326],[72.8987714942239,19.141965351018687],[72.897915093096,19.142045884174976],[72.89724302805305,19.142580159510725],[72.89696137435864,19.142305954297314],[72.89638204513858,19.143021942069645],[72.89552678364626,19.143012149266326]]},"properties":{"id":"L00103","strahler":1,"length_m":650.1,"drop_m":17.54,"gradient":0.02698,"area_ha":22.98,"on_drain_share":0.0,"downstream":"L00178"}},{"type":"Feature","geometry":{"type":"LineString","coordinates":[[72.84966011058924,19.14004236266003],[72.84964373167944,19.14130672363507],[72.84973758697053,19.141398147039308],[72.84992763751548,19.141400370718525],[72.84992529786231,19.141580993731623],[72.85001915346301,19.14167241701969],[72.84991827874477,19.142122862748],[72.85019984666692,19.14239713258042]]},"properties":{"id":"L00104","strahler":1,"length_m":304.9,"drop_m":1.71,"gradient":0.0056,"area_ha":8.4,"on_drain_share":0.0,"downstream":"L00079"}},{"type":"Feature","geometry":{"type":"LineString","coordinates":[[72.85270206570952,19.139987605159178],[72.85231729343394,19.140344410302784],[72.85136704551935,19.140333302884265],[72.85136353858886,19.140604237690695],[72.85107261808854,19.141052462364954],[72.85106794133821,19.141413708673394],[72.85019984666692,19.14239713258042]]},"properties":{"id":"L00105","strahler":3,"length_m":436.3,"drop_m":3.42,"gradient":0.00785,"area_ha":432.42,"on_drain_share":0.0,"downstream":"L00079"}},{"type":"Feature","geometry":{"type":"LineString","coordinates":[[72.85647390083088,19.14228977452448],[72.85628268202481,19.142377869389236],[72.85514236766966,19.142364563133928],[72.85476693205759,19.141998878996432],[72.85476926649957,19.141818255416066],[72.85486545948332,19.14172905290568],[72.85487129518243,19.141277493905136],[72.85449586243021,19.140911809470964],[72.85449936431124,19.140640874115277],[72.85421779123605,19.140366610424906],[72.8536476416193,19.140359952448367],[72.85289445122811,19.13980920221973],[72.85270206570952,19.139987605159178]]},"properties":{"id":"L00144","strahler":1,"length_m":607.0,"drop_m":5.73,"gradient":0.00945,"area_ha":17.19,"on_drain_share":0.0,"downstream":"L00105"}},{"type":"Feature","geometry":{"type":"LineString","coordinates":[[72.9276503436587,19.14310624734279],[72.92718082808031,19.142649308147426],[72.92718533957137,19.142288044104127],[72.92690363200641,19.14201388017117],[72.9269092719064,19.14156230016302]]},"properties":{"id":"L00127","strahler":2,"length_m":203.1,"drop_m":4.61,"gradient":0.02271,"area_ha":45.27,"on_drain_share":0.0,"downstream":"L00209"}},{"type":"Feature","geometry":{"type":"LineString","coordinates":[[72.93373571578758,19.142903787144252],[72.93382849849223,19.143085488445614],[72.9342075000217,19.14318007852001]]},"properties":{"id":"L00109","strahler":1,"length_m":68.3,"drop_m":2.63,"gradient":0.03857,"area_ha":4.43,"on_drain_share":0.0,"downstream":"L00147"}},{"type":"Feature","geometry":{"type":"LineString","coordinates":[[72.9342075000217,19.14318007852001],[72.9348805864642,19.142555340456187],[72.93516567995196,19.142558544063906],[72.93517466804374,19.141836012298064],[72.93546313031509,19.141568265857497],[72.93641343686372,19.141578939292735],[72.93660574362256,19.141400440271845],[72.93660911163506,19.141129490585946],[72.93632738876056,19.140855339800456],[72.93642466450954,19.14067577376715]]},"properties":{"id":"L00147","strahler":2,"length_m":476.3,"drop_m":6.18,"gradient":0.01297,"area_ha":20.74,"on_drain_share":0.0,"downstream":"L00160"}},{"type":"Feature","geometry":{"type":"LineString","coordinates":[[72.83787947767257,19.13972349419155],[72.83662887123604,19.14088299646679],[72.83652443032273,19.141604363482575],[72.83633202676288,19.14178274731204],[72.83595192823957,19.141778271563798],[72.83585572612493,19.14186746316756],[72.83518937578124,19.141949938959257],[72.83509552903666,19.141858508878745],[72.83481045523796,19.141855150211075],[72.83443389173594,19.141579739563237],[72.83414881854092,19.14157637991664],[72.83395641273239,19.14175476100948],[72.83367016063998,19.141841711125775]]},"properties":{"id":"L00110","strahler":1,"length_m":613.6,"drop_m":2.83,"gradient":0.00461,"area_ha":16.18,"on_drain_share":0.0,"downstream":"L00100"}},{"type":"Feature","geometry":{"type":"LineString","coordinates":[[72.92175956268777,19.142949391332383],[72.92147899493612,19.14258490415149],[72.92148238785518,19.14231395710105],[72.92120295277564,19.141859153959167],[72.92121878736248,19.14059473443985],[72.92150613668431,19.140417327508327],[72.92150839833116,19.140236696096682],[72.92179687737668,19.139968972892326],[72.92180026927741,19.139698025710075]]},"properties":{"id":"L00167","strahler":1,"length_m":415.6,"drop_m":8.35,"gradient":0.0201,"area_ha":16.17,"on_drain_share":0.0,"downstream":"L00242"}},{"type":"Feature","geometry":{"type":"LineString","coordinates":[[72.87529152837013,19.14232766131737],[72.87530540093998,19.141243905266137],[72.87559394880729,19.14097626195649],[72.87559972789649,19.14052469679668],[72.87541198695507,19.140341873703452],[72.87512690820655,19.14033857780162],[72.87475027202936,19.14006324361662],[72.87437016784584,19.140058847676208],[72.8738069521457,19.139510374678057],[72.87342684946107,19.13950597690951]]},"properties":{"id":"L00157","strahler":1,"length_m":488.0,"drop_m":12.24,"gradient":0.02507,"area_ha":14.12,"on_drain_share":0.0,"downstream":"L00141"}},{"type":"Feature","geometry":{"type":"LineString","coordinates":[[72.82201182004266,19.13944580717852],[72.82143220409387,19.140161528180453],[72.82133244012716,19.140521640929304],[72.82017793325899,19.141591835903895],[72.81998788624556,19.141589581450724]]},"properties":{"id":"L00113","strahler":2,"length_m":338.7,"drop_m":-1.3,"gradient":0.0,"area_ha":57.52,"on_drain_share":0.0,"downstream":null}},{"type":"Feature","geometry":{"type":"LineString","coordinates":[[72.83426505235738,19.139951909446417],[72.83426151760249,19.140222841201506],[72.83435536301351,19.14031427158725],[72.83434947184755,19.140765824516915],[72.83415706726713,19.14094420594822],[72.83424737798599,19.14130656813582],[72.83367016063998,19.141841711125775]]},"properties":{"id":"L00114","strahler":1,"length_m":251.4,"drop_m":2.99,"gradient":0.01191,"area_ha":9.76,"on_drain_share":0.0,"downstream":"L00100"}},{"type":"Feature","geometry":{"type":"LineString","coordinates":[[72.88669601160547,19.142368842280877],[72.88670865996669,19.1413753918878],[72.88757425205355,19.140572401323528],[72.88785933350674,19.140575677963998]]},"properties":{"id":"L00138","strahler":2,"length_m":267.3,"drop_m":5.35,"gradient":0.02001,"area_ha":44.5,"on_drain_share":0.0,"downstream":"L00173"}},{"type":"Feature","geometry":{"type":"LineString","coordinates":[[72.8459400975388,19.141082698436104],[72.84498164184735,19.14170373613867],[72.84479276420494,19.141611196113715],[72.84403256379322,19.14160227889343],[72.84375100830029,19.14132800071014],[72.84346593377872,19.141324655552637]]},"properties":{"id":"L00116","strahler":2,"length_m":305.6,"drop_m":0.98,"gradient":0.00322,"area_ha":100.57,"on_drain_share":0.0,"downstream":"L00078"}},{"type":"Feature","geometry":{"type":"LineString","coordinates":[[72.92604271661807,19.14245580958972],[72.92662192537057,19.141739715886022],[72.9269092719064,19.14156230016302]]},"properties":{"id":"L00126","strahler":1,"length_m":143.1,"drop_m":6.93,"gradient":0.04839,"area_ha":6.5,"on_drain_share":0.0,"downstream":"L00209"}},{"type":"Feature","geometry":{"type":"LineString","coordinates":[[72.82284570152967,19.141081518329393],[72.8227648926013,19.139996673863777],[72.82220186485966,19.139448059297276],[72.82201182004266,19.13944580717852]]},"properties":{"id":"L00145","strahler":1,"length_m":229.0,"drop_m":3.85,"gradient":0.01682,"area_ha":7.85,"on_drain_share":0.0,"downstream":"L00113"}},{"type":"Feature","geometry":{"type":"LineString","coordinates":[[72.8921195062361,19.141889170521544],[72.8918378628961,19.141614958351695],[72.89155277892544,19.14161168770955],[72.8913661648466,19.141338565191163],[72.89041588704173,19.141327659046812],[72.89003922007943,19.141052353594404]]},"properties":{"id":"L00130","strahler":2,"length_m":263.1,"drop_m":3.25,"gradient":0.01234,"area_ha":39.61,"on_drain_share":0.0,"downstream":"L00129"}},{"type":"Feature","geometry":{"type":"LineString","coordinates":[[72.89271375249533,19.139999115036293],[72.89269426173037,19.141534453604173],[72.89240459078748,19.141892440330434],[72.8921195062361,19.141889170521544]]},"properties":{"id":"L00117","strahler":1,"length_m":252.4,"drop_m":6.04,"gradient":0.02394,"area_ha":11.08,"on_drain_share":0.0,"downstream":"L00130"}},{"type":"Feature","geometry":{"type":"LineString","coordinates":[[72.84271981977226,19.14023199997023],[72.8430952225816,19.14059770582062],[72.8430928756031,19.140778328035175],[72.84346593377872,19.141324655552637]]},"properties":{"id":"L00118","strahler":1,"length_m":153.1,"drop_m":2.44,"gradient":0.01596,"area_ha":6.82,"on_drain_share":0.0,"downstream":"L00078"}},{"type":"Feature","geometry":{"type":"LineString","coordinates":[[72.8810035600066,19.14158067690553],[72.88101854756681,19.140406603388698],[72.88064190017936,19.14013128033282],[72.88045184726857,19.14012908854317],[72.8798897626609,19.13949031894536]]},"properties":{"id":"L00159","strahler":1,"length_m":297.3,"drop_m":22.02,"gradient":0.07408,"area_ha":6.65,"on_drain_share":0.0,"downstream":"L00245"}},{"type":"Feature","geometry":{"type":"LineString","coordinates":[[72.82826677190454,19.140784366667262],[72.82837006585925,19.140153318002362]]},"properties":{"id":"L00131","strahler":1,"length_m":74.1,"drop_m":-3.27,"gradient":0.0,"area_ha":18.95,"on_drain_share":0.0,"downstream":"L00134"}},{"type":"Feature","geometry":{"type":"LineString","coordinates":[[72.8456585393637,19.140808422941134],[72.8459400975388,19.141082698436104]]},"properties":{"id":"L00121","strahler":1,"length_m":42.4,"drop_m":-0.84,"gradient":0.0,"area_ha":4.51,"on_drain_share":0.0,"downstream":"L00116"}},{"type":"Feature","geometry":{"type":"LineString","coordinates":[[72.84624509197488,19.139550747646656],[72.84624040511953,19.139911992864445],[72.84642576697743,19.14027546524037],[72.84642108032382,19.14063671047281],[72.8459400975388,19.141082698436104]]},"properties":{"id":"L00122","strahler":2,"length_m":199.0,"drop_m":1.62,"gradient":0.00814,"area_ha":90.53,"on_drain_share":0.0,"downstream":"L00116"}},{"type":"Feature","geometry":{"type":"LineString","coordinates":[[72.86627672639317,19.141229623194178],[72.86590126608561,19.140863959647266],[72.8659093936108,19.14023177240675],[72.86581669020137,19.140050043993433],[72.86562780041027,19.139957524436696],[72.86505764793162,19.139950901978434],[72.8649637840867,19.139859485650128]]},"properties":{"id":"L00146","strahler":3,"length_m":249.0,"drop_m":2.54,"gradient":0.01019,"area_ha":196.34,"on_drain_share":0.0,"downstream":"L00177"}},{"type":"Feature","geometry":{"type":"LineString","coordinates":[[72.86684920491923,19.14105561727138],[72.86627672639317,19.141229623194178]]},"properties":{"id":"L00123","strahler":3,"length_m":68.3,"drop_m":-0.12,"gradient":0.0,"area_ha":164.84,"on_drain_share":0.0,"downstream":"L00146"}},{"type":"Feature","geometry":{"type":"LineString","coordinates":[[72.87037560435998,19.14028358111016],[72.86933031970065,19.14027146538113],[72.86904176412621,19.140539098009892],[72.86780642697066,19.140524769637807],[72.86751902892019,19.140702087028412],[72.8673289769808,19.140699881610992],[72.86684920491923,19.14105561727138]]},"properties":{"id":"L00125","strahler":3,"length_m":407.3,"drop_m":2.99,"gradient":0.00733,"area_ha":127.56,"on_drain_share":0.0,"downstream":"L00123"}},{"type":"Feature","geometry":{"type":"LineString","coordinates":[[72.82779638138288,19.140417510530632],[72.82818120101463,19.140060761959727],[72.82837006585925,19.140153318002362]]},"properties":{"id":"L00133","strahler":1,"length_m":80.7,"drop_m":0.99,"gradient":0.01231,"area_ha":4.72,"on_drain_share":0.0,"downstream":"L00134"}},{"type":"Feature","geometry":{"type":"LineString","coordinates":[[72.9269092719064,19.14156230016302],[72.927197745648,19.14129456790666],[72.92720338451979,19.14084298777888],[72.92739569925176,19.140664499239612],[72.92758575850483,19.140666642561868],[72.92787422955702,19.140398908969303],[72.92788437558917,19.139586064294008],[72.92807668806462,19.139407574812875],[72.92808119678361,19.13904631043693],[72.92836966402722,19.13877857568197],[72.92922492168283,19.13878821364395],[72.92923055424724,19.138336632812216],[72.92942286383271,19.138158141626512],[72.9298980054539,19.138163493652193]]},"properties":{"id":"L00209","strahler":2,"length_m":602.1,"drop_m":8.96,"gradient":0.01487,"area_ha":61.99,"on_drain_share":0.0,"downstream":"L00190"}},{"type":"Feature","geometry":{"type":"LineString","coordinates":[[72.88832872491133,19.141032706939264],[72.88823369746342,19.141031614992396],[72.88813981903414,19.140940209231672],[72.88814211703908,19.14075958169923],[72.88795206248524,19.140757397593458],[72.88785933350674,19.140575677963998]]},"properties":{"id":"L00136","strahler":3,"length_m":88.3,"drop_m":0.23,"gradient":0.00256,"area_ha":92.18,"on_drain_share":0.0,"downstream":"L00173"}},{"type":"Feature","geometry":{"type":"LineString","coordinates":[[72.89003922007943,19.141052353594404],[72.88832872491133,19.141032706939264]]},"properties":{"id":"L00129","strahler":2,"length_m":180.0,"drop_m":3.07,"gradient":0.01704,"area_ha":48.84,"on_drain_share":0.0,"downstream":"L00136"}},{"type":"Feature","geometry":{"type":"LineString","coordinates":[[72.85906174293628,19.140603756048108],[72.85906756685587,19.140152195748186],[72.8591637567076,19.140062990652375],[72.85907106112896,19.139881259556777],[72.85907688478628,19.139429699218677],[72.85917307417274,19.139340494070286],[72.85917540347347,19.139159869915215],[72.85965518392003,19.138804155299827],[72.85966566289089,19.137991346267633],[72.85976301531585,19.137811828560068]]},"properties":{"id":"L00191","strahler":1,"length_m":353.1,"drop_m":9.4,"gradient":0.02661,"area_ha":10.41,"on_drain_share":0.0,"downstream":"L00201"}},{"type":"Feature","geometry":{"type":"LineString","coordinates":[[72.89042966013066,19.14024389224533],[72.8901411351236,19.140511561308138],[72.89013539557857,19.140963130728082],[72.89003922007943,19.141052353594404]]},"properties":{"id":"L00132","strahler":1,"length_m":106.6,"drop_m":0.85,"gradient":0.00793,"area_ha":6.55,"on_drain_share":0.0,"downstream":"L00129"}},{"type":"Feature","geometry":{"type":"LineString","coordinates":[[72.82837006585925,19.140153318002362],[72.82846627047755,19.14006413060329]]},"properties":{"id":"L00134","strahler":2,"length_m":14.1,"drop_m":0.0,"gradient":0.0,"area_ha":24.18,"on_drain_share":0.0,"downstream":"L00155"}},{"type":"Feature","geometry":{"type":"LineString","coordinates":[[72.82846627047755,19.14006413060329],[72.82942949180159,19.13908194293135]]},"properties":{"id":"L00155","strahler":3,"length_m":151.4,"drop_m":-1.33,"gradient":0.0,"area_ha":94.85,"on_drain_share":0.0,"downstream":"L00219"}},{"type":"Feature","geometry":{"type":"LineString","coordinates":[[72.93004977380589,19.14123638503386],[72.93005315248371,19.140965436467912],[72.93062333231377,19.140971857701683],[72.93062558411458,19.140791225254453],[72.93120139139619,19.140346063359242],[72.93130542487278,19.13962460289176],[72.93178057125634,19.139629950446434],[72.93216406340647,19.139363278631524],[72.93301932613043,19.139372899226778],[72.93359624660741,19.138837412284214]]},"properties":{"id":"L00189","strahler":1,"length_m":552.1,"drop_m":11.59,"gradient":0.02099,"area_ha":14.42,"on_drain_share":0.0,"downstream":"L00198"}},{"type":"Feature","geometry":{"type":"LineString","coordinates":[[72.87342684946107,19.13950597690951],[72.87304327548158,19.139772517034505],[72.87266317238615,19.139768117629373],[72.87237462259164,19.140035756113004],[72.87161441563147,19.140026953637065],[72.87161209974565,19.140207579244617],[72.87132470571201,19.140384903043493],[72.87104078591774,19.1402912880293]]},"properties":{"id":"L00141","strahler":2,"length_m":307.3,"drop_m":9.18,"gradient":0.02986,"area_ha":35.33,"on_drain_share":0.0,"downstream":"L00140"}},{"type":"Feature","geometry":{"type":"LineString","coordinates":[[72.88785933350674,19.140575677963998],[72.88786507911531,19.140124109189834],[72.88758344618819,19.139849891406477],[72.88758574465714,19.13966926391769],[72.88739569141948,19.13966707935632],[72.88711406004049,19.13939286098921],[72.88692400717713,19.139390675970592],[72.88673740332966,19.139117549656596]]},"properties":{"id":"L00173","strahler":3,"length_m":233.1,"drop_m":1.43,"gradient":0.00611,"area_ha":144.45,"on_drain_share":0.0,"downstream":"L00185"}},{"type":"Feature","geometry":{"type":"LineString","coordinates":[[72.82193575555168,19.137999723334065],[72.82155092918407,19.138356458037087],[72.82117084224001,19.13835195250462],[72.82106989390297,19.13880237503366],[72.82068506382076,19.1391591075251],[72.82029786046152,19.139696458533923],[72.82001279318204,19.139693077288136]]},"properties":{"id":"L00139","strahler":1,"length_m":313.8,"drop_m":0.52,"gradient":0.00165,"area_ha":9.17,"on_drain_share":0.0,"downstream":null}},{"type":"Feature","geometry":{"type":"LineString","coordinates":[[72.87104078591774,19.1402912880293],[72.87037560435998,19.14028358111016]]},"properties":{"id":"L00140","strahler":3,"length_m":70.0,"drop_m":1.47,"gradient":0.02102,"area_ha":82.51,"on_drain_share":0.0,"downstream":"L00125"}},{"type":"Feature","geometry":{"type":"LineString","coordinates":[[72.88187378761356,19.14041646239823],[72.88188531111533,19.139513328313733],[72.88160368997795,19.13923910239158],[72.88160599487115,19.139058475590886],[72.88151212145533,19.138967066881616],[72.8819930118387,19.13852097579422],[72.88199992489068,19.13797909520153],[72.8821922796246,19.137800658260602],[72.88219573571455,19.137529717912326],[72.8823880896872,19.137351280687874],[72.88239269725166,19.136990026824744],[72.88192333406886,19.136532985158755],[72.88192448616931,19.136442671713617],[72.88164171739744,19.13625875969262],[72.88135664450253,19.136255474123377],[72.88136586344515,19.13553296677957],[72.88127199196278,19.13544155811952],[72.88127544909452,19.135170617863697]]},"properties":{"id":"L00253","strahler":1,"length_m":707.0,"drop_m":21.99,"gradient":0.0311,"area_ha":12.17,"on_drain_share":0.0,"downstream":"L00299"}},{"type":"Feature","geometry":{"type":"LineString","coordinates":[[72.870770766982,19.139113919507075],[72.87066415751791,19.140015946127534],[72.87037560435998,19.14028358111016]]},"properties":{"id":"L00142","strahler":2,"length_m":146.6,"drop_m":4.1,"gradient":0.028,"area_ha":39.25,"on_drain_share":0.0,"downstream":"L00125"}},{"type":"Feature","geometry":{"type":"LineString","coordinates":[[72.85548578258911,19.137852297925953],[72.85510102112082,19.138209110044627],[72.85481594982055,19.13820578300675],[72.8545273772306,19.138473390960492],[72.85424230558424,19.138470062989146],[72.85395373166034,19.13873766989946],[72.85357363568356,19.13873323126158],[72.85328622812366,19.13891052523326],[72.85299648396895,19.139268442115736],[72.85299297990686,19.139539377244017],[72.85280059482739,19.139717780332372],[72.85270206570952,19.139987605159178]]},"properties":{"id":"L00143","strahler":3,"length_m":424.6,"drop_m":4.83,"gradient":0.01139,"area_ha":402.35,"on_drain_share":0.0,"downstream":"L00105"}},{"type":"Feature","geometry":{"type":"LineString","coordinates":[[72.91466178725383,19.140520449623633],[72.91466519090062,19.14024950369068],[72.91438350914673,19.139975322774813],[72.91438804779567,19.139614061571823],[72.91515621335357,19.13899047956555]]},"properties":{"id":"L00182","strahler":1,"length_m":221.4,"drop_m":2.76,"gradient":0.01246,"area_ha":9.36,"on_drain_share":0.0,"downstream":"L00264"}},{"type":"Feature","geometry":{"type":"LineString","coordinates":[[72.93719051759568,19.140232725534574],[72.93728442532162,19.140324108744856],[72.93756951541225,19.140327308266624],[72.9378523616801,19.140511140629595],[72.93823248237806,19.14051540542636],[72.93851420818491,19.140789553539424],[72.93936948168876,19.14079914528353],[72.93965793589516,19.140531391423114],[72.939943026769,19.140534587297825],[72.94003917782877,19.140445335725964],[72.9400470229432,19.13981311834221]]},"properties":{"id":"L00174","strahler":3,"length_m":411.4,"drop_m":1.28,"gradient":0.00312,"area_ha":312.52,"on_drain_share":0.0,"downstream":null}},{"type":"Feature","geometry":{"type":"LineString","coordinates":[[72.82278147492315,19.13873233523989],[72.82201182004266,19.13944580717852]]},"properties":{"id":"L00149","strahler":2,"length_m":113.1,"drop_m":-1.78,"gradient":0.0,"area_ha":42.8,"on_drain_share":0.0,"downstream":"L00113"}},{"type":"Feature","geometry":{"type":"LineString","coordinates":[[72.8649637840867,19.139859485650128],[72.86364970109375,19.13857965298041]]},"properties":{"id":"L00177","strahler":3,"length_m":198.0,"drop_m":1.95,"gradient":0.00987,"area_ha":221.91,"on_drain_share":0.0,"downstream":"L00196"}},{"type":"Feature","geometry":{"type":"LineString","coordinates":[[72.865820173444,19.139779106601406],[72.86572398697874,19.139868315549656],[72.8649637840867,19.139859485650128]]},"properties":{"id":"L00150","strahler":2,"length_m":94.1,"drop_m":0.22,"gradient":0.00231,"area_ha":21.74,"on_drain_share":0.0,"downstream":"L00177"}},{"type":"Feature","geometry":{"type":"LineString","coordinates":[[72.86667424118205,19.13987934850956],[72.86658153704883,19.139697620413813],[72.865820173444,19.139779106601406]]},"properties":{"id":"L00151","strahler":1,"length_m":108.3,"drop_m":0.58,"gradient":0.00537,"area_ha":4.45,"on_drain_share":0.0,"downstream":"L00150"}},{"type":"Feature","geometry":{"type":"LineString","coordinates":[[72.93642466450954,19.14067577376715],[72.93690542773571,19.140229525440336],[72.93719051759568,19.140232725534574]]},"properties":{"id":"L00160","strahler":2,"length_m":100.7,"drop_m":1.51,"gradient":0.01495,"area_ha":34.6,"on_drain_share":0.0,"downstream":"L00174"}},{"type":"Feature","geometry":{"type":"LineString","coordinates":[[72.84596353557117,19.139276472781837],[72.84624509197488,19.139550747646656]]},"properties":{"id":"L00152","strahler":1,"length_m":42.4,"drop_m":-0.59,"gradient":0.0,"area_ha":8.23,"on_drain_share":0.0,"downstream":"L00122"}},{"type":"Feature","geometry":{"type":"LineString","coordinates":[[72.84683397744655,19.138112446740507],[72.84654890786409,19.138109106902274],[72.84653485010526,19.139192842896662],[72.84624509197488,19.139550747646656]]},"properties":{"id":"L00153","strahler":2,"length_m":202.4,"drop_m":0.24,"gradient":0.00119,"area_ha":77.2,"on_drain_share":0.0,"downstream":"L00122"}},{"type":"Feature","geometry":{"type":"LineString","coordinates":[[72.86611453662222,19.139059916951993],[72.86592100380554,19.139328647696345],[72.8657297925431,19.13941675324331],[72.86591635980606,19.139689897591953],[72.865820173444,19.139779106601406]]},"properties":{"id":"L00154","strahler":2,"length_m":114.9,"drop_m":-0.14,"gradient":0.0,"area_ha":16.47,"on_drain_share":0.0,"downstream":"L00150"}},{"type":"Feature","geometry":{"type":"LineString","coordinates":[[72.88568176263591,19.13991835037361],[72.885684063182,19.139737723108578],[72.88578023994442,19.139648502662784],[72.88579289184607,19.138655052565507]]},"properties":{"id":"L00180","strahler":1,"length_m":144.1,"drop_m":1.15,"gradient":0.00797,"area_ha":5.78,"on_drain_share":0.0,"downstream":"L00207"}},{"type":"Feature","geometry":{"type":"LineString","coordinates":[[72.9243581425112,19.14035923179143],[72.92436153030785,19.140088284179058],[72.92455158853505,19.14009043057574],[72.9246477467562,19.14000118781146],[72.92483667592353,19.14009364980283],[72.9261670844926,19.14010866702472],[72.92644878781478,19.140382831721595],[72.92673387604894,19.140386048054197],[72.92683116132672,19.140206488043205],[72.92683680084981,19.13975490796723],[72.92674289972418,19.139663519979962],[72.92674515557948,19.139482887951907],[72.9269374690253,19.139304399765894],[72.92694423574336,19.138762503582207],[72.92675417874675,19.13876035980165],[72.92666027817691,19.13866897182017],[72.92666253399574,19.13848833978209],[72.92695100223285,19.138220607364318],[72.92695325767856,19.138039975284087],[72.92724059709323,19.13786255833977],[72.92733900756768,19.137592681756452],[72.92762521849416,19.137505580174217],[72.92781752857539,19.137327090726167]]},"properties":{"id":"L00223","strahler":1,"length_m":748.7,"drop_m":13.09,"gradient":0.01749,"area_ha":17.22,"on_drain_share":0.0,"downstream":"L00224"}},{"type":"Feature","geometry":{"type":"LineString","coordinates":[[72.82896264590478,19.138444159087598],[72.8291503285993,19.138627024496245],[72.82924062740165,19.138989388030293],[72.82942949180159,19.13908194293135]]},"properties":{"id":"L00156","strahler":1,"length_m":96.6,"drop_m":1.73,"gradient":0.01796,"area_ha":5.31,"on_drain_share":0.0,"downstream":"L00219"}},{"type":"Feature","geometry":{"type":"LineString","coordinates":[[72.82942949180159,19.13908194293135],[72.83125851893448,19.13729704846194],[72.83126323768215,19.13693580672554],[72.83184044317444,19.13640067012117]]},"properties":{"id":"L00219","strahler":3,"length_m":403.6,"drop_m":0.54,"gradient":0.00134,"area_ha":112.04,"on_drain_share":0.0,"downstream":"L00293"}},{"type":"Feature","geometry":{"type":"LineString","coordinates":[[72.86373310407875,19.13948388099564],[72.86354654084418,19.13921073479411],[72.86364970109375,19.13857965298041]]},"properties":{"id":"L00176","strahler":1,"length_m":112.4,"drop_m":0.31,"gradient":0.00274,"area_ha":5.35,"on_drain_share":0.0,"downstream":"L00196"}},{"type":"Feature","geometry":{"type":"LineString","coordinates":[[72.93462471090378,19.140203908791143],[72.93463032923475,19.139752326483737],[72.93491991179701,19.13939426410088],[72.93511109386672,19.139306083013807]]},"properties":{"id":"L00179","strahler":1,"length_m":126.6,"drop_m":1.23,"gradient":0.00973,"area_ha":5.34,"on_drain_share":0.0,"downstream":"L00162"}},{"type":"Feature","geometry":{"type":"LineString","coordinates":[[72.87381042224771,19.139239435857196],[72.87342684946107,19.13950597690951]]},"properties":{"id":"L00161","strahler":2,"length_m":52.4,"drop_m":0.69,"gradient":0.01309,"area_ha":14.9,"on_drain_share":0.0,"downstream":"L00141"}},{"type":"Feature","geometry":{"type":"LineString","coordinates":[[72.8798897626609,19.13949031894536],[72.87989322283588,19.1392193790518],[72.87932998962154,19.138670921461088],[72.87933229691367,19.138490294915957],[72.87962083369446,19.13822264411728],[72.87962660093977,19.137771077639997],[72.87991513592043,19.137503426193398],[72.87992320857127,19.136871232948305],[72.88011325768899,19.13687342492599],[72.8806903218833,19.136338119453445],[72.881071571666,19.13625218811276],[72.88126392509496,19.136073752016436],[72.88126968717583,19.135622184951973],[72.88117581570644,19.135530776243836]]},"properties":{"id":"L00245","strahler":2,"length_m":581.1,"drop_m":13.59,"gradient":0.02338,"area_ha":35.27,"on_drain_share":0.0,"downstream":"L00252"}},{"type":"Feature","geometry":{"type":"LineString","coordinates":[[72.93511109386672,19.139306083013807],[72.935298905967,19.139488851226087],[72.93596186625605,19.139676956043726],[72.93643140079367,19.140133874406207],[72.93709660997297,19.140141342285123],[72.93719051759568,19.140232725534574]]},"properties":{"id":"L00162","strahler":3,"length_m":261.4,"drop_m":2.25,"gradient":0.0086,"area_ha":271.06,"on_drain_share":0.0,"downstream":"L00174"}},{"type":"Feature","geometry":{"type":"LineString","coordinates":[[72.82325895349915,19.13855734310284],[72.82297151902134,19.13873458648253],[72.82278147492315,19.13873233523989]]},"properties":{"id":"L00163","strahler":1,"length_m":58.3,"drop_m":-0.85,"gradient":0.0,"area_ha":5.63,"on_drain_share":0.0,"downstream":"L00149"}},{"type":"Feature","geometry":{"type":"LineString","coordinates":[[72.82509868082738,19.135959725335724],[72.82423166109133,19.136852704691535],[72.82413427293699,19.13703219986719],[72.82412835507373,19.137483749887952],[72.82278147492315,19.13873233523989]]},"properties":{"id":"L00164","strahler":2,"length_m":409.4,"drop_m":-0.72,"gradient":0.0,"area_ha":35.96,"on_drain_share":0.0,"downstream":"L00149"}},{"type":"Feature","geometry":{"type":"LineString","coordinates":[[72.87485917180533,19.138980586476425],[72.87447560111286,19.139247129946554],[72.87381042224771,19.139239435857196]]},"properties":{"id":"L00165","strahler":1,"length_m":122.4,"drop_m":4.25,"gradient":0.03473,"area_ha":5.12,"on_drain_share":0.0,"downstream":"L00161"}},{"type":"Feature","geometry":{"type":"LineString","coordinates":[[72.9206927283659,19.137065972938924],[72.92067349944855,19.13860133954753],[72.92076739636661,19.138692730276087],[72.92095745256205,19.138694880237423],[72.92094727313798,19.139507721410723],[72.92132399482644,19.139782968047303],[72.92170410987272,19.13978726685832],[72.92180026927741,19.139698025710075]]},"properties":{"id":"L00166","strahler":1,"length_m":400.7,"drop_m":10.68,"gradient":0.02666,"area_ha":12.34,"on_drain_share":0.0,"downstream":"L00242"}},{"type":"Feature","geometry":{"type":"LineString","coordinates":[[72.87639575303407,19.137733777109037],[72.87553128442634,19.138446398384854],[72.87524620890922,19.13844310298146],[72.87505384666092,19.138621531844354],[72.87419746320712,19.138701954972607],[72.87391007428546,19.13887928336315],[72.8739066044164,19.13915022221219],[72.87381042224771,19.139239435857196]]},"properties":{"id":"L00168","strahler":1,"length_m":358.0,"drop_m":9.13,"gradient":0.02549,"area_ha":9.57,"on_drain_share":0.0,"downstream":"L00161"}},{"type":"Feature","geometry":{"type":"LineString","coordinates":[[72.92180026927741,19.139698025710075],[72.92180139989827,19.13960770998076],[72.92218603625301,19.139250744752985],[72.92266117881492,19.139256115772998],[72.9231419708049,19.138809906505102],[72.92342818541962,19.138722811879358],[72.92362163066332,19.13845401156076],[72.92381168693093,19.138456158546195],[72.9244859165843,19.13774114426144],[72.92467597214066,19.13774329027676],[72.92477212880955,19.137654047291655],[72.92477438655277,19.13747341545043],[72.92592825713847,19.13640249472615]]},"properties":{"id":"L00242","strahler":2,"length_m":612.5,"drop_m":17.95,"gradient":0.0293,"area_ha":46.9,"on_drain_share":0.0,"downstream":"L00229"}},{"type":"Feature","geometry":{"type":"LineString","coordinates":[[72.86557341434042,19.136795484596494],[72.86499630470034,19.137330737682284],[72.86499398196936,19.137511362561927],[72.86508784464273,19.137602778769367],[72.86507971519376,19.138234965850636],[72.86536246601354,19.13841890188653],[72.86574256420948,19.13842331608539],[72.86593029149074,19.13860614785933],[72.86611453662222,19.139059916951993]]},"properties":{"id":"L00169","strahler":1,"length_m":353.8,"drop_m":4.38,"gradient":0.01236,"area_ha":8.37,"on_drain_share":0.0,"downstream":"L00154"}},{"type":"Feature","geometry":{"type":"LineString","coordinates":[[72.86821784371162,19.138090738763548],[72.86793392997298,19.137997119473518],[72.86764537672987,19.138264750134454],[72.86764305675756,19.1384453753086],[72.86754687202055,19.13853458539343],[72.86735566240075,19.138622692812557],[72.86716561286117,19.1386204874564],[72.86707174841322,19.138529072153645],[72.8669755633477,19.13861828190405],[72.86659546439914,19.138613870210815],[72.86611453662222,19.139059916951993]]},"properties":{"id":"L00170","strahler":1,"length_m":293.8,"drop_m":9.63,"gradient":0.03277,"area_ha":7.34,"on_drain_share":0.0,"downstream":"L00154"}},{"type":"Feature","geometry":{"type":"LineString","coordinates":[[72.87253561380821,19.13488902191827],[72.8720604990812,19.134883522575397],[72.87167809227411,19.13505974793468],[72.87110795435413,19.13505314586109],[72.87109984898245,19.135685335603327],[72.87081477902711,19.13568203378719],[72.87079856515857,19.13694641289683],[72.87089243106199,19.137037826421448],[72.87088432396398,19.137670015938625],[72.87069195849782,19.137848439880283],[72.87068848358074,19.138119378191234],[72.870782350012,19.13821079181956],[72.870770766982,19.139113919507075]]},"properties":{"id":"L00171","strahler":1,"length_m":654.9,"drop_m":16.11,"gradient":0.0246,"area_ha":18.8,"on_drain_share":0.0,"downstream":"L00142"}},{"type":"Feature","geometry":{"type":"LineString","coordinates":[[72.87307451596276,19.137334068620536],[72.87307335899257,19.13742438153716],[72.87259245060892,19.13787044731307],[72.87163409960812,19.138491635818877],[72.87163294177928,19.138581948639345],[72.87124820955198,19.138938797764606],[72.87096313398534,19.13893549563931],[72.870770766982,19.139113919507075]]},"properties":{"id":"L00172","strahler":2,"length_m":334.6,"drop_m":7.92,"gradient":0.02368,"area_ha":19.11,"on_drain_share":0.0,"downstream":"L00142"}},{"type":"Feature","geometry":{"type":"LineString","coordinates":[[72.88673740332966,19.139117549656596],[72.88607221968608,19.139109899976095],[72.88588446749787,19.13892708660726],[72.885887917784,19.138656145643566],[72.88579289184607,19.138655052565507]]},"properties":{"id":"L00185","strahler":3,"length_m":138.3,"drop_m":0.5,"gradient":0.00364,"area_ha":151.54,"on_drain_share":0.0,"downstream":"L00207"}},{"type":"Feature","geometry":{"type":"LineString","coordinates":[[72.8873144569384,19.1385822221889],[72.887124404978,19.138580037466298],[72.88702822954428,19.13866925875445],[72.8870247811158,19.138940199917837],[72.88673740332966,19.139117549656596]]},"properties":{"id":"L00175","strahler":1,"length_m":102.4,"drop_m":0.67,"gradient":0.00651,"area_ha":5.32,"on_drain_share":0.0,"downstream":"L00185"}},{"type":"Feature","geometry":{"type":"LineString","coordinates":[[72.85595156999379,19.13858033608968],[72.85624014073197,19.138312725695407],[72.85643485283092,19.137953694605823],[72.85624713771941,19.137770854201488],[72.85558197269822,19.137763094743143]]},"properties":{"id":"L00195","strahler":1,"length_m":189.0,"drop_m":0.37,"gradient":0.00195,"area_ha":9.72,"on_drain_share":0.0,"downstream":"L00194"}},{"type":"Feature","geometry":{"type":"LineString","coordinates":[[72.86364970109375,19.13857965298041],[72.8628049441362,19.137756899392432]]},"properties":{"id":"L00196","strahler":3,"length_m":127.3,"drop_m":-0.65,"gradient":0.0,"area_ha":231.99,"on_drain_share":0.0,"downstream":"L00231"}},{"type":"Feature","geometry":{"type":"LineString","coordinates":[[72.84912389640961,19.137416657597093],[72.84854673688781,19.13795185358441],[72.8484528840636,19.137860429794145],[72.84807279147105,19.137855979981104],[72.8478792330899,19.138124689037706],[72.84749914003639,19.138120237979873],[72.84730675148083,19.138298634922386],[72.8470216814899,19.1382952957859],[72.84683397744655,19.138112446740507]]},"properties":{"id":"L00184","strahler":2,"length_m":303.8,"drop_m":2.27,"gradient":0.00746,"area_ha":63.68,"on_drain_share":0.0,"downstream":"L00153"}},{"type":"Feature","geometry":{"type":"LineString","coordinates":[[72.89435670676649,19.13785009161181],[72.89454675877991,19.137852268779408],[72.89501501840546,19.13839959600501],[72.89520507112834,19.13840177255222],[72.89529895254488,19.138493174959653],[72.895395123877,19.138403948903235],[72.89606030870033,19.13841156458674],[72.8962515059971,19.13832342579129],[72.89634538800698,19.138414827715355],[72.8965354409103,19.138417002889188],[72.89681708790745,19.138691208166428],[72.89719719448789,19.138695557403118],[72.89738496013301,19.138878360378207],[72.89757501369404,19.13888053452812]]},"properties":{"id":"L00181","strahler":1,"length_m":408.0,"drop_m":34.84,"gradient":0.08539,"area_ha":6.0,"on_drain_share":0.0,"downstream":"L00296"}},{"type":"Feature","geometry":{"type":"LineString","coordinates":[[72.89757501369404,19.13888053452812],[72.89796083850635,19.138433310439034],[72.89815089162862,19.13843548394517],[72.89815660856465,19.137983912065913],[72.89834894771963,19.137805456540253],[72.89836723897646,19.136360426159726],[72.8981794746996,19.136177624310893],[72.89818633403802,19.135635737910142],[72.89762304530952,19.135087331592867],[72.89743299608263,19.135085157906452],[72.89704946632442,19.13535175296831],[72.89657434272478,19.135346316830475],[72.89601106072814,19.13479790615616],[72.89602135945879,19.133985077556087],[72.89611752757294,19.133895850793984],[72.89612210438693,19.13353459358775],[72.89650906278752,19.132997057164847],[72.8965124945954,19.132726114166793],[72.89660866167145,19.132636887041294]]},"properties":{"id":"L00296","strahler":3,"length_m":970.1,"drop_m":4.14,"gradient":0.00426,"area_ha":175.06,"on_drain_share":0.0,"downstream":"L00317"}},{"type":"Feature","geometry":{"type":"LineString","coordinates":[[72.90327663249073,19.138945667789876],[72.90385363756297,19.13841028319124],[72.90385819871466,19.138049024363834],[72.90376431234607,19.13795762590209]]},"properties":{"id":"L00202","strahler":1,"length_m":139.0,"drop_m":7.03,"gradient":0.05057,"area_ha":5.38,"on_drain_share":0.0,"downstream":"L00233"}},{"type":"Feature","geometry":{"type":"LineString","coordinates":[[72.91515507915847,19.139080794918165],[72.91515621335357,19.13899047956555]]},"properties":{"id":"L00183","strahler":1,"length_m":10.0,"drop_m":0.0,"gradient":0.0,"area_ha":4.8,"on_drain_share":0.0,"downstream":"L00264"}},{"type":"Feature","geometry":{"type":"LineString","coordinates":[[72.88579289184607,19.138655052565507],[72.88560514045759,19.138472238981638],[72.88532006303103,19.138468959192167],[72.88503843724499,19.138194738133098],[72.8850418887689,19.137923797296367],[72.88476026431772,19.13764957592859]]},"properties":{"id":"L00207","strahler":3,"length_m":173.1,"drop_m":0.86,"gradient":0.00499,"area_ha":161.07,"on_drain_share":0.0,"downstream":"L00259"}},{"type":"Feature","geometry":{"type":"LineString","coordinates":[[72.91515621335357,19.13899047956555],[72.91525237541542,19.138901242127726],[72.9149706946526,19.13862706219981],[72.91497409743258,19.138356116157684],[72.91469014922069,19.13826256658749],[72.91412679261063,19.137714205001213],[72.91346160286514,19.137706654938746],[72.91299214389119,19.13724968435117],[72.91299441439317,19.137069053858784],[72.91261884943326,19.136703476722133],[72.91185750212426,19.136785157271653],[72.91166517730971,19.1369636284561],[72.91128507116139,19.136959309503226],[72.91100340055387,19.13668512437025],[72.91110297186019,19.136324943739716],[72.9115837824489,19.135878766732095],[72.91159514148359,19.134975614911347],[72.9115012519983,19.134884220136414],[72.91159968491841,19.134614354156422]]},"properties":{"id":"L00264","strahler":2,"length_m":880.8,"drop_m":19.72,"gradient":0.02239,"area_ha":35.12,"on_drain_share":0.0,"downstream":"L00319"}},{"type":"Feature","geometry":{"type":"LineString","coordinates":[[72.93435984959424,19.138575008598043],[72.93454990729524,19.1385771444973],[72.9346438125839,19.13866852884908],[72.93464156542231,19.138849161797687],[72.93511109386672,19.139306083013807]]},"properties":{"id":"L00186","strahler":3,"length_m":124.9,"drop_m":-0.06,"gradient":0.0,"area_ha":262.56,"on_drain_share":0.0,"downstream":"L00162"}},{"type":"Feature","geometry":{"type":"LineString","coordinates":[[72.84113846890631,19.137594011020845],[72.84104109754709,19.1377735169047],[72.84009087141268,19.137762352648263],[72.83970725570877,19.138028818369996],[72.83942571351211,19.13775453475082],[72.83876055593576,19.137746714450365],[72.83763440132498,19.13664957285194]]},"properties":{"id":"L00216","strahler":1,"length_m":458.7,"drop_m":13.06,"gradient":0.02847,"area_ha":13.55,"on_drain_share":0.0,"downstream":"L00221"}},{"type":"Feature","geometry":{"type":"LineString","coordinates":[[72.9367692428151,19.13589219494636],[72.93695705344334,19.136074961335524],[72.93694583160071,19.13697812761619],[72.93713252141895,19.13725121056974],[72.93722754967555,19.1372522770401],[72.9372253055029,19.137432910311627],[72.93703412659063,19.137521093923716],[72.93702851550087,19.13797267702703],[72.93721520641336,19.138245759986493],[72.93730911314287,19.138337143098557],[72.937597565647,19.13806939231786],[72.93816773825743,19.13807578922495],[72.93835667432401,19.138168237827532],[72.93835555279696,19.13825855451922],[72.93854448918582,19.138351002956146],[72.93929463168742,19.13917237863953],[72.9399598382188,19.13917983579957]]},"properties":{"id":"L00187","strahler":1,"length_m":677.0,"drop_m":6.31,"gradient":0.00933,"area_ha":19.28,"on_drain_share":0.0,"downstream":null}},{"type":"Feature","geometry":{"type":"LineString","coordinates":[[72.84591421034496,19.135753218132262],[72.84638346246851,19.13621034201447],[72.8466685287612,19.13621368179091],[72.84704159086162,19.136760002443896],[72.84703807758153,19.13703093658313],[72.84684568997241,19.137209333137246],[72.84683397744655,19.138112446740507]]},"properties":{"id":"L00188","strahler":1,"length_m":335.6,"drop_m":8.89,"gradient":0.02651,"area_ha":8.67,"on_drain_share":0.0,"downstream":"L00153"}},{"type":"Feature","geometry":{"type":"LineString","coordinates":[[72.88332452267777,19.13844598830565],[72.88351572537634,19.138357863421454],[72.88399085357949,19.138363334123834],[72.88418320688324,19.138184894941652],[72.88446828361218,19.138188176446896],[72.88475566173145,19.138010830320482],[72.88476026431772,19.13764957592859]]},"properties":{"id":"L00206","strahler":1,"length_m":210.7,"drop_m":5.84,"gradient":0.02771,"area_ha":6.56,"on_drain_share":0.0,"downstream":"L00259"}},{"type":"Feature","geometry":{"type":"LineString","coordinates":[[72.86004575869043,19.13799577214756],[72.85976301531585,19.137811828560068]]},"properties":{"id":"L00192","strahler":1,"length_m":38.3,"drop_m":0.27,"gradient":0.00696,"area_ha":5.75,"on_drain_share":0.0,"downstream":"L00201"}},{"type":"Feature","geometry":{"type":"LineString","coordinates":[[72.9298980054539,19.138163493652193],[72.93008581009427,19.13834626655625],[72.9303731472336,19.138168844451553],[72.93151461339396,19.13809136506515],[72.93189922711115,19.13773437714322],[72.93227934002238,19.137738653651805],[72.93340618872332,19.138835275371324],[72.93359624660741,19.138837412284214]]},"properties":{"id":"L00190","strahler":3,"length_m":477.0,"drop_m":3.57,"gradient":0.00748,"area_ha":208.76,"on_drain_share":0.0,"downstream":"L00198"}},{"type":"Feature","geometry":{"type":"LineString","coordinates":[[72.93359624660741,19.138837412284214],[72.93388358146832,19.138659984423786],[72.93407251532197,19.138752437266685],[72.93435984959424,19.138575008598043]]},"properties":{"id":"L00198","strahler":3,"length_m":100.7,"drop_m":1.53,"gradient":0.01518,"area_ha":224.05,"on_drain_share":0.0,"downstream":"L00186"}},{"type":"Feature","geometry":{"type":"LineString","coordinates":[[72.83686128418454,19.137634046729538],[72.8373422777949,19.137188083802076],[72.83763440132498,19.13664957285194]]},"properties":{"id":"L00215","strahler":1,"length_m":143.1,"drop_m":0.47,"gradient":0.00329,"area_ha":6.9,"on_drain_share":0.0,"downstream":"L00221"}},{"type":"Feature","geometry":{"type":"LineString","coordinates":[[72.8551465212026,19.134686947316286],[72.85543158652602,19.134690273254225],[72.85571315318545,19.134964534498195],[72.85571082067054,19.13514515832498],[72.85580467652007,19.135236578671517],[72.85580117783354,19.13550751441855],[72.8556076342418,19.13577623317129],[72.85560530150555,19.13595685696964],[72.85569915770209,19.13604827740164],[72.85569682502961,19.136228901205516],[72.85560063595422,19.13631810455489],[72.85559480386732,19.13676966401497],[72.85540125827202,19.13703838234013],[72.85548578258911,19.137852297925953]]},"properties":{"id":"L00193","strahler":1,"length_m":425.6,"drop_m":5.31,"gradient":0.01247,"area_ha":11.04,"on_drain_share":0.0,"downstream":"L00143"}},{"type":"Feature","geometry":{"type":"LineString","coordinates":[[72.85558197269822,19.137763094743143],[72.85548578258911,19.137852297925953]]},"properties":{"id":"L00194","strahler":3,"length_m":14.1,"drop_m":0.0,"gradient":0.0,"area_ha":381.86,"on_drain_share":0.0,"downstream":"L00143"}},{"type":"Feature","geometry":{"type":"LineString","coordinates":[[72.85976301531585,19.137811828560068],[72.85938757772438,19.137446153712748]]},"properties":{"id":"L00201","strahler":2,"length_m":56.6,"drop_m":-0.32,"gradient":0.0,"area_ha":16.63,"on_drain_share":0.0,"downstream":"L00222"}},{"type":"Feature","geometry":{"type":"LineString","coordinates":[[72.85635731997813,19.136597907404834],[72.85597256338768,19.13695472186019],[72.85596906463643,19.137225657586587],[72.85558430569716,19.13758247098298],[72.85558197269822,19.137763094743143]]},"properties":{"id":"L00197","strahler":3,"length_m":163.1,"drop_m":-0.78,"gradient":0.0,"area_ha":371.79,"on_drain_share":0.0,"downstream":"L00194"}},{"type":"Feature","geometry":{"type":"LineString","coordinates":[[72.8628049441362,19.137756899392432],[72.86261489615302,19.13775468942878],[72.86252103490108,19.137663272082662],[72.86252568575495,19.137302022910244],[72.86177363783165,19.136660995151665],[72.86177712700403,19.13639005837694],[72.86168210385506,19.13638895296433]]},"properties":{"id":"L00231","strahler":3,"length_m":223.1,"drop_m":4.4,"gradient":0.01973,"area_ha":239.08,"on_drain_share":0.0,"downstream":"L00241"}},{"type":"Feature","geometry":{"type":"LineString","coordinates":[[72.90851223897721,19.13828269837453],[72.90851678996366,19.137921438462453],[72.90842403861858,19.1377397271681]]},"properties":{"id":"L00210","strahler":1,"length_m":64.1,"drop_m":-0.49,"gradient":0.0,"area_ha":6.82,"on_drain_share":0.0,"downstream":"L00238"}},{"type":"Feature","geometry":{"type":"LineString","coordinates":[[72.86318968961652,19.137400069405544],[72.8628049441362,19.137756899392432]]},"properties":{"id":"L00199","strahler":1,"length_m":56.6,"drop_m":0.87,"gradient":0.01532,"area_ha":4.8,"on_drain_share":0.0,"downstream":"L00231"}},{"type":"Feature","geometry":{"type":"LineString","coordinates":[[72.90490235304013,19.138151257233467],[72.9047145790394,19.13796846121997],[72.90376431234607,19.13795762590209]]},"properties":{"id":"L00208","strahler":1,"length_m":128.3,"drop_m":2.76,"gradient":0.02154,"area_ha":6.55,"on_drain_share":0.0,"downstream":"L00233"}},{"type":"Feature","geometry":{"type":"LineString","coordinates":[[72.93277247318636,19.136298936041662],[72.93286300302377,19.136661270294162],[72.93408263007973,19.137939589252248],[72.93407925855075,19.13821053859894],[72.93435984959424,19.138575008598043]]},"properties":{"id":"L00200","strahler":2,"length_m":320.4,"drop_m":0.01,"gradient":3e-05,"area_ha":36.63,"on_drain_share":0.0,"downstream":"L00186"}},{"type":"Feature","geometry":{"type":"LineString","coordinates":[[72.82726879283902,19.13715960424518],[72.82746356268116,19.136800609843807],[72.82718204463546,19.136526309617185],[72.82689343539809,19.136793870109905],[72.8263233083546,19.136787128610674],[72.82538374266673,19.13596309806434],[72.82509868082738,19.135959725335724]]},"properties":{"id":"L00230","strahler":1,"length_m":360.4,"drop_m":4.28,"gradient":0.01187,"area_ha":7.65,"on_drain_share":0.0,"downstream":"L00164"}},{"type":"Feature","geometry":{"type":"LineString","coordinates":[[72.85938757772438,19.137446153712748],[72.8591975305224,19.13744394025168],[72.8588197656352,19.13725888859081],[72.85862738907379,19.13743729869142],[72.85805608271961,19.137520967394348],[72.85786720084289,19.13742844053137],[72.85702248067209,19.1366056636049],[72.85635731997813,19.136597907404834]]},"properties":{"id":"L00222","strahler":3,"length_m":382.1,"drop_m":2.23,"gradient":0.00583,"area_ha":361.94,"on_drain_share":0.0,"downstream":"L00197"}},{"type":"Feature","geometry":{"type":"LineString","coordinates":[[72.83392148724845,19.137147801901463],[72.83373262192345,19.137055251572146],[72.83363642175745,19.137144442207646],[72.83306629095452,19.137137721495957],[72.83297244793226,19.13704629066872],[72.83259236109593,19.13704180904009],[72.83249616039049,19.137130999018883],[72.83183926384685,19.136490980596584]]},"properties":{"id":"L00218","strahler":1,"length_m":265.6,"drop_m":0.55,"gradient":0.00206,"area_ha":8.17,"on_drain_share":0.0,"downstream":"L00220"}},{"type":"Feature","geometry":{"type":"LineString","coordinates":[[72.84868388635701,19.13470175252085],[72.8488715891913,19.134884599560742],[72.84886339927536,19.135516780097106],[72.84923880744194,19.13588247384381],[72.84923295820435,19.136334031434934],[72.84904057359608,19.136512430610285],[72.84912389640961,19.137416657597093]]},"properties":{"id":"L00203","strahler":2,"length_m":337.3,"drop_m":0.97,"gradient":0.00289,"area_ha":42.16,"on_drain_share":0.0,"downstream":"L00184"}},{"type":"Feature","geometry":{"type":"LineString","coordinates":[[72.85264559039243,19.137006208874446],[72.85245788083441,19.136823365090734],[72.85226783521018,19.13682114453715],[72.85189475463663,19.136274832810287],[72.85151466481051,19.13627039046531],[72.85123193504492,19.136086434919235],[72.85094686811316,19.136083102238096],[72.85085301477969,19.135991679631214],[72.85028288144287,19.135985012684532],[72.84999430655888,19.136252613239296],[72.84999196765634,19.136433236361263],[72.84979958365176,19.136611636398328],[72.84979724449019,19.136792259490086],[72.84912389640961,19.137416657597093]]},"properties":{"id":"L00204","strahler":1,"length_m":517.0,"drop_m":3.34,"gradient":0.00647,"area_ha":13.21,"on_drain_share":0.0,"downstream":"L00184"}},{"type":"Feature","geometry":{"type":"LineString","coordinates":[[72.86054648139917,19.13601443543346],[72.86053833539391,19.136646620743726],[72.85967264857652,19.13744947353655],[72.85938757772438,19.137446153712748]]},"properties":{"id":"L00205","strahler":3,"length_m":227.3,"drop_m":0.82,"gradient":0.00359,"area_ha":336.58,"on_drain_share":0.0,"downstream":"L00222"}},{"type":"Feature","geometry":{"type":"LineString","coordinates":[[72.90376431234607,19.13795762590209],[72.90348265385954,19.13768343028288],[72.90339903215256,19.13677919945257]]},"properties":{"id":"L00233","strahler":2,"length_m":146.6,"drop_m":3.71,"gradient":0.02534,"area_ha":13.57,"on_drain_share":0.0,"downstream":"L00237"}},{"type":"Feature","geometry":{"type":"LineString","coordinates":[[72.918113407591,19.138120717039524],[72.91812360008807,19.137307877212148],[72.91784191654872,19.137033701450612],[72.91784644692433,19.13667243933455],[72.9176597914443,19.136399339811927],[72.91785210975037,19.136220861668093],[72.91804216276428,19.136223014375645],[72.91842906219199,19.13568542577438],[72.91844151602211,19.13469195440116],[72.91872659303598,19.134695182227492],[72.91949585099323,19.133981262418615],[72.91968590164416,19.133983413185597],[72.91987821492079,19.133804932406253],[72.91988047749551,19.13362430105228],[72.92016894628885,19.133356579388],[72.92017120849034,19.13317594799177],[72.92036352027154,19.132997466552084],[72.9207436195583,19.13300176588431],[72.9210332165087,19.132643726860664],[72.9216090158387,19.132198594429333]]},"properties":{"id":"L00307","strahler":1,"length_m":920.8,"drop_m":34.14,"gradient":0.03707,"area_ha":26.05,"on_drain_share":0.0,"downstream":"L00266"}},{"type":"Feature","geometry":{"type":"LineString","coordinates":[[72.88476026431772,19.13764957592859],[72.88476486680035,19.137288321521464],[72.88467099237015,19.137196914339473],[72.8847683185943,19.137017380706105],[72.88477407145467,19.136565812661463],[72.8848702466357,19.13647659253405],[72.88487254761836,19.13629596529651],[72.88477867362637,19.1362045582086],[72.88479132906416,19.13521110838463],[72.88507870139684,19.13503376117107],[72.88508100196587,19.134853133880846],[72.88479938211648,19.134578912982082],[72.88480168293029,19.13439828571564]]},"properties":{"id":"L00259","strahler":3,"length_m":407.3,"drop_m":2.52,"gradient":0.00619,"area_ha":181.67,"on_drain_share":0.0,"downstream":"L00306"}},{"type":"Feature","geometry":{"type":"LineString","coordinates":[[72.90956208632,19.13793333000462],[72.90861181687312,19.137922519756984],[72.90842403861858,19.1377397271681]]},"properties":{"id":"L00211","strahler":1,"length_m":128.3,"drop_m":3.79,"gradient":0.02953,"area_ha":5.81,"on_drain_share":0.0,"downstream":"L00238"}},{"type":"Feature","geometry":{"type":"LineString","coordinates":[[72.87402360377138,19.13743537516545],[72.87383355476354,19.137433176832143],[72.8737396868784,19.13734176463624],[72.87307451596276,19.137334068620536]]},"properties":{"id":"L00213","strahler":1,"length_m":104.1,"drop_m":0.76,"gradient":0.0073,"area_ha":5.64,"on_drain_share":0.0,"downstream":"L00172"}},{"type":"Feature","geometry":{"type":"LineString","coordinates":[[72.9293357204013,19.137524857818537],[72.92923956602053,19.13761410343203],[72.9292361866531,19.137885051956722],[72.92942399021067,19.138067825444544],[72.92980410328852,19.13807210714146],[72.9298980054539,19.138163493652193]]},"properties":{"id":"L00212","strahler":3,"length_m":126.6,"drop_m":0.97,"gradient":0.00767,"area_ha":135.91,"on_drain_share":0.0,"downstream":"L00190"}},{"type":"Feature","geometry":{"type":"LineString","coordinates":[[72.83183454647009,19.13685222248868],[72.83183926384685,19.136490980596584]]},"properties":{"id":"L00217","strahler":1,"length_m":40.0,"drop_m":-1.05,"gradient":0.0,"area_ha":4.88,"on_drain_share":0.0,"downstream":"L00220"}},{"type":"Feature","geometry":{"type":"LineString","coordinates":[[72.90842403861858,19.1377397271681],[72.90757904158157,19.136917158586577],[72.90700888404932,19.136910667208813],[72.90682110876122,19.13672787323886],[72.90663105653378,19.136725708879684],[72.90653716916056,19.136634311749095],[72.90606203899416,19.136628899775094],[72.90578037836374,19.136354707495997],[72.9048301202523,19.1363438785631],[72.90444545776187,19.136700804648424],[72.90444431788944,19.13679111940398],[72.90416151993217,19.136607239617636],[72.90368639056773,19.13660182151291],[72.90359022438373,19.136691052451823],[72.90340131302611,19.136598570061533]]},"properties":{"id":"L00238","strahler":2,"length_m":635.3,"drop_m":4.32,"gradient":0.0068,"area_ha":26.57,"on_drain_share":0.0,"downstream":"L00251"}},{"type":"Feature","geometry":{"type":"LineString","coordinates":[[72.87452531727207,19.13536367089195],[72.8744291378143,19.135452885139053],[72.87385899752276,19.135446291464113],[72.87366663775674,19.135624719119445],[72.87366432467645,19.13580534505493],[72.87337578390498,19.136072986040084],[72.873371156969,19.136434237821195],[72.87346386746572,19.1366159630922],[72.87336768669866,19.136705176647027],[72.87336537315252,19.136885802526145],[72.87307682988359,19.137153442784445],[72.87307451596276,19.137334068620536]]},"properties":{"id":"L00214","strahler":1,"length_m":325.6,"drop_m":11.43,"gradient":0.03511,"area_ha":8.78,"on_drain_share":0.0,"downstream":"L00172"}},{"type":"Feature","geometry":{"type":"LineString","coordinates":[[72.90205954008111,19.1374865369319],[72.90244420917789,19.137129616533787],[72.90301436579114,19.13713612213602],[72.90339903215256,19.13677919945257]]},"properties":{"id":"L00232","strahler":1,"length_m":173.1,"drop_m":6.57,"gradient":0.03792,"area_ha":7.18,"on_drain_share":0.0,"downstream":"L00237"}},{"type":"Feature","geometry":{"type":"LineString","coordinates":[[72.83763440132498,19.13664957285194],[72.83725901975639,19.136283857749135]]},"properties":{"id":"L00221","strahler":2,"length_m":56.6,"drop_m":-0.04,"gradient":0.0,"area_ha":21.38,"on_drain_share":0.0,"downstream":"L00248"}},{"type":"Feature","geometry":{"type":"LineString","coordinates":[[72.83183926384685,19.136490980596584],[72.83184044317444,19.13640067012117]]},"properties":{"id":"L00220","strahler":2,"length_m":10.0,"drop_m":0.0,"gradient":0.0,"area_ha":13.08,"on_drain_share":0.0,"downstream":"L00293"}},{"type":"Feature","geometry":{"type":"LineString","coordinates":[[72.83184044317444,19.13640067012117],[72.83184987755615,19.135678186283428],[72.83204227762995,19.135499806817993],[72.8320446359261,19.135319185822414],[72.83214083569182,19.135229995984357],[72.83215262619201,19.134326890882665],[72.8319649442018,19.134144028616046],[72.83196730240194,19.133963407603176],[72.83187346165144,19.133871976421418],[72.83188878988932,19.132697939806068],[72.83142194914517,19.132060162641228],[72.8314243076588,19.13187954165266]]},"properties":{"id":"L00293","strahler":3,"length_m":545.6,"drop_m":-1.14,"gradient":0.0,"area_ha":136.48,"on_drain_share":0.0,"downstream":"L00301"}},{"type":"Feature","geometry":{"type":"LineString","coordinates":[[72.92781752857539,19.137327090726167],[72.92800983824381,19.1371486010346],[72.92829154038881,19.137422762800966],[72.9285766238757,19.13742597579896],[72.92867052497094,19.13751736284532],[72.92933684678648,19.137434541635354],[72.9293357204013,19.137524857818537]]},"properties":{"id":"L00224","strahler":3,"length_m":199.0,"drop_m":2.46,"gradient":0.01237,"area_ha":128.74,"on_drain_share":0.0,"downstream":"L00212"}},{"type":"Feature","geometry":{"type":"LineString","coordinates":[[72.84126402093402,19.13524704010431],[72.84087923874911,19.13560382012421],[72.84087571564717,19.135874753194503],[72.84058712740143,19.13614233750594],[72.8398257791665,19.13622371630398],[72.83954423949365,19.135949433097753],[72.83878406763408,19.135940496714994],[72.83868787060777,19.136029690336663],[72.83821158734762,19.13611441409109],[72.83792299480059,19.13638199374755],[72.83744788661168,19.136376404566185],[72.83725901975639,19.136283857749135]]},"properties":{"id":"L00226","strahler":1,"length_m":520.4,"drop_m":7.69,"gradient":0.01477,"area_ha":13.06,"on_drain_share":0.0,"downstream":"L00248"}},{"type":"Feature","geometry":{"type":"LineString","coordinates":[[72.86862808537533,19.13574701787196],[72.86766857501637,19.136458498183107],[72.86747852791412,19.13645629338986],[72.86738118435214,19.1366358160984],[72.86719113708271,19.13663361098852],[72.8670949532829,19.13672282093115],[72.86690606622756,19.136630302955883]]},"properties":{"id":"L00228","strahler":1,"length_m":235.6,"drop_m":13.38,"gradient":0.05679,"area_ha":9.18,"on_drain_share":0.0,"downstream":null}},{"type":"Feature","geometry":{"type":"LineString","coordinates":[[72.88933067102566,19.136979500359057],[72.88914406524731,19.136706376303874],[72.88819381531064,19.136695461211858],[72.88791218700587,19.136421244343378],[72.88791448467362,19.136240616748925],[72.88772558424598,19.136148119115603],[72.88735123139159,19.135692182016502],[72.88735697680146,19.135240613151456],[72.88660598000838,19.13450936484664],[72.88480168293029,19.13439828571564]]},"properties":{"id":"L00263","strahler":1,"length_m":648.7,"drop_m":20.36,"gradient":0.03138,"area_ha":17.37,"on_drain_share":0.0,"downstream":"L00306"}},{"type":"Feature","geometry":{"type":"LineString","coordinates":[[72.92943412732699,19.13725497976409],[72.92943187467885,19.13743561214417],[72.9293357204013,19.137524857818537]]},"properties":{"id":"L00225","strahler":1,"length_m":34.1,"drop_m":-0.07,"gradient":0.0,"area_ha":4.9,"on_drain_share":0.0,"downstream":"L00212"}},{"type":"Feature","geometry":{"type":"LineString","coordinates":[[72.83725901975639,19.136283857749135],[72.83707132959111,19.136100999965876],[72.8359310727884,19.136087578779463],[72.83564954040989,19.135813290253918],[72.83498439227142,19.135805457057156],[72.83489054875909,19.135714027167893],[72.83489761436255,19.13517216315776],[72.83509001086104,19.1349937801106],[72.83499616769505,19.13490235030722]]},"properties":{"id":"L00248","strahler":2,"length_m":377.3,"drop_m":4.09,"gradient":0.01084,"area_ha":40.75,"on_drain_share":0.0,"downstream":"L00261"}},{"type":"Feature","geometry":{"type":"LineString","coordinates":[[72.85714897233385,19.134168347587604],[72.85714197970741,19.134710219614334],[72.85666104161827,19.1351562404078],[72.85665987586682,19.135246552376024],[72.85656485369093,19.13524544438278],[72.85655669288596,19.135877628094228],[72.85683826339466,19.13615188795762],[72.85683593194716,19.13633251189461],[72.85664355465748,19.13651091983091],[72.8564535088678,19.136508703637887],[72.85635731997813,19.136597907404834]]},"properties":{"id":"L00227","strahler":1,"length_m":345.6,"drop_m":6.98,"gradient":0.0202,"area_ha":8.59,"on_drain_share":0.0,"downstream":"L00197"}},{"type":"Feature","geometry":{"type":"LineString","coordinates":[[72.92592825713847,19.13640249472615],[72.92611605519151,19.136585271123117],[72.92630610962226,19.13658741532918],[72.9271523345781,19.137319590335398],[72.92781752857539,19.137327090726167]]},"properties":{"id":"L00229","strahler":3,"length_m":241.4,"drop_m":3.85,"gradient":0.01595,"area_ha":109.84,"on_drain_share":0.0,"downstream":"L00224"}},{"type":"Feature","geometry":{"type":"LineString","coordinates":[[72.86168210385506,19.13638895296433],[72.86139936094237,19.136205011955905],[72.86111429190325,19.136201695016158],[72.86111894543353,19.135840446119342],[72.8606438315311,19.135834917017913],[72.86054648139917,19.13601443543346]]},"properties":{"id":"L00241","strahler":3,"length_m":182.4,"drop_m":2.34,"gradient":0.01281,"area_ha":246.56,"on_drain_share":0.0,"downstream":"L00205"}},{"type":"Feature","geometry":{"type":"LineString","coordinates":[[72.82435034961111,19.135047628893002],[72.82481953453947,19.135504801863913],[72.82509868082738,19.135959725335724]]},"properties":{"id":"L00234","strahler":1,"length_m":133.1,"drop_m":2.25,"gradient":0.01687,"area_ha":5.47,"on_drain_share":0.0,"downstream":"L00164"}},{"type":"Feature","geometry":{"type":"LineString","coordinates":[[72.82815824363665,19.134550714111256],[72.82777343803582,19.134907464087345],[72.82729833726647,19.134901849099197],[72.82710947879906,19.13480929255385],[72.82701327688468,19.134898479517926],[72.82625193389475,19.134979801965063],[72.82606071130238,19.13506786467869],[72.82509868082738,19.135959725335724]]},"properties":{"id":"L00235","strahler":1,"length_m":394.6,"drop_m":3.48,"gradient":0.00882,"area_ha":15.38,"on_drain_share":0.0,"downstream":"L00164"}},{"type":"Feature","geometry":{"type":"LineString","coordinates":[[72.86244577726018,19.136126857990956],[72.86206568513936,19.136122437486716],[72.86197182504708,19.136031019963827],[72.86168210385506,19.13638895296433]]},"properties":{"id":"L00236","strahler":1,"length_m":106.6,"drop_m":0.27,"gradient":0.00255,"area_ha":5.27,"on_drain_share":0.0,"downstream":"L00241"}},{"type":"Feature","geometry":{"type":"LineString","coordinates":[[72.90339903215256,19.13677919945257],[72.90340131302611,19.136598570061533]]},"properties":{"id":"L00237","strahler":2,"length_m":20.0,"drop_m":-0.05,"gradient":0.0,"area_ha":20.89,"on_drain_share":0.0,"downstream":"L00251"}},{"type":"Feature","geometry":{"type":"LineString","coordinates":[[72.90340131302611,19.136598570061533],[72.9025563485403,19.135775981197934],[72.90255863020127,19.135595351885023]]},"properties":{"id":"L00251","strahler":3,"length_m":147.3,"drop_m":-1.03,"gradient":0.0,"area_ha":49.31,"on_drain_share":0.0,"downstream":"L00280"}},{"type":"Feature","geometry":{"type":"LineString","coordinates":[[72.85998216427897,19.135556237735805],[72.86026374052709,19.135830492854083],[72.860453786016,19.135832705034076],[72.86054648139917,19.13601443543346]]},"properties":{"id":"L00239","strahler":1,"length_m":86.6,"drop_m":3.98,"gradient":0.04601,"area_ha":4.47,"on_drain_share":0.0,"downstream":"L00205"}},{"type":"Feature","geometry":{"type":"LineString","coordinates":[[72.8612349068946,19.1342159314669],[72.86075398023068,19.134661964208107],[72.86065895813393,19.134660858362732],[72.86065663103632,19.134841482781717],[72.86056044523274,19.134930689078523],[72.86054648139917,19.13601443543346]]},"properties":{"id":"L00240","strahler":2,"length_m":234.9,"drop_m":3.8,"gradient":0.01617,"area_ha":82.28,"on_drain_share":0.0,"downstream":"L00205"}},{"type":"Feature","geometry":{"type":"LineString","coordinates":[[72.8787967599295,19.135774317806607],[72.87936805661994,19.13569058297891],[72.87946192707598,19.135781992522343],[72.8797469988076,19.135785280950625],[72.8800286113176,19.13605950895644],[72.88088382843127,19.136069370419182],[72.88107618180833,19.135890934515206],[72.88107963934692,19.13561999430704],[72.88117581570644,19.135530776243836]]},"properties":{"id":"L00244","strahler":1,"length_m":313.1,"drop_m":9.58,"gradient":0.03059,"area_ha":9.98,"on_drain_share":0.0,"downstream":"L00252"}},{"type":"Feature","geometry":{"type":"LineString","coordinates":[[72.92528112332496,19.134949932364666],[72.92565558707403,19.13540580192834],[72.9256465608329,19.13612832983736],[72.92592825713847,19.13640249472615]]},"properties":{"id":"L00243","strahler":2,"length_m":189.0,"drop_m":1.37,"gradient":0.00723,"area_ha":60.25,"on_drain_share":0.0,"downstream":"L00229"}},{"type":"Feature","geometry":{"type":"LineString","coordinates":[[72.90217396523056,19.1359522729404],[72.90255863020127,19.135595351885023]]},"properties":{"id":"L00250","strahler":1,"length_m":56.6,"drop_m":-1.09,"gradient":0.0,"area_ha":4.64,"on_drain_share":0.0,"downstream":"L00280"}},{"type":"Feature","geometry":{"type":"LineString","coordinates":[[72.93136956525396,19.134476573677667],[72.93211627943887,19.135568923102767],[72.93277247318636,19.136298936041662]]},"properties":{"id":"L00246","strahler":2,"length_m":262.1,"drop_m":1.17,"gradient":0.00448,"area_ha":23.05,"on_drain_share":0.0,"downstream":"L00200"}},{"type":"Feature","geometry":{"type":"LineString","coordinates":[[72.93269656121949,19.134762488619902],[72.93231308121244,19.13502916274964],[72.93230858271637,19.135390428252652],[72.93258691643618,19.135935533019484],[72.93277472205772,19.13611830325679],[72.93277247318636,19.136298936041662]]},"properties":{"id":"L00247","strahler":1,"length_m":213.1,"drop_m":2.19,"gradient":0.01028,"area_ha":7.17,"on_drain_share":0.0,"downstream":"L00200"}},{"type":"Feature","geometry":{"type":"LineString","coordinates":[[72.88117581570644,19.135530776243836],[72.88117927301242,19.13525983600755],[72.88127544909452,19.135170617863697]]},"properties":{"id":"L00252","strahler":2,"length_m":44.1,"drop_m":0.08,"gradient":0.00177,"area_ha":45.58,"on_drain_share":0.0,"downstream":"L00299"}},{"type":"Feature","geometry":{"type":"LineString","coordinates":[[72.83499616769505,19.13490235030722],[72.83405774170926,19.133988050149213],[72.83348762157969,19.133981331808272],[72.83329993831897,19.133798470793096]]},"properties":{"id":"L00261","strahler":3,"length_m":229.7,"drop_m":3.03,"gradient":0.01319,"area_ha":89.87,"on_drain_share":0.0,"downstream":null}},{"type":"Feature","geometry":{"type":"LineString","coordinates":[[72.83663034452331,19.133476396108097],[72.83576457240959,19.13427912678158],[72.83576104122925,19.134550058972994],[72.83566484363732,19.134639250943422],[72.83528122959571,19.134905707515323],[72.83499616769505,19.13490235030722]]},"properties":{"id":"L00249","strahler":2,"length_m":253.8,"drop_m":0.1,"gradient":0.00039,"area_ha":46.17,"on_drain_share":0.0,"downstream":"L00261"}},{"type":"Feature","geometry":{"type":"LineString","coordinates":[[72.90255863020127,19.135595351885023],[72.9033279551898,19.134881506846135],[72.90333023589686,19.134700877426138],[72.90314246730205,19.134518080277893],[72.90315615208912,19.133434303787194]]},"properties":{"id":"L00280","strahler":3,"length_m":281.4,"drop_m":4.63,"gradient":0.01646,"area_ha":59.83,"on_drain_share":0.0,"downstream":"L00345"}},{"type":"Feature","geometry":{"type":"LineString","coordinates":[[72.90721601159912,19.135558107387826],[72.9069343505071,19.13528391684007],[72.90636419881632,19.13527742399569],[72.90599093134828,19.134731205279493],[72.90560741433445,19.1349978196075],[72.9054173642343,19.134995654182006],[72.90532917477613,19.134452682436994],[72.90504751879075,19.13417848944007],[72.90400110913772,19.134256889234734],[72.90315615208912,19.133434303787194]]},"properties":{"id":"L00281","strahler":1,"length_m":599.4,"drop_m":9.13,"gradient":0.01524,"area_ha":11.67,"on_drain_share":0.0,"downstream":"L00345"}},{"type":"Feature","geometry":{"type":"LineString","coordinates":[[72.88127544909452,19.135170617863697],[72.88137277737964,19.1349910862317],[72.88129042932397,19.133996543322677],[72.88167512960078,19.13363966979749],[72.8818651752377,19.133641859609348],[72.88340395839529,19.132214353985212]]},"properties":{"id":"L00299","strahler":2,"length_m":441.1,"drop_m":3.42,"gradient":0.00776,"area_ha":70.54,"on_drain_share":0.0,"downstream":"L00305"}},{"type":"Feature","geometry":{"type":"LineString","coordinates":[[72.82131919137628,19.134289136057557],[72.82112915257352,19.134286883609757],[72.82094148400365,19.134104011282012],[72.82094385418314,19.133923391594358],[72.82066116715026,19.133739392672215],[72.82038085148801,19.133374773743135],[72.82038914879193,19.132742605006225]]},"properties":{"id":"L00277","strahler":1,"length_m":229.0,"drop_m":1.18,"gradient":0.00516,"area_ha":9.16,"on_drain_share":0.0,"downstream":"L00288"}},{"type":"Feature","geometry":{"type":"LineString","coordinates":[[72.84640923178314,19.134223492141622],[72.84650308152759,19.13431491669867],[72.84735827089357,19.134324933194733],[72.8478298648195,19.134601430550795],[72.8485900350946,19.13461032894286],[72.84868388635701,19.13470175252085]]},"properties":{"id":"L00254","strahler":1,"length_m":260.7,"drop_m":12.26,"gradient":0.04702,"area_ha":7.09,"on_drain_share":0.0,"downstream":"L00203"}},{"type":"Feature","geometry":{"type":"LineString","coordinates":[[72.84869675656269,19.13370832597237],[72.84850437478839,19.133886724874365],[72.84868388635701,19.13470175252085]]},"properties":{"id":"L00255","strahler":2,"length_m":126.6,"drop_m":0.64,"gradient":0.00504,"area_ha":30.38,"on_drain_share":0.0,"downstream":"L00203"}},{"type":"Feature","geometry":{"type":"LineString","coordinates":[[72.92422906115941,19.13548002742284],[72.92470983735852,19.135033812451123],[72.92490101848333,19.134945641990306],[72.92528112332496,19.134949932364666]]},"properties":{"id":"L00260","strahler":1,"length_m":134.9,"drop_m":2.95,"gradient":0.0219,"area_ha":6.17,"on_drain_share":0.0,"downstream":"L00243"}},{"type":"Feature","geometry":{"type":"LineString","coordinates":[[72.91434974663622,19.13509721712341],[72.91415856087028,19.135185376054945],[72.91339835560161,19.13517674844239],[72.91273998780295,19.134627305185457],[72.9121698362456,19.13462083055368],[72.91207367541726,19.134710066494304],[72.9116935743261,19.13470574887421],[72.91159968491841,19.134614354156422]]},"properties":{"id":"L00265","strahler":2,"length_m":327.3,"drop_m":7.89,"gradient":0.02412,"area_ha":21.16,"on_drain_share":0.0,"downstream":"L00319"}},{"type":"Feature","geometry":{"type":"LineString","coordinates":[[72.85163422572805,19.13437495610033],[72.85154154131375,19.13419322221255],[72.85107110996225,19.133826422235007],[72.85078604693877,19.133823089682632],[72.85022176680609,19.133364865247085],[72.849936704734,19.133361531455485]]},"properties":{"id":"L00275","strahler":1,"length_m":231.4,"drop_m":3.95,"gradient":0.01705,"area_ha":7.4,"on_drain_share":0.0,"downstream":"L00269"}},{"type":"Feature","geometry":{"type":"LineString","coordinates":[[72.91463482360092,19.13510045135824],[72.91434974663622,19.13509721712341]]},"properties":{"id":"L00256","strahler":1,"length_m":30.0,"drop_m":0.18,"gradient":0.00591,"area_ha":4.07,"on_drain_share":0.0,"downstream":"L00265"}},{"type":"Feature","geometry":{"type":"LineString","coordinates":[[72.91635208627041,19.1345779547233],[72.91625592748902,19.134667193069024],[72.91578193356631,19.13457149130578],[72.91558961535785,19.13474996728217],[72.91530680648842,19.13456610377588],[72.91502173031827,19.13456287066944],[72.91434974663622,19.13509721712341]]},"properties":{"id":"L00257","strahler":1,"length_m":259.7,"drop_m":3.41,"gradient":0.01315,"area_ha":8.58,"on_drain_share":0.0,"downstream":"L00265"}},{"type":"Feature","geometry":{"type":"LineString","coordinates":[[72.8660068989348,19.132645521874608],[72.86572183514369,19.132642212668664],[72.865713710378,19.133274400352455],[72.86542632383262,19.133451715597936],[72.86523279749525,19.13372044629518],[72.86437760119838,19.133710513218226],[72.86428141790695,19.133799721731467],[72.86418755764878,19.13370830532843],[72.86399751412534,19.1337060972425],[72.86399983744194,19.133525472406014],[72.86390597749326,19.133434055886646],[72.86324082649627,19.133426325815872],[72.86314348071946,19.13360584606139],[72.86295227521416,19.133693949264046],[72.86257218853363,19.133689530346356],[72.86228363578262,19.133957152588],[72.86228014791432,19.134228089524164],[72.86180503826169,19.134222563870008],[72.86170885340545,19.13431177086856],[72.86132876562105,19.134307349244036],[72.8612349068946,19.1342159314669]]},"properties":{"id":"L00258","strahler":2,"length_m":698.0,"drop_m":16.0,"gradient":0.02293,"area_ha":65.67,"on_drain_share":0.0,"downstream":"L00240"}},{"type":"Feature","geometry":{"type":"LineString","coordinates":[[72.83814478535864,19.133945835728895],[72.83776705618006,19.133760743775156],[72.83739168013359,19.133395029449854]]},"properties":{"id":"L00267","strahler":1,"length_m":104.9,"drop_m":1.97,"gradient":0.0188,"area_ha":4.43,"on_drain_share":0.0,"downstream":"L00271"}},{"type":"Feature","geometry":{"type":"LineString","coordinates":[[72.86364647189174,19.131443870312555],[72.86345294556395,19.13171259913677],[72.86306821509234,19.13206943121438],[72.86287817358276,19.132067222153562],[72.86268464526238,19.13233594996021],[72.8619244783527,19.132327110836727],[72.86153974337167,19.132683939233743],[72.86115965935346,19.132679517621046],[72.86106580155383,19.13258809984093],[72.86077724873384,19.132855719696074],[72.86115384357039,19.133131078906644],[72.86115151721133,19.133311703414204],[72.86124537542932,19.133403121188177],[72.86105300611963,19.133581534586515],[72.86104951631822,19.133852471315276],[72.8612349068946,19.1342159314669]]},"properties":{"id":"L00262","strahler":1,"length_m":579.4,"drop_m":13.94,"gradient":0.02406,"area_ha":12.91,"on_drain_share":0.0,"downstream":"L00240"}},{"type":"Feature","geometry":{"type":"LineString","coordinates":[[72.88480168293029,19.13439828571564],[72.88461508754774,19.134125157981632],[72.88480858521622,19.133856403893446],[72.88481088592638,19.133675776611764],[72.88462544164285,19.133312335309675],[72.88462889289129,19.133041394401882],[72.88378404686065,19.13221872952681],[72.88378865005822,19.131857475135345]]},"properties":{"id":"L00306","strahler":3,"length_m":342.1,"drop_m":2.33,"gradient":0.00682,"area_ha":203.05,"on_drain_share":0.0,"downstream":"L00339"}},{"type":"Feature","geometry":{"type":"LineString","coordinates":[[72.9216090158387,19.132198594429333],[72.9217990647063,19.132200742820356],[72.92208752800472,19.13193301757896],[72.92237260094689,19.131936239307336],[72.92256490902531,19.131757755181688],[72.92275269829216,19.13194053425869],[72.92293709937702,19.132394260781048],[72.92481389294429,19.13431235761363],[72.92481163564591,19.134492989521373],[72.92528112332496,19.134949932364666]]},"properties":{"id":"L00266","strahler":2,"length_m":590.8,"drop_m":7.91,"gradient":0.01338,"area_ha":50.98,"on_drain_share":0.0,"downstream":"L00243"}},{"type":"Feature","geometry":{"type":"LineString","coordinates":[[72.89962656032772,19.134477941993683],[72.89953267833165,19.134386541750406],[72.89896253243221,19.13438002625222],[72.89877591223392,19.134106910674703],[72.89839924471137,19.133831622407477],[72.89801914896628,19.133827276716698],[72.897737507195,19.13355307374613],[72.89745243597599,19.133549813571474],[72.89735855576599,19.133458412372818],[72.89736084278023,19.133277783618574],[72.89707577210275,19.13327452290515],[72.89660637392204,19.132817515720557],[72.89660866167145,19.132636887041294]]},"properties":{"id":"L00297","strahler":1,"length_m":432.1,"drop_m":12.07,"gradient":0.02793,"area_ha":8.24,"on_drain_share":0.0,"downstream":"L00317"}},{"type":"Feature","geometry":{"type":"LineString","coordinates":[[72.91159968491841,19.134614354156422],[72.91056804458347,19.1335186945437],[72.91028524404452,19.133334824009612],[72.91009519527691,19.13333266359862],[72.90962575758836,19.13287568625713],[72.90962803119095,19.132695056068126],[72.9081247118446,19.131323037188853]]},"properties":{"id":"L00319","strahler":3,"length_m":536.7,"drop_m":5.04,"gradient":0.00938,"area_ha":62.39,"on_drain_share":0.0,"downstream":"L00325"}},{"type":"Feature","geometry":{"type":"LineString","coordinates":[[72.84090389879668,19.133707288391445],[72.84081005275486,19.133615861303653],[72.84081240126869,19.133435239221313],[72.84062470967442,19.133252384948612],[72.84063292989406,19.132620207696295],[72.83911261596955,19.132602343778768],[72.8387301870889,19.13277849768841],[72.83835010856569,19.13277402891815],[72.83816124498861,19.132681483348318],[72.83739168013359,19.133395029449854]]},"properties":{"id":"L00272","strahler":1,"length_m":518.0,"drop_m":8.29,"gradient":0.016,"area_ha":12.35,"on_drain_share":0.0,"downstream":"L00271"}},{"type":"Feature","geometry":{"type":"LineString","coordinates":[[72.88755966316711,19.134249345558697],[72.88727803973644,19.13397512814864],[72.8870879930515,19.13397294389353],[72.88690139406276,19.133699818154987],[72.88652474967242,19.133424507501278],[72.8864343244452,19.133062160075667],[72.88653049659486,19.132972938766716],[72.88663126583057,19.132522462365895],[72.88692207886189,19.132074170251254],[72.88674582433443,19.13098822052928],[72.88561936193913,19.1298913460768]]},"properties":{"id":"L00340","strahler":1,"length_m":626.0,"drop_m":8.8,"gradient":0.01405,"area_ha":12.02,"on_drain_share":0.0,"downstream":"L00341"}},{"type":"Feature","geometry":{"type":"LineString","coordinates":[[72.89193075206954,19.134299523287133],[72.8916502672787,19.133934997841447],[72.89174987720817,19.133574831448794],[72.89146824719808,19.133300619890466]]},"properties":{"id":"L00279","strahler":1,"length_m":139.0,"drop_m":2.37,"gradient":0.01705,"area_ha":8.37,"on_drain_share":0.0,"downstream":"L00329"}},{"type":"Feature","geometry":{"type":"LineString","coordinates":[[72.84834358600868,19.131626713135322],[72.84833539558652,19.132258893675175],[72.84861577569868,19.132623475833565],[72.84869675656269,19.13370832597237]]},"properties":{"id":"L00268","strahler":1,"length_m":246.6,"drop_m":1.08,"gradient":0.0044,"area_ha":8.45,"on_drain_share":0.0,"downstream":"L00255"}},{"type":"Feature","geometry":{"type":"LineString","coordinates":[[72.849936704734,19.133361531455485],[72.84974432459488,19.13353993183182],[72.84888913792433,19.133529926825265],[72.84869675656269,19.13370832597237]]},"properties":{"id":"L00269","strahler":2,"length_m":146.6,"drop_m":1.14,"gradient":0.00779,"area_ha":18.61,"on_drain_share":0.0,"downstream":"L00255"}},{"type":"Feature","geometry":{"type":"LineString","coordinates":[[72.83654473702694,19.132752791547002],[72.83654238396386,19.132933413132246],[72.83663622707218,19.133024842138095],[72.83663034452331,19.133476396108097]]},"properties":{"id":"L00270","strahler":1,"length_m":84.1,"drop_m":-5.95,"gradient":0.0,"area_ha":19.71,"on_drain_share":0.0,"downstream":"L00249"}},{"type":"Feature","geometry":{"type":"LineString","coordinates":[[72.83739168013359,19.133395029449854],[72.83682273719165,19.133298010839244],[72.83663034452331,19.133476396108097]]},"properties":{"id":"L00271","strahler":2,"length_m":92.4,"drop_m":-0.11,"gradient":0.0,"area_ha":17.68,"on_drain_share":0.0,"downstream":"L00249"}},{"type":"Feature","geometry":{"type":"LineString","coordinates":[[72.83273689101254,19.133249886820877],[72.8314243076588,19.13187954165266]]},"properties":{"id":"L00294","strahler":1,"length_m":208.0,"drop_m":-6.9,"gradient":0.0,"area_ha":97.36,"on_drain_share":0.0,"downstream":"L00301"}},{"type":"Feature","geometry":{"type":"LineString","coordinates":[[72.92977776263248,19.132561746900063],[72.93043506022687,19.133201450044556],[72.93043393470721,19.133291766332153],[72.93080953578348,19.133657310143324],[72.93108786202741,19.134202416542013],[72.93136956525396,19.134476573677667]]},"properties":{"id":"L00273","strahler":1,"length_m":280.4,"drop_m":0.3,"gradient":0.00108,"area_ha":6.85,"on_drain_share":0.0,"downstream":"L00246"}},{"type":"Feature","geometry":{"type":"LineString","coordinates":[[72.93179016226397,19.131229461338048],[72.93197796213599,19.131412231894803],[72.93216801135584,19.13141436948737],[72.93282531496853,19.13205406459288],[72.9328241908209,19.132144381028517],[72.93234344341096,19.13259062020686],[72.93196334226349,19.132586344935664],[72.93148034148373,19.133213214201167],[72.93147359167561,19.133755112270855],[72.93118513851066,19.134022853328418],[72.93137181541988,19.13429594101762],[72.93136956525396,19.134476573677667]]},"properties":{"id":"L00274","strahler":1,"length_m":519.4,"drop_m":0.99,"gradient":0.00191,"area_ha":14.79,"on_drain_share":0.0,"downstream":"L00246"}},{"type":"Feature","geometry":{"type":"LineString","coordinates":[[72.92947129235912,19.13427454494408],[72.92956744450565,19.134185298985415],[72.92957194865708,19.13382403406292],[72.92947804889583,19.13373264759294],[72.92928912351874,19.133640190754228],[72.92852779141188,19.13372194252596],[72.92843389233313,19.13363055558081],[72.92824384102832,19.13362841389172],[72.92815106894544,19.133446710665936],[72.92776983986687,19.13353274267917],[72.92748814460204,19.133258580706862]]},"properties":{"id":"L00285","strahler":1,"length_m":321.4,"drop_m":0.75,"gradient":0.00234,"area_ha":9.85,"on_drain_share":0.0,"downstream":"L00346"}},{"type":"Feature","geometry":{"type":"LineString","coordinates":[[72.85051033583613,19.13309726373101],[72.85022527416902,19.133093930431453],[72.849936704734,19.133361531455485]]},"properties":{"id":"L00276","strahler":1,"length_m":72.4,"drop_m":0.01,"gradient":0.00015,"area_ha":9.43,"on_drain_share":0.0,"downstream":"L00269"}},{"type":"Feature","geometry":{"type":"LineString","coordinates":[[72.82038914879193,19.132742605006225],[72.82010764977977,19.132468295660292],[72.82001974432539,19.131925310103355]]},"properties":{"id":"L00288","strahler":2,"length_m":106.6,"drop_m":2.22,"gradient":0.02087,"area_ha":65.79,"on_drain_share":0.0,"downstream":null}},{"type":"Feature","geometry":{"type":"LineString","coordinates":[[72.82154121738233,19.131853021328446],[72.82125260897094,19.132120572987983],[72.82096755451019,19.132117194507344],[72.82058037093364,19.132654548209196],[72.82038914879193,19.132742605006225]]},"properties":{"id":"L00278","strahler":2,"length_m":173.1,"drop_m":0.45,"gradient":0.00261,"area_ha":55.47,"on_drain_share":0.0,"downstream":"L00288"}},{"type":"Feature","geometry":{"type":"LineString","coordinates":[[72.89393541699481,19.133599882639825],[72.89394687050759,19.132696740837705],[72.89366523784692,19.132422532418502],[72.89290620109125,19.13232350717356],[72.8924253567483,19.132769631648912],[72.89223531080981,19.13276745284464]]},"properties":{"id":"L00291","strahler":1,"length_m":317.3,"drop_m":6.3,"gradient":0.01985,"area_ha":7.03,"on_drain_share":0.0,"downstream":"L00282"}},{"type":"Feature","geometry":{"type":"LineString","coordinates":[[72.9269089727265,19.133974680896692],[72.92738973766666,19.133528457753457],[72.92748814460204,19.133258580706862]]},"properties":{"id":"L00284","strahler":1,"length_m":104.9,"drop_m":-0.49,"gradient":0.0,"area_ha":7.02,"on_drain_share":0.0,"downstream":"L00346"}},{"type":"Feature","geometry":{"type":"LineString","coordinates":[[72.82447849816779,19.132520071893126],[72.82419580884059,19.132336078233724],[72.82391075345035,19.132332704278006],[72.82353541391886,19.131966964911175],[72.82334537749124,19.131964715015744]]},"properties":{"id":"L00290","strahler":1,"length_m":144.9,"drop_m":-1.09,"gradient":0.0,"area_ha":6.94,"on_drain_share":0.0,"downstream":"L00289"}},{"type":"Feature","geometry":{"type":"LineString","coordinates":[[72.89146824719808,19.133300619890466],[72.89099886591129,19.132843599848204],[72.89080882006333,19.132841419561856],[72.89071265006005,19.132930643339662],[72.89014251240043,19.132924100976403],[72.8899559090511,19.13265097794282],[72.88882826519976,19.131644434138018],[72.88854434707984,19.131550846587253],[72.887979957329,19.131092728705717],[72.88750714611204,19.130906642651976],[72.88703778287928,19.130449614072827]]},"properties":{"id":"L00329","strahler":4,"length_m":612.5,"drop_m":2.51,"gradient":0.00409,"area_ha":876.65,"on_drain_share":0.0,"downstream":"L00342"}},{"type":"Feature","geometry":{"type":"LineString","coordinates":[[72.89223531080981,19.13276745284464],[72.89146824719808,19.133300619890466]]},"properties":{"id":"L00282","strahler":4,"length_m":104.9,"drop_m":0.83,"gradient":0.0079,"area_ha":856.73,"on_drain_share":0.0,"downstream":"L00329"}},{"type":"Feature","geometry":{"type":"LineString","coordinates":[[72.90315615208912,19.133434303787194],[72.8997764074598,19.130143930426833],[72.89939974636155,19.129868644800265],[72.89901965943726,19.129864302041316]]},"properties":{"id":"L00345","strahler":3,"length_m":601.5,"drop_m":-2.5,"gradient":0.0,"area_ha":95.62,"on_drain_share":0.0,"downstream":"L00320"}},{"type":"Feature","geometry":{"type":"LineString","coordinates":[[72.87142196456443,19.13279862581018],[72.87114037264655,19.13252438642494],[72.8711438457319,19.132253447869584],[72.87095611857276,19.13207062144651],[72.87086688637784,19.13161795681188],[72.87058529726298,19.131343716825395],[72.87011019327865,19.131338213423486]]},"properties":{"id":"L00310","strahler":1,"length_m":247.3,"drop_m":9.09,"gradient":0.03676,"area_ha":7.02,"on_drain_share":0.0,"downstream":"L00334"}},{"type":"Feature","geometry":{"type":"LineString","coordinates":[[72.91551839690958,19.13285226585763],[72.91532721434858,19.132940426329167],[72.9145670187847,19.13293180451916],[72.91427854268485,19.133199516613217],[72.91399346904697,19.13319628213476],[72.91389731000508,19.13328551921404],[72.91370839546659,19.133193047214963],[72.91332829744881,19.133188733302052],[72.9129538745603,19.13273284217988],[72.91305684317994,19.132101713827623],[72.91277631178858,19.131737216494248],[72.9122118467148,19.131279166632762],[72.91135663698839,19.131269453199796],[72.91049574655874,19.13171131158353],[72.90973555896758,19.13170267033707],[72.90907380623446,19.131424161448937],[72.90860437647906,19.130967182188595],[72.90774917033401,19.130957452135064]]},"properties":{"id":"L00327","strahler":1,"length_m":1052.5,"drop_m":19.33,"gradient":0.01837,"area_ha":20.07,"on_drain_share":0.0,"downstream":"L00400"}},{"type":"Feature","geometry":{"type":"LineString","coordinates":[[72.86619694149488,19.132647727766745],[72.8660068989348,19.132645521874608]]},"properties":{"id":"L00283","strahler":1,"length_m":20.0,"drop_m":0.18,"gradient":0.00914,"area_ha":4.34,"on_drain_share":0.0,"downstream":"L00258"}},{"type":"Feature","geometry":{"type":"LineString","coordinates":[[72.82334537749124,19.131964715015744],[72.82324917558549,19.13205389999701],[72.82172888440601,19.132035892898447],[72.82154121738233,19.131853021328446]]},"properties":{"id":"L00289","strahler":2,"length_m":202.4,"drop_m":2.33,"gradient":0.01151,"area_ha":43.31,"on_drain_share":0.0,"downstream":"L00278"}},{"type":"Feature","geometry":{"type":"LineString","coordinates":[[72.84084410361702,19.130996840735744],[72.83999950561733,19.130173996436177],[72.83952558925853,19.130078103361917],[72.83827507313651,19.131237626237503],[72.8381800544056,19.131236508969785],[72.83769790597047,19.131772787146247],[72.83731783000775,19.131768316468495],[72.83683685363393,19.132214281111917]]},"properties":{"id":"L00286","strahler":1,"length_m":566.7,"drop_m":5.0,"gradient":0.00882,"area_ha":17.41,"on_drain_share":0.0,"downstream":null}},{"type":"Feature","geometry":{"type":"LineString","coordinates":[[72.86728160657883,19.129589227064653],[72.86708692847469,19.129948273185775],[72.86699190867982,19.129947170873425],[72.86631748886984,19.130661954018198],[72.86629544380071,19.132377892945396],[72.8660068989348,19.132645521874608]]},"properties":{"id":"L00287","strahler":2,"length_m":399.7,"drop_m":10.16,"gradient":0.02543,"area_ha":44.3,"on_drain_share":0.0,"downstream":"L00258"}},{"type":"Feature","geometry":{"type":"LineString","coordinates":[[72.92748814460204,19.133258580706862],[72.92730147548409,19.13298548975298],[72.92730372988386,19.1328048575299],[72.92711818879599,19.132441450347724],[72.92731162008309,19.132172644719187],[72.92731950997133,19.131540431861932],[72.92722673987821,19.13135872833594],[72.92789979736183,19.13073401306829],[72.92800270798494,19.130102870729363]]},"properties":{"id":"L00346","strahler":2,"length_m":412.1,"drop_m":3.07,"gradient":0.00744,"area_ha":25.25,"on_drain_share":0.0,"downstream":"L00383"}},{"type":"Feature","geometry":{"type":"LineString","coordinates":[[72.82666462368988,19.125229668672777],[72.82655897584232,19.126041338126267],[72.8247312231645,19.12773588494314],[72.82585722976783,19.128833092275787],[72.8258525014218,19.129194333030537],[72.82594633615533,19.12928576674329],[72.82575393815928,19.12946413999966],[72.82527885359352,19.129458521329965],[72.82508645473592,19.129636893793567],[72.82527294136446,19.12991007206636],[72.82526702896894,19.13036162277885],[72.82468982766514,19.130896739033176],[72.82449979231527,19.130894490451308],[72.82334537749124,19.131964715015744]]},"properties":{"id":"L00292","strahler":1,"length_m":1056.1,"drop_m":-2.64,"gradient":0.0,"area_ha":34.08,"on_drain_share":0.0,"downstream":"L00289"}},{"type":"Feature","geometry":{"type":"LineString","coordinates":[[72.89348664740675,19.131517213283846],[72.89358052428976,19.131608616170425],[72.8933893339832,19.131696752849454],[72.89223531080981,19.13276745284464]]},"properties":{"id":"L00295","strahler":4,"length_m":208.0,"drop_m":0.87,"gradient":0.00416,"area_ha":847.16,"on_drain_share":0.0,"downstream":"L00282"}},{"type":"Feature","geometry":{"type":"LineString","coordinates":[[72.82156372396207,19.13013713303509],[72.82154714039993,19.13140147181104],[72.82173362247423,19.13167465324835],[72.82154121738233,19.131853021328446]]},"properties":{"id":"L00298","strahler":1,"length_m":206.6,"drop_m":2.87,"gradient":0.01391,"area_ha":9.42,"on_drain_share":0.0,"downstream":"L00278"}},{"type":"Feature","geometry":{"type":"LineString","coordinates":[[72.8314243076588,19.13187954165266],[72.83104895080685,19.131513816089562]]},"properties":{"id":"L00301","strahler":3,"length_m":56.6,"drop_m":1.86,"gradient":0.03292,"area_ha":233.95,"on_drain_share":0.0,"downstream":"L00303"}},{"type":"Feature","geometry":{"type":"LineString","coordinates":[[72.89660866167145,19.132636887041294],[72.89670940383384,19.132186402458924],[72.89709521331466,19.131739178621796],[72.897099787447,19.131377921103383],[72.89700705211465,19.13119620546286]]},"properties":{"id":"L00317","strahler":3,"length_m":184.9,"drop_m":-0.39,"gradient":0.0,"area_ha":187.43,"on_drain_share":0.0,"downstream":"L00336"}},{"type":"Feature","geometry":{"type":"LineString","coordinates":[[72.87808157686648,19.13224332729303],[72.87922183883293,19.132256484579766],[72.87931801394552,19.132167267367436],[72.87932493324809,19.13162538734231],[72.8795172824669,19.131446952656106],[72.87952074168211,19.131176012591567],[72.87990543818512,19.130819142407628],[72.88028552259597,19.13082352487198]]},"properties":{"id":"L00323","strahler":1,"length_m":349.0,"drop_m":13.81,"gradient":0.03958,"area_ha":9.46,"on_drain_share":0.0,"downstream":"L00302"}},{"type":"Feature","geometry":{"type":"LineString","coordinates":[[72.90782371441664,19.13258420346056],[72.90783509178222,19.131681053491764],[72.9081247118446,19.131323037188853]]},"properties":{"id":"L00318","strahler":1,"length_m":152.4,"drop_m":0.41,"gradient":0.00267,"area_ha":9.17,"on_drain_share":0.0,"downstream":"L00325"}},{"type":"Feature","geometry":{"type":"LineString","coordinates":[[72.93614109329526,19.13290427962155],[72.93700754391679,19.13201071189758],[72.93701651866164,19.131288178462896],[72.93730495815784,19.13102042684676],[72.93778008173601,19.131025756595296],[72.93787734912725,19.130846188926604]]},"properties":{"id":"L00331","strahler":1,"length_m":333.8,"drop_m":3.24,"gradient":0.00971,"area_ha":9.37,"on_drain_share":0.0,"downstream":"L00351"}},{"type":"Feature","geometry":{"type":"LineString","coordinates":[[72.83095275288876,19.131603005543507],[72.83104895080685,19.131513816089562]]},"properties":{"id":"L00300","strahler":1,"length_m":14.1,"drop_m":0.0,"gradient":0.0,"area_ha":6.07,"on_drain_share":0.0,"downstream":"L00303"}},{"type":"Feature","geometry":{"type":"LineString","coordinates":[[72.88028552259597,19.13082352487198],[72.88047441231681,19.130916029225236],[72.88085449708971,19.13092041053519],[72.88132269070954,19.13146776684128],[72.88150812577338,19.131831210651807],[72.88150582171178,19.132011837582724],[72.88169356158463,19.132194654339926],[72.88188360557095,19.132196843973894],[72.88217212663749,19.1319291875483],[72.88255221414683,19.131933565572815],[72.882648387449,19.131844346423726],[72.88274340929745,19.131845440752695],[72.8831188921143,19.132211071814197],[72.88340395839529,19.132214353985212]]},"properties":{"id":"L00302","strahler":2,"length_m":454.6,"drop_m":5.72,"gradient":0.01258,"area_ha":35.52,"on_drain_share":0.0,"downstream":"L00305"}},{"type":"Feature","geometry":{"type":"LineString","coordinates":[[72.88340395839529,19.132214353985212],[72.88378865005822,19.131857475135345]]},"properties":{"id":"L00305","strahler":3,"length_m":56.6,"drop_m":-0.42,"gradient":0.0,"area_ha":107.31,"on_drain_share":0.0,"downstream":"L00339"}},{"type":"Feature","geometry":{"type":"LineString","coordinates":[[72.83104895080685,19.131513816089562],[72.83114514862179,19.13142462657426]]},"properties":{"id":"L00303","strahler":3,"length_m":14.1,"drop_m":0.0,"gradient":0.0,"area_ha":240.18,"on_drain_share":0.0,"downstream":"L00390"}},{"type":"Feature","geometry":{"type":"LineString","coordinates":[[72.85489878682912,19.131793640718605],[72.85452337321775,19.131427958074468],[72.85385940136898,19.13132988301335],[72.85320243468419,19.130689934801985],[72.85311325217941,19.130237266256444],[72.85330679209942,19.12996854974577],[72.85331029376147,19.129697614280126],[72.85350383266123,19.12942889745479],[72.85350733389558,19.129157961938166],[72.85331963123775,19.128975119663075],[72.85332429981815,19.12861387233165],[72.85313659793279,19.128431029939165]]},"properties":{"id":"L00353","strahler":1,"length_m":517.0,"drop_m":7.44,"gradient":0.01439,"area_ha":12.44,"on_drain_share":0.0,"downstream":"L00375"}},{"type":"Feature","geometry":{"type":"LineString","coordinates":[[72.83048709831924,19.13087491613872],[72.83105013023342,19.131423505612787],[72.83114514862179,19.13142462657426]]},"properties":{"id":"L00304","strahler":2,"length_m":94.9,"drop_m":1.47,"gradient":0.01548,"area_ha":18.67,"on_drain_share":0.0,"downstream":"L00390"}},{"type":"Feature","geometry":{"type":"LineString","coordinates":[[72.83114514862179,19.13142462657426],[72.83152993885015,19.131067867899432],[72.83153819265944,19.1304356943093],[72.8312566768477,19.13016140055214],[72.83126493127509,19.129529227014615],[72.83107725521185,19.129346364383185],[72.83107961373962,19.129165743382803],[72.83146793537048,19.128538052674628],[72.83147029336624,19.128357431611512],[72.83128261823816,19.128174569276492],[72.8313014826854,19.12672960078549],[72.83120764599472,19.12663816963587],[72.8312111830241,19.126367238030777]]},"properties":{"id":"L00390","strahler":3,"length_m":626.3,"drop_m":-2.08,"gradient":0.0,"area_ha":271.28,"on_drain_share":0.0,"downstream":"L00451"}},{"type":"Feature","geometry":{"type":"LineString","coordinates":[[72.8437838258454,19.13148296636578],[72.84378617084447,19.131302343886524],[72.84360082295387,19.13093887006407],[72.8437932056832,19.13076047642584],[72.84389525878633,19.130219723238223],[72.8435187024931,19.12994433200483],[72.84352104757708,19.129763709527058],[72.84342720194289,19.129672283817168],[72.84352339263467,19.129583087045464],[72.84352808267059,19.12922184207082],[72.84362427302655,19.12913264521137],[72.8435316001282,19.128950908329816]]},"properties":{"id":"L00349","strahler":1,"length_m":339.7,"drop_m":6.12,"gradient":0.01802,"area_ha":10.78,"on_drain_share":0.0,"downstream":"L00384"}},{"type":"Feature","geometry":{"type":"LineString","coordinates":[[72.92019269813397,19.131459949538044],[72.92075379624949,19.132188924242442],[72.92103886938861,19.13219214807939],[72.92122665725333,19.132374928596033],[72.9216090158387,19.132198594429333]]},"properties":{"id":"L00308","strahler":2,"length_m":211.4,"drop_m":18.16,"gradient":0.08588,"area_ha":10.98,"on_drain_share":0.0,"downstream":"L00266"}},{"type":"Feature","geometry":{"type":"LineString","coordinates":[[72.88378865005822,19.131857475135345],[72.88475037199466,19.130965273734464],[72.8847584232771,19.130333078057394],[72.88495191565505,19.130064323268186],[72.88485919485518,19.12988260281623]]},"properties":{"id":"L00339","strahler":4,"length_m":273.8,"drop_m":3.19,"gradient":0.01163,"area_ha":318.16,"on_drain_share":0.0,"downstream":"L00366"}},{"type":"Feature","geometry":{"type":"LineString","coordinates":[[72.84635286052307,19.13124210341965],[72.8460713165363,19.13096782985127],[72.84607717259802,19.130516272938674],[72.84579211619211,19.130512933200855],[72.8455105743317,19.13023865896457],[72.84580031548445,19.129880753601824],[72.8458178843083,19.128526082874924],[72.8457240379077,19.128434658271534],[72.84515510398613,19.128337666607617],[72.84496389732307,19.12842575079526],[72.8448665363375,19.128605259804974],[72.8444852938802,19.1286911159575],[72.84429291445612,19.128869510665396],[72.8435316001282,19.128950908329816]]},"properties":{"id":"L00350","strahler":1,"length_m":650.4,"drop_m":4.67,"gradient":0.00718,"area_ha":15.55,"on_drain_share":0.0,"downstream":"L00384"}},{"type":"Feature","geometry":{"type":"LineString","coordinates":[[72.87580914164205,19.131584799621724],[72.8757152755251,19.131493388595565],[72.8757187409489,19.13122244920227],[72.87619846578116,19.130866685436096],[72.87714867498532,19.130877659302246],[72.87734102534863,19.130699227023097],[72.87762377983117,19.130883144396833],[72.87809888483949,19.13088862826574],[72.87838740887746,19.13062097811747],[72.8792425970846,19.130630844518798],[72.87933877115192,19.13054162718915]]},"properties":{"id":"L00326","strahler":1,"length_m":473.8,"drop_m":13.67,"gradient":0.02884,"area_ha":12.0,"on_drain_share":0.0,"downstream":"L00324"}},{"type":"Feature","geometry":{"type":"LineString","coordinates":[[72.8282090292221,19.130667371491647],[72.82858910036781,19.130671860743703],[72.82915566605146,19.13094952425993],[72.83010584632689,19.130960741188314],[72.83020204424183,19.13087155218026],[72.83048709831924,19.13087491613872]]},"properties":{"id":"L00309","strahler":2,"length_m":256.6,"drop_m":1.65,"gradient":0.00642,"area_ha":12.86,"on_drain_share":0.0,"downstream":"L00304"}},{"type":"Feature","geometry":{"type":"LineString","coordinates":[[72.87011019327865,19.131338213423486],[72.86944504797452,19.13133050660168],[72.86916462055989,19.130965951953538],[72.8691680965619,19.130695013701697],[72.86898037337467,19.13051218561187],[72.86908002834817,19.130152035927235],[72.86889230581771,19.12996920780621]]},"properties":{"id":"L00334","strahler":2,"length_m":253.1,"drop_m":3.31,"gradient":0.01307,"area_ha":17.75,"on_drain_share":0.0,"downstream":"L00344"}},{"type":"Feature","geometry":{"type":"LineString","coordinates":[[72.8302055837545,19.130600620880703],[72.83048709831924,19.13087491613872]]},"properties":{"id":"L00311","strahler":1,"length_m":42.4,"drop_m":0.39,"gradient":0.00928,"area_ha":5.34,"on_drain_share":0.0,"downstream":"L00304"}},{"type":"Feature","geometry":{"type":"LineString","coordinates":[[72.8708738330271,19.131076079735962],[72.8703987297186,19.131070577153288],[72.87011019327865,19.131338213423486]]},"properties":{"id":"L00312","strahler":1,"length_m":92.4,"drop_m":2.66,"gradient":0.02883,"area_ha":5.08,"on_drain_share":0.0,"downstream":"L00334"}},{"type":"Feature","geometry":{"type":"LineString","coordinates":[[72.82783132041631,19.130482260870888],[72.82801899368913,19.1306651265715],[72.8282090292221,19.130667371491647]]},"properties":{"id":"L00313","strahler":1,"length_m":48.3,"drop_m":-1.16,"gradient":0.0,"area_ha":4.22,"on_drain_share":0.0,"downstream":"L00309"}},{"type":"Feature","geometry":{"type":"LineString","coordinates":[[72.8620497258769,19.129980095416848],[72.86147379494858,19.130425026697445],[72.86090367673606,19.130418394531986],[72.86089902415875,19.130779643590408],[72.86070665786016,19.13095805693252],[72.86042043452167,19.131045052025016],[72.85985729692375,19.130496543182556],[72.85947954613795,19.130311494214396],[72.85835328595157,19.12921447037377],[72.85845878400576,19.12840276787325],[72.85865114921026,19.128224356785783],[72.85865464181545,19.127953420317652]]},"properties":{"id":"L00363","strahler":1,"length_m":698.4,"drop_m":5.06,"gradient":0.00724,"area_ha":23.7,"on_drain_share":0.0,"downstream":"L00427"}},{"type":"Feature","geometry":{"type":"LineString","coordinates":[[72.89284211562224,19.129883936415954],[72.89283409529817,19.130516135429616],[72.8925490301911,19.13051286815284],[72.89226052683522,19.13078054275542],[72.89225823459836,19.13096117096439],[72.89235211045624,19.131052574389],[72.89292224250777,19.131059109288724],[72.89348664740675,19.131517213283846]]},"properties":{"id":"L00314","strahler":1,"length_m":317.3,"drop_m":5.43,"gradient":0.01711,"area_ha":7.49,"on_drain_share":0.0,"downstream":"L00295"}},{"type":"Feature","geometry":{"type":"LineString","coordinates":[[72.89568818224005,19.1302778410026],[72.89530809528863,19.13027349048511],[72.89511461824453,19.13054225775885],[72.89492457452383,19.130540081976694],[72.89425255153114,19.13107435052401],[72.89377744102053,19.131068908328846],[72.89348893838002,19.131336584942517],[72.89348664740675,19.131517213283846]]},"properties":{"id":"L00315","strahler":4,"length_m":305.6,"drop_m":3.74,"gradient":0.01223,"area_ha":835.05,"on_drain_share":0.0,"downstream":"L00295"}},{"type":"Feature","geometry":{"type":"LineString","coordinates":[[72.91838611286093,19.131529832508548],[72.91848000480252,19.131621223974943],[72.9194291127968,19.131722295493717],[72.91990988864829,19.131276093104763],[72.92019269813397,19.131459949538044]]},"properties":{"id":"L00321","strahler":1,"length_m":227.3,"drop_m":5.6,"gradient":0.02463,"area_ha":5.51,"on_drain_share":0.0,"downstream":"L00308"}},{"type":"Feature","geometry":{"type":"LineString","coordinates":[[72.82745833767454,19.129935908456513],[72.8282090292221,19.130667371491647]]},"properties":{"id":"L00316","strahler":1,"length_m":113.1,"drop_m":-2.04,"gradient":0.0,"area_ha":6.2,"on_drain_share":0.0,"downstream":"L00309"}},{"type":"Feature","geometry":{"type":"LineString","coordinates":[[72.85567177419627,19.13080907722061],[72.85557558856465,19.13089828091023],[72.85519551011868,19.130893847369908],[72.85444585337268,19.130072170991056],[72.85444818659613,19.12989154721498],[72.85464055755725,19.129713140941302],[72.85464872281848,19.129080957602827],[72.85455487078536,19.128989537009957],[72.85417829701305,19.128714166136348],[72.85379822391172,19.128709730195233],[72.85351667023134,19.12843546718518],[72.85313659793279,19.128431029939165]]},"properties":{"id":"L00354","strahler":1,"length_m":484.6,"drop_m":8.04,"gradient":0.01659,"area_ha":10.65,"on_drain_share":0.0,"downstream":"L00375"}},{"type":"Feature","geometry":{"type":"LineString","coordinates":[[72.93872024127676,19.131849263426908],[72.93862969988575,19.131486930931565],[72.93853467484274,19.131485865494184],[72.93787734912725,19.130846188926604]]},"properties":{"id":"L00332","strahler":1,"length_m":153.1,"drop_m":0.41,"gradient":0.00269,"area_ha":6.76,"on_drain_share":0.0,"downstream":"L00351"}},{"type":"Feature","geometry":{"type":"LineString","coordinates":[[72.89700705211465,19.13119620546286],[72.89606826929457,19.13028219073565],[72.89568818224005,19.1302778410026]]},"properties":{"id":"L00336","strahler":4,"length_m":181.4,"drop_m":-0.49,"gradient":0.0,"area_ha":817.35,"on_drain_share":0.0,"downstream":"L00315"}},{"type":"Feature","geometry":{"type":"LineString","coordinates":[[72.89901965943726,19.129864302041316],[72.89825034335668,19.13057812985084],[72.89787025509082,19.130573784562106],[72.89729326261464,19.131109151547683],[72.89700705211465,19.13119620546286]]},"properties":{"id":"L00320","strahler":4,"length_m":272.1,"drop_m":8.41,"gradient":0.0309,"area_ha":623.91,"on_drain_share":0.0,"downstream":"L00336"}},{"type":"Feature","geometry":{"type":"LineString","coordinates":[[72.9081247118446,19.131323037188853],[72.90774917033401,19.130957452135064]]},"properties":{"id":"L00325","strahler":3,"length_m":56.6,"drop_m":0.0,"gradient":0.0,"area_ha":74.71,"on_drain_share":0.0,"downstream":"L00400"}},{"type":"Feature","geometry":{"type":"LineString","coordinates":[[72.88941102255552,19.130657526868706],[72.889220979403,19.1306553451811],[72.88883630127485,19.131012236838334],[72.8884562143256,19.131007872001703],[72.8876079109032,19.13045616524655],[72.88703778287928,19.130449614072827]]},"properties":{"id":"L00330","strahler":1,"length_m":291.4,"drop_m":1.2,"gradient":0.00412,"area_ha":9.92,"on_drain_share":0.0,"downstream":"L00342"}},{"type":"Feature","geometry":{"type":"LineString","coordinates":[[72.92019496006799,19.131279318101903],[72.92019269813397,19.131459949538044]]},"properties":{"id":"L00322","strahler":1,"length_m":20.0,"drop_m":-0.67,"gradient":0.0,"area_ha":4.06,"on_drain_share":0.0,"downstream":"L00308"}},{"type":"Feature","geometry":{"type":"LineString","coordinates":[[72.87933877115192,19.13054162718915],[72.87971654894828,19.1307266375096],[72.88019165415528,19.130732115929916],[72.88028552259597,19.13082352487198]]},"properties":{"id":"L00324","strahler":2,"length_m":112.4,"drop_m":0.65,"gradient":0.00582,"area_ha":18.29,"on_drain_share":0.0,"downstream":"L00302"}},{"type":"Feature","geometry":{"type":"LineString","coordinates":[[72.90774917033401,19.130957452135064],[72.90652867182338,19.129769296400994],[72.90633862759147,19.129767132495605],[72.9030527607636,19.126568215879384],[72.90267268049466,19.12656388138704]]},"properties":{"id":"L00400","strahler":3,"length_m":738.8,"drop_m":0.0,"gradient":0.0,"area_ha":102.71,"on_drain_share":0.0,"downstream":"L00357"}},{"type":"Feature","geometry":{"type":"LineString","coordinates":[[72.87820082833107,19.130347845188087],[72.87915103580549,19.130358808424614],[72.87933877115192,19.13054162718915]]},"properties":{"id":"L00328","strahler":1,"length_m":128.3,"drop_m":3.13,"gradient":0.02439,"area_ha":4.95,"on_drain_share":0.0,"downstream":"L00324"}},{"type":"Feature","geometry":{"type":"LineString","coordinates":[[72.88703778287928,19.130449614072827],[72.88665769765937,19.130445245643152],[72.88618718880193,19.130078528980246],[72.88599714670814,19.13007634402536],[72.88580940377487,19.129893531401688],[72.88561936193913,19.1298913460768]]},"properties":{"id":"L00342","strahler":4,"length_m":174.9,"drop_m":0.06,"gradient":0.00036,"area_ha":890.3,"on_drain_share":0.0,"downstream":"L00341"}},{"type":"Feature","geometry":{"type":"LineString","coordinates":[[72.83487323959663,19.12975240227156],[72.83468555893056,19.129569542914354]]},"properties":{"id":"L00333","strahler":1,"length_m":28.3,"drop_m":-0.18,"gradient":0.0,"area_ha":6.73,"on_drain_share":0.0,"downstream":"L00402"}},{"type":"Feature","geometry":{"type":"LineString","coordinates":[[72.93787734912725,19.130846188926604],[72.93788183436477,19.13048492197263],[72.93769514969225,19.130211840190352],[72.93788856203165,19.12994302151318],[72.93817587661198,19.129765584905435],[72.93817699770032,19.129675268140744]]},"properties":{"id":"L00351","strahler":2,"length_m":164.9,"drop_m":2.34,"gradient":0.01417,"area_ha":19.24,"on_drain_share":0.0,"downstream":"L00367"}},{"type":"Feature","geometry":{"type":"LineString","coordinates":[[72.83468555893056,19.129569542914354],[72.83431255383087,19.129023202345692],[72.83432315097981,19.128210406039123],[72.83413547253974,19.128027546322638],[72.83414018257075,19.127666303532706],[72.83442758656207,19.12748903941295],[72.8344311185119,19.127218107253583],[72.834622328113,19.127130034428667],[72.83462585967392,19.12685910222374],[72.83443818223253,19.126676242909056],[72.83454732422692,19.125593632993095]]},"properties":{"id":"L00402","strahler":3,"length_m":509.7,"drop_m":0.64,"gradient":0.00125,"area_ha":402.18,"on_drain_share":0.0,"downstream":"L00408"}},{"type":"Feature","geometry":{"type":"LineString","coordinates":[[72.8392710795431,19.12772666771299],[72.83869980390305,19.127810278611165],[72.83860361202399,19.12789947271989],[72.8381344045045,19.127442332984025],[72.83803938795252,19.12744121585654],[72.83775081176036,19.127708796929895],[72.83698950255341,19.127790167702393],[72.83641234487875,19.128325325528625],[72.83640999225858,19.1285059471848],[72.83612141168001,19.128773525230237],[72.83583636014099,19.128770170357434],[72.83574251966876,19.128678741183478],[72.83478057648816,19.129570661893634],[72.83468555893056,19.129569542914354]]},"properties":{"id":"L00335","strahler":3,"length_m":628.4,"drop_m":2.64,"gradient":0.0042,"area_ha":384.87,"on_drain_share":0.0,"downstream":"L00402"}},{"type":"Feature","geometry":{"type":"LineString","coordinates":[[72.86889230581771,19.12996920780621],[72.86860724608057,19.12996590351638],[72.86842068331283,19.129692762262295],[72.86813562413772,19.129689457287466],[72.86776018271405,19.129323799245913],[72.86747396480368,19.129410805973947],[72.86728160657883,19.129589227064653]]},"properties":{"id":"L00344","strahler":2,"length_m":217.3,"drop_m":2.28,"gradient":0.01048,"area_ha":27.6,"on_drain_share":0.0,"downstream":"L00287"}},{"type":"Feature","geometry":{"type":"LineString","coordinates":[[72.87032339523515,19.129534158491538],[72.87013103959674,19.129712582846047],[72.86946590079073,19.129704876728617],[72.86927354410909,19.129883300073914],[72.86898848444837,19.12987999638914],[72.86889230581771,19.12996920780621]]},"properties":{"id":"L00337","strahler":1,"length_m":170.7,"drop_m":6.59,"gradient":0.03861,"area_ha":6.97,"on_drain_share":0.0,"downstream":"L00344"}},{"type":"Feature","geometry":{"type":"LineString","coordinates":[[72.89448037545719,19.128096156959227],[72.89532526090662,19.128918776057642],[72.89532297224135,19.129099404660344],[72.89541684900833,19.1291908065969],[72.89540883879273,19.129823006708378],[72.8956904706603,19.130097212380456],[72.89568818224005,19.1302778410026]]},"properties":{"id":"L00338","strahler":1,"length_m":293.8,"drop_m":1.15,"gradient":0.00392,"area_ha":11.59,"on_drain_share":0.0,"downstream":"L00315"}},{"type":"Feature","geometry":{"type":"LineString","coordinates":[[72.88485919485518,19.12988260281623],[72.88429597201369,19.129334161403676],[72.884309775713,19.128250397484642]]},"properties":{"id":"L00366","strahler":5,"length_m":204.9,"drop_m":-2.35,"gradient":0.0,"area_ha":1225.47,"on_drain_share":0.0,"downstream":"L00418"}},{"type":"Feature","geometry":{"type":"LineString","coordinates":[[72.88561936193913,19.1298913460768],[72.88485919485518,19.12988260281623]]},"properties":{"id":"L00341","strahler":4,"length_m":80.0,"drop_m":2.9,"gradient":0.0363,"area_ha":903.29,"on_drain_share":0.0,"downstream":"L00366"}},{"type":"Feature","geometry":{"type":"LineString","coordinates":[[72.92411690364989,19.12924608190401],[72.92497210992335,19.129255735026913],[72.92534881764976,19.12953097213052],[72.92563614283654,19.12935355631695],[72.92582393336922,19.129536332361713],[72.92610900287711,19.129539547912085],[72.92620289847196,19.129630935745066],[72.92619613281575,19.13017283221064],[72.92638392485765,19.13035560781324],[72.9275242092596,19.130368464424667],[72.92781266076716,19.13010072897404],[72.92800270798494,19.130102870729363]]},"properties":{"id":"L00348","strahler":2,"length_m":523.8,"drop_m":4.34,"gradient":0.00829,"area_ha":33.79,"on_drain_share":0.0,"downstream":"L00383"}},{"type":"Feature","geometry":{"type":"LineString","coordinates":[[72.86728276618622,19.12949891441258],[72.86728160657883,19.129589227064653]]},"properties":{"id":"L00343","strahler":1,"length_m":10.0,"drop_m":0.0,"gradient":0.0,"area_ha":7.34,"on_drain_share":0.0,"downstream":"L00287"}},{"type":"Feature","geometry":{"type":"LineString","coordinates":[[72.92800270798494,19.130102870729363],[72.92819162868601,19.13019532847802],[72.92857172345477,19.1301996110298],[72.92876402333611,19.130021119566393],[72.92877190674247,19.129388905978608],[72.92906035457452,19.12912116819303],[72.92906260657173,19.128940535692525],[72.92896870960108,19.12884914920313],[72.9289799696591,19.127945986688456]]},"properties":{"id":"L00383","strahler":3,"length_m":339.0,"drop_m":2.28,"gradient":0.00673,"area_ha":63.52,"on_drain_share":0.0,"downstream":"L00397"}},{"type":"Feature","geometry":{"type":"LineString","coordinates":[[72.87488550680084,19.12949661738744],[72.87546255791625,19.128961327091186],[72.87546948854083,19.128419448236258],[72.87377994678762,19.126774043609988],[72.87358991000424,19.126771846201283],[72.87349835974383,19.12649980828302],[72.87321677362814,19.126225572606803],[72.8733141038968,19.126046045416498],[72.87332104038744,19.125504167148375],[72.87313447357958,19.125231030292362],[72.87351916724249,19.124874173260633],[72.87380537491529,19.124787156013074],[72.8739977207417,19.12460872678987],[72.87466284111802,19.124616414553014],[72.87572073232259,19.123635045252442],[72.87600693700233,19.123548024247494],[72.87619927913097,19.123369592330597]]},"properties":{"id":"L00464","strahler":1,"length_m":1025.4,"drop_m":10.0,"gradient":0.00975,"area_ha":31.3,"on_drain_share":0.0,"downstream":"L00447"}},{"type":"Feature","geometry":{"type":"LineString","coordinates":[[72.90007631652469,19.128973097006888],[72.89901965943726,19.129864302041316]]},"properties":{"id":"L00347","strahler":4,"length_m":151.4,"drop_m":-1.69,"gradient":0.0,"area_ha":522.48,"on_drain_share":0.0,"downstream":"L00320"}},{"type":"Feature","geometry":{"type":"LineString","coordinates":[[72.84799627194191,19.12909354249378],[72.84780857602901,19.128910695186846],[72.8479269946654,19.12710557697093],[72.84774164094556,19.12674210674354],[72.84774632106249,19.126380860651675],[72.84652632480724,19.12519235053106],[72.8465286659952,19.125011727601468],[72.84605944175559,19.1245546066315]]},"properties":{"id":"L00426","strahler":1,"length_m":595.3,"drop_m":3.91,"gradient":0.00656,"area_ha":11.05,"on_drain_share":0.0,"downstream":"L00455"}},{"type":"Feature","geometry":{"type":"LineString","coordinates":[[72.8435316001282,19.128950908329816],[72.84297087577615,19.128221731302393],[72.84297322122798,19.128041108856245],[72.84269168824449,19.127766831098388],[72.84212158619944,19.12776014161205],[72.84080191371994,19.126931726040265]]},"properties":{"id":"L00384","strahler":2,"length_m":404.6,"drop_m":5.08,"gradient":0.01255,"area_ha":30.64,"on_drain_share":0.0,"downstream":"L00370"}},{"type":"Feature","geometry":{"type":"LineString","coordinates":[[72.93380140728634,19.12998746703146],[72.93418599598769,19.129630471803655],[72.93437604343544,19.12963260692377],[72.93495292284976,19.129097111604015],[72.93523799325425,19.129100312936373],[72.93542579512349,19.129283080138592],[72.93571086593228,19.129286280768028],[72.9359936922929,19.129470114243198],[72.93627876352491,19.12947331402261],[72.93637490933094,19.129384063852996],[72.93732514672911,19.129394726052993],[72.93760685391617,19.12966887395929],[72.93817699770032,19.129675268140744]]},"properties":{"id":"L00352","strahler":1,"length_m":534.6,"drop_m":4.54,"gradient":0.00849,"area_ha":11.04,"on_drain_share":0.0,"downstream":"L00367"}},{"type":"Feature","geometry":{"type":"LineString","coordinates":[[72.92373342539179,19.12951273817614],[72.92411690364989,19.12924608190401]]},"properties":{"id":"L00355","strahler":1,"length_m":52.4,"drop_m":1.48,"gradient":0.02815,"area_ha":4.76,"on_drain_share":0.0,"downstream":"L00348"}},{"type":"Feature","geometry":{"type":"LineString","coordinates":[[72.93817699770032,19.129675268140744],[72.93865772175165,19.12922901130397],[72.93884888996699,19.12914082495288],[72.93922898488823,19.12914508525724],[72.93951629678325,19.12896764627561],[72.93970634411329,19.128969775817808]]},"properties":{"id":"L00367","strahler":2,"length_m":193.1,"drop_m":0.96,"gradient":0.00499,"area_ha":33.39,"on_drain_share":0.0,"downstream":"L00360"}},{"type":"Feature","geometry":{"type":"LineString","coordinates":[[72.87793538124161,19.12880922952984],[72.87803155477866,19.12872001283405],[72.88078713094694,19.128751792651972],[72.88088099874419,19.12884320123185],[72.88116605883356,19.12884648631583],[72.88126223083803,19.128757267764136],[72.88154729085053,19.128760552243175],[72.88183465420657,19.12858320924817],[72.88221473397934,19.12858758723453],[72.8824024712383,19.128770403033148],[72.88325765215123,19.12878024985239],[72.88354616470554,19.128512590392308],[72.88402126476326,19.128518058313052],[72.88411743518297,19.128428838097996]]},"properties":{"id":"L00359","strahler":1,"length_m":695.6,"drop_m":8.67,"gradient":0.01246,"area_ha":17.89,"on_drain_share":0.0,"downstream":"L00365"}},{"type":"Feature","geometry":{"type":"LineString","coordinates":[[72.85180634571618,19.128415493401988],[72.8520949029919,19.128147888174176],[72.85209957401689,19.12778664110141],[72.85200572418331,19.127695219402696],[72.85200805974632,19.12751459586995],[72.85210424493667,19.127425394013372]]},"properties":{"id":"L00374","strahler":1,"length_m":130.7,"drop_m":0.66,"gradient":0.00506,"area_ha":6.05,"on_drain_share":0.0,"downstream":"L00380"}},{"type":"Feature","geometry":{"type":"LineString","coordinates":[[72.85313659793279,19.128431029939165],[72.85294656182295,19.12842881102206],[72.85256999224652,19.128153437220544],[72.85210190948995,19.127606017559305],[72.85210424493667,19.127425394013372]]},"properties":{"id":"L00375","strahler":2,"length_m":173.1,"drop_m":3.71,"gradient":0.02143,"area_ha":24.12,"on_drain_share":0.0,"downstream":"L00380"}},{"type":"Feature","geometry":{"type":"LineString","coordinates":[[72.86254341818557,19.12854062127337],[72.86226184886844,19.128266370282812],[72.86112162690195,19.12825311050941],[72.86084006060497,19.12797885760749],[72.86007991454589,19.127970012795494],[72.85998605978475,19.127878594736817],[72.8596059871449,19.12787417098082],[72.85950980527677,19.127963377127802],[72.85922475073066,19.12796005863223],[72.85903238641498,19.128138470414758],[72.85884234990364,19.12813625762076],[72.85865464181545,19.127953420317652]]},"properties":{"id":"L00364","strahler":1,"length_m":459.7,"drop_m":8.87,"gradient":0.0193,"area_ha":11.9,"on_drain_share":0.0,"downstream":"L00427"}},{"type":"Feature","geometry":{"type":"LineString","coordinates":[[72.91547211372648,19.128967624094294],[72.91528320280354,19.128875154056434],[72.9151859135935,19.129054707605277],[72.91490084690126,19.129051475205944],[72.91480469093258,19.12914071307128],[72.91290424688277,19.12911915137639],[72.91168372000645,19.127931027446028],[72.91149367724908,19.12792886906579]]},"properties":{"id":"L00378","strahler":1,"length_m":496.3,"drop_m":18.33,"gradient":0.03694,"area_ha":11.96,"on_drain_share":0.0,"downstream":"L00373"}},{"type":"Feature","geometry":{"type":"LineString","coordinates":[[72.89584726713122,19.12522132534131],[72.89594228600387,19.12522241248986],[72.89688104239222,19.126136425528642],[72.89735613975218,19.12614185836145],[72.89904593245883,19.127787068105448],[72.89904479022431,19.127877382634868],[72.90007745826912,19.128882782428256],[72.90007631652469,19.128973097006888]]},"properties":{"id":"L00356","strahler":1,"length_m":631.5,"drop_m":4.01,"gradient":0.00635,"area_ha":15.52,"on_drain_share":0.0,"downstream":"L00347"}},{"type":"Feature","geometry":{"type":"LineString","coordinates":[[72.90267268049466,19.12656388138704],[72.90007631652469,19.128973097006888]]},"properties":{"id":"L00357","strahler":4,"length_m":381.8,"drop_m":0.0,"gradient":0.0,"area_ha":502.11,"on_drain_share":0.0,"downstream":"L00347"}},{"type":"Feature","geometry":{"type":"LineString","coordinates":[[72.91862482451653,19.12764841147518],[72.91890762661107,19.12783226923554],[72.91965762144083,19.12865371236501],[72.92013273293126,19.128659087059024],[72.92022662446931,19.128750477596842],[72.9210897381459,19.128127937978864],[72.92175489277955,19.12813545683048],[72.92222435506982,19.12859240529039],[72.92222322538008,19.12868272115201],[72.9224132703009,19.1286848685293],[72.92250942230585,19.128595626266424],[72.9225116813568,19.128414994507626],[72.92355692724409,19.128426800858197],[72.9236508207322,19.12851818981392],[72.92364517611975,19.128969769526087],[72.92411690364989,19.12924608190401]]},"properties":{"id":"L00358","strahler":1,"length_m":786.0,"drop_m":36.74,"gradient":0.04674,"area_ha":19.71,"on_drain_share":0.0,"downstream":"L00348"}},{"type":"Feature","geometry":{"type":"LineString","coordinates":[[72.93970634411329,19.128969775817808],[72.93998917503357,19.12915360351255]]},"properties":{"id":"L00360","strahler":2,"length_m":38.3,"drop_m":-0.09,"gradient":0.0,"area_ha":39.74,"on_drain_share":0.0,"downstream":null}},{"type":"Feature","geometry":{"type":"LineString","coordinates":[[72.83945876390742,19.127909522711295],[72.8392710795431,19.12772666771299]]},"properties":{"id":"L00362","strahler":1,"length_m":28.3,"drop_m":-0.37,"gradient":0.0,"area_ha":4.65,"on_drain_share":0.0,"downstream":"L00335"}},{"type":"Feature","geometry":{"type":"LineString","coordinates":[[72.88147991349969,19.126591933353716],[72.88147876179679,19.126682246869343],[72.88176151517435,19.12686615773242],[72.88223085336129,19.12732319758656],[72.88222970201902,19.12741351113904],[72.88232472130807,19.127414605440826],[72.88279406258883,19.127871644129314],[72.88279291151704,19.127961957709417],[72.88317299010527,19.12796633357939],[72.88345459694314,19.12824055581842],[72.88411743518297,19.128428838097996]]},"properties":{"id":"L00361","strahler":1,"length_m":380.4,"drop_m":8.78,"gradient":0.02308,"area_ha":11.42,"on_drain_share":0.0,"downstream":"L00365"}},{"type":"Feature","geometry":{"type":"LineString","coordinates":[[72.88411743518297,19.128428838097996],[72.884309775713,19.128250397484642]]},"properties":{"id":"L00365","strahler":2,"length_m":28.3,"drop_m":-0.17,"gradient":0.0,"area_ha":29.46,"on_drain_share":0.0,"downstream":"L00418"}},{"type":"Feature","geometry":{"type":"LineString","coordinates":[[72.85865464181545,19.127953420317652],[72.85846926269046,19.127589958561416],[72.85847275546733,19.127319022106967],[72.85809734225347,19.126953346819466],[72.85781228970393,19.126950026303657],[72.85753189611488,19.126585456937033],[72.85724917402281,19.126401511429613],[72.85716580559371,19.12549728334742],[72.85688541564085,19.125132713317843],[72.85622729278806,19.124583088826355],[72.85613460740593,19.12440135711894]]},"properties":{"id":"L00427","strahler":2,"length_m":537.0,"drop_m":4.73,"gradient":0.0088,"area_ha":47.15,"on_drain_share":0.0,"downstream":"L00458"}},{"type":"Feature","geometry":{"type":"LineString","coordinates":[[72.884309775713,19.128250397484642],[72.8843155269791,19.12779882914456],[72.88508373287632,19.12717537770992],[72.88584388768756,19.127184118854277],[72.88622856183838,19.126827233090197],[72.88642204731023,19.126558476036436],[72.88642779228924,19.126106906995467],[72.88662127649732,19.12583814960077],[72.88662357419857,19.12565752194982]]},"properties":{"id":"L00418","strahler":5,"length_m":442.1,"drop_m":6.3,"gradient":0.01426,"area_ha":1270.01,"on_drain_share":0.0,"downstream":"L00438"}},{"type":"Feature","geometry":{"type":"LineString","coordinates":[[72.92253088226252,19.126879624404395],[72.92262703306365,19.126790381959008],[72.9231021401257,19.12679574848164],[72.92395056133698,19.12734730099218],[72.92452069222104,19.127353736750635],[72.92480237310491,19.127627902031367],[72.92480011664385,19.127808534068823],[72.92564516567909,19.128631027881475],[72.92583408322447,19.12872348778664],[72.92602412862837,19.128725631437934],[72.92631257917898,19.128457898256748],[72.92745285050754,19.128470754085487],[72.92764402254882,19.12838257986237],[72.92783744762684,19.1281137730442],[72.9280252395576,19.128296546958254],[72.92831030733731,19.128299758897263],[72.92849810002818,19.128482532393384],[72.9289799696591,19.127945986688456]]},"properties":{"id":"L00382","strahler":1,"length_m":865.0,"drop_m":10.74,"gradient":0.01241,"area_ha":18.23,"on_drain_share":0.0,"downstream":"L00397"}},{"type":"Feature","geometry":{"type":"LineString","coordinates":[[72.93942463419188,19.12869563089744],[72.93970634411329,19.128969775817808]]},"properties":{"id":"L00368","strahler":1,"length_m":42.4,"drop_m":0.05,"gradient":0.00121,"area_ha":4.26,"on_drain_share":0.0,"downstream":"L00360"}},{"type":"Feature","geometry":{"type":"LineString","coordinates":[[72.8394634623362,19.127548278642156],[72.8392710795431,19.12772666771299]]},"properties":{"id":"L00369","strahler":3,"length_m":28.3,"drop_m":-0.25,"gradient":0.0,"area_ha":367.45,"on_drain_share":0.0,"downstream":"L00335"}},{"type":"Feature","geometry":{"type":"LineString","coordinates":[[72.85400692804944,19.12726695816986],[72.85342982145654,19.127802175027668],[72.8531447683253,19.127798847137935],[72.85267551699114,19.127341740643235],[72.85248548218452,19.12733952137121],[72.85220510060591,19.126974944965887]]},"properties":{"id":"L00386","strahler":1,"length_m":258.0,"drop_m":0.41,"gradient":0.00159,"area_ha":8.6,"on_drain_share":0.0,"downstream":"L00403"}},{"type":"Feature","geometry":{"type":"LineString","coordinates":[[72.8893469866383,19.12821795946289],[72.88915924153667,19.128035150075604],[72.88916612714084,19.127493266350502],[72.88945462869579,19.12722559644858],[72.88917301251234,19.12695138259112],[72.8891844876145,19.126048242915992],[72.88937567286571,19.12596011015282],[72.88938026228729,19.125598854207993],[72.88909864871326,19.125324640467817],[72.8886235562219,19.125319186534952],[72.88834309231385,19.124954657859366],[72.88834538802963,19.124774029989794],[72.88815879557036,19.12450090606774],[72.887782168074,19.124225599538196]]},"properties":{"id":"L00439","strahler":1,"length_m":592.8,"drop_m":9.6,"gradient":0.01619,"area_ha":17.62,"on_drain_share":0.0,"downstream":"L00469"}},{"type":"Feature","geometry":{"type":"LineString","coordinates":[[72.91025271913868,19.12836641069647],[72.90863735376489,19.128348045247037],[72.90854119522024,19.12843727956005],[72.90835115226638,19.128435117878468],[72.90825726806348,19.128343721905832],[72.90797220385468,19.12834047888519],[72.90778443610617,19.128157686561735],[72.9074043510479,19.128153361499624]]},"properties":{"id":"L00376","strahler":2,"length_m":316.6,"drop_m":0.0,"gradient":0.0,"area_ha":50.3,"on_drain_share":0.0,"downstream":"L00405"}},{"type":"Feature","geometry":{"type":"LineString","coordinates":[[72.82198050191101,19.127342027232856],[72.82188667056563,19.12725059180123],[72.82189259110912,19.126799041954204],[72.82179876009127,19.12670760650784],[72.82160872989819,19.12670535541263],[72.82113957693775,19.1262481771699]]},"properties":{"id":"L00388","strahler":1,"length_m":169.0,"drop_m":2.37,"gradient":0.01402,"area_ha":7.67,"on_drain_share":0.0,"downstream":"L00473"}},{"type":"Feature","geometry":{"type":"LineString","coordinates":[[72.82913854480115,19.124987916293946],[72.82904235013049,19.12507710507783],[72.8291255640216,19.125981330916993],[72.82873960181608,19.126428395779598],[72.82873488037544,19.12678963732176],[72.82939172941218,19.127429662508803],[72.82958176141881,19.127431905646283],[72.83054371592259,19.126540013493713],[72.83101879380979,19.126545617744537],[72.8312111830241,19.126367238030777]]},"properties":{"id":"L00389","strahler":1,"length_m":563.6,"drop_m":-0.66,"gradient":0.0,"area_ha":16.1,"on_drain_share":0.0,"downstream":"L00451"}},{"type":"Feature","geometry":{"type":"LineString","coordinates":[[72.84080191371994,19.126931726040265],[72.84031978702593,19.12746801338869],[72.84012857939453,19.127556092398642],[72.8394634623362,19.127548278642156]]},"properties":{"id":"L00370","strahler":3,"length_m":174.9,"drop_m":-1.92,"gradient":0.0,"area_ha":359.15,"on_drain_share":0.0,"downstream":"L00369"}},{"type":"Feature","geometry":{"type":"LineString","coordinates":[[72.91082512026053,19.128192258821453],[72.91072896287072,19.128281494401044],[72.91025271913868,19.12836641069647]]},"properties":{"id":"L00371","strahler":1,"length_m":68.3,"drop_m":0.0,"gradient":0.0,"area_ha":9.07,"on_drain_share":0.0,"downstream":"L00376"}},{"type":"Feature","geometry":{"type":"LineString","coordinates":[[72.83816261001837,19.125274870130884],[72.8381602597045,19.12545549205633],[72.83872330310543,19.12600405900083],[72.83871625362264,19.126545924924045],[72.83890393612039,19.12672878031985],[72.83899190344705,19.127271762940307],[72.83917958701291,19.12745461815152],[72.83936962028226,19.127456851181172],[72.8394634623362,19.127548278642156]]},"properties":{"id":"L00372","strahler":1,"length_m":319.7,"drop_m":1.37,"gradient":0.0043,"area_ha":8.03,"on_drain_share":0.0,"downstream":"L00369"}},{"type":"Feature","geometry":{"type":"LineString","coordinates":[[72.91149367724908,19.12792886906579],[72.9109235491305,19.127922392748538],[72.91063507730888,19.128190099525913],[72.91044503438282,19.128187940034277],[72.91025271913868,19.12836641069647]]},"properties":{"id":"L00373","strahler":2,"length_m":150.7,"drop_m":0.0,"gradient":0.0,"area_ha":23.04,"on_drain_share":0.0,"downstream":"L00376"}},{"type":"Feature","geometry":{"type":"LineString","coordinates":[[72.9074043510479,19.128153361499624],[72.90664531936086,19.12805439405451],[72.90626751145359,19.12786943676678],[72.90476540132681,19.126407081640348]]},"properties":{"id":"L00405","strahler":2,"length_m":358.7,"drop_m":0.0,"gradient":0.0,"area_ha":62.69,"on_drain_share":0.0,"downstream":"L00411"}},{"type":"Feature","geometry":{"type":"LineString","coordinates":[[72.8517241753013,19.12742095407438],[72.85210891575123,19.12706414691007]]},"properties":{"id":"L00379","strahler":1,"length_m":56.6,"drop_m":-0.17,"gradient":0.0,"area_ha":5.78,"on_drain_share":0.0,"downstream":"L00385"}},{"type":"Feature","geometry":{"type":"LineString","coordinates":[[72.85210424493667,19.127425394013372],[72.85210891575123,19.12706414691007]]},"properties":{"id":"L00380","strahler":2,"length_m":40.0,"drop_m":-1.15,"gradient":0.0,"area_ha":30.26,"on_drain_share":0.0,"downstream":"L00385"}},{"type":"Feature","geometry":{"type":"LineString","coordinates":[[72.90932750970643,19.12636867635531],[72.9074043510479,19.128153361499624]]},"properties":{"id":"L00377","strahler":1,"length_m":282.8,"drop_m":3.17,"gradient":0.01122,"area_ha":5.15,"on_drain_share":0.0,"downstream":"L00405"}},{"type":"Feature","geometry":{"type":"LineString","coordinates":[[72.86409042638331,19.126481100807336],[72.86351451338697,19.12692604035151],[72.86246931745346,19.12691389376366],[72.8623731375749,19.12700310162173],[72.86237081334392,19.127183726393685],[72.86198725468483,19.12745024480232],[72.86179721859236,19.12744803513715],[72.86123524963448,19.1268092187381],[72.86123757505054,19.126628594093177],[72.86085750495745,19.126624173200366],[72.86067095895321,19.126351025586384],[72.86038590695547,19.126347709158594],[72.86010318160464,19.126163767769967],[72.85963624034252,19.125526053078545],[72.85935118995303,19.125522735185015],[72.85897461440995,19.125247374036288],[72.85897810590211,19.12497643742315],[72.85841499197657,19.124427926289155]]},"properties":{"id":"L00428","strahler":2,"length_m":846.7,"drop_m":22.36,"gradient":0.02641,"area_ha":19.92,"on_drain_share":0.0,"downstream":"L00446"}},{"type":"Feature","geometry":{"type":"LineString","coordinates":[[72.91264641721719,19.126948347874684],[72.91168485537594,19.127840712184558],[72.91149367724908,19.12792886906579]]},"properties":{"id":"L00381","strahler":2,"length_m":165.6,"drop_m":0.72,"gradient":0.00433,"area_ha":10.39,"on_drain_share":0.0,"downstream":"L00373"}},{"type":"Feature","geometry":{"type":"LineString","coordinates":[[72.85210891575123,19.12706414691007],[72.85220510060591,19.126974944965887]]},"properties":{"id":"L00385","strahler":2,"length_m":14.1,"drop_m":0.0,"gradient":0.0,"area_ha":36.09,"on_drain_share":0.0,"downstream":"L00403"}},{"type":"Feature","geometry":{"type":"LineString","coordinates":[[72.9289799696591,19.127945986688456],[72.92908174752412,19.127405159284823],[72.929466338788,19.127048174233675]]},"properties":{"id":"L00397","strahler":3,"length_m":120.7,"drop_m":2.84,"gradient":0.02352,"area_ha":85.64,"on_drain_share":0.0,"downstream":"L00416"}},{"type":"Feature","geometry":{"type":"LineString","coordinates":[[72.8419479773229,19.126493554993004],[72.84166292859462,19.126490209531937],[72.8415667389814,19.126579405435077],[72.84109048402698,19.12666413953862],[72.84080191371994,19.126931726040265]]},"properties":{"id":"L00387","strahler":3,"length_m":140.7,"drop_m":1.66,"gradient":0.01177,"area_ha":325.67,"on_drain_share":0.0,"downstream":"L00370"}},{"type":"Feature","geometry":{"type":"LineString","coordinates":[[72.85220510060591,19.126974944965887],[72.85230128535748,19.126885742960468],[72.85230362049278,19.126705119376723],[72.85220977108273,19.12661369782095],[72.85202090487267,19.126521166371614],[72.85145080359206,19.126514506213198],[72.85126310610141,19.126331662300945],[72.85126777845632,19.12597041535478],[72.85117509816284,19.125788681625124]]},"properties":{"id":"L00403","strahler":2,"length_m":224.9,"drop_m":1.42,"gradient":0.00634,"area_ha":48.1,"on_drain_share":0.0,"downstream":"L00449"}},{"type":"Feature","geometry":{"type":"LineString","coordinates":[[72.84403950851664,19.126427763593355],[72.84384713155097,19.126606158085142],[72.84356208227175,19.126602815547724],[72.84346589349938,19.126692012537685],[72.84270576201902,19.12668309651072],[72.84260957278393,19.12677229300203],[72.84241953988997,19.126770063395835],[72.8419479773229,19.126493554993004]]},"properties":{"id":"L00392","strahler":1,"length_m":249.0,"drop_m":2.87,"gradient":0.01152,"area_ha":6.61,"on_drain_share":0.0,"downstream":"L00387"}},{"type":"Feature","geometry":{"type":"LineString","coordinates":[[72.93344827846617,19.127815599286052],[72.93402515364747,19.127280106468685],[72.93431022076784,19.127283308946605],[72.93517552535621,19.12648006414554]]},"properties":{"id":"L00410","strahler":1,"length_m":242.1,"drop_m":1.87,"gradient":0.00771,"area_ha":4.27,"on_drain_share":0.0,"downstream":"L00413"}},{"type":"Feature","geometry":{"type":"LineString","coordinates":[[72.86446469219518,19.12693707755762],[72.86428046165553,19.126483307996452],[72.86409042638331,19.126481100807336]]},"properties":{"id":"L00394","strahler":1,"length_m":78.3,"drop_m":1.81,"gradient":0.02307,"area_ha":4.38,"on_drain_share":0.0,"downstream":"L00428"}},{"type":"Feature","geometry":{"type":"LineString","coordinates":[[72.82113957693775,19.1262481771699],[72.82048276712351,19.125608126011922],[72.82048513666734,19.125427506213086],[72.82039130719603,19.125336070188798],[72.82077610253124,19.12497933470688],[72.82087111658495,19.12498046061141],[72.82077847167237,19.12479871486033],[72.82089006814208,19.123535501640497],[72.82079623938026,19.12344406588936],[72.82080216161599,19.12299251618456],[72.82042684849695,19.122626772890094],[72.8202368231432,19.122624520839405],[72.82024037725225,19.12235359109652]]},"properties":{"id":"L00473","strahler":2,"length_m":538.7,"drop_m":5.44,"gradient":0.01009,"area_ha":24.0,"on_drain_share":0.0,"downstream":null}},{"type":"Feature","geometry":{"type":"LineString","coordinates":[[72.82219184339174,19.125718698163453],[72.82190561571798,19.12580563220662],[72.82132960654862,19.126250428698025],[72.82113957693775,19.1262481771699]]},"properties":{"id":"L00391","strahler":1,"length_m":134.9,"drop_m":-0.84,"gradient":0.0,"area_ha":6.68,"on_drain_share":0.0,"downstream":"L00473"}},{"type":"Feature","geometry":{"type":"LineString","coordinates":[[72.8312111830241,19.126367238030777],[72.83159831773627,19.12582985673911],[72.83161128362624,19.12483644046673],[72.83247584130686,19.124124036367345],[72.83238553981646,19.12376167398176],[72.8326717601439,19.12367472270681],[72.83305652765819,19.123317958464238],[72.83353159712937,19.12332355532042],[72.83362778852566,19.12323436383304]]},"properties":{"id":"L00451","strahler":3,"length_m":508.7,"drop_m":4.18,"gradient":0.00822,"area_ha":297.05,"on_drain_share":0.0,"downstream":"L00491"}},{"type":"Feature","geometry":{"type":"LineString","coordinates":[[72.8450306713914,19.12327800291999],[72.84493682812169,19.123186578198965],[72.84446175545429,19.12318101082842],[72.84417319667085,19.123448603844256],[72.8438881527451,19.123445262341985],[72.84360076471907,19.12362254301014],[72.84359959262932,19.123712854314434],[72.84321953361473,19.123708397636115],[72.8431233465235,19.123797594619067],[72.84254387638536,19.124513397697765],[72.84254035819713,19.124784331392355],[72.84291572931585,19.12515003471781],[72.84291338418357,19.125330657213745],[72.8423362530001,19.1258658364938],[72.8423327342053,19.126136770111454],[72.8419479773229,19.126493554993004]]},"properties":{"id":"L00393","strahler":3,"length_m":621.8,"drop_m":5.58,"gradient":0.00897,"area_ha":315.4,"on_drain_share":0.0,"downstream":"L00387"}},{"type":"Feature","geometry":{"type":"LineString","coordinates":[[72.91321427365536,19.127135449252307],[72.91302650079533,19.12695266184497],[72.91264641721719,19.126948347874684]]},"properties":{"id":"L00396","strahler":1,"length_m":68.3,"drop_m":0.16,"gradient":0.00235,"area_ha":4.61,"on_drain_share":0.0,"downstream":"L00381"}},{"type":"Feature","geometry":{"type":"LineString","coordinates":[[72.86523876190923,19.125862153052093],[72.86495022797234,19.126129781430734],[72.86466517555523,19.12612647167005],[72.86437664028513,19.126394099006614],[72.86418660510296,19.126391891926733],[72.86409042638331,19.126481100807336]]},"properties":{"id":"L00395","strahler":1,"length_m":149.0,"drop_m":1.94,"gradient":0.01304,"area_ha":5.36,"on_drain_share":0.0,"downstream":"L00428"}},{"type":"Feature","geometry":{"type":"LineString","coordinates":[[72.92795162060037,19.126579468382754],[72.92823330651845,19.126853628835544],[72.92870841545414,19.12685898089692],[72.92908512514902,19.127134210478506],[72.929466338788,19.127048174233675]]},"properties":{"id":"L00399","strahler":1,"length_m":189.0,"drop_m":2.99,"gradient":0.01581,"area_ha":8.69,"on_drain_share":0.0,"downstream":"L00416"}},{"type":"Feature","geometry":{"type":"LineString","coordinates":[[72.91274257283408,19.126859111108587],[72.91264641721719,19.126948347874684]]},"properties":{"id":"L00398","strahler":1,"length_m":14.1,"drop_m":0.0,"gradient":0.0,"area_ha":4.07,"on_drain_share":0.0,"downstream":"L00381"}},{"type":"Feature","geometry":{"type":"LineString","coordinates":[[72.929466338788,19.127048174233675],[72.92975478115297,19.126780434806495],[72.93013486848835,19.12678471339452],[72.93032603736062,19.126696536049305],[72.9307106244195,19.12633954796228],[72.93147642015278,19.125896518130528],[72.93214157024478,19.125903998588175],[72.93243000655208,19.12563625433836],[72.93271507056508,19.12563945902348],[72.9328112156589,19.12555021065524],[72.93319130091723,19.125554482664704],[72.933285198762,19.12564586707022],[72.93376142899459,19.12556088920833],[72.93413926845656,19.125745792405105],[72.93479656022139,19.12638547943296],[72.93546171366842,19.126392948070468]]},"properties":{"id":"L00416","strahler":3,"length_m":746.0,"drop_m":0.58,"gradient":0.00077,"area_ha":107.11,"on_drain_share":0.0,"downstream":"L00419"}},{"type":"Feature","geometry":{"type":"LineString","coordinates":[[72.93374233326112,19.127096270477143],[72.93412242227913,19.12710054089456],[72.93479543750387,19.126475796036875],[72.93517552535621,19.12648006414554]]},"properties":{"id":"L00412","strahler":1,"length_m":179.0,"drop_m":0.25,"gradient":0.0014,"area_ha":6.2,"on_drain_share":0.0,"downstream":"L00413"}},{"type":"Feature","geometry":{"type":"LineString","coordinates":[[72.83435493920425,19.125772016655063],[72.83454732422692,19.125593632993095]]},"properties":{"id":"L00401","strahler":1,"length_m":28.3,"drop_m":-1.09,"gradient":0.0,"area_ha":4.65,"on_drain_share":0.0,"downstream":"L00408"}},{"type":"Feature","geometry":{"type":"LineString","coordinates":[[72.90315348038669,19.12611772546773],[72.90267268049466,19.12656388138704]]},"properties":{"id":"L00404","strahler":4,"length_m":70.7,"drop_m":0.0,"gradient":0.0,"area_ha":353.76,"on_drain_share":0.0,"downstream":"L00357"}},{"type":"Feature","geometry":{"type":"LineString","coordinates":[[72.83454732422692,19.125593632993095],[72.83483590098764,19.125326057040184]]},"properties":{"id":"L00408","strahler":3,"length_m":42.4,"drop_m":0.25,"gradient":0.00597,"area_ha":406.98,"on_drain_share":0.0,"downstream":"L00452"}},{"type":"Feature","geometry":{"type":"LineString","coordinates":[[72.85117509816284,19.125788681625124],[72.85098856994125,19.12551552580177],[72.85089355368417,19.125514415420806],[72.85051816248946,19.125148726606803],[72.8494718176547,19.125226818912868],[72.84908707681845,19.125583620483823],[72.84870701215003,19.125579174722656],[72.84757968903683,19.124572405932696],[72.84710461158018,19.124566844998725],[72.84607232029049,19.123561180708812],[72.84550223139736,19.123554503109595],[72.8454083877021,19.123463078591215]]},"properties":{"id":"L00449","strahler":2,"length_m":760.8,"drop_m":2.51,"gradient":0.0033,"area_ha":64.48,"on_drain_share":0.0,"downstream":"L00457"}},{"type":"Feature","geometry":{"type":"LineString","coordinates":[[72.90476540132681,19.126407081640348],[72.90448034107828,19.126403833524574],[72.9043864602459,19.126312435867327],[72.90343626041434,19.126301605193454],[72.90315348038669,19.12611772546773]]},"properties":{"id":"L00411","strahler":3,"length_m":182.4,"drop_m":0.0,"gradient":0.0,"area_ha":163.91,"on_drain_share":0.0,"downstream":"L00404"}},{"type":"Feature","geometry":{"type":"LineString","coordinates":[[72.83483354705191,19.1255066785663],[72.83483590098764,19.125326057040184]]},"properties":{"id":"L00409","strahler":1,"length_m":20.0,"drop_m":0.29,"gradient":0.0147,"area_ha":4.81,"on_drain_share":0.0,"downstream":"L00452"}},{"type":"Feature","geometry":{"type":"LineString","coordinates":[[72.85174986801633,19.125434095313285],[72.85146131543303,19.125701700478547],[72.85127128265346,19.12569948013514],[72.85117509816284,19.125788681625124]]},"properties":{"id":"L00406","strahler":1,"length_m":76.6,"drop_m":-0.6,"gradient":0.0,"area_ha":4.67,"on_drain_share":0.0,"downstream":"L00449"}},{"type":"Feature","geometry":{"type":"LineString","coordinates":[[72.91021450108681,19.12384957115359],[72.91011834616297,19.12393880666051],[72.90840800506366,19.12391936352385],[72.90831412311873,19.123827967778137],[72.9077440102277,19.123821482942645],[72.906878601635,19.1246245875583],[72.9066885632432,19.124622424573314],[72.90476540132681,19.126407081640348]]},"properties":{"id":"L00407","strahler":3,"length_m":698.4,"drop_m":7.27,"gradient":0.0104,"area_ha":89.24,"on_drain_share":0.0,"downstream":"L00411"}},{"type":"Feature","geometry":{"type":"LineString","coordinates":[[72.83483590098764,19.125326057040184],[72.83484531646536,19.124603570897495],[72.83437612866862,19.124146423345415],[72.83409108539524,19.124143066548278],[72.83381075189679,19.123778466446783],[72.83362778852566,19.12323436383304]]},"properties":{"id":"L00452","strahler":3,"length_m":301.4,"drop_m":3.02,"gradient":0.01003,"area_ha":416.96,"on_drain_share":0.0,"downstream":"L00491"}},{"type":"Feature","geometry":{"type":"LineString","coordinates":[[72.87654818108179,19.1258124384844],[72.87702904153541,19.125366357412094],[72.87759914841892,19.125372937927988],[72.87778687683361,19.12555575766224],[72.8781669486837,19.12556014334507],[72.87835467797528,19.12574296257647],[72.87854471417153,19.12574515495003],[72.87873820977393,19.125476407033226],[72.87874166909566,19.125205466930332],[72.87903018134894,19.12493781456725],[72.87893631665077,19.1248464053166],[72.87893862257462,19.12466577854668],[72.87875089366788,19.12448295994736],[72.87875550579813,19.124121706433012],[72.87885167595574,19.124032488961518]]},"properties":{"id":"L00442","strahler":1,"length_m":474.6,"drop_m":2.2,"gradient":0.00464,"area_ha":14.24,"on_drain_share":0.0,"downstream":"L00538"}},{"type":"Feature","geometry":{"type":"LineString","coordinates":[[72.93517552535621,19.12648006414554],[72.93536556932033,19.126482197905737],[72.93546171366842,19.126392948070468]]},"properties":{"id":"L00413","strahler":2,"length_m":34.1,"drop_m":-0.09,"gradient":0.0,"area_ha":10.82,"on_drain_share":0.0,"downstream":"L00419"}},{"type":"Feature","geometry":{"type":"LineString","coordinates":[[72.90315690003355,19.125846781108994],[72.90315348038669,19.12611772546773]]},"properties":{"id":"L00414","strahler":3,"length_m":30.0,"drop_m":0.0,"gradient":0.0,"area_ha":141.26,"on_drain_share":0.0,"downstream":"L00404"}},{"type":"Feature","geometry":{"type":"LineString","coordinates":[[72.90680747531779,19.1227268906726],[72.90315348038669,19.12611772546773]]},"properties":{"id":"L00415","strahler":2,"length_m":537.4,"drop_m":1.88,"gradient":0.00349,"area_ha":44.56,"on_drain_share":0.0,"downstream":"L00404"}},{"type":"Feature","geometry":{"type":"LineString","coordinates":[[72.93546171366842,19.126392948070468],[72.93574677952626,19.126396148179793],[72.9360340895163,19.126218714496392],[72.93669924281654,19.126226178597147]]},"properties":{"id":"L00419","strahler":3,"length_m":138.3,"drop_m":-0.05,"gradient":0.0,"area_ha":124.15,"on_drain_share":0.0,"downstream":"L00424"}},{"type":"Feature","geometry":{"type":"LineString","coordinates":[[72.88378797507,19.12445066341771],[72.8840695776781,19.124724884336057],[72.88435463129372,19.12472816380065],[72.88435233124719,19.12490879120429],[72.884916690589,19.125366917535782],[72.8849143910705,19.125547544992713],[72.88529446466012,19.12555191594957],[72.88548794983379,19.1252831598472],[72.8857730046688,19.125286437206185],[72.88633736956804,19.12574455965692],[72.88652740675035,19.125746743785168],[72.88662357419857,19.12565752194982]]},"properties":{"id":"L00417","strahler":1,"length_m":416.3,"drop_m":15.32,"gradient":0.0368,"area_ha":9.41,"on_drain_share":0.0,"downstream":"L00438"}},{"type":"Feature","geometry":{"type":"LineString","coordinates":[[72.88662357419857,19.12565752194982],[72.8867243366364,19.125207044714088],[72.88720517065472,19.124760934186277],[72.88730018873373,19.124762025772796],[72.88778101994879,19.124315913445923],[72.887782168074,19.124225599538196]]},"properties":{"id":"L00438","strahler":5,"length_m":215.6,"drop_m":-1.5,"gradient":0.0,"area_ha":1282.2,"on_drain_share":0.0,"downstream":"L00469"}},{"type":"Feature","geometry":{"type":"LineString","coordinates":[[72.92226501966323,19.125341033639444],[72.92301615167128,19.1260721478471],[72.92339623575984,19.12607644020451],[72.92368581378194,19.125718395068443],[72.9238735982645,19.12590117258374],[72.92406364020425,19.125903317956343],[72.9242559389824,19.12572483112089],[72.92463602257646,19.12572912084216],[72.92473217163001,19.125639877115276],[72.92510774337528,19.12600543005445],[72.92558284894314,19.126010789959356],[72.92587129495928,19.125743057019793],[72.92587580500263,19.125381792614135],[72.92568914621543,19.125108700887996],[72.9259775903585,19.124840967593265],[72.92597984516276,19.12466033536245]]},"properties":{"id":"L00441","strahler":1,"length_m":626.0,"drop_m":14.74,"gradient":0.02354,"area_ha":12.81,"on_drain_share":0.0,"downstream":"L00459"}},{"type":"Feature","geometry":{"type":"LineString","coordinates":[[72.93669924281654,19.126226178597147],[72.93688928667346,19.12622831075617],[72.93736776032611,19.12596269003403],[72.93755780396206,19.125964821474284],[72.93775008977902,19.12578631916252],[72.93794013325923,19.125788450188963],[72.93812793502147,19.125971214618573],[72.93831797875845,19.125973345274506],[72.93860080315847,19.126157174540307],[72.9388858691775,19.12616036974783]]},"properties":{"id":"L00424","strahler":4,"length_m":267.3,"drop_m":-0.18,"gradient":0.0,"area_ha":316.91,"on_drain_share":0.0,"downstream":"L00431"}},{"type":"Feature","geometry":{"type":"LineString","coordinates":[[72.93878972663211,19.126249621561847],[72.9388858691775,19.12616036974783]]},"properties":{"id":"L00420","strahler":1,"length_m":14.1,"drop_m":0.0,"gradient":0.0,"area_ha":4.2,"on_drain_share":0.0,"downstream":"L00431"}},{"type":"Feature","geometry":{"type":"LineString","coordinates":[[72.86885637680636,19.12536215558303],[72.86895139409556,19.12536325667873],[72.8689548693481,19.125092318299902],[72.86924339552066,19.124824682804864],[72.86924571197461,19.124644057174944],[72.8694369039009,19.124555946008208],[72.8694392201095,19.124375320350204]]},"properties":{"id":"L00433","strahler":1,"length_m":146.6,"drop_m":2.84,"gradient":0.01934,"area_ha":9.35,"on_drain_share":0.0,"downstream":"L00505"}},{"type":"Feature","geometry":{"type":"LineString","coordinates":[[72.90045268723708,19.121751181747022],[72.90044241726868,19.12256401374562],[72.90053629381538,19.1226554130435],[72.90053287051225,19.122926357039585],[72.90306757990358,19.12539412372974],[72.90306302028377,19.125755382869833],[72.90315690003355,19.125846781108994]]},"properties":{"id":"L00421","strahler":1,"length_m":570.1,"drop_m":0.0,"gradient":0.0,"area_ha":21.09,"on_drain_share":0.0,"downstream":"L00414"}},{"type":"Feature","geometry":{"type":"LineString","coordinates":[[72.90405878771827,19.122153620888003],[72.90405537025289,19.12242456551225],[72.90424084951306,19.122787990507632],[72.90452248669007,19.123062183091392],[72.90450995783102,19.12405564686968],[72.9031637391539,19.125304892365847],[72.90315690003355,19.125846781108994]]},"properties":{"id":"L00422","strahler":3,"length_m":488.7,"drop_m":0.0,"gradient":0.0,"area_ha":118.13,"on_drain_share":0.0,"downstream":"L00414"}},{"type":"Feature","geometry":{"type":"LineString","coordinates":[[72.91741105532867,19.125918428863624],[72.9172232786343,19.12573564541507],[72.91741671590815,19.125466850795586],[72.9174189800953,19.125286219561723],[72.91723120403353,19.12510343617639]]},"properties":{"id":"L00429","strahler":1,"length_m":114.9,"drop_m":1.24,"gradient":0.01081,"area_ha":5.07,"on_drain_share":0.0,"downstream":"L00440"}},{"type":"Feature","geometry":{"type":"LineString","coordinates":[[72.9353857716992,19.1248564983049],[72.93538352709157,19.12503713160907],[72.93669924281654,19.126226178597147]]},"properties":{"id":"L00423","strahler":3,"length_m":213.8,"drop_m":1.75,"gradient":0.00819,"area_ha":187.23,"on_drain_share":0.0,"downstream":"L00424"}},{"type":"Feature","geometry":{"type":"LineString","coordinates":[[72.9388858691775,19.12616036974783],[72.9395588641074,19.125535605347686],[72.93984616905654,19.12535816516758],[72.94003621229876,19.12536029398309]]},"properties":{"id":"L00431","strahler":4,"length_m":157.3,"drop_m":-0.65,"gradient":0.0,"area_ha":327.56,"on_drain_share":0.0,"downstream":null}},{"type":"Feature","geometry":{"type":"LineString","coordinates":[[72.86116697388725,19.12473093005937],[72.86078690815103,19.124726509442016],[72.86049836995899,19.124994130355738],[72.85945318823968,19.124981967812307],[72.85889007257093,19.124433457979972],[72.85841499197657,19.124427926289155]]},"properties":{"id":"L00430","strahler":1,"length_m":327.3,"drop_m":12.72,"gradient":0.03887,"area_ha":7.82,"on_drain_share":0.0,"downstream":"L00446"}},{"type":"Feature","geometry":{"type":"LineString","coordinates":[[72.89365954484566,19.125376935878847],[72.89337448840175,19.12537367072405],[72.8931867413133,19.12519086528257],[72.89320506445314,19.123745837733196],[72.89282957440035,19.123380226676325],[72.89292917307799,19.123020058408414],[72.8923659418263,19.122471641026877],[72.89150162026486,19.12318435277196],[72.89112155056216,19.123179995156228],[72.89093380842299,19.122997187847623],[72.89045757542873,19.123082053366723]]},"properties":{"id":"L00475","strahler":1,"length_m":655.3,"drop_m":15.76,"gradient":0.02406,"area_ha":14.23,"on_drain_share":0.0,"downstream":"L00520"}},{"type":"Feature","geometry":{"type":"LineString","coordinates":[[72.84605710011806,19.124735229514116],[72.84605944175559,19.1245546066315]]},"properties":{"id":"L00425","strahler":1,"length_m":20.0,"drop_m":-0.14,"gradient":0.0,"area_ha":4.08,"on_drain_share":0.0,"downstream":"L00455"}},{"type":"Feature","geometry":{"type":"LineString","coordinates":[[72.89005112809207,19.125154916596212],[72.89005686275759,19.124703346426134],[72.88977410226258,19.124519447758654],[72.88939402993167,19.124515086282123],[72.88892467719617,19.124058063462638],[72.88893156202217,19.123516179585923],[72.88883769205493,19.123424774932914],[72.88884342945764,19.122973205032412],[72.8889395940251,19.122883981686446],[72.88865683783467,19.122700081681856],[72.88865913291794,19.122519453731442],[72.88837752533553,19.122245239416003],[72.88837982066343,19.122064611489318]]},"properties":{"id":"L00494","strahler":1,"length_m":458.0,"drop_m":8.13,"gradient":0.01776,"area_ha":9.93,"on_drain_share":0.0,"downstream":"L00512"}},{"type":"Feature","geometry":{"type":"LineString","coordinates":[[72.84605944175559,19.1245546066315],[72.84606178336674,19.124373983745055],[72.84512334351899,19.12345973900003],[72.8450306713914,19.12327800291999]]},"properties":{"id":"L00455","strahler":2,"length_m":185.6,"drop_m":-2.84,"gradient":0.0,"area_ha":20.46,"on_drain_share":0.0,"downstream":"L00393"}},{"type":"Feature","geometry":{"type":"LineString","coordinates":[[72.83855442045348,19.12437622769471],[72.8380852219872,19.12391908866206],[72.83789519292422,19.123916854702586]]},"properties":{"id":"L00436","strahler":1,"length_m":90.7,"drop_m":-0.46,"gradient":0.0,"area_ha":4.74,"on_drain_share":0.0,"downstream":"L00486"}},{"type":"Feature","geometry":{"type":"LineString","coordinates":[[72.8710510342439,19.124664965038058],[72.87058173662001,19.12420790020134],[72.87048556236923,19.124297112904344],[72.8694392201095,19.124375320350204]]},"properties":{"id":"L00435","strahler":1,"length_m":199.0,"drop_m":-0.41,"gradient":0.0,"area_ha":8.27,"on_drain_share":0.0,"downstream":"L00505"}},{"type":"Feature","geometry":{"type":"LineString","coordinates":[[72.85613460740593,19.12440135711894],[72.85585422147882,19.124036785876314],[72.85528995602893,19.123578578434],[72.85509992519803,19.12357636228152],[72.85500374390155,19.12366556611522],[72.85395857430639,19.123653373171823],[72.85358317944949,19.123287690302423],[72.85301192171926,19.12337134793398],[72.8527303775703,19.123097084580984],[72.85225180063958,19.123362472829424],[72.8520617704354,19.123360253563256]]},"properties":{"id":"L00458","strahler":3,"length_m":522.8,"drop_m":2.59,"gradient":0.00496,"area_ha":118.51,"on_drain_share":0.0,"downstream":"L00453"}},{"type":"Feature","geometry":{"type":"LineString","coordinates":[[72.85841499197657,19.124427926289155],[72.85831997587736,19.12442681980396],[72.85813343640568,19.124153670199416],[72.85803842048081,19.124152563584072],[72.85756916354853,19.123695469109894],[72.85728295202459,19.12378246043661]]},"properties":{"id":"L00446","strahler":2,"length_m":163.1,"drop_m":2.38,"gradient":0.01461,"area_ha":29.91,"on_drain_share":0.0,"downstream":"L00432"}},{"type":"Feature","geometry":{"type":"LineString","coordinates":[[72.91723120403353,19.12510343617639],[72.91637602334376,19.125093749085597],[72.91571428214345,19.124815265368408],[72.91514416316677,19.124808803142024],[72.9148625040782,19.12453462493792]]},"properties":{"id":"L00440","strahler":2,"length_m":274.9,"drop_m":4.11,"gradient":0.01496,"area_ha":18.9,"on_drain_share":0.0,"downstream":"L00462"}},{"type":"Feature","geometry":{"type":"LineString","coordinates":[[72.85728295202459,19.12378246043661],[72.85709175594191,19.123870558425114],[72.85689822989382,19.124139280377523],[72.8564231507614,19.124133743625386],[72.85613460740593,19.12440135711894]]},"properties":{"id":"L00432","strahler":3,"length_m":154.9,"drop_m":-0.1,"gradient":0.0,"area_ha":58.25,"on_drain_share":0.0,"downstream":"L00458"}},{"type":"Feature","geometry":{"type":"LineString","coordinates":[[72.91914178747437,19.124312107328755],[72.91856488047154,19.12484755003246],[72.91751966041821,19.12483571744435],[72.91723120403353,19.12510343617639]]},"properties":{"id":"L00434","strahler":1,"length_m":237.3,"drop_m":4.55,"gradient":0.01919,"area_ha":9.44,"on_drain_share":0.0,"downstream":"L00440"}},{"type":"Feature","geometry":{"type":"LineString","coordinates":[[72.8694392201095,19.124375320350204],[72.86925150299531,19.12419249308345],[72.8692642426668,19.123199051998295],[72.86945890682914,19.122840002103203],[72.86814490640589,19.12156020908307]]},"properties":{"id":"L00505","strahler":2,"length_m":384.6,"drop_m":4.68,"gradient":0.01217,"area_ha":24.75,"on_drain_share":0.0,"downstream":"L00518"}},{"type":"Feature","geometry":{"type":"LineString","coordinates":[[72.83789519292422,19.123916854702586],[72.83780017840266,19.123915737649348],[72.83761485076774,19.12355225961237],[72.83733215886475,19.123368286069294],[72.83733686071277,19.123007042330983],[72.837054170027,19.122823068471632],[72.83705887233462,19.122461824778505],[72.83687237203713,19.122188657176793],[72.83687472331765,19.122008035341473],[72.83668704805183,19.12182517852991]]},"properties":{"id":"L00486","strahler":2,"length_m":301.4,"drop_m":3.25,"gradient":0.01079,"area_ha":18.46,"on_drain_share":0.0,"downstream":"L00496"}},{"type":"Feature","geometry":{"type":"LineString","coordinates":[[72.84104123712137,19.12314088959756],[72.84094387583885,19.123320396512515],[72.8406576590736,19.123407361160663],[72.84046997780726,19.123224507673815],[72.84047467279846,19.1228632631793],[72.84009696437991,19.122678178029016],[72.83981544476019,19.122403897073927],[72.83962306886751,19.12258228722798],[72.83962072049701,19.122762909380864],[72.8393333298989,19.122940183056432],[72.8390482877573,19.122936834141942],[72.83857791668895,19.12257000758536],[72.83838788910612,19.12256777428608],[72.83819551163297,19.122746162773556],[72.83818376165198,19.123649272629986],[72.83789519292422,19.123916854702586]]},"properties":{"id":"L00437","strahler":1,"length_m":591.1,"drop_m":7.37,"gradient":0.01248,"area_ha":11.29,"on_drain_share":0.0,"downstream":"L00486"}},{"type":"Feature","geometry":{"type":"LineString","coordinates":[[72.92408620925252,19.124096997883402],[72.92464956044549,19.124645328428993],[72.92531470264849,19.12465283309659],[72.9254085952803,19.124744221079123],[72.92597984516276,19.12466033536245]]},"properties":{"id":"L00443","strahler":1,"length_m":233.1,"drop_m":5.5,"gradient":0.0236,"area_ha":6.75,"on_drain_share":0.0,"downstream":"L00459"}},{"type":"Feature","geometry":{"type":"LineString","coordinates":[[72.86412293578557,19.123952350613145],[72.86412641863174,19.123681413047994],[72.86356677353015,19.12286197890279],[72.86357606283563,19.122139478887544],[72.86348220890835,19.12204806269392],[72.86348453125933,19.121867437689883],[72.86367920539288,19.121508394928952],[72.86368268848256,19.12123745737066],[72.8638738786233,19.121149351867075]]},"properties":{"id":"L00510","strahler":1,"length_m":361.4,"drop_m":5.11,"gradient":0.01413,"area_ha":12.15,"on_drain_share":0.0,"downstream":"L00606"}},{"type":"Feature","geometry":{"type":"LineString","coordinates":[[72.87619927913097,19.123369592330597],[72.8765747289248,19.12373523384369],[72.87657357474227,19.123825547099408],[72.87695018036828,19.124100874735728],[72.8777103171055,19.124109648133047],[72.87799882875593,19.12384199733627],[72.87847391375203,19.123847478298188],[72.87885167595574,19.124032488961518]]},"properties":{"id":"L00447","strahler":2,"length_m":339.7,"drop_m":1.42,"gradient":0.00419,"area_ha":44.1,"on_drain_share":0.0,"downstream":"L00538"}},{"type":"Feature","geometry":{"type":"LineString","coordinates":[[72.887782168074,19.124225599538196],[72.887784464305,19.124044971719908],[72.88731626595958,19.123497631432787],[72.88731971091445,19.123226689764223]]},"properties":{"id":"L00469","strahler":5,"length_m":130.7,"drop_m":1.84,"gradient":0.0141,"area_ha":1301.01,"on_drain_share":0.0,"downstream":"L00493"}},{"type":"Feature","geometry":{"type":"LineString","coordinates":[[72.9148625040782,19.12453462493792],[72.91476748444494,19.124533547598013],[72.91420416939964,19.12398518987505],[72.91353903457913,19.12397764529468]]},"properties":{"id":"L00462","strahler":3,"length_m":164.9,"drop_m":0.31,"gradient":0.00189,"area_ha":44.86,"on_drain_share":0.0,"downstream":"L00465"}},{"type":"Feature","geometry":{"type":"LineString","coordinates":[[72.92597984516276,19.12466033536245],[72.92645494714918,19.124665692653323],[72.92655109464873,19.124576447814963],[72.92655447586034,19.124305499360826],[72.92674677020267,19.124127009463226]]},"properties":{"id":"L00459","strahler":2,"length_m":122.4,"drop_m":0.46,"gradient":0.00376,"area_ha":20.48,"on_drain_share":0.0,"downstream":"L00454"}},{"type":"Feature","geometry":{"type":"LineString","coordinates":[[72.9281686942152,19.124414020025565],[72.92854539777441,19.124689250175575],[72.92940058300601,19.12469888050609],[72.92940283407249,19.12451824787992],[72.9294989800545,19.124429001340747],[72.9304491849862,19.124439696398365],[72.93073762095689,19.12417195478247],[72.93102268215293,19.12417516185395],[72.93130999233401,19.123997735629473],[72.9315000329948,19.123999873116254],[72.93188236267638,19.12382351457789],[72.93226244376281,19.123827788135632],[72.93245023667878,19.124010557609306],[72.93292533875815,19.124015898017795],[72.93302148271945,19.123926649425936],[72.93349546146226,19.124022304890516],[72.9337838922226,19.123754557952623],[72.93435289154833,19.123851278685304]]},"properties":{"id":"L00470","strahler":3,"length_m":748.7,"drop_m":3.16,"gradient":0.00422,"area_ha":137.11,"on_drain_share":0.0,"downstream":"L00444"}},{"type":"Feature","geometry":{"type":"LineString","coordinates":[[72.93435289154833,19.123851278685304],[72.9353857716992,19.1248564983049]]},"properties":{"id":"L00444","strahler":3,"length_m":155.6,"drop_m":-1.32,"gradient":0.0,"area_ha":169.17,"on_drain_share":0.0,"downstream":"L00423"}},{"type":"Feature","geometry":{"type":"LineString","coordinates":[[72.93663674817715,19.123605927477815],[72.93538689399354,19.12476618165139],[72.9353857716992,19.1248564983049]]},"properties":{"id":"L00445","strahler":2,"length_m":193.8,"drop_m":-2.1,"gradient":0.0,"area_ha":17.76,"on_drain_share":0.0,"downstream":"L00423"}},{"type":"Feature","geometry":{"type":"LineString","coordinates":[[72.87885167595574,19.124032488961518],[72.87923520282258,19.123765931877227],[72.87923866100087,19.123494991636548],[72.87895706903029,19.123220764250217],[72.87895937472037,19.123040137446015],[72.87839619410357,19.12249168168045],[72.87821192762374,19.122037922678647],[72.87793033973115,19.1217636940804],[72.87774838192732,19.12112930807933],[72.8773752416646,19.120583042520398],[72.87729176217084,19.11967881270541]]},"properties":{"id":"L00538","strahler":2,"length_m":589.4,"drop_m":5.89,"gradient":0.00999,"area_ha":73.61,"on_drain_share":0.0,"downstream":"L00561"}},{"type":"Feature","geometry":{"type":"LineString","coordinates":[[72.91622222782597,19.12220149781424],[72.91602992576783,19.122379975876626],[72.91602312971426,19.12292186925722],[72.91573694053528,19.123008954693994],[72.9155446369826,19.123187432096053],[72.91535459917978,19.12318527821753],[72.91516229503398,19.12336375515807],[72.91515096280847,19.124266910176548],[72.9148625040782,19.12453462493792]]},"properties":{"id":"L00448","strahler":2,"length_m":341.4,"drop_m":7.94,"gradient":0.02325,"area_ha":23.85,"on_drain_share":0.0,"downstream":"L00462"}},{"type":"Feature","geometry":{"type":"LineString","coordinates":[[72.8520617704354,19.123360253563256],[72.85177438991116,19.1235375478832],[72.85129931409898,19.123531998068813],[72.8511081158158,19.123620089552492],[72.85054503461099,19.123071557210192],[72.84921482755725,19.123056006119082],[72.8487350768423,19.123411696289388],[72.84816498746046,19.123405026990397],[72.84769576232519,19.122947910128108],[72.84760074774194,19.122946798189997],[72.84702363919406,19.123481994610867],[72.8454083877021,19.123463078591215]]},"properties":{"id":"L00453","strahler":3,"length_m":799.4,"drop_m":4.8,"gradient":0.00601,"area_ha":146.45,"on_drain_share":0.0,"downstream":"L00457"}},{"type":"Feature","geometry":{"type":"LineString","coordinates":[[72.85930271614875,19.121909139681815],[72.85920653793563,19.12199834604398],[72.8588264789355,19.121993921984192],[72.85844292826918,19.122260433746828],[72.85834674941877,19.122349639591125],[72.85834325741442,19.122620576169247],[72.85786236074455,19.123066604374223],[72.85785886780963,19.123337540845135],[72.85728295202459,19.12378246043661]]},"properties":{"id":"L00450","strahler":2,"length_m":332.1,"drop_m":9.88,"gradient":0.02975,"area_ha":23.99,"on_drain_share":0.0,"downstream":"L00432"}},{"type":"Feature","geometry":{"type":"LineString","coordinates":[[72.89073001617706,19.12407877762208],[72.890636144837,19.123987373767495],[72.890645317078,19.12326486111922],[72.89045757542873,19.123082053366723]]},"properties":{"id":"L00474","strahler":1,"length_m":122.4,"drop_m":2.52,"gradient":0.02059,"area_ha":5.82,"on_drain_share":0.0,"downstream":"L00520"}},{"type":"Feature","geometry":{"type":"LineString","coordinates":[[72.8454083877021,19.123463078591215],[72.84522070062081,19.1232802294385],[72.8450306713914,19.12327800291999]]},"properties":{"id":"L00457","strahler":3,"length_m":48.3,"drop_m":-0.48,"gradient":0.0,"area_ha":211.0,"on_drain_share":0.0,"downstream":"L00393"}},{"type":"Feature","geometry":{"type":"LineString","coordinates":[[72.92674677020267,19.124127009463226],[72.92684291721915,19.124037764423164],[72.92731351111784,19.124404384107056],[72.9281686942152,19.124414020025565]]},"properties":{"id":"L00454","strahler":3,"length_m":176.6,"drop_m":1.89,"gradient":0.01072,"area_ha":48.34,"on_drain_share":0.0,"downstream":"L00470"}},{"type":"Feature","geometry":{"type":"LineString","coordinates":[[72.83362778852566,19.12323436383304],[72.83458969681888,19.12234244558634],[72.83469647836331,19.12144045631955]]},"properties":{"id":"L00491","strahler":4,"length_m":245.6,"drop_m":-1.38,"gradient":0.0,"area_ha":718.49,"on_drain_share":0.0,"downstream":"L00498"}},{"type":"Feature","geometry":{"type":"LineString","coordinates":[[72.92792079907355,19.121430372452473],[72.92788701213367,19.124139859805556],[72.9281686942152,19.124414020025565]]},"properties":{"id":"L00456","strahler":2,"length_m":342.4,"drop_m":-0.71,"gradient":0.0,"area_ha":73.57,"on_drain_share":0.0,"downstream":"L00470"}},{"type":"Feature","geometry":{"type":"LineString","coordinates":[[72.91353903457913,19.12397764529468],[72.91296778484349,19.124061491973613],[72.91240107363471,19.123784075456726],[72.91211601648969,19.123780839598403],[72.91173821053022,19.12359589382314],[72.91135359380185,19.12395283905009],[72.91040340321445,19.12394204563944],[72.91021450108681,19.12384957115359]]},"properties":{"id":"L00465","strahler":3,"length_m":395.6,"drop_m":2.03,"gradient":0.00512,"area_ha":72.67,"on_drain_share":0.0,"downstream":"L00407"}},{"type":"Feature","geometry":{"type":"LineString","coordinates":[[72.84618489470859,19.122207621486837],[72.8450306713914,19.12327800291999]]},"properties":{"id":"L00460","strahler":2,"length_m":169.7,"drop_m":-2.6,"gradient":0.0,"area_ha":71.94,"on_drain_share":0.0,"downstream":"L00393"}},{"type":"Feature","geometry":{"type":"LineString","coordinates":[[72.85448029418012,19.120046437422854],[72.85419175583583,19.12031404836339],[72.8541894235926,19.12049467229669],[72.85409324382213,19.12058387580794],[72.85390321656385,19.12058165875304],[72.85361467636419,19.120849268591773],[72.85360767746377,19.121391140143135],[72.85370152507892,19.121482560820283],[72.85369919214949,19.121663184672453],[72.85331446852801,19.122019996915157],[72.85331330182098,19.12211030881347],[72.85273738000323,19.1225552134426],[72.85273387881634,19.122826149016085],[72.8520617704354,19.123360253563256]]},"properties":{"id":"L00461","strahler":1,"length_m":505.3,"drop_m":3.69,"gradient":0.00731,"area_ha":15.05,"on_drain_share":0.0,"downstream":"L00453"}},{"type":"Feature","geometry":{"type":"LineString","coordinates":[[72.88598372543443,19.123662973467514],[72.88636379497822,19.123667341801834],[72.88694079065446,19.123132009631867],[72.88731971091445,19.123226689764223]]},"properties":{"id":"L00471","strahler":1,"length_m":169.0,"drop_m":9.95,"gradient":0.0589,"area_ha":5.67,"on_drain_share":0.0,"downstream":"L00493"}},{"type":"Feature","geometry":{"type":"LineString","coordinates":[[72.92552391252818,19.123119603193643],[72.9256166770037,19.123301307121928],[72.9257116965895,19.12330237879254],[72.92570718671793,19.123663643242022],[72.92617664957992,19.124120581645318],[72.92674677020267,19.124127009463226]]},"properties":{"id":"L00463","strahler":2,"length_m":204.9,"drop_m":4.85,"gradient":0.02365,"area_ha":26.1,"on_drain_share":0.0,"downstream":"L00454"}},{"type":"Feature","geometry":{"type":"LineString","coordinates":[[72.9138501716454,19.121903623992477],[72.91384790401217,19.122084254880942],[72.91394178841499,19.122175648011456],[72.91402093385663,19.12344114190296],[72.91353903457913,19.12397764529468]]},"properties":{"id":"L00466","strahler":2,"length_m":259.0,"drop_m":1.19,"gradient":0.0046,"area_ha":21.34,"on_drain_share":0.0,"downstream":"L00465"}},{"type":"Feature","geometry":{"type":"LineString","coordinates":[[72.91041476102622,19.123038893331167],[72.91050864383979,19.12313028807854],[72.91050410097249,19.12349154903139],[72.91021450108681,19.12384957115359]]},"properties":{"id":"L00467","strahler":1,"length_m":106.6,"drop_m":2.01,"gradient":0.01886,"area_ha":5.66,"on_drain_share":0.0,"downstream":"L00407"}},{"type":"Feature","geometry":{"type":"LineString","coordinates":[[72.82365728359203,19.122665027765553],[72.82318813461721,19.122207855138644],[72.8231002206823,19.12166487003533],[72.82281873351671,19.121390565952627],[72.82253133038174,19.121567811842834],[72.82224629377636,19.12156443713282],[72.82205390208527,19.1217428071452],[72.82186387753552,19.121740556874716],[72.82167622074559,19.121557686389963],[72.82139118432022,19.12155431035711],[72.8213935523359,19.121373690369293],[72.82120471239271,19.121281129474713]]},"properties":{"id":"L00495","strahler":1,"length_m":396.3,"drop_m":1.66,"gradient":0.00419,"area_ha":11.42,"on_drain_share":0.0,"downstream":"L00483"}},{"type":"Feature","geometry":{"type":"LineString","coordinates":[[72.87459554987416,19.122447801063274],[72.87497330388676,19.122632819000884],[72.87535336835799,19.12263720985139],[72.87554224596109,19.122729718188477],[72.87619927913097,19.123369592330597]]},"properties":{"id":"L00468","strahler":1,"length_m":211.4,"drop_m":-1.23,"gradient":0.0,"area_ha":8.89,"on_drain_share":0.0,"downstream":"L00447"}},{"type":"Feature","geometry":{"type":"LineString","coordinates":[[72.82774402552553,19.12262301745177],[72.82736869630914,19.12225728689238],[72.82737460029703,19.121805735150804],[72.82766199952968,19.121628481220355],[72.82766672192862,19.121267239733836],[72.82786028809242,19.120998552799385],[72.82796002191394,19.120638433239463],[72.82834479072797,19.120281679057168],[72.82843980257611,19.120282800788363],[72.83094075850558,19.117963873259708],[72.8309431156693,19.117783252052686]]},"properties":{"id":"L00558","strahler":1,"length_m":721.5,"drop_m":3.5,"gradient":0.00484,"area_ha":16.76,"on_drain_share":0.0,"downstream":"L00583"}},{"type":"Feature","geometry":{"type":"LineString","coordinates":[[72.88731971091445,19.123226689764223],[72.88770666828745,19.122689171747343],[72.88837982066343,19.122064611489318]]},"properties":{"id":"L00493","strahler":5,"length_m":175.6,"drop_m":2.31,"gradient":0.01315,"area_ha":1308.0,"on_drain_share":0.0,"downstream":"L00512"}},{"type":"Feature","geometry":{"type":"LineString","coordinates":[[72.93378950763423,19.123302975079373],[72.93435289154833,19.123851278685304]]},"properties":{"id":"L00472","strahler":2,"length_m":84.9,"drop_m":-0.79,"gradient":0.0,"area_ha":27.97,"on_drain_share":0.0,"downstream":"L00444"}},{"type":"Feature","geometry":{"type":"LineString","coordinates":[[72.89045757542873,19.123082053366723],[72.89018169729611,19.12235627112483],[72.89018743070268,19.121904700779535],[72.89028474054672,19.121725162513684],[72.89009700089458,19.121542354569304],[72.89009929426341,19.12136172642799],[72.89000542468216,19.121270322406644],[72.88972037595298,19.12126705226488],[72.88953378441238,19.12099392980306]]},"properties":{"id":"L00520","strahler":2,"length_m":297.3,"drop_m":1.87,"gradient":0.00628,"area_ha":25.16,"on_drain_share":0.0,"downstream":"L00516"}},{"type":"Feature","geometry":{"type":"LineString","coordinates":[[72.93683351753074,19.123066158918355],[72.9367373759577,19.123155409751206],[72.93663674817715,19.123605927477815]]},"properties":{"id":"L00476","strahler":1,"length_m":68.3,"drop_m":0.11,"gradient":0.0016,"area_ha":5.92,"on_drain_share":0.0,"downstream":"L00445"}},{"type":"Feature","geometry":{"type":"LineString","coordinates":[[72.93711521417299,19.12334030667205],[72.93692517359081,19.123338175055604],[72.93663674817715,19.123605927477815]]},"properties":{"id":"L00477","strahler":1,"length_m":62.4,"drop_m":1.26,"gradient":0.02015,"area_ha":6.94,"on_drain_share":0.0,"downstream":"L00445"}},{"type":"Feature","geometry":{"type":"LineString","coordinates":[[72.9209063847365,19.119996290378932],[72.92061794247967,19.12026401586885],[72.92060551177396,19.121257490175687],[72.92145050806018,19.122079998715943],[72.92173443444588,19.12217353573479],[72.92229777125665,19.12272187224753],[72.92391309603977,19.122740112588136],[72.92409974946118,19.123013205657273],[72.92447982681725,19.123017495117004],[72.92457371811416,19.123108883410715],[72.92457146197911,19.123289515510468],[72.92495154008095,19.123293804055347],[72.9250476874352,19.123204559992402],[72.92552391252818,19.123119603193643]]},"properties":{"id":"L00479","strahler":1,"length_m":789.4,"drop_m":51.63,"gradient":0.06541,"area_ha":20.37,"on_drain_share":0.0,"downstream":"L00463"}},{"type":"Feature","geometry":{"type":"LineString","coordinates":[[72.86024588597216,19.122462069705477],[72.85977662663247,19.122004980663664],[72.85930271614875,19.121909139681815]]},"properties":{"id":"L00490","strahler":1,"length_m":124.9,"drop_m":-0.43,"gradient":0.0,"area_ha":8.82,"on_drain_share":0.0,"downstream":"L00450"}},{"type":"Feature","geometry":{"type":"LineString","coordinates":[[72.8507876254791,19.1190097489627],[72.85040290302341,19.119366555195594],[72.85030789031737,19.119365444855163],[72.84973080327208,19.11990065203987],[72.84972963475784,19.11999096374589],[72.84953960872298,19.119988742251152],[72.84934724525394,19.12016714392447],[72.8493367263557,19.12097994901536],[72.8490481788098,19.121247550887915],[72.84876079947773,19.121424840575962],[72.84857077192535,19.12142261792071],[72.84828923880441,19.121148348749237],[72.84790450609408,19.12150514866645],[72.84790333648208,19.12159546024804],[72.84742826743157,19.121589900981082],[72.8473320837134,19.121679100527444],[72.8471420560494,19.121676876368387],[72.84646993694444,19.122210959223583],[72.84618489470859,19.122207621486837]]},"properties":{"id":"L00478","strahler":1,"length_m":718.4,"drop_m":5.01,"gradient":0.00697,"area_ha":17.12,"on_drain_share":0.0,"downstream":"L00460"}},{"type":"Feature","geometry":{"type":"LineString","coordinates":[[72.93303833485653,19.122571901414283],[72.93378950763423,19.123302975079373]]},"properties":{"id":"L00480","strahler":2,"length_m":113.1,"drop_m":0.6,"gradient":0.00531,"area_ha":17.52,"on_drain_share":0.0,"downstream":"L00472"}},{"type":"Feature","geometry":{"type":"LineString","coordinates":[[72.93458895746464,19.12015043101311],[72.93457773282118,19.12105359750176],[72.93448159143574,19.121142847168443],[72.93429155368209,19.12114071306749],[72.93380859885082,19.12176759313283],[72.93390137222623,19.121949293686065],[72.93389351163077,19.122581509839588],[72.93360508326359,19.122849257189284],[72.93360283697494,19.123029890329235],[72.93378950763423,19.123302975079373]]},"properties":{"id":"L00481","strahler":1,"length_m":419.7,"drop_m":3.32,"gradient":0.00791,"area_ha":8.24,"on_drain_share":0.0,"downstream":"L00472"}},{"type":"Feature","geometry":{"type":"LineString","coordinates":[[72.82120471239271,19.121281129474713],[72.82062753416893,19.12181623528443]]},"properties":{"id":"L00483","strahler":4,"length_m":84.9,"drop_m":0.74,"gradient":0.00868,"area_ha":1267.1,"on_drain_share":0.0,"downstream":null}},{"type":"Feature","geometry":{"type":"LineString","coordinates":[[72.8464781298248,19.12157877877236],[72.84638194565714,19.121667977772244],[72.84637726381823,19.122029223723683],[72.84618489470859,19.122207621486837]]},"properties":{"id":"L00484","strahler":2,"length_m":82.4,"drop_m":2.09,"gradient":0.02534,"area_ha":47.85,"on_drain_share":0.0,"downstream":"L00460"}},{"type":"Feature","geometry":{"type":"LineString","coordinates":[[72.92533612887928,19.12293682743846],[72.92552391252818,19.123119603193643]]},"properties":{"id":"L00485","strahler":1,"length_m":28.3,"drop_m":0.01,"gradient":0.00049,"area_ha":4.2,"on_drain_share":0.0,"downstream":"L00463"}},{"type":"Feature","geometry":{"type":"LineString","coordinates":[[72.83279033239594,19.1218696290806],[72.83271063143752,19.120694470721144],[72.83328777057208,19.12015932267425],[72.83328894802827,19.12006901195193]]},"properties":{"id":"L00524","strahler":1,"length_m":229.0,"drop_m":2.31,"gradient":0.01008,"area_ha":5.7,"on_drain_share":0.0,"downstream":"L00530"}},{"type":"Feature","geometry":{"type":"LineString","coordinates":[[72.83888175072158,19.121128380532053],[72.83792104584752,19.121930013329838],[72.8376383561207,19.12174604046573],[72.83735096562118,19.12192331102436],[72.83687589894798,19.12191772442238],[72.83668704805183,19.12182517852991]]},"properties":{"id":"L00487","strahler":1,"length_m":293.8,"drop_m":3.4,"gradient":0.01157,"area_ha":7.94,"on_drain_share":0.0,"downstream":"L00496"}},{"type":"Feature","geometry":{"type":"LineString","coordinates":[[72.83668704805183,19.12182517852991],[72.83659321057354,19.121733750066234],[72.83573809208549,19.121723689875143],[72.83545658183951,19.121449403082952],[72.83469647836331,19.12144045631955]]},"properties":{"id":"L00496","strahler":2,"length_m":226.6,"drop_m":3.34,"gradient":0.01472,"area_ha":27.96,"on_drain_share":0.0,"downstream":"L00498"}},{"type":"Feature","geometry":{"type":"LineString","coordinates":[[72.91132554918464,19.118623157025674],[72.91094434988263,19.118709156656294],[72.91065589565862,19.118976865238746],[72.91046813417253,19.118794076209088],[72.90999305380997,19.118788679228814],[72.90989917351122,19.118697284437946],[72.90923292556259,19.11878004151252],[72.90922042787132,19.119773508753433],[72.90931430830618,19.11986490390331],[72.90930976367973,19.12022616470782],[72.90863669011334,19.12085080996454],[72.90844665582132,19.12084864920506],[72.90835050195204,19.120937883889038],[72.90768538181574,19.12093031930584],[72.90739691864135,19.12119802184782],[72.90739236950702,19.12155928215618],[72.90681543898373,19.122094685440185],[72.90680747531779,19.1227268906726]]},"properties":{"id":"L00488","strahler":2,"length_m":857.7,"drop_m":12.19,"gradient":0.01422,"area_ha":29.17,"on_drain_share":0.0,"downstream":"L00415"}},{"type":"Feature","geometry":{"type":"LineString","coordinates":[[72.9110064444117,19.12132937936409],[72.91081413842856,19.121507851549175],[72.91052908547609,19.121504613602514],[72.91005854068521,19.12113795511784],[72.90967506301372,19.121404581907946],[72.90938887424194,19.121491657405453],[72.90919656649191,19.12167012771217],[72.90919315749298,19.121941073243487],[72.90909700328947,19.122030308286142],[72.90776675395331,19.12201518128482],[72.907478288828,19.122282883758388],[72.90728825304014,19.122280721647122],[72.90680747531779,19.1227268906726]]},"properties":{"id":"L00489","strahler":1,"length_m":557.0,"drop_m":9.14,"gradient":0.0164,"area_ha":12.94,"on_drain_share":0.0,"downstream":"L00415"}},{"type":"Feature","geometry":{"type":"LineString","coordinates":[[72.91707286519515,19.122572446718404],[72.9166034337497,19.122115487768824],[72.91631837870038,19.1221122586917],[72.91622222782597,19.12220149781424]]},"properties":{"id":"L00509","strahler":1,"length_m":114.9,"drop_m":-2.11,"gradient":0.0,"area_ha":5.85,"on_drain_share":0.0,"downstream":"L00448"}},{"type":"Feature","geometry":{"type":"LineString","coordinates":[[72.85960753529504,19.120377148287478],[72.85931900371419,19.120644768017076],[72.85931667699776,19.120825392552053],[72.85902698059832,19.121183323937906],[72.859024653494,19.12136394842773],[72.85930620644946,19.121638202912248],[72.85930271614875,19.121909139681815]]},"properties":{"id":"L00492","strahler":1,"length_m":207.3,"drop_m":4.99,"gradient":0.02406,"area_ha":8.0,"on_drain_share":0.0,"downstream":"L00450"}},{"type":"Feature","geometry":{"type":"LineString","coordinates":[[72.88115742565816,19.122071878404302],[72.88078196814422,19.121706245581915],[72.8800218408792,19.121697485932145],[72.87983411366932,19.121514668592937],[72.87983757043288,19.121243728180666],[72.88012607353774,19.120976073156484],[72.88012952972058,19.120705132676996],[72.88022569704194,19.120615914193902],[72.88013183381004,19.120524505685918],[72.88013413787353,19.120343878691017],[72.87985254906661,19.12006965296177],[72.87985600551863,19.11979871250378],[72.87929283149882,19.119250260080115],[72.87862888335623,19.119152277700604],[72.87853502183161,19.119060868528077],[72.87815496474914,19.1190564850369],[72.8780587974233,19.119145702430433],[72.87702633015152,19.118140196532075]]},"properties":{"id":"L00562","strahler":1,"length_m":770.8,"drop_m":11.59,"gradient":0.01503,"area_ha":19.57,"on_drain_share":0.0,"downstream":"L00649"}},{"type":"Feature","geometry":{"type":"LineString","coordinates":[[72.83469647836331,19.12144045631955],[72.83450880631202,19.121257597572114]]},"properties":{"id":"L00498","strahler":4,"length_m":28.3,"drop_m":0.18,"gradient":0.00638,"area_ha":748.86,"on_drain_share":0.0,"downstream":"L00525"}},{"type":"Feature","geometry":{"type":"LineString","coordinates":[[72.87023176701595,19.121855364034506],[72.8700417362954,19.12185316350433],[72.86985402100584,19.121670337018234],[72.86957013316963,19.121576722730385],[72.8695712910104,19.121486409864815],[72.86985865173736,19.121309085486967],[72.86957708011643,19.121034845522672],[72.86929203557402,19.121031543775846],[72.86901046540342,19.12075730307195]]},"properties":{"id":"L00519","strahler":1,"length_m":245.6,"drop_m":1.25,"gradient":0.00511,"area_ha":7.38,"on_drain_share":0.0,"downstream":"L00556"}},{"type":"Feature","geometry":{"type":"LineString","coordinates":[[72.88837982066343,19.122064611489318],[72.88838326360681,19.12179366959215],[72.88800778917523,19.121428050052472]]},"properties":{"id":"L00512","strahler":5,"length_m":86.6,"drop_m":-1.13,"gradient":0.0,"area_ha":1320.32,"on_drain_share":0.0,"downstream":"L00551"}},{"type":"Feature","geometry":{"type":"LineString","coordinates":[[72.8242711109021,19.11933029643564],[72.82398607780192,19.119326924799545],[72.82360248574382,19.119593359039428],[72.82293740784762,19.119585488682347],[72.82235905770862,19.12021091122598],[72.82207402346229,19.12020753647916],[72.8219778284516,19.12029672150669],[72.82188044966432,19.12047621650632],[72.82187571490373,19.1208374566307],[72.82168332378494,19.121015826312142],[72.82149330011313,19.12101357574116],[72.82120471239271,19.121281129474713]]},"properties":{"id":"L00497","strahler":4,"length_m":446.3,"drop_m":2.25,"gradient":0.00504,"area_ha":1251.06,"on_drain_share":0.0,"downstream":"L00483"}},{"type":"Feature","geometry":{"type":"LineString","coordinates":[[72.84610509841538,19.121032459657165],[72.84648047058842,19.121398155777708],[72.8464781298248,19.12157877877236]]},"properties":{"id":"L00499","strahler":1,"length_m":76.6,"drop_m":-0.9,"gradient":0.0,"area_ha":5.37,"on_drain_share":0.0,"downstream":"L00484"}},{"type":"Feature","geometry":{"type":"LineString","coordinates":[[72.84734963193898,19.12032442722606],[72.84734612241249,19.120595361903515],[72.84715141611221,19.120954384058084],[72.8464781298248,19.12157877877236]]},"properties":{"id":"L00500","strahler":2,"length_m":177.3,"drop_m":-1.9,"gradient":0.0,"area_ha":42.07,"on_drain_share":0.0,"downstream":"L00484"}},{"type":"Feature","geometry":{"type":"LineString","coordinates":[[72.86814258915847,19.12174083464358],[72.86814490640589,19.12156020908307]]},"properties":{"id":"L00504","strahler":1,"length_m":20.0,"drop_m":-0.69,"gradient":0.0,"area_ha":4.01,"on_drain_share":0.0,"downstream":"L00518"}},{"type":"Feature","geometry":{"type":"LineString","coordinates":[[72.93059144580268,19.120647476829856],[72.93078148254715,19.120649614698998],[72.93134484747853,19.121197925894126],[72.9313425989432,19.121378558807812],[72.9321876541136,19.122201023041946],[72.93237656905904,19.12229347593599],[72.93275664676624,19.12229774814453],[72.93303833485653,19.122571901414283]]},"properties":{"id":"L00501","strahler":1,"length_m":358.7,"drop_m":1.9,"gradient":0.00529,"area_ha":8.91,"on_drain_share":0.0,"downstream":"L00480"}},{"type":"Feature","geometry":{"type":"LineString","coordinates":[[72.93259357408823,19.12012801545808],[72.93259020351408,19.120398965073004],[72.9327779933403,19.12058173394496],[72.9327656350759,19.12157521589173],[72.93285953064108,19.121666600318292],[72.93303833485653,19.122571901414283]]},"properties":{"id":"L00502","strahler":1,"length_m":290.7,"drop_m":-0.55,"gradient":0.0,"area_ha":7.89,"on_drain_share":0.0,"downstream":"L00480"}},{"type":"Feature","geometry":{"type":"LineString","coordinates":[[72.83450880631202,19.121257597572114],[72.83328894802827,19.12006901195193]]},"properties":{"id":"L00525","strahler":4,"length_m":183.8,"drop_m":0.64,"gradient":0.00349,"area_ha":760.75,"on_drain_share":0.0,"downstream":"L00530"}},{"type":"Feature","geometry":{"type":"LineString","coordinates":[[72.8381310459551,19.120396960014894],[72.83784600840086,19.120393609665964],[72.83765245806153,19.120662308794373],[72.83746243277574,19.12066007475344],[72.83736859541608,19.12056864669769],[72.83698854515654,19.12056417785462],[72.83689235707722,19.120653371454793],[72.83556218137451,19.12063772356552],[72.8347938447169,19.12126095323573],[72.83450880631202,19.121257597572114]]},"properties":{"id":"L00503","strahler":1,"length_m":435.6,"drop_m":3.85,"gradient":0.00884,"area_ha":10.24,"on_drain_share":0.0,"downstream":"L00525"}},{"type":"Feature","geometry":{"type":"LineString","coordinates":[[72.9036224357095,19.119077501044217],[72.90399794312738,19.11944309154998],[72.90399224802445,19.119894666034103],[72.90379993709924,19.1200731303474],[72.90379424125628,19.120524704743236],[72.90340961700956,19.120881632509345],[72.90340733816375,19.12106226220941],[72.90378284908905,19.121427853463594],[72.90378057057862,19.12160848319626],[72.90396832684036,19.121791278607837],[72.90405878771827,19.122153620888003]]},"properties":{"id":"L00506","strahler":1,"length_m":410.4,"drop_m":5.14,"gradient":0.01254,"area_ha":15.27,"on_drain_share":0.0,"downstream":"L00422"}},{"type":"Feature","geometry":{"type":"LineString","coordinates":[[72.90655996635759,19.119743250360965],[72.9065554157777,19.120104510532432],[72.90626695254308,19.12037221128658],[72.90588574761523,19.120458199780437],[72.90405878771827,19.122153620888003]]},"properties":{"id":"L00507","strahler":3,"length_m":395.3,"drop_m":5.95,"gradient":0.01504,"area_ha":87.43,"on_drain_share":0.0,"downstream":"L00422"}},{"type":"Feature","geometry":{"type":"LineString","coordinates":[[72.86814490640589,19.12156020908307],[72.86758176955264,19.121011724034176],[72.86758292843666,19.12092141128035],[72.86796414583495,19.120835504239793],[72.86815185799152,19.121018332378675],[72.86872194666532,19.121024938959227],[72.86901046540342,19.12075730307195]]},"properties":{"id":"L00518","strahler":2,"length_m":269.7,"drop_m":-0.15,"gradient":0.0,"area_ha":37.17,"on_drain_share":0.0,"downstream":"L00556"}},{"type":"Feature","geometry":{"type":"LineString","coordinates":[[72.91881600328155,19.119972651637028],[72.91775949782757,19.12086398022813],[72.91775723457455,19.121044611587898],[72.91738055884508,19.120769361692876],[72.91623921521715,19.120846764020538],[72.91604691489691,19.121025242275493],[72.91603558897036,19.12192839803334],[72.91622222782597,19.12220149781424]]},"properties":{"id":"L00508","strahler":1,"length_m":514.6,"drop_m":16.68,"gradient":0.03241,"area_ha":11.36,"on_drain_share":0.0,"downstream":"L00448"}},{"type":"Feature","geometry":{"type":"LineString","coordinates":[[72.86406042532181,19.121422496317244],[72.8638738786233,19.121149351867075]]},"properties":{"id":"L00511","strahler":1,"length_m":38.3,"drop_m":1.14,"gradient":0.0298,"area_ha":4.19,"on_drain_share":0.0,"downstream":"L00606"}},{"type":"Feature","geometry":{"type":"LineString","coordinates":[[72.88534503901091,19.121578110040577],[72.88525117219503,19.121486703832524],[72.88525462012502,19.12121576246722],[72.88497302070152,19.12094154365134],[72.8846879734646,19.120938265768324],[72.88450254072671,19.120574825267102],[72.88469487088877,19.120396383194677],[72.88535997903415,19.120404030669267],[72.88555230815292,19.120225587588955],[72.88555575534714,19.119954646133724],[72.8853691723508,19.119681520206957],[72.88575382831964,19.119324633594125],[72.88603887298699,19.11932790956055],[72.88632851205045,19.11896992959486]]},"properties":{"id":"L00550","strahler":1,"length_m":498.7,"drop_m":7.34,"gradient":0.01471,"area_ha":11.18,"on_drain_share":0.0,"downstream":"L00564"}},{"type":"Feature","geometry":{"type":"LineString","coordinates":[[72.91357305505831,19.121268182659996],[72.91356851932657,19.121629444394046],[72.9138501716454,19.121903623992477]]},"properties":{"id":"L00513","strahler":1,"length_m":82.4,"drop_m":-0.17,"gradient":0.0,"area_ha":6.0,"on_drain_share":0.0,"downstream":"L00466"}},{"type":"Feature","geometry":{"type":"LineString","coordinates":[[72.91645755700601,19.118591026327934],[72.91607409451765,19.118857668069023],[72.91606729995696,19.119399561671944],[72.91568383492442,19.119666202340913],[72.91549380112966,19.119664048987072],[72.91548926998134,19.12002531122735],[72.914625050051,19.12073814255361],[72.91433999772346,19.120734910635328],[72.91366693888084,19.12135957588039],[72.91366467111806,19.12154020675835],[72.91385243925306,19.121722993100207],[72.9138501716454,19.121903623992477]]},"properties":{"id":"L00514","strahler":1,"length_m":545.3,"drop_m":17.59,"gradient":0.03225,"area_ha":11.19,"on_drain_share":0.0,"downstream":"L00466"}},{"type":"Feature","geometry":{"type":"LineString","coordinates":[[72.8638738786233,19.121149351867075],[72.86387620043112,19.12096872679912],[72.86397237574238,19.12087951768228],[72.86398282303124,19.12006670477026],[72.86360741115138,19.119701040885623],[72.86362018132056,19.118707602981896],[72.86390754227682,19.118530288008518],[72.8639133457992,19.118078725193257],[72.86429455759529,19.117992825290177],[72.86477658282061,19.117456464298346],[72.86488435634054,19.116464128095732],[72.865079020018,19.116105082747875],[72.86536753461546,19.11583745218629],[72.86537333329277,19.11538588880781]]},"properties":{"id":"L00606","strahler":2,"length_m":758.7,"drop_m":10.58,"gradient":0.01394,"area_ha":36.14,"on_drain_share":0.0,"downstream":"L00627"}},{"type":"Feature","geometry":{"type":"LineString","coordinates":[[72.88800778917523,19.121428050052472],[72.88669364165395,19.12014837676641],[72.8867005322344,19.119606493442266],[72.88632506630675,19.119240871214647],[72.88632851205045,19.11896992959486]]},"properties":{"id":"L00551","strahler":5,"length_m":344.6,"drop_m":-0.14,"gradient":0.0,"area_ha":1394.34,"on_drain_share":0.0,"downstream":"L00564"}},{"type":"Feature","geometry":{"type":"LineString","coordinates":[[72.88829283786473,19.12143132287357],[72.88800778917523,19.121428050052472]]},"properties":{"id":"L00515","strahler":3,"length_m":30.0,"drop_m":-0.29,"gradient":0.0,"area_ha":66.87,"on_drain_share":0.0,"downstream":"L00551"}},{"type":"Feature","geometry":{"type":"LineString","coordinates":[[72.88953378441238,19.12099392980306],[72.88934375229367,19.120991749300767],[72.88915142585276,19.121170196640644],[72.88896139357956,19.121168015724187],[72.88886523011432,19.121257239193493],[72.88858018161774,19.121253967287675],[72.88829283786473,19.12143132287357]]},"properties":{"id":"L00516","strahler":3,"length_m":150.7,"drop_m":3.03,"gradient":0.02009,"area_ha":59.38,"on_drain_share":0.0,"downstream":"L00515"}},{"type":"Feature","geometry":{"type":"LineString","coordinates":[[72.8264398303753,19.120620475377237],[72.8257830179437,19.11998044298201],[72.82569155113302,19.119708389090395],[72.82512857422519,19.1191597882174],[72.82484354125438,19.11915641793824]]},"properties":{"id":"L00535","strahler":1,"length_m":248.0,"drop_m":0.65,"gradient":0.00261,"area_ha":9.76,"on_drain_share":0.0,"downstream":"L00532"}},{"type":"Feature","geometry":{"type":"LineString","coordinates":[[72.88983603401343,19.11964248919982],[72.88964600340222,19.11964030915766],[72.88935751660213,19.11990798085884],[72.88897860210615,19.119813305511276],[72.88878627681272,19.11999175258361],[72.88867749265322,19.12107442999108],[72.88829283786473,19.12143132287357]]},"properties":{"id":"L00517","strahler":1,"length_m":315.6,"drop_m":4.94,"gradient":0.01565,"area_ha":7.17,"on_drain_share":0.0,"downstream":"L00515"}},{"type":"Feature","geometry":{"type":"LineString","coordinates":[[72.87204978152512,19.120882816155266],[72.87176820657342,19.120608579255855],[72.8712942897488,19.12051276889733],[72.87101271673075,19.120238531011626],[72.87092117328746,19.119966492386435],[72.87044957347776,19.119690054193285],[72.87026301721471,19.119416915350378],[72.87045651681983,19.119148176563673],[72.87045998840287,19.118877237736008],[72.87017841938332,19.118602998928576],[72.87018189131281,19.118332060134055],[72.86990032362601,19.11805782101945],[72.86990611071997,19.1176062564124],[72.8696245446359,19.117332017018473],[72.86953416219889,19.11696966508963],[72.86934645246764,19.116786838583515]]},"properties":{"id":"L00586","strahler":1,"length_m":621.8,"drop_m":11.64,"gradient":0.01872,"area_ha":15.13,"on_drain_share":0.0,"downstream":"L00612"}},{"type":"Feature","geometry":{"type":"LineString","coordinates":[[72.86901046540342,19.12075730307195],[72.86901509772954,19.120396051703842],[72.8683569471462,19.119846468312186],[72.86807422194467,19.119662539283247],[72.86788419399818,19.119660336767588],[72.86685179158229,19.11865477941903],[72.8669491230571,19.118475255698897]]},"properties":{"id":"L00556","strahler":2,"length_m":372.8,"drop_m":6.51,"gradient":0.01747,"area_ha":50.65,"on_drain_share":0.0,"downstream":"L00585"}},{"type":"Feature","geometry":{"type":"LineString","coordinates":[[72.8916378888875,19.119934132355834],[72.89135284214844,19.119930864962146],[72.89096934155877,19.120197450156958],[72.89096819542543,19.120287764290286],[72.89068085560815,19.12046512403181],[72.890678562987,19.120645752258607],[72.8905824006813,19.120734976748537],[72.89020233680402,19.120730617770416],[72.89010961410341,19.120548899744936],[72.88991958242262,19.120546719886022],[72.88953493137052,19.120903615760394],[72.88953378441238,19.12099392980306]]},"properties":{"id":"L00521","strahler":2,"length_m":315.6,"drop_m":4.86,"gradient":0.0154,"area_ha":32.69,"on_drain_share":0.0,"downstream":"L00516"}},{"type":"Feature","geometry":{"type":"LineString","coordinates":[[72.925460463289,19.120589680268218],[72.92555548131554,19.120590751873525],[72.92574889915313,19.12032194650459],[72.92660406040021,19.120331587718177],[72.92660180682411,19.120512220105443],[72.92716628272144,19.120970226556086],[72.92773751910302,19.120886334037277],[72.92792530356749,19.121069107407504],[72.92792079907355,19.121430372452473]]},"properties":{"id":"L00522","strahler":1,"length_m":371.4,"drop_m":6.91,"gradient":0.01862,"area_ha":9.88,"on_drain_share":0.0,"downstream":"L00456"}},{"type":"Feature","geometry":{"type":"LineString","coordinates":[[72.92803383427106,19.119986382474575],[72.9280169438105,19.121341126567355],[72.92792079907355,19.121430372452473]]},"properties":{"id":"L00523","strahler":2,"length_m":164.1,"drop_m":0.45,"gradient":0.00272,"area_ha":56.71,"on_drain_share":0.0,"downstream":"L00456"}},{"type":"Feature","geometry":{"type":"LineString","coordinates":[[72.83328894802827,19.12006901195193],[72.83291361052225,19.119703291987925]]},"properties":{"id":"L00530","strahler":4,"length_m":56.6,"drop_m":0.2,"gradient":0.0036,"area_ha":766.61,"on_drain_share":0.0,"downstream":"L00543"}},{"type":"Feature","geometry":{"type":"LineString","coordinates":[[72.84698127978446,19.119416863623325],[72.84726280790207,19.119691134347843],[72.84734963193898,19.12032442722606]]},"properties":{"id":"L00526","strahler":2,"length_m":116.6,"drop_m":1.52,"gradient":0.01307,"area_ha":31.64,"on_drain_share":0.0,"downstream":"L00500"}},{"type":"Feature","geometry":{"type":"LineString","coordinates":[[72.8482328127412,19.118166953805297],[72.84794076079852,19.118705489163894],[72.84812844655052,19.118888335410258],[72.84812376923945,19.119249581886763],[72.84840529917977,19.119523851022738],[72.84840179153184,19.119794785912315],[72.84820942721647,19.119973186300722],[72.84773436270555,19.11996762827697],[72.84734963193898,19.12032442722606]]},"properties":{"id":"L00527","strahler":1,"length_m":348.0,"drop_m":4.76,"gradient":0.01369,"area_ha":8.22,"on_drain_share":0.0,"downstream":"L00500"}},{"type":"Feature","geometry":{"type":"LineString","coordinates":[[72.8567617812379,19.11998270915834],[72.85666560303031,19.120071914183892],[72.85609552212594,19.120065270571022],[72.85590199967774,19.120333991852487],[72.8556181242284,19.12024035698751],[72.85543042803612,19.120057517460097],[72.85505037441493,19.120053086033128],[72.85506785814886,19.118698405608868],[72.8552613796606,19.118429685107124],[72.8539475308165,19.11714980404618],[72.85385251915547,19.117148695659232]]},"properties":{"id":"L00580","strahler":1,"length_m":611.1,"drop_m":5.27,"gradient":0.00862,"area_ha":15.13,"on_drain_share":0.0,"downstream":"L00588"}},{"type":"Feature","geometry":{"type":"LineString","coordinates":[[72.89381294780794,19.120771996408305],[72.89371907628039,19.120680594114326]]},"properties":{"id":"L00528","strahler":1,"length_m":14.1,"drop_m":0.0,"gradient":0.0,"area_ha":4.7,"on_drain_share":0.0,"downstream":"L00534"}},{"type":"Feature","geometry":{"type":"LineString","coordinates":[[72.89371907628039,19.120680594114326],[72.89353133353455,19.120497789409672],[72.89248615762057,19.12048581722493],[72.89220454618872,19.120211608441736],[72.89191949886963,19.12020834188023],[72.8916378888875,19.119934132355834]]},"properties":{"id":"L00534","strahler":2,"length_m":253.1,"drop_m":6.64,"gradient":0.02625,"area_ha":13.99,"on_drain_share":0.0,"downstream":"L00521"}},{"type":"Feature","geometry":{"type":"LineString","coordinates":[[72.89495657467464,19.120514105561142],[72.89466923803911,19.12069147190416],[72.89447920563579,19.120689296738195],[72.8942914619621,19.120506492729124],[72.89400641375342,19.12050322935183],[72.89371907628039,19.120680594114326]]},"properties":{"id":"L00529","strahler":1,"length_m":154.9,"drop_m":12.13,"gradient":0.07832,"area_ha":5.95,"on_drain_share":0.0,"downstream":"L00534"}},{"type":"Feature","geometry":{"type":"LineString","coordinates":[[72.87642855330664,19.12030113565674],[72.87699864259686,19.120307716358926],[72.87719213325207,19.120038969552567],[72.8771955940334,19.119768029562216],[72.87729176217084,19.11967881270541]]},"properties":{"id":"L00537","strahler":1,"length_m":142.4,"drop_m":6.13,"gradient":0.04307,"area_ha":5.24,"on_drain_share":0.0,"downstream":"L00561"}},{"type":"Feature","geometry":{"type":"LineString","coordinates":[[72.83291361052225,19.119703291987925],[72.8321629404573,19.118971850208474]]},"properties":{"id":"L00543","strahler":4,"length_m":113.1,"drop_m":0.24,"gradient":0.00215,"area_ha":779.33,"on_drain_share":0.0,"downstream":"L00548"}},{"type":"Feature","geometry":{"type":"LineString","coordinates":[[72.83481502450407,19.119635358657234],[72.8345299888821,19.119632003300442],[72.83406081459913,19.119174856182102],[72.8338707914659,19.11917261859956],[72.83329365778671,19.11970776905309],[72.83291361052225,19.119703291987925]]},"properties":{"id":"L00531","strahler":1,"length_m":245.6,"drop_m":0.54,"gradient":0.00218,"area_ha":10.36,"on_drain_share":0.0,"downstream":"L00543"}},{"type":"Feature","geometry":{"type":"LineString","coordinates":[[72.84452266918841,19.11848481879379],[72.84471503514912,19.118306422456058],[72.84500007042028,19.118309761815212],[72.84527808070624,19.11885496945978],[72.84565344647221,19.11922066668956],[72.84584347114226,19.119222892111274],[72.84621766862104,19.11967889987606],[72.84650270652767,19.11968223713809],[72.84698127978446,19.119416863623325]]},"properties":{"id":"L00536","strahler":1,"length_m":366.3,"drop_m":7.38,"gradient":0.02014,"area_ha":10.18,"on_drain_share":0.0,"downstream":"L00526"}},{"type":"Feature","geometry":{"type":"LineString","coordinates":[[72.82484354125438,19.11915641793824],[72.82465351930713,19.119154170840524],[72.8244611330022,19.119332543948087],[72.8242711109021,19.11933029643564]]},"properties":{"id":"L00532","strahler":4,"length_m":68.3,"drop_m":0.49,"gradient":0.00722,"area_ha":1234.56,"on_drain_share":0.0,"downstream":"L00497"}},{"type":"Feature","geometry":{"type":"LineString","coordinates":[[72.82334347312522,19.117603163269987],[72.8245656010275,19.118611185957327],[72.82456205471547,19.118882116592058],[72.82465588345872,19.11897355041264],[72.8242711109021,19.11933029643564]]},"properties":{"id":"L00533","strahler":1,"length_m":276.3,"drop_m":0.47,"gradient":0.00171,"area_ha":9.62,"on_drain_share":0.0,"downstream":"L00497"}},{"type":"Feature","geometry":{"type":"LineString","coordinates":[[72.89412660612467,19.11851740206706],[72.89402815809163,19.1187872573295],[72.89354735951203,19.119233389392363],[72.89354507016407,19.11941401797768],[72.89325658943143,19.119681696444488],[72.89306655835547,19.11967951993014],[72.89278494709718,19.119405312052994],[72.89249990105355,19.119402046522783],[72.89192293568465,19.119937399308533],[72.8916378888875,19.119934132355834]]},"properties":{"id":"L00539","strahler":1,"length_m":374.6,"drop_m":4.48,"gradient":0.01195,"area_ha":14.52,"on_drain_share":0.0,"downstream":"L00521"}},{"type":"Feature","geometry":{"type":"LineString","coordinates":[[72.82599430547684,19.11835710373494],[72.82512975604666,19.1190694779754],[72.82493973416253,19.119067231183028],[72.82484354125438,19.11915641793824]]},"properties":{"id":"L00540","strahler":4,"length_m":157.3,"drop_m":-0.46,"gradient":0.0,"area_ha":1224.24,"on_drain_share":0.0,"downstream":"L00532"}},{"type":"Feature","geometry":{"type":"LineString","coordinates":[[72.84653313079866,19.117334137388728],[72.84660942083113,19.1187802341924],[72.84698478967238,19.119145928976447],[72.84698127978446,19.119416863623325]]},"properties":{"id":"L00541","strahler":2,"length_m":250.7,"drop_m":-1.53,"gradient":0.0,"area_ha":20.56,"on_drain_share":0.0,"downstream":"L00526"}},{"type":"Feature","geometry":{"type":"LineString","coordinates":[[72.87729176217084,19.11967881270541],[72.87729406920984,19.119498186027368],[72.87748871172421,19.119139125396465],[72.87730099017082,19.118956305970382],[72.87730329710585,19.1187756792771],[72.87720943657384,19.11868426951509],[72.87721174357293,19.118503642827232],[72.87702402299828,19.11832082320527],[72.87702633015152,19.118140196532075]]},"properties":{"id":"L00561","strahler":2,"length_m":199.0,"drop_m":0.01,"gradient":5e-05,"area_ha":82.03,"on_drain_share":0.0,"downstream":"L00649"}},{"type":"Feature","geometry":{"type":"LineString","coordinates":[[72.83216176246232,19.119062160874012],[72.8321629404573,19.118971850208474]]},"properties":{"id":"L00542","strahler":1,"length_m":10.0,"drop_m":0.0,"gradient":0.0,"area_ha":6.01,"on_drain_share":0.0,"downstream":"L00548"}},{"type":"Feature","geometry":{"type":"LineString","coordinates":[[72.8321629404573,19.118971850208474],[72.83178760789828,19.11860612839312]]},"properties":{"id":"L00548","strahler":4,"length_m":56.6,"drop_m":-0.37,"gradient":0.0,"area_ha":789.37,"on_drain_share":0.0,"downstream":"L00559"}},{"type":"Feature","geometry":{"type":"LineString","coordinates":[[72.88194978539047,19.11955185274773],[72.88223482974436,19.119555134643637],[72.88242831150663,19.119286381403757],[72.88271565659268,19.119109035192945],[72.88290453530072,19.119201536005523],[72.88309686525434,19.11902309559264],[72.88328689435421,19.119025282329673],[72.88357538824124,19.11875762092514],[72.88395544597805,19.118761993156703],[72.88414777436024,19.1185835514787],[72.8844328174605,19.118586829810656],[72.88481747244731,19.118229945067515],[72.88548257197957,19.118237591266762],[72.88595534580347,19.118423679086195],[72.88624038896353,19.118426954592227],[72.88643271471867,19.11824851024415]]},"properties":{"id":"L00563","strahler":1,"length_m":562.8,"drop_m":12.33,"gradient":0.02191,"area_ha":13.07,"on_drain_share":0.0,"downstream":"L00600"}},{"type":"Feature","geometry":{"type":"LineString","coordinates":[[72.84119139360385,19.118897379249354],[72.84081603930609,19.11853167393],[72.84082542519603,19.117809184392517],[72.84026239899721,19.11726062548134],[72.84026357247322,19.117170314313125],[72.83969350768167,19.117163620865732],[72.83970289772485,19.11644113175773],[72.83960906113875,19.11634970491994]]},"properties":{"id":"L00587","strahler":1,"length_m":385.6,"drop_m":11.27,"gradient":0.02922,"area_ha":9.12,"on_drain_share":0.0,"downstream":"L00595"}},{"type":"Feature","geometry":{"type":"LineString","coordinates":[[72.90638813652792,19.118296046915074],[72.90667090825427,19.118479920882514],[72.90666180812205,19.119202441360656],[72.90646950065135,19.119380908828894],[72.90646608764833,19.119651853953854],[72.90655996635759,19.119743250360965]]},"properties":{"id":"L00544","strahler":2,"length_m":190.7,"drop_m":2.07,"gradient":0.01086,"area_ha":30.96,"on_drain_share":0.0,"downstream":"L00507"}},{"type":"Feature","geometry":{"type":"LineString","coordinates":[[72.91039128526955,19.117347952393093],[72.9102951345628,19.11743718841779],[72.9099150734034,19.11743287086864],[72.90962662012303,19.11770057792352],[72.90924655852436,19.11769625893672],[72.90905880004027,19.1175134687287],[72.90877375425609,19.117510228713137],[72.90857804173682,19.11795964436511],[72.90829299527562,19.117956403532304],[72.9079083862359,19.118313342291028],[72.90771380723685,19.118672441550892],[72.90771153335048,19.11885307179315],[72.9075192273363,19.11903154051172],[72.90779972780452,19.11939604320553],[72.90760742118525,19.119574511955772],[72.90675227420162,19.119564782835297],[72.90655996635759,19.119743250360965]]},"properties":{"id":"L00545","strahler":2,"length_m":635.3,"drop_m":10.19,"gradient":0.01605,"area_ha":55.25,"on_drain_share":0.0,"downstream":"L00507"}},{"type":"Feature","geometry":{"type":"LineString","coordinates":[[72.92415615714646,19.118497403243094],[72.92453058517013,19.118953272070584],[72.92491065334906,19.118957559765835],[72.92500679796923,19.118868315450385],[72.92586195133669,19.118877959408245],[72.92605423945432,19.118699469614842],[72.92662434144272,19.118705896061822],[72.9266198347221,19.11906716090093],[72.92671259865325,19.119248864250434],[72.92690263333137,19.11925100597472],[72.92718430617876,19.119525166905238],[72.92718092690426,19.11979611560829],[72.92765601535213,19.119801468489662],[72.92803383427106,19.119986382474575]]},"properties":{"id":"L00546","strahler":1,"length_m":553.8,"drop_m":13.36,"gradient":0.02413,"area_ha":11.71,"on_drain_share":0.0,"downstream":"L00523"}},{"type":"Feature","geometry":{"type":"LineString","coordinates":[[72.92833802596921,19.11845421588598],[72.92833577451518,19.11863484850893],[72.92814348868275,19.118813340928167],[72.92813222987434,19.119716503858207],[72.92803608622462,19.119805749912732],[72.92803383427106,19.119986382474575]]},"properties":{"id":"L00547","strahler":2,"length_m":182.4,"drop_m":0.45,"gradient":0.00246,"area_ha":42.64,"on_drain_share":0.0,"downstream":"L00523"}},{"type":"Feature","geometry":{"type":"LineString","coordinates":[[72.83178760789828,19.11860612839312],[72.8309431156693,19.117783252052686]]},"properties":{"id":"L00559","strahler":4,"length_m":127.3,"drop_m":0.87,"gradient":0.00683,"area_ha":842.74,"on_drain_share":0.0,"downstream":"L00583"}},{"type":"Feature","geometry":{"type":"LineString","coordinates":[[72.83409023688475,19.116917086437937],[72.83399522660301,19.11691596781325],[72.8335142896224,19.117361927781115],[72.83332426862988,19.117359689838107],[72.83236238604195,19.118251604082147],[72.83178760789828,19.11860612839312]]},"properties":{"id":"L00549","strahler":2,"length_m":318.7,"drop_m":1.03,"gradient":0.00325,"area_ha":45.84,"on_drain_share":0.0,"downstream":"L00559"}},{"type":"Feature","geometry":{"type":"LineString","coordinates":[[72.8374906362714,19.118492611270565],[72.83682555663714,19.11848479153747],[72.8368290828881,19.118213858682623],[72.83664141151121,19.118031002181034],[72.83635755394235,19.11793733899622]]},"properties":{"id":"L00560","strahler":1,"length_m":162.4,"drop_m":7.96,"gradient":0.04903,"area_ha":5.56,"on_drain_share":0.0,"downstream":null}},{"type":"Feature","geometry":{"type":"LineString","coordinates":[[72.86513923260813,19.118815564630196],[72.8655239253196,19.118458724327343],[72.8669491230571,19.118475255698897]]},"properties":{"id":"L00557","strahler":1,"length_m":206.6,"drop_m":2.58,"gradient":0.01251,"area_ha":5.67,"on_drain_share":0.0,"downstream":"L00585"}},{"type":"Feature","geometry":{"type":"LineString","coordinates":[[72.82552043413345,19.11826117854584],[72.82561662614566,19.118171991341153],[72.82580664709242,19.11817423733359],[72.82599430547684,19.11835710373494]]},"properties":{"id":"L00552","strahler":1,"length_m":62.4,"drop_m":0.38,"gradient":0.00602,"area_ha":4.52,"on_drain_share":0.0,"downstream":"L00540"}},{"type":"Feature","geometry":{"type":"LineString","coordinates":[[72.8261866890658,19.118178728730634],[72.82599430547684,19.11835710373494]]},"properties":{"id":"L00553","strahler":4,"length_m":28.3,"drop_m":0.09,"gradient":0.00331,"area_ha":1216.31,"on_drain_share":0.0,"downstream":"L00540"}},{"type":"Feature","geometry":{"type":"LineString","coordinates":[[72.88632851205045,19.11896992959486],[72.88643271471867,19.11824851024415]]},"properties":{"id":"L00564","strahler":5,"length_m":84.1,"drop_m":-0.38,"gradient":0.0,"area_ha":1405.96,"on_drain_share":0.0,"downstream":"L00600"}},{"type":"Feature","geometry":{"type":"LineString","coordinates":[[72.82829934159464,19.11648751886778],[72.82781839231211,19.116933462566315],[72.82753218227326,19.117020407237213],[72.82628169957579,19.11817985145743],[72.8261866890658,19.118178728730634]]},"properties":{"id":"L00554","strahler":4,"length_m":298.7,"drop_m":1.68,"gradient":0.00563,"area_ha":1211.27,"on_drain_share":0.0,"downstream":"L00553"}},{"type":"Feature","geometry":{"type":"LineString","coordinates":[[72.82657381689793,19.117641357301054],[72.82618905142206,19.117998108099126],[72.8261866890658,19.118178728730634]]},"properties":{"id":"L00555","strahler":1,"length_m":76.6,"drop_m":0.72,"gradient":0.00944,"area_ha":4.66,"on_drain_share":0.0,"downstream":"L00553"}},{"type":"Feature","geometry":{"type":"LineString","coordinates":[[72.8669491230571,19.118475255698897],[72.86752499626206,19.11803030127694],[72.86857013979983,19.11804241373589],[72.8688528630666,19.11822634181814],[72.86904520530528,19.118047917439444],[72.86904752109,19.11786729170011],[72.86914369193863,19.117778079405984],[72.8689571397762,19.11750493960085],[72.8689594555857,19.117324313861264],[72.86924796691248,19.117056676841443],[72.86934645246764,19.116786838583515]]},"properties":{"id":"L00585","strahler":2,"length_m":426.3,"drop_m":2.69,"gradient":0.00631,"area_ha":62.86,"on_drain_share":0.0,"downstream":"L00612"}},{"type":"Feature","geometry":{"type":"LineString","coordinates":[[72.93061168821941,19.119021781115247],[72.93061731074869,19.118570198917723],[72.93071345236751,19.11848095130411]]},"properties":{"id":"L00568","strahler":1,"length_m":64.1,"drop_m":0.34,"gradient":0.00528,"area_ha":4.35,"on_drain_share":0.0,"downstream":"L00572"}},{"type":"Feature","geometry":{"type":"LineString","coordinates":[[72.8309431156693,19.117783252052686],[72.82962947768215,19.11650321598232],[72.82896440947559,19.116495368625092],[72.82858790992763,19.11621995191265],[72.82829934159464,19.11648751886778]]},"properties":{"id":"L00583","strahler":4,"length_m":362.8,"drop_m":-3.08,"gradient":0.0,"area_ha":869.61,"on_drain_share":0.0,"downstream":"L00554"}},{"type":"Feature","geometry":{"type":"LineString","coordinates":[[72.89830726938884,19.118565213235723],[72.89849958369251,19.118386755038337],[72.898503009433,19.118115811263383],[72.89822139069535,19.117841611066986],[72.89822481678385,19.11757066732454],[72.89813094421275,19.117479267194945],[72.89813322832978,19.117298638037692],[72.89842283934158,19.11694063610617],[72.89834495317567,19.115584831667178],[72.89825108153873,19.115493431681468],[72.89825336526961,19.115312802471337]]},"properties":{"id":"L00609","strahler":1,"length_m":405.6,"drop_m":11.22,"gradient":0.02766,"area_ha":10.04,"on_drain_share":0.0,"downstream":"L00634"}},{"type":"Feature","geometry":{"type":"LineString","coordinates":[[72.91581056268157,19.11713844237729],[72.91580829778673,19.117319073585353],[72.91552098587555,19.117496475226186],[72.91551532268993,19.117948053138164],[72.9151307276061,19.11830500848321],[72.91427558303347,19.11829531494018],[72.91408328406031,19.118473791266936],[72.9134170375119,19.11855656379163],[72.91322473737841,19.118735039099345],[72.91294195693155,19.1185511744881],[72.9122768443874,19.118543627405295],[72.91218296283367,19.118452233672386],[72.91189791487012,19.11844899834282],[72.91170561340772,19.11862747192019],[72.91132554918464,19.118623157025674]]},"properties":{"id":"L00565","strahler":1,"length_m":606.3,"drop_m":15.42,"gradient":0.02543,"area_ha":14.75,"on_drain_share":0.0,"downstream":"L00488"}},{"type":"Feature","geometry":{"type":"LineString","coordinates":[[72.87132552200082,19.118074318167846],[72.87123629221695,19.117621653702695],[72.87181330850633,19.117086371371677],[72.87191641505837,19.116455279132087],[72.87163600344024,19.116090729613024],[72.8710717138841,19.115632568648437],[72.87107634039498,19.11527131659358],[72.87088863051653,19.115088491652315],[72.87050858440517,19.115084093248274],[72.87022702105683,19.114809855024937]]},"properties":{"id":"L00611","strahler":1,"length_m":497.0,"drop_m":5.29,"gradient":0.01064,"area_ha":15.57,"on_drain_share":0.0,"downstream":"L00628"}},{"type":"Feature","geometry":{"type":"LineString","coordinates":[[72.87702633015152,19.118140196532075],[72.87702979083267,19.117869256515146],[72.87760563813387,19.11742426767001],[72.87760909773148,19.11715332752996],[72.8771386458669,19.116786592756664],[72.87715248645245,19.115702832399244],[72.87724865202357,19.11561361530348],[72.87725211184969,19.115342675173128],[72.87715825308692,19.115251265543176],[72.87698091621367,19.114255625849133],[72.8767932002199,19.114072806400817],[72.87679896729996,19.113621239570474],[72.8769936025849,19.11326217868933],[72.87700513496736,19.112359044807707]]},"properties":{"id":"L00649","strahler":2,"length_m":730.4,"drop_m":6.26,"gradient":0.00858,"area_ha":118.08,"on_drain_share":0.0,"downstream":"L00696"}},{"type":"Feature","geometry":{"type":"LineString","coordinates":[[72.88643271471867,19.11824851024415],[72.88681736499208,19.117891620815552],[72.88682425429295,19.11734973731537],[72.88626106243167,19.116801304690643],[72.88627139837959,19.115988479624214]]},"properties":{"id":"L00600","strahler":5,"length_m":291.4,"drop_m":1.17,"gradient":0.004,"area_ha":1426.95,"on_drain_share":0.0,"downstream":"L00603"}},{"type":"Feature","geometry":{"type":"LineString","coordinates":[[72.91161627134876,19.118174816518504],[72.91171015241947,19.118266210498927],[72.91132554918464,19.118623157025674]]},"properties":{"id":"L00566","strahler":1,"length_m":70.7,"drop_m":1.24,"gradient":0.01755,"area_ha":4.52,"on_drain_share":0.0,"downstream":"L00488"}},{"type":"Feature","geometry":{"type":"LineString","coordinates":[[72.9326126729325,19.11859263414551],[72.93261154952172,19.118682950700904]]},"properties":{"id":"L00567","strahler":2,"length_m":10.0,"drop_m":0.05,"gradient":0.0049,"area_ha":29.71,"on_drain_share":0.0,"downstream":null}},{"type":"Feature","geometry":{"type":"LineString","coordinates":[[72.83531949037405,19.117383178467367],[72.83503445851734,19.117379824271477],[72.8345652883929,19.11692267882665],[72.83409023688475,19.116917086437937]]},"properties":{"id":"L00579","strahler":1,"length_m":150.7,"drop_m":-3.53,"gradient":0.0,"area_ha":10.91,"on_drain_share":0.0,"downstream":"L00549"}},{"type":"Feature","geometry":{"type":"LineString","coordinates":[[72.90537710890817,19.115574698984286],[72.90537369485757,19.115845644031186],[72.90556144719784,19.116028437468703],[72.90555803336025,19.116299382534322],[72.9053657285151,19.116477849107344],[72.90545163860874,19.1172014509388],[72.90525933251443,19.117379917273908],[72.90525591792452,19.11765086224728],[72.90554096330678,19.117654107734083],[72.90572757971908,19.117927216194254],[72.90591761034085,19.117929379444153],[72.90638813652792,19.118296046915074]]},"properties":{"id":"L00569","strahler":1,"length_m":413.8,"drop_m":4.93,"gradient":0.01192,"area_ha":10.74,"on_drain_share":0.0,"downstream":"L00544"}},{"type":"Feature","geometry":{"type":"LineString","coordinates":[[72.90818478865225,19.11145154935034],[72.90856029162202,19.111817130134423],[72.90903535163412,19.111822528921685],[72.90912922792374,19.11191392380288],[72.90912468493173,19.112275184876065],[72.909028536837,19.112364420498544],[72.90902626518675,19.112545051016564],[72.9086428073741,19.11281167761316],[72.90769268209895,19.11280087625127],[72.90759653297992,19.11289011101809],[72.90758402966318,19.11388357785177],[72.90777178268323,19.114066369088732],[72.90776950945013,19.114246999427937],[72.90757720934559,19.114425468803493],[72.90756925201698,19.115057674870602],[72.90785202010645,19.11524154668146],[72.90784747348773,19.11560280732861],[72.90755788386028,19.115960826314257],[72.90755447328834,19.11623177172881],[72.90736330743383,19.116319925478688],[72.90716986720788,19.116588709233586],[72.90725123681185,19.117673571395137],[72.90696277921882,19.117941273815518],[72.90658271771892,19.117936949275492],[72.90638813652792,19.118296046915074]]},"properties":{"id":"L00570","strahler":1,"length_m":1096.0,"drop_m":44.09,"gradient":0.04023,"area_ha":17.67,"on_drain_share":0.0,"downstream":"L00544"}},{"type":"Feature","geometry":{"type":"LineString","coordinates":[[72.93033788238014,19.118115409981424],[72.93033563314154,19.11829604284019],[72.93052341810989,19.118478813597626],[72.93071345236751,19.11848095130411]]},"properties":{"id":"L00571","strahler":1,"length_m":68.3,"drop_m":0.97,"gradient":0.01424,"area_ha":5.46,"on_drain_share":0.0,"downstream":"L00572"}},{"type":"Feature","geometry":{"type":"LineString","coordinates":[[72.93071345236751,19.11848095130411],[72.93109352095877,19.118485226129085],[72.93138194465425,19.11821748227027],[72.93195204691739,19.11822389205809],[72.9320448165876,19.11840559323688],[72.9322348509448,19.11840772936454],[72.9326126729325,19.11859263414551]]},"properties":{"id":"L00572","strahler":2,"length_m":234.9,"drop_m":0.45,"gradient":0.00194,"area_ha":12.54,"on_drain_share":0.0,"downstream":"L00567"}},{"type":"Feature","geometry":{"type":"LineString","coordinates":[[72.93490094531376,19.117986031120957],[72.93461926084366,19.11771188101974],[72.93433421007985,19.11770868055976],[72.93386473889257,19.11725176228867],[72.93376972227325,19.117250695152805],[72.93261604312693,19.11832168447365],[72.9326126729325,19.11859263414551]]},"properties":{"id":"L00573","strahler":1,"length_m":352.8,"drop_m":-0.55,"gradient":0.0,"area_ha":16.98,"on_drain_share":0.0,"downstream":"L00567"}},{"type":"Feature","geometry":{"type":"LineString","coordinates":[[72.92465153920942,19.116877073643025],[72.92464815631253,19.1171480219878],[72.92483593325021,19.11733079786447],[72.9252159977945,19.11733508457967],[72.92549766466873,19.11760924757917],[72.92578271366463,19.117612461709157],[72.92615714475713,19.118068327497312],[72.92644219465944,19.118071540680017],[72.92653608462851,19.118162927855334],[72.92701116821543,19.11816828196212],[72.92710731132036,19.11807903639143],[72.92710956403832,19.11789840389849],[72.9273979923873,19.117630666783153],[72.9280631076885,19.117638158874428],[72.92815699841562,19.11772954528681],[72.92815024366335,19.118271443124573],[72.92833802596921,19.11845421588598]]},"properties":{"id":"L00574","strahler":1,"length_m":580.4,"drop_m":12.96,"gradient":0.02233,"area_ha":14.92,"on_drain_share":0.0,"downstream":"L00547"}},{"type":"Feature","geometry":{"type":"LineString","coordinates":[[72.9255393670827,19.114267549092283],[72.92591266407004,19.114813730966183],[72.92600767882351,19.114814802027134],[72.92666489735828,19.115454511826343],[72.9281851407591,19.11547163726163],[72.9283729202629,19.115654409744806],[72.92834590585856,19.117822001675776],[72.92824976351484,19.117911247973282],[72.92824526052743,19.118272513216407],[72.92833802596921,19.11845421588598]]},"properties":{"id":"L00575","strahler":1,"length_m":692.1,"drop_m":12.2,"gradient":0.01762,"area_ha":25.54,"on_drain_share":0.0,"downstream":"L00547"}},{"type":"Feature","geometry":{"type":"LineString","coordinates":[[72.85375400904307,19.117418523137502],[72.85385251915547,19.117148695659232]]},"properties":{"id":"L00578","strahler":1,"length_m":34.1,"drop_m":0.37,"gradient":0.0109,"area_ha":5.17,"on_drain_share":0.0,"downstream":"L00588"}},{"type":"Feature","geometry":{"type":"LineString","coordinates":[[72.84408158092843,19.115860221195014],[72.84436309838341,19.116134495399805],[72.84502817193398,19.116142286973517],[72.84512435323002,19.11605308839022],[72.84531203288863,19.11623593696434],[72.84578591556422,19.116331811705184],[72.84616127746007,19.116697507542046],[72.84634778887433,19.11697066676289],[72.84634544855064,19.11715128982847],[72.84653313079866,19.117334137388728]]},"properties":{"id":"L00576","strahler":1,"length_m":352.1,"drop_m":2.32,"gradient":0.0066,"area_ha":11.41,"on_drain_share":0.0,"downstream":"L00541"}},{"type":"Feature","geometry":{"type":"LineString","coordinates":[[72.84692838385911,19.1161645353875],[72.84673836254792,19.116162311427786],[72.84635480968723,19.11642879754326],[72.84635012917165,19.116790043693495],[72.84644397006441,19.11688146747416],[72.84653313079866,19.117334137388728]]},"properties":{"id":"L00577","strahler":1,"length_m":180.7,"drop_m":2.52,"gradient":0.01396,"area_ha":6.19,"on_drain_share":0.0,"downstream":"L00541"}},{"type":"Feature","geometry":{"type":"LineString","coordinates":[[72.85917085585798,19.117391314474357],[72.85898083161457,19.11738910301751],[72.85879313423415,19.117206266824674],[72.85879546104468,19.11702564228083],[72.85851391601678,19.11675138772931],[72.8584247221422,19.116298720443588],[72.85795548390473,19.11584162865024]]},"properties":{"id":"L00596","strahler":1,"length_m":235.6,"drop_m":6.31,"gradient":0.02678,"area_ha":8.59,"on_drain_share":0.0,"downstream":"L00584"}},{"type":"Feature","geometry":{"type":"LineString","coordinates":[[72.93793925492122,19.11820077146843],[72.93841994312895,19.117754511681873],[72.93833276755772,19.117121228614554],[72.9385250413998,19.116942724294358],[72.93862005812885,19.116943788958775],[72.93919687690995,19.116408274213445],[72.93995700879849,19.116416787153643]]},"properties":{"id":"L00605","strahler":1,"length_m":348.0,"drop_m":0.58,"gradient":0.00166,"area_ha":15.36,"on_drain_share":0.0,"downstream":null}},{"type":"Feature","geometry":{"type":"LineString","coordinates":[[72.85385251915547,19.117148695659232],[72.85319560271469,19.116508751982405]]},"properties":{"id":"L00588","strahler":2,"length_m":99.0,"drop_m":0.49,"gradient":0.00492,"area_ha":21.27,"on_drain_share":0.0,"downstream":"L00621"}},{"type":"Feature","geometry":{"type":"LineString","coordinates":[[72.83457470058825,19.11620019215514],[72.83457117106471,19.11647112466412],[72.83409023688475,19.116917086437937]]},"properties":{"id":"L00581","strahler":2,"length_m":100.7,"drop_m":0.79,"gradient":0.00781,"area_ha":33.44,"on_drain_share":0.0,"downstream":"L00549"}},{"type":"Feature","geometry":{"type":"LineString","coordinates":[[72.87485141012685,19.117302145082096],[72.87504374541639,19.11712371368328],[72.87504836368744,19.116762460751744],[72.87476678955102,19.116488228528297],[72.87477371757286,19.11594634918564],[72.87430443075722,19.11548929484294],[72.87420941877907,19.115488197056468],[72.87421057370324,19.11539788385806],[72.87383514651779,19.115032239530738],[72.87383861179143,19.11476129998532],[72.87374475538772,19.114669888820426],[72.87375399619116,19.11394738336108],[72.8738501622805,19.11385816810535],[72.87385247230023,19.113677541717916],[72.87263350969593,19.112398881137104],[72.87254081084049,19.112217156397094],[72.87254658886121,19.111765590726325],[72.87245273475514,19.111674179106622],[72.87245504600786,19.11149355284091],[72.87226733828476,19.11131072950375],[72.87227080538499,19.11103979012582],[72.8726554645774,19.110682931391658],[72.8727504737145,19.110684029715006],[72.873407452374,19.11132390897126],[72.87454756740048,19.11133708138677],[72.87454987633464,19.11115645486792],[72.87464604026525,19.111067238973305],[72.87483605923137,19.11106943355887],[72.87483836781742,19.110888807000848],[72.87493453143897,19.11079959092301],[72.87540957822796,19.11080507620142],[72.8756980677994,19.11053742678325],[72.87598309554576,19.110540716871746],[72.8761754211416,19.110362283293682]]},"properties":{"id":"L00695","strahler":1,"length_m":1361.2,"drop_m":13.22,"gradient":0.00971,"area_ha":28.67,"on_drain_share":0.0,"downstream":"L00722"}},{"type":"Feature","geometry":{"type":"LineString","coordinates":[[72.90031514047514,19.117594537082265],[72.90022240755678,19.11741282320978],[72.90023153474925,19.116690305580065],[72.89938667842354,19.11586771164057]]},"properties":{"id":"L00604","strahler":1,"length_m":231.4,"drop_m":0.0,"gradient":0.0,"area_ha":11.0,"on_drain_share":0.0,"downstream":"L00610"}},{"type":"Feature","geometry":{"type":"LineString","coordinates":[[72.88321373392736,19.11730822869308],[72.88340606117404,19.117129787679623],[72.88483126411302,19.11714617947664],[72.88502358959583,19.116967736582744],[72.88549865711536,19.116973197520213],[72.88607677828031,19.116347551852275],[72.88617753383562,19.115897074092143]]},"properties":{"id":"L00602","strahler":1,"length_m":405.6,"drop_m":4.28,"gradient":0.01055,"area_ha":8.27,"on_drain_share":0.0,"downstream":"L00642"}},{"type":"Feature","geometry":{"type":"LineString","coordinates":[[72.82812112220675,19.115582171121563],[72.82811404231842,19.11612403384358],[72.82829934159464,19.11648751886778]]},"properties":{"id":"L00582","strahler":3,"length_m":108.3,"drop_m":-2.22,"gradient":0.0,"area_ha":338.45,"on_drain_share":0.0,"downstream":"L00554"}},{"type":"Feature","geometry":{"type":"LineString","coordinates":[[72.85442841804864,19.116703785172955],[72.85366949290066,19.116604606918024],[72.8535756477716,19.116513186450153],[72.85319560271469,19.116508751982405]]},"properties":{"id":"L00593","strahler":2,"length_m":138.3,"drop_m":-0.24,"gradient":0.0,"area_ha":42.51,"on_drain_share":0.0,"downstream":"L00621"}},{"type":"Feature","geometry":{"type":"LineString","coordinates":[[72.85795548390473,19.11584162865024],[72.85718840952333,19.116374650438214],[72.85671335248645,19.116369116594335],[72.85661950563339,19.116277697527874],[72.85614444905094,19.116272162242595],[72.85604827291036,19.116361367155573],[72.85557904170854,19.115904269918857],[72.85548403065722,19.11590316244346],[72.85471461798821,19.116616797186257],[72.85442841804864,19.116703785172955]]},"properties":{"id":"L00584","strahler":2,"length_m":461.1,"drop_m":4.53,"gradient":0.00983,"area_ha":35.1,"on_drain_share":0.0,"downstream":"L00593"}},{"type":"Feature","geometry":{"type":"LineString","coordinates":[[72.85558253689462,19.11563333363514],[72.85442841804864,19.116703785172955]]},"properties":{"id":"L00589","strahler":1,"length_m":169.7,"drop_m":0.96,"gradient":0.00563,"area_ha":4.5,"on_drain_share":0.0,"downstream":"L00593"}},{"type":"Feature","geometry":{"type":"LineString","coordinates":[[72.86934645246764,19.116786838583515],[72.86936728916461,19.115161206250306],[72.86946345813676,19.11507199359613],[72.86984350396126,19.115076394155388],[72.87022702105683,19.114809855024937]]},"properties":{"id":"L00612","strahler":2,"length_m":286.6,"drop_m":2.3,"gradient":0.00802,"area_ha":81.46,"on_drain_share":0.0,"downstream":"L00628"}},{"type":"Feature","geometry":{"type":"LineString","coordinates":[[72.90927836518443,19.11516743239433],[72.90918221532641,19.115256667919773],[72.90880215942123,19.115252348545713],[72.90870600927963,19.115341583792343],[72.90870373689778,19.115522214214714],[72.90926814216232,19.115980269578497],[72.90964819984444,19.11598458814836],[72.91039923289689,19.116715745339995],[72.91039128526955,19.117347952393093]]},"properties":{"id":"L00590","strahler":2,"length_m":392.1,"drop_m":1.37,"gradient":0.0035,"area_ha":35.7,"on_drain_share":0.0,"downstream":"L00545"}},{"type":"Feature","geometry":{"type":"LineString","coordinates":[[72.91298278000703,19.115299818551318],[72.9127893496142,19.115568609223505],[72.9123142777607,19.115563219108942],[72.91212765206204,19.115290116493],[72.91193875812307,19.115197644541173],[72.91146255290715,19.115282567704334],[72.91127025504825,19.115461041187114],[72.91126231129418,19.116093248678727],[72.91106887724864,19.11636203716715],[72.91097386251644,19.116360958311077],[72.91096705229232,19.116902850293915],[72.91039128526955,19.117347952393093]]},"properties":{"id":"L00591","strahler":1,"length_m":492.1,"drop_m":12.38,"gradient":0.02516,"area_ha":12.01,"on_drain_share":0.0,"downstream":"L00545"}},{"type":"Feature","geometry":{"type":"LineString","coordinates":[[72.83960906113875,19.11634970491994],[72.83827891746898,19.11633408004694],[72.83771238067632,19.11605644765706],[72.83476707319002,19.11602180697668],[72.83457470058825,19.11620019215514]]},"properties":{"id":"L00595","strahler":2,"length_m":550.7,"drop_m":5.5,"gradient":0.00999,"area_ha":24.44,"on_drain_share":0.0,"downstream":"L00581"}},{"type":"Feature","geometry":{"type":"LineString","coordinates":[[72.84179429998105,19.116375353512304],[72.84112922691982,19.11636755016198],[72.8409415521965,19.116184697756683],[72.84075153161385,19.116182467613907],[72.84065769452302,19.116091041266717],[72.84037266387303,19.116087695555247],[72.84008411276353,19.11635528290509],[72.83960906113875,19.11634970491994]]},"properties":{"id":"L00592","strahler":1,"length_m":254.9,"drop_m":2.0,"gradient":0.00786,"area_ha":7.91,"on_drain_share":0.0,"downstream":"L00595"}},{"type":"Feature","geometry":{"type":"LineString","coordinates":[[72.85319560271469,19.116508751982405],[72.85235100328185,19.115685964470746],[72.85225832626783,19.115504231543408],[72.85226532724276,19.11496236012709],[72.85255502476771,19.114604439535924],[72.85255969122946,19.114243191823086],[72.85199546632028,19.113784977946526]]},"properties":{"id":"L00621","strahler":3,"length_m":384.6,"drop_m":2.82,"gradient":0.00734,"area_ha":70.37,"on_drain_share":0.0,"downstream":"L00622"}},{"type":"Feature","geometry":{"type":"LineString","coordinates":[[72.89053552892238,19.116940694020585],[72.89015891278459,19.116665393417524],[72.89016235178181,19.116394451049953],[72.88931755157445,19.115571815728423],[72.88874747396498,19.11556527474577],[72.8886501668617,19.11574481249644],[72.8885551538528,19.11574372210115],[72.88846128805216,19.115652317625475],[72.88846817112707,19.11511043341714],[72.88837430569987,19.115019028930156],[72.88799425542949,19.115014666644573],[72.8867740172684,19.113826402519454],[72.88677746122926,19.113555460661804],[72.88649701879514,19.113190931032115],[72.88640545182089,19.112918897854353]]},"properties":{"id":"L00639","strahler":1,"length_m":732.5,"drop_m":12.57,"gradient":0.01716,"area_ha":15.21,"on_drain_share":0.0,"downstream":"L00652"}},{"type":"Feature","geometry":{"type":"LineString","coordinates":[[72.83544507789576,19.115036213323638],[72.83458058299495,19.115748637954415],[72.83457470058825,19.11620019215514]]},"properties":{"id":"L00594","strahler":1,"length_m":179.0,"drop_m":2.82,"gradient":0.01577,"area_ha":8.75,"on_drain_share":0.0,"downstream":"L00581"}},{"type":"Feature","geometry":{"type":"LineString","coordinates":[[72.88056602367737,19.116284148984843],[72.88056832671866,19.116103521855937],[72.87934813975892,19.11491521291506],[72.87935159602858,19.114644272394404],[72.87964123913999,19.114286303396856],[72.87955198719385,19.113833640803243],[72.87936426851753,19.113650823745346],[72.87946964711685,19.112839097012102],[72.88023894530392,19.112125346394166],[72.88024239957905,19.111854405634755],[72.8804347227475,19.111675967330655]]},"properties":{"id":"L00664","strahler":1,"length_m":634.3,"drop_m":0.81,"gradient":0.00128,"area_ha":18.69,"on_drain_share":0.0,"downstream":"L00732"}},{"type":"Feature","geometry":{"type":"LineString","coordinates":[[72.88712536773794,19.11608861609907],[72.88702920661936,19.11617783884131],[72.88655299262984,19.116262695987345],[72.88627139837959,19.115988479624214]]},"properties":{"id":"L00601","strahler":1,"length_m":110.7,"drop_m":0.93,"gradient":0.00836,"area_ha":5.27,"on_drain_share":0.0,"downstream":"L00603"}},{"type":"Feature","geometry":{"type":"LineString","coordinates":[[72.82595363006573,19.114201706233334],[72.8264227672198,19.11465887068663],[72.8266127842544,19.11466111545045],[72.8266092420668,19.114932046570768],[72.82679689815151,19.115114911937813],[72.82736695104022,19.11512164463718],[72.82755814895698,19.115033578050895],[72.82784081521095,19.11521756431685],[72.82812112220675,19.115582171121563]]},"properties":{"id":"L00597","strahler":2,"length_m":323.8,"drop_m":6.99,"gradient":0.0216,"area_ha":11.58,"on_drain_share":0.0,"downstream":"L00582"}},{"type":"Feature","geometry":{"type":"LineString","coordinates":[[72.82939633373786,19.11252618927234],[72.82862683807119,19.11323970560729],[72.82862447899579,19.11342032662511],[72.82843210381628,19.113598705069027],[72.82842974448165,19.11377932605641],[72.82814118059073,19.11404689322243],[72.82812112220675,19.115582171121563]]},"properties":{"id":"L00598","strahler":3,"length_m":393.8,"drop_m":4.11,"gradient":0.01043,"area_ha":325.25,"on_drain_share":0.0,"downstream":"L00582"}},{"type":"Feature","geometry":{"type":"LineString","coordinates":[[72.86138169969651,19.1154298586587],[72.86138286158287,19.11533954621657],[72.86034936411794,19.114424270736762],[72.8601593431179,19.114422060826186],[72.85977581308656,19.114688577483097],[72.85958230337809,19.1149573039746],[72.85901223891628,19.11495067110191],[72.8588198909724,19.1151290843402],[72.85843984776919,19.115124661008668],[72.8582474990534,19.11530307356547],[72.85796246645003,19.115299755224918],[72.85786629180267,19.115388961247756],[72.85795548390473,19.11584162865024]]},"properties":{"id":"L00599","strahler":1,"length_m":527.0,"drop_m":5.46,"gradient":0.01037,"area_ha":17.96,"on_drain_share":0.0,"downstream":"L00584"}},{"type":"Feature","geometry":{"type":"LineString","coordinates":[[72.88627139837959,19.115988479624214],[72.88617753383562,19.115897074092143]]},"properties":{"id":"L00603","strahler":5,"length_m":14.1,"drop_m":0.0,"gradient":0.0,"area_ha":1432.28,"on_drain_share":0.0,"downstream":"L00642"}},{"type":"Feature","geometry":{"type":"LineString","coordinates":[[72.90223937298681,19.115719604988392],[72.90195433152486,19.11571635470413],[72.9018604576405,19.115624956365973],[72.90186273746812,19.11544432673895],[72.90176886377701,19.115352928370974],[72.90157883660575,19.11535076111796],[72.90119422124224,19.115707685123947],[72.90090917999225,19.115704433223083],[72.90042840779253,19.116150586041663],[72.89986288822517,19.115782820510006],[72.89938667842354,19.11586771164057]]},"properties":{"id":"L00608","strahler":1,"length_m":386.3,"drop_m":9.36,"gradient":0.02423,"area_ha":8.59,"on_drain_share":0.0,"downstream":"L00610"}},{"type":"Feature","geometry":{"type":"LineString","coordinates":[[72.88617753383562,19.115897074092143],[72.88618097917032,19.115626132399985],[72.88589938656224,19.11535191561208],[72.88590168369001,19.115171287840123],[72.88533850179685,19.114622853270777],[72.88534769221152,19.113900342365515],[72.88573233351202,19.113543454306736],[72.88573463058702,19.113362826518905],[72.88592695038707,19.11318438209735],[72.88593154399551,19.11282312645827]]},"properties":{"id":"L00642","strahler":5,"length_m":402.1,"drop_m":3.47,"gradient":0.00863,"area_ha":1445.64,"on_drain_share":0.0,"downstream":"L00651"}},{"type":"Feature","geometry":{"type":"LineString","coordinates":[[72.86575105977984,19.115570923280615],[72.86556103679759,19.115568718819304],[72.86537333329277,19.11538588880781]]},"properties":{"id":"L00607","strahler":1,"length_m":48.3,"drop_m":-0.12,"gradient":0.0,"area_ha":4.55,"on_drain_share":0.0,"downstream":"L00627"}},{"type":"Feature","geometry":{"type":"LineString","coordinates":[[72.85036045095639,19.115301415316026],[72.85055280725066,19.115123011837778],[72.85083783816268,19.115126341622922],[72.85170343517301,19.11432352146612],[72.8517104374898,19.113781650178314]]},"properties":{"id":"L00620","strahler":1,"length_m":245.6,"drop_m":1.23,"gradient":0.00501,"area_ha":8.91,"on_drain_share":0.0,"downstream":"L00637"}},{"type":"Feature","geometry":{"type":"LineString","coordinates":[[72.89938667842354,19.11586771164057],[72.89919893370704,19.115684912559264],[72.89853383849206,19.115677316903597],[72.89825336526961,19.115312802471337]]},"properties":{"id":"L00610","strahler":2,"length_m":150.7,"drop_m":3.49,"gradient":0.02316,"area_ha":22.07,"on_drain_share":0.0,"downstream":"L00634"}},{"type":"Feature","geometry":{"type":"LineString","coordinates":[[72.86537333329277,19.11538588880781],[72.86537681242076,19.11511495076929],[72.86652853794422,19.114225047908764],[72.8670035919113,19.114230555825678],[72.86719593084143,19.114052133053985],[72.86738595229401,19.114054335659596],[72.86748212151453,19.113965124072912],[72.86852955529133,19.11379660854347],[72.86891422869903,19.113439759131964]]},"properties":{"id":"L00627","strahler":2,"length_m":478.7,"drop_m":4.85,"gradient":0.01014,"area_ha":55.02,"on_drain_share":0.0,"downstream":"L00709"}},{"type":"Feature","geometry":{"type":"LineString","coordinates":[[72.8964423984304,19.115743743712933],[72.89645725519917,19.114569655179032],[72.89674572155415,19.11430197020808],[72.89674800676653,19.114121341149772],[72.89646525454701,19.113937453594207],[72.89656255237624,19.11375791076384],[72.8964743962725,19.1132149374402]]},"properties":{"id":"L00633","strahler":1,"length_m":319.0,"drop_m":10.56,"gradient":0.03312,"area_ha":6.85,"on_drain_share":0.0,"downstream":"L00655"}},{"type":"Feature","geometry":{"type":"LineString","coordinates":[[72.89397662666705,19.115354224679102],[72.89369502033544,19.11508001863451],[72.89302992989923,19.115072403322348],[72.89303221924649,19.11489177471204],[72.89293835117138,19.114800372324364],[72.89274832571255,19.114798196015236],[72.89256287990135,19.11443476238492],[72.8925743285044,19.113531619505213],[72.89267163003652,19.113352079106402],[72.89248389598555,19.113169274100223],[72.89248618568018,19.112988645516324],[72.89164138836239,19.112166021146983],[72.89164825972497,19.111624135619763],[72.89183942652406,19.111535998448325],[72.89203402807377,19.111176918209363],[72.89203860789982,19.11081566106466],[72.89223206321456,19.110546894769083],[72.8922366424479,19.1101856375535]]},"properties":{"id":"L00702","strahler":1,"length_m":765.3,"drop_m":5.81,"gradient":0.00759,"area_ha":27.47,"on_drain_share":0.0,"downstream":"L00745"}},{"type":"Feature","geometry":{"type":"LineString","coordinates":[[72.93455005545539,19.115633530500126],[72.93426276360846,19.11581096362402],[72.9339810836088,19.115536812929715],[72.93360102106091,19.11553254470036],[72.93341323537264,19.115349777026793],[72.9333182198672,19.11534870975984],[72.93293366575725,19.115705706619746],[72.93274588069819,19.115522938318335],[72.93246083402452,19.115519735309164],[72.93236806516074,19.115338034395847],[72.93217803429539,19.115335898735164],[72.93189635879251,19.11506174523259],[72.93180359077944,19.114880044108105],[72.93180920875996,19.114428461366565],[72.93171531750605,19.11433707677532]]},"properties":{"id":"L00626","strahler":1,"length_m":448.7,"drop_m":0.42,"gradient":0.00094,"area_ha":11.26,"on_drain_share":0.0,"downstream":null}},{"type":"Feature","geometry":{"type":"LineString","coordinates":[[72.89825336526961,19.115312802471337],[72.89816063572682,19.115131087853925],[72.89740852598635,19.114490200931368],[72.89731922465833,19.114037542316698],[72.89694260187756,19.113762255083735],[72.8964743962725,19.1132149374402]]},"properties":{"id":"L00634","strahler":2,"length_m":320.4,"drop_m":3.6,"gradient":0.01125,"area_ha":38.74,"on_drain_share":0.0,"downstream":"L00655"}},{"type":"Feature","geometry":{"type":"LineString","coordinates":[[72.87022702105683,19.114809855024937],[72.87022817809937,19.11471954205436],[72.87051552575257,19.114542215327116],[72.87051783948289,19.11436158934578],[72.870330131201,19.114178763976476],[72.86947503258607,19.114168864323304],[72.86891191334746,19.1136203849423],[72.86891422869903,19.113439759131964]]},"properties":{"id":"L00628","strahler":2,"length_m":291.4,"drop_m":2.21,"gradient":0.00758,"area_ha":103.0,"on_drain_share":0.0,"downstream":"L00709"}},{"type":"Feature","geometry":{"type":"LineString","coordinates":[[72.82585862184925,19.114200583561612],[72.82595363006573,19.114201706233334]]},"properties":{"id":"L00613","strahler":1,"length_m":10.0,"drop_m":0.0,"gradient":0.0,"area_ha":4.23,"on_drain_share":0.0,"downstream":"L00597"}},{"type":"Feature","geometry":{"type":"LineString","coordinates":[[72.91052376347172,19.11436862633592],[72.90994573393986,19.114994358458983],[72.90965842101149,19.1151717507667],[72.90927836518443,19.11516743239433]]},"properties":{"id":"L00614","strahler":2,"length_m":173.1,"drop_m":1.67,"gradient":0.00963,"area_ha":16.63,"on_drain_share":0.0,"downstream":"L00590"}},{"type":"Feature","geometry":{"type":"LineString","coordinates":[[72.82605336221577,19.113841587466727],[72.82595363006573,19.114201706233334]]},"properties":{"id":"L00615","strahler":1,"length_m":44.1,"drop_m":0.45,"gradient":0.0101,"area_ha":4.21,"on_drain_share":0.0,"downstream":"L00597"}},{"type":"Feature","geometry":{"type":"LineString","coordinates":[[72.91046620758809,19.111387141185233],[72.9104593976195,19.111929033284248],[72.9098825126857,19.1124644508351],[72.90987002332275,19.113457919169814],[72.90967772624629,19.113636391057998],[72.90929767392299,19.113632073058668],[72.90928631606548,19.11453522564231],[72.90909401705733,19.1147136967224],[72.90928177274328,19.11489648664917],[72.90927836518443,19.11516743239433]]},"properties":{"id":"L00616","strahler":1,"length_m":509.7,"drop_m":28.1,"gradient":0.05513,"area_ha":13.7,"on_drain_share":0.0,"downstream":"L00590"}},{"type":"Feature","geometry":{"type":"LineString","coordinates":[[72.83868831354489,19.1140807679551],[72.83850064408972,19.113897913533343]]},"properties":{"id":"L00617","strahler":1,"length_m":28.3,"drop_m":-0.31,"gradient":0.0,"area_ha":4.36,"on_drain_share":0.0,"downstream":"L00676"}},{"type":"Feature","geometry":{"type":"LineString","coordinates":[[72.8834405594464,19.11442037560127],[72.88410564314927,19.114428025312076],[72.88429451773791,19.114520524302616],[72.8855446076559,19.11336064293071],[72.8855469049111,19.113180015161262],[72.88593154399551,19.11282312645827]]},"properties":{"id":"L00641","strahler":1,"length_m":354.6,"drop_m":1.38,"gradient":0.00388,"area_ha":18.25,"on_drain_share":0.0,"downstream":"L00651"}},{"type":"Feature","geometry":{"type":"LineString","coordinates":[[72.91868929994564,19.114912818582994],[72.91869269212405,19.11464187120064],[72.91841104209131,19.114367699229348],[72.91841443461877,19.11409675187907],[72.91832055161608,19.114005361157485],[72.91813052397035,19.114003211138016],[72.91784887592799,19.11372903847809]]},"properties":{"id":"L00631","strahler":1,"length_m":179.0,"drop_m":5.3,"gradient":0.02958,"area_ha":11.22,"on_drain_share":0.0,"downstream":"L00716"}},{"type":"Feature","geometry":{"type":"LineString","coordinates":[[72.83850064408972,19.113897913533343],[72.83764556481525,19.113887866162695],[72.83755173076538,19.11379643850422],[72.83755995365738,19.11316426120391],[72.83775349407837,19.11289556112586],[72.83737816023992,19.11252985064133],[72.83737933496899,19.11243953959928],[72.83795642907589,19.111904372147375],[72.83805613399335,19.111544244086524],[72.83834585294525,19.111186348177814],[72.83768902333871,19.110546356870877]]},"properties":{"id":"L00676","strahler":2,"length_m":559.4,"drop_m":7.12,"gradient":0.01273,"area_ha":14.83,"on_drain_share":0.0,"downstream":"L00684"}},{"type":"Feature","geometry":{"type":"LineString","coordinates":[[72.93826911553123,19.11459129045417],[72.93874419244548,19.114596613317964],[72.93921367160218,19.115053519806708],[72.93997379730662,19.115062032098056]]},"properties":{"id":"L00618","strahler":1,"length_m":200.7,"drop_m":0.69,"gradient":0.00344,"area_ha":6.45,"on_drain_share":0.0,"downstream":null}},{"type":"Feature","geometry":{"type":"LineString","coordinates":[[72.83878801873831,19.113720639548728],[72.83850064408972,19.113897913533343]]},"properties":{"id":"L00619","strahler":1,"length_m":38.3,"drop_m":-0.14,"gradient":0.0,"area_ha":4.08,"on_drain_share":0.0,"downstream":"L00676"}},{"type":"Feature","geometry":{"type":"LineString","coordinates":[[72.854577044639,19.112550539187154],[72.85457121757867,19.113002099507803],[72.8542826928282,19.11326971198898],[72.85380764556713,19.113264171509876],[72.85351911921522,19.11353178262125],[72.8532340905329,19.113528457254606],[72.85313674849088,19.113707972642302],[72.85256319100675,19.113972256028436],[72.8523731714949,19.113970038130454],[72.85218548557347,19.113787196213778],[72.85199546632028,19.113784977946526]]},"properties":{"id":"L00623","strahler":1,"length_m":379.7,"drop_m":7.24,"gradient":0.01907,"area_ha":12.74,"on_drain_share":0.0,"downstream":"L00622"}},{"type":"Feature","geometry":{"type":"LineString","coordinates":[[72.8517104374898,19.113781650178314],[72.85142891025177,19.11350738636328],[72.85143474600903,19.11305582700081],[72.85115322037232,19.112781562908154],[72.8504869899405,19.112864106599595],[72.84992277570913,19.11240588731446],[72.84916153797033,19.112487316089396],[72.84896918369768,19.112665718311654],[72.8487791661282,19.112663496849486]]},"properties":{"id":"L00637","strahler":3,"length_m":422.1,"drop_m":5.68,"gradient":0.01346,"area_ha":98.37,"on_drain_share":0.0,"downstream":"L00669"}},{"type":"Feature","geometry":{"type":"LineString","coordinates":[[72.85199546632028,19.113784977946526],[72.8517104374898,19.113781650178314]]},"properties":{"id":"L00622","strahler":3,"length_m":30.0,"drop_m":-0.29,"gradient":0.0,"area_ha":83.21,"on_drain_share":0.0,"downstream":"L00637"}},{"type":"Feature","geometry":{"type":"LineString","coordinates":[[72.91262540310959,19.113489198067622],[72.91214466618932,19.113935385228757],[72.9121423977221,19.114116016076338],[72.91204624991308,19.114205253313035],[72.91128614161653,19.11419662606422],[72.91099769648794,19.114464336101772],[72.91052376347172,19.11436862633592]]},"properties":{"id":"L00624","strahler":1,"length_m":281.4,"drop_m":15.21,"gradient":0.05404,"area_ha":8.97,"on_drain_share":0.0,"downstream":"L00614"}},{"type":"Feature","geometry":{"type":"LineString","coordinates":[[72.83280483488994,19.113469613104964],[72.83233568139416,19.113012463481706],[72.8323392138709,19.112741531273173]]},"properties":{"id":"L00629","strahler":1,"length_m":100.7,"drop_m":-5.48,"gradient":0.0,"area_ha":5.28,"on_drain_share":0.0,"downstream":"L00645"}},{"type":"Feature","geometry":{"type":"LineString","coordinates":[[72.9112070141447,19.1129311322053],[72.91101471902678,19.113109605695723],[72.91101017982378,19.11347086715824],[72.91110405814187,19.113562261207623],[72.91071946569167,19.113919207546935],[72.91071606066264,19.11419015357025],[72.91052376347172,19.11436862633592]]},"properties":{"id":"L00625","strahler":1,"length_m":197.3,"drop_m":13.98,"gradient":0.07084,"area_ha":5.63,"on_drain_share":0.0,"downstream":"L00614"}},{"type":"Feature","geometry":{"type":"LineString","coordinates":[[72.9175559159739,19.11435802284291],[72.91755930989258,19.11408707564014],[72.91784887592799,19.11372903847809]]},"properties":{"id":"L00630","strahler":1,"length_m":82.4,"drop_m":3.87,"gradient":0.04699,"area_ha":7.01,"on_drain_share":0.0,"downstream":"L00716"}},{"type":"Feature","geometry":{"type":"LineString","coordinates":[[72.84591837461315,19.11344295533289],[72.84592422530945,19.112991397607477],[72.8458303866972,19.112899973768847],[72.8458374075847,19.112358104495048],[72.84574356934499,19.112266680645995],[72.84574824998445,19.11190543446317],[72.84565441202741,19.11181401059429],[72.84565909274106,19.111452764415],[72.84556525506669,19.11136134052629],[72.84557110603495,19.110909782804214]]},"properties":{"id":"L00668","strahler":1,"length_m":296.6,"drop_m":0.52,"gradient":0.00175,"area_ha":15.7,"on_drain_share":0.0,"downstream":"L00691"}},{"type":"Feature","geometry":{"type":"LineString","coordinates":[[72.86435141304503,19.113567507294377],[72.8644452632076,19.113658922703653],[72.86473029420975,19.113662230732512],[72.8648264644577,19.113573020647795],[72.86483342372541,19.113031144649483],[72.8650257632156,19.112852724217976],[72.86540580286714,19.112857133448045],[72.86540812192645,19.112676508036618],[72.86608130482459,19.11205203298084],[72.86514280606313,19.11113788535579],[72.86514512518323,19.110957259941763]]},"properties":{"id":"L00675","strahler":1,"length_m":467.0,"drop_m":4.24,"gradient":0.00907,"area_ha":14.04,"on_drain_share":0.0,"downstream":"L00788"}},{"type":"Feature","geometry":{"type":"LineString","coordinates":[[72.90349619412719,19.11401770108889],[72.90330844632126,19.113834905938084],[72.9029283950972,19.113830574745435],[72.90274064816701,19.113647779091067],[72.9027452053766,19.11328651955138],[72.90246016799188,19.113283270447745],[72.90217854943211,19.113009076337605],[72.90218082857812,19.112828446622405],[72.90208695602114,19.112737048516955],[72.90113683517085,19.112726213358872],[72.90104296329633,19.11263481477978],[72.90047289144216,19.11262831107309],[72.90009512502938,19.11244334480858]]},"properties":{"id":"L00653","strahler":1,"length_m":465.6,"drop_m":13.06,"gradient":0.02805,"area_ha":10.78,"on_drain_share":0.0,"downstream":"L00737"}},{"type":"Feature","geometry":{"type":"LineString","coordinates":[[72.8311944084227,19.11308933918625],[72.83091291952017,19.11281504737732],[72.83091645427506,19.112544115419094],[72.83044730883763,19.112086961704417],[72.82997227244084,19.112081360048318]]},"properties":{"id":"L00643","strahler":1,"length_m":193.1,"drop_m":3.3,"gradient":0.01707,"area_ha":5.65,"on_drain_share":0.0,"downstream":"L00636"}},{"type":"Feature","geometry":{"type":"LineString","coordinates":[[72.86891422869903,19.113439759131964],[72.86929890045815,19.113082908742633],[72.86930121531933,19.112902282876135],[72.86949470765327,19.11263354434086],[72.86949702224315,19.11245291844247],[72.86940316963404,19.1123615053973],[72.86941358537068,19.11154868884915],[72.86913202937625,19.1112744496064],[72.86932436249622,19.11109602400158],[72.86989557457487,19.111012310671253],[72.87028023826669,19.11065545739274],[72.87047025622168,19.110657656438963],[72.87066258726954,19.110479229214878],[72.87067068279796,19.109847037924357],[72.87086301262141,19.109668610364324]]},"properties":{"id":"L00709","strahler":3,"length_m":577.0,"drop_m":3.38,"gradient":0.00585,"area_ha":170.43,"on_drain_share":0.0,"downstream":"L00769"}},{"type":"Feature","geometry":{"type":"LineString","coordinates":[[72.93067465150115,19.11396405914769],[72.93115197214674,19.113788768407204],[72.93144151053497,19.113430707014526],[72.93144600535128,19.11306944084931],[72.93154214307867,19.112980192411264],[72.93154776116732,19.11252860965151],[72.9311744488132,19.11198243783094],[72.93117894384253,19.11162117167014]]},"properties":{"id":"L00679","strahler":1,"length_m":331.4,"drop_m":3.18,"gradient":0.00961,"area_ha":9.07,"on_drain_share":0.0,"downstream":"L00706"}},{"type":"Feature","geometry":{"type":"LineString","coordinates":[[72.8323392138709,19.112741531273173],[72.832151553463,19.112558671182402],[72.83177270059895,19.112463882661604],[72.8311158943585,19.111823869950957],[72.83064085850195,19.111818270094155],[72.83044848730033,19.111996651073447],[72.83006845837565,19.11199216986928]]},"properties":{"id":"L00645","strahler":2,"length_m":289.7,"drop_m":3.01,"gradient":0.01039,"area_ha":13.45,"on_drain_share":0.0,"downstream":"L00644"}},{"type":"Feature","geometry":{"type":"LineString","coordinates":[[72.83243422166349,19.112742650517916],[72.8323392138709,19.112741531273173]]},"properties":{"id":"L00632","strahler":1,"length_m":10.0,"drop_m":0.0,"gradient":0.0,"area_ha":4.03,"on_drain_share":0.0,"downstream":"L00645"}},{"type":"Feature","geometry":{"type":"LineString","coordinates":[[72.88687476871726,19.113375923933805],[72.88640545182089,19.112918897854353]]},"properties":{"id":"L00640","strahler":1,"length_m":70.7,"drop_m":-2.98,"gradient":0.0,"area_ha":4.65,"on_drain_share":0.0,"downstream":"L00652"}},{"type":"Feature","geometry":{"type":"LineString","coordinates":[[72.91784887592799,19.11372903847809],[72.91785340034338,19.113367775447003],[72.91757175377028,19.113093602490196],[72.91757854101485,19.112551707996335],[72.91786697297773,19.11228398626257],[72.91787602089077,19.111561460063648],[72.91806830742458,19.11138297850091],[72.91807169993947,19.11111203112216],[72.91788393748011,19.11092924958973],[72.91788733020852,19.110658302229528],[72.91836691226221,19.110302413365392],[72.9186575996736,19.10985405816519],[72.91865986052176,19.109673426482477]]},"properties":{"id":"L00716","strahler":2,"length_m":530.4,"drop_m":16.78,"gradient":0.03163,"area_ha":30.26,"on_drain_share":0.0,"downstream":"L00725"}},{"type":"Feature","geometry":{"type":"LineString","coordinates":[[72.8419362066526,19.112764016373706],[72.8417497069517,19.11249085373536],[72.84213442850718,19.112134065625558],[72.84318068910956,19.11205600724833],[72.8434692275382,19.111788413700207],[72.84356774943154,19.111518592887553],[72.84414599314509,19.11089309222954],[72.84415184781139,19.110441534907725]]},"properties":{"id":"L00685","strahler":1,"length_m":430.4,"drop_m":3.53,"gradient":0.0082,"area_ha":13.81,"on_drain_share":0.0,"downstream":"L00715"}},{"type":"Feature","geometry":{"type":"LineString","coordinates":[[72.8487791661282,19.112663496849486],[72.8485879799277,19.112751586900398],[72.84811878043631,19.112294473456735],[72.84802610977401,19.112112738971277],[72.84803195430982,19.11166118055287],[72.84784427597954,19.111478334884016],[72.84718038918007,19.11138024367203],[72.84689887381202,19.111105973983392],[72.84652001245374,19.111011215335875],[72.84633233661138,19.110828368346517],[72.84594996641508,19.11100454333229],[72.84566494348475,19.111001206669428],[72.84557110603495,19.110909782804214]]},"properties":{"id":"L00669","strahler":3,"length_m":478.7,"drop_m":-0.85,"gradient":0.0,"area_ha":118.99,"on_drain_share":0.0,"downstream":"L00691"}},{"type":"Feature","geometry":{"type":"LineString","coordinates":[[72.8292145728093,19.111891773737323],[72.82920867711464,19.11234332651725],[72.82939633373786,19.11252618927234]]},"properties":{"id":"L00635","strahler":1,"length_m":78.3,"drop_m":-0.71,"gradient":0.0,"area_ha":4.42,"on_drain_share":0.0,"downstream":"L00598"}},{"type":"Feature","geometry":{"type":"LineString","coordinates":[[72.82997227244084,19.112081360048318],[72.82939633373786,19.11252618927234]]},"properties":{"id":"L00636","strahler":3,"length_m":80.7,"drop_m":-0.9,"gradient":0.0,"area_ha":312.04,"on_drain_share":0.0,"downstream":"L00598"}},{"type":"Feature","geometry":{"type":"LineString","coordinates":[[72.8964743962725,19.1132149374402],[72.89628780054154,19.112941821414317],[72.89629008607596,19.11276119238268],[72.89582074228574,19.112304187991942]]},"properties":{"id":"L00655","strahler":2,"length_m":129.0,"drop_m":0.22,"gradient":0.00168,"area_ha":50.96,"on_drain_share":0.0,"downstream":"L00671"}},{"type":"Feature","geometry":{"type":"LineString","coordinates":[[72.92155780013417,19.113499985696837],[72.92155892921902,19.113409669724742],[72.92127614665229,19.11322581781878],[72.92108950749025,19.11295272308873],[72.92099449409781,19.11295164958953],[72.92099675280308,19.11277101769845],[72.92062121786768,19.11240545954921],[72.92043119177107,19.11240331207748],[72.92043232139784,19.11231299615945],[72.92014954199878,19.11212914279472],[72.91986902305152,19.111764657269863],[72.91987128282777,19.111584025485065],[72.91968351771725,19.111401245561144],[72.91959302533952,19.111038907896933],[72.91931137916191,19.110764737642047],[72.91912135509824,19.110762588995424],[72.91902747336087,19.110671198745422],[72.91903086417739,19.110400251180025],[72.91884423163235,19.110127154742063],[72.9188476226433,19.109856207192347],[72.91865986052176,19.109673426482477]]},"properties":{"id":"L00717","strahler":1,"length_m":589.4,"drop_m":22.32,"gradient":0.03786,"area_ha":15.15,"on_drain_share":0.0,"downstream":"L00725"}},{"type":"Feature","geometry":{"type":"LineString","coordinates":[[72.85137241548861,19.110525984832325],[72.85098888300797,19.110792482766588],[72.85098771577654,19.110882794636648],[72.84963891769532,19.112312244792847],[72.84944773227835,19.11240033582502],[72.8490676976522,19.11239589375197],[72.8487791661282,19.112663496849486]]},"properties":{"id":"L00638","strahler":1,"length_m":387.0,"drop_m":4.92,"gradient":0.01272,"area_ha":11.98,"on_drain_share":0.0,"downstream":"L00669"}},{"type":"Feature","geometry":{"type":"LineString","coordinates":[[72.88640545182089,19.112918897854353],[72.8858434233505,19.112280151366026]]},"properties":{"id":"L00652","strahler":2,"length_m":94.9,"drop_m":-0.08,"gradient":0.0,"area_ha":20.92,"on_drain_share":0.0,"downstream":"L00688"}},{"type":"Feature","geometry":{"type":"LineString","coordinates":[[72.90512279515231,19.113132948221022],[72.90531509598074,19.112954481497795],[72.90532306093351,19.112322276200626],[72.90504257660798,19.11195777112113],[72.90447250560905,19.111951280021163],[72.9040020006625,19.111584609526286],[72.9034353477154,19.111307170491337]]},"properties":{"id":"L00682","strahler":1,"length_m":349.7,"drop_m":10.0,"gradient":0.0286,"area_ha":11.8,"on_drain_share":0.0,"downstream":"L00667"}},{"type":"Feature","geometry":{"type":"LineString","coordinates":[[72.88593154399551,19.11282312645827],[72.8858434233505,19.112280151366026]]},"properties":{"id":"L00651","strahler":5,"length_m":64.1,"drop_m":-2.93,"gradient":0.0,"area_ha":1466.01,"on_drain_share":0.0,"downstream":"L00688"}},{"type":"Feature","geometry":{"type":"LineString","coordinates":[[72.83006845837565,19.11199216986928],[72.82997227244084,19.112081360048318]]},"properties":{"id":"L00644","strahler":3,"length_m":14.1,"drop_m":0.0,"gradient":0.0,"area_ha":304.5,"on_drain_share":0.0,"downstream":"L00636"}},{"type":"Feature","geometry":{"type":"LineString","coordinates":[[72.83016464420743,19.111902979628933],[72.83006845837565,19.11199216986928]]},"properties":{"id":"L00646","strahler":3,"length_m":14.1,"drop_m":0.0,"gradient":0.0,"area_ha":290.81,"on_drain_share":0.0,"downstream":"L00644"}},{"type":"Feature","geometry":{"type":"LineString","coordinates":[[72.83627449756861,19.109716806598797],[72.83589212166656,19.109892959892438],[72.83560357595061,19.110160540725296],[72.8345585046206,19.110148245928457],[72.83446467432937,19.110056817035023],[72.83427466156267,19.110054580894317],[72.8338922831771,19.110230729737882],[72.83360726384731,19.11022737453792],[72.83284132731492,19.110669979135565],[72.83227128760765,19.110663264892704],[72.83217510357696,19.110752456428564],[72.83198509030454,19.110750217846576],[72.8313117985773,19.11137455611608],[72.83064321517483,19.111637648802773],[72.83035465856676,19.11190522021963],[72.83016464420743,19.111902979628933]]},"properties":{"id":"L00647","strahler":3,"length_m":751.8,"drop_m":2.94,"gradient":0.00392,"area_ha":283.34,"on_drain_share":0.0,"downstream":"L00646"}},{"type":"Feature","geometry":{"type":"LineString","coordinates":[[72.87690897134982,19.11244826197465],[72.87700513496736,19.112359044807707]]},"properties":{"id":"L00648","strahler":1,"length_m":14.1,"drop_m":0.0,"gradient":0.0,"area_ha":5.58,"on_drain_share":0.0,"downstream":"L00696"}},{"type":"Feature","geometry":{"type":"LineString","coordinates":[[72.89543612357028,19.112661099554053],[72.89572115860005,19.112664359431992],[72.89581731329825,19.112575131469423],[72.89582074228574,19.112304187991942]]},"properties":{"id":"L00654","strahler":1,"length_m":74.1,"drop_m":1.96,"gradient":0.02642,"area_ha":4.34,"on_drain_share":0.0,"downstream":"L00671"}},{"type":"Feature","geometry":{"type":"LineString","coordinates":[[72.82981172651718,19.109821353978813],[72.83009792293537,19.10973440435407],[72.83084736753497,19.110556160904476],[72.83103266821253,19.110919643354734],[72.8310303120579,19.111100264706938],[72.83016464420743,19.111902979628933]]},"properties":{"id":"L00650","strahler":1,"length_m":352.8,"drop_m":2.97,"gradient":0.0084,"area_ha":7.3,"on_drain_share":0.0,"downstream":"L00646"}},{"type":"Feature","geometry":{"type":"LineString","coordinates":[[72.87700513496736,19.112359044807707],[72.87719746189335,19.11218061029063],[72.87720668640328,19.11145810301241],[72.87730284924766,19.111368885610087],[72.87692742273835,19.111003247670382],[72.87673740358919,19.111001055250718],[72.87617426761197,19.110452596656927],[72.8761754211416,19.110362283293682]]},"properties":{"id":"L00696","strahler":2,"length_m":293.8,"drop_m":2.94,"gradient":0.01001,"area_ha":130.51,"on_drain_share":0.0,"downstream":"L00722"}},{"type":"Feature","geometry":{"type":"LineString","coordinates":[[72.93838317051768,19.113056967286244],[72.93905498941928,19.112522516083263]]},"properties":{"id":"L00660","strahler":1,"length_m":94.9,"drop_m":0.12,"gradient":0.00127,"area_ha":6.73,"on_drain_share":0.0,"downstream":"L00672"}},{"type":"Feature","geometry":{"type":"LineString","coordinates":[[72.83605745250156,19.111791724920813],[72.83750135866393,19.11036350186459]]},"properties":{"id":"L00683","strahler":1,"length_m":222.1,"drop_m":4.07,"gradient":0.01831,"area_ha":8.76,"on_drain_share":0.0,"downstream":"L00703"}},{"type":"Feature","geometry":{"type":"LineString","coordinates":[[72.85867058308726,19.111965942330347],[72.85886409016143,19.11169721652176],[72.85915144246175,19.111519908171783],[72.85953147760596,19.111524329233102],[72.85971917013359,19.1117071642312],[72.86009920584709,19.111711584162133]]},"properties":{"id":"L00658","strahler":1,"length_m":184.9,"drop_m":5.48,"gradient":0.02965,"area_ha":7.07,"on_drain_share":0.0,"downstream":"L00673"}},{"type":"Feature","geometry":{"type":"LineString","coordinates":[[72.85971568245878,19.111978101365946],[72.86009920584709,19.111711584162133]]},"properties":{"id":"L00657","strahler":1,"length_m":52.4,"drop_m":2.46,"gradient":0.0469,"area_ha":4.29,"on_drain_share":0.0,"downstream":"L00673"}},{"type":"Feature","geometry":{"type":"LineString","coordinates":[[72.86199590202014,19.11200460960247],[72.86266793247871,19.11147046053597]]},"properties":{"id":"L00663","strahler":1,"length_m":94.9,"drop_m":4.08,"gradient":0.04304,"area_ha":4.46,"on_drain_share":0.0,"downstream":"L00674"}},{"type":"Feature","geometry":{"type":"LineString","coordinates":[[72.8858434233505,19.112280151366026],[72.88565569863971,19.112097340205555],[72.8856591440864,19.111826398493342],[72.88547371717029,19.11146295941062],[72.8854783113172,19.111101703810174],[72.88595910347196,19.11065559230405]]},"properties":{"id":"L00688","strahler":5,"length_m":217.3,"drop_m":5.15,"gradient":0.02368,"area_ha":1492.9,"on_drain_share":0.0,"downstream":"L00692"}},{"type":"Feature","geometry":{"type":"LineString","coordinates":[[72.90009512502938,19.11244334480858],[72.8995318999638,19.111894949963446],[72.89934187701668,19.111892780777996],[72.89906026622252,19.111618582569434],[72.89906254857591,19.111437953189306],[72.89896867860743,19.11134655371777],[72.89811357867698,19.111336788493503],[72.89764309107994,19.110970103210196],[72.8975560738256,19.11033681544159],[72.89765222616056,19.1102475862754],[72.89793725746186,19.11025084232697],[72.89822571344294,19.109983153972262],[72.89823027951537,19.109621895338258],[72.89804254252759,19.109439095756585],[72.89795095745632,19.10916706661209],[72.89720115715603,19.108345551879275],[72.89682340432904,19.10816058009185],[72.89682454650071,19.108070265498508],[72.89625449183647,19.10806375022344],[72.89606675881464,19.107880948972152],[72.89606904393696,19.107700319867142],[72.896262489021,19.107431548275283],[72.89627162827418,19.10670903170606],[72.89599003092374,19.106434829976447],[72.89551613304928,19.106339084462334],[72.89541998216929,19.106428312653566],[72.89494379863194,19.106513194704743],[72.89455919294913,19.106870105744477],[72.89455347626478,19.10732167810085],[72.89426616357561,19.107499046193464],[72.89416886777508,19.107678588035665],[72.89369382413733,19.1076731520175]]},"properties":{"id":"L00737","strahler":2,"length_m":1393.0,"drop_m":12.67,"gradient":0.00909,"area_ha":77.35,"on_drain_share":0.0,"downstream":"L00746"}},{"type":"Feature","geometry":{"type":"LineString","coordinates":[[72.90133939916309,19.11173491781539],[72.90114709605255,19.11191338012998],[72.9009570728869,19.11191121260975],[72.90009512502938,19.11244334480858]]},"properties":{"id":"L00656","strahler":2,"length_m":163.1,"drop_m":1.51,"gradient":0.00928,"area_ha":40.93,"on_drain_share":0.0,"downstream":"L00737"}},{"type":"Feature","geometry":{"type":"LineString","coordinates":[[72.92955247308537,19.112506169717022],[72.92992915428086,19.11278139503742],[72.93021756880228,19.112513652095316],[72.93040759620699,19.11251578947685],[72.9310816829965,19.11180073652146],[72.93109629197649,19.110626621489267],[72.93119242832262,19.11053737309666]]},"properties":{"id":"L00705","strahler":2,"length_m":368.0,"drop_m":4.08,"gradient":0.01109,"area_ha":31.21,"on_drain_share":0.0,"downstream":"L00748"}},{"type":"Feature","geometry":{"type":"LineString","coordinates":[[72.89582074228574,19.112304187991942],[72.8956330054909,19.11212138596344],[72.89534797140774,19.112118126037977],[72.8953491146354,19.112027811569288],[72.89506636750984,19.11184392231251],[72.89469204063155,19.111388002364226]]},"properties":{"id":"L00671","strahler":2,"length_m":173.1,"drop_m":0.98,"gradient":0.00565,"area_ha":56.43,"on_drain_share":0.0,"downstream":"L00704"}},{"type":"Feature","geometry":{"type":"LineString","coordinates":[[72.92575869244598,19.111921469872915],[72.9259487186363,19.11192361179343],[72.92623037859366,19.11219777306958],[72.92680045835858,19.112204196871907],[72.92699273709685,19.11202570515292],[72.92727890267943,19.111938599751284],[72.92737616752193,19.11175903730856],[72.92756619372193,19.111761177541997],[72.92813064536507,19.112219178886658],[72.92851069902383,19.112223457698985],[72.92879123897563,19.112587931884946],[72.92955247308537,19.112506169717022]]},"properties":{"id":"L00659","strahler":1,"length_m":486.3,"drop_m":15.55,"gradient":0.03198,"area_ha":14.35,"on_drain_share":0.0,"downstream":"L00705"}},{"type":"Feature","geometry":{"type":"LineString","coordinates":[[72.93230899483396,19.112446835917805],[72.93211672069347,19.112625333680196],[72.93192669295776,19.112623198051185],[72.93183504943188,19.11235118044996],[72.93117894384253,19.11162117167014]]},"properties":{"id":"L00680","strahler":1,"length_m":191.4,"drop_m":3.52,"gradient":0.01839,"area_ha":4.55,"on_drain_share":0.0,"downstream":"L00706"}},{"type":"Feature","geometry":{"type":"LineString","coordinates":[[72.86009920584709,19.111711584162133],[72.860384232701,19.111714898596134],[72.86057657479294,19.111536483111603],[72.86105278104172,19.11145169318232],[72.8614374628579,19.11109486036151],[72.8617236503227,19.111007860116153]]},"properties":{"id":"L00673","strahler":2,"length_m":203.1,"drop_m":-3.09,"gradient":0.0,"area_ha":14.44,"on_drain_share":0.0,"downstream":"L00666"}},{"type":"Feature","geometry":{"type":"LineString","coordinates":[[72.88062244071872,19.11185878323055],[72.8804347227475,19.111675967330655]]},"properties":{"id":"L00665","strahler":1,"length_m":28.3,"drop_m":-0.17,"gradient":0.0,"area_ha":4.29,"on_drain_share":0.0,"downstream":"L00732"}},{"type":"Feature","geometry":{"type":"LineString","coordinates":[[72.9223325824788,19.1123344619511],[72.92214481363588,19.112151684218322],[72.92214819965771,19.111880736158295],[72.92186541876951,19.111696885314423],[72.9218688051596,19.111425937289233],[72.92158715427274,19.111151770113743],[72.92158941210526,19.110971138119222],[72.92178169430701,19.11079265222077],[72.92178395188259,19.110612020196843],[72.9214084194299,19.11024646387289],[72.92121839570432,19.110244317446682],[72.92103063032764,19.110061538876533],[72.92103288862565,19.10988090692469],[72.92093900618215,19.109789517590105],[72.92075011232296,19.109697054766784],[72.91999002040235,19.1096884654059],[72.9198961386858,19.109597075601652],[72.91989839815645,19.10941644377128],[72.91961901361185,19.10896164234444],[72.91971628422965,19.10878208451635],[72.91972193308715,19.10833050494517],[72.91906476918996,19.107690775056135]]},"properties":{"id":"L00743","strahler":1,"length_m":750.1,"drop_m":24.29,"gradient":0.03238,"area_ha":16.96,"on_drain_share":0.0,"downstream":"L00765"}},{"type":"Feature","geometry":{"type":"LineString","coordinates":[[72.92788724775926,19.108874263837787],[72.9278861223985,19.108964580217716],[72.92826166788063,19.109330124432088],[72.92825379144259,19.10996233919068],[72.92815765404302,19.110051585934897],[72.92815427815803,19.110322535083753],[72.9284336893179,19.110777325901314],[72.9284280633303,19.111228907854926],[72.92899026608518,19.111867539462615],[72.92917579317076,19.112230943734772],[72.92955247308537,19.112506169717022]]},"properties":{"id":"L00661","strahler":1,"length_m":488.7,"drop_m":2.47,"gradient":0.00506,"area_ha":12.31,"on_drain_share":0.0,"downstream":"L00705"}},{"type":"Feature","geometry":{"type":"LineString","coordinates":[[72.93754932651974,19.11133136321283],[72.93839436943999,19.11215379784134],[72.93877106642702,19.112429006358504],[72.93905498941928,19.112522516083263]]},"properties":{"id":"L00662","strahler":2,"length_m":213.8,"drop_m":-0.09,"gradient":0.0,"area_ha":22.32,"on_drain_share":0.0,"downstream":"L00672"}},{"type":"Feature","geometry":{"type":"LineString","coordinates":[[72.93905498941928,19.112522516083263],[72.93924725672856,19.11234401035302],[72.93953229918296,19.112347202343027],[72.93972568494499,19.112078379018033],[72.94001184600562,19.111991253182058]]},"properties":{"id":"L00672","strahler":2,"length_m":130.7,"drop_m":0.6,"gradient":0.0046,"area_ha":30.48,"on_drain_share":0.0,"downstream":null}},{"type":"Feature","geometry":{"type":"LineString","coordinates":[[72.8617236503227,19.111007860116153],[72.86191134498141,19.111190693063882],[72.8621013625081,19.111192900807264],[72.8622890578111,19.11137573342674],[72.86266793247871,19.11147046053597]]},"properties":{"id":"L00666","strahler":2,"length_m":120.7,"drop_m":4.18,"gradient":0.03463,"area_ha":21.7,"on_drain_share":0.0,"downstream":"L00674"}},{"type":"Feature","geometry":{"type":"LineString","coordinates":[[72.86266793247871,19.11147046053597],[72.86324262881789,19.111115830560546],[72.86352765523797,19.11111914002859],[72.86399805861114,19.111485905376895],[72.86456811306019,19.111492521656146],[72.86514512518323,19.110957259941763]]},"properties":{"id":"L00674","strahler":2,"length_m":318.0,"drop_m":-2.55,"gradient":0.0,"area_ha":32.6,"on_drain_share":0.0,"downstream":"L00788"}},{"type":"Feature","geometry":{"type":"LineString","coordinates":[[72.8804347227475,19.111675967330655],[72.88053088417719,19.111586748087028],[72.88053548909053,19.111225493649656],[72.8799723386522,19.110677045417507],[72.87949729081917,19.110671571947854],[72.87930496802629,19.11085000930457],[72.87892492951654,19.11084562921107],[72.87854950014325,19.110479994333588],[72.8786491182516,19.110119835566092],[72.8778078669758,19.109026214965596],[72.87781362966115,19.108574647590164],[72.87715779492113,19.107844469863903],[72.87696777935136,19.107842278030073]]},"properties":{"id":"L00732","strahler":2,"length_m":694.3,"drop_m":5.84,"gradient":0.00842,"area_ha":35.49,"on_drain_share":0.0,"downstream":"L00729"}},{"type":"Feature","geometry":{"type":"LineString","coordinates":[[72.9034353477154,19.111307170491337],[72.90333919749342,19.111396402909953],[72.90238908353601,19.11138557494468],[72.90200561940327,19.111652186971224],[72.90162671327361,19.11155753872575],[72.90133939916309,19.11173491781539]]},"properties":{"id":"L00667","strahler":2,"length_m":249.0,"drop_m":7.69,"gradient":0.03089,"area_ha":31.61,"on_drain_share":0.0,"downstream":"L00656"}},{"type":"Feature","geometry":{"type":"LineString","coordinates":[[72.82666354903101,19.110777768447633],[72.82667181190035,19.11014559551256],[72.82639269670717,19.109690677109242],[72.82649478500005,19.109149936737676],[72.82668715636447,19.10897155993753],[72.8266918775119,19.10861031818966],[72.82641040357684,19.108336020847176]]},"properties":{"id":"L00720","strahler":1,"length_m":307.3,"drop_m":2.34,"gradient":0.0076,"area_ha":10.9,"on_drain_share":0.0,"downstream":"L00734"}},{"type":"Feature","geometry":{"type":"LineString","coordinates":[[72.89469204063155,19.111388002364226],[72.8944997315573,19.111566457088717],[72.8943097096016,19.111564282744904],[72.89412083153033,19.11147179380261],[72.89290171300404,19.11019325386132],[72.8922366424479,19.1101856375535]]},"properties":{"id":"L00704","strahler":2,"length_m":336.3,"drop_m":-0.09,"gradient":0.0,"area_ha":68.78,"on_drain_share":0.0,"downstream":"L00745"}},{"type":"Feature","geometry":{"type":"LineString","coordinates":[[72.9021131653914,19.11065980662361],[72.90192086439282,19.11083826996487],[72.90182015513642,19.11128876096246],[72.90133939916309,19.11173491781539]]},"properties":{"id":"L00670","strahler":1,"length_m":153.1,"drop_m":1.32,"gradient":0.00859,"area_ha":7.55,"on_drain_share":0.0,"downstream":"L00656"}},{"type":"Feature","geometry":{"type":"LineString","coordinates":[[72.84557110603495,19.110909782804214],[72.84482041014496,19.1101783904924],[72.84453538884269,19.110175052219393]]},"properties":{"id":"L00691","strahler":3,"length_m":143.1,"drop_m":-0.59,"gradient":0.0,"area_ha":135.65,"on_drain_share":0.0,"downstream":"L00687"}},{"type":"Feature","geometry":{"type":"LineString","coordinates":[[72.88861250344824,19.111228019088944],[72.88795546077718,19.110588188549766],[72.88767043073477,19.110584916989044],[72.88738081087986,19.11094290105455],[72.88737851590571,19.111123529082324],[72.88718620012436,19.111301975438423],[72.88690116900086,19.11129870256931],[72.88652571942204,19.110933082206063],[72.88624068905251,19.110929808375058],[72.88595910347196,19.11065559230405]]},"properties":{"id":"L00689","strahler":1,"length_m":388.7,"drop_m":8.97,"gradient":0.02308,"area_ha":10.15,"on_drain_share":0.0,"downstream":"L00692"}},{"type":"Feature","geometry":{"type":"LineString","coordinates":[[72.83882793246948,19.110650061112192],[72.83768902333871,19.110546356870877]]},"properties":{"id":"L00681","strahler":1,"length_m":124.1,"drop_m":-1.14,"gradient":0.0,"area_ha":6.48,"on_drain_share":0.0,"downstream":"L00684"}},{"type":"Feature","geometry":{"type":"LineString","coordinates":[[72.86134826224149,19.110642193756274],[72.8617236503227,19.111007860116153]]},"properties":{"id":"L00677","strahler":1,"length_m":56.6,"drop_m":-2.91,"gradient":0.0,"area_ha":6.6,"on_drain_share":0.0,"downstream":"L00666"}},{"type":"Feature","geometry":{"type":"LineString","coordinates":[[72.86514512518323,19.110957259941763],[72.865433629854,19.110689628259355],[72.8651520823867,19.110415383676813],[72.86515556090022,19.11014444553148],[72.86592605947695,19.109340446581264],[72.86602454431768,19.109070609972218],[72.86433412195663,19.107515456134333],[72.86434339989718,19.106792954553875],[72.86511272550648,19.106079270361604],[72.86511620323365,19.105808332095883],[72.86492851013973,19.105625502568106],[72.86494126229204,19.104632062289397],[72.86503858588064,19.104452538729703]]},"properties":{"id":"L00788","strahler":2,"length_m":908.1,"drop_m":2.52,"gradient":0.00277,"area_ha":65.61,"on_drain_share":0.0,"downstream":"L00780"}},{"type":"Feature","geometry":{"type":"LineString","coordinates":[[72.89498050347024,19.11112031982017],[72.89469204063155,19.111388002364226]]},"properties":{"id":"L00678","strahler":1,"length_m":42.4,"drop_m":-0.36,"gradient":0.0,"area_ha":6.11,"on_drain_share":0.0,"downstream":"L00704"}},{"type":"Feature","geometry":{"type":"LineString","coordinates":[[72.83768902333871,19.110546356870877],[72.83750135866393,19.11036350186459]]},"properties":{"id":"L00684","strahler":2,"length_m":28.3,"drop_m":0.64,"gradient":0.02275,"area_ha":21.57,"on_drain_share":0.0,"downstream":"L00703"}},{"type":"Feature","geometry":{"type":"LineString","coordinates":[[72.8542203191071,19.110739866599115],[72.8540303030807,19.110737650771767],[72.85374877624446,19.11046339055447],[72.853759267352,19.109650582175938],[72.85433630360548,19.109115357048374],[72.85471866223119,19.108939163295585],[72.85509869037381,19.10894359293299],[72.85519486224659,19.108854388081035]]},"properties":{"id":"L00719","strahler":1,"length_m":339.7,"drop_m":1.28,"gradient":0.00377,"area_ha":10.84,"on_drain_share":0.0,"downstream":null}},{"type":"Feature","geometry":{"type":"LineString","coordinates":[[72.93117894384253,19.11162117167014],[72.93119242832262,19.11053737309666]]},"properties":{"id":"L00706","strahler":2,"length_m":120.0,"drop_m":-0.31,"gradient":0.0,"area_ha":15.16,"on_drain_share":0.0,"downstream":"L00748"}},{"type":"Feature","geometry":{"type":"LineString","coordinates":[[72.90440708788488,19.10960200781885],[72.90392520505922,19.110138487625843],[72.90391609727988,19.110861007484328],[72.9034353477154,19.111307170491337]]},"properties":{"id":"L00686","strahler":1,"length_m":237.3,"drop_m":1.84,"gradient":0.00774,"area_ha":14.41,"on_drain_share":0.0,"downstream":"L00667"}},{"type":"Feature","geometry":{"type":"LineString","coordinates":[[72.93650081629194,19.111590596978548],[72.9367892190283,19.111322842507082],[72.93754932651974,19.11133136321283]]},"properties":{"id":"L00690","strahler":1,"length_m":122.4,"drop_m":1.79,"gradient":0.01459,"area_ha":5.54,"on_drain_share":0.0,"downstream":"L00662"}},{"type":"Feature","geometry":{"type":"LineString","coordinates":[[72.83750135866393,19.11036350186459],[72.83656304147024,19.109449224518983]]},"properties":{"id":"L00703","strahler":2,"length_m":141.4,"drop_m":-6.65,"gradient":0.0,"area_ha":32.08,"on_drain_share":0.0,"downstream":"L00701"}},{"type":"Feature","geometry":{"type":"LineString","coordinates":[[72.84415184781139,19.110441534907725],[72.84340116068981,19.109710137586788],[72.84350787936222,19.108808136557236]]},"properties":{"id":"L00715","strahler":3,"length_m":217.3,"drop_m":-2.2,"gradient":0.0,"area_ha":180.42,"on_drain_share":0.0,"downstream":"L00712"}},{"type":"Feature","geometry":{"type":"LineString","coordinates":[[72.84453538884269,19.110175052219393],[72.84415184781139,19.110441534907725]]},"properties":{"id":"L00687","strahler":3,"length_m":52.4,"drop_m":0.48,"gradient":0.0092,"area_ha":164.67,"on_drain_share":0.0,"downstream":"L00715"}},{"type":"Feature","geometry":{"type":"LineString","coordinates":[[72.84862771058418,19.10968098826021],[72.84852686099849,19.110131436208494],[72.84833567775179,19.110219526291502],[72.84814566305594,19.110217304448604],[72.84795798604691,19.110034459016568],[72.84691173757523,19.110112546061536],[72.84662905508168,19.109928587800198],[72.84567898459706,19.109917467982736],[72.84549131087833,19.109734620326467],[72.84520629021009,19.109731283166543],[72.84501393565012,19.109909681197088],[72.84482392172463,19.109907455960506]]},"properties":{"id":"L00698","strahler":1,"length_m":485.6,"drop_m":2.49,"gradient":0.00514,"area_ha":10.66,"on_drain_share":0.0,"downstream":"L00694"}},{"type":"Feature","geometry":{"type":"LineString","coordinates":[[72.88595910347196,19.11065559230405],[72.88605526159385,19.110566369819757]]},"properties":{"id":"L00692","strahler":5,"length_m":14.1,"drop_m":0.0,"gradient":0.0,"area_ha":1503.28,"on_drain_share":0.0,"downstream":"L00736"}},{"type":"Feature","geometry":{"type":"LineString","coordinates":[[72.93433458012262,19.110030694322692],[72.93499181681146,19.11067037590446],[72.93537186858404,19.11067464021991],[72.93566027121257,19.11040688751572],[72.93642037397628,19.11041541249023],[72.93651650761814,19.110326161032173],[72.93754932651974,19.11133136321283]]},"properties":{"id":"L00693","strahler":1,"length_m":431.1,"drop_m":0.56,"gradient":0.0013,"area_ha":13.46,"on_drain_share":0.0,"downstream":"L00662"}},{"type":"Feature","geometry":{"type":"LineString","coordinates":[[72.84482392172463,19.109907455960506],[72.84453538884269,19.110175052219393]]},"properties":{"id":"L00694","strahler":2,"length_m":42.4,"drop_m":0.19,"gradient":0.00436,"area_ha":28.78,"on_drain_share":0.0,"downstream":"L00687"}},{"type":"Feature","geometry":{"type":"LineString","coordinates":[[72.88301724792007,19.110350791578707],[72.88320726710157,19.110352977445153],[72.88330457600256,19.11017344273913],[72.88358960453378,19.110176720991284],[72.88387808109833,19.109909057346922],[72.88435427715895,19.109824205455002],[72.88445158451468,19.10964466998334],[72.88473776118097,19.109557632499325],[72.88586524181783,19.110564186869382],[72.88605526159385,19.110566369819757]]},"properties":{"id":"L00697","strahler":1,"length_m":414.6,"drop_m":4.61,"gradient":0.01111,"area_ha":12.59,"on_drain_share":0.0,"downstream":"L00736"}},{"type":"Feature","geometry":{"type":"LineString","coordinates":[[72.88605526159385,19.110566369819757],[72.88682452286025,19.109852587748932],[72.88683485200691,19.1090397617735],[72.88674099064168,19.108948356812345],[72.8867501720259,19.108225844806228],[72.88599928769453,19.107494604013365]]},"properties":{"id":"L00736","strahler":5,"length_m":410.4,"drop_m":3.07,"gradient":0.00747,"area_ha":1525.9,"on_drain_share":0.0,"downstream":"L00784"}},{"type":"Feature","geometry":{"type":"LineString","coordinates":[[72.8761754211416,19.110362283293682],[72.87617657466473,19.11027196992948],[72.8768497105991,19.10964745043699],[72.87657391016135,19.108921654658346]]},"properties":{"id":"L00722","strahler":2,"length_m":201.4,"drop_m":-0.66,"gradient":0.0,"area_ha":160.94,"on_drain_share":0.0,"downstream":"L00728"}},{"type":"Feature","geometry":{"type":"LineString","coordinates":[[72.8684831729073,19.110002366306908],[72.86867318989341,19.110004567135693],[72.86886089194674,19.110187393640153],[72.86933593510646,19.11019289442141],[72.8699129285122,19.109657615747878],[72.87029527541313,19.109481388131382],[72.87086301262141,19.109668610364324]]},"properties":{"id":"L00711","strahler":1,"length_m":299.7,"drop_m":4.33,"gradient":0.01445,"area_ha":8.13,"on_drain_share":0.0,"downstream":"L00769"}},{"type":"Feature","geometry":{"type":"LineString","coordinates":[[72.8453048078011,19.109461460971122],[72.84482392172463,19.109907455960506]]},"properties":{"id":"L00699","strahler":2,"length_m":70.7,"drop_m":-0.53,"gradient":0.0,"area_ha":16.15,"on_drain_share":0.0,"downstream":"L00694"}},{"type":"Feature","geometry":{"type":"LineString","coordinates":[[72.83599535508468,19.109261900231328],[72.83627684784578,19.109536184590773],[72.83627449756861,19.109716806598797]]},"properties":{"id":"L00700","strahler":1,"length_m":62.4,"drop_m":-2.26,"gradient":0.0,"area_ha":4.66,"on_drain_share":0.0,"downstream":"L00647"}},{"type":"Feature","geometry":{"type":"LineString","coordinates":[[72.83656304147024,19.109449224518983],[72.83627449756861,19.109716806598797]]},"properties":{"id":"L00701","strahler":3,"length_m":42.4,"drop_m":-1.11,"gradient":0.0,"area_ha":266.27,"on_drain_share":0.0,"downstream":"L00647"}},{"type":"Feature","geometry":{"type":"LineString","coordinates":[[72.8922366424479,19.1101856375535],[72.8922423663444,19.109734066012614],[72.89205463647814,19.109551260938353],[72.89205807100896,19.109280318029892],[72.89225037952858,19.109101865815436],[72.89216452804278,19.108378263118066],[72.89197679964407,19.10819545809433],[72.89169978753962,19.107559993074165],[72.8913243339351,19.107194382167535]]},"properties":{"id":"L00745","strahler":2,"length_m":388.0,"drop_m":3.74,"gradient":0.00964,"area_ha":102.94,"on_drain_share":0.0,"downstream":"L00815"}},{"type":"Feature","geometry":{"type":"LineString","coordinates":[[72.91674945099727,19.11046476721408],[72.91703788018448,19.110197046507647],[72.91722790334963,19.11019919724362],[72.91770748520733,19.109843310091005],[72.91771087801538,19.1095723627294],[72.9180026963416,19.1090336927695]]},"properties":{"id":"L00724","strahler":1,"length_m":231.4,"drop_m":17.79,"gradient":0.07687,"area_ha":9.07,"on_drain_share":0.0,"downstream":"L00742"}},{"type":"Feature","geometry":{"type":"LineString","coordinates":[[72.93119242832262,19.11053737309666],[72.9311946756473,19.110356739987797],[72.93148533067273,19.10990836125611],[72.9314875775997,19.109727728101397],[72.93177598405141,19.109459981897086],[72.93168209534079,19.109368597508617],[72.93168434198574,19.109187964320803],[72.93187773537903,19.108919150009847],[72.93187998175463,19.10873851679084],[72.93169220504363,19.10855574813359],[72.93169782132364,19.108104165114256],[72.93141615770746,19.10783001190257],[72.93151566205005,19.107469813347272]]},"properties":{"id":"L00748","strahler":3,"length_m":402.1,"drop_m":-1.93,"gradient":0.0,"area_ha":58.36,"on_drain_share":0.0,"downstream":"L00755"}},{"type":"Feature","geometry":{"type":"LineString","coordinates":[[72.83714012649254,19.108914058705064],[72.83656304147024,19.109449224518983]]},"properties":{"id":"L00707","strahler":3,"length_m":84.9,"drop_m":-0.55,"gradient":0.0,"area_ha":233.08,"on_drain_share":0.0,"downstream":"L00701"}},{"type":"Feature","geometry":{"type":"LineString","coordinates":[[72.84626072392031,19.109021024444488],[72.84597570432985,19.10901768859535],[72.845590998094,19.10937448637073],[72.8453048078011,19.109461460971122]]},"properties":{"id":"L00708","strahler":1,"length_m":120.7,"drop_m":0.12,"gradient":0.00099,"area_ha":6.44,"on_drain_share":0.0,"downstream":"L00699"}},{"type":"Feature","geometry":{"type":"LineString","coordinates":[[72.84505255570957,19.10692940040633],[72.84512766757298,19.108465809155376],[72.84540566532694,19.109011015575085],[72.8454009847074,19.109372261789563],[72.8453048078011,19.109461460971122]]},"properties":{"id":"L00710","strahler":1,"length_m":300.7,"drop_m":0.26,"gradient":0.00088,"area_ha":8.87,"on_drain_share":0.0,"downstream":"L00699"}},{"type":"Feature","geometry":{"type":"LineString","coordinates":[[72.87086301262141,19.109668610364324],[72.87115150658403,19.10940096856609],[72.87115844361361,19.108859090083754],[72.87135077171075,19.108680661834345],[72.87135308376976,19.108500035639793],[72.87116538040867,19.108317211567133],[72.87117116089202,19.107865646110426],[72.8708919197153,19.107410783618818],[72.8711792532951,19.107233454431036],[72.8713727352192,19.10696471283232],[72.87298785398815,19.106983385432496],[72.87346981783699,19.10644699524036],[72.87348021023577,19.105634176015275],[72.8736725319969,19.10545574467728]]},"properties":{"id":"L00769","strahler":3,"length_m":737.0,"drop_m":3.72,"gradient":0.00504,"area_ha":198.51,"on_drain_share":0.0,"downstream":"L00781"}},{"type":"Feature","geometry":{"type":"LineString","coordinates":[[72.84350787936222,19.108808136557236],[72.84341872908722,19.108355466042667],[72.84266805394554,19.107624066815944],[72.84238303742457,19.107620725639844],[72.84219537001763,19.107437875187454],[72.84191035390468,19.107434533310958],[72.84171682705232,19.107703239197434],[72.84152681606082,19.107701010805165],[72.84123945497952,19.107878290487466],[72.84123828264782,19.10796860180497],[72.84066824902386,19.107961914469957],[72.8395141028705,19.109032269024034],[72.8384690359196,19.109019997121127],[72.83837285591028,19.10910919233488],[72.83818284373362,19.109106960334035],[72.83808901177227,19.109015533142127],[72.83732896379519,19.10900660283398],[72.83714012649254,19.108914058705064]]},"properties":{"id":"L00712","strahler":3,"length_m":854.3,"drop_m":5.7,"gradient":0.00667,"area_ha":204.94,"on_drain_share":0.0,"downstream":"L00707"}},{"type":"Feature","geometry":{"type":"LineString","coordinates":[[72.87618926299015,19.109278522860453],[72.8762831181437,19.109369932662965],[72.87657391016135,19.108921654658346]]},"properties":{"id":"L00721","strahler":1,"length_m":76.6,"drop_m":0.39,"gradient":0.00515,"area_ha":4.42,"on_drain_share":0.0,"downstream":"L00728"}},{"type":"Feature","geometry":{"type":"LineString","coordinates":[[72.93663169226286,19.108701522648957],[72.93691336664145,19.108975668795576],[72.93719728259147,19.109069180769993],[72.93804231325868,19.109891615962677],[72.93956251676981,19.10990864266696],[72.93984531723491,19.110092467884414],[72.94003646186786,19.110004278005192]]},"properties":{"id":"L00718","strahler":2,"length_m":426.3,"drop_m":0.09,"gradient":0.00021,"area_ha":24.52,"on_drain_share":0.0,"downstream":null}},{"type":"Feature","geometry":{"type":"LineString","coordinates":[[72.83733953425887,19.108193803137144],[72.837243354234,19.108282997754937],[72.8372374815298,19.108734553118463],[72.83714012649254,19.108914058705064]]},"properties":{"id":"L00713","strahler":2,"length_m":88.3,"drop_m":0.18,"gradient":0.00208,"area_ha":26.8,"on_drain_share":0.0,"downstream":"L00707"}},{"type":"Feature","geometry":{"type":"LineString","coordinates":[[72.84341170190646,19.108897334686077],[72.84350787936222,19.108808136557236]]},"properties":{"id":"L00714","strahler":1,"length_m":14.1,"drop_m":0.0,"gradient":0.0,"area_ha":5.11,"on_drain_share":0.0,"downstream":"L00712"}},{"type":"Feature","geometry":{"type":"LineString","coordinates":[[72.91865986052176,19.109673426482477],[72.91847322931714,19.109400329782858],[72.91837821811214,19.109399255125183],[72.9180026963416,19.1090336927695]]},"properties":{"id":"L00725","strahler":2,"length_m":104.9,"drop_m":1.35,"gradient":0.01288,"area_ha":45.9,"on_drain_share":0.0,"downstream":"L00742"}},{"type":"Feature","geometry":{"type":"LineString","coordinates":[[72.82641040357684,19.108336020847176],[72.8259353791669,19.108330409832096],[72.82584155501861,19.108238977091315],[72.8256515454175,19.108236732256067],[72.82490213803783,19.107414957909313],[72.82414564873531,19.10713504299168],[72.82386063655683,19.10713167322719],[72.82386299996726,19.10695105265933]]},"properties":{"id":"L00734","strahler":2,"length_m":349.7,"drop_m":7.78,"gradient":0.02226,"area_ha":25.23,"on_drain_share":0.0,"downstream":null}},{"type":"Feature","geometry":{"type":"LineString","coordinates":[[72.85662578818523,19.10841943029443],[72.85624226817471,19.10868594053949],[72.85595724728513,19.108682620198195],[72.85586573363696,19.108410576773526],[72.85558420699593,19.108136319391072],[72.85559119423135,19.107594446356828],[72.85502814534779,19.107045930716346],[72.8547396326346,19.107313545156067],[72.85388457804055,19.10730357651962],[72.85360189111015,19.107119628637886],[72.85351154762563,19.106757272398976],[72.85332386761587,19.106574432184495],[72.85332736463592,19.106303496028385]]},"properties":{"id":"L00752","strahler":1,"length_m":577.0,"drop_m":5.11,"gradient":0.00886,"area_ha":18.44,"on_drain_share":0.0,"downstream":"L00840"}},{"type":"Feature","geometry":{"type":"LineString","coordinates":[[72.87657391016135,19.108921654658346],[72.8765773697812,19.108650714450327],[72.87648236156852,19.10864961821397],[72.87629580518758,19.108376485427915],[72.8766804498587,19.10801961674668],[72.87668160295532,19.107929303329875]]},"properties":{"id":"L00728","strahler":2,"length_m":144.9,"drop_m":5.14,"gradient":0.03546,"area_ha":166.26,"on_drain_share":0.0,"downstream":"L00782"}},{"type":"Feature","geometry":{"type":"LineString","coordinates":[[72.82717988273485,19.1076225121329],[72.82641040357684,19.108336020847176]]},"properties":{"id":"L00723","strahler":1,"length_m":113.1,"drop_m":-0.17,"gradient":0.0,"area_ha":6.86,"on_drain_share":0.0,"downstream":"L00734"}},{"type":"Feature","geometry":{"type":"LineString","coordinates":[[72.83011913484833,19.10810881281354],[72.82965000301822,19.107651658312527],[72.829651181619,19.107561347686012],[72.82955617696115,19.107560227296755],[72.8295573556068,19.10746991667498],[72.82965353880064,19.107380726430115],[72.8298435479303,19.107382967038983],[72.83022827931707,19.107026205009326],[72.83013445322517,19.1069347742863],[72.83013680979892,19.10675415296009],[72.82994915810345,19.106571291417424],[72.82995269318339,19.10630035944939],[72.83043478150336,19.105764095395784],[72.83044184970024,19.10522223122876],[72.83053803103722,19.105133040325857],[72.83054038693348,19.104952418915918],[72.8308253966466,19.10495577797291],[72.83111393928736,19.104688204364844]]},"properties":{"id":"L00773","strahler":1,"length_m":531.1,"drop_m":3.96,"gradient":0.00746,"area_ha":13.22,"on_drain_share":0.0,"downstream":"L00786"}},{"type":"Feature","geometry":{"type":"LineString","coordinates":[[72.83734423207066,19.107832558802624],[72.83733953425887,19.108193803137144]]},"properties":{"id":"L00726","strahler":1,"length_m":40.0,"drop_m":0.38,"gradient":0.00942,"area_ha":4.35,"on_drain_share":0.0,"downstream":"L00713"}},{"type":"Feature","geometry":{"type":"LineString","coordinates":[[72.8384080719097,19.106399857867945],[72.83811953649372,19.10666744373803],[72.83811249272419,19.107209310580856],[72.83791896046702,19.10747801189899],[72.83791661224525,19.107658634143878],[72.83733953425887,19.108193803137144]]},"properties":{"id":"L00727","strahler":2,"length_m":245.6,"drop_m":1.42,"gradient":0.0058,"area_ha":21.17,"on_drain_share":0.0,"downstream":"L00713"}},{"type":"Feature","geometry":{"type":"LineString","coordinates":[[72.9180026963416,19.1090336927695],[72.91877182667686,19.108319763186294],[72.91877634770852,19.107958499730664],[72.91906476918996,19.107690775056135]]},"properties":{"id":"L00742","strahler":2,"length_m":195.6,"drop_m":1.09,"gradient":0.00556,"area_ha":60.72,"on_drain_share":0.0,"downstream":"L00765"}},{"type":"Feature","geometry":{"type":"LineString","coordinates":[[72.88219091676945,19.108083109576352],[72.8826602086846,19.10854014420666],[72.88294523429845,19.10854342318719],[72.88342717385514,19.10800700431911],[72.88353367565844,19.107104958711016],[72.8829693772665,19.106646833623437],[72.88288011796564,19.10619417181773],[72.88316858795743,19.10592650862307],[72.88327049125601,19.105385718304404],[72.88375127055166,19.104939611291897]]},"properties":{"id":"L00783","strahler":1,"length_m":597.7,"drop_m":2.41,"gradient":0.00403,"area_ha":15.36,"on_drain_share":0.0,"downstream":"L00792"}},{"type":"Feature","geometry":{"type":"LineString","coordinates":[[72.8953936954892,19.108505546548763],[72.89520596305972,19.10832274446976],[72.89454089899212,19.10831513720118],[72.89426273298548,19.107769989540444],[72.89378768905799,19.107764553739468],[72.89369382413733,19.1076731520175]]},"properties":{"id":"L00735","strahler":1,"length_m":234.9,"drop_m":2.57,"gradient":0.01093,"area_ha":6.74,"on_drain_share":0.0,"downstream":"L00746"}},{"type":"Feature","geometry":{"type":"LineString","coordinates":[[72.92484801074995,19.10874969065994],[72.92475525362028,19.108567986921546],[72.9247597617229,19.10820672209924],[72.92504930185505,19.107848670950276]]},"properties":{"id":"L00741","strahler":1,"length_m":116.6,"drop_m":2.48,"gradient":0.02127,"area_ha":5.39,"on_drain_share":0.0,"downstream":"L00761"}},{"type":"Feature","geometry":{"type":"LineString","coordinates":[[72.9006214964941,19.108384600055498],[72.9005276271314,19.108293201434382],[72.90053674830689,19.107570682948335],[72.90025286139289,19.107477116560876],[72.90025628217192,19.107206172159657],[72.8999735364575,19.107022290623636],[72.89997581722801,19.10684166104733],[72.89988194903711,19.106750262199537],[72.89969193192333,19.10674809393622],[72.89941032831615,19.106473896898784],[72.89941717217316,19.105932008322647],[72.89970561778341,19.105664316585525],[72.89970903910381,19.105393372226473],[72.89867650451205,19.104387982130895]]},"properties":{"id":"L00793","strahler":1,"length_m":581.1,"drop_m":14.64,"gradient":0.0252,"area_ha":12.88,"on_drain_share":0.0,"downstream":"L00805"}},{"type":"Feature","geometry":{"type":"LineString","coordinates":[[72.92361399306293,19.10864544337516],[72.92390353633844,19.108287394351233],[72.92390579129149,19.10810676203433],[72.92419420563304,19.107839028562527],[72.92504930185505,19.107848670950276]]},"properties":{"id":"L00744","strahler":1,"length_m":204.9,"drop_m":6.42,"gradient":0.03133,"area_ha":6.9,"on_drain_share":0.0,"downstream":"L00761"}},{"type":"Feature","geometry":{"type":"LineString","coordinates":[[72.8591991135751,19.107817101107365],[72.85921190151217,19.106823664793108],[72.85949691982613,19.106826979786298],[72.85950156917059,19.10646573012148],[72.85978891124954,19.10628841973483],[72.86055941348667,19.10548444374337],[72.8609405966709,19.105398548044626],[72.86103792489102,19.10521902707961]]},"properties":{"id":"L00770","strahler":1,"length_m":409.7,"drop_m":5.27,"gradient":0.01286,"area_ha":9.75,"on_drain_share":0.0,"downstream":"L00806"}},{"type":"Feature","geometry":{"type":"LineString","coordinates":[[72.93502770523436,19.10778023879522],[72.93549715587214,19.10823715232297],[72.93559216744656,19.108238218084143],[72.93558880401422,19.10850916856269],[72.93577658537725,19.10869193363991],[72.9359666090854,19.10869406487361],[72.9361588745205,19.108515562198814],[72.93644390985892,19.108518758355757],[72.93663169226286,19.108701522648957]]},"properties":{"id":"L00730","strahler":1,"length_m":245.6,"drop_m":1.74,"gradient":0.00708,"area_ha":8.11,"on_drain_share":0.0,"downstream":"L00718"}},{"type":"Feature","geometry":{"type":"LineString","coordinates":[[72.86746587596252,19.107822749505388],[72.86718548737703,19.10745819523874],[72.86719127838168,19.107006630913315],[72.86691089162834,19.106642076389996],[72.86691320824124,19.106461450679113],[72.86777868607334,19.10565854219467],[72.8677856326224,19.10511666468557],[72.86759909482399,19.104843524747867]]},"properties":{"id":"L00778","strahler":1,"length_m":400.4,"drop_m":2.73,"gradient":0.00681,"area_ha":11.14,"on_drain_share":0.0,"downstream":"L00775"}},{"type":"Feature","geometry":{"type":"LineString","coordinates":[[72.87668160295532,19.107929303329875],[72.87546150033747,19.10674097609073],[72.87546496134327,19.1064700360148],[72.87490184373867,19.105921575162697],[72.8747118306438,19.105919381212853],[72.87414871744274,19.105370918444937],[72.87415102603318,19.10519029185618],[72.87424718636035,19.10510107580332],[72.87424949480875,19.104920449197692],[72.87415564313595,19.104829038667244]]},"properties":{"id":"L00782","strahler":3,"length_m":471.8,"drop_m":-1.53,"gradient":0.0,"area_ha":219.97,"on_drain_share":0.0,"downstream":"L00789"}},{"type":"Feature","geometry":{"type":"LineString","coordinates":[[72.87696777935136,19.107842278030073],[72.87668160295532,19.107929303329875]]},"properties":{"id":"L00729","strahler":3,"length_m":34.1,"drop_m":1.01,"gradient":0.02947,"area_ha":45.69,"on_drain_share":0.0,"downstream":"L00782"}},{"type":"Feature","geometry":{"type":"LineString","coordinates":[[72.93759973216861,19.107267101344572],[72.9375941321722,19.10771868609143],[72.93730685764538,19.10789612570325],[72.93711683468759,19.107893995938205],[72.93673230683218,19.108251003398436],[72.93663169226286,19.108701522648957]]},"properties":{"id":"L00731","strahler":1,"length_m":219.0,"drop_m":0.57,"gradient":0.0026,"area_ha":8.56,"on_drain_share":0.0,"downstream":"L00718"}},{"type":"Feature","geometry":{"type":"LineString","coordinates":[[72.87744742897206,19.107486503388593],[72.87696777935136,19.107842278030073]]},"properties":{"id":"L00733","strahler":2,"length_m":66.6,"drop_m":0.41,"gradient":0.00614,"area_ha":9.99,"on_drain_share":0.0,"downstream":"L00729"}},{"type":"Feature","geometry":{"type":"LineString","coordinates":[[72.89369382413733,19.1076731520175],[72.8934110860127,19.10748926101956],[72.8932210688474,19.107487085997864],[72.89321992475729,19.10757740038702],[72.8928353130491,19.10793430719257],[72.89274030424443,19.107933219384776],[72.89255257560079,19.107750414928052],[72.89255600897201,19.107479471879564],[72.89218169808578,19.107023548221733],[72.8918028099703,19.10692888123509],[72.8913243339351,19.107194382167535]]},"properties":{"id":"L00746","strahler":2,"length_m":366.3,"drop_m":1.86,"gradient":0.00509,"area_ha":90.95,"on_drain_share":0.0,"downstream":"L00815"}},{"type":"Feature","geometry":{"type":"LineString","coordinates":[[72.86129506884069,19.10738983961953],[72.86129971442865,19.107028589550907],[72.8617805517702,19.106582546217968],[72.86197056401754,19.106584753584976],[72.862066731087,19.10649554462585],[72.86206905293926,19.106314919484614],[72.86226370813098,19.105955876185448],[72.86188832895904,19.1055902117359],[72.86122329021858,19.105582485183977],[72.86103560206298,19.105399652120266],[72.86103792489102,19.10521902707961]]},"properties":{"id":"L00771","strahler":1,"length_m":388.0,"drop_m":-0.56,"gradient":0.0,"area_ha":13.26,"on_drain_share":0.0,"downstream":"L00806"}},{"type":"Feature","geometry":{"type":"LineString","coordinates":[[72.88686239383696,19.10687222546223],[72.88686009882674,19.107052853509096],[72.88637817248896,19.107589282757527],[72.88599928769453,19.107494604013365]]},"properties":{"id":"L00740","strahler":1,"length_m":144.9,"drop_m":5.05,"gradient":0.03483,"area_ha":8.28,"on_drain_share":0.0,"downstream":"L00784"}},{"type":"Feature","geometry":{"type":"LineString","coordinates":[[72.85255682645625,19.10710743787172],[72.85294151353659,19.10675062346597],[72.85322653055154,19.10675394815278],[72.85323119349032,19.106392699972886],[72.85332736463592,19.106303496028385]]},"properties":{"id":"L00751","strahler":1,"length_m":140.7,"drop_m":-1.0,"gradient":0.0,"area_ha":5.16,"on_drain_share":0.0,"downstream":"L00840"}},{"type":"Feature","geometry":{"type":"LineString","coordinates":[[72.87764435935323,19.106946813804594],[72.8776420543264,19.107127440769613],[72.87744973425684,19.10730587645346],[72.87744742897206,19.107486503388593]]},"properties":{"id":"L00738","strahler":1,"length_m":68.3,"drop_m":-1.9,"gradient":0.0,"area_ha":5.13,"on_drain_share":0.0,"downstream":"L00733"}},{"type":"Feature","geometry":{"type":"LineString","coordinates":[[72.87773590926986,19.10721884981037],[72.87744742897206,19.107486503388593]]},"properties":{"id":"L00739","strahler":1,"length_m":42.4,"drop_m":-0.26,"gradient":0.0,"area_ha":4.55,"on_drain_share":0.0,"downstream":"L00733"}},{"type":"Feature","geometry":{"type":"LineString","coordinates":[[72.88599928769453,19.107494604013365],[72.88412210570567,19.105666491162342],[72.8838416810003,19.105301959033238],[72.88375127055166,19.104939611291897]]},"properties":{"id":"L00784","strahler":5,"length_m":379.4,"drop_m":1.6,"gradient":0.00422,"area_ha":1540.31,"on_drain_share":0.0,"downstream":"L00792"}},{"type":"Feature","geometry":{"type":"LineString","coordinates":[[72.92504930185505,19.107848670950276],[72.92542934478551,19.107852955182757],[72.9257177564389,19.10758521904153],[72.92562387233399,19.107493831956507],[72.92562837827757,19.10713256689264],[72.92572451504522,19.10704332141308],[72.92572902065581,19.10668205630847],[72.92563513700247,19.106590669268385]]},"properties":{"id":"L00761","strahler":2,"length_m":204.9,"drop_m":2.15,"gradient":0.01047,"area_ha":15.5,"on_drain_share":0.0,"downstream":"L00767"}},{"type":"Feature","geometry":{"type":"LineString","coordinates":[[72.91906476918996,19.107690775056135],[72.91935431963907,19.10733273392932],[72.91935657940945,19.10715210211699],[72.91916881941746,19.10696932211289],[72.9185987603596,19.106962876373785],[72.91831599176919,19.106779021143417],[72.9178409433401,19.10677364766776],[72.9176486624395,19.10695212955803],[72.91707860399333,19.10694567911824],[72.91708539049156,19.106403784433702]]},"properties":{"id":"L00765","strahler":2,"length_m":397.3,"drop_m":4.29,"gradient":0.01079,"area_ha":82.05,"on_drain_share":0.0,"downstream":"L00800"}},{"type":"Feature","geometry":{"type":"LineString","coordinates":[[72.83337048704615,19.106521274425198],[72.83327665930523,19.106429845158335],[72.83328371851297,19.10588798000742],[72.83300341336147,19.105523381213118],[72.83300694325963,19.10525244866449],[72.83263163635561,19.104886730938503],[72.83263634351133,19.104525487602668],[72.83273252335181,19.104436295389927],[72.83235721875987,19.104070577315138],[72.83178720184527,19.10406386380107],[72.83169102178876,19.104153055494027],[72.83150219347753,19.104060506383245]]},"properties":{"id":"L00787","strahler":1,"length_m":422.1,"drop_m":4.02,"gradient":0.00953,"area_ha":10.11,"on_drain_share":0.0,"downstream":"L00845"}},{"type":"Feature","geometry":{"type":"LineString","coordinates":[[72.8913243339351,19.107194382167535],[72.89066729409268,19.106554561585323],[72.89085960048644,19.106376110616765],[72.8909591892168,19.10601594222902],[72.89115263974541,19.105747176570134],[72.89087105313332,19.105472967941665],[72.89087563401134,19.105111710845],[72.89078177219344,19.10502030790949],[72.89002171625573,19.105011596875368],[72.8899324377872,19.104558936655586],[72.88946313397605,19.104101919556246],[72.88936812756656,19.104100830218318],[72.88927770515555,19.103738484054173],[72.88890226514434,19.10337286940186],[72.88890455746183,19.10319224104423],[72.8886229788048,19.10291802967486]]},"properties":{"id":"L00815","strahler":3,"length_m":684.3,"drop_m":2.58,"gradient":0.00378,"area_ha":216.88,"on_drain_share":0.0,"downstream":"L00822"}},{"type":"Feature","geometry":{"type":"LineString","coordinates":[[72.90358045728372,19.107334394166866],[72.9030104026626,19.10732790004865],[72.90263720007484,19.106781680008815]]},"properties":{"id":"L00753","strahler":1,"length_m":136.6,"drop_m":8.19,"gradient":0.05998,"area_ha":6.41,"on_drain_share":0.0,"downstream":"L00795"}},{"type":"Feature","geometry":{"type":"LineString","coordinates":[[72.91365146028535,19.107448832930558],[72.91365485924031,19.107177886200436],[72.91394328664322,19.106910170190236],[72.91395461434146,19.1060070141687],[72.91453146289317,19.105471580119687],[72.91455637394213,19.103484635690286],[72.91484366092796,19.10330723310553],[72.91484592508112,19.103126601734342],[72.91542276008464,19.102591163513225],[72.91542728692555,19.10222990060539]]},"properties":{"id":"L00834","strahler":1,"length_m":660.4,"drop_m":26.33,"gradient":0.03986,"area_ha":18.4,"on_drain_share":0.0,"downstream":"L00958"}},{"type":"Feature","geometry":{"type":"LineString","coordinates":[[72.93132339345917,19.107648310831763],[72.93151566205005,19.107469813347272]]},"properties":{"id":"L00747","strahler":1,"length_m":28.3,"drop_m":-0.27,"gradient":0.0,"area_ha":4.61,"on_drain_share":0.0,"downstream":"L00755"}},{"type":"Feature","geometry":{"type":"LineString","coordinates":[[72.91536276980621,19.107377895607907],[72.91536503391566,19.10719726425654],[72.91565345888205,19.106929545306716],[72.91622351675439,19.10693600015339],[72.91651193998149,19.106668279676093],[72.91679696859762,19.10667150594851],[72.91708539049156,19.106403784433702]]},"properties":{"id":"L00764","strahler":1,"length_m":237.3,"drop_m":17.91,"gradient":0.07549,"area_ha":9.36,"on_drain_share":0.0,"downstream":"L00800"}},{"type":"Feature","geometry":{"type":"LineString","coordinates":[[72.93151566205005,19.107469813347272],[72.93190019799563,19.10711281764903],[72.93218523016266,19.107116020172953]]},"properties":{"id":"L00755","strahler":3,"length_m":86.6,"drop_m":-0.1,"gradient":0.0,"area_ha":63.65,"on_drain_share":0.0,"downstream":"L00803"}},{"type":"Feature","geometry":{"type":"LineString","coordinates":[[72.83813479717728,19.105493398794046],[72.83813244945257,19.105674021103617],[72.83841394066411,19.105948302039952],[72.8384080719097,19.106399857867945]]},"properties":{"id":"L00749","strahler":1,"length_m":112.4,"drop_m":1.16,"gradient":0.01029,"area_ha":4.99,"on_drain_share":0.0,"downstream":"L00727"}},{"type":"Feature","geometry":{"type":"LineString","coordinates":[[72.84059904114423,19.105973951409588],[72.84031402783981,19.105970607308237],[72.83983431389704,19.106326277831414],[72.83964430471465,19.106324047650865],[72.8393628106986,19.106049768345972],[72.83888778872985,19.106044191388634],[72.8384080719097,19.106399857867945]]},"properties":{"id":"L00750","strahler":1,"length_m":275.6,"drop_m":4.3,"gradient":0.01559,"area_ha":9.54,"on_drain_share":0.0,"downstream":"L00727"}},{"type":"Feature","geometry":{"type":"LineString","coordinates":[[72.8476258818784,19.106327234919902],[72.8472446926126,19.106413102133857],[72.8467755131978,19.105955987084265]]},"properties":{"id":"L00756","strahler":1,"length_m":114.9,"drop_m":-0.78,"gradient":0.0,"area_ha":5.81,"on_drain_share":0.0,"downstream":"L00846"}},{"type":"Feature","geometry":{"type":"LineString","coordinates":[[72.85332736463592,19.106303496028385],[72.85333202723733,19.105942247806897],[72.85352436875509,19.105763839681686],[72.85352786528881,19.10549290346604],[72.85391254639185,19.10513608640255],[72.85392419875508,19.104232965358378],[72.85402036819286,19.104143760873736],[72.85364501263493,19.103778081699353],[72.85355000862955,19.103776973901052],[72.8535523393696,19.103596349716298],[72.85393585046158,19.103329844218877],[72.85412585801659,19.10333205931862],[72.85460670082408,19.102886035408844],[72.85460903030017,19.102705411081157],[72.85470519843669,19.102616206102557],[72.8547110217218,19.102164645233742],[72.85499952464293,19.101897029832283],[72.85500185356277,19.101716405438594],[72.8549080151511,19.10162498626239],[72.85491383756037,19.101173425284873]]},"properties":{"id":"L00840","strahler":2,"length_m":709.4,"drop_m":1.97,"gradient":0.00278,"area_ha":38.13,"on_drain_share":0.0,"downstream":"L00855"}},{"type":"Feature","geometry":{"type":"LineString","coordinates":[[72.93227911803297,19.107207404231747],[72.93218523016266,19.107116020172953]]},"properties":{"id":"L00754","strahler":1,"length_m":14.1,"drop_m":0.0,"gradient":0.0,"area_ha":4.01,"on_drain_share":0.0,"downstream":"L00803"}},{"type":"Feature","geometry":{"type":"LineString","coordinates":[[72.90263720007484,19.106781680008815],[72.90254219132846,19.10678059732156],[72.90235559108079,19.106507487012685],[72.9018805482819,19.10650207243492],[72.90112731843276,19.10595151739328],[72.90113301683544,19.105499943057822],[72.90066253692281,19.10513326622515],[72.90009249091182,19.10512676379287],[72.89990133531481,19.105214910724957],[72.89905539240343,19.104482634801826],[72.89867650451205,19.104387982130895]]},"properties":{"id":"L00795","strahler":2,"length_m":571.1,"drop_m":16.28,"gradient":0.02851,"area_ha":22.04,"on_drain_share":0.0,"downstream":"L00805"}},{"type":"Feature","geometry":{"type":"LineString","coordinates":[[72.93218523016266,19.107116020172953],[72.93218972176409,19.10675475359014],[72.93200194669389,19.106571985391177],[72.93200868444829,19.106030085542237],[72.93154037309334,19.105482847873212],[72.93135484658482,19.10511944596037],[72.93136270909068,19.104487229626322],[72.93117493731992,19.104304460867663]]},"properties":{"id":"L00803","strahler":3,"length_m":355.6,"drop_m":0.24,"gradient":0.00069,"area_ha":76.02,"on_drain_share":0.0,"downstream":"L00831"}},{"type":"Feature","geometry":{"type":"LineString","coordinates":[[72.84764224386709,19.10506287082895],[72.84725755090756,19.10541967347999],[72.84725287525616,19.105780920276565],[72.84696435375832,19.106048521542974],[72.8467755131978,19.105955987084265]]},"properties":{"id":"L00758","strahler":1,"length_m":163.1,"drop_m":-0.34,"gradient":0.0,"area_ha":5.21,"on_drain_share":0.0,"downstream":"L00846"}},{"type":"Feature","geometry":{"type":"LineString","coordinates":[[72.90322660832445,19.10525282035325],[72.90341434733106,19.105435614813192],[72.90350366342925,19.105888272005497],[72.90331136983306,19.10606673755604],[72.9033090927831,19.10624736753488],[72.90263720007484,19.106781680008815]]},"properties":{"id":"L00757","strahler":1,"length_m":225.6,"drop_m":1.27,"gradient":0.00561,"area_ha":10.51,"on_drain_share":0.0,"downstream":"L00795"}},{"type":"Feature","geometry":{"type":"LineString","coordinates":[[72.8467755131978,19.105955987084265],[72.84554747014414,19.1053996646571],[72.84526011691615,19.105576951474127],[72.84507010790789,19.1055747269762],[72.84488243931294,19.10539187916485],[72.84488712000771,19.10503063291817],[72.8446994521838,19.104847784990046],[72.8447076437742,19.104215604087447],[72.84461381033093,19.104124180098403],[72.84453636045872,19.102768394257016],[72.8444425278498,19.102676970256617],[72.84435805746327,19.101863053743926],[72.84417273412171,19.101499582516276],[72.84418209643151,19.100777090041515],[72.84437444015649,19.10059869176808]]},"properties":{"id":"L00846","strahler":2,"length_m":812.8,"drop_m":2.62,"gradient":0.00322,"area_ha":27.84,"on_drain_share":0.0,"downstream":"L00881"}},{"type":"Feature","geometry":{"type":"LineString","coordinates":[[72.87033691099289,19.106230118567602],[72.87062539915138,19.105962477005754],[72.87081541178937,19.10596467517709]]},"properties":{"id":"L00762","strahler":1,"length_m":62.4,"drop_m":-1.07,"gradient":0.0,"area_ha":4.75,"on_drain_share":0.0,"downstream":"L00759"}},{"type":"Feature","geometry":{"type":"LineString","coordinates":[[72.8314809999174,19.10568610013147],[72.83129217009801,19.105593550659044],[72.83111393928736,19.104688204364844]]},"properties":{"id":"L00774","strahler":1,"length_m":132.4,"drop_m":2.17,"gradient":0.01636,"area_ha":5.23,"on_drain_share":0.0,"downstream":"L00786"}},{"type":"Feature","geometry":{"type":"LineString","coordinates":[[72.86854567805862,19.105125467542862],[72.8683521943421,19.1053942059818],[72.86834872196503,19.105665144832756],[72.86891297221084,19.10612331060874],[72.86919799113454,19.10612661046953],[72.86958148692412,19.10586007054378],[72.8707215616649,19.10587326302964],[72.87081541178937,19.10596467517709]]},"properties":{"id":"L00766","strahler":3,"length_m":365.6,"drop_m":-0.3,"gradient":0.0,"area_ha":133.28,"on_drain_share":0.0,"downstream":"L00759"}},{"type":"Feature","geometry":{"type":"LineString","coordinates":[[72.87081541178937,19.10596467517709],[72.87090926201684,19.106056087285815],[72.87109927479692,19.106058285174576],[72.87119543714356,19.10596907093227],[72.87138429401588,19.106061581640546]]},"properties":{"id":"L00759","strahler":3,"length_m":72.4,"drop_m":0.72,"gradient":0.00996,"area_ha":138.25,"on_drain_share":0.0,"downstream":"L00772"}},{"type":"Feature","geometry":{"type":"LineString","coordinates":[[72.87138429401588,19.106061581640546],[72.87176778662645,19.105795036799975],[72.87177009785658,19.1056144104998],[72.87244438308545,19.104899593422516],[72.87272824552497,19.104993200828567],[72.87310480457889,19.10526853212488],[72.87329481673166,19.105270727661146],[72.8736725319969,19.10545574467728]]},"properties":{"id":"L00772","strahler":3,"length_m":336.3,"drop_m":1.53,"gradient":0.00454,"area_ha":147.24,"on_drain_share":0.0,"downstream":"L00781"}},{"type":"Feature","geometry":{"type":"LineString","coordinates":[[72.92563401056418,19.10668098554147],[72.92563513700247,19.106590669268385]]},"properties":{"id":"L00760","strahler":1,"length_m":10.0,"drop_m":0.0,"gradient":0.0,"area_ha":4.08,"on_drain_share":0.0,"downstream":"L00767"}},{"type":"Feature","geometry":{"type":"LineString","coordinates":[[72.87111083448696,19.10515515405514],[72.87120468448363,19.10524656599204],[72.87119659308387,19.105878757818083],[72.87138429401588,19.106061581640546]]},"properties":{"id":"L00763","strahler":1,"length_m":112.4,"drop_m":0.26,"gradient":0.00228,"area_ha":4.8,"on_drain_share":0.0,"downstream":"L00772"}},{"type":"Feature","geometry":{"type":"LineString","coordinates":[[72.92563513700247,19.106590669268385],[72.92582853605678,19.106321861884933]]},"properties":{"id":"L00767","strahler":2,"length_m":38.3,"drop_m":0.39,"gradient":0.01028,"area_ha":20.54,"on_drain_share":0.0,"downstream":"L00816"}},{"type":"Feature","geometry":{"type":"LineString","coordinates":[[72.91708539049156,19.106403784433702],[72.91708878365462,19.106132837078615],[72.9171837929162,19.106133912225143],[72.91785677219913,19.105509226045374],[72.9179517811512,19.10551030076195],[72.91814519034686,19.105241502484322],[72.91815084234008,19.10478992319219],[72.91787033879854,19.104425435935237],[72.91796760804034,19.104245878877006]]},"properties":{"id":"L00800","strahler":2,"length_m":313.8,"drop_m":7.89,"gradient":0.02514,"area_ha":99.03,"on_drain_share":0.0,"downstream":"L00832"}},{"type":"Feature","geometry":{"type":"LineString","coordinates":[[72.89789590246244,19.10600496828611],[72.89789704391316,19.10591465360927],[72.89714611507056,19.1051834544565],[72.89705681678942,19.10473079583498],[72.89744255381696,19.104283563841673],[72.8980148785147,19.104109444799256],[72.89830332267739,19.103841755125504]]},"properties":{"id":"L00804","strahler":1,"length_m":354.6,"drop_m":-0.68,"gradient":0.0,"area_ha":9.82,"on_drain_share":0.0,"downstream":"L00814"}},{"type":"Feature","geometry":{"type":"LineString","coordinates":[[72.9251724801317,19.105591835959014],[72.92536137249886,19.10568429407023],[72.92535686634358,19.106045559129498],[72.92544962304291,19.106227262540113],[72.92582853605678,19.106321861884933]]},"properties":{"id":"L00768","strahler":2,"length_m":132.4,"drop_m":3.62,"gradient":0.02736,"area_ha":10.01,"on_drain_share":0.0,"downstream":"L00816"}},{"type":"Feature","geometry":{"type":"LineString","coordinates":[[72.92582853605678,19.106321861884933],[72.92592467221345,19.106232616239023],[72.9264947314276,19.106239039061894],[72.92649810923763,19.10596809007863],[72.92659424484684,19.105878844026314],[72.92678426423633,19.1058809844341],[72.92688039965223,19.105791738212186],[72.92688265105647,19.105611105504607],[72.92707492134791,19.105432612852855],[72.92688827945604,19.105159523719077],[72.9267988986622,19.104706871850095],[72.92670501536591,19.104615485387598],[72.92651499743107,19.10461334503422],[72.92652175230867,19.104071446956684],[72.92633398679824,19.103888673794426],[72.92633736442227,19.103617724769805],[72.92653075845679,19.103348916133505]]},"properties":{"id":"L00816","strahler":3,"length_m":483.8,"drop_m":3.83,"gradient":0.00791,"area_ha":40.78,"on_drain_share":0.0,"downstream":"L00830"}},{"type":"Feature","geometry":{"type":"LineString","coordinates":[[72.85200895276645,19.10538485833986],[72.8514459235897,19.10483633349534],[72.8514482567528,19.104655709581394],[72.85116791053049,19.104291134721368],[72.85136141860794,19.10402241691152],[72.85145642261661,19.104023525852543],[72.85155725893704,19.10357307488153],[72.85203810867853,19.10312705843894]]},"properties":{"id":"L00807","strahler":1,"length_m":330.4,"drop_m":0.46,"gradient":0.00138,"area_ha":7.31,"on_drain_share":0.0,"downstream":"L00854"}},{"type":"Feature","geometry":{"type":"LineString","coordinates":[[72.9071128467195,19.1060196742166],[72.90673622236673,19.105744407004746],[72.90654620556488,19.105742245923974],[72.90654734230367,19.10565193074241],[72.90598297750356,19.105193870600772],[72.90598979946336,19.104651979660748],[72.90570818763464,19.10437779155553],[72.90571273602067,19.104016530964376],[72.90543112565983,19.103742342563464],[72.9054368116744,19.10329076687134],[72.90515520291656,19.103016578188402],[72.90515975215378,19.10265531767216],[72.9045965385003,19.10210693936489],[72.90460336378649,19.101565048725735],[72.90432175916116,19.101290859128756],[72.90432403447568,19.101110228935394],[72.90413743649168,19.10083712060543],[72.9040538085873,19.099932888128283],[72.90377106957739,19.09974901307428],[72.90379155008169,19.098123341500507],[72.90407997449502,19.09785564072694],[72.903799514161,19.097491135805367],[72.90380520259666,19.097039560280344]]},"properties":{"id":"L00931","strahler":1,"length_m":1193.3,"drop_m":100.43,"gradient":0.08417,"area_ha":32.67,"on_drain_share":0.0,"downstream":"L00944"}},{"type":"Feature","geometry":{"type":"LineString","coordinates":[[72.91281337348565,19.106084404808463],[72.91281564019744,19.105903773726066],[72.91291178236368,19.105814535516867],[72.91281790688367,19.105723142639874],[72.91282357348749,19.105271564907767],[72.91225919054494,19.10481352248473],[72.91226259126168,19.10454257591842],[72.912077109771,19.10417915861268],[72.91227165955851,19.103820051699817]]},"properties":{"id":"L00810","strahler":1,"length_m":305.6,"drop_m":6.96,"gradient":0.02278,"area_ha":14.43,"on_drain_share":0.0,"downstream":"L00826"}},{"type":"Feature","geometry":{"type":"LineString","coordinates":[[72.85723655496467,19.105265138615326],[72.85724120880664,19.104903889425163],[72.85695968498457,19.10462963440921],[72.85657966623012,19.104625209572784],[72.85611046308041,19.104168116239837],[72.85611628306216,19.103716555030005],[72.85621245111845,19.103627349250594],[72.85621477894914,19.10344672474683],[72.85659944968032,19.10308990096506],[72.85707446876356,19.103095431410217],[72.8572668030621,19.10291701860673],[72.85736762298482,19.1024665627977],[72.85699226271456,19.10210089004341],[72.85651608283632,19.10218567194633],[72.85622758154885,19.102453289907995],[72.85584756794675,19.10244886404517],[72.85566105359206,19.1021757141271],[72.85566803822884,19.101633840715408],[72.85538652221857,19.10135958399453],[72.85500651132368,19.101355156639784],[72.85491383756037,19.101173425284873]]},"properties":{"id":"L00841","strahler":1,"length_m":864.3,"drop_m":5.28,"gradient":0.00611,"area_ha":21.89,"on_drain_share":0.0,"downstream":"L00855"}},{"type":"Feature","geometry":{"type":"LineString","coordinates":[[72.8736725319969,19.10545574467728],[72.87415333459758,19.105009665263616],[72.87415564313595,19.104829038667244]]},"properties":{"id":"L00781","strahler":4,"length_m":90.7,"drop_m":0.86,"gradient":0.00953,"area_ha":346.69,"on_drain_share":0.0,"downstream":"L00789"}},{"type":"Feature","geometry":{"type":"LineString","coordinates":[[72.86103792489102,19.10521902707961],[72.86152107932462,19.104592358798634],[72.86152572368911,19.10423110856697],[72.86229504708825,19.10351743599997],[72.86248505589975,19.103519642495986],[72.86277238986573,19.10334232659026]]},"properties":{"id":"L00806","strahler":2,"length_m":308.0,"drop_m":0.37,"gradient":0.00119,"area_ha":27.74,"on_drain_share":0.0,"downstream":"L00791"}},{"type":"Feature","geometry":{"type":"LineString","coordinates":[[72.89812243844456,19.103117067838305],[72.89736124603903,19.10319870260604],[72.89678435651629,19.10373407840849],[72.89659434322567,19.1037319072779],[72.89640090358101,19.104000679782764],[72.89601859181336,19.104176965648186],[72.89573014371156,19.10444465132224],[72.89525396603825,19.104529534752764],[72.89515781618184,19.104618762910015],[72.89514753026444,19.105431593646593],[72.89495522919978,19.105610049661696],[72.89467020639657,19.105606789754003],[72.89448247777784,19.105423987272637],[72.89457977167905,19.10524444506473],[72.89458434444663,19.104883187094067],[72.89449048050412,19.104791785865967],[72.89430046628686,19.10478961225299],[72.89430275292806,19.104608983293204],[72.89402001888384,19.104425093609272],[72.89393072946578,19.10397243428948],[72.89374300339578,19.103789631277905],[72.89374757760461,19.10342837344531],[72.89346598981248,19.103154168691486],[72.89318097148941,19.10315090688152],[72.89280552323676,19.102785299478136],[72.89280666724258,19.102694985066236],[72.89243122081763,19.10232937705968],[72.8923362152378,19.10232828934994]]},"properties":{"id":"L00827","strahler":3,"length_m":1047.4,"drop_m":4.94,"gradient":0.00471,"area_ha":78.01,"on_drain_share":0.0,"downstream":"L00838"}},{"type":"Feature","geometry":{"type":"LineString","coordinates":[[72.9247879350619,19.105948816615804],[72.92507747069621,19.105590764963555],[72.9251724801317,19.105591835959014]]},"properties":{"id":"L00779","strahler":1,"length_m":62.4,"drop_m":1.71,"gradient":0.02744,"area_ha":4.29,"on_drain_share":0.0,"downstream":"L00768"}},{"type":"Feature","geometry":{"type":"LineString","coordinates":[[72.83111393928736,19.104688204364844],[72.83121247505751,19.104418391538502],[72.83150219347753,19.104060506383245]]},"properties":{"id":"L00786","strahler":2,"length_m":86.6,"drop_m":-0.58,"gradient":0.0,"area_ha":20.02,"on_drain_share":0.0,"downstream":"L00845"}},{"type":"Feature","geometry":{"type":"LineString","coordinates":[[72.83557909292995,19.10474076437162],[72.8356870225129,19.10374846026322],[72.8355931947679,19.103657032181346],[72.83559672007836,19.103386099112306],[72.83541259068637,19.102932309812005],[72.83560494557098,19.102753921917802],[72.83607995711452,19.102759506419854],[72.83617378470146,19.102850934238155],[72.83675084561808,19.102315767158863],[72.8366570179517,19.102224339628506],[72.83665936682087,19.10204371742799],[72.83647171197637,19.101860862270524],[72.83647523549963,19.101589928990922],[72.83666758765447,19.10141153969612],[72.8366699364045,19.10123091747842],[72.83648345682218,19.100957751305124],[72.83395016883347,19.09848919286828]]},"properties":{"id":"L00892","strahler":1,"length_m":954.7,"drop_m":7.34,"gradient":0.00769,"area_ha":14.96,"on_drain_share":0.0,"downstream":"L00891"}},{"type":"Feature","geometry":{"type":"LineString","coordinates":[[72.86759909482399,19.104843524747867],[72.86798374723182,19.104486675144678],[72.86807875254112,19.10448777553611],[72.86854799269892,19.104944841609377],[72.86854567805862,19.105125467542862]]},"properties":{"id":"L00775","strahler":3,"length_m":157.3,"drop_m":2.24,"gradient":0.01421,"area_ha":124.28,"on_drain_share":0.0,"downstream":"L00766"}},{"type":"Feature","geometry":{"type":"LineString","coordinates":[[72.86864184103942,19.105036254707873],[72.86854567805862,19.105125467542862]]},"properties":{"id":"L00776","strahler":1,"length_m":14.1,"drop_m":0.0,"gradient":0.0,"area_ha":4.42,"on_drain_share":0.0,"downstream":"L00766"}},{"type":"Feature","geometry":{"type":"LineString","coordinates":[[72.93831406763053,19.103300604225065],[72.93953464082695,19.104488555212527],[72.9396296505033,19.10448961868981],[72.93961734435162,19.105483106674463],[72.93971123587338,19.105574487251488],[72.93990125649363,19.105576614091007],[72.93989790058261,19.10584756538545],[72.9399929110567,19.105848628747975]]},"properties":{"id":"L00777","strahler":1,"length_m":378.0,"drop_m":-0.27,"gradient":0.0,"area_ha":12.58,"on_drain_share":0.0,"downstream":null}},{"type":"Feature","geometry":{"type":"LineString","coordinates":[[72.8268423456795,19.104366848165892],[72.82703707018513,19.104007849324663],[72.82732561646284,19.103740282074313],[72.82761062349053,19.103743645901822],[72.82780298689187,19.10356526710054],[72.82780888348297,19.103113714313263],[72.82857833064502,19.1024001963901],[72.82858068830497,19.102219575162056],[72.82925512676626,19.101504933006336],[72.82925630517279,19.10141462234337],[72.83031427377816,19.100433523782648]]},"properties":{"id":"L00844","strahler":1,"length_m":606.7,"drop_m":5.29,"gradient":0.00873,"area_ha":8.66,"on_drain_share":0.0,"downstream":"L00850"}},{"type":"Feature","geometry":{"type":"LineString","coordinates":[[72.84137783027869,19.104537885238113],[72.84100250453723,19.104172182914628],[72.84100953769027,19.103630314856797],[72.84120188809409,19.103451920610496]]},"properties":{"id":"L00798","strahler":1,"length_m":144.9,"drop_m":0.99,"gradient":0.00681,"area_ha":5.47,"on_drain_share":0.0,"downstream":"L00893"}},{"type":"Feature","geometry":{"type":"LineString","coordinates":[[72.86503858588064,19.104452538729703],[72.86552056493484,19.10391617100768],[72.86628060376302,19.103924982681843],[72.86637792548501,19.103745458219972],[72.86656909337125,19.103657347665663],[72.86722602098287,19.104297244460724],[72.86722138897544,19.10465849603727],[72.86740908386523,19.10484132338175],[72.86759909482399,19.104843524747867]]},"properties":{"id":"L00780","strahler":3,"length_m":396.3,"drop_m":1.9,"gradient":0.0048,"area_ha":111.66,"on_drain_share":0.0,"downstream":"L00775"}},{"type":"Feature","geometry":{"type":"LineString","coordinates":[[72.9250785973673,19.10550044871175],[72.9251724801317,19.105591835959014]]},"properties":{"id":"L00785","strahler":1,"length_m":14.1,"drop_m":0.0,"gradient":0.0,"area_ha":4.48,"on_drain_share":0.0,"downstream":"L00768"}},{"type":"Feature","geometry":{"type":"LineString","coordinates":[[72.87415564313595,19.104829038667244],[72.87406179156615,19.10473762809805],[72.87406410016848,19.10455700150712]]},"properties":{"id":"L00789","strahler":4,"length_m":34.1,"drop_m":-0.42,"gradient":0.0,"area_ha":566.86,"on_drain_share":0.0,"downstream":"L00856"}},{"type":"Feature","geometry":{"type":"LineString","coordinates":[[72.87616345273595,19.103858622501143],[72.87597113540188,19.10403705690975],[72.8755911132773,19.104032671436578],[72.87520532298659,19.104479852013505],[72.8748241461608,19.104565778203845],[72.87463182663924,19.10474421098124],[72.87444181492218,19.104742016882664],[72.87434565491697,19.10483123307071],[72.87406410016848,19.10455700150712]]},"properties":{"id":"L00790","strahler":1,"length_m":283.8,"drop_m":-0.42,"gradient":0.0,"area_ha":8.63,"on_drain_share":0.0,"downstream":"L00856"}},{"type":"Feature","geometry":{"type":"LineString","coordinates":[[72.87976100160482,19.104893691252002],[72.87995101415244,19.10489587987879],[72.88072027007343,19.104182122929824],[72.88072257137632,19.104001495545837]]},"properties":{"id":"L00796","strahler":1,"length_m":153.1,"drop_m":2.01,"gradient":0.0131,"area_ha":5.71,"on_drain_share":0.0,"downstream":"L00819"}},{"type":"Feature","geometry":{"type":"LineString","coordinates":[[72.88080607093787,19.104905726276037],[72.88081642660015,19.10409290303658],[72.88072257137632,19.104001495545837]]},"properties":{"id":"L00797","strahler":1,"length_m":104.1,"drop_m":-6.09,"gradient":0.0,"area_ha":6.38,"on_drain_share":0.0,"downstream":"L00819"}},{"type":"Feature","geometry":{"type":"LineString","coordinates":[[72.88375127055166,19.104939611291897],[72.88375586674817,19.104578355839287],[72.88338043838225,19.104212730932648]]},"properties":{"id":"L00792","strahler":5,"length_m":96.6,"drop_m":2.51,"gradient":0.02602,"area_ha":1556.86,"on_drain_share":0.0,"downstream":"L00820"}},{"type":"Feature","geometry":{"type":"LineString","coordinates":[[72.93078141878055,19.105383988289706],[72.93126208361106,19.104937744957383],[72.93117493731992,19.104304460867663]]},"properties":{"id":"L00802","strahler":1,"length_m":144.9,"drop_m":-0.26,"gradient":0.0,"area_ha":6.74,"on_drain_share":0.0,"downstream":"L00831"}},{"type":"Feature","geometry":{"type":"LineString","coordinates":[[72.83150219347753,19.104060506383245],[72.83131572029211,19.10378733557265],[72.8305556996119,19.10377837965821],[72.82952481244995,19.10268233222375],[72.82952716912023,19.102501710887516],[72.82943334573548,19.10241028005542],[72.82962924043085,19.101960966941018],[72.8301101376424,19.101515013075783],[72.83030485145386,19.101156009644743],[72.83031427377816,19.100433523782648]]},"properties":{"id":"L00845","strahler":2,"length_m":575.3,"drop_m":4.31,"gradient":0.00749,"area_ha":42.52,"on_drain_share":0.0,"downstream":"L00850"}},{"type":"Feature","geometry":{"type":"LineString","coordinates":[[72.86277238986573,19.10334232659026],[72.86343742032854,19.10335004667799],[72.86363090870147,19.103081313894315],[72.8639159214309,19.10308462142496],[72.86410361073096,19.103267451645973],[72.86409781256933,19.103719015242607],[72.86475357059906,19.104449232709097],[72.86503858588064,19.104452538729703]]},"properties":{"id":"L00791","strahler":2,"length_m":355.6,"drop_m":1.42,"gradient":0.00399,"area_ha":39.07,"on_drain_share":0.0,"downstream":"L00780"}},{"type":"Feature","geometry":{"type":"LineString","coordinates":[[72.87406410016848,19.10455700150712],[72.87406640874478,19.104376374912384],[72.87397255745788,19.104284964322943],[72.87406871729506,19.104195748313842],[72.87407564278978,19.103653868495368],[72.87379409031753,19.103379636721833],[72.87379870772367,19.103018383545997],[72.87408718476053,19.102750735388412],[72.87418565176698,19.102480892567904],[72.87409180136666,19.10238948211898],[72.87409410963069,19.102208855478548],[72.87390640931886,19.102026034482986],[72.8747718315039,19.101223087224582],[72.87505799665999,19.10113606381815],[72.87553878219471,19.100689979020757]]},"properties":{"id":"L00856","strahler":4,"length_m":561.8,"drop_m":3.8,"gradient":0.00676,"area_ha":585.15,"on_drain_share":0.0,"downstream":"L00858"}},{"type":"Feature","geometry":{"type":"LineString","coordinates":[[72.91938708381674,19.104713572278893],[72.91881703240739,19.104707127946433],[72.91852861624893,19.10497485276578],[72.91815310309278,19.104609291468687],[72.91796760804034,19.104245878877006]]},"properties":{"id":"L00801","strahler":1,"length_m":207.3,"drop_m":-1.26,"gradient":0.0,"area_ha":9.03,"on_drain_share":0.0,"downstream":"L00832"}},{"type":"Feature","geometry":{"type":"LineString","coordinates":[[72.84756360092233,19.103797395663364],[72.84681292411693,19.103066013249286],[72.8466275940832,19.10270254388142],[72.84663110124076,19.102431608806775],[72.84682344472228,19.10225320793225],[72.84673428682179,19.101800538185454],[72.8461736260767,19.10107137653227],[72.84589212815554,19.100797106890926],[72.84560478372619,19.10097439514455],[72.84541127108068,19.10124310641696],[72.84455625293198,19.101233097517575],[72.84427475770298,19.100958825640422],[72.84437444015649,19.10059869176808]]},"properties":{"id":"L00847","strahler":1,"length_m":674.3,"drop_m":4.58,"gradient":0.00679,"area_ha":15.63,"on_drain_share":0.0,"downstream":"L00881"}},{"type":"Feature","geometry":{"type":"LineString","coordinates":[[72.86105418395412,19.10395465168829],[72.86152920689378,19.10396017088322],[72.86220120335435,19.103426020071343],[72.86277238986573,19.10334232659026]]},"properties":{"id":"L00808","strahler":1,"length_m":209.0,"drop_m":-0.21,"gradient":0.0,"area_ha":5.66,"on_drain_share":0.0,"downstream":"L00791"}},{"type":"Feature","geometry":{"type":"LineString","coordinates":[[72.88338043838225,19.104212730932648],[72.88178488620841,19.102658818154683]]},"properties":{"id":"L00820","strahler":5,"length_m":240.4,"drop_m":-1.23,"gradient":0.0,"area_ha":1567.1,"on_drain_share":0.0,"downstream":"L00848"}},{"type":"Feature","geometry":{"type":"LineString","coordinates":[[72.88471282141921,19.10404739269099],[72.88452510641119,19.103864581238522],[72.88414508256896,19.10386021345508],[72.88366545671666,19.104216008085174],[72.88338043838225,19.104212730932648]]},"properties":{"id":"L00794","strahler":1,"length_m":164.9,"drop_m":6.39,"gradient":0.03875,"area_ha":6.26,"on_drain_share":0.0,"downstream":"L00820"}},{"type":"Feature","geometry":{"type":"LineString","coordinates":[[72.89867650451205,19.104387982130895],[72.8982998993677,19.104112699284947],[72.89830332267739,19.103841755125504]]},"properties":{"id":"L00805","strahler":2,"length_m":82.4,"drop_m":0.31,"gradient":0.00374,"area_ha":37.59,"on_drain_share":0.0,"downstream":"L00814"}},{"type":"Feature","geometry":{"type":"LineString","coordinates":[[72.88072257137632,19.104001495545837],[72.88072372201805,19.10391118185241],[72.88149412012856,19.10310710709501],[72.88149642045204,19.102926479599226],[72.88178488620841,19.102658818154683]]},"properties":{"id":"L00819","strahler":2,"length_m":195.6,"drop_m":0.83,"gradient":0.00422,"area_ha":14.99,"on_drain_share":0.0,"downstream":"L00848"}},{"type":"Feature","geometry":{"type":"LineString","coordinates":[[72.84110688505463,19.103450806411328],[72.84120188809409,19.103451920610496]]},"properties":{"id":"L00799","strahler":1,"length_m":10.0,"drop_m":0.0,"gradient":0.0,"area_ha":4.0,"on_drain_share":0.0,"downstream":"L00893"}},{"type":"Feature","geometry":{"type":"LineString","coordinates":[[72.84120188809409,19.103451920610496],[72.84177893683447,19.102916736402136],[72.841688621048,19.102554376950536],[72.84131447046747,19.102098364182346],[72.84151502099145,19.101287789614037],[72.84104469988793,19.100920974052435],[72.8409485262741,19.101010171282304],[72.83999851027389,19.1009990271495],[72.83980967979976,19.100906486435345],[72.83961733130265,19.101084879414092],[72.83933232655637,19.10108153461564],[72.83932880778491,19.101352468422974],[72.83884910641723,19.101708137644742],[72.83846909887237,19.10170367609074],[72.8384784860484,19.100981186357554],[72.83838465800922,19.1008897596768],[72.83848083277626,19.100800563914714],[72.83848669948017,19.100349007790925],[72.83661016453502,19.098520467512948]]},"properties":{"id":"L00893","strahler":2,"length_m":1134.7,"drop_m":9.13,"gradient":0.00805,"area_ha":26.76,"on_drain_share":0.0,"downstream":"L00895"}},{"type":"Feature","geometry":{"type":"LineString","coordinates":[[72.85089223277035,19.103565311806335],[72.85127574745084,19.103298812264427],[72.8516557618512,19.103303247750265],[72.85184810161853,19.103124841208043],[72.85203810867853,19.10312705843894]]},"properties":{"id":"L00811","strahler":1,"length_m":140.7,"drop_m":0.78,"gradient":0.00556,"area_ha":5.42,"on_drain_share":0.0,"downstream":"L00854"}},{"type":"Feature","geometry":{"type":"LineString","coordinates":[[72.91112703170346,19.104168379655054],[72.91188709410638,19.10417700321281],[72.91227165955851,19.103820051699817]]},"properties":{"id":"L00809","strahler":1,"length_m":136.6,"drop_m":3.98,"gradient":0.02913,"area_ha":6.34,"on_drain_share":0.0,"downstream":"L00826"}},{"type":"Feature","geometry":{"type":"LineString","coordinates":[[72.91796760804034,19.104245878877006],[72.91825602362226,19.103978154883368],[72.91825828415729,19.103797523131853],[72.9183544223629,19.103708281666155],[72.91873784418046,19.10344163110334],[72.91892785983687,19.103443779355],[72.91912013505049,19.103265295549644],[72.91921740220128,19.10308573761729],[72.91922192093142,19.102724473854053],[72.9191291729227,19.102542768066854],[72.91932144679866,19.102364283915644]]},"properties":{"id":"L00832","strahler":2,"length_m":293.8,"drop_m":3.87,"gradient":0.01318,"area_ha":112.34,"on_drain_share":0.0,"downstream":"L00843"}},{"type":"Feature","geometry":{"type":"LineString","coordinates":[[72.92214797651368,19.10429311457207],[72.92233799355517,19.104295259397027],[72.92262640290922,19.104027527894093],[72.92262978659612,19.103756579512364]]},"properties":{"id":"L00812","strahler":1,"length_m":92.4,"drop_m":0.35,"gradient":0.00382,"area_ha":4.75,"on_drain_share":0.0,"downstream":"L00842"}},{"type":"Feature","geometry":{"type":"LineString","coordinates":[[72.93117493731992,19.104304460867663],[72.93080164192956,19.103758289688663],[72.93080388881948,19.1035776564918],[72.9307100036812,19.103486271915628],[72.93071562102094,19.103034688929274],[72.93034120603048,19.102578833741553]]},"properties":{"id":"L00831","strahler":3,"length_m":227.3,"drop_m":-0.24,"gradient":0.0,"area_ha":85.96,"on_drain_share":0.0,"downstream":"L00872"}},{"type":"Feature","geometry":{"type":"LineString","coordinates":[[72.89830332267739,19.103841755125504],[72.89831016912309,19.10329986678094],[72.89812243844456,19.103117067838305]]},"properties":{"id":"L00814","strahler":2,"length_m":88.3,"drop_m":0.34,"gradient":0.00386,"area_ha":47.83,"on_drain_share":0.0,"downstream":"L00827"}},{"type":"Feature","geometry":{"type":"LineString","coordinates":[[72.90096465541902,19.103781793739632],[72.90067963464396,19.103778543432302],[72.90058348787719,19.10386777475261],[72.90039461392672,19.103775292684386],[72.90002142723995,19.10322906872284],[72.89954639451294,19.10322364901678],[72.89898205881299,19.10276556990971],[72.8987920463592,19.10276340115231]]},"properties":{"id":"L00824","strahler":1,"length_m":295.6,"drop_m":6.71,"gradient":0.02272,"area_ha":8.02,"on_drain_share":0.0,"downstream":"L00818"}},{"type":"Feature","geometry":{"type":"LineString","coordinates":[[72.83265870105174,19.102809581548875],[72.83246634327018,19.10298796604291],[72.83227633882771,19.10298572863507],[72.83208986529728,19.102712558573238],[72.83040103026521,19.101066818551992],[72.83041045212462,19.100344332636716]]},"properties":{"id":"L00851","strahler":1,"length_m":421.1,"drop_m":4.64,"gradient":0.01101,"area_ha":6.67,"on_drain_share":0.0,"downstream":"L00888"}},{"type":"Feature","geometry":{"type":"LineString","coordinates":[[72.85203810867853,19.10312705843894],[72.85261512497051,19.102591836689154],[72.85299746927856,19.10241564511169],[72.85318747567257,19.10241786107773],[72.85347598127191,19.102150248355137],[72.85357448008956,19.101880419770968],[72.85348064245872,19.101788999935714],[72.85348413827984,19.101518063611138],[72.85329762894686,19.10124491175206],[72.85358613214768,19.100977298608903],[72.85377497189994,19.101069825939145],[72.85424998433612,19.10107536310702],[72.85473081966357,19.100629338101534],[72.8547319841893,19.10053902590871]]},"properties":{"id":"L00854","strahler":2,"length_m":509.4,"drop_m":4.45,"gradient":0.00874,"area_ha":20.24,"on_drain_share":0.0,"downstream":"L00862"}},{"type":"Feature","geometry":{"type":"LineString","coordinates":[[72.88747488255244,19.10353714863937],[72.88776448761803,19.10317916289828],[72.88785949340281,19.10318025301301],[72.8882441026056,19.102823356410855],[72.88843411383434,19.102825536057527],[72.88843526021499,19.102735221901177]]},"properties":{"id":"L00821","strahler":1,"length_m":149.0,"drop_m":1.92,"gradient":0.01286,"area_ha":5.27,"on_drain_share":0.0,"downstream":"L00866"}},{"type":"Feature","geometry":{"type":"LineString","coordinates":[[72.91227165955851,19.103820051699817],[72.91227392656883,19.103639420635673],[72.91256234922932,19.10337170632331],[72.9125646158668,19.103191075216795],[72.91275689689402,19.103012598678554],[72.9127625627972,19.102561020831395]]},"properties":{"id":"L00826","strahler":2,"length_m":160.7,"drop_m":5.16,"gradient":0.03212,"area_ha":22.99,"on_drain_share":0.0,"downstream":"L00963"}},{"type":"Feature","geometry":{"type":"LineString","coordinates":[[72.92272366699872,19.103847967805464],[72.92262978659612,19.103756579512364]]},"properties":{"id":"L00813","strahler":1,"length_m":14.1,"drop_m":0.0,"gradient":0.0,"area_ha":4.07,"on_drain_share":0.0,"downstream":"L00842"}},{"type":"Feature","geometry":{"type":"LineString","coordinates":[[72.9350747989681,19.10398693236553],[72.93508601011877,19.103083763921433],[72.93395936728606,19.101987170259083],[72.93357933569524,19.10198290489114],[72.93217105647602,19.100612152292165]]},"properties":{"id":"L00874","strahler":1,"length_m":521.8,"drop_m":1.55,"gradient":0.00297,"area_ha":16.34,"on_drain_share":0.0,"downstream":"L00899"}},{"type":"Feature","geometry":{"type":"LineString","coordinates":[[72.92262978659612,19.103756579512364],[72.92301433026547,19.103399603246995],[72.92301545791699,19.103309287092255],[72.92320660148222,19.103221114749477],[72.92407181686006,19.102417913500947],[72.92435683956917,19.10242112738426],[72.92474362977043,19.10188351428302],[72.92493477088826,19.101795339890334]]},"properties":{"id":"L00842","strahler":2,"length_m":348.7,"drop_m":11.94,"gradient":0.03424,"area_ha":15.68,"on_drain_share":0.0,"downstream":"L00823"}},{"type":"Feature","geometry":{"type":"LineString","coordinates":[[72.91028330785407,19.1032555202376],[72.91028671148882,19.102984573968143],[72.91057513577499,19.10271686295014],[72.91086015654152,19.102720097769556],[72.91105243861352,19.1025416231266],[72.9115274729013,19.10254701296889],[72.91191090130198,19.102280377389793],[72.91219592156463,19.102283610071],[72.91247754195615,19.10255778898203],[72.9127625627972,19.102561020831395]]},"properties":{"id":"L00828","strahler":1,"length_m":335.6,"drop_m":12.72,"gradient":0.0379,"area_ha":7.59,"on_drain_share":0.0,"downstream":"L00963"}},{"type":"Feature","geometry":{"type":"LineString","coordinates":[[72.8886229788048,19.10291802967486],[72.88843526021499,19.102735221901177]]},"properties":{"id":"L00822","strahler":4,"length_m":28.3,"drop_m":0.37,"gradient":0.01325,"area_ha":409.51,"on_drain_share":0.0,"downstream":"L00866"}},{"type":"Feature","geometry":{"type":"LineString","coordinates":[[72.89072684683443,19.101858219310834],[72.8905345460551,19.102036670709996],[72.8901545249085,19.10203231572781],[72.8892891646835,19.102835342044454],[72.88909800731177,19.10292347747308],[72.8886229788048,19.10291802967486]]},"properties":{"id":"L00817","strahler":4,"length_m":269.7,"drop_m":0.79,"gradient":0.00293,"area_ha":192.48,"on_drain_share":0.0,"downstream":"L00822"}},{"type":"Feature","geometry":{"type":"LineString","coordinates":[[72.8987920463592,19.10276340115231],[72.89831473329161,19.102938607865553],[72.89812243844456,19.103117067838305]]},"properties":{"id":"L00818","strahler":2,"length_m":86.6,"drop_m":0.13,"gradient":0.00145,"area_ha":16.08,"on_drain_share":0.0,"downstream":"L00827"}},{"type":"Feature","geometry":{"type":"LineString","coordinates":[[72.92653075845679,19.103348916133505],[72.92701030162881,19.102993000725757],[72.92786424947883,19.103092944125617],[72.92824203262035,19.10327785443802],[72.92862206588238,19.10328213109764],[72.92900547241129,19.10301545747263],[72.9291954888221,19.103017595084438],[72.92938325689958,19.10320036554573],[72.92957327356704,19.103202502787628],[72.92976553820661,19.10302400674494],[72.9299555547188,19.10302614357345],[72.93034008240089,19.102669150323745],[72.93034120603048,19.102578833741553]]},"properties":{"id":"L00830","strahler":4,"length_m":484.6,"drop_m":4.95,"gradient":0.01022,"area_ha":204.22,"on_drain_share":0.0,"downstream":"L00872"}},{"type":"Feature","geometry":{"type":"LineString","coordinates":[[72.92493477088826,19.101795339890334],[72.92653075845679,19.103348916133505]]},"properties":{"id":"L00823","strahler":3,"length_m":240.4,"drop_m":-1.07,"gradient":0.0,"area_ha":154.09,"on_drain_share":0.0,"downstream":"L00830"}},{"type":"Feature","geometry":{"type":"LineString","coordinates":[[72.88178488620841,19.102658818154683],[72.8807524859533,19.101653339207612],[72.88028091581299,19.10137692915883],[72.87990550232654,19.1010112984751]]},"properties":{"id":"L00848","strahler":5,"length_m":274.6,"drop_m":4.29,"gradient":0.01561,"area_ha":1589.21,"on_drain_share":0.0,"downstream":"L00860"}},{"type":"Feature","geometry":{"type":"LineString","coordinates":[[72.88843526021499,19.102735221901177],[72.88815368310254,19.102461009949497],[72.88816056206109,19.101919125074062],[72.88806670349967,19.101827721040074],[72.88808275412848,19.100563322928515],[72.88789503857502,19.100380514872636]]},"properties":{"id":"L00866","strahler":4,"length_m":284.9,"drop_m":1.29,"gradient":0.00453,"area_ha":417.6,"on_drain_share":0.0,"downstream":"L00871"}},{"type":"Feature","geometry":{"type":"LineString","coordinates":[[72.89888933398498,19.10258385602212],[72.8987920463592,19.10276340115231]]},"properties":{"id":"L00825","strahler":1,"length_m":24.1,"drop_m":-0.06,"gradient":0.0,"area_ha":7.5,"on_drain_share":0.0,"downstream":"L00818"}},{"type":"Feature","geometry":{"type":"LineString","coordinates":[[72.86098356665617,19.102056984383193],[72.86127206033407,19.10178935813844],[72.8620332479768,19.101707873788374],[72.86212941191268,19.101618664474877],[72.8625082648083,19.10171338983463],[72.86270059212774,19.101534970600994],[72.86298560203551,19.101538279314102]]},"properties":{"id":"L00837","strahler":1,"length_m":243.1,"drop_m":1.26,"gradient":0.00519,"area_ha":5.76,"on_drain_share":0.0,"downstream":"L00884"}},{"type":"Feature","geometry":{"type":"LineString","coordinates":[[72.86364366676963,19.1020878741852],[72.86335865579792,19.10208456639901],[72.86298328180334,19.101718904657275],[72.86298560203551,19.101538279314102]]},"properties":{"id":"L00836","strahler":1,"length_m":106.6,"drop_m":0.76,"gradient":0.00711,"area_ha":6.16,"on_drain_share":0.0,"downstream":"L00884"}},{"type":"Feature","geometry":{"type":"LineString","coordinates":[[72.8923362152378,19.10232828934994],[72.89205463167407,19.102054082806934],[72.89167461011446,19.10204973095748],[72.89138730454013,19.102227095226645],[72.89091685726635,19.1018603962903],[72.89072684683443,19.101858219310834]]},"properties":{"id":"L00838","strahler":3,"length_m":207.3,"drop_m":2.45,"gradient":0.01184,"area_ha":110.24,"on_drain_share":0.0,"downstream":"L00817"}},{"type":"Feature","geometry":{"type":"LineString","coordinates":[[72.8977869207692,19.09959045442002],[72.89769077526971,19.099679684349315],[72.89683573599419,19.099669918919492],[72.89606542296085,19.100474066863672],[72.89605400172769,19.101377213056008],[72.89633444948575,19.101741728645614],[72.89566255679647,19.102276015483124],[72.8954748303527,19.10209321420875],[72.89471478548012,19.102084523823994],[72.8946209228761,19.101993122781113],[72.89424090082613,19.101988776240255],[72.89385630528888,19.102345686831757],[72.89366629394223,19.102343512831823],[72.89347971344165,19.102070395267187],[72.8928146751029,19.10206278415631],[72.8926223760732,19.1022412379267],[72.89243236499716,19.102239062665134],[72.8923362152378,19.10232828934994]]},"properties":{"id":"L00829","strahler":1,"length_m":884.3,"drop_m":7.07,"gradient":0.008,"area_ha":27.48,"on_drain_share":0.0,"downstream":"L00838"}},{"type":"Feature","geometry":{"type":"LineString","coordinates":[[72.9127625627972,19.102561020831395],[72.91285983597055,19.102381466860145],[72.91295597587948,19.102292228400323],[72.91314598952206,19.10229438249313],[72.9137250914438,19.101578318531047],[72.91401237567224,19.10140091698186],[72.91401464048414,19.10122028566931],[72.91478374652422,19.10050637039412],[72.91487875243392,19.10050744642548],[72.91488780731105,19.099784920682527],[72.91546689242992,19.09906884951393],[72.9154691553656,19.098888217987863],[72.91575756436028,19.098620497266428],[72.91652212713163,19.098267835996854],[72.91634003419416,19.09763347506062],[72.9169168439623,19.097098029593216],[72.91692023561907,19.096827081994007],[72.91720863859281,19.096559358381512],[72.91702202239118,19.09628626146759],[72.9170242832844,19.096105629707715],[72.91683653730892,19.09592284854359],[72.91683879835703,19.09574221679799]]},"properties":{"id":"L00963","strahler":2,"length_m":1030.5,"drop_m":24.08,"gradient":0.02337,"area_ha":49.28,"on_drain_share":0.0,"downstream":"L01001"}},{"type":"Feature","geometry":{"type":"LineString","coordinates":[[72.93034120603048,19.102578833741553],[72.93024732167805,19.10248744899705],[72.93025069266427,19.10221649925824],[72.93006292453934,19.102033729679],[72.9300674194602,19.101672463383178],[72.9297868924368,19.10130799221245],[72.9304609311797,19.10059293669183]]},"properties":{"id":"L00872","strahler":4,"length_m":273.8,"drop_m":0.97,"gradient":0.00355,"area_ha":292.61,"on_drain_share":0.0,"downstream":"L00880"}},{"type":"Feature","geometry":{"type":"LineString","coordinates":[[72.86820847953051,19.10177948694752],[72.86840195862827,19.101510748176217],[72.8684042729527,19.10133012218892],[72.8681227342924,19.1010558829579],[72.86812852066363,19.100604318042613],[72.86822583816563,19.1004247921606],[72.868987019172,19.100343278086665],[72.86917933852253,19.100164851225603],[72.87003436500541,19.100174745284445],[72.8702220587634,19.10035756965033],[72.8703182179057,19.100268355541427]]},"properties":{"id":"L00863","strahler":1,"length_m":419.7,"drop_m":2.15,"gradient":0.00513,"area_ha":11.68,"on_drain_share":0.0,"downstream":"L00917"}},{"type":"Feature","geometry":{"type":"LineString","coordinates":[[72.91533114824722,19.102319140486703],[72.91542728692555,19.10222990060539]]},"properties":{"id":"L00833","strahler":1,"length_m":14.1,"drop_m":0.0,"gradient":0.0,"area_ha":4.18,"on_drain_share":0.0,"downstream":"L00958"}},{"type":"Feature","geometry":{"type":"LineString","coordinates":[[72.91799473694482,19.102078298069948],[72.91808861370028,19.102169688413305],[72.9182786278258,19.1021718371974],[72.91846638187707,19.102354617593214],[72.91932144679866,19.102364283915644]]},"properties":{"id":"L00835","strahler":1,"length_m":152.4,"drop_m":1.49,"gradient":0.0098,"area_ha":7.31,"on_drain_share":0.0,"downstream":"L00843"}},{"type":"Feature","geometry":{"type":"LineString","coordinates":[[72.91932144679866,19.102364283915644],[72.91999327292977,19.10182990346692],[72.92018215780367,19.101922366255568],[72.92084720725373,19.10192987848995],[72.92113561426169,19.101662149099226],[72.92123400672398,19.10139227370617],[72.92171016905145,19.101307320877364],[72.92190243887096,19.101128833608758],[72.92218858693505,19.101041734511462],[72.92305379428693,19.10023853726658],[72.92352882563945,19.100243895532543],[72.92465538239176,19.1013405456709],[72.92474700960148,19.101612565473392],[72.92493477088826,19.101795339890334]]},"properties":{"id":"L00843","strahler":2,"length_m":791.5,"drop_m":11.11,"gradient":0.01404,"area_ha":134.71,"on_drain_share":0.0,"downstream":"L00823"}},{"type":"Feature","geometry":{"type":"LineString","coordinates":[[72.91542728692555,19.10222990060539],[72.91542955030773,19.102049269145777],[72.91599959138097,19.102055723101785],[72.91628800563898,19.101788002074745],[72.91629026803062,19.101607370507196],[72.91676982491926,19.101251483330927],[72.91686370051653,19.10134287419896],[72.91733986374784,19.101257932879832],[72.9174382618513,19.100988060066722],[72.9177266719964,19.100720336360006],[72.91773232368396,19.10026875696715],[72.91792346581161,19.100180590021044],[72.91792572622337,19.099999958233504],[72.91831026942984,19.0996429917992],[72.91869029199117,19.099647288168235],[72.91888143296609,19.099559120105475],[72.9189798273591,19.09928924608911],[72.91946050131482,19.098843034645437],[72.9194661477005,19.098391454661392],[72.91975680813351,19.09794309493063],[72.91976132438245,19.097581830841836],[72.91947969837676,19.0973076626029],[72.91938921090855,19.096945325089536],[72.91948534422131,19.096856082538203],[72.9194909899067,19.09640450244978],[72.91977938835977,19.096136774334823],[72.91978164624237,19.095956142254362]]},"properties":{"id":"L00958","strahler":2,"length_m":1039.1,"drop_m":16.27,"gradient":0.01566,"area_ha":42.85,"on_drain_share":0.0,"downstream":"L01005"}},{"type":"Feature","geometry":{"type":"LineString","coordinates":[[72.86298560203551,19.101538279314102],[72.86337141477385,19.10109112675963],[72.86337721404685,19.10063956324909],[72.86356953916503,19.100461142876128],[72.86366918053291,19.100100994421208],[72.86386266421064,19.09983226090166],[72.86386846173917,19.0993806971843]]},"properties":{"id":"L00884","strahler":2,"length_m":277.3,"drop_m":0.05,"gradient":0.00016,"area_ha":15.79,"on_drain_share":0.0,"downstream":"L00975"}},{"type":"Feature","geometry":{"type":"LineString","coordinates":[[72.87020702883582,19.10153164001672],[72.87021165354624,19.10117038761343],[72.87030781321049,19.101081173563394],[72.8703182179057,19.100268355541427]]},"properties":{"id":"L00864","strahler":1,"length_m":144.1,"drop_m":0.09,"gradient":0.00061,"area_ha":6.06,"on_drain_share":0.0,"downstream":"L00917"}},{"type":"Feature","geometry":{"type":"LineString","coordinates":[[72.89149490121629,19.10123472562614],[72.89101300741152,19.101771170390297],[72.89082299706966,19.101768993519798],[72.89072684683443,19.101858219310834]]},"properties":{"id":"L00839","strahler":3,"length_m":114.9,"drop_m":1.29,"gradient":0.01121,"area_ha":75.27,"on_drain_share":0.0,"downstream":"L00817"}},{"type":"Feature","geometry":{"type":"LineString","coordinates":[[72.85491383756037,19.101173425284873],[72.85482116398329,19.10099169389972],[72.85482582194595,19.100630445115435],[72.8547319841893,19.10053902590871]]},"properties":{"id":"L00855","strahler":2,"length_m":78.3,"drop_m":0.01,"gradient":8e-05,"area_ha":61.42,"on_drain_share":0.0,"downstream":"L00862"}},{"type":"Feature","geometry":{"type":"LineString","coordinates":[[72.88436610635407,19.101423921636478],[72.88370222337718,19.101325963972183],[72.88341491195446,19.101503315105063],[72.88284488472789,19.101496760478074],[72.88209289682837,19.100855821629224],[72.88171288045568,19.10085144948831],[72.88133631448487,19.100576135281173],[72.88038627581065,19.100565199711816],[72.88038512520298,19.1006555134182],[72.88000050638973,19.10101239252481],[72.87990550232654,19.1010112984751]]},"properties":{"id":"L00852","strahler":1,"length_m":550.4,"drop_m":5.57,"gradient":0.01011,"area_ha":14.64,"on_drain_share":0.0,"downstream":"L00860"}},{"type":"Feature","geometry":{"type":"LineString","coordinates":[[72.87923702027278,19.101274579658416],[72.87952663723556,19.100916608134288],[72.87953009048742,19.100645667171044]]},"properties":{"id":"L00859","strahler":1,"length_m":82.4,"drop_m":2.62,"gradient":0.03184,"area_ha":4.36,"on_drain_share":0.0,"downstream":"L00887"}},{"type":"Feature","geometry":{"type":"LineString","coordinates":[[72.85092723396049,19.10085595331119],[72.85121457339564,19.100678656165634],[72.85121573983247,19.1005883441822],[72.85208125188932,19.09978551349215],[72.85226892353681,19.09996835421731],[72.85255392881045,19.0999716788112],[72.85293043952132,19.10024704718972],[72.85311694726838,19.100520199280258],[72.8534969557849,19.100524630347635],[72.85378545732327,19.100257016719002],[72.85397546135151,19.100259231631618],[72.85416779501607,19.100080822021805],[72.85454780279208,19.10008525082322]]},"properties":{"id":"L00865","strahler":1,"length_m":495.3,"drop_m":5.99,"gradient":0.01209,"area_ha":12.54,"on_drain_share":0.0,"downstream":"L00870"}},{"type":"Feature","geometry":{"type":"LineString","coordinates":[[72.89283297759711,19.100617753330102],[72.89206493073694,19.101241253395308],[72.89149490121629,19.10123472562614]]},"properties":{"id":"L00849","strahler":1,"length_m":169.0,"drop_m":0.95,"gradient":0.00562,"area_ha":6.65,"on_drain_share":0.0,"downstream":"L00839"}},{"type":"Feature","geometry":{"type":"LineString","coordinates":[[72.9275022193667,19.101643603198518],[72.92769223402995,19.101645742213776],[72.9278844985094,19.1014672481296],[72.92807451301744,19.101469386731495],[72.92817064501241,19.10138013948947],[72.92902571020608,19.10138976028541],[72.92931410435418,19.101122016726283],[72.92950411864048,19.101124153816162],[72.92988639484147,19.100947794265256],[72.93027091738452,19.100590800646135],[72.9304609311797,19.10059293669183]]},"properties":{"id":"L00876","strahler":1,"length_m":359.7,"drop_m":0.56,"gradient":0.00156,"area_ha":7.01,"on_drain_share":0.0,"downstream":"L00880"}},{"type":"Feature","geometry":{"type":"LineString","coordinates":[[72.83031427377816,19.100433523782648],[72.83041045212462,19.100344332636716]]},"properties":{"id":"L00850","strahler":2,"length_m":14.1,"drop_m":0.0,"gradient":0.0,"area_ha":51.19,"on_drain_share":0.0,"downstream":"L00888"}},{"type":"Feature","geometry":{"type":"LineString","coordinates":[[72.84437444015649,19.10059869176808],[72.84418794766074,19.1003255322138],[72.8441984794578,19.09951272806383],[72.84410464869676,19.099421304059568],[72.84410698911329,19.099240680914047]]},"properties":{"id":"L00881","strahler":2,"length_m":162.4,"drop_m":-0.36,"gradient":0.0,"area_ha":47.25,"on_drain_share":0.0,"downstream":"L00925"}},{"type":"Feature","geometry":{"type":"LineString","coordinates":[[72.87990550232654,19.1010112984751],[72.87953009048742,19.100645667171044]]},"properties":{"id":"L00860","strahler":5,"length_m":56.6,"drop_m":-1.54,"gradient":0.0,"area_ha":1604.31,"on_drain_share":0.0,"downstream":"L00887"}},{"type":"Feature","geometry":{"type":"LineString","coordinates":[[72.88665080691774,19.101088854376467],[72.88693926173161,19.100821183693395],[72.88694614400754,19.100279299147587]]},"properties":{"id":"L00867","strahler":1,"length_m":102.4,"drop_m":0.72,"gradient":0.00707,"area_ha":5.5,"on_drain_share":0.0,"downstream":"L00919"}},{"type":"Feature","geometry":{"type":"LineString","coordinates":[[72.89411261765807,19.097109618730833],[72.89286271562968,19.098269577718465],[72.89286157193979,19.09835989217695],[72.89228468786531,19.098895254350804],[72.89228125571437,19.099166197603907],[72.89180051528571,19.099612330975386],[72.89198480197166,19.100066078564183],[72.89179136028235,19.100334846015905],[72.8917856381956,19.100786417885327],[72.89149490121629,19.10123472562614]]},"properties":{"id":"L00853","strahler":3,"length_m":588.4,"drop_m":4.0,"gradient":0.00679,"area_ha":67.58,"on_drain_share":0.0,"downstream":"L00839"}},{"type":"Feature","geometry":{"type":"LineString","coordinates":[[72.91049714434368,19.10136105289641],[72.91117125888795,19.100646075931653],[72.91117579445971,19.100284813929637],[72.9107053032344,19.099918161885924],[72.91061483451733,19.09955582183295],[72.91005161053384,19.099007459341514]]},"properties":{"id":"L00898","strahler":1,"length_m":344.6,"drop_m":3.73,"gradient":0.01082,"area_ha":12.3,"on_drain_share":0.0,"downstream":"L00938"}},{"type":"Feature","geometry":{"type":"LineString","coordinates":[[72.83041045212462,19.100344332636716],[72.83041516289501,19.099983089656174],[72.82928929785919,19.098885923392714]]},"properties":{"id":"L00888","strahler":2,"length_m":209.7,"drop_m":-0.43,"gradient":0.0,"area_ha":78.99,"on_drain_share":0.0,"downstream":"L00896"}},{"type":"Feature","geometry":{"type":"LineString","coordinates":[[72.87316138498487,19.100843182564788],[72.87354601652059,19.100486319132287],[72.87449605051843,19.100497289940595],[72.87468374999695,19.100680110258477],[72.87553878219471,19.100689979020757]]},"properties":{"id":"L00857","strahler":1,"length_m":274.9,"drop_m":-0.45,"gradient":0.0,"area_ha":11.27,"on_drain_share":0.0,"downstream":"L00858"}},{"type":"Feature","geometry":{"type":"LineString","coordinates":[[72.8547319841893,19.10053902590871],[72.8547354777271,19.10026808932452],[72.85454780279208,19.10008525082322]]},"properties":{"id":"L00862","strahler":3,"length_m":58.3,"drop_m":0.74,"gradient":0.01273,"area_ha":81.78,"on_drain_share":0.0,"downstream":"L00870"}},{"type":"Feature","geometry":{"type":"LineString","coordinates":[[72.86499226299567,19.100658300021983],[72.8647107315438,19.100384056207282],[72.86471884506967,19.09975186668328],[72.86481616546199,19.099572342898657],[72.86444079301987,19.099206684278197],[72.8641546275078,19.09929369096876],[72.86396230443712,19.099472112166755],[72.86386846173917,19.0993806971843]]},"properties":{"id":"L00885","strahler":1,"length_m":269.7,"drop_m":0.66,"gradient":0.00244,"area_ha":9.54,"on_drain_share":0.0,"downstream":"L00975"}},{"type":"Feature","geometry":{"type":"LineString","coordinates":[[72.87553878219471,19.100689979020757],[72.87582379304433,19.100693267727213],[72.87591994970748,19.10060405042104]]},"properties":{"id":"L00858","strahler":4,"length_m":44.1,"drop_m":0.6,"gradient":0.0135,"area_ha":596.78,"on_drain_share":0.0,"downstream":"L00886"}},{"type":"Feature","geometry":{"type":"LineString","coordinates":[[72.93873550720619,19.099963128496203],[72.93787036950503,19.100766406781865],[72.93767923508844,19.10085459538107],[72.93701418283148,19.100847144330114],[72.93672580035121,19.101114901178814],[72.936060747455,19.10110744658758],[72.93577236309937,19.101375201748024],[72.93539233246987,19.10137094025225],[72.93511067242588,19.101096793010647],[72.93473176373837,19.101002213360438],[72.93454399144335,19.10081944799807],[72.93369004788346,19.100719536304467],[72.93330777544435,19.100895904192466],[72.93273773206876,19.100889504181296],[72.93217105647602,19.100612152292165]]},"properties":{"id":"L00877","strahler":1,"length_m":806.0,"drop_m":-0.32,"gradient":0.0,"area_ha":21.94,"on_drain_share":0.0,"downstream":"L00899"}},{"type":"Feature","geometry":{"type":"LineString","coordinates":[[72.875159921265,19.100595279994444],[72.87591994970748,19.10060405042104]]},"properties":{"id":"L00861","strahler":1,"length_m":80.0,"drop_m":-2.13,"gradient":0.0,"area_ha":4.83,"on_drain_share":0.0,"downstream":"L00886"}},{"type":"Feature","geometry":{"type":"LineString","coordinates":[[72.87591994970748,19.10060405042104],[72.8761099568831,19.10060624253826],[72.87668689416023,19.100070936765263],[72.87715614917155,19.100527982166387],[72.87744116004372,19.10053126834331],[72.87753846796525,19.100351736556032],[72.87810964112981,19.100267993652253],[72.87839810670222,19.1000003375279],[72.87858811349496,19.10000252702214],[72.87868426838988,19.099913308082947],[72.87877812031364,19.100004716320612],[72.8789681271583,19.10000690542332],[72.87916043648532,19.09982846704786],[72.8791638901213,19.099557526117135]]},"properties":{"id":"L00886","strahler":4,"length_m":462.8,"drop_m":1.89,"gradient":0.00409,"area_ha":612.52,"on_drain_share":0.0,"downstream":"L00949"}},{"type":"Feature","geometry":{"type":"LineString","coordinates":[[72.87953009048742,19.100645667171044],[72.87944199329998,19.100102690980066],[72.87925428865393,19.099919875064025],[72.87925774215493,19.09964893411946],[72.8791638901213,19.099557526117135]]},"properties":{"id":"L00887","strahler":5,"length_m":136.6,"drop_m":2.49,"gradient":0.01824,"area_ha":1609.91,"on_drain_share":0.0,"downstream":"L00949"}},{"type":"Feature","geometry":{"type":"LineString","coordinates":[[72.85826102204541,19.099496203735022],[72.85750333332298,19.09930673619533],[72.85721600206294,19.09948404407472],[72.8565416818241,19.10019880148861],[72.85606667117406,19.100193270474982],[72.85559748077068,19.09973617698715],[72.85560097274153,19.099465240225275]]},"properties":{"id":"L00879","strahler":1,"length_m":386.3,"drop_m":0.24,"gradient":0.00061,"area_ha":11.67,"on_drain_share":0.0,"downstream":"L01047"}},{"type":"Feature","geometry":{"type":"LineString","coordinates":[[72.85454780279208,19.10008525082322],[72.85493246816735,19.099728429996688]]},"properties":{"id":"L00870","strahler":3,"length_m":56.6,"drop_m":-0.93,"gradient":0.0,"area_ha":95.45,"on_drain_share":0.0,"downstream":"L00883"}},{"type":"Feature","geometry":{"type":"LineString","coordinates":[[72.8703182179057,19.100268355541427],[72.87127980366651,19.099376211093727],[72.87138058326447,19.098925743546452],[72.87119288955338,19.098742920369343],[72.8711963559458,19.098471980812157],[72.87158098522814,19.098115121279918],[72.8715821404473,19.098024808066135],[72.87196214786262,19.098029200484834],[72.8721533065132,19.097941083152335],[72.87225870172342,19.097129361704017]]},"properties":{"id":"L00917","strahler":2,"length_m":478.7,"drop_m":2.47,"gradient":0.00517,"area_ha":26.53,"on_drain_share":0.0,"downstream":"L00939"}},{"type":"Feature","geometry":{"type":"LineString","coordinates":[[72.93178653754525,19.100969150261605],[72.93217105647602,19.100612152292165]]},"properties":{"id":"L00873","strahler":1,"length_m":56.6,"drop_m":0.82,"gradient":0.01444,"area_ha":4.39,"on_drain_share":0.0,"downstream":"L00899"}},{"type":"Feature","geometry":{"type":"LineString","coordinates":[[72.887518462002,19.100105212424605],[72.88742345799348,19.100104122302536],[72.88723000938903,19.100372884244354],[72.88704000110836,19.100370703624353],[72.88694614400754,19.100279299147587]]},"properties":{"id":"L00868","strahler":4,"length_m":82.4,"drop_m":1.51,"gradient":0.01831,"area_ha":444.42,"on_drain_share":0.0,"downstream":"L00919"}},{"type":"Feature","geometry":{"type":"LineString","coordinates":[[72.88789503857502,19.100380514872636],[72.887518462002,19.100105212424605]]},"properties":{"id":"L00871","strahler":4,"length_m":52.4,"drop_m":-0.25,"gradient":0.0,"area_ha":427.4,"on_drain_share":0.0,"downstream":"L00868"}},{"type":"Feature","geometry":{"type":"LineString","coordinates":[[72.88973448269032,19.09769178645439],[72.88944489235242,19.098049776821213],[72.88982032289742,19.098415389522806],[72.88981574145912,19.09877664663523],[72.88962344371886,19.098955097385893],[72.88962115272925,19.09913572591045],[72.88942885434547,19.099314176391296],[72.88923884700297,19.099311998155624],[72.88922968103564,19.10003451202339],[72.88913353113581,19.100123737011486],[72.88884851880005,19.10012046899455],[72.88846506384365,19.100387053502356],[72.88789503857502,19.100380514872636]]},"properties":{"id":"L00869","strahler":1,"length_m":482.1,"drop_m":4.59,"gradient":0.00952,"area_ha":9.67,"on_drain_share":0.0,"downstream":"L00871"}},{"type":"Feature","geometry":{"type":"LineString","coordinates":[[72.88694614400754,19.100279299147587],[72.88591487021192,19.09918353329845],[72.88592290265991,19.09855133496554],[72.88582904715454,19.09845993005993],[72.88583134217147,19.09827930196544],[72.88640709536824,19.09783427587106],[72.88641053682166,19.0975633336081],[72.88612897123035,19.097289119577393],[72.88574896200556,19.097284756546717]]},"properties":{"id":"L00919","strahler":4,"length_m":462.8,"drop_m":1.33,"gradient":0.00288,"area_ha":459.04,"on_drain_share":0.0,"downstream":"L00914"}},{"type":"Feature","geometry":{"type":"LineString","coordinates":[[72.84685850955236,19.09954385631761],[72.84657584383412,19.09935989954509],[72.84619233245182,19.09962638954575],[72.84448231241609,19.09960637666199],[72.84410698911329,19.099240680914047]]},"properties":{"id":"L00882","strahler":1,"length_m":327.3,"drop_m":2.0,"gradient":0.00613,"area_ha":7.68,"on_drain_share":0.0,"downstream":"L00925"}},{"type":"Feature","geometry":{"type":"LineString","coordinates":[[72.8537102605423,19.098720602769667],[72.85370676564081,19.098991539216673],[72.85389443845344,19.099174378385257],[72.85436944551785,19.099179914717244],[72.85446328236874,19.09927133402707],[72.8544609531857,19.099451958404668],[72.85464862737594,19.099634796927123],[72.85493246816735,19.099728429996688]]},"properties":{"id":"L00875","strahler":1,"length_m":204.9,"drop_m":0.41,"gradient":0.00199,"area_ha":8.46,"on_drain_share":0.0,"downstream":"L00883"}},{"type":"Feature","geometry":{"type":"LineString","coordinates":[[72.85493246816735,19.099728429996688],[72.85512247173548,19.099730643667225],[72.8554109694166,19.09946302707788],[72.85560097274153,19.099465240225275]]},"properties":{"id":"L00883","strahler":3,"length_m":82.4,"drop_m":1.13,"gradient":0.01369,"area_ha":104.19,"on_drain_share":0.0,"downstream":"L01047"}},{"type":"Feature","geometry":{"type":"LineString","coordinates":[[72.9304609311797,19.10059293669183],[72.9307481984696,19.10041550714086]]},"properties":{"id":"L00880","strahler":4,"length_m":38.3,"drop_m":-0.81,"gradient":0.0,"area_ha":300.58,"on_drain_share":0.0,"downstream":null}},{"type":"Feature","geometry":{"type":"LineString","coordinates":[[72.93217105647602,19.100612152292165],[72.93095056655976,19.099424159599913],[72.93095281273884,19.099243526301155]]},"properties":{"id":"L00899","strahler":2,"length_m":203.8,"drop_m":0.13,"gradient":0.00065,"area_ha":45.74,"on_drain_share":0.0,"downstream":"L00902"}},{"type":"Feature","geometry":{"type":"LineString","coordinates":[[72.88910039518282,19.095245678582675],[72.88891039252412,19.095243500453986],[72.88862195118641,19.095511175613556],[72.88861736789848,19.095872432559677],[72.8881366291186,19.096318556476575],[72.8879992142979,19.099659091505444],[72.887518462002,19.100105212424605]]},"properties":{"id":"L00878","strahler":1,"length_m":618.0,"drop_m":5.97,"gradient":0.00967,"area_ha":15.98,"on_drain_share":0.0,"downstream":"L00868"}},{"type":"Feature","geometry":{"type":"LineString","coordinates":[[72.90861064664725,19.100255692657477],[72.90861178191416,19.100165377302677],[72.90928476359463,19.099540722870895],[72.9094747736497,19.0995428804528],[72.90985819745694,19.09927624872529],[72.91005161053384,19.099007459341514]]},"properties":{"id":"L00897","strahler":1,"length_m":219.7,"drop_m":8.79,"gradient":0.04001,"area_ha":7.34,"on_drain_share":0.0,"downstream":"L00938"}},{"type":"Feature","geometry":{"type":"LineString","coordinates":[[72.84145634162927,19.098487022047152],[72.84126868456512,19.0983041715937],[72.84078782433619,19.098750158636538],[72.84078313640327,19.099111404150307],[72.8405907911266,19.099289798485966],[72.84021430559035,19.099014407041533],[72.84022016700094,19.09856285031214],[72.84003251135695,19.098379998724315],[72.83889368390997,19.098276310006348],[72.83860633785443,19.098453587068317],[72.83841633781431,19.09845135650388],[72.83812781760032,19.09871894395941],[72.83774781706124,19.098714481588086],[72.83756016425788,19.098531627731738],[72.83661016453502,19.098520467512948]]},"properties":{"id":"L00894","strahler":1,"length_m":691.1,"drop_m":7.68,"gradient":0.01112,"area_ha":18.73,"on_drain_share":0.0,"downstream":"L00895"}},{"type":"Feature","geometry":{"type":"LineString","coordinates":[[72.85560097274153,19.099465240225275],[72.85560446465334,19.09919430345483],[72.85666227865477,19.09821303650187],[72.85675727967866,19.09821414238512],[72.85675844294637,19.09812383004842],[72.85791240641707,19.097053347838788],[72.85791473154032,19.09687272300474],[72.85849170702141,19.096337478520258],[72.85839903146402,19.09615574873033],[72.858879841179,19.095709710186167],[72.85906984065295,19.09571191933816],[72.8595506473459,19.095265878720664],[72.85955297045744,19.095085253657498],[72.85964913137127,19.094996045337524],[72.85965261581545,19.09472510771592],[72.85937110304289,19.09445085740092],[72.85928423544713,19.093817565394957],[72.8586285404422,19.0930873340694],[72.8585428377861,19.092363729472062],[72.85835516622842,19.09218089517065],[72.8583842143931,19.08992308262326],[72.85896116199942,19.089387833793893]]},"properties":{"id":"L01047","strahler":3,"length_m":1402.7,"drop_m":5.83,"gradient":0.00416,"area_ha":140.95,"on_drain_share":0.0,"downstream":"L01054"}},{"type":"Feature","geometry":{"type":"LineString","coordinates":[[72.84410698911329,19.099240680914047],[72.84411284003917,19.098789123033548],[72.84401900969516,19.09869769902364],[72.84403071150088,19.097794583238155],[72.84384305201903,19.09761173519668],[72.84385475406238,19.0967086194099],[72.84395092354296,19.096619420224688],[72.84395326375636,19.09643879704267]]},"properties":{"id":"L00925","strahler":2,"length_m":326.6,"drop_m":0.77,"gradient":0.00234,"area_ha":61.57,"on_drain_share":0.0,"downstream":"L01036"}},{"type":"Feature","geometry":{"type":"LineString","coordinates":[[72.86016222191503,19.099427984511916],[72.86006954308255,19.099246255274398],[72.85987953945028,19.099244046760838],[72.85941033991207,19.098786962193124],[72.85932347168011,19.098153670247243],[72.85866659925702,19.09751375015427],[72.85847543548158,19.097601852830664],[72.85809891987857,19.097326495415594],[72.85810124483528,19.097145870564773]]},"properties":{"id":"L00915","strahler":1,"length_m":384.6,"drop_m":0.47,"gradient":0.00123,"area_ha":14.06,"on_drain_share":0.0,"downstream":null}},{"type":"Feature","geometry":{"type":"LineString","coordinates":[[72.86386846173917,19.0993806971843],[72.86330540771328,19.098832206477326],[72.86330656746897,19.09874189375892],[72.86302156228942,19.09873858600773],[72.86302388209002,19.098557960601696],[72.86293004042147,19.09846654523247],[72.86274003732301,19.098464339756102],[72.86255235452676,19.098281508728316],[72.86236815277684,19.09782773953313],[72.86077287142285,19.096273668475206],[72.8607751933405,19.096093043287016],[72.86087135430854,19.09600383433024],[72.8605909984133,19.09563927292049],[72.86059332044515,19.09545864774141],[72.86107412267516,19.09501260266211],[72.8607949285834,19.09455772903356]]},"properties":{"id":"L00975","strahler":2,"length_m":745.7,"drop_m":3.96,"gradient":0.00531,"area_ha":39.2,"on_drain_share":0.0,"downstream":"L01048"}},{"type":"Feature","geometry":{"type":"LineString","coordinates":[[72.8791638901213,19.099557526117135],[72.8791719483781,19.098925330578805],[72.87907809676229,19.098833922570005],[72.87917885520227,19.098383448651695],[72.87880460173078,19.0979275028553],[72.87880805557553,19.097656561931416],[72.87871420482128,19.09756515381373],[72.87881726554264,19.096934052759185],[72.87900957110831,19.09675561415861],[72.87892262746504,19.09612232420416],[72.87873492747269,19.095939508173654]]},"properties":{"id":"L00949","strahler":5,"length_m":453.8,"drop_m":-0.63,"gradient":0.0,"area_ha":2229.84,"on_drain_share":0.0,"downstream":"L00998"}},{"type":"Feature","geometry":{"type":"LineString","coordinates":[[72.82928929785919,19.098885923392714],[72.82844490880929,19.098063045057135]]},"properties":{"id":"L00896","strahler":3,"length_m":127.3,"drop_m":-1.68,"gradient":0.0,"area_ha":171.63,"on_drain_share":0.0,"downstream":"L00907"}},{"type":"Feature","geometry":{"type":"LineString","coordinates":[[72.83195282196745,19.098646333415928],[72.83166664593101,19.098733288003814],[72.8314742923925,19.0989116718939],[72.82928929785919,19.098885923392714]]},"properties":{"id":"L00889","strahler":2,"length_m":292.4,"drop_m":0.22,"gradient":0.00075,"area_ha":88.14,"on_drain_share":0.0,"downstream":"L00896"}},{"type":"Feature","geometry":{"type":"LineString","coordinates":[[72.83223782114956,19.098649689222512],[72.83195282196745,19.098646333415928]]},"properties":{"id":"L00890","strahler":1,"length_m":30.0,"drop_m":-0.09,"gradient":0.0,"area_ha":4.57,"on_drain_share":0.0,"downstream":"L00889"}},{"type":"Feature","geometry":{"type":"LineString","coordinates":[[72.83661016453502,19.098520467512948],[72.8362301648312,19.098516002055316],[72.83584781595408,19.098692157987525],[72.83565781598901,19.098689924550943],[72.83528134097362,19.098414523932245],[72.83404634419803,19.09839999950058],[72.83395016883347,19.09848919286828]]},"properties":{"id":"L00895","strahler":2,"length_m":304.9,"drop_m":-0.3,"gradient":0.0,"area_ha":57.04,"on_drain_share":0.0,"downstream":"L00891"}},{"type":"Feature","geometry":{"type":"LineString","coordinates":[[72.84178116732532,19.095419773616594],[72.84103055234588,19.094688373196934],[72.84084055629786,19.094686145554988],[72.84083821293919,19.09486676839962],[72.84074204308148,19.094955965909154],[72.83988705986259,19.09494593850542],[72.83951058470166,19.09467054658202],[72.83940972447479,19.09512098868216],[72.8393135537702,19.09521018535298],[72.83930651843734,19.095752053297073],[72.83844097432932,19.096554820221925],[72.83806097865124,19.0965503589823],[72.83777950230683,19.096276078869057],[72.83740068107232,19.096181305125075],[72.83702538182914,19.09581559709479],[72.83683538499866,19.09581336519582],[72.8367415605613,19.09572193800543],[72.83541158430253,19.09570630862758],[72.83483454479295,19.09624147369675],[72.83388455985575,19.096230300708086],[72.83359721308568,19.0964075698052],[72.83176988358188,19.098102230903507],[72.83157988480441,19.098099993326997],[72.83119753305937,19.09827613921013],[72.83090900279629,19.098543714233703],[72.82919901119823,19.098523560559926],[72.82844490880929,19.098063045057135]]},"properties":{"id":"L00900","strahler":1,"length_m":1805.8,"drop_m":6.83,"gradient":0.00378,"area_ha":21.69,"on_drain_share":0.0,"downstream":"L00907"}},{"type":"Feature","geometry":{"type":"LineString","coordinates":[[72.83395016883347,19.09848919286828],[72.83347517014762,19.098483604073394],[72.83337899445596,19.098572797106762],[72.83204899838972,19.098557141208484],[72.83195282196745,19.098646333415928]]},"properties":{"id":"L00891","strahler":2,"length_m":218.3,"drop_m":-0.14,"gradient":0.0,"area_ha":79.09,"on_drain_share":0.0,"downstream":"L00889"}},{"type":"Feature","geometry":{"type":"LineString","coordinates":[[72.90263556626479,19.099374769149712],[72.9026412584625,19.09892319405454],[72.90235852284317,19.098739317123815],[72.90236535411815,19.098197427065912],[72.9022714888635,19.098106029698254],[72.90208148132675,19.098103864842066],[72.90179988652783,19.0978296722452],[72.90180330292812,19.097558727291112],[72.90238015442122,19.097023331823145],[72.90238584655667,19.09657175668703]]},"properties":{"id":"L00943","strahler":1,"length_m":389.7,"drop_m":10.65,"gradient":0.02733,"area_ha":13.14,"on_drain_share":0.0,"downstream":"L00991"}},{"type":"Feature","geometry":{"type":"LineString","coordinates":[[72.88373094271657,19.099068116331118],[72.88401939789144,19.098800450286724],[72.88430440707583,19.098803725558753],[72.88488246184957,19.09817807684914],[72.88469590067348,19.097904952096407],[72.88469934492562,19.097634010135895],[72.8843193352656,19.09762964408031]]},"properties":{"id":"L00913","strahler":1,"length_m":275.6,"drop_m":3.53,"gradient":0.01281,"area_ha":6.24,"on_drain_share":0.0,"downstream":"L00937"}},{"type":"Feature","geometry":{"type":"LineString","coordinates":[[72.82844490880929,19.098063045057135],[72.82778816753428,19.097423026418454]]},"properties":{"id":"L00907","strahler":3,"length_m":99.0,"drop_m":0.46,"gradient":0.00461,"area_ha":197.92,"on_drain_share":0.0,"downstream":"L00911"}},{"type":"Feature","geometry":{"type":"LineString","coordinates":[[72.8467798706673,19.09827838095349],[72.84630486854995,19.09827282530142],[72.84583688169506,19.097725398292965],[72.84546038956422,19.097450017035946],[72.84508155963076,19.09735525842562],[72.84508506824665,19.09708432347045],[72.8448974082054,19.096901476456246],[72.84442241060697,19.096895916335015],[72.84395326375636,19.09643879704267]]},"properties":{"id":"L00926","strahler":1,"length_m":406.3,"drop_m":2.98,"gradient":0.00734,"area_ha":11.19,"on_drain_share":0.0,"downstream":"L01036"}},{"type":"Feature","geometry":{"type":"LineString","coordinates":[[72.91005161053384,19.099007459341514],[72.90996000912442,19.09873543456406],[72.90986500452499,19.098734356091654],[72.90977680707861,19.098191384935394],[72.91006522297405,19.097923673874263],[72.91006862594021,19.097652727486082],[72.91035590624628,19.097475331302316],[72.91083886292273,19.096848512974947]]},"properties":{"id":"L00938","strahler":2,"length_m":309.7,"drop_m":7.35,"gradient":0.02372,"area_ha":25.39,"on_drain_share":0.0,"downstream":"L00947"}},{"type":"Feature","geometry":{"type":"LineString","coordinates":[[72.92268730051967,19.09915045571637],[72.92259455012544,19.098968751440836]]},"properties":{"id":"L00904","strahler":1,"length_m":24.1,"drop_m":-0.01,"gradient":0.0,"area_ha":5.24,"on_drain_share":0.0,"downstream":"L00959"}},{"type":"Feature","geometry":{"type":"LineString","coordinates":[[72.93047778200119,19.09923818745077],[72.93095281273884,19.099243526301155]]},"properties":{"id":"L00901","strahler":1,"length_m":50.0,"drop_m":-0.01,"gradient":0.0,"area_ha":5.82,"on_drain_share":0.0,"downstream":"L00902"}},{"type":"Feature","geometry":{"type":"LineString","coordinates":[[72.93095281273884,19.099243526301155],[72.93104894193392,19.099154277268156]]},"properties":{"id":"L00902","strahler":2,"length_m":14.1,"drop_m":0.0,"gradient":0.0,"area_ha":51.93,"on_drain_share":0.0,"downstream":"L00934"}},{"type":"Feature","geometry":{"type":"LineString","coordinates":[[72.87689764434862,19.098447484776358],[72.87699379906773,19.098358266707475],[72.87727880619484,19.09836155277701],[72.877466506877,19.098544370357775],[72.87775151441033,19.098547655726666]]},"properties":{"id":"L00903","strahler":1,"length_m":102.4,"drop_m":1.57,"gradient":0.01536,"area_ha":5.79,"on_drain_share":0.0,"downstream":null}},{"type":"Feature","geometry":{"type":"LineString","coordinates":[[72.92775859827185,19.096317070603565],[72.92775634899797,19.09649770359357],[72.92785022880983,19.09658908921685],[72.92794523327449,19.096590158297616],[72.92860239524461,19.0972298562637],[72.9287924050023,19.09723199366937],[72.92916905279948,19.097507217593165],[72.9305772812419,19.09887798879669],[72.93104894193392,19.099154277268156]]},"properties":{"id":"L00905","strahler":3,"length_m":490.1,"drop_m":0.61,"gradient":0.00125,"area_ha":73.81,"on_drain_share":0.0,"downstream":"L00934"}},{"type":"Feature","geometry":{"type":"LineString","coordinates":[[72.93104894193392,19.099154277268156],[72.93201022822205,19.098261783596993],[72.93211084579204,19.097811266980813],[72.93220697352042,19.097722017193362],[72.93221258497333,19.097270433496465]]},"properties":{"id":"L00934","strahler":3,"length_m":259.7,"drop_m":0.26,"gradient":0.00102,"area_ha":128.4,"on_drain_share":0.0,"downstream":"L00953"}},{"type":"Feature","geometry":{"type":"LineString","coordinates":[[72.92259455012544,19.098968751440836],[72.92128139782348,19.097598997864296],[72.92128252604623,19.09750868175242],[72.92090476457737,19.09732375901023],[72.92090702139012,19.097143126823486],[72.92062652251113,19.09677864413624],[72.92053264695839,19.096687255194137],[72.92034263882043,19.09668510932758],[72.92034489616175,19.096504477193022],[72.91978164624237,19.095956142254362]]},"properties":{"id":"L00959","strahler":2,"length_m":477.7,"drop_m":0.8,"gradient":0.00168,"area_ha":15.74,"on_drain_share":0.0,"downstream":"L01005"}},{"type":"Feature","geometry":{"type":"LineString","coordinates":[[72.92317247413939,19.098342968757066],[72.92316909236888,19.098613917391344],[72.92259455012544,19.098968751440836]]},"properties":{"id":"L00906","strahler":1,"length_m":106.6,"drop_m":1.59,"gradient":0.01489,"area_ha":5.69,"on_drain_share":0.0,"downstream":"L00959"}},{"type":"Feature","geometry":{"type":"LineString","coordinates":[[72.90777490495637,19.0987106173165],[72.9077839897484,19.09798809471753],[72.9080724081363,19.097720387046635],[72.90807694968419,19.097359125647092],[72.90836536645112,19.097091417351137],[72.90893652285892,19.097007576152702],[72.90980176464643,19.096204444981606],[72.9102767804695,19.09620983633117],[72.91046565283602,19.096302308029255],[72.91083886292273,19.096848512974947]]},"properties":{"id":"L00945","strahler":1,"length_m":547.0,"drop_m":16.73,"gradient":0.03058,"area_ha":11.62,"on_drain_share":0.0,"downstream":"L00947"}},{"type":"Feature","geometry":{"type":"LineString","coordinates":[[72.8294957901939,19.097623813504974],[72.82883079750529,19.097615973109907],[72.82864315660973,19.09743311122743],[72.82797816506009,19.097425267829614]]},"properties":{"id":"L00909","strahler":1,"length_m":168.3,"drop_m":-0.14,"gradient":0.0,"area_ha":10.91,"on_drain_share":0.0,"downstream":"L00908"}},{"type":"Feature","geometry":{"type":"LineString","coordinates":[[72.86702205959661,19.097972037970692],[72.86731053677615,19.09770440051238],[72.86731285178787,19.09752377457937],[72.86740901052588,19.097434561958014],[72.86703595136322,19.09688828255121]]},"properties":{"id":"L00921","strahler":1,"length_m":153.1,"drop_m":1.95,"gradient":0.01273,"area_ha":7.25,"on_drain_share":0.0,"downstream":"L00969"}},{"type":"Feature","geometry":{"type":"LineString","coordinates":[[72.82778816753428,19.097423026418454],[72.82741170995307,19.097147611230216]]},"properties":{"id":"L00911","strahler":4,"length_m":52.4,"drop_m":-1.14,"gradient":0.0,"area_ha":358.61,"on_drain_share":0.0,"downstream":"L00916"}},{"type":"Feature","geometry":{"type":"LineString","coordinates":[[72.82797816506009,19.097425267829614],[72.82778816753428,19.097423026418454]]},"properties":{"id":"L00908","strahler":3,"length_m":20.0,"drop_m":-0.31,"gradient":0.0,"area_ha":159.71,"on_drain_share":0.0,"downstream":"L00911"}},{"type":"Feature","geometry":{"type":"LineString","coordinates":[[72.92583037004246,19.09855358744124],[72.92602263239529,19.09837509509815],[72.92621264314884,19.098377235288055],[72.92630877408057,19.098287988916578],[72.92641053225212,19.09774716047305],[72.92660279302258,19.097568667362335],[72.92783785784658,19.09758257064342]]},"properties":{"id":"L00924","strahler":1,"length_m":284.9,"drop_m":5.55,"gradient":0.01948,"area_ha":6.64,"on_drain_share":0.0,"downstream":"L00927"}},{"type":"Feature","geometry":{"type":"LineString","coordinates":[[72.83085991548192,19.09502047365693],[72.82884022434521,19.096893487678905],[72.82797816506009,19.097425267829614]]},"properties":{"id":"L00910","strahler":3,"length_m":411.8,"drop_m":-1.17,"gradient":0.0,"area_ha":148.77,"on_drain_share":0.0,"downstream":"L00908"}},{"type":"Feature","geometry":{"type":"LineString","coordinates":[[72.82741170995307,19.097147611230216],[72.82731553220607,19.097236800860806],[72.82674554060515,19.097230074053602],[72.82655790262476,19.09704721030703],[72.8262729072627,19.09704384598356],[72.8262776261339,19.096682603868363]]},"properties":{"id":"L00916","strahler":4,"length_m":172.4,"drop_m":5.46,"gradient":0.03167,"area_ha":365.29,"on_drain_share":0.0,"downstream":null}},{"type":"Feature","geometry":{"type":"LineString","coordinates":[[72.91319809798512,19.098139864046892],[72.91338810691703,19.098142017440143],[72.91406106350121,19.09751734292515],[72.91406559200158,19.09715608013297],[72.9143517358375,19.097068992930605],[72.91483241390094,19.09662279404671],[72.91549743990863,19.096630323591718]]},"properties":{"id":"L00946","strahler":1,"length_m":333.8,"drop_m":4.73,"gradient":0.01416,"area_ha":10.34,"on_drain_share":0.0,"downstream":"L00962"}},{"type":"Feature","geometry":{"type":"LineString","coordinates":[[72.82750788759714,19.09705842153834],[72.82741170995307,19.097147611230216]]},"properties":{"id":"L00912","strahler":1,"length_m":14.1,"drop_m":0.0,"gradient":0.0,"area_ha":4.51,"on_drain_share":0.0,"downstream":"L00916"}},{"type":"Feature","geometry":{"type":"LineString","coordinates":[[72.85002389221677,19.097232383663062],[72.85173389411388,19.097252342716104],[72.85192622610309,19.097073935290865],[72.8519273919167,19.096983623229843],[72.85155088989492,19.096708253592723],[72.85136438849129,19.09643510047908],[72.85098438984342,19.096430665924093],[72.8507967233226,19.096247824351995],[72.85080022241878,19.095976888343287],[72.85089638810123,19.09588768511464],[72.8508025551167,19.09579626433272],[72.85081655075184,19.094712520189237],[72.85053505403141,19.094438257780556],[72.85053971957124,19.094077009758468],[72.85092437734754,19.09372019657799],[72.85092670961377,19.093539572508487],[72.85064521446945,19.093265310412416]]},"properties":{"id":"L00997","strahler":1,"length_m":757.0,"drop_m":6.19,"gradient":0.00818,"area_ha":19.52,"on_drain_share":0.0,"downstream":"L01014"}},{"type":"Feature","geometry":{"type":"LineString","coordinates":[[72.87253908727119,19.09749390800715],[72.87225870172342,19.097129361704017]]},"properties":{"id":"L00918","strahler":1,"length_m":52.4,"drop_m":0.25,"gradient":0.0047,"area_ha":4.98,"on_drain_share":0.0,"downstream":"L00939"}},{"type":"Feature","geometry":{"type":"LineString","coordinates":[[72.8843193352656,19.09762964408031],[72.88393932570915,19.097625277241757],[72.88309464486733,19.096802623908854],[72.88223847908019,19.096883105997538],[72.88214462664449,19.096791699482765],[72.88195462307768,19.09678951401035],[72.88167306673586,19.096515293973166]]},"properties":{"id":"L00937","strahler":4,"length_m":338.0,"drop_m":-0.01,"gradient":0.0,"area_ha":482.66,"on_drain_share":0.0,"downstream":"L00951"}},{"type":"Feature","geometry":{"type":"LineString","coordinates":[[72.92745108842966,19.098120192372786],[72.92773947863542,19.09785245089765],[72.92774172809953,19.0976718179361],[72.92783785784658,19.09758257064342]]},"properties":{"id":"L00923","strahler":1,"length_m":76.6,"drop_m":1.15,"gradient":0.01498,"area_ha":4.41,"on_drain_share":0.0,"downstream":"L00927"}},{"type":"Feature","geometry":{"type":"LineString","coordinates":[[72.88080540100431,19.097498907187493],[72.88081000166464,19.097137652134087],[72.8809061536703,19.097048431732908],[72.88091650425518,19.096235607748497],[72.88072880173898,19.09605279353022],[72.8807322520871,19.09578185221262]]},"properties":{"id":"L00950","strahler":1,"length_m":202.4,"drop_m":-0.52,"gradient":0.0,"area_ha":6.26,"on_drain_share":0.0,"downstream":"L00964"}},{"type":"Feature","geometry":{"type":"LineString","coordinates":[[72.88574896200556,19.097284756546717],[72.8854639551549,19.097281483759893],[72.88518124393177,19.097097582491116],[72.88498779596927,19.09736634214473],[72.8843193352656,19.09762964408031]]},"properties":{"id":"L00914","strahler":4,"length_m":189.0,"drop_m":-0.54,"gradient":0.0,"area_ha":467.15,"on_drain_share":0.0,"downstream":"L00937"}},{"type":"Feature","geometry":{"type":"LineString","coordinates":[[72.89790816753883,19.097514299935558],[72.89781430532065,19.097422900558684],[72.89782000996918,19.09697132676868],[72.89763228629201,19.096788527944035],[72.89754070669241,19.096516498978165],[72.89697753928925,19.095968101393485],[72.89659524737954,19.096144390427064],[72.89640181786368,19.096413163984238],[72.89621181297686,19.096410993258345],[72.89593137326088,19.096046478172063],[72.8957425108285,19.095953992352054]]},"properties":{"id":"L00952","strahler":1,"length_m":394.6,"drop_m":3.1,"gradient":0.00786,"area_ha":11.48,"on_drain_share":0.0,"downstream":"L00936"}},{"type":"Feature","geometry":{"type":"LineString","coordinates":[[72.87225870172342,19.097129361704017],[72.87236178611244,19.0964982665813],[72.87217409366936,19.09631544452134]]},"properties":{"id":"L00939","strahler":2,"length_m":102.4,"drop_m":0.95,"gradient":0.00925,"area_ha":32.66,"on_drain_share":0.0,"downstream":"L01010"}},{"type":"Feature","geometry":{"type":"LineString","coordinates":[[72.87625452813765,19.09672385882256],[72.87653607497403,19.096998086317186],[72.87672607810994,19.097000277401374],[72.87691377674737,19.09718309536396],[72.8771060844597,19.097004658982545],[72.87843610750217,19.097019988351068],[72.87882071917322,19.096663111803903],[72.87882647509437,19.09621154352607],[72.87873262505971,19.096120135482213],[72.87873492747269,19.095939508173654]]},"properties":{"id":"L00948","strahler":1,"length_m":399.7,"drop_m":4.36,"gradient":0.0109,"area_ha":7.01,"on_drain_share":0.0,"downstream":"L00998"}},{"type":"Feature","geometry":{"type":"LineString","coordinates":[[72.86580325662229,19.09669334634997],[72.86617978536056,19.096968689117546],[72.86693979279342,19.096977494993745],[72.86703595136322,19.09688828255121]]},"properties":{"id":"L00920","strahler":1,"length_m":146.6,"drop_m":1.32,"gradient":0.00902,"area_ha":10.46,"on_drain_share":0.0,"downstream":"L00969"}},{"type":"Feature","geometry":{"type":"LineString","coordinates":[[72.88614273808187,19.096205350605402],[72.88604200005129,19.096655830381604],[72.88622970959669,19.096838639796633],[72.8862274151985,19.097019267965926],[72.88594126135082,19.097106310029627],[72.88574896200556,19.097284756546717]]},"properties":{"id":"L00922","strahler":1,"length_m":164.9,"drop_m":2.41,"gradient":0.01459,"area_ha":5.91,"on_drain_share":0.0,"downstream":"L00914"}},{"type":"Feature","geometry":{"type":"LineString","coordinates":[[72.93239698427412,19.09772415093383],[72.932400350856,19.097453200685983],[72.93221258497333,19.097270433496465]]},"properties":{"id":"L00935","strahler":1,"length_m":58.3,"drop_m":0.13,"gradient":0.00227,"area_ha":4.12,"on_drain_share":0.0,"downstream":"L00953"}},{"type":"Feature","geometry":{"type":"LineString","coordinates":[[72.93933239408457,19.097801898482114],[72.94000526159208,19.097177119731757]]},"properties":{"id":"L00941","strahler":1,"length_m":99.0,"drop_m":-0.3,"gradient":0.0,"area_ha":5.95,"on_drain_share":0.0,"downstream":null}},{"type":"Feature","geometry":{"type":"LineString","coordinates":[[72.86703595136322,19.09688828255121],[72.8679975314003,19.09599615476683],[72.8680033164597,19.095544589640888],[72.86819331687997,19.095546789365116],[72.86819678752856,19.09527585024457],[72.86867757091888,19.09482978325523]]},"properties":{"id":"L00969","strahler":2,"length_m":312.1,"drop_m":2.56,"gradient":0.0082,"area_ha":20.75,"on_drain_share":0.0,"downstream":"L01009"}},{"type":"Feature","geometry":{"type":"LineString","coordinates":[[72.89496649980836,19.097209710134972],[72.89496878474945,19.097029080949195],[72.89487492455149,19.09693768024925]]},"properties":{"id":"L00930","strahler":1,"length_m":34.1,"drop_m":0.31,"gradient":0.00912,"area_ha":4.4,"on_drain_share":0.0,"downstream":"L00929"}},{"type":"Feature","geometry":{"type":"LineString","coordinates":[[72.92783785784658,19.09758257064342],[72.92793398749068,19.097493323289978]]},"properties":{"id":"L00927","strahler":2,"length_m":14.1,"drop_m":-0.42,"gradient":0.0,"area_ha":11.21,"on_drain_share":0.0,"downstream":null}},{"type":"Feature","geometry":{"type":"LineString","coordinates":[[72.84395326375636,19.09643879704267],[72.84367177688102,19.096164525004443],[72.8436846490634,19.095171097590377],[72.84349699264799,19.094988249475566],[72.84350050337379,19.094717314734478],[72.84340667545501,19.094625890633342],[72.84342188849705,19.093451840050633],[72.84351922624182,19.093272329303755],[72.84323891520488,19.092907745527093],[72.84324125570053,19.092727122357413],[72.84314742894266,19.09263569823],[72.84316498249147,19.091281024406427],[72.84307115650917,19.09118960031104],[72.84316732285247,19.091100401213744],[72.8431720034953,19.09073915481693],[72.84326816950356,19.090649955631996],[72.84374314892275,19.090655516981574],[72.84383931460391,19.090566317462613],[72.84412430220006,19.090569653521708],[72.84440695091119,19.090753612491817],[72.84507192305834,19.09076139396983],[72.84584007241068,19.09013810181329],[72.84622005541037,19.090142545572665]]},"properties":{"id":"L01036","strahler":2,"length_m":1049.4,"drop_m":4.41,"gradient":0.0042,"area_ha":91.94,"on_drain_share":0.0,"downstream":null}},{"type":"Feature","geometry":{"type":"LineString","coordinates":[[72.89347046345853,19.095295721523765],[72.89384704113364,19.09557101182336],[72.8938356110253,19.096474157203325],[72.89411604643036,19.096838675097054],[72.89411261765807,19.097109618730833]]},"properties":{"id":"L00928","strahler":2,"length_m":234.9,"drop_m":2.21,"gradient":0.00943,"area_ha":20.53,"on_drain_share":0.0,"downstream":"L00853"}},{"type":"Feature","geometry":{"type":"LineString","coordinates":[[72.89487492455149,19.09693768024925],[72.89468720446439,19.09675487873286],[72.89449719939768,19.09675270620117],[72.89411261765807,19.097109618730833]]},"properties":{"id":"L00929","strahler":2,"length_m":104.9,"drop_m":0.59,"gradient":0.00563,"area_ha":34.44,"on_drain_share":0.0,"downstream":"L00853"}},{"type":"Feature","geometry":{"type":"LineString","coordinates":[[72.90380520259666,19.097039560280344],[72.90352246848427,19.096855685286112],[72.90314245598508,19.0968513582309],[72.90295017351816,19.09702982452731],[72.90238584655667,19.09657175668703]]},"properties":{"id":"L00944","strahler":2,"length_m":187.3,"drop_m":0.99,"gradient":0.00528,"area_ha":42.4,"on_drain_share":0.0,"downstream":"L00991"}},{"type":"Feature","geometry":{"type":"LineString","coordinates":[[72.90409021240495,19.097042804650503],[72.90380520259666,19.097039560280344]]},"properties":{"id":"L00932","strahler":1,"length_m":30.0,"drop_m":-0.19,"gradient":0.0,"area_ha":4.91,"on_drain_share":0.0,"downstream":"L00944"}},{"type":"Feature","geometry":{"type":"LineString","coordinates":[[72.93211645753395,19.097359683315794],[72.93221258497333,19.097270433496465]]},"properties":{"id":"L00933","strahler":1,"length_m":14.1,"drop_m":0.0,"gradient":0.0,"area_ha":4.55,"on_drain_share":0.0,"downstream":"L00953"}},{"type":"Feature","geometry":{"type":"LineString","coordinates":[[72.8957425108285,19.095953992352054],[72.89526178892915,19.09640013669288],[72.89525950438701,19.096580765925104],[72.89487492455149,19.09693768024925]]},"properties":{"id":"L00936","strahler":2,"length_m":147.3,"drop_m":0.96,"gradient":0.00652,"area_ha":28.7,"on_drain_share":0.0,"downstream":"L00929"}},{"type":"Feature","geometry":{"type":"LineString","coordinates":[[72.93221258497333,19.097270433496465],[72.93288547416653,19.096645683060466],[72.93307548377341,19.096647815985587],[72.93326325006439,19.09683058232916],[72.93354826486893,19.09683378108869],[72.93431727330953,19.096119774004094],[72.9346022870874,19.096122971018545],[72.93479005468596,19.09630573591589],[72.93507394820324,19.096399249143158]]},"properties":{"id":"L00953","strahler":3,"length_m":382.8,"drop_m":0.45,"gradient":0.00116,"area_ha":145.7,"on_drain_share":0.0,"downstream":"L00977"}},{"type":"Feature","geometry":{"type":"LineString","coordinates":[[72.84737674440693,19.096207875012226],[72.84737908084935,19.096027251413698],[72.84719141909859,19.095844406589528],[72.84681142284398,19.095839963558753],[72.84652993168625,19.095565695513816],[72.84643960754553,19.09520333750238],[72.84606662607828,19.094657022668823],[72.84598097864298,19.093933417602205],[72.84626947841657,19.093665815646325],[72.8462753216382,19.09321425684836],[72.84656381961511,19.092946654242848],[72.8468488117974,19.09294998648729],[72.84704114299836,19.092771584117017],[72.84732613497077,19.092774915593793],[72.84751846549098,19.092596512651458],[72.84752196920007,19.09232557712091]]},"properties":{"id":"L01012","strahler":1,"length_m":617.0,"drop_m":3.56,"gradient":0.00577,"area_ha":17.47,"on_drain_share":0.0,"downstream":"L01059"}},{"type":"Feature","geometry":{"type":"LineString","coordinates":[[72.88167306673586,19.096515293973166],[72.88148306354265,19.096513108044768],[72.8807322520871,19.09578185221262]]},"properties":{"id":"L00951","strahler":4,"length_m":133.1,"drop_m":1.22,"gradient":0.00913,"area_ha":504.83,"on_drain_share":0.0,"downstream":"L00964"}},{"type":"Feature","geometry":{"type":"LineString","coordinates":[[72.88484485409825,19.093661284879037],[72.8846560016088,19.093568788510364],[72.88436755732499,19.093836456666907],[72.88370255579913,19.09382881581788],[72.88331796072045,19.09418570431418],[72.88331566350696,19.094366332194532],[72.8836910717901,19.094731955441738],[72.88359032857879,19.09518243338915],[72.88282112946257,19.095896208189565],[72.88262653044832,19.096255279042396],[72.88243652743428,19.096253094125977],[72.88214807483232,19.09652075793785],[72.88167306673586,19.096515293973166]]},"properties":{"id":"L00940","strahler":2,"length_m":597.7,"drop_m":6.46,"gradient":0.01081,"area_ha":20.52,"on_drain_share":0.0,"downstream":"L00951"}},{"type":"Feature","geometry":{"type":"LineString","coordinates":[[72.91083886292273,19.096848512974947],[72.91121887729084,19.096852824152805],[72.91141115156911,19.096674348347324],[72.91141455210501,19.09640340168903],[72.91094633782697,19.095856120042956],[72.91094860525693,19.09567548897609],[72.91123814820098,19.095317459861434],[72.9117120286557,19.095413162848413],[72.91190430063179,19.09523468629305],[72.91209430609084,19.09523684070602],[72.91237591558458,19.09551101881814],[72.91237364972416,19.095691650053187],[72.91274913085081,19.096057220360606],[72.91312914387717,19.096061527426357],[72.91322301464758,19.09615291973205],[72.91389596295349,19.095528244989573],[72.91437097809143,19.09553362559914],[72.91474759537638,19.095808876467725],[72.91549743990863,19.096630323591718]]},"properties":{"id":"L00947","strahler":2,"length_m":851.5,"drop_m":6.24,"gradient":0.00732,"area_ha":57.06,"on_drain_share":0.0,"downstream":"L00962"}},{"type":"Feature","geometry":{"type":"LineString","coordinates":[[72.87217409366936,19.09631544452134],[72.87161101881031,19.095766977412275],[72.8715137080372,19.09594650578791],[72.87103408331387,19.096302267364074],[72.87074908087153,19.096298971973816],[72.87065523567402,19.096207560235573],[72.87065754686158,19.0960269338788],[72.86774839957194,19.093193151085394],[72.867749556549,19.09310283804938],[72.86746687443747,19.0929189120676]]},"properties":{"id":"L01010","strahler":2,"length_m":726.4,"drop_m":2.37,"gradient":0.00326,"area_ha":43.32,"on_drain_share":0.0,"downstream":"L01023"}},{"type":"Feature","geometry":{"type":"LineString","coordinates":[[72.87265487081001,19.095869366443306],[72.87246140564977,19.096138111142626],[72.87217409366936,19.09631544452134]]},"properties":{"id":"L00942","strahler":1,"length_m":76.6,"drop_m":0.67,"gradient":0.00875,"area_ha":4.52,"on_drain_share":0.0,"downstream":"L01010"}},{"type":"Feature","geometry":{"type":"LineString","coordinates":[[72.90238584655667,19.09657175668703],[72.9023904001495,19.096210496561035],[72.90267768472856,19.096033112883013],[72.90268792843189,19.095220277378274],[72.90288248493019,19.094861181001953],[72.90288476098094,19.094680550849734],[72.90260316992828,19.09440635981435]]},"properties":{"id":"L00991","strahler":2,"length_m":279.0,"drop_m":5.86,"gradient":0.02099,"area_ha":63.57,"on_drain_share":0.0,"downstream":"L01133"}},{"type":"Feature","geometry":{"type":"LineString","coordinates":[[72.91549743990863,19.096630323591718],[72.91588084817016,19.096363677679232],[72.91626086265644,19.096367978351164],[72.91683879835703,19.09574221679799]]},"properties":{"id":"L00962","strahler":2,"length_m":187.3,"drop_m":5.11,"gradient":0.02728,"area_ha":69.28,"on_drain_share":0.0,"downstream":"L01001"}},{"type":"Feature","geometry":{"type":"LineString","coordinates":[[72.87873492747269,19.095939508173654],[72.8786410776309,19.095848100100273],[72.87864568255885,19.095486845490186],[72.87893528928298,19.095128873837524],[72.87894679934514,19.094225737040706],[72.87857255469996,19.093769791545842],[72.87857485698126,19.093589164210076]]},"properties":{"id":"L00998","strahler":5,"length_m":293.1,"drop_m":3.0,"gradient":0.01022,"area_ha":2243.26,"on_drain_share":0.0,"downstream":"L01018"}},{"type":"Feature","geometry":{"type":"LineString","coordinates":[[72.8807322520871,19.09578185221262],[72.8801691478183,19.095233408710552]]},"properties":{"id":"L00964","strahler":4,"length_m":84.9,"drop_m":1.66,"gradient":0.01957,"area_ha":512.43,"on_drain_share":0.0,"downstream":"L00999"}},{"type":"Feature","geometry":{"type":"LineString","coordinates":[[72.93507394820324,19.096399249143158],[72.93602399640018,19.096409900392693],[72.93650462013302,19.09596363919474],[72.93745578604948,19.09588396577835],[72.93822029902195,19.095531208721482],[72.93917034415486,19.095541843280365]]},"properties":{"id":"L00977","strahler":3,"length_m":471.4,"drop_m":-0.86,"gradient":0.0,"area_ha":166.57,"on_drain_share":0.0,"downstream":"L00984"}},{"type":"Feature","geometry":{"type":"LineString","coordinates":[[72.86220831618733,19.0954774040371],[72.86145760211608,19.094746078147924],[72.8612687640404,19.094653558927877],[72.86088876698629,19.094649145198883],[72.8607949285834,19.09455772903356]]},"properties":{"id":"L00976","strahler":1,"length_m":191.4,"drop_m":0.68,"gradient":0.00357,"area_ha":5.29,"on_drain_share":0.0,"downstream":"L01048"}},{"type":"Feature","geometry":{"type":"LineString","coordinates":[[72.8694283202474,19.0955610828021],[72.86867757091888,19.09482978325523]]},"properties":{"id":"L00970","strahler":1,"length_m":113.1,"drop_m":0.0,"gradient":0.0,"area_ha":6.86,"on_drain_share":0.0,"downstream":"L01009"}},{"type":"Feature","geometry":{"type":"LineString","coordinates":[[72.89832581970107,19.094538249601413],[72.89804081523668,19.09453499672266],[72.89775238842697,19.094802687740813],[72.8975623852127,19.09480051858366],[72.89727395720651,19.095068208726936],[72.8970839537478,19.095066039047374],[72.89689052640634,19.095334813343314],[72.89670052269034,19.095332643239207],[72.89641209242623,19.095600331795943],[72.89612708649524,19.09559707578274],[72.8957425108285,19.095953992352054]]},"properties":{"id":"L00954","strahler":1,"length_m":342.1,"drop_m":6.81,"gradient":0.01991,"area_ha":14.56,"on_drain_share":0.0,"downstream":"L00936"}},{"type":"Feature","geometry":{"type":"LineString","coordinates":[[72.92549200681454,19.09520760074811],[72.9259726521307,19.09476136933988],[72.92662979928485,19.095401073071496],[72.92710481791384,19.09540642081334],[72.9272925757481,19.095589192522127],[72.92747695972467,19.096042913526592],[72.92775859827185,19.096317070603565]]},"properties":{"id":"L00955","strahler":2,"length_m":348.7,"drop_m":0.66,"gradient":0.00188,"area_ha":17.02,"on_drain_share":0.0,"downstream":"L00905"}},{"type":"Feature","geometry":{"type":"LineString","coordinates":[[72.92786147447431,19.095685924184025],[72.92776534594132,19.095775171610804],[72.92775859827185,19.096317070603565]]},"properties":{"id":"L00956","strahler":2,"length_m":74.1,"drop_m":-0.47,"gradient":0.0,"area_ha":46.24,"on_drain_share":0.0,"downstream":"L00905"}},{"type":"Feature","geometry":{"type":"LineString","coordinates":[[72.93385346333194,19.095211276157755],[72.93507394820324,19.096399249143158]]},"properties":{"id":"L00957","strahler":1,"length_m":183.8,"drop_m":0.53,"gradient":0.00287,"area_ha":5.91,"on_drain_share":0.0,"downstream":"L00977"}},{"type":"Feature","geometry":{"type":"LineString","coordinates":[[72.92491072444116,19.09610434177864],[72.92491635517179,19.095652760093724],[72.92549200681454,19.09520760074811]]},"properties":{"id":"L00978","strahler":1,"length_m":130.7,"drop_m":0.86,"gradient":0.00656,"area_ha":6.34,"on_drain_share":0.0,"downstream":"L00955"}},{"type":"Feature","geometry":{"type":"LineString","coordinates":[[72.83086109258703,19.094930162834146],[72.83085991548192,19.09502047365693]]},"properties":{"id":"L00960","strahler":1,"length_m":10.0,"drop_m":0.0,"gradient":0.0,"area_ha":4.65,"on_drain_share":0.0,"downstream":"L00910"}},{"type":"Feature","geometry":{"type":"LineString","coordinates":[[72.83114843908244,19.09475289801974],[72.83085991548192,19.09502047365693]]},"properties":{"id":"L00961","strahler":3,"length_m":42.4,"drop_m":0.42,"gradient":0.00987,"area_ha":137.06,"on_drain_share":0.0,"downstream":"L00910"}},{"type":"Feature","geometry":{"type":"LineString","coordinates":[[72.91978164624237,19.095956142254362],[72.9197839040995,19.095775510170114],[72.91997503994781,19.09568734046029],[72.91997616875753,19.095597024404874],[72.91978841973739,19.095414245990227],[72.91931340329752,19.09540887938143],[72.91912452601997,19.095316416386247],[72.9185612841294,19.094768078408315],[72.91846628127172,19.09476700458651],[72.91846854040435,19.09458637263047],[72.91790530310728,19.094038033043397],[72.91809756737157,19.093859549210315]]},"properties":{"id":"L01005","strahler":3,"length_m":384.6,"drop_m":1.09,"gradient":0.00284,"area_ha":72.56,"on_drain_share":0.0,"downstream":"L01088"}},{"type":"Feature","geometry":{"type":"LineString","coordinates":[[72.91683879835703,19.09574221679799],[72.91693719304247,19.09547234386984],[72.91665896707254,19.09492722441987],[72.91666688085905,19.09429501329712],[72.91705028172416,19.09402836419637]]},"properties":{"id":"L01001","strahler":3,"length_m":229.0,"drop_m":3.24,"gradient":0.01413,"area_ha":122.69,"on_drain_share":0.0,"downstream":"L01006"}},{"type":"Feature","geometry":{"type":"LineString","coordinates":[[72.83125167454706,19.09412184090768],[72.83124579028288,19.094573395168805],[72.83114843908244,19.09475289801974]]},"properties":{"id":"L00965","strahler":2,"length_m":74.1,"drop_m":0.06,"gradient":0.00079,"area_ha":42.42,"on_drain_share":0.0,"downstream":"L00961"}},{"type":"Feature","geometry":{"type":"LineString","coordinates":[[72.83249487030614,19.093504204423688],[72.83114843908244,19.09475289801974]]},"properties":{"id":"L00966","strahler":3,"length_m":198.0,"drop_m":0.26,"gradient":0.00132,"area_ha":94.07,"on_drain_share":0.0,"downstream":"L00961"}},{"type":"Feature","geometry":{"type":"LineString","coordinates":[[72.85442417587036,19.09493524096599],[72.85394918089969,19.0949297059571],[72.85319850899977,19.09419835011499],[72.85310234549708,19.09428755477828],[72.85281734985132,19.094284231983178],[72.85244201711997,19.093918552424118]]},"properties":{"id":"L00986","strahler":1,"length_m":263.8,"drop_m":-0.32,"gradient":0.0,"area_ha":7.33,"on_drain_share":0.0,"downstream":"L00990"}},{"type":"Feature","geometry":{"type":"LineString","coordinates":[[72.8801691478183,19.095233408710552],[72.87857485698126,19.093589164210076]]},"properties":{"id":"L00999","strahler":4,"length_m":250.4,"drop_m":-0.39,"gradient":0.0,"area_ha":522.21,"on_drain_share":0.0,"downstream":"L01018"}},{"type":"Feature","geometry":{"type":"LineString","coordinates":[[72.88045645061472,19.095056061823446],[72.8801691478183,19.095233408710552]]},"properties":{"id":"L00967","strahler":1,"length_m":38.3,"drop_m":1.68,"gradient":0.04391,"area_ha":5.02,"on_drain_share":0.0,"downstream":"L00999"}},{"type":"Feature","geometry":{"type":"LineString","coordinates":[[72.85271535998845,19.09482499708081],[72.85243385965173,19.094550737255297],[72.85244201711997,19.093918552424118]]},"properties":{"id":"L00985","strahler":1,"length_m":112.4,"drop_m":0.74,"gradient":0.00654,"area_ha":7.09,"on_drain_share":0.0,"downstream":"L00990"}},{"type":"Feature","geometry":{"type":"LineString","coordinates":[[72.8928077392261,19.095107484001087],[72.8929954553761,19.095290287088996],[72.89347046345853,19.095295721523765]]},"properties":{"id":"L00968","strahler":1,"length_m":78.3,"drop_m":5.88,"gradient":0.07507,"area_ha":4.66,"on_drain_share":0.0,"downstream":"L00928"}},{"type":"Feature","geometry":{"type":"LineString","coordinates":[[72.89312361202738,19.092672253134072],[72.89331018299694,19.092945370252014],[72.89321289640165,19.093124912570126],[72.89302175238709,19.093213053432958],[72.89292332196761,19.09348291005865],[72.89301717923884,19.093574311496212],[72.89301374930997,19.093845255033674],[72.89329646532727,19.09402914462937],[72.89329303576483,19.094300088202328],[72.89338689367277,19.094391489507494],[72.89328503322686,19.094932289839292],[72.89347046345853,19.095295721523765]]},"properties":{"id":"L00971","strahler":1,"length_m":359.7,"drop_m":5.04,"gradient":0.014,"area_ha":10.54,"on_drain_share":0.0,"downstream":"L00928"}},{"type":"Feature","geometry":{"type":"LineString","coordinates":[[72.92685468120726,19.092603401876936],[72.9268501816156,19.092964667791126],[72.92778333861062,19.094330107463207],[72.92777209338253,19.0952332725839],[72.92786597256259,19.095324658144342],[72.92786147447431,19.095685924184025]]},"properties":{"id":"L00972","strahler":2,"length_m":385.6,"drop_m":-0.1,"gradient":0.0,"area_ha":25.84,"on_drain_share":0.0,"downstream":"L00956"}},{"type":"Feature","geometry":{"type":"LineString","coordinates":[[72.93074528260169,19.09300847313149],[72.92786147447431,19.095685924184025]]},"properties":{"id":"L00973","strahler":1,"length_m":424.3,"drop_m":-0.03,"gradient":0.0,"area_ha":17.02,"on_drain_share":0.0,"downstream":"L00956"}},{"type":"Feature","geometry":{"type":"LineString","coordinates":[[72.93897809807729,19.095720351048794],[72.93917034415486,19.095541843280365]]},"properties":{"id":"L00974","strahler":1,"length_m":28.3,"drop_m":-0.18,"gradient":0.0,"area_ha":5.59,"on_drain_share":0.0,"downstream":"L00984"}},{"type":"Feature","geometry":{"type":"LineString","coordinates":[[72.86867757091888,19.09482978325523],[72.86745761730775,19.09364141621],[72.86736493265163,19.093459690079726],[72.86746687443747,19.0929189120676]]},"properties":{"id":"L01009","strahler":2,"length_m":272.1,"drop_m":0.87,"gradient":0.00319,"area_ha":32.77,"on_drain_share":0.0,"downstream":"L01023"}},{"type":"Feature","geometry":{"type":"LineString","coordinates":[[72.93917034415486,19.095541843280365],[72.93974707991708,19.095006318518326]]},"properties":{"id":"L00984","strahler":3,"length_m":84.9,"drop_m":-0.39,"gradient":0.0,"area_ha":177.33,"on_drain_share":0.0,"downstream":"L00982"}},{"type":"Feature","geometry":{"type":"LineString","coordinates":[[72.8607949285834,19.09455772903356],[72.86079841107698,19.094286791195554],[72.8605157359306,19.09410285510926],[72.8605180578428,19.093922229909026],[72.85939084940347,19.09291554428773],[72.85939317238028,19.092734919197493],[72.85929933584839,19.092643502437156],[72.85997128894094,19.092109355404954],[72.85997593339788,19.091748105051618],[72.85941059387137,19.091380230899293],[72.85847223991728,19.09046606225705],[72.85847804899818,19.090014499676624],[72.85886268119965,19.08965766717627],[72.85896116199942,19.089387833793893]]},"properties":{"id":"L01048","strahler":2,"length_m":781.5,"drop_m":4.31,"gradient":0.00551,"area_ha":54.48,"on_drain_share":0.0,"downstream":"L01054"}},{"type":"Feature","geometry":{"type":"LineString","coordinates":[[72.92501586318939,19.095292565250336],[72.92549200681454,19.09520760074811]]},"properties":{"id":"L00979","strahler":1,"length_m":54.1,"drop_m":-0.43,"gradient":0.0,"area_ha":5.9,"on_drain_share":0.0,"downstream":"L00955"}},{"type":"Feature","geometry":{"type":"LineString","coordinates":[[72.8313549089729,19.09349078362028],[72.83125167454706,19.09412184090768]]},"properties":{"id":"L00980","strahler":1,"length_m":74.1,"drop_m":-0.34,"gradient":0.0,"area_ha":5.6,"on_drain_share":0.0,"downstream":"L00965"}},{"type":"Feature","geometry":{"type":"LineString","coordinates":[[72.83081670651576,19.091045677742592],[72.8308049375053,19.091948786280884],[72.8309925754898,19.09213164568313],[72.8309902217873,19.092312267398288],[72.83145931899713,19.092769415277722],[72.83145578906579,19.093040347914336],[72.83164342893883,19.09322320682509],[72.83163872262932,19.093584450365096],[72.83125167454706,19.09412184090768]]},"properties":{"id":"L00981","strahler":2,"length_m":393.8,"drop_m":1.88,"gradient":0.00478,"area_ha":36.52,"on_drain_share":0.0,"downstream":"L00965"}},{"type":"Feature","geometry":{"type":"LineString","coordinates":[[72.93974707991708,19.095006318518326],[72.94002873906868,19.095280458580692]]},"properties":{"id":"L00982","strahler":3,"length_m":42.4,"drop_m":0.72,"gradient":0.01696,"area_ha":182.44,"on_drain_share":0.0,"downstream":null}},{"type":"Feature","geometry":{"type":"LineString","coordinates":[[72.84075961849832,19.093601294580697],[72.83980964489483,19.093590153626348],[72.83971347535666,19.093679350628094],[72.83942848326996,19.093676007224094],[72.83867788671864,19.09294459886992],[72.83848789295618,19.092942368997345],[72.8380187740363,19.09248523709128],[72.83725997503926,19.092386002683348],[72.83697146474884,19.092653589341626],[72.83611649548696,19.092643545602822],[72.83592532818453,19.092731624271654],[72.83467509905984,19.093891152196885],[72.83448510472148,19.093888918090293],[72.83439128267744,19.093797489918035]]},"properties":{"id":"L00983","strahler":1,"length_m":806.7,"drop_m":2.36,"gradient":0.00292,"area_ha":14.81,"on_drain_share":0.0,"downstream":"L00988"}},{"type":"Feature","geometry":{"type":"LineString","coordinates":[[72.83439128267744,19.093797489918035],[72.83410629139382,19.09379413826153],[72.83382365099774,19.09361016413891]]},"properties":{"id":"L00988","strahler":2,"length_m":68.3,"drop_m":-0.19,"gradient":0.0,"area_ha":23.61,"on_drain_share":0.0,"downstream":"L00996"}},{"type":"Feature","geometry":{"type":"LineString","coordinates":[[72.90811100802888,19.094649664666232],[72.90811441354653,19.094378718521146],[72.9082094155539,19.09437979765998],[72.90869123469668,19.09384330010683],[72.90907010706997,19.093937930505813],[72.90935965032803,19.09357990438096],[72.90964465522947,19.093583139594312],[72.90983239015812,19.093765927137525],[72.91021239724574,19.093770239722787],[72.91030626509584,19.093861633262254],[72.91059127065226,19.093864867057118],[72.91068740624912,19.09377562935349],[72.91069080740657,19.09350468273561],[72.91097807951977,19.093327284761326],[72.91097921305897,19.09323696920179],[72.91079147728266,19.093054182755644],[72.91050647307726,19.093050949402368],[72.9104171407682,19.092598293863126],[72.9108978141245,19.09215210483047],[72.91090008113325,19.091971473696727]]},"properties":{"id":"L01020","strahler":1,"length_m":655.3,"drop_m":13.57,"gradient":0.02071,"area_ha":19.48,"on_drain_share":0.0,"downstream":"L01055"}},{"type":"Feature","geometry":{"type":"LineString","coordinates":[[72.93955818952618,19.094913875466254],[72.93974707991708,19.095006318518326]]},"properties":{"id":"L00987","strahler":1,"length_m":24.1,"drop_m":-0.04,"gradient":0.0,"area_ha":4.57,"on_drain_share":0.0,"downstream":"L00982"}},{"type":"Feature","geometry":{"type":"LineString","coordinates":[[72.83870837547713,19.090596504460752],[72.83803519619416,19.09122087913242],[72.83784520447917,19.09121864879056],[72.83649882953402,19.092467387607183],[72.83592885078245,19.092460690822197],[72.83573768362265,19.092548769308628],[72.83439128267744,19.093797489918035]]},"properties":{"id":"L00989","strahler":1,"length_m":599.1,"drop_m":2.17,"gradient":0.00362,"area_ha":7.91,"on_drain_share":0.0,"downstream":"L00988"}},{"type":"Feature","geometry":{"type":"LineString","coordinates":[[72.85244201711997,19.093918552424118],[72.85234818419438,19.093827132437834]]},"properties":{"id":"L00990","strahler":2,"length_m":14.1,"drop_m":0.0,"gradient":0.0,"area_ha":15.22,"on_drain_share":0.0,"downstream":"L01002"}},{"type":"Feature","geometry":{"type":"LineString","coordinates":[[72.83382365099774,19.09361016413891],[72.83306720294217,19.093330290243195],[72.83268721597743,19.09332581864427],[72.83249487030614,19.093504204423688]]},"properties":{"id":"L00996","strahler":3,"length_m":160.7,"drop_m":0.34,"gradient":0.00213,"area_ha":80.34,"on_drain_share":0.0,"downstream":"L00966"}},{"type":"Feature","geometry":{"type":"LineString","coordinates":[[72.83538470962377,19.090467147467486],[72.83566617283147,19.090741430047085],[72.83566382438241,19.090922052349857],[72.83622440617573,19.091651238881646],[72.83401364493464,19.09361239889628],[72.83382365099774,19.09361016413891]]},"properties":{"id":"L00992","strahler":2,"length_m":508.4,"drop_m":1.78,"gradient":0.0035,"area_ha":47.18,"on_drain_share":0.0,"downstream":"L00996"}},{"type":"Feature","geometry":{"type":"LineString","coordinates":[[72.85234818419438,19.093827132437834],[72.85159869022452,19.093005459077457],[72.85064521446945,19.093265310412416]]},"properties":{"id":"L01002","strahler":2,"length_m":235.6,"drop_m":1.89,"gradient":0.00802,"area_ha":28.03,"on_drain_share":0.0,"downstream":"L01014"}},{"type":"Feature","geometry":{"type":"LineString","coordinates":[[72.85444280417114,19.093490245166183],[72.85405931817868,19.093756754280708],[72.8532993318657,19.09374789669945],[72.85311166525261,19.093565057486188],[72.8527316727179,19.093560627175144],[72.85234818419438,19.093827132437834]]},"properties":{"id":"L00993","strahler":1,"length_m":253.1,"drop_m":-0.21,"gradient":0.0,"area_ha":9.39,"on_drain_share":0.0,"downstream":"L01002"}},{"type":"Feature","geometry":{"type":"LineString","coordinates":[[72.90260316992828,19.09440635981435],[72.90128909059655,19.093126797023743],[72.901291368153,19.09294616702258],[72.9010097826193,19.092671974032314],[72.90101547707351,19.092220399081146],[72.9014000331087,19.09186346944888],[72.90140458763052,19.09150220936755],[72.90112300408472,19.091228016726266],[72.90103255947288,19.090865674085165],[72.90065711713767,19.090500083252085],[72.90065939504196,19.090319453272937],[72.90028395471327,19.089953861854706],[72.90018895571428,19.08995277887028],[72.90019237321717,19.089681833965674],[72.89991193391965,19.089317324948485],[72.89991876952375,19.08877543519001],[72.89973105161022,19.08859263901913],[72.89973446959564,19.08832169415443],[72.89935903554333,19.087956101401314],[72.89898018407133,19.087861452782],[72.8987924682154,19.08767865583435],[72.8986997502718,19.08749694239851],[72.89879588755122,19.087407711106515],[72.89879816707628,19.08722708128321],[72.89908657795009,19.086959387003148],[72.89880500549721,19.086685191790497],[72.89823502332777,19.086678689645186],[72.89767188328258,19.08613029660935],[72.89786415699274,19.08595183496783],[72.89786643734077,19.08577120522442],[72.89767872494386,19.085588407445293]]},"properties":{"id":"L01133","strahler":2,"length_m":1331.0,"drop_m":14.34,"gradient":0.01077,"area_ha":101.69,"on_drain_share":0.0,"downstream":"L01140"}},{"type":"Feature","geometry":{"type":"LineString","coordinates":[[72.90288931300543,19.094319290533885],[72.90279317330896,19.094408523729893],[72.90260316992828,19.09440635981435]]},"properties":{"id":"L00994","strahler":1,"length_m":34.1,"drop_m":-0.51,"gradient":0.0,"area_ha":5.39,"on_drain_share":0.0,"downstream":"L01133"}},{"type":"Feature","geometry":{"type":"LineString","coordinates":[[72.83317983516787,19.09197674325906],[72.83317160546845,19.092608920174513],[72.83249839863922,19.093233271613677],[72.83249487030614,19.093504204423688]]},"properties":{"id":"L00995","strahler":1,"length_m":199.0,"drop_m":0.84,"gradient":0.00423,"area_ha":6.32,"on_drain_share":0.0,"downstream":"L00966"}},{"type":"Feature","geometry":{"type":"LineString","coordinates":[[72.88893215842891,19.09352752938224],[72.88883601251972,19.093616754619692],[72.88826601029497,19.093610219364056],[72.88797757113994,19.093877893730312],[72.88778757018007,19.093875714593565],[72.88759527671552,19.094054163648394],[72.8873102750542,19.094050894249516],[72.88703100627268,19.09359605360126],[72.88627100434043,19.093587332099062],[72.88608329803452,19.093404523014904],[72.88560829761626,19.093399070052186],[72.88531985502955,19.093666739881957],[72.88484485409825,19.093661284879037]]},"properties":{"id":"L01003","strahler":1,"length_m":508.0,"drop_m":9.44,"gradient":0.01858,"area_ha":9.0,"on_drain_share":0.0,"downstream":"L00940"}},{"type":"Feature","geometry":{"type":"LineString","coordinates":[[72.87458372023269,19.093633471713407],[72.8756413950564,19.092652080783708],[72.87602139121427,19.092656463643582],[72.8774636523017,19.09131818811676],[72.87746710704032,19.091047247235064]]},"properties":{"id":"L01027","strahler":1,"length_m":437.7,"drop_m":0.41,"gradient":0.00094,"area_ha":12.95,"on_drain_share":0.0,"downstream":"L01031"}},{"type":"Feature","geometry":{"type":"LineString","coordinates":[[72.88493870658168,19.0937526900182],[72.88484485409825,19.093661284879037]]},"properties":{"id":"L01000","strahler":1,"length_m":14.1,"drop_m":0.0,"gradient":0.0,"area_ha":4.11,"on_drain_share":0.0,"downstream":"L00940"}},{"type":"Feature","geometry":{"type":"LineString","coordinates":[[72.91410408013166,19.09408534578624],[72.91429634811846,19.09390686631777],[72.91572138049858,19.093923000063324],[72.91581751366137,19.093833759421866],[72.91705028172416,19.09402836419637]]},"properties":{"id":"L01004","strahler":1,"length_m":336.6,"drop_m":7.6,"gradient":0.02257,"area_ha":8.62,"on_drain_share":0.0,"downstream":"L01006"}},{"type":"Feature","geometry":{"type":"LineString","coordinates":[[72.85064521446945,19.093265310412416],[72.84998839606753,19.092625364170814],[72.85018189029904,19.092356646144115],[72.85056187944853,19.09236108144531],[72.85056654438338,19.091999833335546],[72.85037888284077,19.091816991789862],[72.85047504607833,19.09172778853078]]},"properties":{"id":"L01014","strahler":2,"length_m":259.7,"drop_m":1.58,"gradient":0.00607,"area_ha":51.0,"on_drain_share":0.0,"downstream":null}},{"type":"Feature","geometry":{"type":"LineString","coordinates":[[72.87857485698126,19.093589164210076],[72.87838715997073,19.093406348091104],[72.87839752072465,19.092593525116133],[72.87858982117693,19.092415086434848],[72.87859212326352,19.09223445907054],[72.87878557399013,19.09196570642256],[72.87869287708298,19.091783984859266]]},"properties":{"id":"L01018","strahler":5,"length_m":229.0,"drop_m":0.75,"gradient":0.00328,"area_ha":2775.42,"on_drain_share":0.0,"downstream":"L01028"}},{"type":"Feature","geometry":{"type":"LineString","coordinates":[[72.91705028172416,19.09402836419637],[72.91724254680007,19.093849881342372],[72.91752755359991,19.093853104405383]]},"properties":{"id":"L01006","strahler":3,"length_m":58.3,"drop_m":0.55,"gradient":0.00942,"area_ha":132.24,"on_drain_share":0.0,"downstream":"L01007"}},{"type":"Feature","geometry":{"type":"LineString","coordinates":[[72.91752755359991,19.093853104405383],[72.91809756737157,19.093859549210315]]},"properties":{"id":"L01007","strahler":4,"length_m":60.0,"drop_m":-0.42,"gradient":0.0,"area_ha":265.55,"on_drain_share":0.0,"downstream":"L01088"}},{"type":"Feature","geometry":{"type":"LineString","coordinates":[[72.91809756737157,19.093859549210315],[72.91857822623122,19.09341333856356],[72.91839048111058,19.093230559061293],[72.91839386962954,19.092959611093804],[72.91792563902429,19.092412345755697],[72.91792676873695,19.092322029786246],[72.91831129245895,19.09196506138961],[72.91831693977018,19.091513481399947],[72.91794258404518,19.091057606114443],[72.9179504912311,19.090425394208808],[72.91862452733218,19.08971038189874],[72.91872178552829,19.08953082328164],[72.91872630187903,19.089169559101965],[72.9195914564798,19.08836637290722]]},"properties":{"id":"L01088","strahler":4,"length_m":763.3,"drop_m":3.15,"gradient":0.00413,"area_ha":345.13,"on_drain_share":0.0,"downstream":"L01155"}},{"type":"Feature","geometry":{"type":"LineString","coordinates":[[72.91349340579357,19.089742657775368],[72.91509030337741,19.091205998260083],[72.91518191059465,19.091478021094122],[72.91668383792127,19.09294027502036],[72.91677657887283,19.093121981456047],[72.91696658251259,19.093124130615493],[72.91696319163978,19.093395078331422],[72.91752755359991,19.093853104405383]]},"properties":{"id":"L01008","strahler":3,"length_m":651.5,"drop_m":0.67,"gradient":0.00103,"area_ha":132.83,"on_drain_share":0.0,"downstream":"L01007"}},{"type":"Feature","geometry":{"type":"LineString","coordinates":[[72.86803570977872,19.09301582449581],[72.8678480260847,19.092832998801164],[72.86756303017339,19.09282969905781],[72.86746687443747,19.0929189120676]]},"properties":{"id":"L01011","strahler":1,"length_m":72.4,"drop_m":2.42,"gradient":0.03344,"area_ha":4.44,"on_drain_share":0.0,"downstream":"L01023"}},{"type":"Feature","geometry":{"type":"LineString","coordinates":[[72.92266106750063,19.09364009555281],[72.92304558544149,19.093283116638222],[72.92314509545048,19.09292292296896],[72.92295734532024,19.092740147694087],[72.9229618533002,19.092378882665244],[72.92286797856987,19.092287494987357],[72.92287248662855,19.09192622996134],[72.92277861218152,19.091834842262482],[72.92278312031893,19.09147357723931],[72.9226892461552,19.091382189519482],[72.92269600844124,19.090840291983273],[72.92232051389774,19.090474740822334],[72.92232276830299,19.0902941083387],[72.92290404019232,19.08939737435439],[72.92271854774226,19.089033966616],[72.92206143968444,19.08839425230561],[72.92197658541055,19.0875803344262],[72.92160109920957,19.08721478252289],[72.92141561167733,19.08685137389085],[72.92141786660287,19.08667074144039],[72.92104463885296,19.08612455625611],[72.92104689408825,19.08594392383411]]},"properties":{"id":"L01131","strahler":1,"length_m":1015.7,"drop_m":0.69,"gradient":0.00068,"area_ha":22.51,"on_drain_share":0.0,"downstream":"L01152"}},{"type":"Feature","geometry":{"type":"LineString","coordinates":[[72.84827727615138,19.092695705450875],[72.84818344636234,19.09260428362123],[72.84780345725348,19.092599843360578],[72.84752196920007,19.09232557712091]]},"properties":{"id":"L01013","strahler":1,"length_m":96.6,"drop_m":0.02,"gradient":0.00018,"area_ha":4.96,"on_drain_share":0.0,"downstream":"L01059"}},{"type":"Feature","geometry":{"type":"LineString","coordinates":[[72.86746687443747,19.0929189120676],[72.86681114348492,19.09218870668266],[72.86690845643334,19.09200918100502],[72.86681461572475,19.091917767708228],[72.86682503209178,19.091104950733516]]},"properties":{"id":"L01023","strahler":3,"length_m":237.3,"drop_m":0.62,"gradient":0.00261,"area_ha":85.47,"on_drain_share":0.0,"downstream":"L01041"}},{"type":"Feature","geometry":{"type":"LineString","coordinates":[[72.86414308381958,19.09279006779543],[72.86499806961461,19.09279998155484],[72.8652865398437,19.092532346575048],[72.86566653316119,19.09253675076417],[72.86624346976302,19.092001477847184],[72.86625041595771,19.091459600079837],[72.8663454137252,19.091460700644124],[72.86653888182599,19.091191962679034],[72.86682503209178,19.091104950733516]]},"properties":{"id":"L01026","strahler":1,"length_m":399.7,"drop_m":2.89,"gradient":0.00722,"area_ha":13.27,"on_drain_share":0.0,"downstream":"L01041"}},{"type":"Feature","geometry":{"type":"LineString","coordinates":[[72.84752196920007,19.09232557712091],[72.84745032968844,19.09051822982706],[72.84764148951731,19.090430138316652],[72.84966090494564,19.088556888180936],[72.84985206148613,19.088468794021573]]},"properties":{"id":"L01059","strahler":2,"length_m":549.4,"drop_m":2.65,"gradient":0.00482,"area_ha":27.18,"on_drain_share":0.0,"downstream":"L01060"}},{"type":"Feature","geometry":{"type":"LineString","coordinates":[[72.877731375211,19.092676176826604],[72.87801637274835,19.092679460816083],[72.87859442532415,19.092053831702433],[72.87869287708298,19.091783984859266]]},"properties":{"id":"L01017","strahler":1,"length_m":159.0,"drop_m":3.54,"gradient":0.02226,"area_ha":5.09,"on_drain_share":0.0,"downstream":"L01028"}},{"type":"Feature","geometry":{"type":"LineString","coordinates":[[72.86975840292679,19.09204216738892],[72.86957187403601,19.091769030199625],[72.86938187775532,19.091766832314942],[72.86939574930219,19.090683074496404],[72.86892191797834,19.090587266134314]]},"properties":{"id":"L01033","strahler":1,"length_m":232.4,"drop_m":1.45,"gradient":0.00625,"area_ha":11.12,"on_drain_share":0.0,"downstream":null}},{"type":"Feature","geometry":{"type":"LineString","coordinates":[[72.88391552022023,19.09202471940714],[72.8844946978243,19.09130875532481]]},"properties":{"id":"L01024","strahler":1,"length_m":104.9,"drop_m":0.56,"gradient":0.0053,"area_ha":5.91,"on_drain_share":0.0,"downstream":"L01105"}},{"type":"Feature","geometry":{"type":"LineString","coordinates":[[72.92536278871287,19.09032837501622],[72.92592379113124,19.09105732600892],[72.92591816459229,19.091508908207846],[72.92601091548474,19.091690610895366],[72.92685468120726,19.092603401876936]]},"properties":{"id":"L01015","strahler":1,"length_m":316.3,"drop_m":0.33,"gradient":0.00105,"area_ha":9.86,"on_drain_share":0.0,"downstream":"L00972"}},{"type":"Feature","geometry":{"type":"LineString","coordinates":[[72.92676305386463,19.092331383018987],[72.92685468120726,19.092603401876936]]},"properties":{"id":"L01016","strahler":1,"length_m":34.1,"drop_m":-0.09,"gradient":0.0,"area_ha":4.36,"on_drain_share":0.0,"downstream":"L00972"}},{"type":"Feature","geometry":{"type":"LineString","coordinates":[[72.88562780090146,19.091863730505516],[72.88524665677596,19.09194968170838],[72.8847785466482,19.091402342681864],[72.88458854890654,19.091400160517882],[72.8844946978243,19.09130875532481]]},"properties":{"id":"L01025","strahler":1,"length_m":159.0,"drop_m":0.21,"gradient":0.00132,"area_ha":7.18,"on_drain_share":0.0,"downstream":"L01105"}},{"type":"Feature","geometry":{"type":"LineString","coordinates":[[72.90814846555477,19.091669256600305],[72.90871846843278,19.09167572971154],[72.90900006640578,19.091949911985402],[72.90938006914664,19.09195422589321],[72.90956666787164,19.09222732902247],[72.9102328079586,19.092144560380756],[72.91032894263655,19.09205532277256],[72.9108039467835,19.0920607116378],[72.91090008113325,19.091971473696727]]},"properties":{"id":"L01019","strahler":1,"length_m":333.1,"drop_m":9.79,"gradient":0.0294,"area_ha":13.67,"on_drain_share":0.0,"downstream":"L01055"}},{"type":"Feature","geometry":{"type":"LineString","coordinates":[[72.87869287708298,19.091783984859266],[72.87794094692475,19.091143034194953],[72.87756095374579,19.09113865562742],[72.87746710704032,19.091047247235064]]},"properties":{"id":"L01028","strahler":5,"length_m":163.1,"drop_m":-2.87,"gradient":0.0,"area_ha":2786.95,"on_drain_share":0.0,"downstream":"L01031"}},{"type":"Feature","geometry":{"type":"LineString","coordinates":[[72.91090008113325,19.091971473696727],[72.91118848356504,19.091703759508512],[72.9111896168863,19.091613443920927],[72.9109068820061,19.091429580272724],[72.91072028169455,19.091156478356066],[72.91091368264887,19.090887686814554],[72.91138868364317,19.09089307385583],[72.91158208324028,19.09062428147291],[72.91196321641742,19.090538274125443],[72.91234774710283,19.090181318947767],[72.91291887870709,19.090097462882472],[72.91349340579357,19.089742657775368]]},"properties":{"id":"L01055","strahler":2,"length_m":497.0,"drop_m":7.32,"gradient":0.01474,"area_ha":41.54,"on_drain_share":0.0,"downstream":"L01008"}},{"type":"Feature","geometry":{"type":"LineString","coordinates":[[72.82886774141197,19.087500051903387],[72.82952327487627,19.08823037467399],[72.82942239400676,19.088680809309672],[72.82903770782752,19.089037574334768],[72.8308202370895,19.0907747451625],[72.83081670651576,19.091045677742592]]},"properties":{"id":"L01021","strahler":1,"length_m":518.4,"drop_m":-1.33,"gradient":0.0,"area_ha":20.71,"on_drain_share":0.0,"downstream":"L00981"}},{"type":"Feature","geometry":{"type":"LineString","coordinates":[[72.83238131722706,19.08763175604561],[72.83209280900334,19.08789933522285],[72.83208692908534,19.08835089004069],[72.83179724288723,19.08870877950799],[72.83179136189929,19.08916033419758],[72.83216428296369,19.08970667243914],[72.83187577046469,19.089974250830554],[72.83149579145824,19.08996977752987],[72.83111110596916,19.0903265469875],[72.83110875263495,19.090507168752204],[72.83091640904087,19.09068555308698],[72.83091287864136,19.090956485687013],[72.83081670651576,19.091045677742592]]},"properties":{"id":"L01022","strahler":1,"length_m":502.8,"drop_m":0.76,"gradient":0.00151,"area_ha":11.86,"on_drain_share":0.0,"downstream":"L00981"}},{"type":"Feature","geometry":{"type":"LineString","coordinates":[[72.86179016859154,19.091046567570373],[72.86198248303104,19.090868147769953],[72.86198596286768,19.090597209612817],[72.86170329204259,19.090413275765037]]},"properties":{"id":"L01032","strahler":1,"length_m":96.6,"drop_m":0.48,"gradient":0.00501,"area_ha":8.59,"on_drain_share":0.0,"downstream":"L01038"}},{"type":"Feature","geometry":{"type":"LineString","coordinates":[[72.86682503209178,19.091104950733516],[72.86683081873396,19.090653385714248],[72.86655045655574,19.09028883279414],[72.8665539288474,19.09001789381011]]},"properties":{"id":"L01041","strahler":3,"length_m":132.4,"drop_m":-0.02,"gradient":0.0,"area_ha":102.68,"on_drain_share":0.0,"downstream":"L01044"}},{"type":"Feature","geometry":{"type":"LineString","coordinates":[[72.8844946978243,19.09130875532481],[72.88430699596852,19.091125944822355],[72.88450043662166,19.090857185122037],[72.88478772746336,19.090679830220424],[72.88480264540469,19.089505747340795],[72.88461379741527,19.089413251346695],[72.88462183037481,19.088781052877547],[72.88481526742395,19.088512292471012],[72.88491829608463,19.087881184649795],[72.88511058428183,19.087702737870327],[72.88511517306272,19.087341481424712]]},"properties":{"id":"L01105","strahler":2,"length_m":509.7,"drop_m":6.21,"gradient":0.01219,"area_ha":26.39,"on_drain_share":0.0,"downstream":"L01158"}},{"type":"Feature","geometry":{"type":"LineString","coordinates":[[72.91888468753233,19.091700555068545],[72.91898081776158,19.09161131247185],[72.91908597996172,19.090799541432066],[72.9192804967041,19.090440423701494],[72.91928501207477,19.09007915942872],[72.91900339833849,19.089804991530443],[72.91900791414827,19.089443727296622],[72.9195846850373,19.08890826951709],[72.9195914564798,19.08836637290722]]},"properties":{"id":"L01089","strahler":1,"length_m":423.8,"drop_m":0.6,"gradient":0.00142,"area_ha":11.49,"on_drain_share":0.0,"downstream":"L01155"}},{"type":"Feature","geometry":{"type":"LineString","coordinates":[[72.8414620781451,19.09071912285146],[72.84213524369225,19.09009473414807],[72.84280021221056,19.09010252356592],[72.84289754823766,19.089923012960742]]},"properties":{"id":"L01037","strahler":1,"length_m":193.1,"drop_m":0.17,"gradient":0.00088,"area_ha":7.1,"on_drain_share":0.0,"downstream":"L01064"}},{"type":"Feature","geometry":{"type":"LineString","coordinates":[[72.93503609186162,19.09179202018433],[72.93456220180565,19.09169637693132],[72.93315399198511,19.090325637858545]]},"properties":{"id":"L01046","strahler":1,"length_m":266.3,"drop_m":-0.51,"gradient":0.0,"area_ha":8.56,"on_drain_share":0.0,"downstream":"L01100"}},{"type":"Feature","geometry":{"type":"LineString","coordinates":[[72.87480715931994,19.09101657413389],[72.8743379354481,19.090559525523147],[72.87453139033248,19.090290777777913],[72.87453715581422,19.089839210448456],[72.87473060943681,19.08957046236205],[72.87454292113341,19.08938764309522],[72.87454522721558,19.08920701614726],[72.87407600870688,19.08874996734902]]},"properties":{"id":"L01062","strahler":1,"length_m":316.3,"drop_m":0.97,"gradient":0.00305,"area_ha":9.2,"on_drain_share":0.0,"downstream":"L01067"}},{"type":"Feature","geometry":{"type":"LineString","coordinates":[[72.87746710704032,19.091047247235064],[72.87709172124734,19.090681613278335]]},"properties":{"id":"L01031","strahler":5,"length_m":56.6,"drop_m":0.05,"gradient":0.00084,"area_ha":2800.22,"on_drain_share":0.0,"downstream":"L01068"}},{"type":"Feature","geometry":{"type":"LineString","coordinates":[[72.83513613037658,19.087664152695837],[72.83494731748488,19.08757160862465],[72.83427531386428,19.088105658450104],[72.83436913296882,19.088197086410975],[72.83435268578366,19.089461441710835],[72.83538470962377,19.090467147467486]]},"properties":{"id":"L01029","strahler":1,"length_m":428.7,"drop_m":0.13,"gradient":0.00029,"area_ha":18.62,"on_drain_share":0.0,"downstream":"L00992"}},{"type":"Feature","geometry":{"type":"LineString","coordinates":[[72.83834598405024,19.089237375305295],[72.83776897769376,19.089772553065234],[72.83748633898215,19.089588584767935],[72.83719900768543,19.089765861116955],[72.8359640734846,19.08975135585549],[72.83538705831525,19.09028652518925],[72.83538470962377,19.090467147467486]]},"properties":{"id":"L01030","strahler":2,"length_m":396.3,"drop_m":2.74,"gradient":0.00692,"area_ha":23.24,"on_drain_share":0.0,"downstream":"L00992"}},{"type":"Feature","geometry":{"type":"LineString","coordinates":[[72.85742727646483,19.090453909317425],[72.85752227310955,19.09045501437468],[72.8589646464602,19.089116896129934]]},"properties":{"id":"L01053","strahler":1,"length_m":222.1,"drop_m":1.0,"gradient":0.0045,"area_ha":15.3,"on_drain_share":0.0,"downstream":"L01069"}},{"type":"Feature","geometry":{"type":"LineString","coordinates":[[72.86559816980919,19.090458452528836],[72.86569200904545,19.090549866314422],[72.86616699518011,19.09055536983422],[72.8665539288474,19.09001789381011]]},"properties":{"id":"L01040","strahler":1,"length_m":140.7,"drop_m":0.57,"gradient":0.00403,"area_ha":8.49,"on_drain_share":0.0,"downstream":"L01044"}},{"type":"Feature","geometry":{"type":"LineString","coordinates":[[72.87139185342468,19.090615827843266],[72.87111032559098,19.09034159416838],[72.87111379047491,19.090070654379165],[72.87120994264866,19.08998143908876],[72.87121225242281,19.089800812544787],[72.87169301116882,19.089354735111865],[72.87178800807327,19.089355832753863],[72.87236491490384,19.08882053749338],[72.87359987174945,19.088834798137988],[72.87379217203505,19.08865636447953]]},"properties":{"id":"L01066","strahler":1,"length_m":430.4,"drop_m":0.77,"gradient":0.00178,"area_ha":9.46,"on_drain_share":0.0,"downstream":"L01103"}},{"type":"Feature","geometry":{"type":"LineString","coordinates":[[72.87709172124734,19.090681613278335],[72.87671172933108,19.0906772330612],[72.8762425005637,19.09022018887705],[72.8762482613831,19.08976862104115],[72.87615441616302,19.08967721211125],[72.87567942943815,19.08967173457827],[72.87530520337175,19.08921578408568],[72.87464598904675,19.088756544896334],[72.87407600870688,19.08874996734902]]},"properties":{"id":"L01068","strahler":5,"length_m":442.1,"drop_m":0.49,"gradient":0.0011,"area_ha":2827.33,"on_drain_share":0.0,"downstream":"L01067"}},{"type":"Feature","geometry":{"type":"LineString","coordinates":[[72.8786208971555,19.089976616695726],[72.8782409064699,19.08997223978733],[72.87795245979068,19.090239897591903],[72.87795015726942,19.090420524920123],[72.8778540080547,19.090509744053275],[72.87747171326754,19.090685992712817],[72.87709172124734,19.090681613278335]]},"properties":{"id":"L01034","strahler":2,"length_m":204.9,"drop_m":-1.58,"gradient":0.0,"area_ha":17.8,"on_drain_share":0.0,"downstream":"L01068"}},{"type":"Feature","geometry":{"type":"LineString","coordinates":[[72.85220363633142,19.090302743700143],[72.85335756632642,19.089232286774394],[72.85744238709042,19.089279847362448],[72.85850012201189,19.08829856165386]]},"properties":{"id":"L01071","strahler":1,"length_m":755.3,"drop_m":-0.5,"gradient":0.0,"area_ha":11.84,"on_drain_share":0.0,"downstream":"L01096"}},{"type":"Feature","geometry":{"type":"LineString","coordinates":[[72.86170329204259,19.090413275765037],[72.86160945528633,19.09032186016516],[72.86084948088215,19.090313035253423],[72.86075564469266,19.090221619268487]]},"properties":{"id":"L01038","strahler":2,"length_m":108.3,"drop_m":-0.0,"gradient":0.0,"area_ha":16.53,"on_drain_share":0.0,"downstream":null}},{"type":"Feature","geometry":{"type":"LineString","coordinates":[[72.86199292236432,19.09005533327284],[72.86198944264542,19.09032627144712],[72.86189328582502,19.09041548141724],[72.86170329204259,19.090413275765037]]},"properties":{"id":"L01035","strahler":1,"length_m":64.1,"drop_m":0.28,"gradient":0.00443,"area_ha":6.32,"on_drain_share":0.0,"downstream":"L01038"}},{"type":"Feature","geometry":{"type":"LineString","coordinates":[[72.89428760634368,19.090788684502016],[72.89457260370685,19.090791942572675],[72.89505102547113,19.090526427729596],[72.89505330945906,19.090345798403177],[72.89572515160509,19.08981150871655]]},"properties":{"id":"L01049","strahler":1,"length_m":207.3,"drop_m":4.16,"gradient":0.02006,"area_ha":9.74,"on_drain_share":0.0,"downstream":"L01063"}},{"type":"Feature","geometry":{"type":"LineString","coordinates":[[72.84235800787667,19.087568235975244],[72.8426394793588,19.087842508618966],[72.84261490275935,19.08973905195958],[72.84289754823766,19.089923012960742]]},"properties":{"id":"L01039","strahler":2,"length_m":290.7,"drop_m":0.86,"gradient":0.00296,"area_ha":50.24,"on_drain_share":0.0,"downstream":"L01064"}},{"type":"Feature","geometry":{"type":"LineString","coordinates":[[72.84289754823766,19.089923012960742],[72.84299371385809,19.089833813880002],[72.84337369544927,19.08983826344071],[72.84375718643503,19.089571777280813],[72.8442321629328,19.0895773370682],[72.84451364085609,19.089851607427534],[72.84489362286939,19.089856053858036],[72.8462375814982,19.08878786863444],[72.84690371459352,19.088705330893994],[72.84766717739939,19.088443276932665],[72.84833214175289,19.08845104574195],[72.84842830383067,19.088361843439007],[72.84956824293447,19.088375155167878],[72.84966207142736,19.08846657617131],[72.84985206148613,19.088468794021573]]},"properties":{"id":"L01064","strahler":2,"length_m":833.6,"drop_m":3.26,"gradient":0.00391,"area_ha":76.78,"on_drain_share":0.0,"downstream":"L01060"}},{"type":"Feature","geometry":{"type":"LineString","coordinates":[[72.8665539288474,19.09001789381011],[72.86674739470614,19.089749155390972],[72.86665355523645,19.089657742123666]]},"properties":{"id":"L01044","strahler":3,"length_m":52.4,"drop_m":-0.04,"gradient":0.0,"area_ha":113.53,"on_drain_share":0.0,"downstream":null}},{"type":"Feature","geometry":{"type":"LineString","coordinates":[[72.87976547081232,19.089628487622928],[72.87966932297311,19.08971770784985],[72.87938433019802,19.08971442690616],[72.87900088794494,19.0899809928215],[72.8786208971555,19.089976616695726]]},"properties":{"id":"L01042","strahler":1,"length_m":136.6,"drop_m":1.22,"gradient":0.00892,"area_ha":6.87,"on_drain_share":0.0,"downstream":"L01034"}},{"type":"Feature","geometry":{"type":"LineString","coordinates":[[72.88168725691521,19.087934384184965],[72.88149496513326,19.088112827004114],[72.88120997476635,19.088109549148673],[72.88092153591727,19.088377212429847],[72.88054039858045,19.088463154452356],[72.88034810502454,19.08864159588611],[72.87996811695828,19.088637222833245],[72.87987427006318,19.0885458156538],[72.87948968104944,19.08890269672609],[72.87920468970219,19.08889941563915],[72.87881894777993,19.08934660880705],[72.87881319406759,19.089798177418512],[72.8786208971555,19.089976616695726]]},"properties":{"id":"L01043","strahler":1,"length_m":458.7,"drop_m":4.68,"gradient":0.01021,"area_ha":8.93,"on_drain_share":0.0,"downstream":"L01034"}},{"type":"Feature","geometry":{"type":"LineString","coordinates":[[72.89049680275184,19.09002268630777],[72.89050252485903,19.089571114287768],[72.8902209639839,19.089296906948977],[72.89023469800246,19.088213134169095]]},"properties":{"id":"L01080","strahler":1,"length_m":212.4,"drop_m":4.29,"gradient":0.0202,"area_ha":8.8,"on_drain_share":0.0,"downstream":"L01136"}},{"type":"Feature","geometry":{"type":"LineString","coordinates":[[72.93315174932336,19.090506271583774],[72.93315399198511,19.090325637858545]]},"properties":{"id":"L01045","strahler":1,"length_m":20.0,"drop_m":0.06,"gradient":0.00292,"area_ha":4.27,"on_drain_share":0.0,"downstream":"L01100"}},{"type":"Feature","geometry":{"type":"LineString","coordinates":[[72.89790898166642,19.089926772569097],[72.89781398282811,19.08992568836176],[72.89734469225584,19.089468692572545],[72.89734925495826,19.08910743334041]]},"properties":{"id":"L01058","strahler":1,"length_m":120.7,"drop_m":-1.26,"gradient":0.0,"area_ha":10.81,"on_drain_share":0.0,"downstream":"L01120"}},{"type":"Feature","geometry":{"type":"LineString","coordinates":[[72.90417891919935,19.0899982220989],[72.90361574755852,19.0894498444853],[72.90361688484202,19.08935952931417],[72.90333416312713,19.08917565515382],[72.9033364379579,19.088995024837928],[72.90277441008934,19.088356330048285],[72.90278919929261,19.087182233245116],[72.90269533935896,19.08709083656326],[72.90269761461481,19.08691020628071],[72.90298715670224,19.08655219006797],[72.9029894315725,19.086371559741018],[72.902801712387,19.086188766594024],[72.90213787135937,19.086090880079364],[72.90108835190873,19.08644023760916]]},"properties":{"id":"L01124","strahler":1,"length_m":713.6,"drop_m":7.7,"gradient":0.01079,"area_ha":19.42,"on_drain_share":0.0,"downstream":"L01135"}},{"type":"Feature","geometry":{"type":"LineString","coordinates":[[72.93315399198511,19.090325637858545],[72.93306908290872,19.089511720038466],[72.9327908094497,19.088966620596572],[72.93288805261872,19.08878705299552],[72.93289478073325,19.088245151798038]]},"properties":{"id":"L01100","strahler":2,"length_m":250.7,"drop_m":0.1,"gradient":0.00039,"area_ha":21.61,"on_drain_share":0.0,"downstream":"L01115"}},{"type":"Feature","geometry":{"type":"LineString","coordinates":[[72.83830961686539,19.084720693149652],[72.83840226436065,19.084902430489382],[72.83820993489195,19.085080823956847],[72.83820055496962,19.085803314806054],[72.83829437528904,19.08589474087194],[72.83828851284673,19.0863462976453],[72.83838233349307,19.086437723696257],[72.83837764359944,19.086798969116654],[72.83828147769775,19.08688816574186],[72.83827913259519,19.087068788433093],[72.83837295360003,19.087160214521795],[72.83836005555612,19.088153639307265],[72.83845387715684,19.088245065409357],[72.83844449661729,19.0889675561277],[72.83834832936735,19.089056752648492],[72.83834598405024,19.089237375305295]]},"properties":{"id":"L01050","strahler":1,"length_m":537.3,"drop_m":-0.54,"gradient":0.0,"area_ha":12.57,"on_drain_share":0.0,"downstream":"L01030"}},{"type":"Feature","geometry":{"type":"LineString","coordinates":[[72.83912352534178,19.08789162184491],[72.8390285313114,19.087890507446247],[72.83902735910213,19.087980818827216],[72.83854652636093,19.088426802820774],[72.83853831867943,19.08905898222901],[72.83834598405024,19.089237375305295]]},"properties":{"id":"L01051","strahler":1,"length_m":189.0,"drop_m":1.49,"gradient":0.00788,"area_ha":6.06,"on_drain_share":0.0,"downstream":"L01030"}},{"type":"Feature","geometry":{"type":"LineString","coordinates":[[72.85896116199942,19.089387833793893],[72.8589646464602,19.089116896129934]]},"properties":{"id":"L01054","strahler":3,"length_m":30.0,"drop_m":0.21,"gradient":0.00687,"area_ha":195.89,"on_drain_share":0.0,"downstream":"L01069"}},{"type":"Feature","geometry":{"type":"LineString","coordinates":[[72.88926525884249,19.08973759505939],[72.88936254710754,19.08955805498561],[72.88936941712709,19.08901616892885],[72.89023469800246,19.088213134169095]]},"properties":{"id":"L01079","strahler":1,"length_m":211.4,"drop_m":-0.54,"gradient":0.0,"area_ha":6.94,"on_drain_share":0.0,"downstream":"L01136"}},{"type":"Feature","geometry":{"type":"LineString","coordinates":[[72.89572515160509,19.08981150871655],[72.8960124304163,19.089634134951663],[72.89639242470182,19.089638475138898],[72.89677926503448,19.08910092589962],[72.89734925495826,19.08910743334041]]},"properties":{"id":"L01063","strahler":2,"length_m":214.9,"drop_m":2.52,"gradient":0.01174,"area_ha":18.96,"on_drain_share":0.0,"downstream":"L01120"}},{"type":"Feature","geometry":{"type":"LineString","coordinates":[[72.89534972421495,19.089445908362222],[72.89572515160509,19.08981150871655]]},"properties":{"id":"L01052","strahler":1,"length_m":56.6,"drop_m":-0.12,"gradient":0.0,"area_ha":4.77,"on_drain_share":0.0,"downstream":"L01063"}},{"type":"Feature","geometry":{"type":"LineString","coordinates":[[72.93866630931221,19.090206751186432],[72.93991585799814,19.089046444138393]]},"properties":{"id":"L01076","strahler":1,"length_m":183.8,"drop_m":-0.71,"gradient":0.0,"area_ha":7.12,"on_drain_share":0.0,"downstream":"L01078"}},{"type":"Feature","geometry":{"type":"LineString","coordinates":[[72.85146464703215,19.08866826208302],[72.8522246092473,19.08867712496669],[72.85250726527616,19.08886107209387],[72.8530760732926,19.088958028598547],[72.85326373521228,19.08914086742104],[72.85734855348234,19.08918842987024],[72.85831013106696,19.088296352738396]]},"properties":{"id":"L01070","strahler":3,"length_m":782.1,"drop_m":0.08,"gradient":0.00011,"area_ha":157.82,"on_drain_share":0.0,"downstream":"L01073"}},{"type":"Feature","geometry":{"type":"LineString","coordinates":[[72.8589646464602,19.089116896129934],[72.85973390278252,19.08840322744505],[72.85982773743632,19.088494643813018]]},"properties":{"id":"L01069","strahler":3,"length_m":127.3,"drop_m":-1.02,"gradient":0.0,"area_ha":216.0,"on_drain_share":0.0,"downstream":null}},{"type":"Feature","geometry":{"type":"LineString","coordinates":[[72.91199153516561,19.08828038274672],[72.91349340579357,19.089742657775368]]},"properties":{"id":"L01056","strahler":3,"length_m":226.3,"drop_m":-1.05,"gradient":0.0,"area_ha":77.87,"on_drain_share":0.0,"downstream":"L01008"}},{"type":"Feature","geometry":{"type":"LineString","coordinates":[[72.91767452785722,19.089699644537813],[72.91825243290249,19.089073875421423],[72.91825582085127,19.088802927355783],[72.91807146895356,19.088349199919097],[72.91835985413216,19.088081472703404]]},"properties":{"id":"L01097","strahler":1,"length_m":225.6,"drop_m":0.84,"gradient":0.0037,"area_ha":8.17,"on_drain_share":0.0,"downstream":"L01159"}},{"type":"Feature","geometry":{"type":"LineString","coordinates":[[72.88651604646648,19.08925443338896],[72.88623334660718,19.08907053478878],[72.8862379333071,19.08870927813392],[72.88520672822614,19.087613514389158],[72.88520902251369,19.08743288615525],[72.88511517306272,19.087341481424712]]},"properties":{"id":"L01106","strahler":1,"length_m":278.0,"drop_m":5.9,"gradient":0.02124,"area_ha":8.71,"on_drain_share":0.0,"downstream":"L01158"}},{"type":"Feature","geometry":{"type":"LineString","coordinates":[[72.90190576807055,19.089430374693187],[72.90162418676363,19.08915618301746],[72.9017226002561,19.08888632002398],[72.90144102010679,19.08861212816981],[72.90144443531437,19.088341183007664],[72.90115944088342,19.088337935965985],[72.90106558134806,19.088246538487006],[72.90106785851971,19.088065908416322],[72.90050470400827,19.087517522781404],[72.90050584285457,19.08742720777198],[72.90108265950934,19.086891812864234],[72.90108835190873,19.08644023760916]]},"properties":{"id":"L01121","strahler":1,"length_m":442.8,"drop_m":6.59,"gradient":0.01488,"area_ha":9.33,"on_drain_share":0.0,"downstream":"L01135"}},{"type":"Feature","geometry":{"type":"LineString","coordinates":[[72.93135682614495,19.08967315703584],[72.9320296845185,19.089048406656893]]},"properties":{"id":"L01074","strahler":1,"length_m":99.0,"drop_m":0.45,"gradient":0.00457,"area_ha":4.28,"on_drain_share":0.0,"downstream":"L01099"}},{"type":"Feature","geometry":{"type":"LineString","coordinates":[[72.85136965178482,19.088667154002476],[72.85146464703215,19.08866826208302]]},"properties":{"id":"L01057","strahler":1,"length_m":10.0,"drop_m":0.0,"gradient":0.0,"area_ha":4.02,"on_drain_share":0.0,"downstream":"L01070"}},{"type":"Feature","geometry":{"type":"LineString","coordinates":[[72.84985206148613,19.088468794021573],[72.85004205157122,19.088471011676212],[72.85013588039905,19.088562432468002],[72.85108583179911,19.088573517374133]]},"properties":{"id":"L01060","strahler":3,"length_m":134.1,"drop_m":-0.5,"gradient":0.0,"area_ha":107.08,"on_drain_share":0.0,"downstream":"L01061"}},{"type":"Feature","geometry":{"type":"LineString","coordinates":[[72.85108583179911,19.088573517374133],[72.85137081734732,19.088576841892287],[72.85146464703215,19.08866826208302]]},"properties":{"id":"L01061","strahler":3,"length_m":44.1,"drop_m":0.0,"gradient":0.0,"area_ha":133.18,"on_drain_share":0.0,"downstream":"L01070"}},{"type":"Feature","geometry":{"type":"LineString","coordinates":[[72.89734925495826,19.08910743334041],[72.89763881198918,19.08874942708694],[72.89622981734068,19.08746875115719],[72.89623209965623,19.087288121633666],[72.89652051434906,19.08702043178138],[72.89652850103545,19.086388228283266]]},"properties":{"id":"L01120","strahler":2,"length_m":392.8,"drop_m":2.26,"gradient":0.00576,"area_ha":38.67,"on_drain_share":0.0,"downstream":"L01139"}},{"type":"Feature","geometry":{"type":"LineString","coordinates":[[72.84620333481165,19.084090543100576],[72.84620099866792,19.084271166792536],[72.84779602722591,19.085825341489198],[72.84826749309993,19.08610182567499],[72.85023787244964,19.088021668903565],[72.85052285689453,19.088024994640694],[72.85108583179911,19.088573517374133]]},"properties":{"id":"L01065","strahler":2,"length_m":734.7,"drop_m":0.31,"gradient":0.00043,"area_ha":25.45,"on_drain_share":0.0,"downstream":"L01061"}},{"type":"Feature","geometry":{"type":"LineString","coordinates":[[72.87407600870688,19.08874996734902],[72.87388601531227,19.088747774441966],[72.87379217203505,19.08865636447953]]},"properties":{"id":"L01067","strahler":5,"length_m":34.1,"drop_m":-0.02,"gradient":0.0,"area_ha":2840.3,"on_drain_share":0.0,"downstream":"L01103"}},{"type":"Feature","geometry":{"type":"LineString","coordinates":[[72.87379217203505,19.08865636447953],[72.87341679995492,19.08829072424276],[72.87342256780761,19.087839157143343],[72.87380716577736,19.087482289730925],[72.87381062571563,19.08721134938149]]},"properties":{"id":"L01103","strahler":5,"length_m":193.1,"drop_m":0.25,"gradient":0.00128,"area_ha":2853.03,"on_drain_share":0.0,"downstream":"L01137"}},{"type":"Feature","geometry":{"type":"LineString","coordinates":[[72.90989249334595,19.088979204912555],[72.90970589713315,19.088706102319826],[72.90970929891435,19.08843515572342],[72.90990043016,19.088346996117476]]},"properties":{"id":"L01082","strahler":1,"length_m":92.4,"drop_m":2.32,"gradient":0.02512,"area_ha":4.63,"on_drain_share":0.0,"downstream":"L01093"}},{"type":"Feature","geometry":{"type":"LineString","coordinates":[[72.911697476111,19.088999677200178],[72.91141587773971,19.08872549902377],[72.91189653640758,19.08827930588871]]},"properties":{"id":"L01087","strahler":1,"length_m":113.1,"drop_m":2.23,"gradient":0.01973,"area_ha":4.82,"on_drain_share":0.0,"downstream":"L01092"}},{"type":"Feature","geometry":{"type":"LineString","coordinates":[[72.85736017673554,19.088285305226652],[72.85831013106696,19.088296352738396]]},"properties":{"id":"L01072","strahler":1,"length_m":100.0,"drop_m":-0.23,"gradient":0.0,"area_ha":13.25,"on_drain_share":0.0,"downstream":"L01073"}},{"type":"Feature","geometry":{"type":"LineString","coordinates":[[72.85831013106696,19.088296352738396],[72.85850012201189,19.08829856165386]]},"properties":{"id":"L01073","strahler":3,"length_m":20.0,"drop_m":0.01,"gradient":0.00068,"area_ha":171.88,"on_drain_share":0.0,"downstream":"L01096"}},{"type":"Feature","geometry":{"type":"LineString","coordinates":[[72.85850012201189,19.08829856165386],[72.85964006823158,19.08831181103846],[72.86031084070366,19.08786797336558],[72.86069082214104,19.08787238678042],[72.86088197325243,19.08778428051222],[72.86117043984235,19.087516651646794],[72.86183540639855,19.087524371371057],[72.86193156140855,19.087435161245473]]},"properties":{"id":"L01096","strahler":3,"length_m":401.4,"drop_m":-1.04,"gradient":0.0,"area_ha":187.02,"on_drain_share":0.0,"downstream":"L01109"}},{"type":"Feature","geometry":{"type":"LineString","coordinates":[[72.86819085132393,19.0883206438285],[72.86867161262111,19.087874574592114],[72.86905390799265,19.08769834443873],[72.86972696741921,19.08707384332654]]},"properties":{"id":"L01107","strahler":1,"length_m":218.0,"drop_m":0.5,"gradient":0.00229,"area_ha":7.58,"on_drain_share":0.0,"downstream":"L01143"}},{"type":"Feature","geometry":{"type":"LineString","coordinates":[[72.93108753714219,19.088405521434698],[72.93183968370862,19.089046273468888],[72.9320296845185,19.089048406656893]]},"properties":{"id":"L01075","strahler":2,"length_m":129.0,"drop_m":0.57,"gradient":0.0044,"area_ha":34.53,"on_drain_share":0.0,"downstream":"L01099"}},{"type":"Feature","geometry":{"type":"LineString","coordinates":[[72.9320296845185,19.089048406656893],[72.93289478073325,19.088245151798038]]},"properties":{"id":"L01099","strahler":2,"length_m":127.3,"drop_m":-0.17,"gradient":0.0,"area_ha":40.6,"on_drain_share":0.0,"downstream":"L01115"}},{"type":"Feature","geometry":{"type":"LineString","coordinates":[[72.93613262149819,19.087649150032316],[72.93641426292056,19.08792329410151],[72.93679426310382,19.08792755060803],[72.9371675493154,19.08847370901502],[72.93726254971091,19.088474772856173],[72.93763807621033,19.088840296276317],[72.93782807748232,19.088842423463834],[72.93811084234142,19.089026248198984],[72.93839584466218,19.089029438205568],[72.93848972709661,19.08912081862386],[72.93886973051028,19.089125071107073],[72.93896584947402,19.089035816897933],[72.93991585799814,19.089046444138393]]},"properties":{"id":"L01077","strahler":3,"length_m":482.1,"drop_m":0.25,"gradient":0.00051,"area_ha":108.81,"on_drain_share":0.0,"downstream":"L01078"}},{"type":"Feature","geometry":{"type":"LineString","coordinates":[[72.9230058007764,19.08885654783881],[72.92300692750767,19.08876623154224],[72.92206933004856,19.087762038558083],[72.92207271153782,19.087491089794913],[72.92169722528598,19.08712553808346],[72.92142124894347,19.086399792757597],[72.92104689408825,19.08594392383411]]},"properties":{"id":"L01132","strahler":1,"length_m":407.0,"drop_m":0.3,"gradient":0.00074,"area_ha":4.51,"on_drain_share":0.0,"downstream":"L01152"}},{"type":"Feature","geometry":{"type":"LineString","coordinates":[[72.93991585799814,19.089046444138393],[72.94001085888523,19.08904750659339]]},"properties":{"id":"L01078","strahler":3,"length_m":10.0,"drop_m":-0.01,"gradient":0.0,"area_ha":116.19,"on_drain_share":0.0,"downstream":null}},{"type":"Feature","geometry":{"type":"LineString","coordinates":[[72.85886407676456,19.08216061882664],[72.85753302758341,19.0822354722529],[72.85706271604207,19.081868698741477],[72.85639777414158,19.081860963998626],[72.85610582373963,19.082399523106403],[72.85609536019683,19.083212335138484],[72.85580689451183,19.083479956098493],[72.85552191685153,19.083476639291572],[72.85551959089128,19.08365726410389],[72.85522996036524,19.08401519636888],[72.85484998908795,19.08401077255337],[72.85465534953335,19.084369809747646],[72.85484300873263,19.084552646708303],[72.85512798810633,19.084555964744574],[72.8552218180342,19.084647383037204],[72.85521949159485,19.08482800779101],[72.8555009822647,19.08510226246537],[72.85569096921621,19.085104473921408],[72.85578363681394,19.085286204387888],[72.85606629201308,19.08547014593401],[72.85606047788448,19.0859217080217],[72.85624697759307,19.086194856267138],[72.85634197173512,19.086195961695918],[72.85671729830929,19.086561632721068],[72.85709611354527,19.086656365724583],[72.85747144287244,19.087022035458197],[72.85813292044358,19.087300705914764],[72.8588835883596,19.088032041216525],[72.859358565196,19.088037561586926],[72.85974202971462,19.087771039161332]]},"properties":{"id":"L01081","strahler":1,"length_m":1447.1,"drop_m":7.62,"gradient":0.00526,"area_ha":22.02,"on_drain_share":0.0,"downstream":"L01085"}},{"type":"Feature","geometry":{"type":"LineString","coordinates":[[72.84188186705654,19.087652983474506],[72.84235800787667,19.087568235975244]]},"properties":{"id":"L01083","strahler":1,"length_m":54.1,"drop_m":0.21,"gradient":0.00388,"area_ha":7.74,"on_drain_share":0.0,"downstream":"L01039"}},{"type":"Feature","geometry":{"type":"LineString","coordinates":[[72.89023469800246,19.088213134169095],[72.89024499790648,19.08740030449438],[72.89053342145004,19.08713262496923],[72.89091340868495,19.087136975906997],[72.89110569017312,19.08695852215007],[72.89111255351429,19.086416635330128],[72.89054829590864,19.085958537272496],[72.89026330755614,19.085955273771496],[72.89016945580123,19.085863871417295],[72.88950448360984,19.085856254566412],[72.889316781219,19.085673449134536],[72.88903179358114,19.085670183776116],[72.88846754469552,19.08521208009991],[72.88827755356103,19.08520990241834],[72.88799600333112,19.084935692617556],[72.88714104510875,19.084925889459136],[72.88694876238988,19.085104338928367],[72.88637535090787,19.085368743258787]]},"properties":{"id":"L01136","strahler":2,"length_m":847.7,"drop_m":15.78,"gradient":0.01861,"area_ha":29.95,"on_drain_share":0.0,"downstream":"L01168"}},{"type":"Feature","geometry":{"type":"LineString","coordinates":[[72.9153187574454,19.088137410242513],[72.91560149270153,19.08832126710624],[72.91598601075451,19.087964303019152],[72.91636600609947,19.08796860165709],[72.91645987472167,19.088059992121835],[72.9164576142426,19.088240623974077],[72.91683422018326,19.088515869536188],[72.91702647847501,19.08833738622599],[72.91740647492347,19.08834168279919],[72.91778986004144,19.0880750305833],[72.91835985413216,19.088081472703404]]},"properties":{"id":"L01102","strahler":1,"length_m":402.1,"drop_m":3.54,"gradient":0.00881,"area_ha":8.65,"on_drain_share":0.0,"downstream":"L01159"}},{"type":"Feature","geometry":{"type":"LineString","coordinates":[[72.85825811881604,19.084953684326454],[72.8582557956285,19.08513430943442],[72.85786885008962,19.085671766773913],[72.8578653645241,19.085942704344145],[72.85805302919168,19.086125538520985],[72.85804722023354,19.08657710116568],[72.85785490747375,19.086755517003436],[72.85842139006878,19.087033081694074],[72.85917205829922,19.08776441584497],[72.85974202971462,19.087771039161332]]},"properties":{"id":"L01084","strahler":1,"length_m":478.7,"drop_m":2.92,"gradient":0.0061,"area_ha":11.79,"on_drain_share":0.0,"downstream":"L01085"}},{"type":"Feature","geometry":{"type":"LineString","coordinates":[[72.85974202971462,19.087771039161332],[72.8600270155107,19.08777435015928],[72.86012317154754,19.087685141089217]]},"properties":{"id":"L01085","strahler":2,"length_m":44.1,"drop_m":-0.28,"gradient":0.0,"area_ha":34.48,"on_drain_share":0.0,"downstream":"L01101"}},{"type":"Feature","geometry":{"type":"LineString","coordinates":[[72.90952043552288,19.08834268406565],[72.90990043016,19.088346996117476]]},"properties":{"id":"L01086","strahler":1,"length_m":40.0,"drop_m":-0.43,"gradient":0.0,"area_ha":4.18,"on_drain_share":0.0,"downstream":"L01093"}},{"type":"Feature","geometry":{"type":"LineString","coordinates":[[72.90990043016,19.088346996117476],[72.91009269491475,19.08816852073512],[72.91104154787278,19.08826961196551],[72.91123381143069,19.08809113526481],[72.9118026704257,19.08818791332526],[72.91189653640758,19.08827930588871]]},"properties":{"id":"L01093","strahler":2,"length_m":239.0,"drop_m":4.92,"gradient":0.02061,"area_ha":12.17,"on_drain_share":0.0,"downstream":"L01092"}},{"type":"Feature","geometry":{"type":"LineString","coordinates":[[72.8416565869597,19.083043754795984],[72.84165424602493,19.08322437796588],[72.84174806713375,19.083315802338873],[72.84173636251185,19.08421891817827],[72.8418301841717,19.08431034255984],[72.84182550231736,19.08467158888774],[72.84201197591366,19.084944749161977],[72.84200144210261,19.08575755342019],[72.84218674665696,19.08612102522232],[72.84217972427793,19.086662894729955],[72.84236737070111,19.086845743276456],[72.84235800787667,19.087568235975244]]},"properties":{"id":"L01090","strahler":2,"length_m":533.1,"drop_m":0.26,"gradient":0.00049,"area_ha":39.14,"on_drain_share":0.0,"downstream":"L01039"}},{"type":"Feature","geometry":{"type":"LineString","coordinates":[[72.85958802924831,19.084969140401395],[72.85949187468147,19.08505834934136],[72.85948258706993,19.08578085032698],[72.8597652477529,19.08596478666503],[72.85976060435475,19.086326037194763],[72.85918483193888,19.086770977389794],[72.85918134829755,19.08704191516173],[72.85993318110005,19.0876829339152],[72.86012317154754,19.087685141089217]]},"properties":{"id":"L01091","strahler":1,"length_m":412.1,"drop_m":3.85,"gradient":0.00933,"area_ha":11.21,"on_drain_share":0.0,"downstream":"L01101"}},{"type":"Feature","geometry":{"type":"LineString","coordinates":[[72.86012317154754,19.087685141089217],[72.86050315252109,19.087689554850392],[72.86088661460082,19.087423029773962],[72.86193156140855,19.087435161245473]]},"properties":{"id":"L01101","strahler":2,"length_m":202.4,"drop_m":-0.16,"gradient":0.0,"area_ha":47.73,"on_drain_share":0.0,"downstream":"L01109"}},{"type":"Feature","geometry":{"type":"LineString","coordinates":[[72.91189653640758,19.08827930588871],[72.91199153516561,19.08828038274672]]},"properties":{"id":"L01092","strahler":2,"length_m":10.0,"drop_m":0.0,"gradient":0.0,"area_ha":17.29,"on_drain_share":0.0,"downstream":"L01056"}},{"type":"Feature","geometry":{"type":"LineString","coordinates":[[72.9195914564798,19.08836637290722],[72.91960161321394,19.087553527928396],[72.91969774046821,19.087464284656303],[72.91970112575828,19.087193336293733],[72.92047013870156,19.086479387775302],[72.92047690633547,19.08593749071709],[72.92086140895096,19.085580514845674],[72.92086479198846,19.085309566226922]]},"properties":{"id":"L01155","strahler":4,"length_m":393.8,"drop_m":-0.53,"gradient":0.0,"area_ha":359.77,"on_drain_share":0.0,"downstream":"L01160"}},{"type":"Feature","geometry":{"type":"LineString","coordinates":[[72.87589707856284,19.087506400306975],[72.87532594953379,19.087590140579977],[72.87513365207663,19.087768576138647],[72.87418369030652,19.08775761564047],[72.87381062571563,19.08721134938149]]},"properties":{"id":"L01104","strahler":1,"length_m":269.0,"drop_m":0.31,"gradient":0.00116,"area_ha":6.92,"on_drain_share":0.0,"downstream":"L01137"}},{"type":"Feature","geometry":{"type":"LineString","coordinates":[[72.91114674451204,19.087457848666055],[72.91199153516561,19.08828038274672]]},"properties":{"id":"L01094","strahler":3,"length_m":127.3,"drop_m":1.73,"gradient":0.01355,"area_ha":57.26,"on_drain_share":0.0,"downstream":"L01056"}},{"type":"Feature","geometry":{"type":"LineString","coordinates":[[72.93042590540476,19.088127101079884],[72.93108753714219,19.088405521434698]]},"properties":{"id":"L01095","strahler":1,"length_m":82.4,"drop_m":0.51,"gradient":0.00613,"area_ha":8.28,"on_drain_share":0.0,"downstream":"L01075"}},{"type":"Feature","geometry":{"type":"LineString","coordinates":[[72.86193156140855,19.087435161245473],[72.86250153272817,19.087441775917597],[72.86269384190086,19.08726335482905],[72.86307382255224,19.087267763196266],[72.86336228500103,19.087000130451276],[72.86440723084995,19.087012247627676],[72.86459953764708,19.086833824293173],[72.86544523043636,19.087566236631506],[72.86630944912466,19.086853637673844],[72.86678326781774,19.08694945161886]]},"properties":{"id":"L01109","strahler":3,"length_m":609.4,"drop_m":0.03,"gradient":6e-05,"area_ha":246.0,"on_drain_share":0.0,"downstream":"L01108"}},{"type":"Feature","geometry":{"type":"LineString","coordinates":[[72.92826114016327,19.086476840701913],[72.9283572625632,19.086387592400083],[72.92883337942047,19.08630261660981],[72.92930275690753,19.086759539626414],[72.92949275480338,19.08676167518432],[72.92958663072497,19.086853059583706],[72.92958438463431,19.087033692968465],[72.9297743828768,19.0870358282655],[72.93108753714219,19.088405521434698]]},"properties":{"id":"L01098","strahler":2,"length_m":421.1,"drop_m":0.88,"gradient":0.00208,"area_ha":23.49,"on_drain_share":0.0,"downstream":"L01075"}},{"type":"Feature","geometry":{"type":"LineString","coordinates":[[72.91835985413216,19.088081472703404],[72.92028239832676,19.0862966106191],[72.92028916650156,19.085754713614985],[72.92067366901529,19.08539773812724],[72.92067705232324,19.085126789535526]]},"properties":{"id":"L01159","strahler":2,"length_m":429.4,"drop_m":-0.44,"gradient":0.0,"area_ha":19.67,"on_drain_share":0.0,"downstream":"L01164"}},{"type":"Feature","geometry":{"type":"LineString","coordinates":[[72.93289478073325,19.088245151798038],[72.93308926562791,19.0878860162849],[72.93356426476718,19.087891345355892],[72.9341409876655,19.087355836949634]]},"properties":{"id":"L01115","strahler":3,"length_m":183.1,"drop_m":0.58,"gradient":0.00319,"area_ha":64.15,"on_drain_share":0.0,"downstream":"L01117"}},{"type":"Feature","geometry":{"type":"LineString","coordinates":[[72.92406431205839,19.087784531593176],[72.92387206124788,19.087963023039826],[72.9233959383579,19.088047985295102],[72.92283270311941,19.08749966098285],[72.92264608569201,19.087226569609513],[72.92264833933098,19.087045937024893],[72.92217898116655,19.086588998704556]]},"properties":{"id":"L01125","strahler":1,"length_m":296.3,"drop_m":1.93,"gradient":0.00651,"area_ha":6.29,"on_drain_share":0.0,"downstream":"L01153"}},{"type":"Feature","geometry":{"type":"LineString","coordinates":[[72.86678326781774,19.08694945161886],[72.86792321098642,19.0869626488695],[72.86801704986223,19.08705406143443],[72.86820704059757,19.08705626020492],[72.86849433908995,19.086878931713148],[72.86896584787695,19.08715536649758],[72.86915583884556,19.087157564301155],[72.86925199010818,19.087068349945916],[72.86972696741921,19.08707384332654]]},"properties":{"id":"L01108","strahler":3,"length_m":339.0,"drop_m":0.5,"gradient":0.00147,"area_ha":261.44,"on_drain_share":0.0,"downstream":"L01143"}},{"type":"Feature","geometry":{"type":"LineString","coordinates":[[72.87381062571563,19.08721134938149],[72.87371678326019,19.087119939454393],[72.87372024327472,19.086848999110277],[72.87353371235702,19.086575865727056],[72.87353601916755,19.086395238842833],[72.87363332117991,19.086215708472213],[72.87401676151295,19.08594915362997],[72.87421021072106,19.085680405628505],[72.87421251668148,19.08549977864716],[72.87459825992707,19.0850525952941]]},"properties":{"id":"L01137","strahler":5,"length_m":303.8,"drop_m":0.45,"gradient":0.00149,"area_ha":2863.71,"on_drain_share":0.0,"downstream":"L01145"}},{"type":"Feature","geometry":{"type":"LineString","coordinates":[[72.88511517306272,19.087341481424712],[72.88521246389652,19.08716194379726],[72.88522164063276,19.0864394308008],[72.88503623712211,19.086075993161888],[72.88475469144856,19.08580177880078],[72.88475813325348,19.085530836474693],[72.88466428503625,19.085439431623943],[72.88466887419875,19.085078175194262],[72.8848634533866,19.08471910009197]]},"properties":{"id":"L01158","strahler":2,"length_m":327.3,"drop_m":-3.86,"gradient":0.0,"area_ha":44.36,"on_drain_share":0.0,"downstream":"L01167"}},{"type":"Feature","geometry":{"type":"LineString","coordinates":[[72.86972696741921,19.08707384332654],[72.8714588229765,19.085377656261336],[72.87174380686155,19.08538094874368],[72.87222455028805,19.084934868347368]]},"properties":{"id":"L01143","strahler":3,"length_m":365.3,"drop_m":-0.5,"gradient":0.0,"area_ha":278.19,"on_drain_share":0.0,"downstream":"L01149"}},{"type":"Feature","geometry":{"type":"LineString","coordinates":[[72.8873962388337,19.0872773283712],[72.88711354098447,19.0870934313159],[72.88636388687088,19.086271885274556],[72.88637535090787,19.085368743258787]]},"properties":{"id":"L01134","strahler":1,"length_m":261.4,"drop_m":4.52,"gradient":0.01731,"area_ha":7.88,"on_drain_share":0.0,"downstream":"L01168"}},{"type":"Feature","geometry":{"type":"LineString","coordinates":[[72.866407916125,19.086583798893685],[72.86678326781774,19.08694945161886]]},"properties":{"id":"L01110","strahler":1,"length_m":56.6,"drop_m":0.0,"gradient":0.0,"area_ha":10.3,"on_drain_share":0.0,"downstream":"L01108"}},{"type":"Feature","geometry":{"type":"LineString","coordinates":[[72.90671816676247,19.08451707282117],[72.90756405486164,19.085249308523046],[72.90803790413536,19.085345018135758],[72.90841335384172,19.085710594542057],[72.90944925084294,19.086444979842014],[72.9098292411336,19.086449291628785],[72.91020583093895,19.08672454937432],[72.9103958264824,19.086726704615888],[72.91114674451204,19.087457848666055]]},"properties":{"id":"L01111","strahler":2,"length_m":602.5,"drop_m":3.39,"gradient":0.00563,"area_ha":37.63,"on_drain_share":0.0,"downstream":"L01094"}},{"type":"Feature","geometry":{"type":"LineString","coordinates":[[72.91172466328345,19.086832101495286],[72.91114787758438,19.087367533039345],[72.91114674451204,19.087457848666055]]},"properties":{"id":"L01112","strahler":2,"length_m":94.9,"drop_m":1.55,"gradient":0.01629,"area_ha":18.58,"on_drain_share":0.0,"downstream":"L01094"}},{"type":"Feature","geometry":{"type":"LineString","coordinates":[[72.93547546178031,19.087009479171474],[72.93613262149819,19.087649150032316]]},"properties":{"id":"L01113","strahler":3,"length_m":99.0,"drop_m":-0.7,"gradient":0.0,"area_ha":87.91,"on_drain_share":0.0,"downstream":"L01077"}},{"type":"Feature","geometry":{"type":"LineString","coordinates":[[72.93690045432491,19.087025443560453],[72.9367104552369,19.087023315611123],[72.93613262149819,19.087649150032316]]},"properties":{"id":"L01114","strahler":1,"length_m":114.9,"drop_m":-0.58,"gradient":0.0,"area_ha":8.48,"on_drain_share":0.0,"downstream":"L01077"}},{"type":"Feature","geometry":{"type":"LineString","coordinates":[[72.9341409876655,19.087355836949634],[72.93471098521682,19.08736222826459],[72.93490322481837,19.087183724324895],[72.9352832229513,19.087187983788606],[72.93547546178031,19.087009479171474]]},"properties":{"id":"L01117","strahler":3,"length_m":156.6,"drop_m":0.23,"gradient":0.00148,"area_ha":73.18,"on_drain_share":0.0,"downstream":"L01113"}},{"type":"Feature","geometry":{"type":"LineString","coordinates":[[72.93366935242743,19.08707955873861],[72.93385935121408,19.087081689829184],[72.9341409876655,19.087355836949634]]},"properties":{"id":"L01116","strahler":1,"length_m":62.4,"drop_m":0.3,"gradient":0.00474,"area_ha":5.1,"on_drain_share":0.0,"downstream":"L01117"}},{"type":"Feature","geometry":{"type":"LineString","coordinates":[[72.84503654612068,19.086154384099686],[72.84551735607654,19.0857083806947],[72.84570734247012,19.085710602509565]]},"properties":{"id":"L01126","strahler":1,"length_m":90.7,"drop_m":-1.03,"gradient":0.0,"area_ha":6.72,"on_drain_share":0.0,"downstream":null}},{"type":"Feature","geometry":{"type":"LineString","coordinates":[[72.87876077200926,19.086455475291828],[72.87876307313634,19.086274847790857],[72.87866922816288,19.086183440167886],[72.87867613165804,19.08564155766982],[72.87839689954652,19.085186707172376],[72.87839920090333,19.085006079689304]]},"properties":{"id":"L01146","strahler":1,"length_m":176.6,"drop_m":0.0,"gradient":0.0,"area_ha":9.59,"on_drain_share":0.0,"downstream":"L01188"}},{"type":"Feature","geometry":{"type":"LineString","coordinates":[[72.91089574383851,19.084745148051777],[72.91108573720837,19.084747302367454],[72.91202437991193,19.085661228004373],[72.9116387273522,19.086108499265606],[72.91163419641101,19.086469761929504],[72.91182192653439,19.08665254701909],[72.91172466328345,19.086832101495286]]},"properties":{"id":"L01118","strahler":1,"length_m":320.4,"drop_m":-1.36,"gradient":0.0,"area_ha":13.63,"on_drain_share":0.0,"downstream":"L01112"}},{"type":"Feature","geometry":{"type":"LineString","coordinates":[[72.91220305032469,19.08656653826334],[72.91201305474415,19.086564384902225],[72.91172466328345,19.086832101495286]]},"properties":{"id":"L01119","strahler":1,"length_m":62.4,"drop_m":0.48,"gradient":0.00774,"area_ha":4.6,"on_drain_share":0.0,"downstream":"L01112"}},{"type":"Feature","geometry":{"type":"LineString","coordinates":[[72.90555208417388,19.086581369534095],[72.9059366171632,19.086224428046215],[72.9059388887932,19.086043797370785],[72.90575116638152,19.085861006951493],[72.90575457404864,19.085590060958495],[72.90556685231859,19.085407270411014],[72.90566412087674,19.085227719716286],[72.90567093619286,19.08468582771485],[72.90615046029336,19.08432996512247],[72.90652817418686,19.084514914028368],[72.90671816676247,19.08451707282117]]},"properties":{"id":"L01173","strahler":1,"length_m":382.1,"drop_m":8.75,"gradient":0.02291,"area_ha":11.82,"on_drain_share":0.0,"downstream":"L01111"}},{"type":"Feature","geometry":{"type":"LineString","coordinates":[[72.92787664953472,19.08683383330191],[72.92826114016327,19.086476840701913]]},"properties":{"id":"L01128","strahler":1,"length_m":56.6,"drop_m":-1.46,"gradient":0.0,"area_ha":5.09,"on_drain_share":0.0,"downstream":"L01098"}},{"type":"Feature","geometry":{"type":"LineString","coordinates":[[72.93634948590605,19.085483668672026],[72.9354844204263,19.086286942911528],[72.93528994266677,19.086646081675706],[72.93528770278687,19.08682671571713],[72.93547546178031,19.087009479171474]]},"properties":{"id":"L01122","strahler":1,"length_m":223.8,"drop_m":0.66,"gradient":0.00294,"area_ha":9.99,"on_drain_share":0.0,"downstream":"L01113"}},{"type":"Feature","geometry":{"type":"LineString","coordinates":[[72.833262114298,19.085654971533756],[72.83307448009388,19.08547211480119],[72.8329841890719,19.085109753241383],[72.83270156381239,19.084925778813115],[72.83261244925033,19.084473106129764]]},"properties":{"id":"L01142","strahler":1,"length_m":164.9,"drop_m":2.48,"gradient":0.01507,"area_ha":5.61,"on_drain_share":0.0,"downstream":"L01161"}},{"type":"Feature","geometry":{"type":"LineString","coordinates":[[72.8954869617636,19.086105349420855],[72.89605694096211,19.08611185987725],[72.89633850757058,19.086386058782693],[72.89652850103545,19.086388228283266]]},"properties":{"id":"L01123","strahler":1,"length_m":122.4,"drop_m":-0.08,"gradient":0.0,"area_ha":6.39,"on_drain_share":0.0,"downstream":"L01139"}},{"type":"Feature","geometry":{"type":"LineString","coordinates":[[72.89652850103545,19.086388228283266],[72.89671849452606,19.08639039758821],[72.89681463205618,19.086301167361526],[72.89672990250244,19.085487249542656],[72.89692217630248,19.08530878889904]]},"properties":{"id":"L01139","strahler":2,"length_m":156.6,"drop_m":2.16,"gradient":0.0138,"area_ha":48.54,"on_drain_share":0.0,"downstream":"L01197"}},{"type":"Feature","geometry":{"type":"LineString","coordinates":[[72.90108835190873,19.08644023760916],[72.90052520225889,19.08589185246652],[72.90052861843166,19.085620907384133],[72.90091315865118,19.08526397717253],[72.90091429713118,19.08517366211733],[72.90016229888097,19.084532796451384],[72.8999723070876,19.084530630899117],[72.89968390211553,19.08479832717177],[72.89844895432984,19.084784244191983],[72.89796827439403,19.085230399891923],[72.89796599422604,19.085411029657763],[72.89767872494386,19.085588407445293]]},"properties":{"id":"L01135","strahler":2,"length_m":611.8,"drop_m":0.84,"gradient":0.00137,"area_ha":38.91,"on_drain_share":0.0,"downstream":"L01140"}},{"type":"Feature","geometry":{"type":"LineString","coordinates":[[72.92217898116655,19.086588998704556],[72.92095866197539,19.0854009545142]]},"properties":{"id":"L01153","strahler":2,"length_m":183.8,"drop_m":0.06,"gradient":0.00035,"area_ha":17.62,"on_drain_share":0.0,"downstream":"L01156"}},{"type":"Feature","geometry":{"type":"LineString","coordinates":[[72.92304185302565,19.085966425878272],[72.92227397958398,19.086590070170814],[72.92217898116655,19.086588998704556]]},"properties":{"id":"L01127","strahler":1,"length_m":119.0,"drop_m":1.44,"gradient":0.01211,"area_ha":5.94,"on_drain_share":0.0,"downstream":"L01153"}},{"type":"Feature","geometry":{"type":"LineString","coordinates":[[72.87952763853,19.08592234185187],[72.87943149293079,19.086011562182453],[72.87924150199764,19.086009375098342],[72.87867843277117,19.085460930162863],[72.87858688943714,19.085188895036552],[72.87839920090333,19.085006079689304]]},"properties":{"id":"L01147","strahler":1,"length_m":181.4,"drop_m":6.51,"gradient":0.0359,"area_ha":4.39,"on_drain_share":0.0,"downstream":"L01188"}},{"type":"Feature","geometry":{"type":"LineString","coordinates":[[72.92731340178814,19.08628552162536],[72.92769002392629,19.086560746311996],[72.92826114016327,19.086476840701913]]},"properties":{"id":"L01129","strahler":1,"length_m":116.6,"drop_m":-1.21,"gradient":0.0,"area_ha":4.59,"on_drain_share":0.0,"downstream":"L01098"}},{"type":"Feature","geometry":{"type":"LineString","coordinates":[[72.91574284356601,19.08461939015952],[72.91583671011625,19.084710780761156],[72.91602670404706,19.084712929979897],[72.9162133075198,19.08498602683606],[72.91697328483431,19.084994621103593],[72.91809970140694,19.086091299194628],[72.91838469508598,19.086094519674077],[72.91895129632054,19.086371907578144],[72.91923629063442,19.086375126786212],[72.92048592949108,19.085214961253037],[72.92048818521636,19.085034328877537],[72.92058431044659,19.084945084936788]]},"properties":{"id":"L01163","strahler":2,"length_m":672.5,"drop_m":2.06,"gradient":0.00306,"area_ha":36.74,"on_drain_share":0.0,"downstream":"L01215"}},{"type":"Feature","geometry":{"type":"LineString","coordinates":[[72.86152733425807,19.081920569974386],[72.86151457808214,19.08291401047704],[72.86160841104156,19.083005425781526],[72.86160609174158,19.08318605132441],[72.86198258444041,19.083461399403763],[72.86226988190188,19.083284080603807],[72.86321981077212,19.083295100032693],[72.86387665220705,19.08393500102919],[72.86406663887091,19.083937203722186],[72.86444892859642,19.083760982657378],[72.86596766428674,19.08386890687391],[72.86654456696313,19.083333629529836],[72.86701953278614,19.083339128854302],[72.86730104259523,19.083613367175076],[72.86729872938727,19.08379399337887],[72.86720257926775,19.083883206825345],[72.86729178960682,19.084335871967415],[72.86748177715214,19.084338071184668],[72.86757561443594,19.084429483831492],[72.86767176472354,19.08434027020633],[72.86843171527,19.08434906433709],[72.86861939109937,19.084531888725998],[72.86861592324178,19.08480282823665],[72.86889859398566,19.084986751388595],[72.86889628233048,19.085167377754015],[72.86955430990683,19.08571694800032],[72.87041503758722,19.085275266790998],[72.87108692704501,19.08474107241826],[72.87155958955289,19.0849271871109],[72.87222455028805,19.084934868347368]]},"properties":{"id":"L01148","strahler":1,"length_m":1605.4,"drop_m":10.03,"gradient":0.00625,"area_ha":34.34,"on_drain_share":0.0,"downstream":"L01149"}},{"type":"Feature","geometry":{"type":"LineString","coordinates":[[72.83203426879696,19.085098576973134],[72.83231924480982,19.085101930367006],[72.83232277175581,19.084830997342017],[72.83261244925033,19.084473106129764]]},"properties":{"id":"L01141","strahler":1,"length_m":112.4,"drop_m":0.08,"gradient":0.0007,"area_ha":5.06,"on_drain_share":0.0,"downstream":"L01161"}},{"type":"Feature","geometry":{"type":"LineString","coordinates":[[72.84943424349602,19.084037960219614],[72.84904844095342,19.084485084525866],[72.84876346284126,19.084481757101603],[72.84866963690176,19.084390335871962],[72.84838232520497,19.08456763182393],[72.84837765749023,19.084928879704574],[72.84856297594469,19.08529234639448]]},"properties":{"id":"L01130","strahler":2,"length_m":237.3,"drop_m":0.78,"gradient":0.00328,"area_ha":20.15,"on_drain_share":0.0,"downstream":null}},{"type":"Feature","geometry":{"type":"LineString","coordinates":[[72.92104689408825,19.08594392383411],[72.92095866197539,19.0854009545142]]},"properties":{"id":"L01152","strahler":2,"length_m":64.1,"drop_m":0.1,"gradient":0.00152,"area_ha":31.37,"on_drain_share":0.0,"downstream":"L01156"}},{"type":"Feature","geometry":{"type":"LineString","coordinates":[[72.89767872494386,19.085588407445293],[72.8972037432584,19.08558298650969],[72.89692217630248,19.08530878889904]]},"properties":{"id":"L01140","strahler":3,"length_m":92.4,"drop_m":0.25,"gradient":0.00265,"area_ha":141.2,"on_drain_share":0.0,"downstream":"L01197"}},{"type":"Feature","geometry":{"type":"LineString","coordinates":[[72.88637535090787,19.085368743258787],[72.88552841904144,19.08472673325074],[72.88524343372198,19.084723462190382],[72.88486804193063,19.084357843587473]]},"properties":{"id":"L01168","strahler":2,"length_m":205.6,"drop_m":-1.63,"gradient":0.0,"area_ha":43.04,"on_drain_share":0.0,"downstream":"L01190"}},{"type":"Feature","geometry":{"type":"LineString","coordinates":[[72.87459710718831,19.085142908812305],[72.87459825992707,19.0850525952941]]},"properties":{"id":"L01138","strahler":1,"length_m":10.0,"drop_m":0.0,"gradient":0.0,"area_ha":4.01,"on_drain_share":0.0,"downstream":"L01145"}},{"type":"Feature","geometry":{"type":"LineString","coordinates":[[72.8746944072387,19.08496337767635],[72.87488670155342,19.084784942257834],[72.87507669055202,19.08478713369605],[72.87564204905063,19.08515496116095],[72.87631507501827,19.084530432406872],[72.87632083379123,19.08407886427137],[72.87641697965702,19.083989645601335],[72.8766069679379,19.083991835374487],[72.8769915500132,19.083634959648712],[72.87708654398368,19.083636054244074],[72.87737613044298,19.083278082947146],[72.87738073484803,19.0829168281423],[72.87747687946671,19.082827608788364]]},"properties":{"id":"L01187","strahler":5,"length_m":481.1,"drop_m":3.09,"gradient":0.00642,"area_ha":3258.82,"on_drain_share":0.0,"downstream":"L01250"}},{"type":"Feature","geometry":{"type":"LineString","coordinates":[[72.8726045279942,19.084939256549553],[72.87269836867624,19.085030666885444],[72.87355331941714,19.08504053708988]]},"properties":{"id":"L01144","strahler":4,"length_m":104.1,"drop_m":0.5,"gradient":0.0048,"area_ha":368.32,"on_drain_share":0.0,"downstream":"L01151"}},{"type":"Feature","geometry":{"type":"LineString","coordinates":[[72.87355331941714,19.08504053708988],[72.8746944072387,19.08496337767635]]},"properties":{"id":"L01151","strahler":4,"length_m":124.1,"drop_m":0.14,"gradient":0.00113,"area_ha":380.67,"on_drain_share":0.0,"downstream":"L01187"}},{"type":"Feature","geometry":{"type":"LineString","coordinates":[[72.87459825992707,19.0850525952941],[72.8746944072387,19.08496337767635]]},"properties":{"id":"L01145","strahler":5,"length_m":14.1,"drop_m":0.0,"gradient":0.0,"area_ha":2868.05,"on_drain_share":0.0,"downstream":"L01187"}},{"type":"Feature","geometry":{"type":"LineString","coordinates":[[72.88419275042321,19.085163034952068],[72.88438274100164,19.085165216839187],[72.8848634533866,19.08471910009197]]},"properties":{"id":"L01157","strahler":1,"length_m":90.7,"drop_m":-0.01,"gradient":0.0,"area_ha":4.33,"on_drain_share":0.0,"downstream":"L01167"}},{"type":"Feature","geometry":{"type":"LineString","coordinates":[[72.89692217630248,19.08530878889904],[72.89740285900251,19.084862636224443],[72.89759741183907,19.084503544991495],[72.89741084136793,19.084230432219154],[72.89741882341816,19.083598228167332],[72.89713725908479,19.08332403111843],[72.89675727902072,19.083319693845834],[72.89656500758662,19.08349815455637],[72.89599161400872,19.083762590881392],[72.89571005200905,19.083488391852985],[72.89571233437538,19.083307762312117],[72.89524192547789,19.08294107794909],[72.89505307760953,19.082848592761856],[72.89448310994435,19.082842080270776],[72.8942015520716,19.08256787929757],[72.89448996070661,19.08230019202765]]},"properties":{"id":"L01197","strahler":3,"length_m":708.4,"drop_m":2.87,"gradient":0.00405,"area_ha":203.25,"on_drain_share":0.0,"downstream":"L01299"}},{"type":"Feature","geometry":{"type":"LineString","coordinates":[[72.83261244925033,19.084473106129764],[72.83261950187861,19.083931239928802]]},"properties":{"id":"L01161","strahler":2,"length_m":60.0,"drop_m":0.91,"gradient":0.01515,"area_ha":10.87,"on_drain_share":0.0,"downstream":"L01177"}},{"type":"Feature","geometry":{"type":"LineString","coordinates":[[72.87222455028805,19.084934868347368],[72.8726045279942,19.084939256549553]]},"properties":{"id":"L01149","strahler":3,"length_m":40.0,"drop_m":0.0,"gradient":0.0,"area_ha":312.57,"on_drain_share":0.0,"downstream":"L01144"}},{"type":"Feature","geometry":{"type":"LineString","coordinates":[[72.87520971096733,19.081807881509242],[72.87520855877112,19.08189819509514],[72.87492127547954,19.08207553568187],[72.87491781835018,19.082346476377985],[72.87415095682067,19.08287959097253],[72.87328448351728,19.08377285920031],[72.87328217677548,19.083953486106225],[72.87308757497661,19.08431254666606],[72.8732717961154,19.08476630713577],[72.87355331941714,19.08504053708988]]},"properties":{"id":"L01150","strahler":1,"length_m":501.1,"drop_m":0.81,"gradient":0.00161,"area_ha":10.29,"on_drain_share":0.0,"downstream":"L01151"}},{"type":"Feature","geometry":{"type":"LineString","coordinates":[[72.87839920090333,19.085006079689304],[72.87840150223417,19.084825452202427],[72.8782138142915,19.084642636718762],[72.87821841723482,19.084281381770523],[72.87756151393343,19.083641526487437],[72.87747687946671,19.082827608788364]]},"properties":{"id":"L01188","strahler":2,"length_m":281.4,"drop_m":0.34,"gradient":0.0012,"area_ha":23.07,"on_drain_share":0.0,"downstream":"L01250"}},{"type":"Feature","geometry":{"type":"LineString","coordinates":[[72.8931234782592,19.085175057593105],[72.89312576364732,19.08499442838665],[72.89293577218908,19.084992255530683],[72.89265421385535,19.08471805214609],[72.8926564996933,19.084537422985413],[72.89256264721105,19.08444602178879]]},"properties":{"id":"L01170","strahler":1,"length_m":116.6,"drop_m":0.56,"gradient":0.00485,"area_ha":5.48,"on_drain_share":0.0,"downstream":"L01207"}},{"type":"Feature","geometry":{"type":"LineString","coordinates":[[72.8363581963687,19.08135575852201],[72.83635702314444,19.081446069807114],[72.83587620479938,19.08189204827393],[72.83596884826524,19.08207378647296],[72.83596415429417,19.082435031486288],[72.83567566114306,19.082702617876375],[72.83567214007294,19.082973551566685],[72.83557597530948,19.08306274688776],[72.83556775884128,19.08369492541868],[72.83547159356873,19.083784120632124],[72.83423670512762,19.083769608164207],[72.83394820694595,19.08403719130899],[72.83366323244614,19.08403384061335],[72.83327856622671,19.084390616627854],[72.83318474970034,19.084299188347043],[72.83299476649135,19.084296953782466],[72.83261950187861,19.083931239928802]]},"properties":{"id":"L01162","strahler":1,"length_m":665.3,"drop_m":7.2,"gradient":0.01082,"area_ha":15.67,"on_drain_share":0.0,"downstream":"L01177"}},{"type":"Feature","geometry":{"type":"LineString","coordinates":[[72.87205533453458,19.08330703315701],[72.87147498475902,19.084113269537923],[72.87222570429945,19.08484455496674],[72.87251068741503,19.084847846174977],[72.8726045279942,19.084939256549553]]},"properties":{"id":"L01154","strahler":3,"length_m":272.1,"drop_m":-0.25,"gradient":0.0,"area_ha":54.92,"on_drain_share":0.0,"downstream":"L01144"}},{"type":"Feature","geometry":{"type":"LineString","coordinates":[[72.92095866197539,19.0854009545142],[72.92086479198846,19.085309566226922]]},"properties":{"id":"L01156","strahler":3,"length_m":14.1,"drop_m":0.0,"gradient":0.0,"area_ha":49.08,"on_drain_share":0.0,"downstream":"L01160"}},{"type":"Feature","geometry":{"type":"LineString","coordinates":[[72.92086479198846,19.085309566226922],[72.92067705232324,19.085126789535526]]},"properties":{"id":"L01160","strahler":4,"length_m":28.3,"drop_m":-0.71,"gradient":0.0,"area_ha":412.47,"on_drain_share":0.0,"downstream":"L01164"}},{"type":"Feature","geometry":{"type":"LineString","coordinates":[[72.82796257703662,19.084057045050987],[72.82786876389561,19.083965614365148],[72.82787347582509,19.083604371354383],[72.82768585020975,19.08342150990533],[72.82749586869612,19.083419269771813],[72.82712297583164,19.082872924635478],[72.82712886738479,19.082421371040386],[72.82732002590201,19.08233330070633],[72.82732591674167,19.081881747025616],[72.82771058797584,19.08152498404771],[72.82791352293387,19.080533805146686],[72.82744564524063,19.079986341278588],[72.827255667674,19.079984101284932],[72.8271618570119,19.07989267046714]]},"properties":{"id":"L01224","strahler":1,"length_m":592.8,"drop_m":5.39,"gradient":0.0091,"area_ha":13.46,"on_drain_share":0.0,"downstream":"L01242"}},{"type":"Feature","geometry":{"type":"LineString","coordinates":[[72.8848634533866,19.08471910009197],[72.88486804193063,19.084357843587473]]},"properties":{"id":"L01167","strahler":2,"length_m":40.0,"drop_m":-0.27,"gradient":0.0,"area_ha":48.78,"on_drain_share":0.0,"downstream":"L01190"}},{"type":"Feature","geometry":{"type":"LineString","coordinates":[[72.91403290037724,19.08460003760635],[72.91459722603292,19.085058069474762],[72.91498173774326,19.084701106856073],[72.91574284356601,19.08461939015952]]},"properties":{"id":"L01174","strahler":1,"length_m":221.4,"drop_m":-0.25,"gradient":0.0,"area_ha":10.67,"on_drain_share":0.0,"downstream":"L01163"}},{"type":"Feature","geometry":{"type":"LineString","coordinates":[[72.92067705232324,19.085126789535526],[72.92058431044659,19.084945084936788]]},"properties":{"id":"L01164","strahler":4,"length_m":24.1,"drop_m":-0.02,"gradient":0.0,"area_ha":432.18,"on_drain_share":0.0,"downstream":"L01215"}},{"type":"Feature","geometry":{"type":"LineString","coordinates":[[72.891799254175,19.08470827070257],[72.89227423171072,19.084713705326873],[72.89256264721105,19.08444602178879]]},"properties":{"id":"L01169","strahler":1,"length_m":92.4,"drop_m":0.75,"gradient":0.0081,"area_ha":4.45,"on_drain_share":0.0,"downstream":"L01207"}},{"type":"Feature","geometry":{"type":"LineString","coordinates":[[72.83261950187861,19.083931239928802],[72.83262067729345,19.083840928891966],[72.83215159906524,19.083383785732916]]},"properties":{"id":"L01177","strahler":2,"length_m":80.7,"drop_m":0.75,"gradient":0.00926,"area_ha":28.13,"on_drain_share":0.0,"downstream":"L01196"}},{"type":"Feature","geometry":{"type":"LineString","coordinates":[[72.92058431044659,19.084945084936788],[72.92077656059844,19.084766596873003],[72.92011947586779,19.084126877656836],[72.92012398781044,19.08376561294384],[72.91975189823646,19.08312910983094],[72.91947029421827,19.082854943496017],[72.91947255074415,19.08267431119127],[72.91928481542652,19.082491533458033],[72.91928707210718,19.082310901167535],[72.91844226907986,19.081488399522364]]},"properties":{"id":"L01215","strahler":4,"length_m":491.8,"drop_m":0.33,"gradient":0.00067,"area_ha":477.87,"on_drain_share":0.0,"downstream":"L01249"}},{"type":"Feature","geometry":{"type":"LineString","coordinates":[[72.84573304657715,19.083723742645425],[72.84582920689385,19.083634541526553],[72.84620333481165,19.084090543100576]]},"properties":{"id":"L01165","strahler":1,"length_m":80.7,"drop_m":1.19,"gradient":0.01479,"area_ha":4.36,"on_drain_share":0.0,"downstream":"L01065"}},{"type":"Feature","geometry":{"type":"LineString","coordinates":[[72.84620800702004,19.083729295705222],[72.84620333481165,19.084090543100576]]},"properties":{"id":"L01166","strahler":2,"length_m":40.0,"drop_m":-0.03,"gradient":0.0,"area_ha":13.17,"on_drain_share":0.0,"downstream":"L01065"}},{"type":"Feature","geometry":{"type":"LineString","coordinates":[[72.85067730566502,19.083420186248116],[72.85058231345961,19.083419078054476],[72.85010152292686,19.083865096771103],[72.85010035698626,19.083955408851885],[72.84991037204391,19.083953191761324],[72.84981421348115,19.084042395205607],[72.84962422847542,19.084040177810397],[72.84953040223813,19.083948756993475],[72.84943424349602,19.084037960219614]]},"properties":{"id":"L01172","strahler":2,"length_m":173.1,"drop_m":0.0,"gradient":1e-05,"area_ha":13.14,"on_drain_share":0.0,"downstream":"L01130"}},{"type":"Feature","geometry":{"type":"LineString","coordinates":[[72.84886895513873,19.08367005824217],[72.8491504325376,19.083944321443326],[72.8493404173747,19.083946539316187],[72.84943424349602,19.084037960219614]]},"properties":{"id":"L01171","strahler":1,"length_m":76.6,"drop_m":0.12,"gradient":0.00154,"area_ha":4.45,"on_drain_share":0.0,"downstream":"L01130"}},{"type":"Feature","geometry":{"type":"LineString","coordinates":[[72.8513352597526,19.083969815173358],[72.85124143251623,19.083878395139692],[72.85124376314364,19.083697770839947],[72.85105610915882,19.083514930675662],[72.8507711323292,19.083511606517874],[72.85067730566502,19.083420186248116]]},"properties":{"id":"L01181","strahler":1,"length_m":106.6,"drop_m":1.26,"gradient":0.01179,"area_ha":4.66,"on_drain_share":0.0,"downstream":"L01172"}},{"type":"Feature","geometry":{"type":"LineString","coordinates":[[72.88486804193063,19.084357843587473],[72.88487033616383,19.084177215329525],[72.88515990825164,19.083819230282906],[72.88553988660762,19.08382359157259],[72.88573216905435,19.08364514355482],[72.88573560885072,19.083374200993855],[72.88545521272829,19.083009673781845],[72.8839353074339,19.08299222394571],[72.88384260857838,19.08281050475099],[72.88365262075169,19.08280832256577],[72.88355877457779,19.082716917332878]]},"properties":{"id":"L01190","strahler":3,"length_m":441.4,"drop_m":2.09,"gradient":0.00474,"area_ha":99.75,"on_drain_share":0.0,"downstream":"L01213"}},{"type":"Feature","geometry":{"type":"LineString","coordinates":[[72.89256264721105,19.08444602178879],[72.89199724800989,19.084078242890975],[72.89068333143803,19.082798618679156],[72.89049334278356,19.08279644354595],[72.89040063650143,19.082614726970956],[72.88955598886449,19.08179210630446],[72.88917830338397,19.081607124927128],[72.88917944798948,19.081516810519698]]},"properties":{"id":"L01207","strahler":2,"length_m":504.3,"drop_m":3.7,"gradient":0.00734,"area_ha":15.95,"on_drain_share":0.0,"downstream":"L01273"}},{"type":"Feature","geometry":{"type":"LineString","coordinates":[[72.90396782399172,19.08412449021532],[72.90425849464738,19.083676155916063],[72.90444962245142,19.083588001681317],[72.90501959632383,19.08359448359813],[72.90539617117214,19.083869749887715],[72.90558616287404,19.083871909777233],[72.90568002292224,19.08396330499312],[72.90587001476543,19.08396546460023],[72.90605773540175,19.084148254741812],[72.90624772750189,19.084150413979685],[72.90671816676247,19.08451707282117]]},"properties":{"id":"L01175","strahler":1,"length_m":368.0,"drop_m":3.86,"gradient":0.01049,"area_ha":10.85,"on_drain_share":0.0,"downstream":"L01111"}},{"type":"Feature","geometry":{"type":"LineString","coordinates":[[72.9138734531286,19.08215935912998],[72.91396957972103,19.082070118796015],[72.91406344391163,19.08216151009619],[72.91424891045699,19.082524924289064],[72.91424664828713,19.0827055559945],[72.91452711167425,19.083070045347352],[72.91452371875786,19.083340992936257],[72.91480531457057,19.083615166128375],[72.91499530712677,19.083617316291708],[72.915089172719,19.08370870719108],[72.91508578059438,19.083979654858542],[72.91574284356601,19.08461939015952]]},"properties":{"id":"L01176","strahler":1,"length_m":384.6,"drop_m":1.3,"gradient":0.00339,"area_ha":11.19,"on_drain_share":0.0,"downstream":"L01163"}},{"type":"Feature","geometry":{"type":"LineString","coordinates":[[72.84422486512456,19.08280284727216],[72.84536476302884,19.082816181271077],[72.84620800702004,19.083729295705222]]},"properties":{"id":"L01178","strahler":1,"length_m":257.3,"drop_m":4.44,"gradient":0.01727,"area_ha":6.01,"on_drain_share":0.0,"downstream":"L01166"}},{"type":"Feature","geometry":{"type":"LineString","coordinates":[[72.84651400422172,19.082107013181524],[72.84670048361409,19.082380169250595],[72.84669347739732,19.082922040593164],[72.84659731794814,19.083011242255743],[72.84659498237386,19.08319186601577],[72.8462103430847,19.083548672001825],[72.84620800702004,19.083729295705222]]},"properties":{"id":"L01179","strahler":1,"length_m":209.0,"drop_m":0.99,"gradient":0.00473,"area_ha":7.04,"on_drain_share":0.0,"downstream":"L01166"}},{"type":"Feature","geometry":{"type":"LineString","coordinates":[[72.83215159906524,19.083383785732916],[72.83111963601225,19.082378067397844],[72.83112198825509,19.082197445472822],[72.83131432084441,19.082019059779775],[72.83131902478615,19.081657815865135],[72.83103758320289,19.0813835286116],[72.83046764444215,19.081376818676645],[72.83037383113496,19.08128538925606],[72.83018385171724,19.081283152133615],[72.82970301910814,19.081729112898227],[72.82970184225204,19.081819423780612],[72.82894192264447,19.081810471106746]]},"properties":{"id":"L01196","strahler":2,"length_m":541.1,"drop_m":-0.75,"gradient":0.0,"area_ha":53.26,"on_drain_share":0.0,"downstream":"L01201"}},{"type":"Feature","geometry":{"type":"LineString","coordinates":[[72.83437045071949,19.080790456643143],[72.8347468873192,19.08106585553247],[72.83474336506428,19.081336789103887],[72.83359056306492,19.08231681269215],[72.83330676651093,19.082223150639997],[72.83311443557027,19.082401538598592],[72.83330206672865,19.08258439500946],[72.83329971679774,19.082765017188464],[72.83281888693368,19.083210986426707],[72.83262890501173,19.083208751607447],[72.83243657216714,19.08338713865594],[72.83215159906524,19.083383785732916]]},"properties":{"id":"L01180","strahler":1,"length_m":507.7,"drop_m":7.0,"gradient":0.01379,"area_ha":11.73,"on_drain_share":0.0,"downstream":"L01196"}},{"type":"Feature","geometry":{"type":"LineString","coordinates":[[72.85200836210356,19.08334538362602],[72.85182070754966,19.0831625441913],[72.85144073906902,19.083158113537888],[72.85134458174572,19.083247317914015],[72.8510596053197,19.083243994247002],[72.85086729009554,19.0834224024887],[72.85067730566502,19.083420186248116]]},"properties":{"id":"L01182","strahler":1,"length_m":160.7,"drop_m":1.21,"gradient":0.00751,"area_ha":5.05,"on_drain_share":0.0,"downstream":"L01172"}},{"type":"Feature","geometry":{"type":"LineString","coordinates":[[72.9250581971876,19.084272893807142],[72.92563493092327,19.083737413252013],[72.92582492492994,19.083739552265772],[72.92592104676903,19.08365030518532],[72.92592779559325,19.083108406081514],[72.92640840151275,19.08266216957657],[72.92659839438666,19.08266430767732],[72.92688675643362,19.082396564719573],[72.9271717453863,19.082399771014913],[72.92726786572766,19.08231052307787]]},"properties":{"id":"L01202","strahler":1,"length_m":356.3,"drop_m":0.68,"gradient":0.0019,"area_ha":10.06,"on_drain_share":0.0,"downstream":"L01219"}},{"type":"Feature","geometry":{"type":"LineString","coordinates":[[72.88326231392865,19.083616784018393],[72.88364688226301,19.083259892914004],[72.88346033736916,19.08298676830491],[72.8834626329509,19.082806140184978],[72.88355877457779,19.082716917332878]]},"properties":{"id":"L01189","strahler":1,"length_m":129.0,"drop_m":-0.23,"gradient":0.0,"area_ha":6.36,"on_drain_share":0.0,"downstream":"L01213"}},{"type":"Feature","geometry":{"type":"LineString","coordinates":[[72.8381419086239,19.083002547844064],[72.83891004180933,19.082379283152097],[72.83947998719088,19.082385967322484],[72.83966879754003,19.082478506461303],[72.84005344664644,19.08212171523977]]},"properties":{"id":"L01191","strahler":1,"length_m":249.7,"drop_m":0.65,"gradient":0.00259,"area_ha":8.32,"on_drain_share":0.0,"downstream":"L01183"}},{"type":"Feature","geometry":{"type":"LineString","coordinates":[[72.84005344664644,19.08212171523977],[72.84043340990792,19.08212616913427],[72.84052722972478,19.08221759401267],[72.84100101347576,19.08231347161907],[72.8416565869597,19.083043754795984]]},"properties":{"id":"L01183","strahler":2,"length_m":217.3,"drop_m":1.04,"gradient":0.00478,"area_ha":21.95,"on_drain_share":0.0,"downstream":"L01090"}},{"type":"Feature","geometry":{"type":"LineString","coordinates":[[72.84156978895815,19.082410460889584],[72.8416565869597,19.083043754795984]]},"properties":{"id":"L01184","strahler":1,"length_m":74.1,"drop_m":0.23,"gradient":0.0031,"area_ha":4.99,"on_drain_share":0.0,"downstream":"L01090"}},{"type":"Feature","geometry":{"type":"LineString","coordinates":[[72.8701739459653,19.081840067952793],[72.87102887892667,19.08184994828001],[72.87206110445489,19.08285546621457],[72.87205533453458,19.08330703315701]]},"properties":{"id":"L01185","strahler":2,"length_m":295.6,"drop_m":-0.07,"gradient":0.0,"area_ha":40.33,"on_drain_share":0.0,"downstream":"L01154"}},{"type":"Feature","geometry":{"type":"LineString","coordinates":[[72.87263337118425,19.0826814211903],[72.87263106387873,19.082862048040912],[72.87205533453458,19.08330703315701]]},"properties":{"id":"L01186","strahler":2,"length_m":100.7,"drop_m":-0.08,"gradient":0.0,"area_ha":11.6,"on_drain_share":0.0,"downstream":"L01154"}},{"type":"Feature","geometry":{"type":"LineString","coordinates":[[72.83007238877259,19.08254638615117],[72.82988593835438,19.082273215914743],[72.82960096764076,19.082269859236597],[72.82960567536371,19.081908615743206],[72.82903573534958,19.081901901203633],[72.82894192264447,19.081810471106746]]},"properties":{"id":"L01195","strahler":1,"length_m":182.4,"drop_m":1.36,"gradient":0.00745,"area_ha":5.12,"on_drain_share":0.0,"downstream":"L01201"}},{"type":"Feature","geometry":{"type":"LineString","coordinates":[[72.87747687946671,19.082827608788364],[72.87747918151446,19.082646981367194],[72.87835253072686,19.081211807905653],[72.87845327531558,19.080761332742185],[72.87864556068219,19.080582892462385],[72.87865361228094,19.079950695837628],[72.87874975440471,19.079861475560666],[72.87837438812016,19.079495845973792]]},"properties":{"id":"L01250","strahler":5,"length_m":440.4,"drop_m":-0.25,"gradient":0.0,"area_ha":3294.23,"on_drain_share":0.0,"downstream":"L01270"}},{"type":"Feature","geometry":{"type":"LineString","coordinates":[[72.87217802091222,19.08114060860367],[72.87217571331378,19.08132123543081],[72.87198342079627,19.081499668186144],[72.87197765110703,19.081951235172006],[72.87263337118425,19.0826814211903]]},"properties":{"id":"L01192","strahler":1,"length_m":207.3,"drop_m":0.34,"gradient":0.00163,"area_ha":5.88,"on_drain_share":0.0,"downstream":"L01186"}},{"type":"Feature","geometry":{"type":"LineString","coordinates":[[72.87321025013469,19.08214612041392],[72.87282566457908,19.082502987842194],[72.87273067151817,19.08250189111348],[72.87263337118425,19.0826814211903]]},"properties":{"id":"L01193","strahler":1,"length_m":90.7,"drop_m":-0.17,"gradient":0.0,"area_ha":4.57,"on_drain_share":0.0,"downstream":"L01186"}},{"type":"Feature","geometry":{"type":"LineString","coordinates":[[72.88355877457779,19.082716917332878],[72.8829007061957,19.082167393652664],[72.88290300227791,19.08198676558227],[72.88319142609595,19.08171909764756],[72.8831971653198,19.08126752735737],[72.88300947518186,19.08108471657594],[72.88282063744367,19.08099221968111],[72.88262950369524,19.081080350671872],[72.88196455384303,19.08107270845748],[72.88158113654319,19.081339282301574],[72.88148729236204,19.081247876188932],[72.88129730660741,19.081245691747963],[72.88120116482827,19.081334913397402]]},"properties":{"id":"L01213","strahler":3,"length_m":454.6,"drop_m":1.12,"gradient":0.00246,"area_ha":111.22,"on_drain_share":0.0,"downstream":"L01238"}},{"type":"Feature","geometry":{"type":"LineString","coordinates":[[72.83818293728484,19.079841649092472],[72.83799061404623,19.080020042974553],[72.83817824870496,19.08020289472319],[72.83817238783136,19.080654451740127],[72.83807622574129,19.080743648652135],[72.83845149713557,19.081109351973556],[72.83864147739735,19.08111158055601],[72.83892996324899,19.080843988733957],[72.83921493328806,19.080847330750014],[72.83987049316615,19.081577619055214],[72.83986463642366,19.082029176510908],[72.84005344664644,19.08212171523977]]},"properties":{"id":"L01194","strahler":1,"length_m":452.8,"drop_m":0.76,"gradient":0.00168,"area_ha":11.1,"on_drain_share":0.0,"downstream":"L01183"}},{"type":"Feature","geometry":{"type":"LineString","coordinates":[[72.93276757125419,19.08318527404075],[72.93305592537415,19.082917520583976],[72.93325040251409,19.08255838408778],[72.93392322294568,19.08193362295885]]},"properties":{"id":"L01209","strahler":1,"length_m":189.7,"drop_m":0.47,"gradient":0.0025,"area_ha":13.4,"on_drain_share":0.0,"downstream":"L01211"}},{"type":"Feature","geometry":{"type":"LineString","coordinates":[[72.86703225644503,19.08234568481866],[72.86741338340991,19.082259770029694],[72.8689529103763,19.080742030705668]]},"properties":{"id":"L01221","strahler":1,"length_m":280.4,"drop_m":1.02,"gradient":0.00363,"area_ha":7.11,"on_drain_share":0.0,"downstream":"L01200"}},{"type":"Feature","geometry":{"type":"LineString","coordinates":[[72.90142000837436,19.08274056578639],[72.90152296914263,19.082109441919684],[72.90114640521386,19.081834168651547],[72.90095983106627,19.081561059131072],[72.90067484832265,19.0815578124482],[72.90048827526127,19.081284702545897],[72.90029828713185,19.081282537683663],[72.90001672110158,19.08100834489512],[72.89973173947615,19.081005096844624],[72.89945017489198,19.08073090331625],[72.89926018752087,19.080728737444513]]},"properties":{"id":"L01230","strahler":1,"length_m":388.0,"drop_m":6.57,"gradient":0.01694,"area_ha":15.38,"on_drain_share":0.0,"downstream":"L01247"}},{"type":"Feature","geometry":{"type":"LineString","coordinates":[[72.82894192264447,19.081810471106746],[72.82837198321768,19.08180375454815],[72.82799909032188,19.08125741117129]]},"properties":{"id":"L01201","strahler":2,"length_m":136.6,"drop_m":0.53,"gradient":0.00392,"area_ha":60.84,"on_drain_share":0.0,"downstream":null}},{"type":"Feature","geometry":{"type":"LineString","coordinates":[[72.86969320744755,19.082286143467464],[72.8701739459653,19.081840067952793]]},"properties":{"id":"L01199","strahler":1,"length_m":70.7,"drop_m":0.01,"gradient":0.00013,"area_ha":5.32,"on_drain_share":0.0,"downstream":"L01185"}},{"type":"Feature","geometry":{"type":"LineString","coordinates":[[72.93524085751152,19.0829420184534],[72.93514586039257,19.08294095386656],[72.93401933973881,19.081844371126248]]},"properties":{"id":"L01212","strahler":1,"length_m":179.7,"drop_m":-1.78,"gradient":0.0,"area_ha":7.51,"on_drain_share":0.0,"downstream":"L01241"}},{"type":"Feature","geometry":{"type":"LineString","coordinates":[[72.91719264814014,19.08264855292371],[72.91710329990926,19.082195898955597],[72.91682283173962,19.081831413098968],[72.91683864606283,19.080566988881188],[72.91703089427143,19.080388504550882],[72.91694041759952,19.08002616659153]]},"properties":{"id":"L01248","strahler":1,"length_m":319.0,"drop_m":-1.02,"gradient":0.0,"area_ha":10.41,"on_drain_share":0.0,"downstream":"L01251"}},{"type":"Feature","geometry":{"type":"LineString","coordinates":[[72.89429997215346,19.082298020872408],[72.89448996070661,19.08230019202765]]},"properties":{"id":"L01198","strahler":1,"length_m":20.0,"drop_m":-0.99,"gradient":0.0,"area_ha":4.7,"on_drain_share":0.0,"downstream":"L01299"}},{"type":"Feature","geometry":{"type":"LineString","coordinates":[[72.89448996070661,19.08230019202765],[72.89515492084548,19.08230778953079],[72.89534719212487,19.082129330284538],[72.89534947470943,19.081948700759348],[72.89507019945263,19.081493871592823],[72.89507248225559,19.08131324208747],[72.89432166665826,19.080582041420186],[72.89433080049099,19.07985952365352],[72.89423694936384,19.079768123432146],[72.89404696372868,19.079765952292938],[72.893950829015,19.079855181353008],[72.89376084331563,19.079853009909424],[72.8934724382878,19.080120696397824],[72.89328359462937,19.080028209770724],[72.89300318560926,19.079663692883138],[72.89300547041681,19.079483063582913],[72.89291162027952,19.079391662772785],[72.89291847481728,19.07884977487677],[72.89263692583168,19.07857557229613],[72.89244694175225,19.078573399638508],[72.89215968007743,19.07875076950513],[72.89112734390658,19.077745354572],[72.89113306034096,19.077293781767604],[72.89056997447615,19.076745371782636]]},"properties":{"id":"L01299","strahler":3,"length_m":1066.4,"drop_m":3.66,"gradient":0.00343,"area_ha":226.01,"on_drain_share":0.0,"downstream":"L01386"}},{"type":"Feature","geometry":{"type":"LineString","coordinates":[[72.88860147250877,19.082142480904004],[72.88898717155816,19.08169526276865]]},"properties":{"id":"L01204","strahler":1,"length_m":72.4,"drop_m":-1.2,"gradient":0.0,"area_ha":4.53,"on_drain_share":0.0,"downstream":"L01206"}},{"type":"Feature","geometry":{"type":"LineString","coordinates":[[72.89914582755186,19.08226300925578],[72.89915494133288,19.081540489374444],[72.89896837094518,19.081267378172058],[72.89925677022893,19.08099968244931],[72.89926018752087,19.080728737444513]]},"properties":{"id":"L01225","strahler":1,"length_m":190.7,"drop_m":3.26,"gradient":0.01707,"area_ha":5.61,"on_drain_share":0.0,"downstream":"L01247"}},{"type":"Feature","geometry":{"type":"LineString","coordinates":[[72.90761057942277,19.081546374661883],[72.9077044395148,19.081637768848143],[72.90770103577852,19.081908715295945],[72.90808101529728,19.081913029701884],[72.90845532395349,19.08236892093906],[72.90883530470545,19.082373233890085],[72.90969932989081,19.081660410405828],[72.909703863797,19.08129914800124],[72.9087652571636,19.080385213686412],[72.90829142109564,19.08028950720379],[72.90800984211315,19.080015325513983],[72.90801211069979,19.079834694476936],[72.90830049420828,19.079566982923915],[72.90830389651995,19.079296036303308],[72.90792846006295,19.078930460838905],[72.90773847370986,19.07892830390043],[72.90661217559717,19.077831572735523],[72.9059472284191,19.077824018265833]]},"properties":{"id":"L01292","strahler":1,"length_m":1000.5,"drop_m":1.53,"gradient":0.00153,"area_ha":23.0,"on_drain_share":0.0,"downstream":"L01355"}},{"type":"Feature","geometry":{"type":"LineString","coordinates":[[72.8689529103763,19.080742030705668],[72.86923441975571,19.08101626602472],[72.86923095358632,19.081287205747323],[72.86941862728943,19.081470029127896],[72.86979859639823,19.081474422348414],[72.86979744129086,19.08156473561901],[72.8701739459653,19.081840067952793]]},"properties":{"id":"L01200","strahler":2,"length_m":203.1,"drop_m":1.7,"gradient":0.00839,"area_ha":31.31,"on_drain_share":0.0,"downstream":"L01185"}},{"type":"Feature","geometry":{"type":"LineString","coordinates":[[72.93401149735219,19.082476590075093],[72.93392322294568,19.08193362295885]]},"properties":{"id":"L01210","strahler":1,"length_m":64.1,"drop_m":-0.42,"gradient":0.0,"area_ha":4.06,"on_drain_share":0.0,"downstream":"L01211"}},{"type":"Feature","geometry":{"type":"LineString","coordinates":[[72.92499920889081,19.081381696906973],[72.92547418704766,19.081387045078525],[72.92566192870467,19.08156981704663],[72.92594691602154,19.081573025102085],[72.92669788814987,19.082304110373123],[72.92726786572766,19.08231052307787]]},"properties":{"id":"L01203","strahler":1,"length_m":281.4,"drop_m":1.54,"gradient":0.00549,"area_ha":8.04,"on_drain_share":0.0,"downstream":"L01219"}},{"type":"Feature","geometry":{"type":"LineString","coordinates":[[72.92726786572766,19.08231052307787],[72.9278378435337,19.08231693402225],[72.9279339635017,19.08222768569846],[72.92821895235504,19.082230890347518],[72.92831282521304,19.082322275131183],[72.9291778991936,19.081519035586314]]},"properties":{"id":"L01219","strahler":2,"length_m":245.6,"drop_m":0.63,"gradient":0.00256,"area_ha":23.89,"on_drain_share":0.0,"downstream":"L01268"}},{"type":"Feature","geometry":{"type":"LineString","coordinates":[[72.88803609064091,19.081774691349416],[72.88813222941546,19.08168546580621],[72.88898717155816,19.08169526276865]]},"properties":{"id":"L01205","strahler":1,"length_m":104.1,"drop_m":2.46,"gradient":0.02363,"area_ha":5.01,"on_drain_share":0.0,"downstream":"L01206"}},{"type":"Feature","geometry":{"type":"LineString","coordinates":[[72.88148269729393,19.08160913202297],[72.88120116482827,19.081334913397402]]},"properties":{"id":"L01208","strahler":1,"length_m":42.4,"drop_m":-0.41,"gradient":0.0,"area_ha":4.32,"on_drain_share":0.0,"downstream":"L01238"}},{"type":"Feature","geometry":{"type":"LineString","coordinates":[[72.88898717155816,19.08169526276865],[72.88917944798948,19.081516810519698]]},"properties":{"id":"L01206","strahler":2,"length_m":28.3,"drop_m":-1.14,"gradient":0.0,"area_ha":10.72,"on_drain_share":0.0,"downstream":"L01273"}},{"type":"Feature","geometry":{"type":"LineString","coordinates":[[72.84899660795422,19.08114243052652],[72.84957471508066,19.080516898540353],[72.8491994179749,19.08015121559986],[72.84881945701713,19.080146780215475]]},"properties":{"id":"L01228","strahler":1,"length_m":191.4,"drop_m":-1.21,"gradient":0.0,"area_ha":5.88,"on_drain_share":0.0,"downstream":"L01237"}},{"type":"Feature","geometry":{"type":"LineString","coordinates":[[72.92907616529364,19.082059868234133],[72.9291722845022,19.081970619184865],[72.9291778991936,19.081519035586314]]},"properties":{"id":"L01220","strahler":1,"length_m":64.1,"drop_m":-0.38,"gradient":0.0,"area_ha":5.06,"on_drain_share":0.0,"downstream":"L01268"}},{"type":"Feature","geometry":{"type":"LineString","coordinates":[[72.85146753612257,19.08108093342618],[72.85165984779333,19.080902524187486],[72.85147219612485,19.080719684659663]]},"properties":{"id":"L01214","strahler":1,"length_m":56.6,"drop_m":-0.01,"gradient":0.0,"area_ha":4.57,"on_drain_share":0.0,"downstream":"L01229"}},{"type":"Feature","geometry":{"type":"LineString","coordinates":[[72.88917944798948,19.081516810519698],[72.8894667174333,19.08133944611628],[72.88947243952812,19.080887873972344],[72.8874077915342,19.07887701029121],[72.88721780775342,19.078874832212016],[72.88674743136951,19.078508128985412],[72.8862724732204,19.078502681820726],[72.88608019782177,19.078681131123496]]},"properties":{"id":"L01273","strahler":3,"length_m":564.3,"drop_m":2.76,"gradient":0.00488,"area_ha":35.08,"on_drain_share":0.0,"downstream":"L01275"}},{"type":"Feature","geometry":{"type":"LineString","coordinates":[[72.88120116482827,19.081334913397402],[72.88091618611013,19.08133163620593],[72.88063580429161,19.080967102929133],[72.88064614680529,19.080154277671593],[72.88055230378721,19.080062871185564]]},"properties":{"id":"L01238","strahler":3,"length_m":186.6,"drop_m":2.4,"gradient":0.01286,"area_ha":117.5,"on_drain_share":0.0,"downstream":"L01255"}},{"type":"Feature","geometry":{"type":"LineString","coordinates":[[72.93392322294568,19.08193362295885],[72.93401933973881,19.081844371126248]]},"properties":{"id":"L01211","strahler":2,"length_m":14.1,"drop_m":0.0,"gradient":0.0,"area_ha":17.51,"on_drain_share":0.0,"downstream":"L01241"}},{"type":"Feature","geometry":{"type":"LineString","coordinates":[[72.93981301609513,19.081999570593204],[72.94000524398434,19.081821060132693]]},"properties":{"id":"L01216","strahler":1,"length_m":28.3,"drop_m":0.16,"gradient":0.0057,"area_ha":4.58,"on_drain_share":0.0,"downstream":null}},{"type":"Feature","geometry":{"type":"LineString","coordinates":[[72.93401933973881,19.081844371126248],[72.93421157301648,19.081665867278982],[72.93421381341052,19.081485233259603],[72.9352699682553,19.080593774700976]]},"properties":{"id":"L01241","strahler":2,"length_m":199.7,"drop_m":0.29,"gradient":0.00146,"area_ha":26.23,"on_drain_share":0.0,"downstream":"L01231"}},{"type":"Feature","geometry":{"type":"LineString","coordinates":[[72.85147219612485,19.080719684659663],[72.85100190353806,19.080352897334876],[72.85100423396129,19.080172272994655],[72.84995934020615,19.08016008402223],[72.84986551572287,19.080068663536665]]},"properties":{"id":"L01229","strahler":2,"length_m":210.7,"drop_m":0.55,"gradient":0.00263,"area_ha":11.67,"on_drain_share":0.0,"downstream":"L01232"}},{"type":"Feature","geometry":{"type":"LineString","coordinates":[[72.85271289753842,19.080282518099278],[72.85261674265355,19.080371723395007],[72.85214062517088,19.080456500021345],[72.8518521590528,19.080724114704353],[72.85147219612485,19.080719684659663]]},"properties":{"id":"L01217","strahler":1,"length_m":150.7,"drop_m":4.86,"gradient":0.03223,"area_ha":4.82,"on_drain_share":0.0,"downstream":"L01229"}},{"type":"Feature","geometry":{"type":"LineString","coordinates":[[72.91844226907986,19.081488399522364],[72.91797293766422,19.08103145280166],[72.91797406662576,19.08094113671816],[72.91778633486948,19.08075835776648],[72.91750247962636,19.08066482116799],[72.91694041759952,19.08002616659153]]},"properties":{"id":"L01249","strahler":4,"length_m":238.0,"drop_m":-0.18,"gradient":0.0,"area_ha":493.43,"on_drain_share":0.0,"downstream":"L01251"}},{"type":"Feature","geometry":{"type":"LineString","coordinates":[[72.92074583383607,19.07961749965306],[72.91997685674987,19.080331452935454],[72.91978686733643,19.080329308261703],[72.91978573939637,19.080419624455576],[72.91863225965201,19.081490545707073],[72.91844226907986,19.081488399522364]]},"properties":{"id":"L01218","strahler":1,"length_m":332.8,"drop_m":0.63,"gradient":0.0019,"area_ha":13.31,"on_drain_share":0.0,"downstream":"L01249"}},{"type":"Feature","geometry":{"type":"LineString","coordinates":[[72.9291778991936,19.081519035586314],[72.93081190509504,19.080001791918253],[72.9310991342219,19.07982435806377],[72.93138411953707,19.079827557432193],[72.93157186673284,19.080010323849795],[72.93186021654812,19.07974257184247],[72.93252518236643,19.07975003357501],[72.93290964608454,19.079393028528038],[72.93338462095687,19.079398355783926],[72.93357237012684,19.079581120331106],[72.93423733602192,19.07958857582733]]},"properties":{"id":"L01268","strahler":2,"length_m":654.3,"drop_m":-0.95,"gradient":0.0,"area_ha":41.72,"on_drain_share":0.0,"downstream":"L01245"}},{"type":"Feature","geometry":{"type":"LineString","coordinates":[[72.93953808137289,19.081183528086534],[72.94000747811725,19.081640425454886]]},"properties":{"id":"L01222","strahler":3,"length_m":70.7,"drop_m":-0.27,"gradient":0.0,"area_ha":149.57,"on_drain_share":0.0,"downstream":null}},{"type":"Feature","geometry":{"type":"LineString","coordinates":[[72.82630224447804,19.080243830467072],[72.82620843426218,19.080152399203254],[72.82621197015801,19.079881467134246],[72.82630695881348,19.079882587687493],[72.82650047151773,19.079613896518445],[72.82621904177013,19.079339602970485]]},"properties":{"id":"L01239","strahler":1,"length_m":134.9,"drop_m":0.67,"gradient":0.00498,"area_ha":5.21,"on_drain_share":0.0,"downstream":"L01254"}},{"type":"Feature","geometry":{"type":"LineString","coordinates":[[72.84606007165722,19.08047584779063],[72.84615622975137,19.080386646270398],[72.84644120036951,19.08038997703905],[72.8470204806442,19.079674141776486]]},"properties":{"id":"L01236","strahler":1,"length_m":149.0,"drop_m":6.4,"gradient":0.04294,"area_ha":5.83,"on_drain_share":0.0,"downstream":"L01286"}},{"type":"Feature","geometry":{"type":"LineString","coordinates":[[72.84881945701713,19.080146780215475],[72.84834333932024,19.080231546897743],[72.848247182373,19.080320749685406],[72.84796221153377,19.080317421720064],[72.84757991635603,19.080493607678726],[72.84729844702578,19.08021934280712],[72.84720812587574,19.079856985265835],[72.8470204806442,19.079674141776486]]},"properties":{"id":"L01237","strahler":2,"length_m":261.4,"drop_m":1.62,"gradient":0.00621,"area_ha":29.1,"on_drain_share":0.0,"downstream":"L01286"}},{"type":"Feature","geometry":{"type":"LineString","coordinates":[[72.88519660669877,19.08092917698429],[72.88577458914192,19.080303518038477],[72.88577802822047,19.080032575372027],[72.88549649036673,19.07975836284539],[72.88540723068776,19.079305701764007],[72.88531338522475,19.079214297490623],[72.88541296312553,19.078854130707192],[72.88579751523292,19.07849723343395],[72.88579866146956,19.078406919193746]]},"properties":{"id":"L01274","strahler":1,"length_m":346.3,"drop_m":2.38,"gradient":0.00687,"area_ha":7.58,"on_drain_share":0.0,"downstream":"L01349"}},{"type":"Feature","geometry":{"type":"LineString","coordinates":[[72.86467944289319,19.080602231112092],[72.8652505493722,19.08051852200224],[72.86525517934682,19.08015726994645],[72.86544631924913,19.080069157772396],[72.86630124048474,19.080079059142815],[72.86658274405508,19.080353298000965],[72.86667773550992,19.080354397778947],[72.86687118826883,19.080085657856593],[72.86753612764713,19.080093354131716],[72.8681941319455,19.08064292713613],[72.86876523797082,19.08055920696635],[72.8689529103763,19.080742030705668]]},"properties":{"id":"L01223","strahler":1,"length_m":566.3,"drop_m":6.36,"gradient":0.01123,"area_ha":19.31,"on_drain_share":0.0,"downstream":"L01200"}},{"type":"Feature","geometry":{"type":"LineString","coordinates":[[72.8271618570119,19.07989267046714],[72.82688042564246,19.079618377783184],[72.8266904485668,19.07961613724857],[72.8264090184709,19.07934184395968],[72.82621904177013,19.079339602970485]]},"properties":{"id":"L01242","strahler":2,"length_m":124.9,"drop_m":0.28,"gradient":0.00225,"area_ha":19.13,"on_drain_share":0.0,"downstream":"L01254"}},{"type":"Feature","geometry":{"type":"LineString","coordinates":[[72.82792530003371,19.07963069722868],[72.82763680068808,19.07989827030059],[72.8271618570119,19.07989267046714]]},"properties":{"id":"L01227","strahler":1,"length_m":92.4,"drop_m":1.43,"gradient":0.01548,"area_ha":4.47,"on_drain_share":0.0,"downstream":"L01242"}},{"type":"Feature","geometry":{"type":"LineString","coordinates":[[72.89745530877751,19.08070815190929],[72.89764757581499,19.080529689818402],[72.89764985569991,19.080349059994123],[72.89813052091563,19.079902903637027]]},"properties":{"id":"L01246","strahler":1,"length_m":119.0,"drop_m":0.93,"gradient":0.00786,"area_ha":7.18,"on_drain_share":0.0,"downstream":"L01267"}},{"type":"Feature","geometry":{"type":"LineString","coordinates":[[72.89926018752087,19.080728737444513],[72.89813052091563,19.079902903637027]]},"properties":{"id":"L01247","strahler":2,"length_m":163.1,"drop_m":0.57,"gradient":0.0035,"area_ha":24.81,"on_drain_share":0.0,"downstream":"L01267"}},{"type":"Feature","geometry":{"type":"LineString","coordinates":[[72.9352699682553,19.080593774700976],[72.93555159738766,19.08086791902921],[72.93593158127132,19.08087217580248],[72.93717659630687,19.080073150207735],[72.93736435072695,19.080255911339428],[72.93812319867781,19.08035473361389],[72.93840483260003,19.080628873988555],[72.93878481662382,19.08063312482941],[72.93953808137289,19.081183528086534]]},"properties":{"id":"L01231","strahler":3,"length_m":549.4,"drop_m":1.76,"gradient":0.0032,"area_ha":109.65,"on_drain_share":0.0,"downstream":"L01222"}},{"type":"Feature","geometry":{"type":"LineString","coordinates":[[72.84986551572287,19.080068663536665],[72.8492017503253,19.07997059147017],[72.84881945701713,19.080146780215475]]},"properties":{"id":"L01232","strahler":2,"length_m":122.4,"drop_m":-0.6,"gradient":0.0,"area_ha":20.99,"on_drain_share":0.0,"downstream":"L01237"}},{"type":"Feature","geometry":{"type":"LineString","coordinates":[[72.8507332466961,19.07908520339773],[72.8507262548955,19.079627076374038],[72.85005549623048,19.080070880239905],[72.84986551572287,19.080068663536665]]},"properties":{"id":"L01233","strahler":1,"length_m":170.7,"drop_m":2.79,"gradient":0.01635,"area_ha":6.12,"on_drain_share":0.0,"downstream":"L01232"}},{"type":"Feature","geometry":{"type":"LineString","coordinates":[[72.93869317371225,19.080361110364564],[72.93953808137289,19.081183528086534]]},"properties":{"id":"L01234","strahler":2,"length_m":127.3,"drop_m":-0.07,"gradient":0.0,"area_ha":35.48,"on_drain_share":0.0,"downstream":"L01222"}},{"type":"Feature","geometry":{"type":"LineString","coordinates":[[72.82575117304938,19.078792135615153],[72.82518124515659,19.078785410213534],[72.8250886155024,19.07860366787209],[72.8248998190554,19.07851111498055],[72.82451515011358,19.078867872287123],[72.82451161166153,19.079138804079538],[72.82393460411977,19.079673938082117]]},"properties":{"id":"L01235","strahler":3,"length_m":279.7,"drop_m":1.41,"gradient":0.00505,"area_ha":94.15,"on_drain_share":0.0,"downstream":null}},{"type":"Feature","geometry":{"type":"LineString","coordinates":[[72.8566110019966,19.080056924256656],[72.85680446947224,19.079788196453627],[72.85699445052714,19.07979040597485],[72.85728290746707,19.07952278224364]]},"properties":{"id":"L01243","strahler":1,"length_m":100.7,"drop_m":0.1,"gradient":0.00097,"area_ha":9.37,"on_drain_share":0.0,"downstream":"L01265"}},{"type":"Feature","geometry":{"type":"LineString","coordinates":[[72.92196611327651,19.08080554178943],[72.92254284276397,19.080270070536567],[72.92273395877675,19.0801818959988],[72.92320893282935,19.08018724968362],[72.9236917875973,19.079560387184262],[72.92369403912771,19.07937975432949],[72.92417463861372,19.07893352303487],[72.9241768895411,19.078752890112355]]},"properties":{"id":"L01278","strahler":1,"length_m":360.4,"drop_m":3.34,"gradient":0.00928,"area_ha":9.44,"on_drain_share":0.0,"downstream":"L01309"}},{"type":"Feature","geometry":{"type":"LineString","coordinates":[[72.8470204806442,19.079674141776486],[72.84702514991645,19.079312894013615],[72.84731362028418,19.07904528737609],[72.84732995947196,19.07778091980879],[72.84723613777763,19.077689498234612],[72.8473322935363,19.077600295855376]]},"properties":{"id":"L01286","strahler":2,"length_m":250.7,"drop_m":-1.77,"gradient":0.0,"area_ha":43.97,"on_drain_share":0.0,"downstream":null}},{"type":"Feature","geometry":{"type":"LineString","coordinates":[[72.88055230378721,19.080062871185564],[72.8803657673301,19.079789744188936],[72.88036921510289,19.079518802457955],[72.88018038080494,19.07942630315385],[72.87999384560021,19.07915317589077],[72.8792339130269,19.079144431719193],[72.87884934666612,19.079501313758765],[72.87837438812016,19.079495845973792]]},"properties":{"id":"L01255","strahler":3,"length_m":317.3,"drop_m":3.36,"gradient":0.0106,"area_ha":129.31,"on_drain_share":0.0,"downstream":"L01270"}},{"type":"Feature","geometry":{"type":"LineString","coordinates":[[72.88236289677315,19.079632051411654],[72.88216946789093,19.079900810095708],[72.8814095308347,19.079892074563205],[72.88131338996888,19.079981296364725],[72.88083842929467,19.079975834795867],[72.88074228810139,19.08006505626421],[72.88055230378721,19.080062871185564]]},"properties":{"id":"L01240","strahler":1,"length_m":216.6,"drop_m":1.09,"gradient":0.00501,"area_ha":6.75,"on_drain_share":0.0,"downstream":"L01255"}},{"type":"Feature","geometry":{"type":"LineString","coordinates":[[72.82621904177013,19.079339602970485],[72.8259364342281,19.079155619758787],[72.82593879166077,19.078974998393647],[72.82575117304938,19.078792135615153]]},"properties":{"id":"L01254","strahler":2,"length_m":86.6,"drop_m":-0.21,"gradient":0.0,"area_ha":25.37,"on_drain_share":0.0,"downstream":"L01235"}},{"type":"Feature","geometry":{"type":"LineString","coordinates":[[72.85813549872039,19.079713346397558],[72.85728058393468,19.07970340734221],[72.85728290746707,19.07952278224364]]},"properties":{"id":"L01244","strahler":1,"length_m":110.0,"drop_m":1.73,"gradient":0.01573,"area_ha":6.23,"on_drain_share":0.0,"downstream":"L01265"}},{"type":"Feature","geometry":{"type":"LineString","coordinates":[[72.93423733602192,19.07958857582733],[72.9352699682553,19.080593774700976]]},"properties":{"id":"L01245","strahler":2,"length_m":155.6,"drop_m":0.0,"gradient":0.0,"area_ha":75.95,"on_drain_share":0.0,"downstream":"L01231"}},{"type":"Feature","geometry":{"type":"LineString","coordinates":[[72.85728290746707,19.07952278224364],[72.85728523097326,19.079342157141262],[72.85776598990394,19.078896116301976],[72.85786446416613,19.078626282765843]]},"properties":{"id":"L01265","strahler":2,"length_m":124.9,"drop_m":0.62,"gradient":0.00498,"area_ha":17.29,"on_drain_share":0.0,"downstream":"L01323"}},{"type":"Feature","geometry":{"type":"LineString","coordinates":[[72.87476125160296,19.079725191614365],[72.87514237014818,19.079639259834373],[72.8757180785335,19.079194262871884],[72.87581191819439,19.079285671525625]]},"properties":{"id":"L01262","strahler":1,"length_m":139.0,"drop_m":1.95,"gradient":0.01406,"area_ha":5.65,"on_drain_share":0.0,"downstream":null}},{"type":"Feature","geometry":{"type":"LineString","coordinates":[[72.90439894583918,19.080064624905376],[72.90478346451357,19.079707684389764],[72.90544841871098,19.07971524377362],[72.90554227657287,19.079806638867197],[72.90582725721276,19.07980987773962],[72.9062117724929,19.079452933883587],[72.90621517817861,19.0791819876225],[72.90574588944895,19.078725013443997],[72.90603540938426,19.078366990155537],[72.90604108562496,19.07791541304699],[72.9059472284191,19.077824018265833]]},"properties":{"id":"L01291","strahler":1,"length_m":444.6,"drop_m":1.73,"gradient":0.00388,"area_ha":12.06,"on_drain_share":0.0,"downstream":"L01355"}},{"type":"Feature","geometry":{"type":"LineString","coordinates":[[72.89813052091563,19.079902903637027],[72.89766125473862,19.079445910815778],[72.8971897109261,19.079169546821994]]},"properties":{"id":"L01267","strahler":2,"length_m":133.1,"drop_m":-0.23,"gradient":0.0,"area_ha":34.64,"on_drain_share":0.0,"downstream":null}},{"type":"Feature","geometry":{"type":"LineString","coordinates":[[72.90240521868773,19.079951612618967],[72.90297631639439,19.079867784443064],[72.9035519604708,19.079422693387674],[72.90374194687718,19.07942485469418],[72.90393420624054,19.07924638522919],[72.90393647914627,19.079065754649452],[72.90403260855807,19.078976519812805],[72.9040394267744,19.0784346280121],[72.9035701464939,19.077977649025765],[72.90358151192476,19.0770744961762],[72.9032060913508,19.076708912470206],[72.90292111649303,19.076705670052267],[72.90235798975701,19.076157292547673],[72.90217141886933,19.07588418451653],[72.90217369325387,19.075703554075613],[72.90067090759077,19.07433152135595]]},"properties":{"id":"L01346","strahler":1,"length_m":909.8,"drop_m":8.77,"gradient":0.00964,"area_ha":20.03,"on_drain_share":0.0,"downstream":"L01360"}},{"type":"Feature","geometry":{"type":"LineString","coordinates":[[72.91172139907485,19.079515452983],[72.91210137411456,19.079519758582805],[72.91238295974377,19.079793934591482],[72.91371287561483,19.079808996207376],[72.9145779985303,19.079005830489344],[72.9150540971761,19.078920888934444],[72.9154318112441,19.0791058194492],[72.91542955079302,19.07928645135802],[72.91561614807343,19.07955954829844],[72.9158988701278,19.079743403512243],[72.9158977401179,19.079833719487837],[72.91627545726995,19.080018648540772],[72.91703654136346,19.07993692436392]]},"properties":{"id":"L01256","strahler":1,"length_m":691.1,"drop_m":3.45,"gradient":0.00499,"area_ha":24.13,"on_drain_share":0.0,"downstream":"L01257"}},{"type":"Feature","geometry":{"type":"LineString","coordinates":[[72.91694041759952,19.08002616659153],[72.91703654136346,19.07993692436392]]},"properties":{"id":"L01251","strahler":4,"length_m":14.1,"drop_m":0.0,"gradient":0.0,"area_ha":504.01,"on_drain_share":0.0,"downstream":"L01257"}},{"type":"Feature","geometry":{"type":"LineString","coordinates":[[72.93860041333129,19.080179413149107],[72.93869317371225,19.080361110364564]]},"properties":{"id":"L01252","strahler":2,"length_m":24.1,"drop_m":0.07,"gradient":0.00278,"area_ha":29.8,"on_drain_share":0.0,"downstream":"L01234"}},{"type":"Feature","geometry":{"type":"LineString","coordinates":[[72.9386954090833,19.08018047580783],[72.93869317371225,19.080361110364564]]},"properties":{"id":"L01253","strahler":1,"length_m":20.0,"drop_m":0.05,"gradient":0.00263,"area_ha":4.11,"on_drain_share":0.0,"downstream":"L01234"}},{"type":"Feature","geometry":{"type":"LineString","coordinates":[[72.87837438812016,19.079495845973792],[72.87752866925985,19.078763490892158],[72.8772436956192,19.078760208448305]]},"properties":{"id":"L01270","strahler":5,"length_m":153.1,"drop_m":0.56,"gradient":0.00366,"area_ha":3424.87,"on_drain_share":0.0,"downstream":"L01311"}},{"type":"Feature","geometry":{"type":"LineString","coordinates":[[72.91703654136346,19.07993692436392],[72.91713266502457,19.07984768207555]]},"properties":{"id":"L01257","strahler":4,"length_m":14.1,"drop_m":0.0,"gradient":0.0,"area_ha":528.16,"on_drain_share":0.0,"downstream":"L01318"}},{"type":"Feature","geometry":{"type":"LineString","coordinates":[[72.82824912054404,19.076653798680773],[72.82805914667463,19.07665155989083],[72.82777065320943,19.076919133785037],[72.82767095557064,19.077279257377764],[72.82747862552608,19.077457639505422],[72.82662373963839,19.077447559430787],[72.82623907670474,19.077804320986694],[72.82595411432483,19.077800959427183],[72.82576060323008,19.07806965019241],[72.82613466086175,19.078525686143884],[72.82575117304938,19.078792135615153]]},"properties":{"id":"L01258","strahler":2,"length_m":468.7,"drop_m":2.29,"gradient":0.00489,"area_ha":64.58,"on_drain_share":0.0,"downstream":"L01235"}},{"type":"Feature","geometry":{"type":"LineString","coordinates":[[72.83420865418071,19.078620755564376],[72.8336387236686,19.078614056365588],[72.83354256070535,19.078703250804686],[72.83325759540442,19.078699900381764],[72.83297028039092,19.07887717173448],[72.83203214939198,19.077962888353817],[72.83165454881848,19.077777796003996],[72.8311796099163,19.077772207118127],[72.83080436284224,19.077406491172333],[72.83070937531383,19.077405373075802]]},"properties":{"id":"L01285","strahler":1,"length_m":448.7,"drop_m":4.24,"gradient":0.00945,"area_ha":11.04,"on_drain_share":0.0,"downstream":"L01287"}},{"type":"Feature","geometry":{"type":"LineString","coordinates":[[72.91488558859922,19.077202736604587],[72.9152610383313,19.07756829903186],[72.91535603118673,19.07756937357591],[72.915731482795,19.077934935207214],[72.91572922281814,19.0781155671735],[72.91601194273066,19.07829942201945],[72.91609789742918,19.079023024203195],[72.91675381756268,19.079753070749952],[72.91713266502457,19.07984768207555]]},"properties":{"id":"L01259","strahler":2,"length_m":418.7,"drop_m":1.16,"gradient":0.00276,"area_ha":19.68,"on_drain_share":0.0,"downstream":"L01318"}},{"type":"Feature","geometry":{"type":"LineString","coordinates":[[72.91713266502457,19.07984768207555],[72.91741764784827,19.079850903037798],[72.91761102366341,19.079582101876756],[72.91770601780922,19.07958317531889],[72.91781568797695,19.078410139497525],[72.91800906127517,19.078141337659478],[72.91801357626804,19.077780073198433],[72.91820807704016,19.077420954904284],[72.91916928744085,19.076528520969376],[72.91936040037012,19.07644034966169]]},"properties":{"id":"L01318","strahler":4,"length_m":504.6,"drop_m":4.06,"gradient":0.00805,"area_ha":558.35,"on_drain_share":0.0,"downstream":"L01334"}},{"type":"Feature","geometry":{"type":"LineString","coordinates":[[72.93747612104828,19.07890221641212],[72.93803938306309,19.07945049820811],[72.9381310245257,19.079722512875954],[72.93860041333129,19.080179413149107]]},"properties":{"id":"L01260","strahler":1,"length_m":189.7,"drop_m":-0.14,"gradient":0.0,"area_ha":9.36,"on_drain_share":0.0,"downstream":"L01252"}},{"type":"Feature","geometry":{"type":"LineString","coordinates":[[72.93860488420339,19.07981814404593],[72.93860041333129,19.080179413149107]]},"properties":{"id":"L01261","strahler":2,"length_m":40.0,"drop_m":0.23,"gradient":0.00578,"area_ha":20.38,"on_drain_share":0.0,"downstream":"L01252"}},{"type":"Feature","geometry":{"type":"LineString","coordinates":[[72.8772436956192,19.078760208448305],[72.87647916092975,19.079112707870852],[72.8744147051983,19.077101715425286],[72.87347056876396,19.076639189446396],[72.8731855995084,19.076635901081655],[72.87252874450553,19.07599603214491]]},"properties":{"id":"L01311","strahler":5,"length_m":657.4,"drop_m":-1.16,"gradient":0.0,"area_ha":3507.59,"on_drain_share":0.0,"downstream":"L01335"}},{"type":"Feature","geometry":{"type":"LineString","coordinates":[[72.9286315100856,19.079615978354923],[72.92863263318036,19.079525661645068],[72.92825714726264,19.079160123354548],[72.92768718010268,19.07915371472538],[72.92703121002397,19.078423702763008],[72.92665123386683,19.078419428170893],[72.92636287903868,19.07868717148281],[72.92617289072773,19.078685033567456]]},"properties":{"id":"L01281","strahler":1,"length_m":338.0,"drop_m":1.0,"gradient":0.00295,"area_ha":7.45,"on_drain_share":0.0,"downstream":"L01277"}},{"type":"Feature","geometry":{"type":"LineString","coordinates":[[72.9356355366211,19.07409413438107],[72.93648039912999,19.074916562243196],[72.93676537702414,19.07491975250439],[72.93704700023034,19.075193894031944],[72.93723698587091,19.075196020367535],[72.93742473541992,19.075378781017033],[72.93750407556045,19.076644285560178],[72.93731185181551,19.076822793812983],[72.93730849713592,19.077093745508314],[72.93749624869447,19.077276506258382],[72.93749401239027,19.07745714073506],[72.93796339353707,19.07791404197216],[72.93796115765868,19.078094676489687],[72.9380550342867,19.078186056628994],[72.93804385496742,19.079089229204452],[72.93860488420339,19.07981814404593]]},"properties":{"id":"L01263","strahler":1,"length_m":808.4,"drop_m":0.19,"gradient":0.00024,"area_ha":13.84,"on_drain_share":0.0,"downstream":"L01261"}},{"type":"Feature","geometry":{"type":"LineString","coordinates":[[72.93861270798678,19.079185923078896],[72.93860488420339,19.07981814404593]]},"properties":{"id":"L01264","strahler":1,"length_m":70.0,"drop_m":-0.16,"gradient":0.0,"area_ha":5.47,"on_drain_share":0.0,"downstream":"L01261"}},{"type":"Feature","geometry":{"type":"LineString","coordinates":[[72.8600585155844,19.0779291645957],[72.85986621574855,19.07810758387505],[72.85986389520161,19.078288209307445],[72.85976774501358,19.078377418842393],[72.85862786666729,19.07836417687185],[72.85814827273498,19.0787199077519],[72.85795829275656,19.078717699538743],[72.85786446416613,19.078626282765843]]},"properties":{"id":"L01266","strahler":1,"length_m":283.1,"drop_m":2.2,"gradient":0.00777,"area_ha":8.16,"on_drain_share":0.0,"downstream":"L01323"}},{"type":"Feature","geometry":{"type":"LineString","coordinates":[[72.85786446416613,19.078626282765843],[72.85787491637196,19.077813469385976],[72.85749844314353,19.077538114659408],[72.857213475328,19.07753480145909],[72.85711964778424,19.07744338440082],[72.85712313288991,19.077172446713874],[72.85674782428106,19.076806778150985],[72.85608174048083,19.07688935674899],[72.85589408751487,19.076706521621194],[72.85589757446772,19.076435584130714],[72.85571224696376,19.07607212389693],[72.85505314241973,19.07561282427238],[72.85457703937082,19.07569760869195],[72.8544832143466,19.075606190516154],[72.85448554037282,19.075425565669416],[72.85420290304154,19.075241623348536]]},"properties":{"id":"L01323","strahler":2,"length_m":671.1,"drop_m":3.7,"gradient":0.00551,"area_ha":40.66,"on_drain_share":0.0,"downstream":null}},{"type":"Feature","geometry":{"type":"LineString","coordinates":[[72.92578841582338,19.079042023365314],[72.92550005856539,19.079309765076143],[72.92521395026706,19.079396873211426],[72.92464960954355,19.078938872671564],[72.9241768895411,19.078752890112355]]},"properties":{"id":"L01279","strahler":2,"length_m":215.6,"drop_m":3.98,"gradient":0.01847,"area_ha":26.56,"on_drain_share":0.0,"downstream":"L01309"}},{"type":"Feature","geometry":{"type":"LineString","coordinates":[[72.93332772134015,19.07632651262374],[72.93294774844688,19.07632225145874],[72.93256329258074,19.076679257372177],[72.93208720466338,19.07676424566557],[72.93170274601958,19.07712124949645],[72.93423733602192,19.07958857582733]]},"properties":{"id":"L01269","strahler":1,"length_m":589.1,"drop_m":-0.36,"gradient":0.0,"area_ha":27.75,"on_drain_share":0.0,"downstream":"L01245"}},{"type":"Feature","geometry":{"type":"LineString","coordinates":[[72.88626788923729,19.078863938882954],[72.88608019782177,19.078681131123496]]},"properties":{"id":"L01272","strahler":1,"length_m":28.3,"drop_m":0.06,"gradient":0.00214,"area_ha":4.55,"on_drain_share":0.0,"downstream":"L01275"}},{"type":"Feature","geometry":{"type":"LineString","coordinates":[[72.84124366867275,19.078251676309534],[72.84134450884706,19.077801230945596],[72.8410630548986,19.077526957924697],[72.84107944010216,19.076262595369816]]},"properties":{"id":"L01295","strahler":1,"length_m":236.6,"drop_m":1.84,"gradient":0.00777,"area_ha":12.64,"on_drain_share":0.0,"downstream":"L01345"}},{"type":"Feature","geometry":{"type":"LineString","coordinates":[[72.8529273250502,19.078388173742923],[72.85302347852516,19.078298968138764],[72.85368840473792,19.078306713664112],[72.85388071075171,19.07812830150938],[72.85388652822876,19.07767673968755],[72.85398384420937,19.077497221111827],[72.85379386614444,19.077495008743597],[72.85360621533279,19.077312171474443],[72.85360854253355,19.077131546765216],[72.85332706735605,19.07685729060031],[72.85333288591555,19.07640572888076],[72.85314640054136,19.07613257895407],[72.85315221935221,19.07568101725276],[72.8536329765562,19.07523498708838],[72.85363995717383,19.074693112817886],[72.8539284092196,19.07442549386776],[72.8539307356919,19.074244869063815],[72.85383691179062,19.074153450660184],[72.85383923832634,19.07397282586179],[72.8528071831816,19.07296722098008]]},"properties":{"id":"L01359","strahler":1,"length_m":818.4,"drop_m":6.23,"gradient":0.00761,"area_ha":15.84,"on_drain_share":0.0,"downstream":"L01413"}},{"type":"Feature","geometry":{"type":"LineString","coordinates":[[72.87886659699264,19.07814660631062],[72.87828974957756,19.07868192812747],[72.87733983766404,19.078670988903383],[72.8772436956192,19.078760208448305]]},"properties":{"id":"L01271","strahler":2,"length_m":199.0,"drop_m":2.41,"gradient":0.0121,"area_ha":71.94,"on_drain_share":0.0,"downstream":"L01311"}},{"type":"Feature","geometry":{"type":"LineString","coordinates":[[72.88608019782177,19.078681131123496],[72.88579866146956,19.078406919193746]]},"properties":{"id":"L01275","strahler":3,"length_m":42.4,"drop_m":0.22,"gradient":0.0051,"area_ha":39.78,"on_drain_share":0.0,"downstream":"L01349"}},{"type":"Feature","geometry":{"type":"LineString","coordinates":[[72.88808990972292,19.077529916386997],[72.88808876478464,19.077620230769746],[72.88837144889332,19.07780412505854],[72.88836915927999,19.077984753850643],[72.88855685275409,19.078167559456272],[72.88884182747249,19.07817082431565],[72.88931220816602,19.078537522557045],[72.88997715106689,19.078545137295496],[72.89016827868285,19.078456998000007],[72.89045096675127,19.078640889438613],[72.89045211047541,19.078550574927874],[72.89102892233723,19.078015211189914],[72.89103692579549,19.077383009315795],[72.8905676873823,19.07692600085224],[72.89056997447615,19.076745371782636]]},"properties":{"id":"L01298","strahler":1,"length_m":581.1,"drop_m":2.3,"gradient":0.00397,"area_ha":11.8,"on_drain_share":0.0,"downstream":"L01386"}},{"type":"Feature","geometry":{"type":"LineString","coordinates":[[72.92485759890974,19.077495948087854],[72.92532694211178,19.07795287827013],[72.92532356773341,19.07822382787408],[72.925792914182,19.078680757150085],[72.92578841582338,19.079042023365314]]},"properties":{"id":"L01276","strahler":1,"length_m":211.4,"drop_m":0.94,"gradient":0.00446,"area_ha":7.07,"on_drain_share":0.0,"downstream":"L01279"}},{"type":"Feature","geometry":{"type":"LineString","coordinates":[[72.92617289072773,19.078685033567456],[72.92578841582338,19.079042023365314]]},"properties":{"id":"L01277","strahler":2,"length_m":56.6,"drop_m":-0.12,"gradient":0.0,"area_ha":14.69,"on_drain_share":0.0,"downstream":"L01279"}},{"type":"Feature","geometry":{"type":"LineString","coordinates":[[72.86841532006528,19.078206668381874],[72.86841994257563,19.07784541548841],[72.86861223387135,19.077666986349847],[72.86908718418456,19.07767247877914],[72.86927947462021,19.077494048851825],[72.86994440470403,19.07750173543736],[72.87004054945345,19.077412520000912],[72.87023052944625,19.07741471561937],[72.87041704592824,19.07768785108025],[72.87079700666094,19.077692241406627],[72.87156615947242,19.076978512390138],[72.87156731332232,19.076888198970476],[72.87242222165699,19.076898070373872],[72.87271295728686,19.076449792514364]]},"properties":{"id":"L01302","strahler":1,"length_m":604.6,"drop_m":5.56,"gradient":0.00919,"area_ha":16.02,"on_drain_share":0.0,"downstream":"L01310"}},{"type":"Feature","geometry":{"type":"LineString","coordinates":[[72.88579866146956,19.078406919193746],[72.88354640396244,19.07621321120577],[72.88355099315795,19.075851954676995],[72.88412552074513,19.075497241990405],[72.88413698993818,19.07459410023087],[72.88394930540834,19.074411290910497],[72.88452612025252,19.073875947949283]]},"properties":{"id":"L01349","strahler":3,"length_m":669.1,"drop_m":-1.5,"gradient":0.0,"area_ha":65.94,"on_drain_share":0.0,"downstream":"L01399"}},{"type":"Feature","geometry":{"type":"LineString","coordinates":[[72.88131257907673,19.072574456476172],[72.8809280333904,19.072931344990007],[72.8808330452842,19.072930252963232],[72.88073461129387,19.073200102876754],[72.88110882209546,19.07365604102696],[72.88110422817657,19.074017297069158],[72.88128846363719,19.07447105100099],[72.88128157298675,19.075012935073975],[72.88146810653016,19.07528606090267],[72.88146121614659,19.075827944991026],[72.88155390919918,19.076009664886552],[72.88145891930023,19.076008573012885],[72.88088208749772,19.076543904587087],[72.88069325605674,19.076451406079624],[72.88040483867181,19.07671907073686],[72.88040368962167,19.076809384677606],[72.87963457160878,19.07752315436297],[72.87953383304522,19.077973630818377],[72.87924541109098,19.07824129318359],[72.87886659699264,19.07814660631062]]},"properties":{"id":"L01280","strahler":1,"length_m":873.3,"drop_m":3.52,"gradient":0.00403,"area_ha":24.96,"on_drain_share":0.0,"downstream":"L01271"}},{"type":"Feature","geometry":{"type":"LineString","coordinates":[[72.9241768895411,19.078752890112355],[72.92286161298748,19.07756379168269],[72.92286611731477,19.07720252608208],[72.92258451667168,19.07692836480936],[72.92258676906752,19.076747732030373]]},"properties":{"id":"L01309","strahler":2,"length_m":296.3,"drop_m":1.36,"gradient":0.00461,"area_ha":39.1,"on_drain_share":0.0,"downstream":null}},{"type":"Feature","geometry":{"type":"LineString","coordinates":[[72.89615505782935,19.078344786659322],[72.89539854404961,19.07806516504903],[72.89464774001591,19.07733396673961],[72.89398622509827,19.07705542511819],[72.89332928074484,19.076415622533005],[72.89295160181256,19.076230649564064],[72.89266662965464,19.076227391375465]]},"properties":{"id":"L01317","strahler":1,"length_m":465.3,"drop_m":0.9,"gradient":0.00194,"area_ha":10.52,"on_drain_share":0.0,"downstream":"L01316"}},{"type":"Feature","geometry":{"type":"LineString","coordinates":[[72.83070819929031,19.077495684060874],[72.83070937531383,19.077405373075802]]},"properties":{"id":"L01282","strahler":1,"length_m":10.0,"drop_m":0.0,"gradient":0.0,"area_ha":4.01,"on_drain_share":0.0,"downstream":"L01287"}},{"type":"Feature","geometry":{"type":"LineString","coordinates":[[72.87737205848644,19.076142203748233],[72.87755973682575,19.07632501923035],[72.87755743568685,19.076505646784614],[72.87812047371084,19.077054092357763],[72.87811932340112,19.077144406161175],[72.8784946843195,19.07751003578784],[72.8786846654695,19.077512222705824],[72.87868236539552,19.077692850368983],[72.87887004688277,19.077875664795325],[72.87886659699264,19.07814660631062]]},"properties":{"id":"L01283","strahler":2,"length_m":298.0,"drop_m":2.86,"gradient":0.00961,"area_ha":43.85,"on_drain_share":0.0,"downstream":"L01271"}},{"type":"Feature","geometry":{"type":"LineString","coordinates":[[72.92684571785159,19.078060299083567],[72.92617289072773,19.078685033567456]]},"properties":{"id":"L01284","strahler":1,"length_m":99.0,"drop_m":0.25,"gradient":0.00251,"area_ha":6.96,"on_drain_share":0.0,"downstream":"L01277"}},{"type":"Feature","geometry":{"type":"LineString","coordinates":[[72.83070937531383,19.077405373075802],[72.83052175250963,19.077222514785856]]},"properties":{"id":"L01287","strahler":2,"length_m":28.3,"drop_m":-0.65,"gradient":0.0,"area_ha":15.29,"on_drain_share":0.0,"downstream":"L01288"}},{"type":"Feature","geometry":{"type":"LineString","coordinates":[[72.83698560205511,19.07693719443153],[72.83708058971237,19.07693830926832],[72.83745585102932,19.077304013697976],[72.83783580265269,19.07730847186523],[72.83802343439201,19.07749132350356],[72.83840807396054,19.07713453475274],[72.83841041760851,19.076953911851792],[72.8387950550683,19.076597122069295],[72.83917500541723,19.07660157731817],[72.83945645454179,19.07687585279017],[72.83974024680037,19.076969504856095],[72.84022104023303,19.076523513657172],[72.84050600312793,19.07652685295087],[72.84079447755093,19.076259257006797],[72.84107944010216,19.076262595369816]]},"properties":{"id":"L01297","strahler":1,"length_m":557.7,"drop_m":4.05,"gradient":0.00726,"area_ha":13.67,"on_drain_share":0.0,"downstream":"L01345"}},{"type":"Feature","geometry":{"type":"LineString","coordinates":[[72.82995182817484,19.07721580466214],[72.82919192943348,19.07720685509362],[72.82909576523669,19.077296047067836],[72.82890579052822,19.07729380907784],[72.82853054992053,19.076928089081544],[72.82853290424546,19.0767474673609],[72.82843909444003,19.076656037275228],[72.82824912054404,19.076653798680773]]},"properties":{"id":"L01293","strahler":2,"length_m":224.9,"drop_m":1.75,"gradient":0.0078,"area_ha":29.8,"on_drain_share":0.0,"downstream":"L01258"}},{"type":"Feature","geometry":{"type":"LineString","coordinates":[[72.83052175250963,19.077222514785856],[72.82995182817484,19.07721580466214]]},"properties":{"id":"L01288","strahler":2,"length_m":60.0,"drop_m":0.87,"gradient":0.01451,"area_ha":21.67,"on_drain_share":0.0,"downstream":"L01293"}},{"type":"Feature","geometry":{"type":"LineString","coordinates":[[72.83185392765336,19.07705754278559],[72.8316616018957,19.077235929755002],[72.83052175250963,19.077222514785856]]},"properties":{"id":"L01289","strahler":1,"length_m":148.3,"drop_m":0.92,"gradient":0.00622,"area_ha":5.96,"on_drain_share":0.0,"downstream":"L01288"}},{"type":"Feature","geometry":{"type":"LineString","coordinates":[[72.86386505583299,19.07743136892989],[72.8640527191616,19.077614196854917],[72.86433768839035,19.07761749949765],[72.86453114100641,19.077348762017753],[72.86453577171176,19.07698751000801],[72.865016505773,19.076541447576513],[72.8650188205072,19.076360821500394],[72.86530494497619,19.07627380938526],[72.86549723726432,19.07609538361929],[72.86578220416555,19.07609868377692],[72.866070641423,19.075831044180028],[72.86618644989484,19.074206507802906],[72.86628259435433,19.07411729430955],[72.8663833645442,19.073666828179036],[72.86629068989927,19.07348510233717],[72.8648832359285,19.072113907271024]]},"properties":{"id":"L01375","strahler":1,"length_m":850.8,"drop_m":4.46,"gradient":0.00525,"area_ha":24.12,"on_drain_share":0.0,"downstream":"L01377"}},{"type":"Feature","geometry":{"type":"LineString","coordinates":[[72.8302450239972,19.076586983207523],[72.83024031907426,19.07694822706262],[72.82995182817484,19.07721580466214]]},"properties":{"id":"L01290","strahler":1,"length_m":82.4,"drop_m":1.07,"gradient":0.01295,"area_ha":4.54,"on_drain_share":0.0,"downstream":"L01293"}},{"type":"Feature","geometry":{"type":"LineString","coordinates":[[72.84676819815233,19.07714207783762],[72.84678103806553,19.076148646346073],[72.84697451506621,19.07587992987458]]},"properties":{"id":"L01308","strahler":1,"length_m":148.3,"drop_m":0.32,"gradient":0.00219,"area_ha":5.85,"on_drain_share":0.0,"downstream":"L01326"}},{"type":"Feature","geometry":{"type":"LineString","coordinates":[[72.9059472284191,19.077824018265833],[72.90575837894545,19.077731543996943],[72.90576292038837,19.07737028235137],[72.90557634240106,19.077097177139734],[72.90548135040953,19.077096097582668],[72.90491821322772,19.0765477269966],[72.90493070612204,19.075554257843102],[72.9050279684505,19.075374706821503],[72.90531521233345,19.075197314950728],[72.90531748322303,19.075016684131654],[72.90551087080028,19.074747896870942],[72.90551427672058,19.074476950593702],[72.90580265364252,19.07420924230498],[72.90599717441333,19.07385013888778],[72.9059994443912,19.073669507963317]]},"properties":{"id":"L01355","strahler":2,"length_m":568.7,"drop_m":3.31,"gradient":0.00582,"area_ha":43.81,"on_drain_share":0.0,"downstream":"L01384"}},{"type":"Feature","geometry":{"type":"LineString","coordinates":[[72.87270373150022,19.07717230041898],[72.87270603798592,19.076991673448532],[72.87280218108603,19.07690245639346],[72.87280679374774,19.076541202415033],[72.87271295728686,19.076449792514364]]},"properties":{"id":"L01303","strahler":1,"length_m":88.3,"drop_m":1.06,"gradient":0.01195,"area_ha":4.9,"on_drain_share":0.0,"downstream":"L01310"}},{"type":"Feature","geometry":{"type":"LineString","coordinates":[[72.82898228085823,19.07142359997155],[72.82916754301024,19.071787081020357],[72.8291651900323,19.071967702914236],[72.82972686265198,19.07260659053319],[72.8298112614733,19.073420507639494],[72.83000123188175,19.073422744260167],[72.83056408816049,19.07397131902908],[72.83055350505387,19.074784118084118],[72.83007857502953,19.074778527204952],[72.8297900880396,19.07504610495563],[72.82941014360256,19.075041630717983],[72.82940308408013,19.07558349628473],[72.82901960804841,19.075849953830698],[72.8282502978441,19.07656348783516],[72.82824912054404,19.076653798680773]]},"properties":{"id":"L01294","strahler":1,"length_m":820.1,"drop_m":5.52,"gradient":0.00673,"area_ha":23.49,"on_drain_share":0.0,"downstream":"L01258"}},{"type":"Feature","geometry":{"type":"LineString","coordinates":[[72.84791389258768,19.076703832219717],[72.84753860718672,19.076338146954573],[72.8474552877058,19.075433917524986],[72.84708000597377,19.075068231658257],[72.84708233995146,19.074887607681564]]},"properties":{"id":"L01327","strahler":1,"length_m":237.3,"drop_m":1.63,"gradient":0.00689,"area_ha":9.2,"on_drain_share":0.0,"downstream":"L01363"}},{"type":"Feature","geometry":{"type":"LineString","coordinates":[[72.84516507797473,19.076220085043968],[72.84544653738821,19.076494352278267],[72.84582648917366,19.076498793797516],[72.84592030941567,19.076590215959026],[72.846208776178,19.07632261069027],[72.84649373985692,19.07632594069616],[72.84697451506621,19.07587992987458]]},"properties":{"id":"L01307","strahler":2,"length_m":239.7,"drop_m":1.95,"gradient":0.00814,"area_ha":18.22,"on_drain_share":0.0,"downstream":"L01326"}},{"type":"Feature","geometry":{"type":"LineString","coordinates":[[72.9118514881046,19.07671674097965],[72.91204373623226,19.076538261872056],[72.91242144117864,19.076723197773816],[72.91270868087737,19.076545793866487],[72.91308299267787,19.077001676001604],[72.91355569252893,19.07718768542402],[72.91374341557132,19.07737046793095],[72.91402839354213,19.077373693730042],[72.91460174130937,19.077109196231664],[72.91488558859922,19.077202736604587]]},"properties":{"id":"L01296","strahler":1,"length_m":404.6,"drop_m":4.24,"gradient":0.01048,"area_ha":11.17,"on_drain_share":0.0,"downstream":"L01259"}},{"type":"Feature","geometry":{"type":"LineString","coordinates":[[72.90937489393309,19.077230634963456],[72.9073100225628,19.07521997501457],[72.90674461516446,19.074852240938498],[72.90665302847032,19.074580215633155],[72.90618375005955,19.074123243481218],[72.90609329952721,19.073760902535415]]},"properties":{"id":"L01353","strahler":1,"length_m":536.7,"drop_m":1.22,"gradient":0.00228,"area_ha":16.92,"on_drain_share":0.0,"downstream":"L01356"}},{"type":"Feature","geometry":{"type":"LineString","coordinates":[[72.92020518537211,19.077262845515534],[72.9199190787951,19.07734994551312],[72.9197313483315,19.077167168659546],[72.91973473159958,19.07689621998905],[72.91935927244666,19.07653066586904],[72.91936040037012,19.07644034966169]]},"properties":{"id":"L01319","strahler":1,"length_m":159.0,"drop_m":2.83,"gradient":0.01777,"area_ha":8.09,"on_drain_share":0.0,"downstream":"L01334"}},{"type":"Feature","geometry":{"type":"LineString","coordinates":[[72.84411787566029,19.076388489005524],[72.84402405660961,19.07629706603225],[72.84440751313875,19.0760305749869],[72.84478746360634,19.07603501854345],[72.84516507797473,19.076220085043968]]},"properties":{"id":"L01301","strahler":1,"length_m":154.9,"drop_m":1.97,"gradient":0.01275,"area_ha":5.16,"on_drain_share":0.0,"downstream":"L01307"}},{"type":"Feature","geometry":{"type":"LineString","coordinates":[[72.84107944010216,19.076262595369816],[72.84108880249458,19.07554010239746],[72.84137844429287,19.075182193607713],[72.84138546472641,19.074640323713624],[72.84119783179341,19.07445747540125],[72.84120017206425,19.074276852114444],[72.84110635584149,19.07418542790994],[72.84111220662699,19.073733869699794],[72.84101839073092,19.073642445480356]]},"properties":{"id":"L01345","strahler":2,"length_m":319.0,"drop_m":1.02,"gradient":0.00321,"area_ha":31.42,"on_drain_share":0.0,"downstream":"L01417"}},{"type":"Feature","geometry":{"type":"LineString","coordinates":[[72.91469786435006,19.07701995515761],[72.91488558859922,19.077202736604587]]},"properties":{"id":"L01300","strahler":1,"length_m":28.3,"drop_m":-0.34,"gradient":0.0,"area_ha":4.54,"on_drain_share":0.0,"downstream":"L01259"}},{"type":"Feature","geometry":{"type":"LineString","coordinates":[[72.89056997447615,19.076745371782636],[72.89057797910134,19.076113170009116],[72.88888874937517,19.0744679322605],[72.88879719294135,19.074195900882835],[72.88814028061294,19.07355608260543],[72.88814943761317,19.07283356717485],[72.88739868970892,19.072102344255935],[72.88740326949173,19.071741086664776]]},"properties":{"id":"L01386","strahler":3,"length_m":690.8,"drop_m":0.38,"gradient":0.00054,"area_ha":243.35,"on_drain_share":0.0,"downstream":"L01389"}},{"type":"Feature","geometry":{"type":"LineString","coordinates":[[72.84413423663828,19.075124123741652],[72.84422922371158,19.075125234794154],[72.84479213675883,19.075673771170674],[72.84478980019577,19.075854394858972],[72.84516507797473,19.076220085043968]]},"properties":{"id":"L01304","strahler":1,"length_m":171.4,"drop_m":-0.36,"gradient":0.0,"area_ha":11.01,"on_drain_share":0.0,"downstream":"L01307"}},{"type":"Feature","geometry":{"type":"LineString","coordinates":[[72.87271295728686,19.076449792514364],[72.87252874450553,19.07599603214491]]},"properties":{"id":"L01310","strahler":2,"length_m":58.3,"drop_m":-0.58,"gradient":0.0,"area_ha":21.08,"on_drain_share":0.0,"downstream":"L01335"}},{"type":"Feature","geometry":{"type":"LineString","coordinates":[[72.89959527543897,19.076758124399394],[72.89950142270476,19.07666672672305]]},"properties":{"id":"L01305","strahler":1,"length_m":14.1,"drop_m":0.0,"gradient":0.0,"area_ha":4.97,"on_drain_share":0.0,"downstream":"L01321"}},{"type":"Feature","geometry":{"type":"LineString","coordinates":[[72.87670367754126,19.07640548565982],[72.87699209965989,19.076137827313644],[72.877278219471,19.07605079594914]]},"properties":{"id":"L01313","strahler":1,"length_m":76.6,"drop_m":-0.18,"gradient":0.0,"area_ha":4.38,"on_drain_share":0.0,"downstream":"L01314"}},{"type":"Feature","geometry":{"type":"LineString","coordinates":[[72.89304202383185,19.076592994262587],[72.89266662965464,19.076227391375465]]},"properties":{"id":"L01312","strahler":1,"length_m":56.6,"drop_m":-0.71,"gradient":0.0,"area_ha":4.6,"on_drain_share":0.0,"downstream":"L01316"}},{"type":"Feature","geometry":{"type":"LineString","coordinates":[[72.89950142270476,19.07666672672305],[72.89921986511894,19.076392533461174],[72.89893375254458,19.07647959996001],[72.89771368203482,19.07529142337253],[72.8973359996948,19.075106459151375],[72.89705444839271,19.07483226313023],[72.89667448771048,19.074827927541186],[72.89638609644736,19.075095620013226],[72.89590886397272,19.07527082833607],[72.89562389291206,19.07526757487531],[72.89552776181004,19.0753568051295],[72.89486282924572,19.075349211629632],[72.89380537687691,19.076330736219443],[72.89333042276564,19.076325307832597],[72.89304773470687,19.076141420843445],[72.89257278136735,19.076135990556757]]},"properties":{"id":"L01321","strahler":2,"length_m":899.8,"drop_m":1.95,"gradient":0.00217,"area_ha":28.38,"on_drain_share":0.0,"downstream":"L01372"}},{"type":"Feature","geometry":{"type":"LineString","coordinates":[[72.89998093338126,19.076310878962122],[72.8995964140865,19.076667809337593],[72.89950142270476,19.07666672672305]]},"properties":{"id":"L01306","strahler":1,"length_m":66.6,"drop_m":-0.08,"gradient":0.0,"area_ha":5.01,"on_drain_share":0.0,"downstream":"L01321"}},{"type":"Feature","geometry":{"type":"LineString","coordinates":[[72.84697451506621,19.07587992987458],[72.84688769733162,19.07524663639811],[72.84708233995146,19.074887607681564]]},"properties":{"id":"L01326","strahler":2,"length_m":122.4,"drop_m":0.51,"gradient":0.0042,"area_ha":24.8,"on_drain_share":0.0,"downstream":"L01363"}},{"type":"Feature","geometry":{"type":"LineString","coordinates":[[72.82746724705756,19.07104445153499],[72.82765603720773,19.071137001166328],[72.82755516682134,19.07158743607801],[72.82774160310683,19.071860607404876],[72.82773689401509,19.072221850843206],[72.82744723107974,19.07257973589776],[72.82744369864905,19.072850668403756],[72.82715521155617,19.07311824199032],[72.82743663360831,19.073392533390017],[72.82743427854157,19.073573155044468],[72.82704962702199,19.073929919491214],[72.8263835518565,19.074012390380467],[72.8259988972078,19.074369152293258],[72.82599418367222,19.074730395214313],[72.82589919797287,19.07472927479065],[72.82570686947814,19.074907655217295],[72.82570451233552,19.075088276634073],[72.82522486758452,19.075443915888],[72.82408621481139,19.07534015173283],[72.82380361629131,19.07515616608062],[72.82342485293269,19.075061368912962],[72.82314343564316,19.074787071804444],[72.82324432058809,19.07433664082947],[72.8228667395439,19.074151532175016],[72.82258178404945,19.074148166022553],[72.82258414445047,19.073967544963438],[72.82249033964365,19.07387611230104],[72.82230036966895,19.07387386789162],[72.82230273033831,19.073693246861062]]},"properties":{"id":"L01339","strahler":1,"length_m":1151.5,"drop_m":9.77,"gradient":0.00848,"area_ha":33.17,"on_drain_share":0.0,"downstream":"L01348"}},{"type":"Feature","geometry":{"type":"LineString","coordinates":[[72.87252874450553,19.07599603214491],[72.87168537771419,19.075083027284006],[72.87169114595812,19.074631460048433],[72.87178728804652,19.074542243422517]]},"properties":{"id":"L01335","strahler":5,"length_m":201.4,"drop_m":2.27,"gradient":0.01129,"area_ha":3531.31,"on_drain_share":0.0,"downstream":"L01337"}},{"type":"Feature","geometry":{"type":"LineString","coordinates":[[72.877278219471,19.07605079594914],[72.87737205848644,19.076142203748233]]},"properties":{"id":"L01314","strahler":2,"length_m":14.1,"drop_m":0.0,"gradient":0.0,"area_ha":32.17,"on_drain_share":0.0,"downstream":"L01283"}},{"type":"Feature","geometry":{"type":"LineString","coordinates":[[72.87891374043764,19.074443738194475],[72.87900757962883,19.074535145174263],[72.87909682040161,19.07498780764856],[72.87871226433315,19.075344690451367],[72.87804618881898,19.07542735013404],[72.87737205848644,19.076142203748233]]},"properties":{"id":"L01315","strahler":1,"length_m":308.0,"drop_m":2.91,"gradient":0.00945,"area_ha":8.84,"on_drain_share":0.0,"downstream":"L01283"}},{"type":"Feature","geometry":{"type":"LineString","coordinates":[[72.89266662965464,19.076227391375465],[72.89257278136735,19.076135990556757]]},"properties":{"id":"L01316","strahler":2,"length_m":14.1,"drop_m":0.0,"gradient":0.0,"area_ha":15.26,"on_drain_share":0.0,"downstream":"L01372"}},{"type":"Feature","geometry":{"type":"LineString","coordinates":[[72.83339604222887,19.075359504721764],[72.83368100184477,19.07536285436717],[72.83377481417021,19.07545428200689],[72.8345347072349,19.075463211898956],[72.83520548122593,19.07501946660835],[72.83568041355356,19.075025044350287],[72.8357765731531,19.07493584843904]]},"properties":{"id":"L01322","strahler":1,"length_m":279.0,"drop_m":3.94,"gradient":0.01411,"area_ha":7.58,"on_drain_share":0.0,"downstream":"L01328"}},{"type":"Feature","geometry":{"type":"LineString","coordinates":[[72.87553559800627,19.071153061158974],[72.87552868994895,19.07169494340011],[72.8756225257095,19.071786351800085],[72.87560986082408,19.07277980253748],[72.87570369718121,19.072871210949636],[72.8756956376136,19.073503406845905],[72.87588331126469,19.07368622361891],[72.8758810086522,19.073866851027777],[72.8759748457217,19.073958259365522],[72.87596448404801,19.074771082699968],[72.877278219471,19.07605079594914]]},"properties":{"id":"L01320","strahler":2,"length_m":618.7,"drop_m":-2.49,"gradient":0.0,"area_ha":27.65,"on_drain_share":0.0,"downstream":"L01314"}},{"type":"Feature","geometry":{"type":"LineString","coordinates":[[72.89257278136735,19.076135990556757],[72.89022660759373,19.07385095749095],[72.88994278369636,19.073757380953886],[72.88909817883085,19.07293476199202],[72.88862323584009,19.072929322410356],[72.88852939165817,19.072837919893114]]},"properties":{"id":"L01372","strahler":3,"length_m":579.1,"drop_m":0.74,"gradient":0.00128,"area_ha":52.62,"on_drain_share":0.0,"downstream":"L01387"}},{"type":"Feature","geometry":{"type":"LineString","coordinates":[[72.91936040037012,19.07644034966169],[72.91974149796397,19.076354322622475],[72.92060432067262,19.075731756412104],[72.92155987563999,19.075290889415655],[72.9218448514763,19.075294102796672]]},"properties":{"id":"L01334","strahler":4,"length_m":313.8,"drop_m":0.66,"gradient":0.00211,"area_ha":574.65,"on_drain_share":0.0,"downstream":null}},{"type":"Feature","geometry":{"type":"LineString","coordinates":[[72.92268626640882,19.076387537164667],[72.9226885186256,19.07620690436341],[72.92336022080356,19.0756724991884]]},"properties":{"id":"L01330","strahler":1,"length_m":114.9,"drop_m":-0.85,"gradient":0.0,"area_ha":40.75,"on_drain_share":0.0,"downstream":null}},{"type":"Feature","geometry":{"type":"LineString","coordinates":[[72.86949601841833,19.07541903932881],[72.86968484129777,19.075511548611036],[72.86997327181933,19.075243902177274],[72.87035322687072,19.07524829287777],[72.87054551301209,19.075069861181255],[72.87101930249595,19.075165661317836],[72.87130773043758,19.07489801251834],[72.87150347641418,19.074448639363972],[72.87179190229288,19.074180989590808]]},"properties":{"id":"L01341","strahler":1,"length_m":332.1,"drop_m":2.81,"gradient":0.00846,"area_ha":14.16,"on_drain_share":0.0,"downstream":"L01343"}},{"type":"Feature","geometry":{"type":"LineString","coordinates":[[72.85933225203321,19.075301270519375],[72.8593357331209,19.075030332376205],[72.85914807809793,19.074847500385637],[72.85895810240876,19.07484529363314],[72.85867662099282,19.074571045098363],[72.85734679433563,19.0745555905409],[72.85584558871862,19.07309291613723],[72.85585139921945,19.072641353486095],[72.85614100608046,19.07228341776914],[72.85614449176114,19.072012480104995],[72.85586301972933,19.071738228112444],[72.85596730113204,19.07101683252214],[72.85549818463748,19.070559745499754]]},"properties":{"id":"L01401","strahler":1,"length_m":816.7,"drop_m":5.26,"gradient":0.00645,"area_ha":29.88,"on_drain_share":0.0,"downstream":"L01445"}},{"type":"Feature","geometry":{"type":"LineString","coordinates":[[72.83475988906324,19.07275610609451],[72.83456639792429,19.07302480823441],[72.83427909453647,19.073202082834985],[72.8342708777236,19.073834261496906],[72.83407738440847,19.0741029628923],[72.83501668186648,19.074926923901895],[72.8357765731531,19.07493584843904]]},"properties":{"id":"L01324","strahler":2,"length_m":402.1,"drop_m":7.02,"gradient":0.01746,"area_ha":36.61,"on_drain_share":0.0,"downstream":"L01328"}},{"type":"Feature","geometry":{"type":"LineString","coordinates":[[72.8357765731531,19.07493584843904],[72.83606270544817,19.074848883003124],[72.83663965973318,19.074313705229375],[72.8368296320207,19.074315934915916],[72.83702194911442,19.074137541617144],[72.83740189341064,19.074141999967523],[72.83778418174379,19.073965834651617],[72.83787916775806,19.073966948910243],[72.83881731399705,19.07488120381682]]},"properties":{"id":"L01328","strahler":2,"length_m":407.0,"drop_m":-2.78,"gradient":0.0,"area_ha":54.25,"on_drain_share":0.0,"downstream":"L01344"}},{"type":"Feature","geometry":{"type":"LineString","coordinates":[[72.8387223274028,19.074880089990145],[72.83881731399705,19.07488120381682]]},"properties":{"id":"L01325","strahler":1,"length_m":10.0,"drop_m":0.0,"gradient":0.0,"area_ha":4.0,"on_drain_share":0.0,"downstream":"L01344"}},{"type":"Feature","geometry":{"type":"LineString","coordinates":[[72.83881731399705,19.07488120381682],[72.83986216697004,19.074893452684947],[72.84101605034695,19.07382306875785],[72.84101839073092,19.073642445480356]]},"properties":{"id":"L01344","strahler":2,"length_m":299.7,"drop_m":4.57,"gradient":0.01523,"area_ha":62.99,"on_drain_share":0.0,"downstream":"L01417"}},{"type":"Feature","geometry":{"type":"LineString","coordinates":[[72.84708233995146,19.074887607681564],[72.8471784940024,19.074798405206767],[72.84718082783779,19.074617781213068],[72.84699552190887,19.07425431420321],[72.84766976215863,19.0735395836174],[72.84767209529582,19.073358959540567],[72.84805670586563,19.07300214751762],[72.84853047040522,19.073098003689378],[72.8489150786665,19.072741189624953]]},"properties":{"id":"L01363","strahler":2,"length_m":378.7,"drop_m":-0.61,"gradient":0.0,"area_ha":42.36,"on_drain_share":0.0,"downstream":"L01393"}},{"type":"Feature","geometry":{"type":"LineString","coordinates":[[72.92725378529047,19.075806656802968],[72.92782374084737,19.075813065691726]]},"properties":{"id":"L01329","strahler":1,"length_m":60.0,"drop_m":-0.21,"gradient":0.0,"area_ha":1312.16,"on_drain_share":0.0,"downstream":null}},{"type":"Feature","geometry":{"type":"LineString","coordinates":[[72.92877366728253,19.07582374326252],[72.92896365264559,19.075825878190113],[72.92906089057638,19.075646312036874],[72.92953697596586,19.075561331401254]]},"properties":{"id":"L01332","strahler":1,"length_m":98.3,"drop_m":-0.29,"gradient":0.0,"area_ha":1320.69,"on_drain_share":0.0,"downstream":null}},{"type":"Feature","geometry":{"type":"LineString","coordinates":[[72.86323371997509,19.074804585334245],[72.86409903257567,19.0740016773072],[72.86400983360048,19.073549011530204],[72.86458670257397,19.07301373689615],[72.86459248937194,19.072562171653267],[72.86478477762843,19.072383746221544],[72.8648832359285,19.072113907271024]]},"properties":{"id":"L01374","strahler":1,"length_m":378.7,"drop_m":-2.18,"gradient":0.0,"area_ha":13.28,"on_drain_share":0.0,"downstream":"L01377"}},{"type":"Feature","geometry":{"type":"LineString","coordinates":[[72.92982307590214,19.075474215679602],[72.92991806844455,19.07547528260842]]},"properties":{"id":"L01333","strahler":1,"length_m":10.0,"drop_m":0.33,"gradient":0.03252,"area_ha":1321.07,"on_drain_share":0.0,"downstream":null}},{"type":"Feature","geometry":{"type":"LineString","coordinates":[[72.85050770611736,19.074475958662163],[72.85051236646204,19.074114709865654],[72.85032472302483,19.073931869916475],[72.85033171388241,19.073389996749388],[72.84995642931676,19.073024316501055],[72.84995875990852,19.072843692141916],[72.8501510625527,19.072665283557182],[72.85034569488761,19.072306250312383],[72.85034802496311,19.07212562589288],[72.85054032632151,19.07194721676667],[72.85063880654805,19.07167738764907],[72.85140800612186,19.070963748106514],[72.85140917049914,19.07087343582094],[72.85227567548645,19.069980274257595]]},"properties":{"id":"L01412","strahler":1,"length_m":624.3,"drop_m":-5.35,"gradient":0.0,"area_ha":10.3,"on_drain_share":0.0,"downstream":"L01442"}},{"type":"Feature","geometry":{"type":"LineString","coordinates":[[72.87178613446865,19.074632556878075],[72.87178728804652,19.074542243422517]]},"properties":{"id":"L01336","strahler":1,"length_m":10.0,"drop_m":0.0,"gradient":0.0,"area_ha":4.0,"on_drain_share":0.0,"downstream":"L01337"}},{"type":"Feature","geometry":{"type":"LineString","coordinates":[[72.92260929162823,19.074941404032064],[72.92279814927647,19.075033861635838]]},"properties":{"id":"L01338","strahler":1,"length_m":24.1,"drop_m":-0.29,"gradient":0.0,"area_ha":678.65,"on_drain_share":0.0,"downstream":null}},{"type":"Feature","geometry":{"type":"LineString","coordinates":[[72.87178959518272,19.07436161650856],[72.87179190229288,19.074180989590808]]},"properties":{"id":"L01342","strahler":1,"length_m":20.0,"drop_m":-0.45,"gradient":0.0,"area_ha":3535.68,"on_drain_share":0.0,"downstream":"L01343"}},{"type":"Feature","geometry":{"type":"LineString","coordinates":[[72.93039864057863,19.075029032253777],[72.9310725586909,19.074313962307905],[72.93135753457929,19.07431716082971],[72.93145364778513,19.07422790998265]]},"properties":{"id":"L01351","strahler":1,"length_m":153.1,"drop_m":-1.08,"gradient":0.0,"area_ha":1332.39,"on_drain_share":0.0,"downstream":null}},{"type":"Feature","geometry":{"type":"LineString","coordinates":[[72.82230273033831,19.073693246861062],[72.82192751296081,19.073327515520432],[72.82154757443108,19.073323025470593]]},"properties":{"id":"L01348","strahler":2,"length_m":96.6,"drop_m":4.78,"gradient":0.04954,"area_ha":38.74,"on_drain_share":0.0,"downstream":null}},{"type":"Feature","geometry":{"type":"LineString","coordinates":[[72.82287381974211,19.073609668883414],[72.8224938803294,19.07360518071949],[72.82230273033831,19.073693246861062]]},"properties":{"id":"L01340","strahler":1,"length_m":64.1,"drop_m":-0.35,"gradient":0.0,"area_ha":4.72,"on_drain_share":0.0,"downstream":"L01348"}},{"type":"Feature","geometry":{"type":"LineString","coordinates":[[72.84101839073092,19.073642445480356],[72.84106402293988,19.07012029080754],[72.84116017684265,19.070031091478217],[72.84116485626954,19.06966984473672]]},"properties":{"id":"L01417","strahler":3,"length_m":444.1,"drop_m":1.07,"gradient":0.00241,"area_ha":107.07,"on_drain_share":0.0,"downstream":"L01439"}},{"type":"Feature","geometry":{"type":"LineString","coordinates":[[72.90067090759077,19.07433152135595],[72.90001394465824,19.073691741007774],[72.89991895494695,19.07369065877057],[72.89982624188833,19.073508946273357],[72.89963740111972,19.073416466480648],[72.89915903748779,19.073681999113514],[72.89867839447287,19.074128160420063],[72.89810845529931,19.07412166199311],[72.89773191442698,19.07384638379097],[72.8969719973281,19.0738377150533],[72.89650274997588,19.073380720943447]]},"properties":{"id":"L01360","strahler":2,"length_m":553.6,"drop_m":0.04,"gradient":7e-05,"area_ha":40.38,"on_drain_share":0.0,"downstream":"L01380"}},{"type":"Feature","geometry":{"type":"LineString","coordinates":[[72.90238641563057,19.073899411559363],[72.90200645577083,19.07389508716045],[72.90153378091229,19.07370905015657],[72.90114927120318,19.074065984761628],[72.90067090759077,19.07433152135595]]},"properties":{"id":"L01347","strahler":1,"length_m":217.3,"drop_m":1.49,"gradient":0.00688,"area_ha":13.51,"on_drain_share":0.0,"downstream":"L01360"}},{"type":"Feature","geometry":{"type":"LineString","coordinates":[[72.88358196751891,19.07341347271019],[72.88424000688643,19.073962991320133],[72.88433614252668,19.073873767449797],[72.88452612025252,19.073875947949283]]},"properties":{"id":"L01350","strahler":1,"length_m":129.0,"drop_m":-1.29,"gradient":0.0,"area_ha":7.15,"on_drain_share":0.0,"downstream":"L01399"}},{"type":"Feature","geometry":{"type":"LineString","coordinates":[[72.88452612025252,19.073875947949283],[72.8848110868898,19.07387921833199],[72.88519333502356,19.073702949657477],[72.88673148296876,19.072275351403643],[72.88673491893344,19.07200440833381],[72.88664107635776,19.07191300499598],[72.88665252960256,19.071009861414076]]},"properties":{"id":"L01399","strahler":3,"length_m":448.7,"drop_m":1.31,"gradient":0.00291,"area_ha":84.91,"on_drain_share":0.0,"downstream":"L01406"}},{"type":"Feature","geometry":{"type":"LineString","coordinates":[[72.86305995978907,19.073538001577496],[72.86315494714081,19.073539102792665],[72.86478940648595,19.072022493957693]]},"properties":{"id":"L01376","strahler":1,"length_m":250.4,"drop_m":-2.78,"gradient":0.0,"area_ha":9.06,"on_drain_share":0.0,"downstream":"L01438"}},{"type":"Feature","geometry":{"type":"LineString","coordinates":[[72.91653886406893,19.07415025440519],[72.91625389115221,19.074147033009417],[72.91587844595315,19.073781473005674],[72.91578684426251,19.07350945084831]]},"properties":{"id":"L01365","strahler":1,"length_m":120.7,"drop_m":0.14,"gradient":0.00113,"area_ha":4.74,"on_drain_share":0.0,"downstream":"L01378"}},{"type":"Feature","geometry":{"type":"LineString","coordinates":[[72.85299250130407,19.073330683292443],[72.8528071831816,19.07296722098008]]},"properties":{"id":"L01358","strahler":1,"length_m":48.3,"drop_m":0.16,"gradient":0.00333,"area_ha":5.24,"on_drain_share":0.0,"downstream":"L01413"}},{"type":"Feature","geometry":{"type":"LineString","coordinates":[[72.9398207786167,19.07368931097998],[72.93981519523844,19.074140898002927],[72.94000294682127,19.07432365619791]]},"properties":{"id":"L01352","strahler":2,"length_m":78.3,"drop_m":0.31,"gradient":0.0039,"area_ha":14.01,"on_drain_share":0.0,"downstream":null}},{"type":"Feature","geometry":{"type":"LineString","coordinates":[[72.88794915805006,19.073644220277902],[72.88795717121255,19.073012019363684],[72.88720642351501,19.07228079567809],[72.88721558390282,19.071558280584462]]},"properties":{"id":"L01388","strahler":1,"length_m":263.1,"drop_m":0.33,"gradient":0.00127,"area_ha":4.35,"on_drain_share":0.0,"downstream":"L01400"}},{"type":"Feature","geometry":{"type":"LineString","coordinates":[[72.90704320109681,19.07377169094133],[72.90628327978992,19.073763060607583],[72.90618715476602,19.07385229706868],[72.90609329952721,19.073760902535415]]},"properties":{"id":"L01354","strahler":1,"length_m":108.3,"drop_m":0.8,"gradient":0.00734,"area_ha":5.16,"on_drain_share":0.0,"downstream":"L01356"}},{"type":"Feature","geometry":{"type":"LineString","coordinates":[[72.91207655839213,19.073919103712115],[72.91113797479984,19.073005183530917],[72.9107580148454,19.073000877358492],[72.91056463748437,19.073269671177325],[72.91027966716143,19.073266440692294],[72.91000036077607,19.072811631263363],[72.91000262628333,19.07263099985511],[72.90897020581077,19.071625677640153],[72.90877682759276,19.071894469496556],[72.90849185994685,19.071891236472748],[72.90839573717139,19.071980474319346],[72.90820575868277,19.07197831861709],[72.90801804777031,19.07179553152444],[72.90773421435193,19.071701981761844],[72.90707723092423,19.071062224835032],[72.90689179092868,19.07069880570621]]},"properties":{"id":"L01409","strahler":1,"length_m":799.8,"drop_m":0.96,"gradient":0.0012,"area_ha":20.6,"on_drain_share":0.0,"downstream":"L01415"}},{"type":"Feature","geometry":{"type":"LineString","coordinates":[[72.90609329952721,19.073760902535415],[72.9059994443912,19.073669507963317]]},"properties":{"id":"L01356","strahler":2,"length_m":14.1,"drop_m":0.0,"gradient":0.0,"area_ha":22.16,"on_drain_share":0.0,"downstream":"L01384"}},{"type":"Feature","geometry":{"type":"LineString","coordinates":[[72.93164587388843,19.0740494081065],[72.93174086572866,19.074050474019767]]},"properties":{"id":"L01357","strahler":1,"length_m":10.0,"drop_m":-0.0,"gradient":0.0,"area_ha":1333.89,"on_drain_share":0.0,"downstream":null}},{"type":"Feature","geometry":{"type":"LineString","coordinates":[[72.89650274997588,19.073380720943447],[72.89602780344374,19.073375300310257],[72.8959339545708,19.07328390115519],[72.89412916031482,19.07326329078303],[72.89384076835951,19.07353097917916],[72.89355580065333,19.0735277228076],[72.89214809955627,19.07215671436871]]},"properties":{"id":"L01380","strahler":2,"length_m":538.7,"drop_m":0.15,"gradient":0.00028,"area_ha":61.57,"on_drain_share":0.0,"downstream":"L01427"}},{"type":"Feature","geometry":{"type":"LineString","coordinates":[[72.9059994443912,19.073669507963317],[72.90553017025296,19.073212534520337],[72.90553471103162,19.072851272750935],[72.90534700245573,19.072668483138298],[72.90506203411357,19.072665244688416],[72.90478274364985,19.072210428775957]]},"properties":{"id":"L01384","strahler":3,"length_m":231.4,"drop_m":3.24,"gradient":0.01402,"area_ha":69.91,"on_drain_share":0.0,"downstream":"L01390"}},{"type":"Feature","geometry":{"type":"LineString","coordinates":[[72.8528071831816,19.07296722098008],[72.8526288486693,19.07206188448274],[72.85291729715243,19.071794266758214],[72.85292311515832,19.071342704912915],[72.85245517084346,19.070795298531763],[72.85245866222068,19.070524361480523],[72.85227102005028,19.070341523635115],[72.85227567548645,19.069980274257595]]},"properties":{"id":"L01413","strahler":2,"length_m":379.7,"drop_m":1.7,"gradient":0.00449,"area_ha":30.68,"on_drain_share":0.0,"downstream":"L01442"}},{"type":"Feature","geometry":{"type":"LineString","coordinates":[[72.91549961291757,19.07368686042078],[72.91578684426251,19.07350945084831]]},"properties":{"id":"L01364","strahler":1,"length_m":38.3,"drop_m":-0.08,"gradient":0.0,"area_ha":6.16,"on_drain_share":0.0,"downstream":"L01378"}},{"type":"Feature","geometry":{"type":"LineString","coordinates":[[72.8344784546836,19.072481824781043],[72.83475988906324,19.07275610609451]]},"properties":{"id":"L01361","strahler":2,"length_m":42.4,"drop_m":-0.08,"gradient":0.0,"area_ha":25.68,"on_drain_share":0.0,"downstream":"L01324"}},{"type":"Feature","geometry":{"type":"LineString","coordinates":[[72.83515156242693,19.0718574557811],[72.83505657778633,19.071856340236018],[72.83505540448617,19.07194665153603],[72.8346707716955,19.072303433944068],[72.83475988906324,19.07275610609451]]},"properties":{"id":"L01362","strahler":1,"length_m":130.7,"drop_m":2.52,"gradient":0.01926,"area_ha":6.31,"on_drain_share":0.0,"downstream":"L01324"}},{"type":"Feature","geometry":{"type":"LineString","coordinates":[[72.8489150786665,19.072741189624953],[72.84968429025623,19.072027558563292],[72.84968662101163,19.071846934217046],[72.85007122387651,19.07149011716716],[72.85016970448537,19.071220288335972],[72.85045815489906,19.07095267468427]]},"properties":{"id":"L01393","strahler":2,"length_m":266.3,"drop_m":3.25,"gradient":0.01221,"area_ha":68.01,"on_drain_share":0.0,"downstream":null}},{"type":"Feature","geometry":{"type":"LineString","coordinates":[[72.89775470260263,19.072040083972297],[72.89698681527956,19.072663620788045],[72.89698339584876,19.07293456563272],[72.89650274997588,19.073380720943447]]},"properties":{"id":"L01366","strahler":1,"length_m":209.7,"drop_m":0.46,"gradient":0.00218,"area_ha":8.0,"on_drain_share":0.0,"downstream":"L01380"}},{"type":"Feature","geometry":{"type":"LineString","coordinates":[[72.91578684426251,19.07350945084831],[72.9158840940606,19.073329892827932],[72.91616906551315,19.07333311466258],[72.91636243453043,19.07306431410796],[72.91674578333362,19.07279766047255],[72.91779067617873,19.07280946651684],[72.91788679496047,19.07272022334152],[72.91845673656697,19.072726660183605],[72.91893732758305,19.072280441765887],[72.91931728788083,19.0722847309299],[72.91950614048851,19.072377191475113],[72.91950501290277,19.07246750773058],[72.91969499332087,19.072469651845722],[72.91978885610153,19.07256104010088],[72.92017219892303,19.072294378690053],[72.9205465244177,19.072750246885555]]},"properties":{"id":"L01378","strahler":2,"length_m":627.0,"drop_m":4.3,"gradient":0.00686,"area_ha":25.77,"on_drain_share":0.0,"downstream":null}},{"type":"Feature","geometry":{"type":"LineString","coordinates":[[72.84398399442951,19.072051299742228],[72.84513666465068,19.071071197053325],[72.84541928387692,19.071255151688323],[72.84589420869,19.07126070207054],[72.84598802633363,19.071352123959528],[72.84627531583706,19.071174829519837],[72.84703519568019,19.071183705982076],[72.8483486611531,19.07246360159784],[72.8489150786665,19.072741189624953]]},"properties":{"id":"L01367","strahler":1,"length_m":656.7,"drop_m":0.79,"gradient":0.0012,"area_ha":23.41,"on_drain_share":0.0,"downstream":"L01393"}},{"type":"Feature","geometry":{"type":"LineString","coordinates":[[72.93849088951207,19.07367444228848],[72.93906195890214,19.07359049839369],[72.9394452775866,19.073323794211028],[72.9398207786167,19.07368931097998]]},"properties":{"id":"L01370","strahler":1,"length_m":173.1,"drop_m":-0.22,"gradient":0.0,"area_ha":6.48,"on_drain_share":0.0,"downstream":"L01352"}},{"type":"Feature","geometry":{"type":"LineString","coordinates":[[72.83206054106284,19.068479104954523],[72.83205584222702,19.068840349562464],[72.83214965028611,19.068931777638632],[72.83214025265421,19.069654266846637],[72.83175327017628,19.07019166539475],[72.83174857022016,19.070552909861995],[72.83240523352437,19.071192907124203],[72.83259637630496,19.07110482966209],[72.83345123305972,19.071114878832518],[72.83382647386726,19.071480588789655],[72.83382412597744,19.071661211248653],[72.8344784546836,19.072481824781043]]},"properties":{"id":"L01368","strahler":1,"length_m":659.4,"drop_m":1.27,"gradient":0.00193,"area_ha":17.4,"on_drain_share":0.0,"downstream":"L01361"}},{"type":"Feature","geometry":{"type":"LineString","coordinates":[[72.8342040638242,19.07166567563102],[72.83448432285827,19.07203026847042],[72.8344784546836,19.072481824781043]]},"properties":{"id":"L01369","strahler":1,"length_m":102.4,"drop_m":-2.92,"gradient":0.0,"area_ha":5.15,"on_drain_share":0.0,"downstream":"L01361"}},{"type":"Feature","geometry":{"type":"LineString","coordinates":[[72.93888538042948,19.072504565795978],[72.93907871416486,19.072235737817383],[72.93917258849628,19.07232711718849],[72.93917035463336,19.07250775195322],[72.93973360332153,19.07305602741424],[72.9398207786167,19.07368931097998]]},"properties":{"id":"L01371","strahler":1,"length_m":231.4,"drop_m":-0.08,"gradient":0.0,"area_ha":6.04,"on_drain_share":0.0,"downstream":"L01352"}},{"type":"Feature","geometry":{"type":"LineString","coordinates":[[72.88852939165817,19.072837919893114],[72.88740326949173,19.071741086664776]]},"properties":{"id":"L01387","strahler":3,"length_m":169.7,"drop_m":0.27,"gradient":0.0016,"area_ha":63.19,"on_drain_share":0.0,"downstream":"L01389"}},{"type":"Feature","geometry":{"type":"LineString","coordinates":[[72.88919431148551,19.072845535268673],[72.88852939165817,19.072837919893114]]},"properties":{"id":"L01373","strahler":1,"length_m":70.0,"drop_m":-0.3,"gradient":0.0,"area_ha":4.8,"on_drain_share":0.0,"downstream":"L01387"}},{"type":"Feature","geometry":{"type":"LineString","coordinates":[[72.86966836567866,19.069369142890064],[72.86985718217332,19.06946165139496],[72.87033326352426,19.06937682492866],[72.87070858996087,19.06974246735538],[72.87041901695413,19.070100429548464],[72.87022904527349,19.0700982349329],[72.86984448459961,19.07045509864912],[72.86965104916635,19.07072384350927],[72.8696487401873,19.070904470242336],[72.8694564584754,19.071082901451337],[72.8696406585554,19.071536663778105],[72.8702059613881,19.071904502896075],[72.87020480712543,19.071994816284246],[72.8703947809641,19.07199701113447],[72.87067627971467,19.072271243285957],[72.87143617671933,19.072280019693626],[72.87162961155032,19.07201127289673],[72.87219953373037,19.07201785246332],[72.87335320916758,19.070947243387376]]},"properties":{"id":"L01395","strahler":1,"length_m":905.7,"drop_m":0.25,"gradient":0.00028,"area_ha":179.94,"on_drain_share":0.0,"downstream":"L01403"}},{"type":"Feature","geometry":{"type":"LineString","coordinates":[[72.8648832359285,19.072113907271024],[72.86478940648595,19.072022493957693]]},"properties":{"id":"L01377","strahler":2,"length_m":14.1,"drop_m":0.0,"gradient":0.0,"area_ha":37.9,"on_drain_share":0.0,"downstream":"L01438"}},{"type":"Feature","geometry":{"type":"LineString","coordinates":[[72.86478940648595,19.072022493957693],[72.86422643198874,19.0714740132669],[72.86423106181823,19.071112761099467],[72.86413723327445,19.071021347534472],[72.8635696330844,19.070834117371056],[72.8631943216855,19.070468461724186],[72.86272171015557,19.07028233018936],[72.86215874841538,19.069733844319476],[72.86141277380486,19.06864127606788],[72.86132126590402,19.068369235536014]]},"properties":{"id":"L01438","strahler":2,"length_m":594.3,"drop_m":2.16,"gradient":0.00363,"area_ha":54.07,"on_drain_share":0.0,"downstream":"L01467"}},{"type":"Feature","geometry":{"type":"LineString","coordinates":[[72.90449436905813,19.072478135695896],[72.90478274364985,19.072210428775957]]},"properties":{"id":"L01383","strahler":1,"length_m":42.4,"drop_m":1.3,"gradient":0.0307,"area_ha":4.23,"on_drain_share":0.0,"downstream":"L01390"}},{"type":"Feature","geometry":{"type":"LineString","coordinates":[[72.92217600225243,19.07159434342893],[72.92198039150628,19.07204378398377],[72.92160043111292,19.07203950035865],[72.92102373019006,19.07257497152001],[72.9209287398374,19.072573900165608],[72.92092761300982,19.07266421650103]]},"properties":{"id":"L01379","strahler":1,"length_m":203.1,"drop_m":7.15,"gradient":0.03519,"area_ha":8.84,"on_drain_share":0.0,"downstream":null}},{"type":"Feature","geometry":{"type":"LineString","coordinates":[[72.89309684158212,19.072257888458854],[72.89214809955627,19.07215671436871]]},"properties":{"id":"L01382","strahler":1,"length_m":104.1,"drop_m":-0.04,"gradient":0.0,"area_ha":5.48,"on_drain_share":0.0,"downstream":"L01427"}},{"type":"Feature","geometry":{"type":"LineString","coordinates":[[72.89214809955627,19.07215671436871],[72.89111580011543,19.071151302637894],[72.89064429097827,19.070874924952584],[72.88951816540332,19.06977810437359],[72.88875827087672,19.0697694035709],[72.88809908557913,19.069310215494678]]},"properties":{"id":"L01427","strahler":2,"length_m":558.4,"drop_m":-1.5,"gradient":0.0,"area_ha":71.29,"on_drain_share":0.0,"downstream":"L01428"}},{"type":"Feature","geometry":{"type":"LineString","coordinates":[[72.90478274364985,19.072210428775957],[72.90526336591378,19.071764249359845]]},"properties":{"id":"L01390","strahler":3,"length_m":70.7,"drop_m":-0.37,"gradient":0.0,"area_ha":74.85,"on_drain_share":0.0,"downstream":"L01408"}},{"type":"Feature","geometry":{"type":"LineString","coordinates":[[72.86773861637067,19.071695325713755],[72.86764478541518,19.071603913721603],[72.86765287464581,19.070971721014427],[72.86727755310748,19.070606072789605],[72.86775826032822,19.07016000040799],[72.86804321750485,19.070163296085763],[72.8681370479742,19.070254707830568],[72.86852161141502,19.069897847982297],[72.86852276645267,19.06980753467286],[72.86909845349362,19.06936255638016]]},"properties":{"id":"L01418","strahler":1,"length_m":402.8,"drop_m":5.1,"gradient":0.01265,"area_ha":11.47,"on_drain_share":0.0,"downstream":"L01420"}},{"type":"Feature","geometry":{"type":"LineString","coordinates":[[72.88740326949173,19.071741086664776],[72.88721558390282,19.071558280584462]]},"properties":{"id":"L01389","strahler":4,"length_m":28.3,"drop_m":0.32,"gradient":0.01121,"area_ha":310.23,"on_drain_share":0.0,"downstream":"L01400"}},{"type":"Feature","geometry":{"type":"LineString","coordinates":[[72.88721558390282,19.071558280584462],[72.88665252960256,19.071009861414076]]},"properties":{"id":"L01400","strahler":4,"length_m":84.9,"drop_m":-0.32,"gradient":0.0,"area_ha":315.25,"on_drain_share":0.0,"downstream":"L01406"}},{"type":"Feature","geometry":{"type":"LineString","coordinates":[[72.90365877985113,19.07093305428259],[72.90384648463709,19.071115845283703],[72.90384194064538,19.071477106729418],[72.90393579337243,19.071568502189955],[72.90469570353112,19.071577141242578],[72.90478955682332,19.071668536317343],[72.90526336591378,19.071764249359845]]},"properties":{"id":"L01391","strahler":1,"length_m":230.7,"drop_m":2.35,"gradient":0.01018,"area_ha":6.09,"on_drain_share":0.0,"downstream":"L01408"}},{"type":"Feature","geometry":{"type":"LineString","coordinates":[[72.90526336591378,19.071764249359845],[72.90564559180618,19.07158793566038],[72.90678545858167,19.071600882511344],[72.9070738282007,19.071333171484078],[72.90698224228016,19.071061146379094],[72.90679453376993,19.070878358249473],[72.90689179092868,19.07069880570621]]},"properties":{"id":"L01408","strahler":3,"length_m":297.3,"drop_m":1.29,"gradient":0.00433,"area_ha":83.23,"on_drain_share":0.0,"downstream":"L01415"}},{"type":"Feature","geometry":{"type":"LineString","coordinates":[[72.92027395194648,19.071753552598707],[72.92027282481641,19.071843868904462]]},"properties":{"id":"L01392","strahler":1,"length_m":10.0,"drop_m":-0.23,"gradient":0.0,"area_ha":633.57,"on_drain_share":0.0,"downstream":null}},{"type":"Feature","geometry":{"type":"LineString","coordinates":[[72.82406316740197,19.06983008180402],[72.82377468122307,19.07009765015714],[72.8237723226276,19.07027827143533],[72.82329268928547,19.070633906794097],[72.82234403774022,19.070532378208554],[72.82235111819006,19.069990514893664]]},"properties":{"id":"L01405","strahler":1,"length_m":293.1,"drop_m":7.54,"gradient":0.02572,"area_ha":9.12,"on_drain_share":0.0,"downstream":null}},{"type":"Feature","geometry":{"type":"LineString","coordinates":[[72.87335090417021,19.071127870552182],[72.87335320916758,19.070947243387376]]},"properties":{"id":"L01396","strahler":1,"length_m":20.0,"drop_m":0.0,"gradient":0.0,"area_ha":3560.99,"on_drain_share":0.0,"downstream":"L01403"}},{"type":"Feature","geometry":{"type":"LineString","coordinates":[[72.8752759686793,19.0691628754178],[72.87526790917791,19.06979507139179],[72.87573593226837,19.0703424268988],[72.87563518980886,19.07079290094768],[72.87553905194723,19.070882120025576],[72.87553559800627,19.071153061158974]]},"properties":{"id":"L01397","strahler":1,"length_m":254.9,"drop_m":2.12,"gradient":0.0083,"area_ha":7.69,"on_drain_share":0.0,"downstream":"L01320"}},{"type":"Feature","geometry":{"type":"LineString","coordinates":[[72.87696270127823,19.070988848301514],[72.87686656392925,19.07107806812842],[72.87658160355006,19.071074785931863],[72.87620626024567,19.070709153979454],[72.87601628715501,19.07070696525779],[72.87553559800627,19.071153061158974]]},"properties":{"id":"L01398","strahler":1,"length_m":191.4,"drop_m":3.86,"gradient":0.02019,"area_ha":6.18,"on_drain_share":0.0,"downstream":"L01320"}},{"type":"Feature","geometry":{"type":"LineString","coordinates":[[72.85825043631816,19.070772394440688],[72.8581624150082,19.07022941471079],[72.85797592700419,19.069956269406063],[72.85798056997899,19.069595018659086],[72.85779408289113,19.069321873251337],[72.85865938762,19.068518990115205],[72.85894434029483,19.068522299577456],[72.85950728672312,19.06907079390546],[72.85950496697137,19.06925141947203],[72.86006791763651,19.0697999124673],[72.8603528727636,19.06980321996694],[72.86044669840783,19.069894635201393],[72.86073629075658,19.06953669072939],[72.86102124555866,19.06953999715255],[72.86140582083222,19.06918315345823],[72.86140697967734,19.069092840562213]]},"properties":{"id":"L01422","strahler":1,"length_m":720.8,"drop_m":8.74,"gradient":0.01212,"area_ha":16.23,"on_drain_share":0.0,"downstream":"L01437"}},{"type":"Feature","geometry":{"type":"LineString","coordinates":[[72.87335320916758,19.070947243387376],[72.87335551413894,19.070766616218762]]},"properties":{"id":"L01403","strahler":2,"length_m":20.0,"drop_m":0.0,"gradient":0.0,"area_ha":3741.26,"on_drain_share":0.0,"downstream":null}},{"type":"Feature","geometry":{"type":"LineString","coordinates":[[72.85645036000659,19.070390167567272],[72.85625806629129,19.070568583687336],[72.8560680958385,19.07056637443359],[72.85597194873706,19.070655582293067],[72.85549818463748,19.070559745499754]]},"properties":{"id":"L01402","strahler":1,"length_m":116.6,"drop_m":0.92,"gradient":0.00786,"area_ha":5.83,"on_drain_share":0.0,"downstream":"L01445"}},{"type":"Feature","geometry":{"type":"LineString","coordinates":[[72.88665252960256,19.071009861414076],[72.88618332051176,19.07055284437383]]},"properties":{"id":"L01406","strahler":4,"length_m":70.7,"drop_m":0.08,"gradient":0.00111,"area_ha":402.38,"on_drain_share":0.0,"downstream":"L01479"}},{"type":"Feature","geometry":{"type":"LineString","coordinates":[[72.83868708190973,19.070273089156437],[72.83935079894952,19.070371194807606],[72.83983040174905,19.07001551416034],[72.84030532127676,19.070021078587377],[72.84058793270309,19.07020503995441],[72.84116485626954,19.06966984473672]]},"properties":{"id":"L01416","strahler":1,"length_m":313.8,"drop_m":4.2,"gradient":0.01339,"area_ha":8.01,"on_drain_share":0.0,"downstream":"L01439"}},{"type":"Feature","geometry":{"type":"LineString","coordinates":[[72.85549818463748,19.070559745499754],[72.85334028184857,19.068457132782626],[72.8533449344728,19.0680958830773]]},"properties":{"id":"L01445","strahler":2,"length_m":365.3,"drop_m":0.36,"gradient":0.00098,"area_ha":42.53,"on_drain_share":0.0,"downstream":"L01465"}},{"type":"Feature","geometry":{"type":"LineString","coordinates":[[72.9164800091729,19.071259066180037],[72.91657499850695,19.07126013975484],[72.91695947143063,19.07090316907837],[72.91696624452523,19.070361272319445],[72.91725459709926,19.070093543558855],[72.91678755584934,19.069455964389796]]},"properties":{"id":"L01432","strahler":1,"length_m":259.7,"drop_m":0.91,"gradient":0.00349,"area_ha":10.51,"on_drain_share":0.0,"downstream":"L01498"}},{"type":"Feature","geometry":{"type":"LineString","coordinates":[[72.92018797932998,19.071029950465896],[72.92018459791915,19.071300899386706]]},"properties":{"id":"L01404","strahler":2,"length_m":30.0,"drop_m":0.0,"gradient":0.0,"area_ha":631.82,"on_drain_share":0.0,"downstream":null}},{"type":"Feature","geometry":{"type":"LineString","coordinates":[[72.8466069462847,19.06756567801983],[72.84745129590077,19.068388469179286],[72.84792621318535,19.06839401352794],[72.84830148351159,19.06875969662237],[72.8482944878844,19.06930156933605],[72.84895121679229,19.069941513465526],[72.84914118564359,19.069943729980157],[72.84952345408352,19.069767538055682],[72.8497110923553,19.069950378351532],[72.84980025083978,19.07040304722908],[72.85008520507476,19.07040637069326],[72.85152976911365,19.06888767224142],[72.85153675406384,19.068345798348528],[72.85182519703304,19.068078181775554],[72.85182752494958,19.06789755709746]]},"properties":{"id":"L01449","strahler":2,"length_m":928.1,"drop_m":1.47,"gradient":0.00159,"area_ha":62.89,"on_drain_share":0.0,"downstream":"L01450"}},{"type":"Feature","geometry":{"type":"LineString","coordinates":[[72.89588685908429,19.069489591176538],[72.89530895313263,19.070115289803347],[72.89492786287424,19.07020126650279],[72.89473560632483,19.07037972680483],[72.89445064384044,19.070376472332754],[72.89396999999435,19.07082262120705],[72.89378002458753,19.070820450770817],[72.89340235708744,19.070635479792486],[72.89283243179275,19.070628966204687],[72.89254975336779,19.070445079327346],[72.89206910473852,19.070891222730314],[72.89178414187042,19.070887964054304],[72.89093725422522,19.070245983065846],[72.89036961761677,19.0700588328114],[72.88999424309237,19.069693226216735],[72.88885440168669,19.06968017683808],[72.88866671642904,19.06949737226859],[72.88828905856788,19.069312391617146],[72.88809908557913,19.069310215494678]]},"properties":{"id":"L01429","strahler":1,"length_m":995.7,"drop_m":3.42,"gradient":0.00343,"area_ha":16.53,"on_drain_share":0.0,"downstream":"L01428"}},{"type":"Feature","geometry":{"type":"LineString","coordinates":[[72.91296767038625,19.071038677776958],[72.91277882355355,19.070946211005],[72.91193523912185,19.07003337125399],[72.91194655414486,19.06913021278468],[72.91185269782378,19.069038821094747],[72.91185609234115,19.06876787354905],[72.91204833038995,19.068589393419117],[72.91195560570354,19.06840768594096]]},"properties":{"id":"L01454","strahler":1,"length_m":363.8,"drop_m":0.42,"gradient":0.00114,"area_ha":16.87,"on_drain_share":0.0,"downstream":"L01504"}},{"type":"Feature","geometry":{"type":"LineString","coordinates":[[72.88618332051176,19.07055284437383],[72.88336811991525,19.067810721807504],[72.88337156047821,19.067539779197276]]},"properties":{"id":"L01479","strahler":4,"length_m":454.3,"drop_m":-0.77,"gradient":0.0,"area_ha":605.59,"on_drain_share":0.0,"downstream":"L01491"}},{"type":"Feature","geometry":{"type":"LineString","coordinates":[[72.88800409909446,19.06930912736016],[72.88656326887549,19.070557200642494],[72.88618332051176,19.07055284437383]]},"properties":{"id":"L01407","strahler":3,"length_m":248.0,"drop_m":0.69,"gradient":0.00279,"area_ha":192.72,"on_drain_share":0.0,"downstream":"L01479"}},{"type":"Feature","geometry":{"type":"LineString","coordinates":[[72.90350174959444,19.068311748462122],[72.90415870820536,19.06895151597008],[72.90444367003492,19.06895475520978],[72.90500791771339,19.06941280961846],[72.90529288048663,19.069416047621395],[72.90547945070247,19.069689152465855],[72.90547718067155,19.069869783407867],[72.90566602150288,19.069962257172264],[72.90651070274679,19.0707848068077],[72.90670067966896,19.07078696412641],[72.90689292523423,19.07060849016182]]},"properties":{"id":"L01414","strahler":1,"length_m":497.7,"drop_m":1.15,"gradient":0.0023,"area_ha":13.56,"on_drain_share":0.0,"downstream":"L01470"}},{"type":"Feature","geometry":{"type":"LineString","coordinates":[[72.92000138215467,19.070756858117473],[72.92018797932998,19.071029950465896]]},"properties":{"id":"L01410","strahler":1,"length_m":38.3,"drop_m":0.0,"gradient":0.0,"area_ha":625.87,"on_drain_share":0.0,"downstream":"L01404"}},{"type":"Feature","geometry":{"type":"LineString","coordinates":[[72.92123736958706,19.070680470475878],[72.92057244471725,19.07067297145481],[72.92038133923789,19.070761144760166],[72.92018797932998,19.071029950465896]]},"properties":{"id":"L01411","strahler":1,"length_m":132.4,"drop_m":6.07,"gradient":0.04587,"area_ha":5.54,"on_drain_share":0.0,"downstream":"L01404"}},{"type":"Feature","geometry":{"type":"LineString","coordinates":[[72.92826322615562,19.071030549710194],[72.92892815570298,19.071038021138115],[72.92902539033484,19.07085845465623],[72.92940534982975,19.07086272272959],[72.92978867515195,19.070596039433703],[72.93007813138247,19.070237971812077],[72.93026811053713,19.07024010479538],[72.93036534324234,19.070060537411347],[72.93094088642317,19.069615350144733],[72.93095209823592,19.06871218070288],[72.93114431783852,19.06853367870061],[72.93114880192478,19.06817241084636],[72.93105493452629,19.068081027983265],[72.93105717662156,19.067900394059418],[72.93086944231305,19.067717628234313],[72.93087392678811,19.0673563604111],[72.93145057943961,19.066820853428343],[72.93145282094675,19.066640219434557],[72.93154892924697,19.066550968045714],[72.93156461828067,19.06528652989398],[72.93204627451114,19.064749954544048]]},"properties":{"id":"L01559","strahler":1,"length_m":974.3,"drop_m":20.89,"gradient":0.02145,"area_ha":23.66,"on_drain_share":0.0,"downstream":"L01652"}},{"type":"Feature","geometry":{"type":"LineString","coordinates":[[72.85132466496084,19.07005951814197],[72.85199886940799,19.069344767920075],[72.85200585301409,19.06880289388668],[72.85229429618033,19.068535276595217],[72.85229778737326,19.06826433950639],[72.85239393471605,19.068175133600665]]},"properties":{"id":"L01441","strahler":1,"length_m":255.6,"drop_m":0.17,"gradient":0.00065,"area_ha":70.68,"on_drain_share":0.0,"downstream":"L01447"}},{"type":"Feature","geometry":{"type":"LineString","coordinates":[[72.90689179092868,19.07069880570621],[72.90689292523423,19.07060849016182]]},"properties":{"id":"L01415","strahler":3,"length_m":10.0,"drop_m":0.0,"gradient":0.0,"area_ha":103.88,"on_drain_share":0.0,"downstream":"L01470"}},{"type":"Feature","geometry":{"type":"LineString","coordinates":[[72.85227567548645,19.069980274257595],[72.85228731361715,19.06907715074716],[72.85247960924286,19.068898738993184],[72.85248659111079,19.068356864762208],[72.85239393471605,19.068175133600665]]},"properties":{"id":"L01442","strahler":2,"length_m":212.4,"drop_m":0.15,"gradient":0.00072,"area_ha":45.12,"on_drain_share":0.0,"downstream":"L01447"}},{"type":"Feature","geometry":{"type":"LineString","coordinates":[[72.87991993191453,19.07002928319275],[72.88048640466342,19.070306778515036],[72.88173385755461,19.069327516548945],[72.88192268203149,19.069420013331506],[72.88239761296383,19.06942546920557],[72.8824903042709,19.069607188501713],[72.88267912955128,19.06969968457747],[72.88306251654107,19.069433105377232],[72.88344246158478,19.06943746782902],[72.88392541958238,19.068810720243782],[72.8831758552964,19.067989169161375],[72.88317929620645,19.067718226590163],[72.88337156047821,19.067539779197276]]},"properties":{"id":"L01478","strahler":1,"length_m":735.0,"drop_m":0.43,"gradient":0.00059,"area_ha":20.39,"on_drain_share":0.0,"downstream":"L01491"}},{"type":"Feature","geometry":{"type":"LineString","coordinates":[[72.90689292523423,19.07060849016182],[72.90708630457199,19.070339700395834],[72.90756351366694,19.07016446054874],[72.90784847819194,19.070167694725697],[72.90822503029982,19.07044295315268],[72.90841727396328,19.070264477397274],[72.90842067429828,19.069993530483547],[72.9087090385027,19.069725816336632],[72.90871130501407,19.069545185017457],[72.90880742609446,19.06945594683405],[72.90918737749561,19.069460256255848],[72.9092834982933,19.06937101779428],[72.90928916285442,19.068919439305688],[72.90919530824085,19.06882804641023],[72.90920663733344,19.0679248894073]]},"properties":{"id":"L01470","strahler":3,"length_m":532.1,"drop_m":2.33,"gradient":0.00438,"area_ha":123.31,"on_drain_share":0.0,"downstream":"L01489"}},{"type":"Feature","geometry":{"type":"LineString","coordinates":[[72.84116485626954,19.06966984473672],[72.84118006367748,19.068495792721585],[72.8410862503784,19.068404368775386],[72.84109092953547,19.068043121987955]]},"properties":{"id":"L01439","strahler":3,"length_m":184.1,"drop_m":-0.41,"gradient":0.0,"area_ha":121.54,"on_drain_share":0.0,"downstream":"L01515"}},{"type":"Feature","geometry":{"type":"LineString","coordinates":[[72.86139770873325,19.069815343703695],[72.86130504149041,19.069633616021655],[72.86149848799286,19.069364881084102],[72.86150080559999,19.06918425528371],[72.86140697967734,19.069092840562213]]},"properties":{"id":"L01423","strahler":1,"length_m":96.6,"drop_m":3.77,"gradient":0.03905,"area_ha":4.82,"on_drain_share":0.0,"downstream":"L01437"}},{"type":"Feature","geometry":{"type":"LineString","coordinates":[[72.86691148052789,19.069517918235956],[72.86767136311605,19.069526708937328],[72.86815091077479,19.069170948368676]]},"properties":{"id":"L01424","strahler":1,"length_m":146.6,"drop_m":-0.3,"gradient":0.0,"area_ha":8.44,"on_drain_share":0.0,"downstream":"L01425"}},{"type":"Feature","geometry":{"type":"LineString","coordinates":[[72.93835565451748,19.069246767569506],[72.93835342015821,19.069427402301265],[72.93863615493065,19.06961122354698],[72.93863392082925,19.06979185830362],[72.93929884980211,19.069799291877096],[72.93995819731707,19.070258310309644]]},"properties":{"id":"L01419","strahler":1,"length_m":239.0,"drop_m":0.43,"gradient":0.00181,"area_ha":14.11,"on_drain_share":0.0,"downstream":null}},{"type":"Feature","geometry":{"type":"LineString","coordinates":[[72.8369023142608,19.06871662736154],[72.83718374735047,19.068990904841343],[72.83747338394699,19.06863300166148],[72.83748510135949,19.067729886846823],[72.83739246242915,19.067548149772318]]},"properties":{"id":"L01452","strahler":1,"length_m":219.0,"drop_m":-0.37,"gradient":0.0,"area_ha":7.18,"on_drain_share":0.0,"downstream":"L01487"}},{"type":"Feature","geometry":{"type":"LineString","coordinates":[[72.89249359406787,19.06737329282511],[72.89248674259078,19.067915181245628],[72.89181384480956,19.06853978247286],[72.89095896857627,19.068530005100687],[72.89076785324562,19.06861814644112],[72.88961543945312,19.069598562656193],[72.88895053239388,19.06959095004438],[72.88838518931328,19.069223165123873],[72.88810022997461,19.06921990103009],[72.88800409909446,19.06930912736016]]},"properties":{"id":"L01430","strahler":3,"length_m":629.4,"drop_m":0.14,"gradient":0.00023,"area_ha":98.3,"on_drain_share":0.0,"downstream":"L01407"}},{"type":"Feature","geometry":{"type":"LineString","coordinates":[[72.86579247345658,19.06787908945813],[72.86635544274883,19.068427564880455],[72.86663924073625,19.068521175649625],[72.86729604444854,19.06916106100969],[72.86748485914046,19.069253571797134],[72.86815091077479,19.069170948368676]]},"properties":{"id":"L01426","strahler":3,"length_m":316.3,"drop_m":3.53,"gradient":0.01117,"area_ha":133.11,"on_drain_share":0.0,"downstream":"L01425"}},{"type":"Feature","geometry":{"type":"LineString","coordinates":[[72.86815091077479,19.069170948368676],[72.86853085153375,19.06917534148021],[72.86862468179912,19.069266752957635],[72.86900462289393,19.06927114511442],[72.86909845349362,19.06936255638016]]},"properties":{"id":"L01425","strahler":3,"length_m":108.3,"drop_m":-1.98,"gradient":0.0,"area_ha":145.59,"on_drain_share":0.0,"downstream":"L01420"}},{"type":"Feature","geometry":{"type":"LineString","coordinates":[[72.84165030124456,19.06886260015176],[72.84137236920373,19.068317393654617],[72.84109092953547,19.068043121987955]]},"properties":{"id":"L01440","strahler":1,"length_m":114.9,"drop_m":1.62,"gradient":0.01411,"area_ha":4.38,"on_drain_share":0.0,"downstream":"L01515"}},{"type":"Feature","geometry":{"type":"LineString","coordinates":[[72.86140697967734,19.069092840562213],[72.86140929734796,19.06891221476734],[72.86122396381404,19.068548759447182],[72.86132126590402,19.068369235536014]]},"properties":{"id":"L01437","strahler":2,"length_m":92.4,"drop_m":-3.02,"gradient":0.0,"area_ha":22.17,"on_drain_share":0.0,"downstream":"L01467"}},{"type":"Feature","geometry":{"type":"LineString","coordinates":[[72.88809908557913,19.069310215494678],[72.88800409909446,19.06930912736016]]},"properties":{"id":"L01428","strahler":2,"length_m":10.0,"drop_m":0.0,"gradient":0.0,"area_ha":87.83,"on_drain_share":0.0,"downstream":"L01407"}},{"type":"Feature","geometry":{"type":"LineString","coordinates":[[72.93350895841958,19.069373164765363],[72.93388443715484,19.069738691717177],[72.93407441619878,19.069740820726157],[72.93416828625492,19.06983220227979],[72.93455272169054,19.06947519095542]]},"properties":{"id":"L01433","strahler":1,"length_m":147.3,"drop_m":4.04,"gradient":0.02743,"area_ha":7.02,"on_drain_share":0.0,"downstream":"L01435"}},{"type":"Feature","geometry":{"type":"LineString","coordinates":[[72.89921368717363,19.069346874850176],[72.89892872563213,19.069343627466097],[72.89855333191103,19.068978036637],[72.89855674802678,19.068707091402313]]},"properties":{"id":"L01444","strahler":1,"length_m":116.6,"drop_m":2.85,"gradient":0.02441,"area_ha":4.78,"on_drain_share":0.0,"downstream":"L01501"}},{"type":"Feature","geometry":{"type":"LineString","coordinates":[[72.90187333101478,19.06937716256306],[72.9015917801944,19.06910297353105],[72.90140180581419,19.069100811133215],[72.90130795586184,19.069009414624905],[72.90131136750769,19.06873846891089],[72.90102868132806,19.068554594419478],[72.90083870764143,19.06855243150142],[72.90046103564276,19.068367474693577],[72.8995225501194,19.067453503894583],[72.8992375917568,19.06745025729743],[72.8986733678961,19.066992187279943]]},"properties":{"id":"L01502","strahler":1,"length_m":465.3,"drop_m":1.09,"gradient":0.00234,"area_ha":10.41,"on_drain_share":0.0,"downstream":"L01506"}},{"type":"Feature","geometry":{"type":"LineString","coordinates":[[72.91032723231282,19.069473179830574],[72.91033062939228,19.069202232562155],[72.91023677400825,19.06911084013022],[72.91024809764099,19.06820768255253],[72.91034534940536,19.068028127633713],[72.91015763990977,19.0678453428489],[72.9104448653383,19.067667941083897],[72.91044599752534,19.067577625304256]]},"properties":{"id":"L01483","strahler":1,"length_m":244.9,"drop_m":0.66,"gradient":0.00269,"area_ha":7.23,"on_drain_share":0.0,"downstream":"L01503"}},{"type":"Feature","geometry":{"type":"LineString","coordinates":[[72.91669143860662,19.06954520714398],[72.91678755584934,19.069455964389796]]},"properties":{"id":"L01431","strahler":1,"length_m":14.1,"drop_m":0.0,"gradient":0.0,"area_ha":4.09,"on_drain_share":0.0,"downstream":"L01498"}},{"type":"Feature","geometry":{"type":"LineString","coordinates":[[72.91678755584934,19.069455964389796],[72.91697979002645,19.069277478699206],[72.91689044574241,19.068824824752035],[72.91727716895994,19.0682872203979],[72.91728506850932,19.067655007201992],[72.91766840267549,19.06738835017777]]},"properties":{"id":"L01498","strahler":2,"length_m":281.4,"drop_m":1.73,"gradient":0.00614,"area_ha":18.39,"on_drain_share":0.0,"downstream":null}},{"type":"Feature","geometry":{"type":"LineString","coordinates":[[72.93455160243974,19.06956550810238],[72.93455272169054,19.06947519095542]]},"properties":{"id":"L01434","strahler":1,"length_m":10.0,"drop_m":0.0,"gradient":0.0,"area_ha":5.71,"on_drain_share":0.0,"downstream":"L01435"}},{"type":"Feature","geometry":{"type":"LineString","coordinates":[[72.898268371121,19.068974788293037],[72.89855674802678,19.068707091402313]]},"properties":{"id":"L01443","strahler":1,"length_m":42.4,"drop_m":-0.29,"gradient":0.0,"area_ha":4.83,"on_drain_share":0.0,"downstream":"L01501"}},{"type":"Feature","geometry":{"type":"LineString","coordinates":[[72.91954672933761,19.069125805647047],[72.91964059033684,19.06921719382215]]},"properties":{"id":"L01436","strahler":1,"length_m":14.1,"drop_m":0.0,"gradient":0.0,"area_ha":621.01,"on_drain_share":0.0,"downstream":null}},{"type":"Feature","geometry":{"type":"LineString","coordinates":[[72.85087303301682,19.068247736672962],[72.85125296736733,19.06825216516993],[72.85134678673327,19.068343584479585],[72.85182752494958,19.06789755709746]]},"properties":{"id":"L01448","strahler":1,"length_m":124.9,"drop_m":-0.69,"gradient":0.0,"area_ha":6.44,"on_drain_share":0.0,"downstream":"L01450"}},{"type":"Feature","geometry":{"type":"LineString","coordinates":[[72.82399294568542,19.06793243671125],[72.82371271728366,19.06756783071647],[72.82381831043803,19.066756155822507],[72.823630706689,19.06657329225584]]},"properties":{"id":"L01482","strahler":1,"length_m":174.9,"drop_m":3.6,"gradient":0.02059,"area_ha":5.8,"on_drain_share":0.0,"downstream":"L01497"}},{"type":"Feature","geometry":{"type":"LineString","coordinates":[[72.86132126590402,19.068369235536014],[72.86189812287373,19.067833968136245],[72.86227805903248,19.06783837383142],[72.8626626275735,19.067481526806496],[72.8629475792232,19.067484829911443]]},"properties":{"id":"L01467","strahler":3,"length_m":211.4,"drop_m":1.39,"gradient":0.0066,"area_ha":79.05,"on_drain_share":0.0,"downstream":"L01468"}},{"type":"Feature","geometry":{"type":"LineString","coordinates":[[72.84109092953547,19.068043121987955],[72.84119994860458,19.066960493689685],[72.84101232363116,19.06677764591897],[72.84101583280649,19.066506710795387],[72.84149775934507,19.065970400744074],[72.84150360635655,19.065518842015575]]},"properties":{"id":"L01515","strahler":3,"length_m":313.1,"drop_m":0.63,"gradient":0.00201,"area_ha":130.63,"on_drain_share":0.0,"downstream":"L01529"}},{"type":"Feature","geometry":{"type":"LineString","coordinates":[[72.85239393471605,19.068175133600665],[72.85239509837596,19.06808482122923]]},"properties":{"id":"L01447","strahler":2,"length_m":10.0,"drop_m":0.23,"gradient":0.02289,"area_ha":115.83,"on_drain_share":0.0,"downstream":null}},{"type":"Feature","geometry":{"type":"LineString","coordinates":[[72.85706903994446,19.06660366245998],[72.85688139615607,19.06642082917558],[72.8555504742295,19.066495680596454],[72.85506974938443,19.066941719128792],[72.8544048678953,19.066933983015396],[72.85382799280919,19.067469224951424],[72.85391832492061,19.06783158045098],[72.85353373872749,19.068188407299736],[72.8533449344728,19.0680958830773]]},"properties":{"id":"L01446","strahler":1,"length_m":522.8,"drop_m":2.44,"gradient":0.00466,"area_ha":14.04,"on_drain_share":0.0,"downstream":"L01465"}},{"type":"Feature","geometry":{"type":"LineString","coordinates":[[72.89855674802678,19.068707091402313],[72.89874899878352,19.06852862650433],[72.89876152277483,19.06753516042858],[72.89866767520505,19.06744376278406],[72.8986733678961,19.066992187279943]]},"properties":{"id":"L01501","strahler":2,"length_m":202.4,"drop_m":1.01,"gradient":0.00498,"area_ha":11.17,"on_drain_share":0.0,"downstream":"L01506"}},{"type":"Feature","geometry":{"type":"LineString","coordinates":[[72.8533449344728,19.0680958830773],[72.85259437376375,19.067364534893805]]},"properties":{"id":"L01465","strahler":2,"length_m":113.1,"drop_m":-2.04,"gradient":0.0,"area_ha":58.51,"on_drain_share":0.0,"downstream":"L01475"}},{"type":"Feature","geometry":{"type":"LineString","coordinates":[[72.83653762172511,19.06753812067283],[72.83682256856693,19.067541464145616],[72.83691520684121,19.06772320144513],[72.8372001540706,19.067726544365794],[72.83739246242915,19.067548149772318]]},"properties":{"id":"L01451","strahler":1,"length_m":112.4,"drop_m":0.14,"gradient":0.00124,"area_ha":4.74,"on_drain_share":0.0,"downstream":"L01487"}},{"type":"Feature","geometry":{"type":"LineString","coordinates":[[72.85182752494958,19.06789755709746],[72.85192367228463,19.06780835143781]]},"properties":{"id":"L01450","strahler":2,"length_m":14.1,"drop_m":0.0,"gradient":0.0,"area_ha":70.55,"on_drain_share":0.0,"downstream":"L01474"}},{"type":"Feature","geometry":{"type":"LineString","coordinates":[[72.85224120462001,19.065282924636303],[72.85204891336019,19.065461336590264],[72.8520384400495,19.06627414794445],[72.85194229374413,19.066363353770555],[72.85193996615364,19.066543978492287],[72.85174534515451,19.066903014626522],[72.85136075715698,19.06725983672629],[72.85135959299114,19.0673501490443],[72.851828688898,19.06780724475698],[72.85192367228463,19.06780835143781]]},"properties":{"id":"L01453","strahler":2,"length_m":348.0,"drop_m":2.05,"gradient":0.00589,"area_ha":29.47,"on_drain_share":0.0,"downstream":"L01474"}},{"type":"Feature","geometry":{"type":"LineString","coordinates":[[72.85192367228463,19.06780835143781],[72.85259670075332,19.067183910110327]]},"properties":{"id":"L01474","strahler":3,"length_m":99.0,"drop_m":-1.37,"gradient":0.0,"area_ha":101.57,"on_drain_share":0.0,"downstream":"L01531"}},{"type":"Feature","geometry":{"type":"LineString","coordinates":[[72.83739246242915,19.067548149772318],[72.83720601329938,19.067274987007842],[72.8372083569446,19.06709436405799],[72.83730333900807,19.06709547822747],[72.83768795351186,19.066738688392324],[72.8378779173006,19.0667409161486]]},"properties":{"id":"L01487","strahler":2,"length_m":144.9,"drop_m":0.45,"gradient":0.00309,"area_ha":13.88,"on_drain_share":0.0,"downstream":"L01514"}},{"type":"Feature","geometry":{"type":"LineString","coordinates":[[72.8645634633745,19.067413226102545],[72.86475343129297,19.067415426256144],[72.86522256780754,19.06787249146725],[72.86579247345658,19.06787908945813]]},"properties":{"id":"L01455","strahler":3,"length_m":150.7,"drop_m":-0.07,"gradient":0.0,"area_ha":118.88,"on_drain_share":0.0,"downstream":"L01426"}},{"type":"Feature","geometry":{"type":"LineString","coordinates":[[72.87880538291085,19.068029265051074],[72.87891071151905,19.067217532373025],[72.87958364678855,19.066592982343224],[72.87958594444484,19.066412354357272],[72.87987434338646,19.066144689105823],[72.88006431175607,19.066146873351318],[72.88083451844136,19.06534278171924],[72.8808379626406,19.065071839482115]]},"properties":{"id":"L01527","strahler":1,"length_m":428.7,"drop_m":2.07,"gradient":0.00482,"area_ha":11.4,"on_drain_share":0.0,"downstream":"L01555"}},{"type":"Feature","geometry":{"type":"LineString","coordinates":[[72.91195560570354,19.06840768594096],[72.91158018247552,19.068042119093082],[72.91158244566125,19.067861487408916],[72.91130087958909,19.067587311892286],[72.91101591884369,19.067584083469313],[72.91082820898924,19.067401299337085],[72.91073661822445,19.067129275612004]]},"properties":{"id":"L01504","strahler":2,"length_m":211.4,"drop_m":1.73,"gradient":0.0082,"area_ha":25.09,"on_drain_share":0.0,"downstream":"L01539"}},{"type":"Feature","geometry":{"type":"LineString","coordinates":[[72.91881163241058,19.06713027119767],[72.9186182749725,19.067399075514132],[72.91861601946698,19.06757970801919],[72.9188037388828,19.067762485045126],[72.91917466894044,19.068489303737394]]},"properties":{"id":"L01456","strahler":1,"length_m":183.1,"drop_m":-0.49,"gradient":0.0,"area_ha":556.41,"on_drain_share":0.0,"downstream":null}},{"type":"Feature","geometry":{"type":"LineString","coordinates":[[72.92183433308861,19.068519302312566],[72.92155274749571,19.06824514077372]]},"properties":{"id":"L01463","strahler":1,"length_m":42.4,"drop_m":-0.1,"gradient":0.0,"area_ha":4.56,"on_drain_share":0.0,"downstream":"L01481"}},{"type":"Feature","geometry":{"type":"LineString","coordinates":[[72.8254306324184,19.066955828490983],[72.82504599390488,19.06731259008031],[72.82495101249144,19.067311469586993],[72.82439055415055,19.066582259939988],[72.823630706689,19.06657329225584]]},"properties":{"id":"L01484","strahler":2,"length_m":251.4,"drop_m":1.64,"gradient":0.00651,"area_ha":19.99,"on_drain_share":0.0,"downstream":"L01497"}},{"type":"Feature","geometry":{"type":"LineString","coordinates":[[72.83112481818459,19.067384200053787],[72.83141211367791,19.067206929609373],[72.8316067765949,19.066847919318583],[72.83208755731059,19.06640194816294],[72.8325624641089,19.06640753151117],[72.83265861972022,19.066318336823883],[72.83284858239645,19.066320569712204]]},"properties":{"id":"L01500","strahler":1,"length_m":241.4,"drop_m":7.67,"gradient":0.03178,"area_ha":6.12,"on_drain_share":0.0,"downstream":"L01547"}},{"type":"Feature","geometry":{"type":"LineString","coordinates":[[72.852400916577,19.0676332593578],[72.85259437376375,19.067364534893805]]},"properties":{"id":"L01464","strahler":1,"length_m":38.3,"drop_m":-2.54,"gradient":0.0,"area_ha":121.27,"on_drain_share":0.0,"downstream":"L01475"}},{"type":"Feature","geometry":{"type":"LineString","coordinates":[[72.8656986456008,19.067787676752616],[72.86579247345658,19.06787908945813]]},"properties":{"id":"L01457","strahler":2,"length_m":14.1,"drop_m":0.0,"gradient":0.0,"area_ha":11.15,"on_drain_share":0.0,"downstream":"L01426"}},{"type":"Feature","geometry":{"type":"LineString","coordinates":[[72.91301064526846,19.067606673196266],[72.91272568417826,19.067603447411543],[72.91243732980193,19.067871168868372],[72.91243506754097,19.068051800651133],[72.91234008028593,19.068050725117892],[72.91195560570354,19.06840768594096]]},"properties":{"id":"L01458","strahler":1,"length_m":159.0,"drop_m":0.22,"gradient":0.00137,"area_ha":5.57,"on_drain_share":0.0,"downstream":"L01504"}},{"type":"Feature","geometry":{"type":"LineString","coordinates":[[72.84651313017437,19.067474256587367],[72.8466069462847,19.06756567801983]]},"properties":{"id":"L01459","strahler":1,"length_m":14.1,"drop_m":0.0,"gradient":0.0,"area_ha":4.0,"on_drain_share":0.0,"downstream":"L01449"}},{"type":"Feature","geometry":{"type":"LineString","coordinates":[[72.84696421181032,19.061969657044237],[72.84667460712792,19.062327578531292],[72.84667227436408,19.062508202704894],[72.84647764827416,19.062867232769143],[72.84647531522592,19.063047856908728],[72.84675675710923,19.063322120529747],[72.84675442430327,19.06350274469371],[72.84636750209047,19.064040180325925],[72.84644264978512,19.06557659446311],[72.84634650124296,19.06566579712067],[72.84624568522156,19.066116247825438],[72.84671359593604,19.066663666946607],[72.84671126264288,19.066844291040113],[72.84680507855565,19.066935712353306],[72.8466069462847,19.06756567801983]]},"properties":{"id":"L01460","strahler":2,"length_m":715.3,"drop_m":1.52,"gradient":0.00212,"area_ha":39.88,"on_drain_share":0.0,"downstream":"L01449"}},{"type":"Feature","geometry":{"type":"LineString","coordinates":[[72.86494571285844,19.067236999968497],[72.86541484950357,19.06769406470061],[72.86560481784777,19.067696264008504],[72.8656986456008,19.067787676752616]]},"properties":{"id":"L01461","strahler":1,"length_m":104.9,"drop_m":0.06,"gradient":0.0006,"area_ha":4.74,"on_drain_share":0.0,"downstream":"L01457"}},{"type":"Feature","geometry":{"type":"LineString","coordinates":[[72.86608436365073,19.06734050867049],[72.86569980202967,19.067697363589176],[72.8656986456008,19.067787676752616]]},"properties":{"id":"L01462","strahler":1,"length_m":66.6,"drop_m":-1.74,"gradient":0.0,"area_ha":6.14,"on_drain_share":0.0,"downstream":"L01457"}},{"type":"Feature","geometry":{"type":"LineString","coordinates":[[72.92155274749571,19.06824514077372],[72.9206978564633,19.068235501380112],[72.92013469116971,19.067687174908293],[72.91984972864596,19.06768396011639],[72.91956251166329,19.06786137749332],[72.91956138439566,19.067951693796175]]},"properties":{"id":"L01481","strahler":2,"length_m":253.1,"drop_m":4.76,"gradient":0.01881,"area_ha":60.51,"on_drain_share":0.0,"downstream":null}},{"type":"Feature","geometry":{"type":"LineString","coordinates":[[72.92259761501221,19.068256916880276],[72.92193269923092,19.068249423678314],[72.92183883734121,19.068158036594518],[72.92164886157636,19.06815589515313],[72.92155274749571,19.06824514077372]]},"properties":{"id":"L01471","strahler":2,"length_m":118.3,"drop_m":0.12,"gradient":0.00102,"area_ha":52.54,"on_drain_share":0.0,"downstream":"L01481"}},{"type":"Feature","geometry":{"type":"LineString","coordinates":[[72.9254573742818,19.06747615371047],[72.92403143438904,19.067550433203184],[72.92383920918451,19.06772892718862],[72.92345813302575,19.06781496485183],[72.92316979373477,19.068082704703876],[72.92297981789478,19.068080564641434],[72.9227875910069,19.068259057355387],[72.92259761501221,19.068256916880276]]},"properties":{"id":"L01466","strahler":2,"length_m":337.3,"drop_m":0.39,"gradient":0.00115,"area_ha":38.63,"on_drain_share":0.0,"downstream":"L01471"}},{"type":"Feature","geometry":{"type":"LineString","coordinates":[[72.85259437376375,19.067364534893805],[72.85259670075332,19.067183910110327]]},"properties":{"id":"L01475","strahler":2,"length_m":20.0,"drop_m":0.44,"gradient":0.02217,"area_ha":180.36,"on_drain_share":0.0,"downstream":"L01531"}},{"type":"Feature","geometry":{"type":"LineString","coordinates":[[72.8629475792232,19.067484829911443],[72.8636124666345,19.067492535446572],[72.86370860806458,19.06740332299325],[72.86446732234798,19.06750243904595],[72.8645634633745,19.067413226102545]]},"properties":{"id":"L01468","strahler":3,"length_m":182.4,"drop_m":-0.96,"gradient":0.0,"area_ha":111.31,"on_drain_share":0.0,"downstream":"L01455"}},{"type":"Feature","geometry":{"type":"LineString","coordinates":[[72.90703327853286,19.0669969458661],[72.90788815575092,19.067006647987007],[72.90798200865606,19.067098041398882],[72.90797860816444,19.067368988321345],[72.90844787490605,19.06782595486642],[72.90882555634005,19.06801089604114],[72.90911051741513,19.06801412791746],[72.90920663733344,19.0679248894073]]},"properties":{"id":"L01469","strahler":1,"length_m":297.3,"drop_m":5.52,"gradient":0.01857,"area_ha":14.24,"on_drain_share":0.0,"downstream":"L01489"}},{"type":"Feature","geometry":{"type":"LineString","coordinates":[[72.92283035705505,19.06482703024264],[72.92301807876024,19.065009803170007],[72.923013577863,19.065371069282314],[72.92310743904977,19.065462455705653],[72.92310518865311,19.065643088765125],[72.92329291151496,19.065825861513108],[72.9229095889835,19.066092531476823],[72.9228101005966,19.06645272746657],[72.92299557325795,19.06681613357995],[72.92337102150293,19.06718167932797],[72.92336652081802,19.067542945436504],[72.92259761501221,19.068256916880276]]},"properties":{"id":"L01472","strahler":1,"length_m":485.3,"drop_m":3.65,"gradient":0.00753,"area_ha":10.49,"on_drain_share":0.0,"downstream":"L01471"}},{"type":"Feature","geometry":{"type":"LineString","coordinates":[[72.82581055742324,19.066960309102992],[72.8254306324184,19.066955828490983]]},"properties":{"id":"L01473","strahler":1,"length_m":40.0,"drop_m":-1.32,"gradient":0.0,"area_ha":4.81,"on_drain_share":0.0,"downstream":"L01484"}},{"type":"Feature","geometry":{"type":"LineString","coordinates":[[72.85937298869057,19.0647335739649],[72.85974827929515,19.06509923552921],[72.8597436413283,19.065460486870883],[72.8598374644155,19.0655519021842],[72.85964518009295,19.0657303228268],[72.85964286092828,19.065910948474993],[72.85992433099666,19.066185194498882],[72.86058921190951,19.06619291042631],[72.86087184307566,19.06637684230429],[72.86106180935434,19.066379046144732],[72.86153093211222,19.066836119532315],[72.8618170409175,19.066749111334875],[72.86209851619168,19.067023354501355],[72.86247845055345,19.067027759603832],[72.8629475792232,19.067484829911443]]},"properties":{"id":"L01476","strahler":2,"length_m":587.7,"drop_m":-0.21,"gradient":0.0,"area_ha":29.5,"on_drain_share":0.0,"downstream":"L01468"}},{"type":"Feature","geometry":{"type":"LineString","coordinates":[[72.8623962065133,19.06603321562491],[72.86239389028847,19.066213841592855],[72.8630518257174,19.06676342674669],[72.86343175972418,19.066767829827945],[72.86390204798218,19.067134584840836],[72.86409201550103,19.067136785644724],[72.86437349548213,19.06741102575354],[72.8645634633745,19.067413226102545]]},"properties":{"id":"L01477","strahler":1,"length_m":303.8,"drop_m":0.11,"gradient":0.00036,"area_ha":6.97,"on_drain_share":0.0,"downstream":"L01455"}},{"type":"Feature","geometry":{"type":"LineString","coordinates":[[72.90920663733344,19.0679248894073],[72.90987947388453,19.06730021813446],[72.91025602380367,19.067575472191724],[72.91044599752534,19.067577625304256]]},"properties":{"id":"L01489","strahler":3,"length_m":171.4,"drop_m":-0.06,"gradient":0.0,"area_ha":141.06,"on_drain_share":0.0,"downstream":"L01503"}},{"type":"Feature","geometry":{"type":"LineString","coordinates":[[72.82571911022495,19.06668825665631],[72.8254306324184,19.066955828490983]]},"properties":{"id":"L01480","strahler":2,"length_m":42.4,"drop_m":0.71,"gradient":0.01678,"area_ha":12.58,"on_drain_share":0.0,"downstream":"L01484"}},{"type":"Feature","geometry":{"type":"LineString","coordinates":[[72.8378779173006,19.0667409161486],[72.8380678811158,19.06674314370949],[72.83825433125406,19.06701630569697],[72.83958408104299,19.067031892022996],[72.84035446940845,19.06622798918266],[72.84073439651968,19.06623243889319],[72.84150360635655,19.065518842015575]]},"properties":{"id":"L01514","strahler":2,"length_m":474.6,"drop_m":3.72,"gradient":0.00785,"area_ha":32.87,"on_drain_share":0.0,"downstream":"L01529"}},{"type":"Feature","geometry":{"type":"LineString","coordinates":[[72.85259670075332,19.067183910110327],[72.85307859548712,19.066647566332595],[72.85308208503359,19.06637662904862],[72.85365895809943,19.0658413892536],[72.85366244654415,19.065570451842568],[72.85404818840856,19.065123311513847],[72.85424396464691,19.06467395967837]]},"properties":{"id":"L01531","strahler":3,"length_m":350.4,"drop_m":1.06,"gradient":0.00302,"area_ha":284.07,"on_drain_share":0.0,"downstream":null}},{"type":"Feature","geometry":{"type":"LineString","coordinates":[[72.88337156047821,19.067539779197276],[72.88290237004294,19.067082755452]]},"properties":{"id":"L01491","strahler":4,"length_m":70.7,"drop_m":0.54,"gradient":0.00762,"area_ha":626.18,"on_drain_share":0.0,"downstream":"L01513"}},{"type":"Feature","geometry":{"type":"LineString","coordinates":[[72.92744537985561,19.068040487686144],[72.92687657431844,19.067943763414757],[72.92668884499851,19.067760993759244],[72.92564397787042,19.067749241122378],[72.9254573742818,19.06747615371047]]},"properties":{"id":"L01496","strahler":1,"length_m":240.7,"drop_m":0.63,"gradient":0.00262,"area_ha":10.64,"on_drain_share":0.0,"downstream":"L01466"}},{"type":"Feature","geometry":{"type":"LineString","coordinates":[[72.83284858239645,19.066320569712204],[72.83294238966685,19.066411997310563],[72.83294004149163,19.06659261976263],[72.83331644587031,19.066868018565156],[72.83350640925566,19.06687025083788],[72.83408334043804,19.066335078724116],[72.8344703056108,19.065797673444468],[72.83447382521956,19.06552673946645],[72.83466613339033,19.06534834771698],[72.83466847953115,19.065167725033664],[72.83476463334651,19.06507852905393],[72.83467786382958,19.064445234262312],[72.83525478239821,19.063910057148288]]},"properties":{"id":"L01547","strahler":2,"length_m":519.4,"drop_m":0.75,"gradient":0.00145,"area_ha":30.15,"on_drain_share":0.0,"downstream":"L01575"}},{"type":"Feature","geometry":{"type":"LineString","coordinates":[[72.88565349807668,19.067385307189213],[72.88555965848578,19.06729390356601],[72.88508473265061,19.067288456419245],[72.88499089345163,19.06719705254082]]},"properties":{"id":"L01488","strahler":1,"length_m":78.3,"drop_m":0.24,"gradient":0.00307,"area_ha":7.26,"on_drain_share":0.0,"downstream":"L01495"}},{"type":"Feature","geometry":{"type":"LineString","coordinates":[[72.823630706689,19.06657329225584],[72.82344074489015,19.06657104984637],[72.82325432110714,19.06629787530829],[72.82268443687467,19.06629114642434]]},"properties":{"id":"L01497","strahler":2,"length_m":118.3,"drop_m":10.34,"gradient":0.08744,"area_ha":27.06,"on_drain_share":0.0,"downstream":null}},{"type":"Feature","geometry":{"type":"LineString","coordinates":[[72.82573324587824,19.065604527102735],[72.82553739466384,19.06605384090815],[72.82572264422802,19.066417324280785],[72.82571911022495,19.06668825665631]]},"properties":{"id":"L01485","strahler":1,"length_m":136.6,"drop_m":1.67,"gradient":0.01221,"area_ha":6.45,"on_drain_share":0.0,"downstream":"L01480"}},{"type":"Feature","geometry":{"type":"LineString","coordinates":[[72.82658100560093,19.066156470394006],[72.82629606306456,19.06615311133448],[72.82571911022495,19.06668825665631]]},"properties":{"id":"L01486","strahler":1,"length_m":114.9,"drop_m":1.81,"gradient":0.01573,"area_ha":5.87,"on_drain_share":0.0,"downstream":"L01480"}},{"type":"Feature","geometry":{"type":"LineString","coordinates":[[72.88499089345163,19.06719705254082],[72.8848009232785,19.06719487325354],[72.88470479209889,19.067284097822498],[72.8834699860206,19.067269926984892],[72.88328230969195,19.067087117717087],[72.88290237004294,19.067082755452]]},"properties":{"id":"L01495","strahler":2,"length_m":232.4,"drop_m":0.34,"gradient":0.00145,"area_ha":15.53,"on_drain_share":0.0,"downstream":"L01513"}},{"type":"Feature","geometry":{"type":"LineString","coordinates":[[72.91044599752534,19.067577625304256],[72.91044826188023,19.06739699374214],[72.91073661822445,19.067129275612004]]},"properties":{"id":"L01503","strahler":3,"length_m":62.4,"drop_m":-0.05,"gradient":0.0,"area_ha":148.65,"on_drain_share":0.0,"downstream":"L01539"}},{"type":"Feature","geometry":{"type":"LineString","coordinates":[[72.83731974306488,19.065831117392396],[72.83731739970754,19.06601174038026],[72.83778644981729,19.066468867749425],[72.83778410688099,19.06664949078069],[72.8378779173006,19.0667409161486]]},"properties":{"id":"L01490","strahler":1,"length_m":124.9,"drop_m":-0.38,"gradient":0.0,"area_ha":9.83,"on_drain_share":0.0,"downstream":"L01514"}},{"type":"Feature","geometry":{"type":"LineString","coordinates":[[72.88527584875982,19.067200321105346],[72.88499089345163,19.06719705254082]]},"properties":{"id":"L01492","strahler":1,"length_m":30.0,"drop_m":0.1,"gradient":0.00328,"area_ha":5.91,"on_drain_share":0.0,"downstream":"L01495"}},{"type":"Feature","geometry":{"type":"LineString","coordinates":[[72.89221206324754,19.06709909120908],[72.89249359406787,19.06737329282511]]},"properties":{"id":"L01493","strahler":1,"length_m":42.4,"drop_m":-0.31,"gradient":0.0,"area_ha":4.11,"on_drain_share":0.0,"downstream":"L01430"}},{"type":"Feature","geometry":{"type":"LineString","coordinates":[[72.89212393013182,19.06655611697465],[72.89230819070544,19.067009862323722],[72.89249587784202,19.067192663344017],[72.89249359406787,19.06737329282511]]},"properties":{"id":"L01494","strahler":3,"length_m":106.6,"drop_m":-1.94,"gradient":0.0,"area_ha":79.83,"on_drain_share":0.0,"downstream":"L01430"}},{"type":"Feature","geometry":{"type":"LineString","coordinates":[[72.88290237004294,19.067082755452],[72.88187016012637,19.06607729980751]]},"properties":{"id":"L01513","strahler":4,"length_m":155.6,"drop_m":-0.35,"gradient":0.0,"area_ha":643.89,"on_drain_share":0.0,"downstream":"L01528"}},{"type":"Feature","geometry":{"type":"LineString","coordinates":[[72.92574458524106,19.067298726479027],[72.9254573742818,19.06747615371047]]},"properties":{"id":"L01499","strahler":2,"length_m":38.3,"drop_m":0.68,"gradient":0.01784,"area_ha":20.31,"on_drain_share":0.0,"downstream":"L01466"}},{"type":"Feature","geometry":{"type":"LineString","coordinates":[[72.83124447521455,19.065488783765172],[72.83171937914658,19.065494369026926],[72.83200197251547,19.06567834195528],[72.83247687722624,19.06568392532026],[72.8328521047438,19.06604963604116],[72.83284858239645,19.066320569712204]]},"properties":{"id":"L01505","strahler":1,"length_m":224.9,"drop_m":0.9,"gradient":0.00402,"area_ha":10.92,"on_drain_share":0.0,"downstream":"L01547"}},{"type":"Feature","geometry":{"type":"LineString","coordinates":[[72.8986733678961,19.066992187279943],[72.89867450641503,19.066901872176278]]},"properties":{"id":"L01506","strahler":2,"length_m":10.0,"drop_m":-0.28,"gradient":0.0,"area_ha":23.06,"on_drain_share":0.0,"downstream":null}},{"type":"Feature","geometry":{"type":"LineString","coordinates":[[72.91073661822445,19.067129275612004],[72.91102497364395,19.06686155693498],[72.91093111902525,19.06677016492455],[72.91093564645202,19.066408901652753],[72.91228015839803,19.065249856816312]]},"properties":{"id":"L01539","strahler":3,"length_m":290.4,"drop_m":0.96,"gradient":0.00331,"area_ha":177.48,"on_drain_share":0.0,"downstream":null}},{"type":"Feature","geometry":{"type":"LineString","coordinates":[[72.87483328270744,19.066628617696804],[72.87484134241492,19.06599642168509],[72.87474751004736,19.065905013191507],[72.87485285573041,19.065093284444718],[72.87457366313619,19.06463843155506],[72.87429101732286,19.064454519479558]]},"properties":{"id":"L01549","strahler":1,"length_m":279.0,"drop_m":1.14,"gradient":0.00409,"area_ha":13.48,"on_drain_share":0.0,"downstream":"L01541"}},{"type":"Feature","geometry":{"type":"LineString","coordinates":[[72.92452886292318,19.06574944814083],[72.92472108495757,19.065570953113895],[72.92490993392364,19.065663407745273],[72.92490768545368,19.065844041007914],[72.92528313633522,19.06620958308529],[72.92527751594982,19.06666116631524],[72.92555910586526,19.06693532253209],[72.92555685793688,19.06711595584441],[72.92574570911837,19.067208409814352],[72.92574458524106,19.067298726479027]]},"properties":{"id":"L01507","strahler":1,"length_m":275.6,"drop_m":2.68,"gradient":0.00971,"area_ha":7.35,"on_drain_share":0.0,"downstream":"L01499"}},{"type":"Feature","geometry":{"type":"LineString","coordinates":[[72.9255928217462,19.064225822392615],[72.92558607902671,19.06476772248871],[72.92642747436528,19.065861138223482],[72.92642073373489,19.066403038511094],[72.92660846135743,19.066585808292345],[72.92612565950483,19.067212683858486],[72.92584069670548,19.067209478398667],[72.92574458524106,19.067298726479027]]},"properties":{"id":"L01508","strahler":1,"length_m":440.4,"drop_m":4.23,"gradient":0.0096,"area_ha":12.84,"on_drain_share":0.0,"downstream":"L01499"}},{"type":"Feature","geometry":{"type":"LineString","coordinates":[[72.8942124644354,19.066670309505124],[72.89326375259128,19.06656914409663],[72.89307720666984,19.06629602904994],[72.89298222159644,19.066294943644007],[72.89251300532646,19.065837942114737]]},"properties":{"id":"L01518","strahler":1,"length_m":223.1,"drop_m":0.39,"gradient":0.00175,"area_ha":7.58,"on_drain_share":0.0,"downstream":"L01510"}},{"type":"Feature","geometry":{"type":"LineString","coordinates":[[72.84216263133492,19.06597818300285],[72.84159975712393,19.065429642130834],[72.84150945320303,19.065067283263257],[72.84104156494355,19.064519852960526]]},"properties":{"id":"L01530","strahler":1,"length_m":209.7,"drop_m":0.85,"gradient":0.00406,"area_ha":4.29,"on_drain_share":0.0,"downstream":"L01579"}},{"type":"Feature","geometry":{"type":"LineString","coordinates":[[72.89071172389949,19.065546362048828],[72.89166271149091,19.06546691048214],[72.89213192426088,19.065923913869202],[72.89203465535,19.06610345744927],[72.89203008705788,19.066464716342644],[72.89212393013182,19.06655611697465]]},"properties":{"id":"L01509","strahler":2,"length_m":253.1,"drop_m":2.17,"gradient":0.00857,"area_ha":19.82,"on_drain_share":0.0,"downstream":"L01494"}},{"type":"Feature","geometry":{"type":"LineString","coordinates":[[72.89251300532646,19.065837942114737],[72.89212849824423,19.066194858062946],[72.89212393013182,19.06655611697465]]},"properties":{"id":"L01510","strahler":2,"length_m":96.6,"drop_m":2.01,"gradient":0.02083,"area_ha":59.37,"on_drain_share":0.0,"downstream":"L01494"}},{"type":"Feature","geometry":{"type":"LineString","coordinates":[[72.91846438837595,19.064506810590814],[72.9182721616697,19.064685298590494],[72.91789221894093,19.064681008915947],[72.91750550716822,19.065218615740925],[72.91759823679345,19.065400320891392],[72.91759372405676,19.065761585740788],[72.91778144040198,19.065944363540826],[72.91777918417544,19.066124995977894],[72.91787304259218,19.066216384828635],[72.91787078643017,19.066397017270944],[72.91767855675899,19.066575504349668],[72.91767630034055,19.066756136762546]]},"properties":{"id":"L01511","strahler":1,"length_m":339.7,"drop_m":6.07,"gradient":0.01787,"area_ha":10.42,"on_drain_share":0.0,"downstream":null}},{"type":"Feature","geometry":{"type":"LineString","coordinates":[[72.88186786498756,19.066257928067923],[72.88187016012637,19.06607729980751]]},"properties":{"id":"L01512","strahler":1,"length_m":20.0,"drop_m":-0.21,"gradient":0.0,"area_ha":5.2,"on_drain_share":0.0,"downstream":"L01528"}},{"type":"Feature","geometry":{"type":"LineString","coordinates":[[72.89982685255427,19.065921392116994],[72.89963346819123,19.06619017375303],[72.89934623574466,19.06636755783262],[72.89868930657646,19.065727775742225],[72.89840435131545,19.06572452814024],[72.89765358267441,19.064993345241955],[72.89746361345725,19.064991179236376]]},"properties":{"id":"L01542","strahler":2,"length_m":338.7,"drop_m":0.57,"gradient":0.00169,"area_ha":32.28,"on_drain_share":0.0,"downstream":"L01520"}},{"type":"Feature","geometry":{"type":"LineString","coordinates":[[72.88187016012637,19.06607729980751],[72.8808379626406,19.065071839482115]]},"properties":{"id":"L01528","strahler":4,"length_m":155.6,"drop_m":-1.28,"gradient":0.0,"area_ha":652.19,"on_drain_share":0.0,"downstream":"L01555"}},{"type":"Feature","geometry":{"type":"LineString","coordinates":[[72.90058218524939,19.066291306529656],[72.89982685255427,19.065921392116994]]},"properties":{"id":"L01519","strahler":1,"length_m":96.6,"drop_m":0.61,"gradient":0.00635,"area_ha":6.96,"on_drain_share":0.0,"downstream":"L01542"}},{"type":"Feature","geometry":{"type":"LineString","coordinates":[[72.91511956509227,19.066094942555214],[72.9155922380899,19.066280944228737],[72.91597218390581,19.066285238986456],[72.91615989882786,19.06646801831588],[72.91634987200501,19.066470165228075]]},"properties":{"id":"L01516","strahler":1,"length_m":146.6,"drop_m":-0.83,"gradient":0.0,"area_ha":517.54,"on_drain_share":0.0,"downstream":null}},{"type":"Feature","geometry":{"type":"LineString","coordinates":[[72.84150360635655,19.065518842015575],[72.84150594511495,19.06533821851751],[72.84103922579038,19.064700476419105],[72.84104156494355,19.064519852960526]]},"properties":{"id":"L01529","strahler":3,"length_m":130.7,"drop_m":-0.05,"gradient":0.0,"area_ha":164.95,"on_drain_share":0.0,"downstream":"L01579"}},{"type":"Feature","geometry":{"type":"LineString","coordinates":[[72.887685955205,19.064427793382652],[72.88768366657847,19.06460842235613],[72.88824670521531,19.065156836971372],[72.88823984079737,19.065698724034306],[72.88861520302102,19.066064333113637],[72.88880517237547,19.066066508348722],[72.88899742915066,19.065888054290202],[72.8891873983513,19.06589022911234],[72.88928352649496,19.065801001882992],[72.8897584493849,19.06580643781156],[72.88985457720126,19.065717210249414],[72.89013953087792,19.06572047105722],[72.89033178593296,19.06554201542403],[72.89071172389949,19.065546362048828]]},"properties":{"id":"L01525","strahler":1,"length_m":466.3,"drop_m":3.0,"gradient":0.00642,"area_ha":12.96,"on_drain_share":0.0,"downstream":"L01509"}},{"type":"Feature","geometry":{"type":"LineString","coordinates":[[72.86999948589524,19.06575989878451],[72.87067244461211,19.065135383879984],[72.87067590527937,19.064864443428807],[72.87115543286743,19.064508672944434]]},"properties":{"id":"L01545","strahler":1,"length_m":195.6,"drop_m":3.27,"gradient":0.01672,"area_ha":9.12,"on_drain_share":0.0,"downstream":null}},{"type":"Feature","geometry":{"type":"LineString","coordinates":[[72.82471792124392,19.063334435167917],[72.82471556457085,19.06351505669187],[72.82442709137966,19.063782627425727],[72.82442473433197,19.06396324890591],[72.82423241812565,19.064141629062494],[72.8234725818636,19.064132661829902],[72.82328026453125,19.06431104086895],[72.8229953257746,19.064307677023653],[72.8229847115584,19.065120472832255]]},"properties":{"id":"L01517","strahler":1,"length_m":339.0,"drop_m":15.07,"gradient":0.04445,"area_ha":10.02,"on_drain_share":0.0,"downstream":null}},{"type":"Feature","geometry":{"type":"LineString","coordinates":[[72.9301274809212,19.066264028001275],[72.93089634764486,19.065550021067803],[72.93089746862128,19.065459704090692]]},"properties":{"id":"L01535","strahler":1,"length_m":123.1,"drop_m":0.23,"gradient":0.0019,"area_ha":4.32,"on_drain_share":0.0,"downstream":"L01543"}},{"type":"Feature","geometry":{"type":"LineString","coordinates":[[72.84398363802963,19.064734927652605],[72.84360254531374,19.064820796850206],[72.84321794701074,19.06517760078575],[72.84293300300169,19.06517426758966],[72.84246510940795,19.06462684041787],[72.84247562839685,19.063814034051372],[72.84219419353023,19.063539764516097],[72.84219886900198,19.063178517273833],[72.84135574081353,19.06226539498978]]},"properties":{"id":"L01580","strahler":1,"length_m":521.1,"drop_m":2.02,"gradient":0.00389,"area_ha":9.31,"on_drain_share":0.0,"downstream":"L01601"}},{"type":"Feature","geometry":{"type":"LineString","coordinates":[[72.8478802021548,19.06459979582602],[72.84787553861305,19.064961044367887],[72.84815698592433,19.065235306341055],[72.84882185790686,19.065243064310707],[72.84891800499506,19.065153860203452],[72.84920295009475,19.065157184151495],[72.84939524369427,19.06497877542684],[72.84958520694781,19.06498099093006],[72.8498724815044,19.064803689312544],[72.85034738933832,19.064809226426842],[72.85111539102815,19.064185896955752],[72.85140033488656,19.064189217347668],[72.85149415229473,19.064280636403304],[72.85148833274062,19.064732198169054],[72.8517732776023,19.06473551807634],[72.85224120462001,19.065282924636303]]},"properties":{"id":"L01522","strahler":1,"length_m":647.0,"drop_m":2.43,"gradient":0.00375,"area_ha":15.16,"on_drain_share":0.0,"downstream":"L01453"}},{"type":"Feature","geometry":{"type":"LineString","coordinates":[[72.89746361345725,19.064991179236376],[72.89680555773255,19.06444170657847],[72.89556962299916,19.064517933712224],[72.89547349868742,19.064607164627592],[72.89480746854947,19.064689889944614],[72.89471134376272,19.064779120412098],[72.89404645373038,19.06477152801524],[72.89356925017576,19.06494673306319],[72.89251300532646,19.065837942114737]]},"properties":{"id":"L01520","strahler":2,"length_m":611.1,"drop_m":3.22,"gradient":0.00527,"area_ha":51.46,"on_drain_share":0.0,"downstream":"L01510"}},{"type":"Feature","geometry":{"type":"LineString","coordinates":[[72.8994548775811,19.065284858050067],[72.89954531067308,19.06564720074373],[72.89982685255427,19.065921392116994]]},"properties":{"id":"L01521","strahler":2,"length_m":86.6,"drop_m":-0.65,"gradient":0.0,"area_ha":22.13,"on_drain_share":0.0,"downstream":"L01542"}},{"type":"Feature","geometry":{"type":"LineString","coordinates":[[72.85263625555775,19.06411328820875],[72.85263276573328,19.06438422547961],[72.8524404759903,19.064562638001085],[72.85243582233566,19.064923887629565],[72.85224120462001,19.065282924636303]]},"properties":{"id":"L01523","strahler":1,"length_m":146.6,"drop_m":-0.65,"gradient":0.0,"area_ha":8.61,"on_drain_share":0.0,"downstream":"L01453"}},{"type":"Feature","geometry":{"type":"LineString","coordinates":[[72.9151286013526,19.065372414008582],[72.91474300917872,19.06581969795031],[72.91483686561268,19.065911088175838]]},"properties":{"id":"L01524","strahler":1,"length_m":80.7,"drop_m":3.47,"gradient":0.04299,"area_ha":5.46,"on_drain_share":0.0,"downstream":null}},{"type":"Feature","geometry":{"type":"LineString","coordinates":[[72.8906178821869,19.065454960817462],[72.89071172389949,19.065546362048828]]},"properties":{"id":"L01526","strahler":1,"length_m":14.1,"drop_m":0.0,"gradient":0.0,"area_ha":4.12,"on_drain_share":0.0,"downstream":"L01509"}},{"type":"Feature","geometry":{"type":"LineString","coordinates":[[72.90439182995125,19.0655216891109],[72.90486675666897,19.06552708606639],[72.90505899733066,19.06534861352852],[72.90543893846046,19.065352929778857],[72.90572162516446,19.065536797508738],[72.90620222402482,19.065090613262683],[72.90667715006677,19.06509600544013],[72.90783057415499,19.064025153789625],[72.90820937977476,19.064119779729115]]},"properties":{"id":"L01568","strahler":1,"length_m":491.1,"drop_m":1.35,"gradient":0.00276,"area_ha":12.17,"on_drain_share":0.0,"downstream":"L01562"}},{"type":"Feature","geometry":{"type":"LineString","coordinates":[[72.8808379626406,19.065071839482115],[72.87989846356751,19.064248094613625]]},"properties":{"id":"L01555","strahler":4,"length_m":137.3,"drop_m":1.35,"gradient":0.00984,"area_ha":666.31,"on_drain_share":0.0,"downstream":"L01625"}},{"type":"Feature","geometry":{"type":"LineString","coordinates":[[72.93925410724009,19.065733945684485],[72.93935132761504,19.06555437231614],[72.93963852250629,19.065376921684397],[72.93982849727216,19.06537904429984],[72.94002070410849,19.0652005317191]]},"properties":{"id":"L01550","strahler":1,"length_m":110.7,"drop_m":0.18,"gradient":0.00158,"area_ha":9.15,"on_drain_share":0.0,"downstream":null}},{"type":"Feature","geometry":{"type":"LineString","coordinates":[[72.84104156494355,19.064519852960526],[72.84095360172107,19.06397687049568],[72.84085979083389,19.0638854466555],[72.84087382587639,19.062801705879952],[72.84135457155931,19.06235570676034],[72.84135574081353,19.06226539498978]]},"properties":{"id":"L01579","strahler":3,"length_m":279.0,"drop_m":-0.05,"gradient":0.0,"area_ha":176.55,"on_drain_share":0.0,"downstream":"L01601"}},{"type":"Feature","geometry":{"type":"LineString","coordinates":[[72.89855739332089,19.0611195391111],[72.89845785777396,19.061479717395134],[72.8977872859885,19.061923715279388],[72.89778386993187,19.062194660578687],[72.89815924808984,19.06256025159851],[72.89815810957116,19.06265056671464],[72.8979670043327,19.06273871658843],[72.89796358841069,19.063009661895208],[72.89757909897038,19.063366591067663],[72.89757568229706,19.06363753628833],[72.8994548775811,19.065284858050067]]},"properties":{"id":"L01532","strahler":1,"length_m":646.7,"drop_m":6.89,"gradient":0.01066,"area_ha":14.95,"on_drain_share":0.0,"downstream":"L01521"}},{"type":"Feature","geometry":{"type":"LineString","coordinates":[[72.89955896577212,19.06456341867104],[72.8992705981906,19.064831118084303],[72.8994548775811,19.065284858050067]]},"properties":{"id":"L01533","strahler":1,"length_m":100.7,"drop_m":1.13,"gradient":0.01125,"area_ha":6.57,"on_drain_share":0.0,"downstream":"L01521"}},{"type":"Feature","geometry":{"type":"LineString","coordinates":[[72.9302314391505,19.065542558799688],[72.93032754734392,19.065453308040013],[72.93089746862128,19.065459704090692]]},"properties":{"id":"L01540","strahler":1,"length_m":74.1,"drop_m":0.18,"gradient":0.00246,"area_ha":6.69,"on_drain_share":0.0,"downstream":"L01543"}},{"type":"Feature","geometry":{"type":"LineString","coordinates":[[72.85832934616666,19.064631129107685],[72.85909152181569,19.064459327386764],[72.85937298869057,19.0647335739649]]},"properties":{"id":"L01536","strahler":1,"length_m":130.7,"drop_m":1.16,"gradient":0.00891,"area_ha":10.13,"on_drain_share":0.0,"downstream":"L01476"}},{"type":"Feature","geometry":{"type":"LineString","coordinates":[[72.85958382384369,19.063110148074074],[72.85948420464746,19.06347029695687],[72.8599533153125,19.06392737327326],[72.85994983741053,19.064198311851726],[72.85937298869057,19.0647335739649]]},"properties":{"id":"L01537","strahler":1,"length_m":229.7,"drop_m":0.39,"gradient":0.00172,"area_ha":10.45,"on_drain_share":0.0,"downstream":"L01476"}},{"type":"Feature","geometry":{"type":"LineString","coordinates":[[72.87429101732286,19.064454519479558],[72.87381610305013,19.064449044102744],[72.873431563601,19.06480591752166],[72.873242749728,19.06471341295635]]},"properties":{"id":"L01541","strahler":2,"length_m":130.7,"drop_m":1.95,"gradient":0.01489,"area_ha":19.41,"on_drain_share":0.0,"downstream":null}},{"type":"Feature","geometry":{"type":"LineString","coordinates":[[72.89755745906223,19.065082577321014],[72.89746361345725,19.064991179236376]]},"properties":{"id":"L01538","strahler":1,"length_m":14.1,"drop_m":0.0,"gradient":0.0,"area_ha":4.11,"on_drain_share":0.0,"downstream":"L01520"}},{"type":"Feature","geometry":{"type":"LineString","coordinates":[[72.93089746862128,19.065459704090692],[72.93108968415935,19.065281201738003]]},"properties":{"id":"L01543","strahler":2,"length_m":28.3,"drop_m":0.23,"gradient":0.00828,"area_ha":11.16,"on_drain_share":0.0,"downstream":"L01558"}},{"type":"Feature","geometry":{"type":"LineString","coordinates":[[72.85434127114665,19.06449443989765],[72.85453472122967,19.06422571264791]]},"properties":{"id":"L01548","strahler":1,"length_m":38.3,"drop_m":-0.82,"gradient":0.0,"area_ha":284.15,"on_drain_share":0.0,"downstream":null}},{"type":"Feature","geometry":{"type":"LineString","coordinates":[[72.91143320815225,19.06460796486703],[72.91190474077519,19.064884291123125],[72.91218969706959,19.06488751773399],[72.9124723915818,19.06507137575055]]},"properties":{"id":"L01544","strahler":4,"length_m":130.7,"drop_m":2.69,"gradient":0.0206,"area_ha":324.53,"on_drain_share":0.0,"downstream":null}},{"type":"Feature","geometry":{"type":"LineString","coordinates":[[72.93108968415935,19.065281201738003],[72.93147411400261,19.064924196304755],[72.93147523462652,19.064833879288454]]},"properties":{"id":"L01558","strahler":2,"length_m":66.6,"drop_m":-0.7,"gradient":0.0,"area_ha":20.9,"on_drain_share":0.0,"downstream":null}},{"type":"Feature","geometry":{"type":"LineString","coordinates":[[72.92951080148524,19.06237293565075],[72.92988513506984,19.062828785638377],[72.92988064960016,19.06319005341206],[72.93016224255642,19.06346420285193],[72.93015887879302,19.0637351537126],[72.9303488505495,19.06373728591398],[72.93044271532422,19.063828668909345],[72.93053209586644,19.064281319746048],[72.93072094729307,19.064373768600355],[72.93071422117885,19.06491567045183],[72.93108968415935,19.065281201738003]]},"properties":{"id":"L01546","strahler":1,"length_m":408.0,"drop_m":3.11,"gradient":0.00763,"area_ha":8.21,"on_drain_share":0.0,"downstream":"L01558"}},{"type":"Feature","geometry":{"type":"LineString","coordinates":[[72.83525478239821,19.063910057148288],[72.83554324029595,19.06364246776578],[72.83554675773337,19.063371533531754],[72.83660325503577,19.06248067902105],[72.83669823443374,19.062481793243016]]},"properties":{"id":"L01575","strahler":2,"length_m":233.8,"drop_m":3.87,"gradient":0.01655,"area_ha":39.34,"on_drain_share":0.0,"downstream":"L01578"}},{"type":"Feature","geometry":{"type":"LineString","coordinates":[[72.87296241004633,19.06434887172298],[72.87296356231735,19.064258558097663]]},"properties":{"id":"L01554","strahler":1,"length_m":10.0,"drop_m":-0.56,"gradient":0.0,"area_ha":19.49,"on_drain_share":0.0,"downstream":null}},{"type":"Feature","geometry":{"type":"LineString","coordinates":[[72.8742990780958,19.06382232354238],[72.87429101732286,19.064454519479558]]},"properties":{"id":"L01551","strahler":1,"length_m":70.0,"drop_m":1.27,"gradient":0.01816,"area_ha":4.93,"on_drain_share":0.0,"downstream":"L01541"}},{"type":"Feature","geometry":{"type":"LineString","coordinates":[[72.93204291356409,19.065020905690613],[72.93204627451114,19.064749954544048]]},"properties":{"id":"L01560","strahler":1,"length_m":30.0,"drop_m":-0.27,"gradient":0.0,"area_ha":4.87,"on_drain_share":0.0,"downstream":"L01652"}},{"type":"Feature","geometry":{"type":"LineString","coordinates":[[72.83431084729236,19.06344734781933],[72.83478574637861,19.063452924613244],[72.83525478239821,19.063910057148288]]},"properties":{"id":"L01552","strahler":1,"length_m":120.7,"drop_m":0.84,"gradient":0.00697,"area_ha":4.78,"on_drain_share":0.0,"downstream":"L01575"}},{"type":"Feature","geometry":{"type":"LineString","coordinates":[[72.88341169607561,19.064378781446305],[72.88313018622009,19.06410456779857]]},"properties":{"id":"L01561","strahler":1,"length_m":42.4,"drop_m":-0.27,"gradient":0.0,"area_ha":6.15,"on_drain_share":0.0,"downstream":"L01556"}},{"type":"Feature","geometry":{"type":"LineString","coordinates":[[72.87989846356751,19.064248094613625],[72.8796158116168,19.064064190194088],[72.87952427472673,19.063792155936],[72.87914893902071,19.063426530673595],[72.87915927853865,19.062613704657984],[72.87897161210962,19.062430891877856],[72.87897505876812,19.06215994988324],[72.87935958086669,19.06180306305841],[72.87936532401105,19.061351492918117],[72.87955873235951,19.061082735031167],[72.87956677163426,19.06045053669704]]},"properties":{"id":"L01625","strahler":4,"length_m":492.1,"drop_m":-0.62,"gradient":0.0,"area_ha":700.39,"on_drain_share":0.0,"downstream":"L01693"}},{"type":"Feature","geometry":{"type":"LineString","coordinates":[[72.88313018622009,19.06410456779857],[72.88303634980701,19.064013163171943],[72.88246759806994,19.06391630554816],[72.88227992633576,19.063733495668615],[72.88199497750442,19.063730223047695],[72.88161160314496,19.063996801282613],[72.88123626199,19.063631179792097],[72.88076134791655,19.063625722521166],[72.87999344667044,19.064249186644],[72.87989846356751,19.064248094613625]]},"properties":{"id":"L01556","strahler":2,"length_m":414.6,"drop_m":2.68,"gradient":0.00646,"area_ha":26.07,"on_drain_share":0.0,"downstream":"L01625"}},{"type":"Feature","geometry":{"type":"LineString","coordinates":[[72.91048562004613,19.0644165724196],[72.9109605454723,19.064421953386756],[72.91115164728492,19.06433378957955],[72.91133822291958,19.064606889004573],[72.91143320815225,19.06460796486703]]},"properties":{"id":"L01557","strahler":3,"length_m":122.4,"drop_m":0.34,"gradient":0.00276,"area_ha":95.35,"on_drain_share":0.0,"downstream":"L01544"}},{"type":"Feature","geometry":{"type":"LineString","coordinates":[[72.85472933278234,19.06386667257542],[72.85482547616675,19.06377746498526]]},"properties":{"id":"L01564","strahler":1,"length_m":14.1,"drop_m":0.0,"gradient":0.0,"area_ha":284.23,"on_drain_share":0.0,"downstream":null}},{"type":"Feature","geometry":{"type":"LineString","coordinates":[[72.87277590170424,19.06407573951702],[72.87268437634346,19.063803702943044],[72.8720275687801,19.06316383648835],[72.8716580167643,19.062346629838324],[72.87128270295663,19.061980990489154],[72.8710035249944,19.061526133499555]]},"properties":{"id":"L01604","strahler":1,"length_m":358.7,"drop_m":0.11,"gradient":0.0003,"area_ha":20.0,"on_drain_share":0.0,"downstream":null}},{"type":"Feature","geometry":{"type":"LineString","coordinates":[[72.90820937977476,19.064119779729115],[72.90963415192033,19.064135936305206],[72.90972800442601,19.064227328791315],[72.90991797426962,19.06422948208434],[72.9101995327496,19.064503659049507],[72.9103895029653,19.064505811886963],[72.91048562004613,19.0644165724196]]},"properties":{"id":"L01562","strahler":2,"length_m":260.7,"drop_m":-1.31,"gradient":0.0,"area_ha":25.38,"on_drain_share":0.0,"downstream":"L01557"}},{"type":"Feature","geometry":{"type":"LineString","coordinates":[[72.91392542764291,19.062829599784102],[72.91325375492802,19.063363973296006],[72.91287381642685,19.06335967357214],[72.91268497791359,19.063267207465984],[72.91249161640515,19.06353600494433],[72.91191605267248,19.0639811321682],[72.9119137903441,19.064161763966762],[72.91143320815225,19.06460796486703]]},"properties":{"id":"L01563","strahler":3,"length_m":368.7,"drop_m":0.54,"gradient":0.00147,"area_ha":228.26,"on_drain_share":0.0,"downstream":"L01544"}},{"type":"Feature","geometry":{"type":"LineString","coordinates":[[72.93204627451114,19.064749954544048],[72.93215134311514,19.063938166212225],[72.93253688747893,19.063490840918323],[72.93254360713023,19.062948938357366],[72.93226313071283,19.06258447517119],[72.93226761086912,19.06222320682823],[72.93198713615533,19.06185874336744],[72.93209332179444,19.060956637597485],[72.93181284933243,19.060592174061888],[72.93181845010042,19.060140588662325],[72.93163184295601,19.059867507141927]]},"properties":{"id":"L01652","strahler":2,"length_m":610.4,"drop_m":-0.78,"gradient":0.0,"area_ha":47.92,"on_drain_share":0.0,"downstream":"L01680"}},{"type":"Feature","geometry":{"type":"LineString","coordinates":[[72.9400251681234,19.064839261706208],[72.94002628411137,19.06474894420062]]},"properties":{"id":"L01566","strahler":1,"length_m":10.0,"drop_m":0.09,"gradient":0.00862,"area_ha":9.43,"on_drain_share":0.0,"downstream":null}},{"type":"Feature","geometry":{"type":"LineString","coordinates":[[72.87781113621462,19.06404342976415],[72.87752618768099,19.064040150189722],[72.87724353906698,19.063856242414843],[72.87649288004586,19.063124982925835],[72.8763029155592,19.06312279533556],[72.87573992630153,19.062574348576334],[72.87554996253505,19.062572160271497],[72.87545613146729,19.0624807522565],[72.8754584330593,19.062300124675026],[72.8752684696399,19.062297936110603],[72.87508195920202,19.06202480603837],[72.87479701462283,19.0620215225826],[72.87442054258364,19.06174620275393],[72.87385756430511,19.06119775121936],[72.87376258331885,19.06119665619826],[72.8736710573715,19.060924620032598],[72.87245243928514,19.05964598901951]]},"properties":{"id":"L01639","strahler":1,"length_m":804.0,"drop_m":0.61,"gradient":0.00076,"area_ha":18.82,"on_drain_share":0.0,"downstream":"L01679"}},{"type":"Feature","geometry":{"type":"LineString","coordinates":[[72.90982638623682,19.063957458127543],[72.9102956499204,19.064414419690802],[72.91048562004613,19.0644165724196]]},"properties":{"id":"L01565","strahler":3,"length_m":90.7,"drop_m":-1.31,"gradient":0.0,"area_ha":67.71,"on_drain_share":0.0,"downstream":"L01557"}},{"type":"Feature","geometry":{"type":"LineString","coordinates":[[72.86679432443323,19.06382598617718],[72.8668012577961,19.063284106561817],[72.86699353215276,19.06310567738503],[72.86699584299004,19.062925050812783],[72.86681050191469,19.062561600354748],[72.86681512381745,19.062200347228398]]},"properties":{"id":"L01586","strahler":1,"length_m":196.6,"drop_m":-0.8,"gradient":0.0,"area_ha":10.45,"on_drain_share":0.0,"downstream":"L01599"}},{"type":"Feature","geometry":{"type":"LineString","coordinates":[[72.8842768619945,19.063575763115537],[72.88379736167252,19.063931570754814],[72.88351241222233,19.063928300445006],[72.88313018622009,19.06410456779857]]},"properties":{"id":"L01567","strahler":2,"length_m":144.9,"drop_m":0.42,"gradient":0.00293,"area_ha":14.09,"on_drain_share":0.0,"downstream":"L01556"}},{"type":"Feature","geometry":{"type":"LineString","coordinates":[[72.83079777424138,19.063315730471153],[72.83070396982536,19.063224302041295],[72.83071102019504,19.06268243528114],[72.83014937277211,19.06204355296444],[72.8301517233656,19.06186293075839],[72.83034285583524,19.061774854610604],[72.83034403101271,19.06168454349381],[72.8301575997332,19.061411375226577],[72.8301599502338,19.061230753007184],[72.82997234437306,19.06104789572305],[72.83006967308737,19.060868391062296],[72.83007554934682,19.06041683550654],[72.82998174682545,19.060325406883187]]},"properties":{"id":"L01614","strahler":1,"length_m":398.0,"drop_m":2.08,"gradient":0.00524,"area_ha":13.51,"on_drain_share":0.0,"downstream":"L01623"}},{"type":"Feature","geometry":{"type":"LineString","coordinates":[[72.85501776262745,19.063599049621818],[72.85511622945822,19.06332921669045]]},"properties":{"id":"L01570","strahler":1,"length_m":34.1,"drop_m":-0.55,"gradient":0.0,"area_ha":284.31,"on_drain_share":0.0,"downstream":null}},{"type":"Feature","geometry":{"type":"LineString","coordinates":[[72.88550935049506,19.063770554650567],[72.88512941785288,19.063766197700883],[72.88475292284636,19.063490896998147],[72.8842768619945,19.063575763115537]]},"properties":{"id":"L01572","strahler":1,"length_m":146.6,"drop_m":2.55,"gradient":0.01739,"area_ha":4.88,"on_drain_share":0.0,"downstream":"L01567"}},{"type":"Feature","geometry":{"type":"LineString","coordinates":[[72.9067032318922,19.063018746705684],[72.90755242117585,19.063480026686573],[72.90820937977476,19.064119779729115]]},"properties":{"id":"L01569","strahler":1,"length_m":209.7,"drop_m":0.95,"gradient":0.00454,"area_ha":5.86,"on_drain_share":0.0,"downstream":"L01562"}},{"type":"Feature","geometry":{"type":"LineString","coordinates":[[72.90654841541058,19.060216806269057],[72.90702672835181,19.05995124926508],[72.90749597348055,19.06040821633311],[72.90749257348462,19.06067916336727],[72.90768027252477,19.060861949950095],[72.90777072255001,19.06122429024979],[72.90814612281315,19.06158986284899],[72.90824110613362,19.06159094019118],[72.90823884013142,19.061771571611402],[72.90852039185027,19.06204575055045],[72.9084208765068,19.062405936188924],[72.9081313926739,19.06276396694128],[72.90935146247818,19.063952074366647],[72.90982638623682,19.063957458127543]]},"properties":{"id":"L01571","strahler":3,"length_m":695.0,"drop_m":3.0,"gradient":0.00432,"area_ha":58.31,"on_drain_share":0.0,"downstream":"L01565"}},{"type":"Feature","geometry":{"type":"LineString","coordinates":[[72.90251371433115,19.063784097452338],[72.90289819534833,19.063427157078028],[72.9027116355691,19.063154050522158],[72.90252166782858,19.063151889925546],[72.90252394019868,19.062971259195066],[72.90243009266756,19.06287986347334],[72.9024323651019,19.062699232748177],[72.90262460451927,19.06252076263648]]},"properties":{"id":"L01587","strahler":1,"length_m":197.3,"drop_m":2.81,"gradient":0.01426,"area_ha":6.79,"on_drain_share":0.0,"downstream":"L01615"}},{"type":"Feature","geometry":{"type":"LineString","coordinates":[[72.91021424977873,19.063329553622673],[72.90973366613787,19.063775749922808],[72.90982638623682,19.063957458127543]]},"properties":{"id":"L01573","strahler":1,"length_m":94.9,"drop_m":0.95,"gradient":0.00996,"area_ha":8.58,"on_drain_share":0.0,"downstream":"L01565"}},{"type":"Feature","geometry":{"type":"LineString","coordinates":[[72.88475750613203,19.063129639689418],[72.8842768619945,19.063575763115537]]},"properties":{"id":"L01574","strahler":1,"length_m":70.7,"drop_m":-0.41,"gradient":0.0,"area_ha":7.53,"on_drain_share":0.0,"downstream":"L01567"}},{"type":"Feature","geometry":{"type":"LineString","coordinates":[[72.83906803946668,19.06287087944267],[72.83926033986424,19.062692482062413],[72.8392708733193,19.061879677249085]]},"properties":{"id":"L01584","strahler":1,"length_m":118.3,"drop_m":2.41,"gradient":0.02034,"area_ha":4.72,"on_drain_share":0.0,"downstream":"L01653"}},{"type":"Feature","geometry":{"type":"LineString","coordinates":[[72.85540465772333,19.063061592964868],[72.85540930445866,19.06270034255837]]},"properties":{"id":"L01576","strahler":1,"length_m":40.0,"drop_m":-0.52,"gradient":0.0,"area_ha":291.61,"on_drain_share":0.0,"downstream":null}},{"type":"Feature","geometry":{"type":"LineString","coordinates":[[72.83669823443374,19.062481793243016],[72.8369796577392,19.062756070133965],[72.83735957609281,19.062760526015595],[72.83764685750057,19.062583244323577],[72.83802794669977,19.062497387223114],[72.83822024761798,19.06231899098896],[72.83850518586084,19.062322330983847]]},"properties":{"id":"L01578","strahler":2,"length_m":223.1,"drop_m":0.41,"gradient":0.00184,"area_ha":50.94,"on_drain_share":0.0,"downstream":"L01583"}},{"type":"Feature","geometry":{"type":"LineString","coordinates":[[72.89216503943122,19.06330478622261],[72.89245341434741,19.0630370987308],[72.89283334712866,19.063041440437765],[72.89331511017423,19.062504977479154],[72.89331739243072,19.06232434780711]]},"properties":{"id":"L01592","strahler":1,"length_m":183.1,"drop_m":1.59,"gradient":0.00867,"area_ha":6.74,"on_drain_share":0.0,"downstream":"L01645"}},{"type":"Feature","geometry":{"type":"LineString","coordinates":[[72.86274251790489,19.061249928472417],[72.8633181864056,19.060804966481005],[72.8640791843623,19.060723454985496],[72.86473594973795,19.061363346023303],[72.8647336366576,19.06154397235915],[72.86539040769303,19.062183861571555],[72.86538693896486,19.06245480116584],[72.86576455163015,19.062639824918808],[72.86604602783856,19.062914062124772],[72.86681512381745,19.062200347228398]]},"properties":{"id":"L01585","strahler":2,"length_m":616.7,"drop_m":2.42,"gradient":0.00393,"area_ha":23.42,"on_drain_share":0.0,"downstream":"L01599"}},{"type":"Feature","geometry":{"type":"LineString","coordinates":[[72.82890994579124,19.062390264867652],[72.82929456439126,19.062033493088588],[72.829108134621,19.06176032390084],[72.82920899203782,19.061309886688814],[72.82959243178304,19.06104342501527],[72.82997822095557,19.060596340205283],[72.82998174682545,19.060325406883187]]},"properties":{"id":"L01613","strahler":1,"length_m":298.0,"drop_m":0.37,"gradient":0.00125,"area_ha":9.03,"on_drain_share":0.0,"downstream":"L01623"}},{"type":"Feature","geometry":{"type":"LineString","coordinates":[[72.83453013085564,19.061191794651958],[72.83557372277494,19.061294370785994],[72.83585514224916,19.06156864904634],[72.83604509991893,19.06157087810924],[72.83604158364876,19.06184181248559],[72.83669823443374,19.062481793243016]]},"properties":{"id":"L01577","strahler":1,"length_m":305.6,"drop_m":4.91,"gradient":0.01607,"area_ha":9.66,"on_drain_share":0.0,"downstream":"L01578"}},{"type":"Feature","geometry":{"type":"LineString","coordinates":[[72.83850518586084,19.062322330983847],[72.83869748609982,19.062143934178167],[72.83898242413372,19.06214727340655],[72.8392708733193,19.061879677249085]]},"properties":{"id":"L01583","strahler":2,"length_m":100.7,"drop_m":1.62,"gradient":0.01612,"area_ha":62.68,"on_drain_share":0.0,"downstream":"L01653"}},{"type":"Feature","geometry":{"type":"LineString","coordinates":[[72.85231914811848,19.059231992360964],[72.85240831124817,19.059684660596925],[72.85353759465447,19.06051074119158],[72.85353410700414,19.060781678728684],[72.85324684312529,19.06095898718834],[72.85314721239011,19.061319131509002],[72.8533348465279,19.061501967726805],[72.85399970589587,19.06150970557858],[72.85493788680047,19.062423881331824],[72.85512668602877,19.06251640343203],[72.85522166660827,19.062517508119996],[72.85589582184551,19.061802738469467],[72.8562850317038,19.061084653845864]]},"properties":{"id":"L01609","strahler":1,"length_m":803.3,"drop_m":0.08,"gradient":0.0001,"area_ha":18.02,"on_drain_share":0.0,"downstream":null}},{"type":"Feature","geometry":{"type":"LineString","coordinates":[[72.85560158899193,19.062521926383493],[72.85569889259823,19.06234240558077]]},"properties":{"id":"L01582","strahler":1,"length_m":24.1,"drop_m":-0.15,"gradient":0.0,"area_ha":292.35,"on_drain_share":0.0,"downstream":null}},{"type":"Feature","geometry":{"type":"LineString","coordinates":[[72.83682133358556,19.06031543123568],[72.83653171211242,19.06067333497844],[72.83662434705181,19.06085507214142],[72.83700191794567,19.061040151374996],[72.83747681102619,19.061045720565982],[72.83786023877454,19.060779240314357],[72.83814166161659,19.06105351538253],[72.8381369779203,19.061414761737897],[72.83841840222341,19.061689036516736],[72.83841371895822,19.062050282913482],[72.83831756881382,19.06213948119001],[72.83850518586084,19.062322330983847]]},"properties":{"id":"L01581","strahler":1,"length_m":434.6,"drop_m":2.14,"gradient":0.00493,"area_ha":11.11,"on_drain_share":0.0,"downstream":"L01583"}},{"type":"Feature","geometry":{"type":"LineString","coordinates":[[72.84135574081353,19.06226539498978],[72.84135807930215,19.062084771445793],[72.84145422795679,19.0619955714187],[72.84136743299267,19.06136227723178],[72.84146358118373,19.06127307715176]]},"properties":{"id":"L01601","strahler":3,"length_m":122.4,"drop_m":0.16,"gradient":0.00131,"area_ha":189.7,"on_drain_share":0.0,"downstream":"L01632"}},{"type":"Feature","geometry":{"type":"LineString","coordinates":[[72.84430244598839,19.062119213049886],[72.84402101037006,19.06184494624393],[72.84402334591721,19.061664322373517],[72.84355428905477,19.061207210307852],[72.84336549894509,19.06111467711505],[72.8431755408743,19.061112455640032],[72.84307939360461,19.061201656714108]]},"properties":{"id":"L01606","strahler":1,"length_m":191.4,"drop_m":-0.24,"gradient":0.0,"area_ha":6.47,"on_drain_share":0.0,"downstream":"L01602"}},{"type":"Feature","geometry":{"type":"LineString","coordinates":[[72.86766764418256,19.06239086001399],[72.8671058436799,19.061752076527938]]},"properties":{"id":"L01600","strahler":1,"length_m":94.9,"drop_m":-0.26,"gradient":0.0,"area_ha":6.59,"on_drain_share":0.0,"downstream":"L01622"}},{"type":"Feature","geometry":{"type":"LineString","coordinates":[[72.91915859504917,19.0621660904715],[72.9187831670967,19.061800537903824],[72.91802329463523,19.061791961125103],[72.91744775037954,19.062237107684],[72.91687784498926,19.062230671126436],[72.91678173236583,19.06231991439365],[72.91677834708558,19.06259086298125],[72.91629891028346,19.062946762147472],[72.91544404927411,19.06293710098316],[72.91497364441378,19.06257046760545],[72.91468869157067,19.062567245671143]]},"properties":{"id":"L01596","strahler":1,"length_m":574.6,"drop_m":2.71,"gradient":0.00471,"area_ha":16.43,"on_drain_share":0.0,"downstream":"L01589"}},{"type":"Feature","geometry":{"type":"LineString","coordinates":[[72.8627297838497,19.062243371988444],[72.86274251790489,19.061249928472417]]},"properties":{"id":"L01608","strahler":1,"length_m":110.0,"drop_m":-0.1,"gradient":0.0,"area_ha":7.18,"on_drain_share":0.0,"downstream":"L01585"}},{"type":"Feature","geometry":{"type":"LineString","coordinates":[[72.8392708733193,19.061879677249085],[72.83930481081238,19.059260638992534],[72.839400958655,19.059171439959155],[72.83941031928087,19.05844894645311]]},"properties":{"id":"L01653","strahler":2,"length_m":384.1,"drop_m":0.81,"gradient":0.00212,"area_ha":71.01,"on_drain_share":0.0,"downstream":"L01682"}},{"type":"Feature","geometry":{"type":"LineString","coordinates":[[72.86681512381745,19.062200347228398],[72.86710353311489,19.06193270313609],[72.8671058436799,19.061752076527938]]},"properties":{"id":"L01599","strahler":2,"length_m":62.4,"drop_m":-1.18,"gradient":0.0,"area_ha":35.21,"on_drain_share":0.0,"downstream":"L01622"}},{"type":"Feature","geometry":{"type":"LineString","coordinates":[[72.89436220394536,19.06233628029932],[72.89417223815747,19.062334111194843],[72.89397999085784,19.062512571644405],[72.89350507605162,19.062507147484858],[72.89331739243072,19.06232434780711]]},"properties":{"id":"L01593","strahler":1,"length_m":126.6,"drop_m":0.42,"gradient":0.00332,"area_ha":6.23,"on_drain_share":0.0,"downstream":"L01645"}},{"type":"Feature","geometry":{"type":"LineString","coordinates":[[72.91055013139963,19.05926856952175],[72.91167634534419,19.060365269171808],[72.91196129387718,19.060368495400585],[72.91214899798554,19.060551277871895],[72.91243394692239,19.060554503400986],[72.91252779930385,19.06064589444831],[72.91252666868719,19.060736210416003],[72.91346519860038,19.061650118798642],[72.91336908470394,19.061739360149183],[72.9133668242355,19.061919992159417],[72.91307848158345,19.062187715808072],[72.91326731919715,19.062280181425365],[72.91326505854943,19.062460813413285],[72.91354662039427,19.062734985553124],[72.91383157331596,19.062738209278617],[72.91392542764291,19.062829599784102]]},"properties":{"id":"L01588","strahler":3,"length_m":630.8,"drop_m":0.47,"gradient":0.00074,"area_ha":193.68,"on_drain_share":0.0,"downstream":"L01563"}},{"type":"Feature","geometry":{"type":"LineString","coordinates":[[72.91468869157067,19.062567245671143],[72.91449646368983,19.06274572959524],[72.91402154196233,19.062740358184726],[72.91392542764291,19.062829599784102]]},"properties":{"id":"L01589","strahler":2,"length_m":92.4,"drop_m":-0.2,"gradient":0.0,"area_ha":29.58,"on_drain_share":0.0,"downstream":"L01563"}},{"type":"Feature","geometry":{"type":"LineString","coordinates":[[72.84307939360461,19.061201656714108],[72.84231138045783,19.061824951275163],[72.84202644234688,19.061821617242153],[72.84146358118373,19.06127307715176]]},"properties":{"id":"L01602","strahler":2,"length_m":223.8,"drop_m":0.71,"gradient":0.00318,"area_ha":13.88,"on_drain_share":0.0,"downstream":"L01632"}},{"type":"Feature","geometry":{"type":"LineString","coordinates":[[72.84499531683632,19.05995949570673],[72.8456601664036,19.05996726300594],[72.84575397821867,19.06005868448034],[72.84594393541303,19.060060903182883],[72.84650680915506,19.06060943070305],[72.84640599810331,19.061059882067827],[72.84678124998196,19.061425566578283],[72.8467765848967,19.06178681498236],[72.84696421181032,19.061969657044237]]},"properties":{"id":"L01590","strahler":1,"length_m":368.0,"drop_m":-1.11,"gradient":0.0,"area_ha":10.05,"on_drain_share":0.0,"downstream":"L01460"}},{"type":"Feature","geometry":{"type":"LineString","coordinates":[[72.84831490652105,19.060359557103695],[72.84735345858661,19.061251595110132],[72.8470638560898,19.061609517439535],[72.84696421181032,19.061969657044237]]},"properties":{"id":"L01591","strahler":2,"length_m":238.0,"drop_m":-0.47,"gradient":0.0,"area_ha":19.71,"on_drain_share":0.0,"downstream":"L01460"}},{"type":"Feature","geometry":{"type":"LineString","coordinates":[[72.85598847945946,19.061984468013428],[72.85599080206667,19.061803842721748]]},"properties":{"id":"L01597","strahler":1,"length_m":20.0,"drop_m":-0.43,"gradient":0.0,"area_ha":293.29,"on_drain_share":0.0,"downstream":null}},{"type":"Feature","geometry":{"type":"LineString","coordinates":[[72.90252962101174,19.06251968235227],[72.90262460451927,19.06252076263648]]},"properties":{"id":"L01594","strahler":1,"length_m":10.0,"drop_m":0.0,"gradient":0.0,"area_ha":5.23,"on_drain_share":0.0,"downstream":"L01615"}},{"type":"Feature","geometry":{"type":"LineString","coordinates":[[72.90262460451927,19.06252076263648],[72.90339242244386,19.061897195185555],[72.90339469371,19.0617165643295],[72.90349081238513,19.061627328689692],[72.90435133559201,19.061185467162257]]},"properties":{"id":"L01615","strahler":2,"length_m":253.8,"drop_m":-0.04,"gradient":0.0,"area_ha":16.0,"on_drain_share":0.0,"downstream":"L01636"}},{"type":"Feature","geometry":{"type":"LineString","coordinates":[[72.8250476245458,19.05990598585766],[72.8243827843136,19.05989814431226],[72.8237085150592,19.06061278623493],[72.82332860504478,19.06060830272792],[72.8228466426135,19.06114456129255],[72.82199184299745,19.06113446803979],[72.8215122348379,19.06149010132719]]},"properties":{"id":"L01595","strahler":2,"length_m":456.3,"drop_m":11.78,"gradient":0.02581,"area_ha":50.86,"on_drain_share":0.0,"downstream":null}},{"type":"Feature","geometry":{"type":"LineString","coordinates":[[72.89331739243072,19.06232434780711],[72.89284818517592,19.061867347934875],[72.89285275050989,19.061506088670956],[72.89294887411428,19.06141685905774],[72.89238582979844,19.060868458330148],[72.89210316735682,19.0606845722262],[72.89181822192155,19.060681315278398],[72.89078598841424,19.059675907566483]]},"properties":{"id":"L01645","strahler":2,"length_m":433.6,"drop_m":1.06,"gradient":0.00244,"area_ha":21.33,"on_drain_share":0.0,"downstream":"L01672"}},{"type":"Feature","geometry":{"type":"LineString","coordinates":[[72.91423410607425,19.060936185807932],[72.91432570039328,19.06120820818431],[72.91488882503968,19.061756548871987],[72.91488656621469,19.06193718105733],[72.91498042077188,19.062028571045023],[72.91497703262152,19.0622995193295],[72.91468869157067,19.062567245671143]]},"properties":{"id":"L01598","strahler":1,"length_m":225.6,"drop_m":0.47,"gradient":0.00207,"area_ha":11.74,"on_drain_share":0.0,"downstream":"L01589"}},{"type":"Feature","geometry":{"type":"LineString","coordinates":[[72.8671058436799,19.061752076527938],[72.86701201812053,19.06166066470058],[72.86701548405362,19.061389724795152],[72.86807297357663,19.0604083585951]]},"properties":{"id":"L01622","strahler":2,"length_m":199.7,"drop_m":-0.52,"gradient":0.0,"area_ha":46.31,"on_drain_share":0.0,"downstream":"L01650"}},{"type":"Feature","geometry":{"type":"LineString","coordinates":[[72.88069162077939,19.061637720830564],[72.88050165746796,19.061635537727252],[72.88030939793232,19.061813982593097],[72.88011943446735,19.061811799076857],[72.88012058269835,19.061721485006206],[72.87965141674776,19.06126445516027],[72.87966060415732,19.060541942745314],[72.87956677163426,19.06045053669704]]},"properties":{"id":"L01626","strahler":1,"length_m":243.1,"drop_m":0.59,"gradient":0.00243,"area_ha":8.18,"on_drain_share":0.0,"downstream":"L01693"}},{"type":"Feature","geometry":{"type":"LineString","coordinates":[[72.84146358118373,19.06127307715176],[72.84147176491086,19.060640894618206],[72.84043986582522,19.059635234552886]]},"properties":{"id":"L01632","strahler":3,"length_m":225.6,"drop_m":-0.34,"gradient":0.0,"area_ha":208.27,"on_drain_share":0.0,"downstream":"L01654"}},{"type":"Feature","geometry":{"type":"LineString","coordinates":[[72.85628038728909,19.061445904523346],[72.85628154840259,19.0613555918554]]},"properties":{"id":"L01603","strahler":1,"length_m":10.0,"drop_m":-0.17,"gradient":0.0,"area_ha":294.16,"on_drain_share":0.0,"downstream":null}},{"type":"Feature","geometry":{"type":"LineString","coordinates":[[72.86207418183325,19.061513161260656],[72.86245410363743,19.061517565190176],[72.86274251790489,19.061249928472417]]},"properties":{"id":"L01607","strahler":1,"length_m":82.4,"drop_m":0.24,"gradient":0.00287,"area_ha":7.12,"on_drain_share":0.0,"downstream":"L01585"}},{"type":"Feature","geometry":{"type":"LineString","coordinates":[[72.84991790397453,19.061281510683973],[72.84878980121499,19.06036509698675],[72.84831490652105,19.060359557103695]]},"properties":{"id":"L01619","strahler":1,"length_m":211.4,"drop_m":-0.33,"gradient":0.0,"area_ha":9.2,"on_drain_share":0.0,"downstream":"L01591"}},{"type":"Feature","geometry":{"type":"LineString","coordinates":[[72.8429984336456,19.060116803236017],[72.84318605431321,19.060299648582834],[72.84289644545309,19.060657563679463],[72.84289294049157,19.060928499311416],[72.84307939360461,19.061201656714108]]},"properties":{"id":"L01605","strahler":1,"length_m":149.0,"drop_m":0.4,"gradient":0.0027,"area_ha":4.93,"on_drain_share":0.0,"downstream":"L01602"}},{"type":"Feature","geometry":{"type":"LineString","coordinates":[[72.87081586950238,19.06134331338011],[72.87072319519274,19.061161589738823]]},"properties":{"id":"L01610","strahler":1,"length_m":24.1,"drop_m":-0.06,"gradient":0.0,"area_ha":20.07,"on_drain_share":0.0,"downstream":null}},{"type":"Feature","geometry":{"type":"LineString","coordinates":[[72.92809163775597,19.06190534975998],[72.92818550024539,19.06199673370755],[72.92847269868678,19.06181930095737],[72.92866603388805,19.06155048402944],[72.92904597209042,19.061554750841438],[72.92933429050308,19.061286999655398],[72.92934101972095,19.060745098065432],[72.92943600384415,19.060746164450915],[72.92991653052192,19.060299910798452]]},"properties":{"id":"L01640","strahler":1,"length_m":313.8,"drop_m":5.72,"gradient":0.01822,"area_ha":6.71,"on_drain_share":0.0,"downstream":"L01651"}},{"type":"Feature","geometry":{"type":"LineString","coordinates":[[72.8880086598025,19.061450678169027],[72.88772714606495,19.061176471210626],[72.88763674068636,19.060814125257664],[72.88669722605857,19.05999041377196],[72.88669951515601,19.059809784823585],[72.88632417018071,19.059444173374725],[72.8863264596114,19.05926354445931],[72.88595340640212,19.058717303545723]]},"properties":{"id":"L01663","strahler":1,"length_m":397.0,"drop_m":1.61,"gradient":0.00406,"area_ha":13.02,"on_drain_share":0.0,"downstream":"L01664"}},{"type":"Feature","geometry":{"type":"LineString","coordinates":[[72.85638233360574,19.06090513250214],[72.85676689583737,19.060548297203926]]},"properties":{"id":"L01616","strahler":1,"length_m":56.6,"drop_m":0.23,"gradient":0.00408,"area_ha":18.09,"on_drain_share":0.0,"downstream":"L01629"}},{"type":"Feature","geometry":{"type":"LineString","coordinates":[[72.82599033229307,19.06045904913799],[72.82552133295565,19.0600018963411],[72.82514142387329,19.05999741670464],[72.8250476245458,19.05990598585766]]},"properties":{"id":"L01620","strahler":1,"length_m":124.9,"drop_m":0.91,"gradient":0.00726,"area_ha":5.8,"on_drain_share":0.0,"downstream":"L01595"}},{"type":"Feature","geometry":{"type":"LineString","coordinates":[[72.93617318572416,19.061363656918314],[72.93617206786351,19.06145397423714],[72.93645478726368,19.061637797478596],[72.93664475738885,19.06163992297216],[72.93673862488946,19.061731302994133],[72.93711968281217,19.061645235851305],[72.93721355060111,19.06173661565613]]},"properties":{"id":"L01612","strahler":1,"length_m":140.7,"drop_m":2.61,"gradient":0.01854,"area_ha":5.93,"on_drain_share":0.0,"downstream":null}},{"type":"Feature","geometry":{"type":"LineString","coordinates":[[72.92363186227998,19.061493874995524],[72.92315694135002,19.061488527438662],[72.92221835391024,19.06057466343588],[72.92212337032038,19.060573593344085],[72.92193790517561,19.060210186962475],[72.92194015614544,19.06002955393104]]},"properties":{"id":"L01646","strahler":1,"length_m":269.7,"drop_m":2.53,"gradient":0.00939,"area_ha":12.67,"on_drain_share":0.0,"downstream":"L01655"}},{"type":"Feature","geometry":{"type":"LineString","coordinates":[[72.82998174682545,19.060325406883187],[72.82998527263565,19.06005447355252],[72.83017757814254,19.059876086240234],[72.83017875328338,19.05978577511482],[72.82998997362303,19.059693229098283],[72.82875526810528,19.059678697551835],[72.82827450079495,19.060124661351313],[72.82798956824116,19.0601213059279],[72.82751938713761,19.059754468720957],[72.82732825593105,19.05984254203977],[72.82675956919492,19.059745517006238],[72.8263843690943,19.059379796377367],[72.82619441513893,19.059377557615466],[72.82552251062542,19.05991158549679],[72.8250476245458,19.05990598585766]]},"properties":{"id":"L01623","strahler":2,"length_m":699.4,"drop_m":3.84,"gradient":0.00549,"area_ha":35.86,"on_drain_share":0.0,"downstream":"L01595"}},{"type":"Feature","geometry":{"type":"LineString","coordinates":[[72.85676573503957,19.06063860990854],[72.85676689583737,19.060548297203926]]},"properties":{"id":"L01617","strahler":1,"length_m":10.0,"drop_m":0.0,"gradient":0.0,"area_ha":298.15,"on_drain_share":0.0,"downstream":"L01629"}},{"type":"Feature","geometry":{"type":"LineString","coordinates":[[72.90369213284907,19.060726333610788],[72.903972539497,19.061090834110697],[72.90435133559201,19.061185467162257]]},"properties":{"id":"L01618","strahler":2,"length_m":96.6,"drop_m":1.77,"gradient":0.01835,"area_ha":12.54,"on_drain_share":0.0,"downstream":"L01636"}},{"type":"Feature","geometry":{"type":"LineString","coordinates":[[72.90435133559201,19.061185467162257],[72.90492123284204,19.061191942072266],[72.90520845076568,19.061014547787817],[72.9054933992267,19.06101778411099],[72.90654841541058,19.060216806269057]]},"properties":{"id":"L01636","strahler":3,"length_m":275.6,"drop_m":-0.23,"gradient":0.0,"area_ha":33.3,"on_drain_share":0.0,"downstream":"L01571"}},{"type":"Feature","geometry":{"type":"LineString","coordinates":[[72.85676689583737,19.060548297203926],[72.85677037819144,19.060277359084363],[72.85696381899952,19.060008628308093]]},"properties":{"id":"L01629","strahler":2,"length_m":68.3,"drop_m":-0.46,"gradient":0.0,"area_ha":316.32,"on_drain_share":0.0,"downstream":"L01634"}},{"type":"Feature","geometry":{"type":"LineString","coordinates":[[72.897070703847,19.05848307912247],[72.89687846421187,19.058661543389746],[72.89687504730901,19.058932488626027],[72.89658668656615,19.05920018451265],[72.89658212991233,19.059561444736815],[72.8967686755883,19.059834556248465],[72.8967641191652,19.060195816490207],[72.89609013049096,19.060910753372813],[72.89580518393628,19.060907502545124],[72.89571134149597,19.060816103847515],[72.89552023743948,19.060904251277915],[72.89514030886717,19.060899915571266],[72.89457725819297,19.06035152098526]]},"properties":{"id":"L01631","strahler":2,"length_m":521.1,"drop_m":5.21,"gradient":0.01,"area_ha":38.0,"on_drain_share":0.0,"downstream":"L01637"}},{"type":"Feature","geometry":{"type":"LineString","coordinates":[[72.84917903604254,19.059647029940038],[72.84831490652105,19.060359557103695]]},"properties":{"id":"L01621","strahler":1,"length_m":123.1,"drop_m":1.13,"gradient":0.00921,"area_ha":5.4,"on_drain_share":0.0,"downstream":"L01591"}},{"type":"Feature","geometry":{"type":"LineString","coordinates":[[72.85657925851578,19.060365464199695],[72.85696381899952,19.060008628308093]]},"properties":{"id":"L01628","strahler":1,"length_m":56.6,"drop_m":0.23,"gradient":0.00412,"area_ha":5.39,"on_drain_share":0.0,"downstream":"L01634"}},{"type":"Feature","geometry":{"type":"LineString","coordinates":[[72.90170204649603,19.06034238960981],[72.9020808391511,19.060437027049197],[72.90236237771906,19.06071121424915],[72.9025523426607,19.06071337474399],[72.90274003578392,19.060896165843396],[72.90321494882787,19.060901565792513],[72.90350216775357,19.060724174288016],[72.90369213284907,19.060726333610788]]},"properties":{"id":"L01627","strahler":1,"length_m":243.1,"drop_m":3.38,"gradient":0.01389,"area_ha":7.54,"on_drain_share":0.0,"downstream":"L01618"}},{"type":"Feature","geometry":{"type":"LineString","coordinates":[[72.86732237272716,19.059677066911906],[72.8673200626675,19.059857693586167],[72.8677891878765,19.060314751224055],[72.86807297357663,19.0604083585951]]},"properties":{"id":"L01624","strahler":1,"length_m":124.9,"drop_m":-6.49,"gradient":0.0,"area_ha":11.49,"on_drain_share":0.0,"downstream":"L01650"}},{"type":"Feature","geometry":{"type":"LineString","coordinates":[[72.86807297357663,19.0604083585951],[72.86816910837165,19.06031914312019],[72.86835906865832,19.060321338775275],[72.86855133776096,19.060142907424865],[72.86865093512057,19.059782751416208],[72.86913160469867,19.059336671570403]]},"properties":{"id":"L01650","strahler":2,"length_m":177.3,"drop_m":3.13,"gradient":0.01766,"area_ha":58.78,"on_drain_share":0.0,"downstream":null}},{"type":"Feature","geometry":{"type":"LineString","coordinates":[[72.87956677163426,19.06045053669704],[72.87958055250907,19.059366768015977],[72.87996621449247,19.05891956498912],[72.87996965885196,19.058648622716497],[72.8802591904012,19.05829064118319],[72.87913321619676,19.057193770551805]]},"properties":{"id":"L01693","strahler":4,"length_m":438.7,"drop_m":0.82,"gradient":0.00186,"area_ha":718.49,"on_drain_share":0.0,"downstream":"L01730"}},{"type":"Feature","geometry":{"type":"LineString","coordinates":[[72.90379392739548,19.060185520413405],[72.90350443875033,19.0605435433963],[72.90369213284907,19.060726333610788]]},"properties":{"id":"L01630","strahler":1,"length_m":80.7,"drop_m":0.7,"gradient":0.00862,"area_ha":4.72,"on_drain_share":0.0,"downstream":"L01618"}},{"type":"Feature","geometry":{"type":"LineString","coordinates":[[72.85696381899952,19.060008628308093],[72.85715609862524,19.05983020999615]]},"properties":{"id":"L01634","strahler":2,"length_m":28.3,"drop_m":1.02,"gradient":0.03609,"area_ha":321.83,"on_drain_share":0.0,"downstream":null}},{"type":"Feature","geometry":{"type":"LineString","coordinates":[[72.88422313618236,19.060323358234918],[72.88595340640212,19.058717303545723]]},"properties":{"id":"L01662","strahler":1,"length_m":254.6,"drop_m":-0.71,"gradient":0.0,"area_ha":11.95,"on_drain_share":0.0,"downstream":"L01664"}},{"type":"Feature","geometry":{"type":"LineString","coordinates":[[72.93912330138419,19.0609449967059],[72.93960380537933,19.060498715413505],[72.93988987498605,19.06041158099413]]},"properties":{"id":"L01643","strahler":1,"length_m":104.9,"drop_m":-0.27,"gradient":0.0,"area_ha":66.89,"on_drain_share":0.0,"downstream":null}},{"type":"Feature","geometry":{"type":"LineString","coordinates":[[72.89457725819297,19.06035152098526],[72.89401421121599,19.059803125004727],[72.89401649236714,19.059622495198386],[72.89382767038052,19.05953001114114],[72.89316280164942,19.05952241756865],[72.89239610332787,19.060055625119794],[72.89220614037815,19.060053454240514],[72.89211230053806,19.059962053938314]]},"properties":{"id":"L01637","strahler":2,"length_m":338.0,"drop_m":2.22,"gradient":0.00656,"area_ha":45.27,"on_drain_share":0.0,"downstream":"L01649"}},{"type":"Feature","geometry":{"type":"LineString","coordinates":[[72.89505672736256,19.059995681959148],[72.89467223997967,19.06035260524505],[72.89457725819297,19.06035152098526]]},"properties":{"id":"L01633","strahler":1,"length_m":66.6,"drop_m":1.25,"gradient":0.01873,"area_ha":4.45,"on_drain_share":0.0,"downstream":"L01637"}},{"type":"Feature","geometry":{"type":"LineString","coordinates":[[72.90513502517132,19.059297473569618],[72.90513275609987,19.059478104674806],[72.90522546904006,19.059659814565833],[72.90532045108372,19.059660893306635],[72.90522093097447,19.060021076779222],[72.90569017084148,19.060478047987566],[72.90607010103123,19.06048236187886],[72.906358450547,19.060214649942388],[72.90654841541058,19.060216806269057]]},"properties":{"id":"L01638","strahler":2,"length_m":271.4,"drop_m":2.16,"gradient":0.00797,"area_ha":13.39,"on_drain_share":0.0,"downstream":"L01571"}},{"type":"Feature","geometry":{"type":"LineString","coordinates":[[72.84043986582522,19.059635234552886],[72.83950178652893,19.058720994092777],[72.8395041265563,19.058540370701124],[72.83941031928087,19.05844894645311]]},"properties":{"id":"L01654","strahler":3,"length_m":175.6,"drop_m":-0.45,"gradient":0.0,"area_ha":220.13,"on_drain_share":0.0,"downstream":"L01682"}},{"type":"Feature","geometry":{"type":"LineString","coordinates":[[72.87805167480948,19.060071802326107],[72.87901296815946,19.059179587378246],[72.87901641411759,19.05890864528105],[72.87873492049341,19.0586344263608],[72.87874066430015,19.05818285624903],[72.87836763963877,19.057636602558844],[72.87837568186093,19.05700440447841],[72.87818802203559,19.05682159149175],[72.87790998030971,19.056276429742493],[72.8776284926694,19.056002209666524],[72.8775358129084,19.05582048892067],[72.87754040983197,19.055459233004832]]},"properties":{"id":"L01729","strahler":1,"length_m":617.7,"drop_m":-1.0,"gradient":0.0,"area_ha":20.27,"on_drain_share":0.0,"downstream":"L01813"}},{"type":"Feature","geometry":{"type":"LineString","coordinates":[[72.84131688015151,19.05792931734269],[72.84140367455407,19.058562611576892],[72.84149748309096,19.058654034923297],[72.84043986582522,19.059635234552886]]},"properties":{"id":"L01635","strahler":1,"length_m":243.8,"drop_m":-0.11,"gradient":0.0,"area_ha":6.17,"on_drain_share":0.0,"downstream":"L01654"}},{"type":"Feature","geometry":{"type":"LineString","coordinates":[[72.92222060462278,19.060394030379314],[72.92194015614544,19.06002955393104]]},"properties":{"id":"L01647","strahler":1,"length_m":52.4,"drop_m":-0.05,"gradient":0.0,"area_ha":4.1,"on_drain_share":0.0,"downstream":"L01655"}},{"type":"Feature","geometry":{"type":"LineString","coordinates":[[72.89211230053806,19.059962053938314],[72.89182963987413,19.059778167574944],[72.89078598841424,19.059675907566483]]},"properties":{"id":"L01649","strahler":3,"length_m":152.4,"drop_m":1.01,"gradient":0.0066,"area_ha":71.53,"on_drain_share":0.0,"downstream":"L01672"}},{"type":"Feature","geometry":{"type":"LineString","coordinates":[[72.87245243928514,19.05964598901951],[72.87151416667086,19.058731894337914],[72.87152338800315,19.058009385551905],[72.87143071434726,19.057827662310547]]},"properties":{"id":"L01679","strahler":2,"length_m":245.6,"drop_m":1.05,"gradient":0.00426,"area_ha":32.04,"on_drain_share":0.0,"downstream":"L01702"}},{"type":"Feature","geometry":{"type":"LineString","coordinates":[[72.87398248296319,19.05885068930945],[72.87379022070749,19.05902912705908],[72.87378791773477,19.059209754508245],[72.8736917863372,19.059298973278615],[72.87302692720901,19.05929130724182],[72.87264239933627,19.059648180190468],[72.87245243928514,19.05964598901951]]},"properties":{"id":"L01641","strahler":1,"length_m":209.0,"drop_m":2.11,"gradient":0.01011,"area_ha":9.0,"on_drain_share":0.0,"downstream":"L01679"}},{"type":"Feature","geometry":{"type":"LineString","coordinates":[[72.89280684121606,19.057621465603052],[72.89232623385405,19.058067613877302],[72.89230454639765,19.059783595300622],[72.89211230053806,19.059962053938314]]},"properties":{"id":"L01642","strahler":2,"length_m":289.0,"drop_m":-0.08,"gradient":0.0,"area_ha":25.25,"on_drain_share":0.0,"downstream":"L01649"}},{"type":"Feature","geometry":{"type":"LineString","coordinates":[[72.92991653052192,19.060299910798452],[72.93124742621484,19.060224514219946],[72.93163184295601,19.059867507141927]]},"properties":{"id":"L01651","strahler":2,"length_m":200.7,"drop_m":-1.77,"gradient":0.0,"area_ha":22.99,"on_drain_share":0.0,"downstream":"L01680"}},{"type":"Feature","geometry":{"type":"LineString","coordinates":[[72.86533126834708,19.05938305266871],[72.8661964837755,19.058580124756364],[72.86695747132633,19.058498600230102],[72.86724009843844,19.05868252189596],[72.8672366334003,19.058953461920506],[72.86733045773062,19.059044873522065],[72.86722970314797,19.059495341943936]]},"properties":{"id":"L01644","strahler":1,"length_m":348.0,"drop_m":-1.06,"gradient":0.0,"area_ha":8.73,"on_drain_share":0.0,"downstream":null}},{"type":"Feature","geometry":{"type":"LineString","coordinates":[[72.92716649066506,19.059907706395883],[72.92754979204402,19.05964102541868],[72.92868959310154,19.059653829173755],[72.92925276490216,19.06020213003966],[72.92982266784956,19.060208527717457],[72.92991653052192,19.060299910798452]]},"properties":{"id":"L01648","strahler":1,"length_m":331.4,"drop_m":2.94,"gradient":0.00886,"area_ha":7.9,"on_drain_share":0.0,"downstream":"L01651"}},{"type":"Feature","geometry":{"type":"LineString","coordinates":[[72.89078598841424,19.059675907566483],[72.89041063385612,19.05931030360066],[72.89012683373151,19.0592167295841],[72.8891884567074,19.05830271570686]]},"properties":{"id":"L01672","strahler":3,"length_m":232.1,"drop_m":0.02,"gradient":9e-05,"area_ha":96.82,"on_drain_share":0.0,"downstream":"L01698"}},{"type":"Feature","geometry":{"type":"LineString","coordinates":[[72.92194015614544,19.06002955393104],[72.92194353255253,19.05975860437678],[72.92147199419314,19.05948230346121]]},"properties":{"id":"L01655","strahler":2,"length_m":92.4,"drop_m":0.23,"gradient":0.00247,"area_ha":17.22,"on_drain_share":0.0,"downstream":"L01716"}},{"type":"Feature","geometry":{"type":"LineString","coordinates":[[72.83379963290479,19.05892508766935],[72.83399427932335,19.058566073092038],[72.8339039944423,19.058203712246534],[72.83334352020424,19.057474528318476],[72.83306211146174,19.057200247201767],[72.83287215914423,19.057198015559436],[72.83287567963805,19.05692708161676],[72.83278187717924,19.05683565442898],[72.83280065285464,19.05539067333236],[72.83270685121376,19.055299246181896],[72.83328374056043,19.05476407224233],[72.83319463156339,19.054311399906954],[72.83338692670102,19.054133008147335],[72.83338927273985,19.05395238539824],[72.83310669607742,19.053768416195908],[72.83311608109351,19.053045925282593]]},"properties":{"id":"L01758","strahler":1,"length_m":783.6,"drop_m":8.65,"gradient":0.01104,"area_ha":17.73,"on_drain_share":0.0,"downstream":"L01820"}},{"type":"Feature","geometry":{"type":"LineString","coordinates":[[72.93163184295601,19.059867507141927],[72.93192015443346,19.059599751196732],[72.93192239451781,19.05941911700807],[72.93164080452587,19.0591449705175],[72.93164416501024,19.058874019267726],[72.93193247458441,19.05860626311225],[72.93212244071387,19.058608392936623]]},"properties":{"id":"L01680","strahler":3,"length_m":197.3,"drop_m":4.03,"gradient":0.02043,"area_ha":73.27,"on_drain_share":0.0,"downstream":"L01661"}},{"type":"Feature","geometry":{"type":"LineString","coordinates":[[72.92147199419314,19.05948230346121],[72.92137588551861,19.05957154953331],[72.92061602195419,19.059562984395114],[72.9198629181413,19.059012517705966],[72.91938800541503,19.059007161117773],[72.91910643867442,19.058732997484302],[72.91910869252185,19.058552364749865],[72.9193009106582,19.058373875010002],[72.91930654458831,19.057922293093274],[72.91902610654219,19.057557813119445],[72.91941054004496,19.05720083333223],[72.91970337002206,19.056571832175116]]},"properties":{"id":"L01716","strahler":3,"length_m":581.1,"drop_m":1.86,"gradient":0.0032,"area_ha":40.17,"on_drain_share":0.0,"downstream":"L01728"}},{"type":"Feature","geometry":{"type":"LineString","coordinates":[[72.86154020325192,19.05870685117661],[72.86087535176276,19.05869914158634],[72.86077921450082,19.0587883529815],[72.86058925690175,19.058786149693116],[72.86012015726956,19.05832907600214],[72.85964526483338,19.058323565846433],[72.85908119103696,19.057865387717843]]},"properties":{"id":"L01676","strahler":1,"length_m":305.6,"drop_m":3.12,"gradient":0.01021,"area_ha":9.39,"on_drain_share":0.0,"downstream":null}},{"type":"Feature","geometry":{"type":"LineString","coordinates":[[72.83941031928087,19.05844894645311],[72.83941616945737,19.057997387980887],[72.83951231644406,19.05790818880034],[72.83961431276006,19.05736743099646]]},"properties":{"id":"L01682","strahler":3,"length_m":128.3,"drop_m":-0.04,"gradient":0.0,"area_ha":292.68,"on_drain_share":0.0,"downstream":"L01748"}},{"type":"Feature","geometry":{"type":"LineString","coordinates":[[72.90504117792334,19.059206079204614],[72.90513502517132,19.059297473569618]]},"properties":{"id":"L01656","strahler":1,"length_m":14.1,"drop_m":0.0,"gradient":0.0,"area_ha":4.05,"on_drain_share":0.0,"downstream":"L01638"}},{"type":"Feature","geometry":{"type":"LineString","coordinates":[[72.90467600248517,19.058027661541097],[72.9050502543125,19.058483554782324],[72.90504798525363,19.058664185893583],[72.90523341040829,19.059027605655903],[72.90523114147796,19.059208236777767],[72.90513502517132,19.059297473569618]]},"properties":{"id":"L01657","strahler":1,"length_m":169.0,"drop_m":0.4,"gradient":0.00234,"area_ha":6.7,"on_drain_share":0.0,"downstream":"L01638"}},{"type":"Feature","geometry":{"type":"LineString","coordinates":[[72.9133328668798,19.0570418521267],[72.91351943941635,19.057314949107415],[72.91389936430812,19.05731924619219],[72.91399321593663,19.057410636426177],[72.91398982706724,19.057681584675098],[72.91511605623803,19.058778264616755],[72.9154937270614,19.058963191044725],[72.91586914135456,19.05932874912476],[72.9167239841053,19.05933840656279],[72.91691620552966,19.05915991965302],[72.91739337370169,19.058984650115825],[72.91816225256854,19.058270697774017],[72.91883276215738,19.057826619008722]]},"properties":{"id":"L01692","strahler":1,"length_m":777.4,"drop_m":3.53,"gradient":0.00454,"area_ha":19.45,"on_drain_share":0.0,"downstream":null}},{"type":"Feature","geometry":{"type":"LineString","coordinates":[[72.92233246688008,19.059040352284587],[72.92214250143995,19.059038212335164],[72.92185417691877,19.05930595160542],[72.92166421123407,19.05930381113495],[72.92147199419314,19.05948230346121]]},"properties":{"id":"L01658","strahler":2,"length_m":110.7,"drop_m":0.29,"gradient":0.00264,"area_ha":12.15,"on_drain_share":0.0,"downstream":"L01716"}},{"type":"Feature","geometry":{"type":"LineString","coordinates":[[72.90876245971279,19.057893380094647],[72.90857023205528,19.058071857830576],[72.90885177876417,19.058346035821245],[72.90884951383858,19.058526667375553],[72.90922491124773,19.05889223752277],[72.90998476622869,19.05890084927879],[72.91026631674957,19.05917502544132],[72.91045628090512,19.0591771776319],[72.91055013139963,19.05926856952175]]},"properties":{"id":"L01659","strahler":3,"length_m":303.8,"drop_m":1.86,"gradient":0.00611,"area_ha":179.17,"on_drain_share":0.0,"downstream":"L01588"}},{"type":"Feature","geometry":{"type":"LineString","coordinates":[[72.91055578930008,19.05881699017326],[72.91055013139963,19.05926856952175]]},"properties":{"id":"L01660","strahler":1,"length_m":50.0,"drop_m":1.0,"gradient":0.02006,"area_ha":4.61,"on_drain_share":0.0,"downstream":"L01588"}},{"type":"Feature","geometry":{"type":"LineString","coordinates":[[72.93212244071387,19.058608392936623],[72.93278172470303,19.0590674315349],[72.93278060515148,19.0591577486823],[72.9329705720109,19.059159877692736],[72.93306443604627,19.059251259287436],[72.93306219721964,19.059431893610054],[72.93344213165584,19.05943615091462]]},"properties":{"id":"L01661","strahler":4,"length_m":194.9,"drop_m":1.05,"gradient":0.00538,"area_ha":430.46,"on_drain_share":0.0,"downstream":null}},{"type":"Feature","geometry":{"type":"LineString","coordinates":[[72.84682089895415,19.05835495452881],[72.84683255896837,19.057451833128404],[72.84673874781402,19.05736041226517],[72.84674224582419,19.057089475840574],[72.84646081337988,19.056815213062293],[72.84646431173354,19.05654427667141],[72.84627669088582,19.05636143465504],[72.84618637931308,19.05599907723199]]},"properties":{"id":"L01705","strahler":1,"length_m":289.0,"drop_m":0.81,"gradient":0.0028,"area_ha":8.31,"on_drain_share":0.0,"downstream":"L01719"}},{"type":"Feature","geometry":{"type":"LineString","coordinates":[[72.85641483976802,19.058376377122954],[72.85670325673259,19.058108750188627]]},"properties":{"id":"L01669","strahler":1,"length_m":42.4,"drop_m":2.22,"gradient":0.05234,"area_ha":4.04,"on_drain_share":0.0,"downstream":null}},{"type":"Feature","geometry":{"type":"LineString","coordinates":[[72.88595340640212,19.058717303545723],[72.88604953154989,19.058628077706913]]},"properties":{"id":"L01664","strahler":2,"length_m":14.1,"drop_m":0.0,"gradient":0.0,"area_ha":25.15,"on_drain_share":0.0,"downstream":"L01697"}},{"type":"Feature","geometry":{"type":"LineString","coordinates":[[72.88501391172746,19.057893585247562],[72.88585957100533,19.058625900450412],[72.88604953154989,19.058628077706913]]},"properties":{"id":"L01666","strahler":1,"length_m":143.1,"drop_m":-1.02,"gradient":0.0,"area_ha":10.23,"on_drain_share":0.0,"downstream":"L01697"}},{"type":"Feature","geometry":{"type":"LineString","coordinates":[[72.88604953154989,19.058628077706913],[72.88624292623618,19.058359311384553],[72.88633790637705,19.05836039982527],[72.88634019565264,19.05817977088707],[72.88662742474764,19.05800240690772],[72.8866331469888,19.05755083445295],[72.88711376637278,19.05710470232517],[72.88711605464601,19.056924073271688]]},"properties":{"id":"L01697","strahler":2,"length_m":247.3,"drop_m":0.61,"gradient":0.00247,"area_ha":39.04,"on_drain_share":0.0,"downstream":"L01721"}},{"type":"Feature","geometry":{"type":"LineString","coordinates":[[72.92347338463817,19.0589628712643],[72.92337727725481,19.05905211851476],[72.92299734612055,19.05904784056928],[72.92290348824486,19.058956454378773],[72.92233246688008,19.059040352284587]]},"properties":{"id":"L01667","strahler":1,"length_m":132.4,"drop_m":0.22,"gradient":0.00166,"area_ha":5.66,"on_drain_share":0.0,"downstream":"L01658"}},{"type":"Feature","geometry":{"type":"LineString","coordinates":[[72.86857442422604,19.05833663911407],[72.86754235791037,19.057331115965397],[72.86725857765083,19.057237508287255],[72.86650683825664,19.056596528112284],[72.86594043757262,19.05631899621469]]},"properties":{"id":"L01706","strahler":1,"length_m":371.1,"drop_m":-0.04,"gradient":0.0,"area_ha":3877.68,"on_drain_share":0.0,"downstream":null}},{"type":"Feature","geometry":{"type":"LineString","coordinates":[[72.89129172772267,19.057242839547357],[72.89119560596843,19.057332068480093],[72.8911898961459,19.057783642278203],[72.89061544637235,19.058138384963915],[72.8901348321136,19.058584526792465],[72.88965992966905,19.05857909381088],[72.88937841729329,19.05830488950104],[72.8891884567074,19.05830271570686]]},"properties":{"id":"L01673","strahler":1,"length_m":323.8,"drop_m":1.72,"gradient":0.00531,"area_ha":10.34,"on_drain_share":0.0,"downstream":"L01698"}},{"type":"Feature","geometry":{"type":"LineString","coordinates":[[72.92310582594716,19.05796511095091],[72.92309907753517,19.05850701055696],[72.92300184544507,19.05868657421357],[72.92271577280158,19.05877368188109],[72.92233246688008,19.059040352284587]]},"properties":{"id":"L01668","strahler":1,"length_m":170.7,"drop_m":1.5,"gradient":0.00879,"area_ha":5.08,"on_drain_share":0.0,"downstream":"L01658"}},{"type":"Feature","geometry":{"type":"LineString","coordinates":[[72.89863477655878,19.054978106457057],[72.9000594618771,19.054994329500836],[72.90024600930674,19.05526743767516],[72.9006236528669,19.055452392301028],[72.90118671055569,19.0560007690075],[72.90108718477138,19.056360949735257],[72.89965111350199,19.05724788610745],[72.89859381266275,19.058229453702594],[72.89802392785093,19.058222960218554],[72.89763945065984,19.058579890761255],[72.89735678517846,19.058396012488593],[72.89716682351055,19.058393846897616],[72.897070703847,19.05848307912247]]},"properties":{"id":"L01675","strahler":1,"length_m":901.5,"drop_m":0.72,"gradient":0.0008,"area_ha":26.45,"on_drain_share":0.0,"downstream":"L01631"}},{"type":"Feature","geometry":{"type":"LineString","coordinates":[[72.93458864704517,19.058907014640464],[72.93477861383656,19.058909141762634],[72.9348724788325,19.059000522519018],[72.93591729727079,19.05901221772165]]},"properties":{"id":"L01670","strahler":1,"length_m":144.1,"drop_m":-0.0,"gradient":0.0,"area_ha":346.78,"on_drain_share":0.0,"downstream":null}},{"type":"Feature","geometry":{"type":"LineString","coordinates":[[72.93764152128514,19.057857215973883],[72.9373532213741,19.058124982066524],[72.93706827207177,19.058121795411772],[72.93669057449159,19.05793691109237],[72.93649837363745,19.058115420783782],[72.93648831609522,19.058928277071868],[72.9373431679912,19.058937838793],[72.93743703454402,19.059029218377017],[72.93924172465265,19.059049390417382]]},"properties":{"id":"L01671","strahler":1,"length_m":533.1,"drop_m":4.55,"gradient":0.00853,"area_ha":10.98,"on_drain_share":0.0,"downstream":null}},{"type":"Feature","geometry":{"type":"LineString","coordinates":[[72.8891884567074,19.05830271570686],[72.88843433208262,19.057842445610007],[72.88814939217725,19.05783918346374],[72.8875863760529,19.057290770560364],[72.88739641684184,19.057288595032627],[72.88711605464601,19.056924073271688]]},"properties":{"id":"L01698","strahler":3,"length_m":288.0,"drop_m":-0.62,"gradient":0.0,"area_ha":114.03,"on_drain_share":0.0,"downstream":"L01721"}},{"type":"Feature","geometry":{"type":"LineString","coordinates":[[72.89660263404427,19.057935773608552],[72.89707184268622,19.058392764028888],[72.897070703847,19.05848307912247]]},"properties":{"id":"L01674","strahler":1,"length_m":80.7,"drop_m":-0.73,"gradient":0.0,"area_ha":4.43,"on_drain_share":0.0,"downstream":"L01631"}},{"type":"Feature","geometry":{"type":"LineString","coordinates":[[72.83876420424428,19.05699617067071],[72.83904796334423,19.05708982061384],[72.83904445284031,19.05736075566058],[72.83932587266908,19.05763502863739],[72.83961431276006,19.05736743099646]]},"properties":{"id":"L01681","strahler":2,"length_m":149.0,"drop_m":1.24,"gradient":0.00832,"area_ha":14.07,"on_drain_share":0.0,"downstream":"L01748"}},{"type":"Feature","geometry":{"type":"LineString","coordinates":[[72.93280635323843,19.057080454052482],[72.93289797738149,19.057352469975505],[72.93364888487382,19.058083521274025],[72.93364552779514,19.058354472891033],[72.9337393918289,19.05844585414156],[72.93392935799311,19.058447982088552],[72.93430593432115,19.058723189116026]]},"properties":{"id":"L01677","strahler":3,"length_m":263.8,"drop_m":0.4,"gradient":0.00151,"area_ha":341.65,"on_drain_share":0.0,"downstream":null}},{"type":"Feature","geometry":{"type":"LineString","coordinates":[[72.93927297158831,19.0565204995699],[72.93908077501125,19.056699012393704],[72.93907631100456,19.05706028250937],[72.93963951241253,19.057608554176856],[72.93962835465759,19.058511729667373],[72.93990995809943,19.058785865108824]]},"properties":{"id":"L01678","strahler":1,"length_m":295.6,"drop_m":2.56,"gradient":0.00867,"area_ha":9.32,"on_drain_share":0.0,"downstream":null}},{"type":"Feature","geometry":{"type":"LineString","coordinates":[[72.83144399474425,19.05745220569583],[72.83125639113162,19.057269349931122],[72.83106643896326,19.057267116422324],[72.83078386003484,19.057083143417653],[72.83050833026381,19.056357302980196],[72.8306138776444,19.05554561929265],[72.83052007724704,19.05545419114083],[72.83052242656412,19.055273568761525],[72.83014840118615,19.054817544636208],[72.8305353473338,19.054280145607237],[72.83054004559655,19.053918900795292]]},"properties":{"id":"L01742","strahler":1,"length_m":490.4,"drop_m":3.98,"gradient":0.00811,"area_ha":10.91,"on_drain_share":0.0,"downstream":"L01757"}},{"type":"Feature","geometry":{"type":"LineString","coordinates":[[72.87143071434726,19.057827662310547],[72.87030596005158,19.056640430090248],[72.8700221789164,19.056546826624054],[72.86983452962865,19.056364006063273]]},"properties":{"id":"L01702","strahler":2,"length_m":242.1,"drop_m":-0.33,"gradient":0.0,"area_ha":40.37,"on_drain_share":0.0,"downstream":"L01699"}},{"type":"Feature","geometry":{"type":"LineString","coordinates":[[72.8721928504439,19.057655801938296],[72.87190791386311,19.057652514744582],[72.87181408747306,19.057561105292617],[72.87143071434726,19.057827662310547]]},"properties":{"id":"L01683","strahler":1,"length_m":96.6,"drop_m":1.06,"gradient":0.01102,"area_ha":5.52,"on_drain_share":0.0,"downstream":"L01702"}},{"type":"Feature","geometry":{"type":"LineString","coordinates":[[72.93052566059707,19.05714521072375],[72.93071450434525,19.05723765888734],[72.93184085159163,19.05833424682744],[72.93193583449282,19.0583353117966],[72.93212244071387,19.058608392936623]]},"properties":{"id":"L01684","strahler":4,"length_m":242.1,"drop_m":0.05,"gradient":0.00019,"area_ha":354.62,"on_drain_share":0.0,"downstream":"L01661"}},{"type":"Feature","geometry":{"type":"LineString","coordinates":[[72.83961431276006,19.05736743099646],[72.83971045925172,19.057278231660607],[72.83981128460394,19.05682778534378],[72.84029318328487,19.056291475544636],[72.84020522396192,19.05574849294181],[72.84030136914241,19.05565929315992],[72.84049132064371,19.05566151698259],[72.84058863485332,19.05548200523965],[72.8406836105178,19.05548311701762],[72.84106818903416,19.055126316354546],[72.8410763714167,19.054494133566013],[72.84126865924803,19.05431573277532],[72.8413683091248,19.053955596733726],[72.8418466887005,19.05369021705348]]},"properties":{"id":"L01748","strahler":3,"length_m":542.8,"drop_m":2.81,"gradient":0.00518,"area_ha":313.71,"on_drain_share":0.0,"downstream":"L01756"}},{"type":"Feature","geometry":{"type":"LineString","coordinates":[[72.8588171268389,19.05623644876047],[72.85947385415871,19.056876355141604],[72.85947269506691,19.056966668042538],[72.85899200986948,19.057412720949145]]},"properties":{"id":"L01685","strahler":1,"length_m":179.7,"drop_m":0.45,"gradient":0.0025,"area_ha":4007.9,"on_drain_share":0.0,"downstream":null}},{"type":"Feature","geometry":{"type":"LineString","coordinates":[[72.91030252927746,19.056284917697468],[72.91001306119674,19.056642953026923],[72.91001079774625,19.05682358474887],[72.9098185726431,19.057002064051304],[72.90981630893613,19.057182695743734],[72.90923963046946,19.057718132116037],[72.90876245971279,19.057893380094647]]},"properties":{"id":"L01686","strahler":2,"length_m":263.8,"drop_m":0.11,"gradient":0.00043,"area_ha":103.77,"on_drain_share":0.0,"downstream":"L01659"}},{"type":"Feature","geometry":{"type":"LineString","coordinates":[[72.83828932228526,19.05699060592938],[72.83876420424428,19.05699617067071]]},"properties":{"id":"L01687","strahler":1,"length_m":50.0,"drop_m":-1.67,"gradient":0.0,"area_ha":6.25,"on_drain_share":0.0,"downstream":"L01681"}},{"type":"Feature","geometry":{"type":"LineString","coordinates":[[72.84873676348313,19.057112748309788],[72.84845649243681,19.056748176003502],[72.84845882251005,19.056567551504816],[72.84761452098377,19.055744769378432],[72.84647480643905,19.05573146744738],[72.84628718639676,19.05554862551557]]},"properties":{"id":"L01720","strahler":1,"length_m":348.0,"drop_m":-0.43,"gradient":0.0,"area_ha":13.08,"on_drain_share":0.0,"downstream":"L01771"}},{"type":"Feature","geometry":{"type":"LineString","coordinates":[[72.89299680147046,19.057623635597846],[72.89280684121606,19.057621465603052]]},"properties":{"id":"L01688","strahler":1,"length_m":20.0,"drop_m":-0.03,"gradient":0.0,"area_ha":4.01,"on_drain_share":0.0,"downstream":"L01642"}},{"type":"Feature","geometry":{"type":"LineString","coordinates":[[72.90688663813107,19.055975204127577],[72.90716817862088,19.056249384145254],[72.90716591214115,19.056430015545605],[72.90754130125791,19.056795588395744],[72.9078262429398,19.05679882042869],[72.90792235637116,19.056709581935525],[72.90839725907753,19.056714967409004],[72.90858608770628,19.056807437034845],[72.90857589493164,19.05762027899629],[72.90876245971279,19.057893380094647]]},"properties":{"id":"L01689","strahler":3,"length_m":365.6,"drop_m":0.17,"gradient":0.00046,"area_ha":66.34,"on_drain_share":0.0,"downstream":"L01659"}},{"type":"Feature","geometry":{"type":"LineString","coordinates":[[72.82755821049756,19.05677420630995],[72.82671402167976,19.05595133854622],[72.82671872865879,19.055590094717978],[72.8265311326304,19.055407234830877],[72.82653701665153,19.054955680071618],[72.82569284161536,19.0541328088945],[72.82598129458478,19.053865234060513],[72.82598364860311,19.053684612195692],[72.8256072853802,19.053409202201408],[72.82513359522017,19.0533132937305],[72.82484631969638,19.05349055634615],[72.82484396447296,19.053671178077888],[72.82426705508955,19.05420632335027],[72.8242646991439,19.05438694499829],[72.823783937922,19.054832897643003],[72.82368896369368,19.054831777204843]]},"properties":{"id":"L01734","strahler":1,"length_m":785.7,"drop_m":7.75,"gradient":0.00987,"area_ha":17.5,"on_drain_share":0.0,"downstream":null}},{"type":"Feature","geometry":{"type":"LineString","coordinates":[[72.8385765922439,19.056813321606167],[72.83876420424428,19.05699617067071]]},"properties":{"id":"L01690","strahler":1,"length_m":28.3,"drop_m":-0.49,"gradient":0.0,"area_ha":4.28,"on_drain_share":0.0,"downstream":"L01681"}},{"type":"Feature","geometry":{"type":"LineString","coordinates":[[72.8929029623804,19.05753223576571],[72.89280684121606,19.057621465603052]]},"properties":{"id":"L01691","strahler":2,"length_m":14.1,"drop_m":0.0,"gradient":0.0,"area_ha":17.6,"on_drain_share":0.0,"downstream":"L01642"}},{"type":"Feature","geometry":{"type":"LineString","coordinates":[[72.89274495163157,19.05500124955228],[72.89274152872422,19.055272194173426],[72.89264540891456,19.05536142406399],[72.89263399822688,19.05626457267474],[72.89234677771965,19.056441946949757],[72.89234335388703,19.056712891459032],[72.8924371922263,19.056804291509742],[72.89262715150505,19.056806461795635],[72.89262372805716,19.057077406343282],[72.89281140554426,19.057260206182843],[72.89280912339305,19.05744083589485],[72.8929029623804,19.05753223576571]]},"properties":{"id":"L01694","strahler":1,"length_m":339.0,"drop_m":1.85,"gradient":0.00545,"area_ha":13.24,"on_drain_share":0.0,"downstream":"L01691"}},{"type":"Feature","geometry":{"type":"LineString","coordinates":[[72.89319360697212,19.05708391612868],[72.89319132525738,19.0572645458887],[72.8929029623804,19.05753223576571]]},"properties":{"id":"L01695","strahler":1,"length_m":62.4,"drop_m":0.28,"gradient":0.00453,"area_ha":4.33,"on_drain_share":0.0,"downstream":"L01691"}},{"type":"Feature","geometry":{"type":"LineString","coordinates":[[72.87913321619676,19.057193770551805],[72.87754040983197,19.055459233004832]]},"properties":{"id":"L01730","strahler":4,"length_m":260.4,"drop_m":-0.9,"gradient":0.0,"area_ha":730.66,"on_drain_share":0.0,"downstream":"L01813"}},{"type":"Feature","geometry":{"type":"LineString","coordinates":[[72.88076507395346,19.055857616137327],[72.87951542890619,19.0570175102416],[72.87913321619676,19.057193770551805]]},"properties":{"id":"L01696","strahler":1,"length_m":232.1,"drop_m":-0.6,"gradient":0.0,"area_ha":9.73,"on_drain_share":0.0,"downstream":"L01730"}},{"type":"Feature","geometry":{"type":"LineString","coordinates":[[72.92994904200907,19.057680718217522],[72.92995128398441,19.057500084217082],[72.93033569632578,19.057143079412764],[72.93052566059707,19.05714521072375]]},"properties":{"id":"L01703","strahler":1,"length_m":96.6,"drop_m":2.62,"gradient":0.02709,"area_ha":5.23,"on_drain_share":0.0,"downstream":"L01684"}},{"type":"Feature","geometry":{"type":"LineString","coordinates":[[72.82366893128098,19.0563670603958],[72.82367364496282,19.056005817316823]]},"properties":{"id":"L01701","strahler":1,"length_m":40.0,"drop_m":0.0,"gradient":0.0,"area_ha":6.36,"on_drain_share":0.0,"downstream":null}},{"type":"Feature","geometry":{"type":"LineString","coordinates":[[72.86346407758495,19.056832289706694],[72.86318261524582,19.056558049804472]]},"properties":{"id":"L01700","strahler":1,"length_m":42.4,"drop_m":1.55,"gradient":0.03663,"area_ha":4.03,"on_drain_share":0.0,"downstream":null}},{"type":"Feature","geometry":{"type":"LineString","coordinates":[[72.83544706649498,19.056415323020456],[72.83507185209,19.056049618810974],[72.83508005761632,19.055417438596656],[72.83479864882938,19.055143160135504],[72.83480333809246,19.054781914334523],[72.83461690549403,19.054508750429697],[72.8347142248836,19.054329242325583],[72.83462393968682,19.05396688175067],[72.8348162330199,19.05378848830325],[72.83481974967928,19.053517553911085],[72.83539779803117,19.052892060476854],[72.83540014172921,19.052711437462506],[72.83674734110535,19.05137235919379],[72.83731717970977,19.05137903960575],[72.83770058375008,19.05111255725758],[72.83789404088722,19.050843848224],[72.83856353100336,19.050490390660535],[72.83865850370003,19.050491503200586],[72.8391275188205,19.0509486239228],[72.83941243781888,19.050951960603168],[72.83988262570185,19.05131876792845],[72.84054626962813,19.051416862087585],[72.8407338785793,19.051599708860593],[72.84092382551448,19.051601931782994],[72.84120524005844,19.051876201395448],[72.84187005575562,19.051883979180563],[72.84196386121427,19.05197540200585],[72.84195801992148,19.052426961533317],[72.8430860315777,19.05334340879996]]},"properties":{"id":"L01759","strahler":1,"length_m":1571.7,"drop_m":9.42,"gradient":0.00599,"area_ha":31.43,"on_drain_share":0.0,"downstream":"L01760"}},{"type":"Feature","geometry":{"type":"LineString","coordinates":[[72.92054806641576,19.057394318709854],[72.92035810306562,19.05739217710114],[72.92026424761542,19.057300789777102],[72.92026650002701,19.057120156881382],[72.91970337002206,19.056571832175116]]},"properties":{"id":"L01717","strahler":1,"length_m":139.0,"drop_m":1.56,"gradient":0.01122,"area_ha":4.53,"on_drain_share":0.0,"downstream":"L01728"}},{"type":"Feature","geometry":{"type":"LineString","coordinates":[[72.86983452962865,19.056364006063273],[72.86973724463282,19.05654353626264],[72.86935733234587,19.056539148430602],[72.86907009044384,19.056716483986058]]},"properties":{"id":"L01699","strahler":2,"length_m":102.4,"drop_m":2.08,"gradient":0.02027,"area_ha":52.88,"on_drain_share":0.0,"downstream":null}},{"type":"Feature","geometry":{"type":"LineString","coordinates":[[72.88711605464601,19.056924073271688],[72.88664687970856,19.056467060464698],[72.88664916840473,19.05628643145337],[72.8867452916777,19.056197205058627],[72.8864637881778,19.055922997081407]]},"properties":{"id":"L01721","strahler":3,"length_m":147.3,"drop_m":0.97,"gradient":0.00661,"area_ha":154.84,"on_drain_share":0.0,"downstream":"L01767"}},{"type":"Feature","geometry":{"type":"LineString","coordinates":[[72.85358990232237,19.05644667710762],[72.85388064379923,19.055998429504584],[72.85416789798751,19.055821119064927],[72.85435785141034,19.055823328633334],[72.85474240461458,19.055466496653505],[72.85474472771517,19.055285871382377]]},"properties":{"id":"L01725","strahler":1,"length_m":197.3,"drop_m":0.72,"gradient":0.00363,"area_ha":10.15,"on_drain_share":0.0,"downstream":"L01764"}},{"type":"Feature","geometry":{"type":"LineString","coordinates":[[72.84609023673245,19.056088280371394],[72.84618637931308,19.05599907723199]]},"properties":{"id":"L01704","strahler":1,"length_m":14.1,"drop_m":0.0,"gradient":0.0,"area_ha":4.03,"on_drain_share":0.0,"downstream":"L01719"}},{"type":"Feature","geometry":{"type":"LineString","coordinates":[[72.92565173954407,19.051851359783665],[72.92573099717889,19.053116862910038],[72.92600695301678,19.053842600779166],[72.92599235498616,19.05501671923878],[72.92608508980318,19.055198420645553],[72.92646052197715,19.055563958691916],[72.9269354270406,19.055569296150885],[72.92702928562919,19.05566068034831],[72.92759917226053,19.055667083427526],[72.92807632171132,19.055491784159397],[72.92855010544126,19.0555874343811],[72.9290216470876,19.055863717365234],[72.9296786691909,19.056503399342347],[72.92967530596516,19.056774350323956],[72.92976916681143,19.056865733321352],[72.93005411265186,19.056868931044644],[72.93024183499844,19.05705169666231],[72.93043179915439,19.057053828060095],[72.93052566059707,19.05714521072375]]},"properties":{"id":"L01707","strahler":4,"length_m":981.8,"drop_m":0.76,"gradient":0.00077,"area_ha":344.93,"on_drain_share":0.0,"downstream":"L01684"}},{"type":"Feature","geometry":{"type":"LineString","coordinates":[[72.84618637931308,19.05599907723199],[72.84628718639676,19.05554862551557]]},"properties":{"id":"L01719","strahler":2,"length_m":54.1,"drop_m":0.19,"gradient":0.00355,"area_ha":12.94,"on_drain_share":0.0,"downstream":"L01771"}},{"type":"Feature","geometry":{"type":"LineString","coordinates":[[72.85958737555592,19.05543245064418],[72.86005299012974,19.056160463717752]]},"properties":{"id":"L01708","strahler":1,"length_m":100.7,"drop_m":0.0,"gradient":0.0,"area_ha":7.45,"on_drain_share":0.0,"downstream":null}},{"type":"Feature","geometry":{"type":"LineString","coordinates":[[72.86975454657656,19.055188833488867],[72.86984375699947,19.055641497883958],[72.87003140557006,19.055824318370536],[72.87002679229533,19.056185572504894],[72.86983452962865,19.056364006063273]]},"properties":{"id":"L01709","strahler":1,"length_m":150.7,"drop_m":-0.43,"gradient":0.0,"area_ha":11.89,"on_drain_share":0.0,"downstream":"L01699"}},{"type":"Feature","geometry":{"type":"LineString","coordinates":[[72.90328080700253,19.055663269459874],[72.90384955000378,19.05576006138735],[72.90431877497896,19.056217034776807],[72.90450873504246,19.05621919276845],[72.90469642598224,19.05640198167949],[72.90526290417144,19.05667940072655],[72.90564282560702,19.05668371467146],[72.90573894001426,19.05659447742115]]},"properties":{"id":"L01710","strahler":1,"length_m":309.7,"drop_m":2.99,"gradient":0.00964,"area_ha":8.82,"on_drain_share":0.0,"downstream":"L01727"}},{"type":"Feature","geometry":{"type":"LineString","coordinates":[[72.91732545967018,19.05681598712139],[72.9180853091303,19.056824564622364],[72.91885192058623,19.056291240762626],[72.91932682541997,19.056296597996983],[72.9194229330069,19.056207352888684],[72.91970787584853,19.056210566480534],[72.91990009044447,19.056032075756168],[72.92009005219077,19.05603421768947]]},"properties":{"id":"L01732","strahler":1,"length_m":327.3,"drop_m":-1.1,"gradient":0.0,"area_ha":14.57,"on_drain_share":0.0,"downstream":"L01737"}},{"type":"Feature","geometry":{"type":"LineString","coordinates":[[72.93187892832216,19.05526346483926],[72.93225437456753,19.0556289922979],[72.93224653709869,19.056261212333826],[72.93280635323843,19.057080454052482]]},"properties":{"id":"L01711","strahler":2,"length_m":241.4,"drop_m":0.99,"gradient":0.00412,"area_ha":323.96,"on_drain_share":0.0,"downstream":"L01677"}},{"type":"Feature","geometry":{"type":"LineString","coordinates":[[72.93424786646244,19.05574165614224],[72.93357404421519,19.05645674741678],[72.93300415272772,19.056450362533447],[72.93281195020622,19.056628868197134],[72.93280635323843,19.057080454052482]]},"properties":{"id":"L01712","strahler":2,"length_m":253.1,"drop_m":1.94,"gradient":0.00768,"area_ha":13.95,"on_drain_share":0.0,"downstream":"L01677"}},{"type":"Feature","geometry":{"type":"LineString","coordinates":[[72.85549525014021,19.05601720729288],[72.85540143447778,19.055925790438867]]},"properties":{"id":"L01715","strahler":1,"length_m":14.1,"drop_m":0.0,"gradient":0.0,"area_ha":4364.57,"on_drain_share":0.0,"downstream":null}},{"type":"Feature","geometry":{"type":"LineString","coordinates":[[72.85853567381324,19.0559622025905],[72.8586294913858,19.05605361801903]]},"properties":{"id":"L01713","strahler":1,"length_m":14.1,"drop_m":0.0,"gradient":0.0,"area_ha":4.73,"on_drain_share":0.0,"downstream":null}},{"type":"Feature","geometry":{"type":"LineString","coordinates":[[72.9036777513381,19.054312854604863],[72.90452235063249,19.055135406132564],[72.90452008143154,19.055316037248026],[72.90480161664729,19.055590220419962],[72.90489092416468,19.056042877025373],[72.90554897937355,19.056592320654985],[72.90573894001426,19.05659447742115]]},"properties":{"id":"L01714","strahler":3,"length_m":358.7,"drop_m":2.21,"gradient":0.00617,"area_ha":38.07,"on_drain_share":0.0,"downstream":"L01727"}},{"type":"Feature","geometry":{"type":"LineString","coordinates":[[72.90573894001426,19.05659447742115],[72.90583505431884,19.056505240110077],[72.90602501489529,19.056507396572304],[72.90669667805547,19.0559730486101],[72.90688663813107,19.055975204127577]]},"properties":{"id":"L01727","strahler":3,"length_m":149.0,"drop_m":0.01,"gradient":7e-05,"area_ha":50.65,"on_drain_share":0.0,"downstream":"L01689"}},{"type":"Feature","geometry":{"type":"LineString","coordinates":[[72.88933715304016,19.054059013459494],[72.8883759416767,19.054951290903492],[72.8883736550223,19.055131920142795],[72.88856018217636,19.05540503831321],[72.88807957164882,19.055851175134904],[72.88807499743994,19.05621243350527],[72.88760010237955,19.056206995872817],[72.88740900047289,19.05629513502952],[72.88712635155586,19.056111242484068],[72.886841414848,19.056107978603034],[72.88665374571956,19.05592517341931],[72.8864637881778,19.055922997081407]]},"properties":{"id":"L01722","strahler":1,"length_m":501.1,"drop_m":0.6,"gradient":0.0012,"area_ha":16.42,"on_drain_share":0.0,"downstream":"L01767"}},{"type":"Feature","geometry":{"type":"LineString","coordinates":[[72.86120314052562,19.055360864952092],[72.86062632906861,19.0558961348447]]},"properties":{"id":"L01718","strahler":1,"length_m":84.9,"drop_m":0.13,"gradient":0.00152,"area_ha":3981.87,"on_drain_share":0.0,"downstream":null}},{"type":"Feature","geometry":{"type":"LineString","coordinates":[[72.91970337002206,19.056571832175116],[72.91970562294802,19.05639119932972],[72.92009005219077,19.05603421768947]]},"properties":{"id":"L01728","strahler":3,"length_m":76.6,"drop_m":-0.67,"gradient":0.0,"area_ha":45.53,"on_drain_share":0.0,"downstream":"L01737"}},{"type":"Feature","geometry":{"type":"LineString","coordinates":[[72.92568719584426,19.056639217467648],[72.92540674469075,19.056274746036127],[72.92569393513891,19.056097316860203]]},"properties":{"id":"L01733","strahler":1,"length_m":90.7,"drop_m":-0.77,"gradient":0.0,"area_ha":7.0,"on_drain_share":0.0,"downstream":null}},{"type":"Feature","geometry":{"type":"LineString","coordinates":[[72.85521380346088,19.05574295661531],[72.85474472771517,19.055285871382377]]},"properties":{"id":"L01726","strahler":1,"length_m":70.7,"drop_m":-1.07,"gradient":0.0,"area_ha":4365.14,"on_drain_share":0.0,"downstream":"L01764"}},{"type":"Feature","geometry":{"type":"LineString","coordinates":[[72.84628718639676,19.05554862551557],[72.84648063660059,19.055279906734054],[72.84659543296547,19.053745708769263],[72.84669157381676,19.053656505185938],[72.84622136302544,19.053289713189276],[72.8460290812361,19.053468119803103],[72.84555420703582,19.05346257474311],[72.84536542389856,19.053370044280705],[72.84478974137323,19.053814948350848],[72.84421989163471,19.053808290189597],[72.84375085394582,19.05335118038598],[72.84375435601393,19.05308024437838]]},"properties":{"id":"L01771","strahler":2,"length_m":637.0,"drop_m":3.36,"gradient":0.00527,"area_ha":35.22,"on_drain_share":0.0,"downstream":"L01798"}},{"type":"Feature","geometry":{"type":"LineString","coordinates":[[72.8864637881778,19.055922997081407],[72.88627611969122,19.055740191569843],[72.8860861624065,19.055738014863543],[72.88477249611732,19.05445837073916],[72.88477707702167,19.054097113072878],[72.88497046757986,19.053828347653436],[72.88497275774913,19.053647718786706]]},"properties":{"id":"L01767","strahler":3,"length_m":344.6,"drop_m":0.75,"gradient":0.00219,"area_ha":175.45,"on_drain_share":0.0,"downstream":"L01787"}},{"type":"Feature","geometry":{"type":"LineString","coordinates":[[72.90911646322637,19.05238734523491],[72.90921030948388,19.052478737434708],[72.909202386119,19.053110948404626],[72.90929623279371,19.053202340597387],[72.90948619003198,19.053204493138352],[72.90947713555515,19.053927020028304],[72.90957098280748,19.054018412131896],[72.90956758740805,19.054289359713596],[72.90975528249035,19.054472143831596],[72.90974509675596,19.05528498660718],[72.91030931839812,19.055743022387443],[72.91030252927746,19.056284917697468]]},"properties":{"id":"L01723","strahler":2,"length_m":501.4,"drop_m":6.98,"gradient":0.01393,"area_ha":85.03,"on_drain_share":0.0,"downstream":"L01686"}},{"type":"Feature","geometry":{"type":"LineString","coordinates":[[72.91223492130092,19.053687263147335],[72.9118504829005,19.054044227404997],[72.91166052441893,19.05404207720625],[72.91146830442294,19.054220558753567],[72.91146604285747,19.054401190691113],[72.91136993259005,19.054490431360826],[72.9113654091516,19.054851695198835],[72.91183465445934,19.055308651221516],[72.91173515164975,19.055668839961413],[72.91144794941424,19.055846246055],[72.91087693683666,19.055930108963043],[72.91068358237284,19.056198905277103],[72.91039864119378,19.05619567775363],[72.91030252927746,19.056284917697468]]},"properties":{"id":"L01724","strahler":1,"length_m":478.7,"drop_m":3.07,"gradient":0.00642,"area_ha":12.45,"on_drain_share":0.0,"downstream":"L01686"}},{"type":"Feature","geometry":{"type":"LineString","coordinates":[[72.82948005339128,19.055080656870278],[72.82957620327608,19.05499146320628],[72.82976615266578,19.054993697992604],[72.83024690010313,19.054547728210352],[72.8302492495955,19.054367105846143],[72.8304415476201,19.054188717478635],[72.83044389685412,19.054008095084043],[72.83054004559655,19.053918900795292]]},"properties":{"id":"L01741","strahler":1,"length_m":187.3,"drop_m":0.61,"gradient":0.00326,"area_ha":5.38,"on_drain_share":0.0,"downstream":"L01757"}},{"type":"Feature","geometry":{"type":"LineString","coordinates":[[72.85474472771517,19.055285871382377],[72.85436714550771,19.055100827736528],[72.85258468717966,19.053363891967376],[72.85229976158672,19.05336057521528],[72.85220594919065,19.053269157028698]]},"properties":{"id":"L01764","strahler":2,"length_m":361.1,"drop_m":-0.25,"gradient":0.0,"area_ha":4378.39,"on_drain_share":0.0,"downstream":"L01773"}},{"type":"Feature","geometry":{"type":"LineString","coordinates":[[72.90737853438624,19.054625856236058],[72.90718630953734,19.054804332805976],[72.90718291011527,19.055075279950575],[72.90660623206524,19.055610708086455],[72.90688663813107,19.055975204127577]]},"properties":{"id":"L01731","strahler":1,"length_m":195.6,"drop_m":3.03,"gradient":0.01549,"area_ha":10.51,"on_drain_share":0.0,"downstream":"L01689"}},{"type":"Feature","geometry":{"type":"LineString","coordinates":[[72.92009005219077,19.05603421768947],[72.9203783730447,19.055766480822093]]},"properties":{"id":"L01737","strahler":3,"length_m":42.4,"drop_m":0.29,"gradient":0.00687,"area_ha":62.0,"on_drain_share":0.0,"downstream":"L01746"}},{"type":"Feature","geometry":{"type":"LineString","coordinates":[[72.87754040983197,19.055459233004832],[72.8774638193621,19.05401311646956],[72.87813670086386,19.053388566254686],[72.87795019382017,19.053115439350474],[72.87795249149504,19.052934811292943],[72.8787214911716,19.05222103657457],[72.8787237878956,19.052040408409],[72.87816082340898,19.051491971287167],[72.87797087195987,19.051489786695925],[72.87768939144905,19.051215567354106]]},"properties":{"id":"L01813","strahler":4,"length_m":601.8,"drop_m":-1.29,"gradient":0.0,"area_ha":767.21,"on_drain_share":0.0,"downstream":"L01870"}},{"type":"Feature","geometry":{"type":"LineString","coordinates":[[72.93500436477103,19.056021115422915],[72.93472389266105,19.055656656318074],[72.93434396652258,19.055652402463316],[72.93424786646244,19.05574165614224]]},"properties":{"id":"L01740","strahler":1,"length_m":106.6,"drop_m":1.37,"gradient":0.0129,"area_ha":6.49,"on_drain_share":0.0,"downstream":"L01712"}},{"type":"Feature","geometry":{"type":"LineString","coordinates":[[72.9203783730447,19.055766480822093],[72.9208589057477,19.05532025149614],[72.92077068001035,19.05477728200094]]},"properties":{"id":"L01746","strahler":3,"length_m":134.9,"drop_m":0.22,"gradient":0.0016,"area_ha":69.47,"on_drain_share":0.0,"downstream":"L01793"}},{"type":"Feature","geometry":{"type":"LineString","coordinates":[[72.91981524674186,19.055218156781887],[72.9203783730447,19.055766480822093]]},"properties":{"id":"L01738","strahler":1,"length_m":84.9,"drop_m":-0.41,"gradient":0.0,"area_ha":6.29,"on_drain_share":0.0,"downstream":"L01746"}},{"type":"Feature","geometry":{"type":"LineString","coordinates":[[72.8501916862914,19.054781236999595],[72.84981643955321,19.05441555992307],[72.84982109611522,19.054054310506977],[72.84972728486632,19.05396289116039],[72.85030412026951,19.053427658041784]]},"properties":{"id":"L01754","strahler":1,"length_m":195.6,"drop_m":7.99,"gradient":0.04085,"area_ha":5.79,"on_drain_share":0.0,"downstream":"L01763"}},{"type":"Feature","geometry":{"type":"LineString","coordinates":[[72.83737117548984,19.054541059709305],[72.8376561002896,19.054544399705637],[72.83784839145659,19.054366002850646],[72.83785073269756,19.05418537957168],[72.83794687801122,19.05409618103928],[72.83795858324027,19.053193064521118],[72.83824701682748,19.052925468358595],[72.83890481554265,19.05347512749016],[72.83947466214077,19.053481801949502],[72.83966578064228,19.053393714622572],[72.8399471956104,19.053667986200324],[72.8402321194056,19.05367132207294],[72.84032592477404,19.053762745725905],[72.84080079818769,19.05376830432168],[72.84108805997367,19.05359101521577],[72.84108922879308,19.05350070337551],[72.84137181518051,19.053684661170553],[72.8418466887005,19.05369021705348]]},"properties":{"id":"L01749","strahler":1,"length_m":687.0,"drop_m":4.54,"gradient":0.0066,"area_ha":13.92,"on_drain_share":0.0,"downstream":"L01756"}},{"type":"Feature","geometry":{"type":"LineString","coordinates":[[72.93415847779863,19.055289006196446],[72.93424786646244,19.05574165614224]]},"properties":{"id":"L01739","strahler":1,"length_m":54.1,"drop_m":0.34,"gradient":0.00624,"area_ha":4.3,"on_drain_share":0.0,"downstream":"L01712"}},{"type":"Feature","geometry":{"type":"LineString","coordinates":[[72.8279722184262,19.054159660243364],[72.82826066817879,19.053892081484754],[72.82826301973374,19.05371145934636],[72.82816922167912,19.053620030211437],[72.82845767012034,19.053352451006106],[72.82864761750322,19.053354686758855],[72.82883991577212,19.0531763000982],[72.82884344201157,19.052905366763785],[72.82865584611372,19.05272250905829],[72.82932888541906,19.05209815435017],[72.82961380452718,19.052101506349164],[72.82998899780041,19.05246721974947],[72.83027274306004,19.052560881994474]]},"properties":{"id":"L01780","strahler":1,"length_m":445.3,"drop_m":3.81,"gradient":0.00856,"area_ha":10.91,"on_drain_share":0.0,"downstream":"L01768"}},{"type":"Feature","geometry":{"type":"LineString","coordinates":[[72.93159622478166,19.055079635956098],[72.93187892832216,19.05526346483926]]},"properties":{"id":"L01743","strahler":1,"length_m":38.3,"drop_m":-0.01,"gradient":0.0,"area_ha":5.44,"on_drain_share":0.0,"downstream":"L01711"}},{"type":"Feature","geometry":{"type":"LineString","coordinates":[[72.93170352418322,19.05408721245044],[72.93170128453691,19.054267846718226],[72.93188788649066,19.054540927741872],[72.93187892832216,19.05526346483926]]},"properties":{"id":"L01744","strahler":1,"length_m":138.3,"drop_m":-3.68,"gradient":0.0,"area_ha":316.19,"on_drain_share":0.0,"downstream":"L01711"}},{"type":"Feature","geometry":{"type":"LineString","coordinates":[[72.83054004559655,19.053918900795292],[72.83054591827579,19.053467344758914],[72.83112045847997,19.053112800040253]]},"properties":{"id":"L01757","strahler":2,"length_m":126.6,"drop_m":3.45,"gradient":0.02728,"area_ha":18.45,"on_drain_share":0.0,"downstream":"L01769"}},{"type":"Feature","geometry":{"type":"LineString","coordinates":[[72.87441880063909,19.054429692705924],[72.87413732210757,19.054155468106917],[72.87309142397932,19.05423373978108],[72.87234082380894,19.053502468643167]]},"properties":{"id":"L01765","strahler":1,"length_m":269.7,"drop_m":2.28,"gradient":0.00844,"area_ha":12.08,"on_drain_share":0.0,"downstream":"L01827"}},{"type":"Feature","geometry":{"type":"LineString","coordinates":[[72.88772939158707,19.053498646013963],[72.88734376279791,19.053945868751786],[72.88734147515629,19.054126497890074],[72.88686086575713,19.054572631632688],[72.8867658877401,19.05457154366893],[72.88639055317634,19.054205933286102],[72.88629900856291,19.053933901577363],[72.88601750929519,19.05365969329569],[72.88602094280681,19.053388749805436],[72.88517645175821,19.05256612299625]]},"properties":{"id":"L01788","strahler":1,"length_m":457.7,"drop_m":2.0,"gradient":0.00438,"area_ha":10.86,"on_drain_share":0.0,"downstream":"L01877"}},{"type":"Feature","geometry":{"type":"LineString","coordinates":[[72.84364770721983,19.053982254250663],[72.84365821412334,19.05316944631303]]},"properties":{"id":"L01761","strahler":1,"length_m":90.0,"drop_m":0.35,"gradient":0.00387,"area_ha":5.11,"on_drain_share":0.0,"downstream":"L01770"}},{"type":"Feature","geometry":{"type":"LineString","coordinates":[[72.8636573661967,19.049156769150077],[72.86403379189184,19.04943210681478],[72.86422605132195,19.049253679007776],[72.86460594575121,19.049258075787655],[72.86469976360995,19.04934948814519],[72.8648850882651,19.049712939329464],[72.86554181821354,19.05035282427813],[72.86554066283216,19.050443137601683],[72.86666418813094,19.051720705644033],[72.86675569882773,19.05199274393784],[72.86750511149076,19.052814348300217],[72.86759662401305,19.05308638633873],[72.8683471996151,19.0538176746189],[72.86834489142949,19.05399830152857],[72.8684387139313,19.054089712399268],[72.86834142910222,19.054269241885937]]},"properties":{"id":"L01745","strahler":2,"length_m":844.7,"drop_m":2.35,"gradient":0.00278,"area_ha":37.5,"on_drain_share":0.0,"downstream":null}},{"type":"Feature","geometry":{"type":"LineString","coordinates":[[72.92324466521535,19.054443831913588],[72.92295635100604,19.054711573953725],[72.92238646931996,19.054705156846957],[72.92229036410828,19.054794403746712],[72.92210040350707,19.054792264212],[72.92181771306576,19.054608421420486],[72.9215327725768,19.054605211345567],[72.92114947530703,19.054871880131163],[72.92086453448951,19.054868668981904],[72.92077068001035,19.05477728200094]]},"properties":{"id":"L01747","strahler":1,"length_m":301.4,"drop_m":2.53,"gradient":0.00841,"area_ha":11.02,"on_drain_share":0.0,"downstream":"L01793"}},{"type":"Feature","geometry":{"type":"LineString","coordinates":[[72.92077068001035,19.05477728200094],[72.92030140915458,19.05432034651322],[72.92030478713299,19.054049397074458],[72.9210725042915,19.05342574541771],[72.92203017410061,19.052804229567172]]},"properties":{"id":"L01793","strahler":3,"length_m":338.7,"drop_m":-0.57,"gradient":0.0,"area_ha":82.8,"on_drain_share":0.0,"downstream":"L01808"}},{"type":"Feature","geometry":{"type":"LineString","coordinates":[[72.8418466887005,19.05369021705348],[72.84242237761373,19.053245322899937],[72.8430860315777,19.05334340879996]]},"properties":{"id":"L01756","strahler":3,"length_m":154.9,"drop_m":1.14,"gradient":0.00736,"area_ha":331.65,"on_drain_share":0.0,"downstream":"L01760"}},{"type":"Feature","geometry":{"type":"LineString","coordinates":[[72.86436860049926,19.052958720694026],[72.86474503543356,19.05323405775288],[72.8647404113914,19.053595310740562],[72.86483307553372,19.053777036484114],[72.86464081094609,19.053955464397614]]},"properties":{"id":"L01750","strahler":1,"length_m":144.9,"drop_m":3.73,"gradient":0.02578,"area_ha":4.99,"on_drain_share":0.0,"downstream":null}},{"type":"Feature","geometry":{"type":"LineString","coordinates":[[72.85030412026951,19.053427658041784],[72.85049407048503,19.053429871319942],[72.85059020927014,19.05334066547764],[72.85125503491817,19.053348410032566],[72.85153647081192,19.053622665786165],[72.85182023368918,19.05371629623901],[72.85220478640221,19.053359469533632],[72.85220594919065,19.053269157028698]]},"properties":{"id":"L01763","strahler":2,"length_m":247.3,"drop_m":-4.9,"gradient":0.0,"area_ha":15.63,"on_drain_share":0.0,"downstream":"L01773"}},{"type":"Feature","geometry":{"type":"LineString","coordinates":[[72.85818707627524,19.053519345009644],[72.85846852497912,19.053793591319984]]},"properties":{"id":"L01751","strahler":1,"length_m":42.4,"drop_m":0.0,"gradient":0.0,"area_ha":4.82,"on_drain_share":0.0,"downstream":null}},{"type":"Feature","geometry":{"type":"LineString","coordinates":[[72.9021739905669,19.05303116391235],[72.90254936079347,19.053396745274156],[72.90264206809819,19.053578455982993],[72.90263752599985,19.05393971783463],[72.90291905572946,19.054213903401028],[72.90339394980879,19.054219301070685],[72.90348779354602,19.054310695965366],[72.9036777513381,19.054312854604863]]},"properties":{"id":"L01752","strahler":2,"length_m":247.3,"drop_m":2.76,"gradient":0.01117,"area_ha":17.3,"on_drain_share":0.0,"downstream":"L01714"}},{"type":"Feature","geometry":{"type":"LineString","coordinates":[[72.83112045847997,19.053112800040253],[72.83168677923823,19.05339043225172],[72.83225662281941,19.05339712896759],[72.83264121215417,19.053040347118095],[72.83311608109351,19.053045925282593]]},"properties":{"id":"L01769","strahler":3,"length_m":239.0,"drop_m":-1.05,"gradient":0.0,"area_ha":39.13,"on_drain_share":0.0,"downstream":"L01820"}},{"type":"Feature","geometry":{"type":"LineString","coordinates":[[72.88165772828069,19.05288706483037],[72.88212573255119,19.053434402476526],[72.88241066382325,19.05343767319746],[72.88278827977217,19.053622662090483],[72.8831636044744,19.053988278939553],[72.88458826710432,19.054004620596235],[72.88497275774913,19.053647718786706]]},"properties":{"id":"L01766","strahler":1,"length_m":422.1,"drop_m":0.62,"gradient":0.00147,"area_ha":14.5,"on_drain_share":0.0,"downstream":"L01787"}},{"type":"Feature","geometry":{"type":"LineString","coordinates":[[72.90406674513872,19.053594646949914],[72.90368229128043,19.053951592526364],[72.9036777513381,19.054312854604863]]},"properties":{"id":"L01753","strahler":2,"length_m":96.6,"drop_m":-0.3,"gradient":0.0,"area_ha":16.7,"on_drain_share":0.0,"downstream":"L01714"}},{"type":"Feature","geometry":{"type":"LineString","coordinates":[[72.91802978346713,19.053662420803086],[72.91849791885738,19.054209677712294],[72.91878060447254,19.054393525190243],[72.91887671111766,19.054304280273108]]},"properties":{"id":"L01755","strahler":2,"length_m":133.1,"drop_m":0.56,"gradient":0.00422,"area_ha":56.53,"on_drain_share":0.0,"downstream":null}},{"type":"Feature","geometry":{"type":"LineString","coordinates":[[72.8430860315777,19.05334340879996],[72.84346593003421,19.05334784999911],[72.84365821412334,19.05316944631303]]},"properties":{"id":"L01760","strahler":3,"length_m":68.3,"drop_m":0.21,"gradient":0.00302,"area_ha":364.8,"on_drain_share":0.0,"downstream":"L01770"}},{"type":"Feature","geometry":{"type":"LineString","coordinates":[[72.916788284485,19.054190380307723],[72.91707435114196,19.054103281346315],[72.91755375907292,19.05374737726896],[72.91802978346713,19.053662420803086]]},"properties":{"id":"L01779","strahler":1,"length_m":154.9,"drop_m":0.94,"gradient":0.00605,"area_ha":4.92,"on_drain_share":0.0,"downstream":"L01755"}},{"type":"Feature","geometry":{"type":"LineString","coordinates":[[72.85011533400437,19.053335132188394],[72.85030412026951,19.053427658041784]]},"properties":{"id":"L01762","strahler":1,"length_m":24.1,"drop_m":0.58,"gradient":0.02423,"area_ha":4.26,"on_drain_share":0.0,"downstream":"L01763"}},{"type":"Feature","geometry":{"type":"LineString","coordinates":[[72.85267966239044,19.053364997453794],[72.85258584976282,19.05327357943991],[72.85230092432384,19.053270262704718],[72.85201832470642,19.05308632054004]]},"properties":{"id":"L01774","strahler":1,"length_m":82.4,"drop_m":-0.47,"gradient":0.0,"area_ha":4.29,"on_drain_share":0.0,"downstream":"L01785"}},{"type":"Feature","geometry":{"type":"LineString","coordinates":[[72.83027274306004,19.052560881994474],[72.83055413974817,19.052835166267975],[72.83074408680714,19.05283739980493],[72.83112045847997,19.053112800040253]]},"properties":{"id":"L01768","strahler":2,"length_m":114.9,"drop_m":0.33,"gradient":0.00286,"area_ha":17.37,"on_drain_share":0.0,"downstream":"L01769"}},{"type":"Feature","geometry":{"type":"LineString","coordinates":[[72.83311608109351,19.053045925282593],[72.83330837469812,19.052867533446154],[72.83349832214144,19.052869764152344],[72.83378676151042,19.05260217561232],[72.83397670871206,19.05260440579636],[72.83407050976525,19.052695832244254],[72.83426280201245,19.052517439264975],[72.83426749173937,19.05215619348985],[72.83408106254475,19.0518830293482],[72.83408340753405,19.051702406471936],[72.8331454065366,19.050788140785635],[72.83315009822336,19.05042689521089]]},"properties":{"id":"L01820","strahler":3,"length_m":432.8,"drop_m":1.95,"gradient":0.00451,"area_ha":64.98,"on_drain_share":0.0,"downstream":"L01841"}},{"type":"Feature","geometry":{"type":"LineString","coordinates":[[72.84365821412334,19.05316944631303],[72.84375435601393,19.05308024437838]]},"properties":{"id":"L01770","strahler":3,"length_m":14.1,"drop_m":0.0,"gradient":0.0,"area_ha":370.25,"on_drain_share":0.0,"downstream":"L01798"}},{"type":"Feature","geometry":{"type":"LineString","coordinates":[[72.85220594919065,19.053269157028698],[72.85201832470642,19.05308632054004]]},"properties":{"id":"L01773","strahler":3,"length_m":28.3,"drop_m":-0.08,"gradient":0.0,"area_ha":4394.06,"on_drain_share":0.0,"downstream":"L01785"}},{"type":"Feature","geometry":{"type":"LineString","coordinates":[[72.87234082380894,19.053502468643167],[72.8714025828345,19.052588376246792],[72.87140603986347,19.052317435298853],[72.87159829589068,19.052138999411476],[72.87160405689727,19.05168743108058],[72.87189243930086,19.051419776694594],[72.87189704729515,19.051058521934387],[72.8717094012774,19.050875703581752],[72.87151945132757,19.0508735124197],[72.87124028802914,19.050418657024863]]},"properties":{"id":"L01827","strahler":2,"length_m":442.8,"drop_m":2.76,"gradient":0.00623,"area_ha":25.55,"on_drain_share":0.0,"downstream":"L01881"}},{"type":"Feature","geometry":{"type":"LineString","coordinates":[[72.87376777452576,19.053338265880544],[72.8734828450246,19.053334981833626],[72.87329058928668,19.053513419726883],[72.87234082380894,19.053502468643167]]},"properties":{"id":"L01772","strahler":1,"length_m":158.3,"drop_m":1.74,"gradient":0.01096,"area_ha":4.82,"on_drain_share":0.0,"downstream":"L01827"}},{"type":"Feature","geometry":{"type":"LineString","coordinates":[[72.88497275774913,19.053647718786706],[72.88526112465486,19.053380041790522],[72.88526799396726,19.05283815505062],[72.88517416194941,19.052746751907947],[72.88517645175821,19.05256612299625]]},"properties":{"id":"L01787","strahler":3,"length_m":136.6,"drop_m":0.07,"gradient":0.00051,"area_ha":191.73,"on_drain_share":0.0,"downstream":"L01877"}},{"type":"Feature","geometry":{"type":"LineString","coordinates":[[72.84375435601393,19.05308024437838],[72.8445246543233,19.05227631464536],[72.84377186546466,19.0517255642119]]},"properties":{"id":"L01798","strahler":3,"length_m":228.0,"drop_m":-0.36,"gradient":0.0,"area_ha":408.13,"on_drain_share":0.0,"downstream":null}},{"type":"Feature","geometry":{"type":"LineString","coordinates":[[72.85201832470642,19.05308632054004],[72.85117285632747,19.05235386688926]]},"properties":{"id":"L01785","strahler":3,"length_m":123.1,"drop_m":1.2,"gradient":0.00975,"area_ha":4398.83,"on_drain_share":0.0,"downstream":null}},{"type":"Feature","geometry":{"type":"LineString","coordinates":[[72.93105882317846,19.05245404950407],[72.93114820255163,19.05290670014469],[72.93152252240489,19.053362545658164],[72.9316119032901,19.053815196197302],[72.93170576380423,19.053906578178875]]},"properties":{"id":"L01776","strahler":3,"length_m":189.0,"drop_m":2.94,"gradient":0.01557,"area_ha":311.37,"on_drain_share":0.0,"downstream":null}},{"type":"Feature","geometry":{"type":"LineString","coordinates":[[72.90388019262127,19.05332154217575],[72.90406674513872,19.053594646949914]]},"properties":{"id":"L01777","strahler":1,"length_m":38.3,"drop_m":2.39,"gradient":0.06234,"area_ha":4.17,"on_drain_share":0.0,"downstream":"L01753"}},{"type":"Feature","geometry":{"type":"LineString","coordinates":[[72.90561928324098,19.050992751387387],[72.90561248071651,19.051534645346717],[72.90512965523337,19.052161463499186],[72.90512511888322,19.05252272598335],[72.90406674513872,19.053594646949914]]},"properties":{"id":"L01778","strahler":1,"length_m":356.3,"drop_m":2.87,"gradient":0.00806,"area_ha":11.45,"on_drain_share":0.0,"downstream":"L01753"}},{"type":"Feature","geometry":{"type":"LineString","coordinates":[[72.85487222337161,19.05275822151157],[72.85477608700579,19.052847429849844],[72.85392131181722,19.05283748868332],[72.85373368569677,19.05265465379585],[72.8527839372681,19.052643602554877],[72.85268779997544,19.052732809702096]]},"properties":{"id":"L01783","strahler":1,"length_m":246.6,"drop_m":2.76,"gradient":0.0112,"area_ha":6.83,"on_drain_share":0.0,"downstream":null}},{"type":"Feature","geometry":{"type":"LineString","coordinates":[[72.90112468683161,19.053380542756372],[72.90170137220107,19.052845132594424],[72.90198403441721,19.053029003864754],[72.9021739905669,19.05303116391235]]},"properties":{"id":"L01784","strahler":1,"length_m":143.1,"drop_m":0.08,"gradient":0.00056,"area_ha":5.03,"on_drain_share":0.0,"downstream":"L01752"}},{"type":"Feature","geometry":{"type":"LineString","coordinates":[[72.91832148381056,19.05312373789525],[72.91803203783401,19.05348178809361],[72.91802978346713,19.053662420803086]]},"properties":{"id":"L01781","strahler":2,"length_m":72.4,"drop_m":-0.52,"gradient":0.0,"area_ha":48.86,"on_drain_share":0.0,"downstream":"L01755"}},{"type":"Feature","geometry":{"type":"LineString","coordinates":[[72.93921146419812,19.053809911905642],[72.93968636810479,19.053815216083706],[72.93969529173881,19.053092675305365],[72.9396014268328,19.053001297014486],[72.93979361823321,19.05282278312757]]},"properties":{"id":"L01797","strahler":1,"length_m":172.4,"drop_m":0.66,"gradient":0.00382,"area_ha":7.63,"on_drain_share":0.0,"downstream":"L01807"}},{"type":"Feature","geometry":{"type":"LineString","coordinates":[[72.82885872169234,19.05173132221558],[72.82904514160818,19.0520044907786],[72.82970995245482,19.052012312411364],[72.83027274306004,19.052560881994474]]},"properties":{"id":"L01782","strahler":1,"length_m":193.1,"drop_m":2.53,"gradient":0.0131,"area_ha":5.17,"on_drain_share":0.0,"downstream":"L01768"}},{"type":"Feature","geometry":{"type":"LineString","coordinates":[[72.90170478009343,19.052574186338077],[72.9021739905669,19.05303116391235]]},"properties":{"id":"L01786","strahler":2,"length_m":70.7,"drop_m":0.24,"gradient":0.00346,"area_ha":9.25,"on_drain_share":0.0,"downstream":"L01752"}},{"type":"Feature","geometry":{"type":"LineString","coordinates":[[72.91482306481045,19.05181962613807],[72.91519846304806,19.052185184176736],[72.91519507713603,19.05245613278744],[72.91547775580555,19.052639984733293],[72.91566996994807,19.052461498394443],[72.91614599104982,19.052376546523774],[72.91623984153276,19.052467935511945],[72.91642979877861,19.05247008082726],[72.91670796762658,19.053015196154785],[72.91746779948136,19.05302377455413],[72.91766001219715,19.052845285986763],[72.91794607615863,19.05275818539804],[72.91832148381056,19.05312373789525]]},"properties":{"id":"L01789","strahler":1,"length_m":512.8,"drop_m":6.09,"gradient":0.01188,"area_ha":17.64,"on_drain_share":0.0,"downstream":"L01781"}},{"type":"Feature","geometry":{"type":"LineString","coordinates":[[72.91816533573629,19.050412103081854],[72.9183530372497,19.050594879],[72.91854299262002,19.0505970219381],[72.91863684364606,19.050688409752215],[72.91862670334173,19.05150125747414],[72.91852947156019,19.05168081882946],[72.91814617735741,19.05194748163191],[72.9183316265315,19.052310890474175],[72.91832711871916,19.052672156004125],[72.91842097066396,19.05276354400875],[72.91841758987279,19.053034493159814],[72.91832148381056,19.05312373789525]]},"properties":{"id":"L01790","strahler":2,"length_m":375.6,"drop_m":5.19,"gradient":0.01382,"area_ha":30.87,"on_drain_share":0.0,"downstream":"L01781"}},{"type":"Feature","geometry":{"type":"LineString","coordinates":[[72.84813600410811,19.05213781956253],[72.84785224650692,19.05204418389054]]},"properties":{"id":"L01791","strahler":1,"length_m":34.1,"drop_m":-0.59,"gradient":0.0,"area_ha":4557.24,"on_drain_share":0.0,"downstream":null}},{"type":"Feature","geometry":{"type":"LineString","coordinates":[[72.88517645175821,19.05256612299625],[72.88348749460405,19.050920859982657],[72.88348978600173,19.050740231232783],[72.88387312501337,19.050473645498098],[72.88387427047783,19.050383331096693],[72.88368546514634,19.050290838115526],[72.88331014664388,19.049925222886568],[72.88331129237743,19.049834908512768],[72.88369692039682,19.04938769415074],[72.88370035684582,19.0491167509428],[72.88389488773207,19.048757671708987],[72.88390175968445,19.048215785178094],[72.8840939985332,19.048037334432927],[72.88409628890115,19.047856705555702]]},"properties":{"id":"L01877","strahler":3,"length_m":680.8,"drop_m":2.72,"gradient":0.00399,"area_ha":223.68,"on_drain_share":0.0,"downstream":"L01913"}},{"type":"Feature","geometry":{"type":"LineString","coordinates":[[72.92107813185262,19.0529741627495],[72.92155302792051,19.05297951336003],[72.92184021579618,19.052802089979387],[72.92203017410061,19.052804229567172]]},"properties":{"id":"L01794","strahler":1,"length_m":108.3,"drop_m":0.18,"gradient":0.00163,"area_ha":5.42,"on_drain_share":0.0,"downstream":"L01808"}},{"type":"Feature","geometry":{"type":"LineString","coordinates":[[72.85222571558974,19.05173384429926],[72.85174619261129,19.052089565631977]]},"properties":{"id":"L01792","strahler":3,"length_m":66.6,"drop_m":2.36,"gradient":0.0354,"area_ha":145.4,"on_drain_share":0.0,"downstream":null}},{"type":"Feature","geometry":{"type":"LineString","coordinates":[[72.92203017410061,19.052804229567172],[72.92241458979497,19.052447241692448],[72.92279450576041,19.052451519413953],[72.92337224932781,19.05182571780101]]},"properties":{"id":"L01808","strahler":3,"length_m":191.4,"drop_m":1.06,"gradient":0.00552,"area_ha":91.27,"on_drain_share":0.0,"downstream":"L01815"}},{"type":"Feature","geometry":{"type":"LineString","coordinates":[[72.8980967665116,19.052442788604925],[72.89828899709778,19.052264322141596],[72.89829127265084,19.052083691690235],[72.89819743316744,19.051992294522975],[72.89838966308632,19.051813827886388],[72.89839421383297,19.05145256693885],[72.89734946774973,19.05144066381343],[72.89668804550192,19.051162140599427]]},"properties":{"id":"L01821","strahler":1,"length_m":323.1,"drop_m":3.16,"gradient":0.00978,"area_ha":9.28,"on_drain_share":0.0,"downstream":"L01833"}},{"type":"Feature","geometry":{"type":"LineString","coordinates":[[72.90142325504118,19.05229999932846],[72.90170478009343,19.052574186338077]]},"properties":{"id":"L01795","strahler":1,"length_m":42.4,"drop_m":-0.88,"gradient":0.0,"area_ha":4.24,"on_drain_share":0.0,"downstream":"L01786"}},{"type":"Feature","geometry":{"type":"LineString","coordinates":[[72.90170591604472,19.052483870917392],[72.90170478009343,19.052574186338077]]},"properties":{"id":"L01796","strahler":1,"length_m":10.0,"drop_m":0.0,"gradient":0.0,"area_ha":4.71,"on_drain_share":0.0,"downstream":"L01786"}},{"type":"Feature","geometry":{"type":"LineString","coordinates":[[72.93599776593433,19.052509367678063],[72.93600000070806,19.052328732884618],[72.93609609776718,19.05223947798762],[72.93610168430287,19.05178789095565],[72.93629387753676,19.05160938091627],[72.9368637536795,19.051615754084782],[72.93752191029984,19.05216509216094],[72.93894549115146,19.052271330321794],[72.93922708388646,19.052545465882197],[72.93979361823321,19.05282278312757]]},"properties":{"id":"L01799","strahler":1,"length_m":536.3,"drop_m":1.49,"gradient":0.00278,"area_ha":11.31,"on_drain_share":0.0,"downstream":"L01807"}},{"type":"Feature","geometry":{"type":"LineString","coordinates":[[72.93979361823321,19.05282278312757],[72.93998580922296,19.052644268998367],[72.93999138536212,19.05219268087645]]},"properties":{"id":"L01807","strahler":2,"length_m":78.3,"drop_m":0.06,"gradient":0.00083,"area_ha":19.4,"on_drain_share":0.0,"downstream":null}},{"type":"Feature","geometry":{"type":"LineString","coordinates":[[72.8544182555399,19.051127071716113],[72.85412868696417,19.051485008724182],[72.85374879007753,19.051480589887152],[72.85356232745035,19.05120744236168],[72.85318243133696,19.051203022420896],[72.85270058695922,19.051739371712426],[72.85222571558974,19.05173384429926]]},"properties":{"id":"L01800","strahler":3,"length_m":301.4,"drop_m":0.56,"gradient":0.00186,"area_ha":138.66,"on_drain_share":0.0,"downstream":"L01792"}},{"type":"Feature","geometry":{"type":"LineString","coordinates":[[72.87682656638634,19.05183793095342],[72.87710919550904,19.05202183757108],[72.87768709371277,19.051396195414323],[72.87768939144905,19.051215567354106]]},"properties":{"id":"L01812","strahler":1,"length_m":153.1,"drop_m":0.32,"gradient":0.00211,"area_ha":7.27,"on_drain_share":0.0,"downstream":"L01870"}},{"type":"Feature","geometry":{"type":"LineString","coordinates":[[72.89268534124822,19.05220040317927],[72.89249766901985,19.052017603679435],[72.89202392569264,19.051921863712796],[72.89183625454226,19.05173906363449],[72.89174470167946,19.05146703383655],[72.89118169184611,19.0509186324957],[72.89147118599475,19.050560629453994],[72.89185109012784,19.050564970452278],[72.89195747691191,19.049662906813744],[72.89205359344129,19.04957367694984]]},"properties":{"id":"L01843","strahler":1,"length_m":440.4,"drop_m":2.04,"gradient":0.00464,"area_ha":14.01,"on_drain_share":0.0,"downstream":"L01897"}},{"type":"Feature","geometry":{"type":"LineString","coordinates":[[72.84358425271778,19.051542720190668],[72.84330049941218,19.051449077858027]]},"properties":{"id":"L01804","strahler":1,"length_m":34.1,"drop_m":-0.56,"gradient":0.0,"area_ha":408.21,"on_drain_share":0.0,"downstream":null}},{"type":"Feature","geometry":{"type":"LineString","coordinates":[[72.85157485186863,19.05064235401685],[72.85223152887544,19.051282281679466],[72.85222571558974,19.05173384429926]]},"properties":{"id":"L01801","strahler":1,"length_m":149.0,"drop_m":-0.21,"gradient":0.0,"area_ha":6.51,"on_drain_share":0.0,"downstream":"L01792"}},{"type":"Feature","geometry":{"type":"LineString","coordinates":[[72.90782867360805,19.04903058698845],[72.90782754119107,19.049120902797853],[72.90801749360574,19.04912305640702],[72.90811133755324,19.049214448963312],[72.90810907299522,19.049395080610296],[72.90867779937402,19.049491855927407],[72.90867327138729,19.0498531193379],[72.90838494488996,19.050120837242723],[72.9083713582384,19.05120462715164],[72.90884058532308,19.05166158920086],[72.90883605713324,19.05202285256428],[72.90911646322637,19.05238734523491]]},"properties":{"id":"L01802","strahler":1,"length_m":493.8,"drop_m":5.57,"gradient":0.01127,"area_ha":14.62,"on_drain_share":0.0,"downstream":"L01723"}},{"type":"Feature","geometry":{"type":"LineString","coordinates":[[72.91065308019297,19.05104982167094],[72.91045973188393,19.0513186183882],[72.90969991119587,19.051310011879085],[72.90912099090258,19.052026081820827],[72.90911646322637,19.05238734523491]]},"properties":{"id":"L01803","strahler":2,"length_m":263.1,"drop_m":0.77,"gradient":0.00291,"area_ha":60.6,"on_drain_share":0.0,"downstream":"L01723"}},{"type":"Feature","geometry":{"type":"LineString","coordinates":[[72.82649028699142,19.051251811352643],[72.82658643587173,19.051162619153473],[72.82660055349648,19.050078887153887],[72.82613275504886,19.049531427183293],[72.8261362849556,19.049260494230342],[72.8260424904228,19.049169064336663],[72.82605072695189,19.048536887446343],[72.82643531579667,19.048180118574216],[72.82662525703799,19.04818235582454],[72.82691369732628,19.04791477820144],[72.82738854987589,19.047920369656005],[72.82834883331844,19.047118748687115],[72.82844380345297,19.04711986629247],[72.83200691030224,19.05068444152251],[72.83295780756859,19.050605287187725]]},"properties":{"id":"L01817","strahler":1,"length_m":1296.8,"drop_m":4.93,"gradient":0.0038,"area_ha":35.0,"on_drain_share":0.0,"downstream":"L01819"}},{"type":"Feature","geometry":{"type":"LineString","coordinates":[[72.92806322396108,19.04889758055792],[72.92825093585047,19.049080347295018],[72.9282363575328,19.050254468032644],[72.92842294963903,19.050527551713063],[72.92832012131277,19.05115870416628],[72.92841397850383,19.051250087536346],[72.92879389319295,19.051254352651853],[72.92954587711074,19.05189509979187],[72.92992579354085,19.051899362716398],[72.93030346918954,19.05208425901026],[72.93068338623276,19.05208852041613],[72.93105882317846,19.05245404950407]]},"properties":{"id":"L01805","strahler":3,"length_m":618.7,"drop_m":0.05,"gradient":9e-05,"area_ha":301.16,"on_drain_share":0.0,"downstream":"L01776"}},{"type":"Feature","geometry":{"type":"LineString","coordinates":[[72.93315061165161,19.052296834988237],[72.93305451313937,19.05238608819759],[72.93219969712582,19.052376509773175],[72.9319181173221,19.052102364591065],[72.9314432206228,19.052097040884725],[72.93105882317846,19.05245404950407]]},"properties":{"id":"L01806","strahler":1,"length_m":253.1,"drop_m":1.19,"gradient":0.00469,"area_ha":8.23,"on_drain_share":0.0,"downstream":"L01776"}},{"type":"Feature","geometry":{"type":"LineString","coordinates":[[72.8604977662667,19.0511073430809],[72.86011439353595,19.05137387641952],[72.85982946993099,19.051370571622872],[72.85916812506956,19.051091919907407],[72.85878822782021,19.05108751152944],[72.85794273551959,19.050355086859394],[72.8575651596296,19.05017005041772]]},"properties":{"id":"L01829","strahler":1,"length_m":376.3,"drop_m":1.21,"gradient":0.00322,"area_ha":11.88,"on_drain_share":0.0,"downstream":"L01830"}},{"type":"Feature","geometry":{"type":"LineString","coordinates":[[72.92337000095134,19.052006351157377],[72.92337224932781,19.05182571780101]]},"properties":{"id":"L01809","strahler":1,"length_m":20.0,"drop_m":0.07,"gradient":0.00336,"area_ha":4.41,"on_drain_share":0.0,"downstream":"L01815"}},{"type":"Feature","geometry":{"type":"LineString","coordinates":[[72.84254655072208,19.050988635098815],[72.84216782592985,19.05089388060579],[72.84188524292645,19.050709924359005]]},"properties":{"id":"L01818","strahler":1,"length_m":82.4,"drop_m":0.09,"gradient":0.00114,"area_ha":4982.64,"on_drain_share":0.0,"downstream":null}},{"type":"Feature","geometry":{"type":"LineString","coordinates":[[72.83153087462746,19.050769172464573],[72.83248059904801,19.050780332008507],[72.83295780756859,19.050605287187725]]},"properties":{"id":"L01814","strahler":1,"length_m":158.3,"drop_m":-0.87,"gradient":0.0,"area_ha":6.11,"on_drain_share":0.0,"downstream":"L01819"}},{"type":"Feature","geometry":{"type":"LineString","coordinates":[[72.85378480374216,19.048680898379388],[72.85434651015565,19.04931971401639],[72.85434418740753,19.049500339356758],[72.85452948849421,19.04986379875396],[72.8545236818911,19.05031536212553],[72.85423527663647,19.050582986836993],[72.85423063054148,19.050944237438177],[72.8544182555399,19.051127071716113]]},"properties":{"id":"L01810","strahler":1,"length_m":323.8,"drop_m":-0.67,"gradient":0.0,"area_ha":10.6,"on_drain_share":0.0,"downstream":"L01800"}},{"type":"Feature","geometry":{"type":"LineString","coordinates":[[72.85566684762456,19.050057672508355],[72.85528579269223,19.05014356987419],[72.85480744151603,19.050408987624053],[72.8544182555399,19.051127071716113]]},"properties":{"id":"L01811","strahler":3,"length_m":203.1,"drop_m":-1.2,"gradient":0.0,"area_ha":123.24,"on_drain_share":0.0,"downstream":"L01800"}},{"type":"Feature","geometry":{"type":"LineString","coordinates":[[72.92337224932781,19.05182571780101],[72.92337674600459,19.05146445107691],[72.92424166555378,19.05066121929355],[72.92452659980061,19.050664424548696],[72.92565173954407,19.051851359783665]]},"properties":{"id":"L01815","strahler":3,"length_m":377.0,"drop_m":-0.42,"gradient":0.0,"area_ha":103.04,"on_drain_share":0.0,"downstream":"L01707"}},{"type":"Feature","geometry":{"type":"LineString","coordinates":[[72.87768939144905,19.051215567354106],[72.87779355727206,19.050494147480475],[72.87769973094123,19.050402741036134],[72.87751897182824,19.0496780438323],[72.87819298235316,19.048963177345815],[72.87819757607296,19.048601921007712],[72.87810375045228,19.048510514833282],[72.87810834424762,19.048149258498455],[72.8782044664581,19.04806003647209]]},"properties":{"id":"L01870","strahler":4,"length_m":403.8,"drop_m":2.7,"gradient":0.0067,"area_ha":781.71,"on_drain_share":0.0,"downstream":"L01889"}},{"type":"Feature","geometry":{"type":"LineString","coordinates":[[72.89668804550192,19.051162140599427],[72.89639969925801,19.051429837665264],[72.89527251056933,19.05042337416326],[72.89479876932319,19.05032764159389]]},"properties":{"id":"L01833","strahler":2,"length_m":262.1,"drop_m":-0.62,"gradient":0.0,"area_ha":102.91,"on_drain_share":0.0,"downstream":"L01844"}},{"type":"Feature","geometry":{"type":"LineString","coordinates":[[72.92436360786972,19.04849468558653],[72.92483175300832,19.04904192729501],[72.9247289128024,19.049673076639685],[72.92519706214047,19.05022031778268],[72.92519144659859,19.050671901768983],[72.92575233279669,19.05140084350139],[72.9257478412779,19.051762110773716],[72.92565173954407,19.051851359783665]]},"properties":{"id":"L01816","strahler":3,"length_m":444.6,"drop_m":1.17,"gradient":0.00264,"area_ha":217.25,"on_drain_share":0.0,"downstream":"L01707"}},{"type":"Feature","geometry":{"type":"LineString","coordinates":[[72.83295780756859,19.050605287187725],[72.83315009822336,19.05042689521089]]},"properties":{"id":"L01819","strahler":2,"length_m":28.3,"drop_m":0.12,"gradient":0.00419,"area_ha":41.56,"on_drain_share":0.0,"downstream":"L01841"}},{"type":"Feature","geometry":{"type":"LineString","coordinates":[[72.86633510415128,19.047742524033705],[72.86642892228967,19.04783393553461],[72.86709257853535,19.047931934343133],[72.86765664632715,19.04839008728473],[72.86784659297214,19.048392282146786],[72.86812920527697,19.048576201063998],[72.86898281319773,19.048676387854744],[72.86907663340314,19.04876779819236],[72.86907086651054,19.04921936592108],[72.86935232841445,19.049493596772084],[72.86934656203101,19.049945164546646],[72.86905702530396,19.050303128373116],[72.86905356485575,19.050574068964753],[72.8694288502876,19.050939710300632],[72.87056970196888,19.0508625536811],[72.87076195695224,19.050684118563677],[72.87095190659268,19.050686310484277],[72.87124028802914,19.050418657024863]]},"properties":{"id":"L01826","strahler":1,"length_m":831.8,"drop_m":5.6,"gradient":0.00673,"area_ha":20.71,"on_drain_share":0.0,"downstream":"L01881"}},{"type":"Feature","geometry":{"type":"LineString","coordinates":[[72.87959119929661,19.05105677878905],[72.87949737159856,19.050965373138606],[72.8795042586848,19.050423488283695],[72.87913124599719,19.04987723715069],[72.87932349152553,19.049698792088552],[72.87933956119684,19.048434394010297],[72.87915190885037,19.048251582678905],[72.8791542045933,19.04807095438528],[72.87925032625293,19.0479817317544],[72.8791599438372,19.047619383634597]]},"properties":{"id":"L01885","strahler":1,"length_m":425.6,"drop_m":1.69,"gradient":0.00396,"area_ha":8.55,"on_drain_share":0.0,"downstream":"L01890"}},{"type":"Feature","geometry":{"type":"LineString","coordinates":[[72.83315009822336,19.05042689521089],[72.83372814028225,19.049801406377668],[72.83373634799965,19.049169226299867]]},"properties":{"id":"L01841","strahler":3,"length_m":164.9,"drop_m":3.97,"gradient":0.02406,"area_ha":110.82,"on_drain_share":0.0,"downstream":null}},{"type":"Feature","geometry":{"type":"LineString","coordinates":[[72.89937241068225,19.049205500193118],[72.89850625440285,19.050098919977206],[72.8978414212399,19.050091346864964],[72.89745696430279,19.05044827908238],[72.89745582618325,19.050538594275977],[72.89736084981192,19.05053751198477],[72.89668804550192,19.051162140599427]]},"properties":{"id":"L01822","strahler":2,"length_m":382.8,"drop_m":3.1,"gradient":0.0081,"area_ha":90.74,"on_drain_share":0.0,"downstream":"L01833"}},{"type":"Feature","geometry":{"type":"LineString","coordinates":[[72.84122510608692,19.050340899577886],[72.84113013331462,19.050339788366777]]},"properties":{"id":"L01823","strahler":1,"length_m":10.0,"drop_m":-0.26,"gradient":0.0,"area_ha":4984.71,"on_drain_share":0.0,"downstream":null}},{"type":"Feature","geometry":{"type":"LineString","coordinates":[[72.89479876932319,19.05032764159389],[72.89442000475621,19.050232991695104],[72.89441658549029,19.050503936748886],[72.89403212093441,19.050860861013913],[72.89298738149314,19.05084893355542],[72.89270587480425,19.050574734843206],[72.89280655405021,19.05012424491152],[72.89233281572571,19.050028506221008],[72.89205131146142,19.049754306723607],[72.89205359344129,19.04957367694984]]},"properties":{"id":"L01844","strahler":3,"length_m":453.8,"drop_m":5.28,"gradient":0.01163,"area_ha":123.55,"on_drain_share":0.0,"downstream":"L01897"}},{"type":"Feature","geometry":{"type":"LineString","coordinates":[[72.91038512985071,19.042104237388475],[72.91048010221922,19.042105312520988],[72.91047897167955,19.042195628551408],[72.91094818236257,19.042652583784502],[72.91104315507718,19.042653658657173],[72.91102167885136,19.044369663590114],[72.91111439186017,19.04455137060738],[72.9109221833525,19.04472985274425],[72.91091992240939,19.044910484804028],[72.91082381788627,19.04499972576856],[72.91082155680225,19.04518035781169],[72.91100924419348,19.045363139973958],[72.91100698326359,19.04554377203144],[72.91128851538951,19.04581794501116],[72.91176225804837,19.045913634937875],[72.91185610262893,19.04600502564149],[72.91185384253318,19.04618565778432],[72.91260460359065,19.046916782089195],[72.91260347389262,19.04700709819543],[72.91336327640724,19.047015690887502],[72.91411291914939,19.047837126158022],[72.91411179020857,19.047927442342363],[72.91363126468575,19.048373654724863],[72.91287145586061,19.048365062547116],[72.91248816202769,19.04863171354092],[72.91220323343823,19.04862849003408],[72.91181767752893,19.049075771554328],[72.91181541699915,19.049256403632757],[72.91200310970305,19.049439185249767],[72.9119918075699,19.050342345675624],[72.91141516135592,19.050877792146935],[72.91113022912823,19.050874566618628],[72.9109380126328,19.051053047964277],[72.91065308019297,19.05104982167094]]},"properties":{"id":"L01824","strahler":2,"length_m":1533.7,"drop_m":13.53,"gradient":0.00882,"area_ha":50.35,"on_drain_share":0.0,"downstream":"L01803"}},{"type":"Feature","geometry":{"type":"LineString","coordinates":[[72.9382068589027,19.050546807552674],[72.9384884476881,19.05082094390055],[72.93867840574326,19.050823066142474],[72.9391488386228,19.051189641254638],[72.93971871436031,19.05119600547422],[72.94000142201587,19.051379822197426]]},"properties":{"id":"L01825","strahler":2,"length_m":227.3,"drop_m":0.92,"gradient":0.00406,"area_ha":78.82,"on_drain_share":0.0,"downstream":null}},{"type":"Feature","geometry":{"type":"LineString","coordinates":[[72.84094252515212,19.05015694207081],[72.83925407016073,19.048511318491304]]},"properties":{"id":"L01851","strahler":1,"length_m":254.6,"drop_m":1.15,"gradient":0.0045,"area_ha":4988.55,"on_drain_share":0.0,"downstream":null}},{"type":"Feature","geometry":{"type":"LineString","coordinates":[[72.91011828342107,19.048243573770232],[72.91010923421904,19.048966101340273],[72.91038963886433,19.049330591962015],[72.91038059028065,19.05005311957267],[72.91066099714013,19.050417609972786],[72.91065308019297,19.05104982167094]]},"properties":{"id":"L01828","strahler":1,"length_m":334.9,"drop_m":4.53,"gradient":0.01353,"area_ha":7.79,"on_drain_share":0.0,"downstream":"L01803"}},{"type":"Feature","geometry":{"type":"LineString","coordinates":[[72.87124028802914,19.050418657024863],[72.87287443205562,19.048901943732044],[72.87325432782987,19.04890632263685],[72.87334815072666,19.048997731039023],[72.87439286527798,19.049009768525757],[72.8751595586041,19.048476635914948],[72.87563442783511,19.048482103428583],[72.87630614153454,19.047947872024952],[72.87659106236383,19.047951150822485],[72.87687828141834,19.047773801148686],[72.87735314918123,19.047779264047623],[72.87744697398095,19.047870670530976]]},"properties":{"id":"L01881","strahler":2,"length_m":786.7,"drop_m":-0.57,"gradient":0.0,"area_ha":63.66,"on_drain_share":0.0,"downstream":"L01875"}},{"type":"Feature","geometry":{"type":"LineString","coordinates":[[72.8575651596296,19.05017005041772],[72.85709029120645,19.050164535955897],[72.85690266395214,19.049981704198753],[72.85661774332402,19.049978394676955],[72.8565216095579,19.05006760419882],[72.85566684762456,19.050057672508355]]},"properties":{"id":"L01830","strahler":2,"length_m":212.4,"drop_m":3.23,"gradient":0.01522,"area_ha":18.07,"on_drain_share":0.0,"downstream":"L01811"}},{"type":"Feature","geometry":{"type":"LineString","coordinates":[[72.8576612929612,19.05008084030379],[72.8575651596296,19.05017005041772]]},"properties":{"id":"L01831","strahler":1,"length_m":14.1,"drop_m":0.0,"gradient":0.0,"area_ha":4.13,"on_drain_share":0.0,"downstream":"L01830"}},{"type":"Feature","geometry":{"type":"LineString","coordinates":[[72.87399685845017,19.050269785559603],[72.87495810908213,19.049377587500373],[72.87581977674807,19.04884554587745],[72.87668373758856,19.04813287166347],[72.87696980785192,19.04804583588957],[72.87716205313038,19.047867393067698],[72.87744697398095,19.047870670530976]]},"properties":{"id":"L01874","strahler":1,"length_m":471.8,"drop_m":-0.16,"gradient":0.0,"area_ha":7.78,"on_drain_share":0.0,"downstream":"L01875"}},{"type":"Feature","geometry":{"type":"LineString","coordinates":[[72.85634674631348,19.048891331256055],[72.85653437179924,19.049074163419228],[72.85653205145069,19.049254789024072],[72.85614751744308,19.049611626738177],[72.85614635702751,19.04970193951288],[72.8560513836846,19.049700836014214],[72.85566684762456,19.050057672508355]]},"properties":{"id":"L01832","strahler":2,"length_m":181.4,"drop_m":3.72,"gradient":0.02053,"area_ha":101.9,"on_drain_share":0.0,"downstream":"L01811"}},{"type":"Feature","geometry":{"type":"LineString","coordinates":[[72.89518209173768,19.050061030500895],[72.89479876932319,19.05032764159389]]},"properties":{"id":"L01834","strahler":2,"length_m":52.4,"drop_m":-1.97,"gradient":0.0,"area_ha":9.11,"on_drain_share":0.0,"downstream":"L01844"}},{"type":"Feature","geometry":{"type":"LineString","coordinates":[[72.84133176336105,19.04943889183888],[72.84048753284375,19.04861608349715]]},"properties":{"id":"L01848","strahler":1,"length_m":127.3,"drop_m":1.09,"gradient":0.00855,"area_ha":228.37,"on_drain_share":0.0,"downstream":null}},{"type":"Feature","geometry":{"type":"LineString","coordinates":[[72.91515765391429,19.047848932257203],[72.91525150151516,19.047940321496117],[72.91524924484588,19.048120953993227],[72.91553304493355,19.048214488979962],[72.91609613454129,19.04876282289964],[72.91647604059075,19.04876711282909],[72.91675871505285,19.048950962418733],[72.91704702726345,19.0486832299138],[72.91771186300338,19.04869073332329],[72.91780571256619,19.04878212143273],[72.91780007748618,19.04923370336362],[72.91807937365793,19.049688500319505],[72.9180748659679,19.050049765893778],[72.91797763463344,19.050229327008374],[72.91816533573629,19.050412103081854]]},"properties":{"id":"L01835","strahler":1,"length_m":562.8,"drop_m":8.2,"gradient":0.01456,"area_ha":18.48,"on_drain_share":0.0,"downstream":"L01790"}},{"type":"Feature","geometry":{"type":"LineString","coordinates":[[72.9195029054281,19.049794885450687],[72.91902801904135,19.04978953042549],[72.91893191532564,19.049878775717207],[72.91874196072554,19.049876633256936],[72.91816533573629,19.050412103081854]]},"properties":{"id":"L01836","strahler":1,"length_m":169.0,"drop_m":0.1,"gradient":0.00056,"area_ha":7.07,"on_drain_share":0.0,"downstream":"L01790"}},{"type":"Feature","geometry":{"type":"LineString","coordinates":[[72.9353709071974,19.049431137975223],[72.93584021100754,19.049888037935638],[72.93621789015623,19.050072922340895],[72.9365028255627,19.05007610901518],[72.93678552738886,19.05025993017752],[72.93707046321681,19.050263116005677],[72.93716432521603,19.050354495334673],[72.93745037774235,19.050267363093194],[72.93801690121852,19.05054468485507],[72.9382068589027,19.050546807552674]]},"properties":{"id":"L01837","strahler":2,"length_m":358.0,"drop_m":0.17,"gradient":0.00046,"area_ha":70.38,"on_drain_share":0.0,"downstream":"L01825"}},{"type":"Feature","geometry":{"type":"LineString","coordinates":[[72.89471404935719,19.049513722593982],[72.89518209173768,19.050061030500895]]},"properties":{"id":"L01838","strahler":1,"length_m":80.7,"drop_m":0.59,"gradient":0.00728,"area_ha":4.59,"on_drain_share":0.0,"downstream":"L01834"}},{"type":"Feature","geometry":{"type":"LineString","coordinates":[[72.89527820697224,19.049971798815648],[72.89518209173768,19.050061030500895]]},"properties":{"id":"L01839","strahler":1,"length_m":14.1,"drop_m":0.0,"gradient":0.0,"area_ha":4.3,"on_drain_share":0.0,"downstream":"L01834"}},{"type":"Feature","geometry":{"type":"LineString","coordinates":[[72.9382169033126,19.049733949644907],[72.93802471429997,19.049912462120272],[72.9382113231479,19.050185537380905],[72.9382068589027,19.050546807552674]]},"properties":{"id":"L01840","strahler":1,"length_m":106.6,"drop_m":1.15,"gradient":0.01078,"area_ha":4.94,"on_drain_share":0.0,"downstream":"L01825"}},{"type":"Feature","geometry":{"type":"LineString","coordinates":[[72.84411629985462,19.047122978821285],[72.84382555186683,19.047571210366304],[72.84382321796541,19.047751834488412],[72.84353246795938,19.04820006535739],[72.84353013365788,19.048380689432236],[72.84295329803615,19.048915901205653],[72.84247843775164,19.04891034950683],[72.84209387772398,19.049267155045378]]},"properties":{"id":"L01842","strahler":3,"length_m":356.3,"drop_m":2.78,"gradient":0.00781,"area_ha":225.81,"on_drain_share":0.0,"downstream":null}},{"type":"Feature","geometry":{"type":"LineString","coordinates":[[72.85036812069164,19.048460475110097],[72.8495990314699,19.049174121679922],[72.8493176058004,19.048899863895937],[72.84932226199012,19.048538614383126],[72.84970913393052,19.04800116724027],[72.84971262526983,19.047730230010863],[72.84886835695227,19.046907456684156]]},"properties":{"id":"L01892","strahler":2,"length_m":429.4,"drop_m":-0.41,"gradient":0.0,"area_ha":31.68,"on_drain_share":0.0,"downstream":"L01899"}},{"type":"Feature","geometry":{"type":"LineString","coordinates":[[72.82490754617054,19.048794389983374],[72.82500369424537,19.048705198531003],[72.82501311164376,19.047982711116354],[72.82539770106267,19.047625944482284],[72.82549855554161,19.04717550880756],[72.82636740162415,19.046101846426534],[72.82637210673293,19.04574060229696],[72.82551738400113,19.045730533201844],[72.8253309761439,19.045457362169504],[72.82523600715189,19.045456243056773]]},"properties":{"id":"L01904","strahler":1,"length_m":540.4,"drop_m":7.58,"gradient":0.01402,"area_ha":13.23,"on_drain_share":0.0,"downstream":"L01935"}},{"type":"Feature","geometry":{"type":"LineString","coordinates":[[72.89205359344129,19.04957367694984],[72.89214970986802,19.049484447025122],[72.89196204102537,19.049301647280753],[72.89177323148479,19.049209162257117],[72.89139333045645,19.04920482139545],[72.89111182913643,19.048930620723542],[72.89073192890434,19.048926278561773],[72.8903565961719,19.048560676431975],[72.8907410619522,19.048203759995154],[72.8907433451497,19.048023130344014],[72.89027532354726,19.04747581301024],[72.89018034935856,19.04747472719233],[72.88942855182665,19.04683383558596]]},"properties":{"id":"L01897","strahler":3,"length_m":521.8,"drop_m":2.77,"gradient":0.0053,"area_ha":146.47,"on_drain_share":0.0,"downstream":"L01919"}},{"type":"Feature","geometry":{"type":"LineString","coordinates":[[72.86214010524021,19.048958543356225],[72.86280723200016,19.04878561825253],[72.86337244571476,19.049153470191172],[72.8636573661967,19.049156769150077]]},"properties":{"id":"L01845","strahler":1,"length_m":184.9,"drop_m":-0.38,"gradient":0.0,"area_ha":5.19,"on_drain_share":0.0,"downstream":"L01745"}},{"type":"Feature","geometry":{"type":"LineString","coordinates":[[72.88844567223278,19.04944209728154],[72.88873402614657,19.049174413499966],[72.88854750457217,19.04890129597848],[72.88683795747615,19.0488817263836],[72.8867441265075,19.048790324135357],[72.88675098922391,19.04824843660599],[72.88694436902979,19.047979667995502]]},"properties":{"id":"L01878","strahler":1,"length_m":373.1,"drop_m":1.71,"gradient":0.00459,"area_ha":11.58,"on_drain_share":0.0,"downstream":null}},{"type":"Feature","geometry":{"type":"LineString","coordinates":[[72.86318828155811,19.048699704647696],[72.8636573661967,19.049156769150077]]},"properties":{"id":"L01846","strahler":1,"length_m":70.7,"drop_m":-0.4,"gradient":0.0,"area_ha":5.53,"on_drain_share":0.0,"downstream":"L01745"}},{"type":"Feature","geometry":{"type":"LineString","coordinates":[[72.90373789725315,19.049526130833875],[72.90326869091864,19.049069157612198]]},"properties":{"id":"L01855","strahler":1,"length_m":70.7,"drop_m":2.61,"gradient":0.03686,"area_ha":4.23,"on_drain_share":0.0,"downstream":"L01864"}},{"type":"Feature","geometry":{"type":"LineString","coordinates":[[72.82007111975074,19.0481953685363],[72.82006758021325,19.048466300424387]]},"properties":{"id":"L01847","strahler":1,"length_m":30.0,"drop_m":2.59,"gradient":0.08629,"area_ha":5.58,"on_drain_share":0.0,"downstream":null}},{"type":"Feature","geometry":{"type":"LineString","coordinates":[[72.8554399616812,19.045538723606622],[72.8551504061302,19.045896663586102],[72.8554283560755,19.04644185128873],[72.85541791047,19.04725466612134],[72.85569934470011,19.047528915351172],[72.85569702365083,19.047709540887123],[72.85588696803323,19.047711747978585],[72.8560745917768,19.04789458045201],[72.85607111073007,19.048165518810578],[72.85644635998555,19.0485311833515],[72.85634674631348,19.048891331256055]]},"properties":{"id":"L01849","strahler":1,"length_m":456.3,"drop_m":2.22,"gradient":0.00486,"area_ha":11.59,"on_drain_share":0.0,"downstream":"L01832"}},{"type":"Feature","geometry":{"type":"LineString","coordinates":[[72.85864232346006,19.04765341592973],[72.85825779755687,19.048010258905702],[72.8568332105623,19.047993719007437],[72.8564486803319,19.04835055774269],[72.85654249281279,19.04844197377232],[72.85653901241773,19.048712912198123],[72.85634674631348,19.048891331256055]]},"properties":{"id":"L01850","strahler":2,"length_m":335.6,"drop_m":-2.19,"gradient":0.0,"area_ha":89.34,"on_drain_share":0.0,"downstream":"L01832"}},{"type":"Feature","geometry":{"type":"LineString","coordinates":[[72.89930017469557,19.0473981125293],[72.89929335304222,19.047940004498546],[72.8996687060511,19.04830559020877],[72.89966415887207,19.048666851575625],[72.89937468466954,19.049024869556025],[72.89937241068225,19.049205500193118]]},"properties":{"id":"L01853","strahler":1,"length_m":229.0,"drop_m":2.12,"gradient":0.00925,"area_ha":7.72,"on_drain_share":0.0,"downstream":"L01822"}},{"type":"Feature","geometry":{"type":"LineString","coordinates":[[72.90099267963352,19.04877229660872],[72.90070548039304,19.048949686133763],[72.90032557776766,19.048945363710487],[72.90013789962123,19.0487625714751],[72.89985297306598,19.048759328885435],[72.89937241068225,19.049205500193118]]},"properties":{"id":"L01854","strahler":2,"length_m":207.3,"drop_m":-0.97,"gradient":0.0,"area_ha":75.69,"on_drain_share":0.0,"downstream":"L01822"}},{"type":"Feature","geometry":{"type":"LineString","coordinates":[[72.83849780712491,19.048231484937016],[72.8381167514831,19.048317346374745]]},"properties":{"id":"L01856","strahler":1,"length_m":44.1,"drop_m":0.52,"gradient":0.01176,"area_ha":5230.64,"on_drain_share":0.0,"downstream":null}},{"type":"Feature","geometry":{"type":"LineString","coordinates":[[72.85084414537188,19.048375693917194],[72.85036812069164,19.048460475110097]]},"properties":{"id":"L01857","strahler":1,"length_m":54.1,"drop_m":-0.54,"gradient":0.0,"area_ha":4.11,"on_drain_share":0.0,"downstream":"L01892"}},{"type":"Feature","geometry":{"type":"LineString","coordinates":[[72.90326869091864,19.049069157612198],[72.90279494666726,19.048973445503922],[72.90270110604177,19.048882050531365],[72.90222622735917,19.048876652532165],[72.90166205178568,19.048418596042914],[72.90099267963352,19.04877229660872]]},"properties":{"id":"L01864","strahler":2,"length_m":285.6,"drop_m":-1.05,"gradient":0.0,"area_ha":48.52,"on_drain_share":0.0,"downstream":"L01854"}},{"type":"Feature","geometry":{"type":"LineString","coordinates":[[72.906823586669,19.04585768689635],[72.90511405060462,19.04583828952512],[72.90444129316866,19.046462951327303],[72.9044378908945,19.046733898239058],[72.90414956422046,19.04700160947092],[72.90442995203061,19.047366107666672],[72.90442541539603,19.047727370175885],[72.90470693894598,19.048001552461418],[72.9047046708597,19.048182183737637],[72.9039369258746,19.04880576403318],[72.90365199854979,19.04880252729991],[72.90326869091864,19.049069157612198]]},"properties":{"id":"L01858","strahler":2,"length_m":697.7,"drop_m":10.47,"gradient":0.01501,"area_ha":41.52,"on_drain_share":0.0,"downstream":"L01864"}},{"type":"Feature","geometry":{"type":"LineString","coordinates":[[72.83982740742911,19.04824705475633],[72.83963746444927,19.04824483108196]]},"properties":{"id":"L01859","strahler":1,"length_m":20.0,"drop_m":0.0,"gradient":0.0,"area_ha":232.36,"on_drain_share":0.0,"downstream":null}},{"type":"Feature","geometry":{"type":"LineString","coordinates":[[72.85135389211258,19.04567184850742],[72.85153802033157,19.046125622529225],[72.85105735054503,19.046571656215477],[72.85105502459935,19.046752281218634],[72.85114883302137,19.046843699629118],[72.85104339447685,19.04765540617737],[72.85085112445513,19.047833819066657],[72.85084879812032,19.048014444020637],[72.85036812069164,19.048460475110097]]},"properties":{"id":"L01860","strahler":1,"length_m":376.3,"drop_m":2.88,"gradient":0.00765,"area_ha":13.93,"on_drain_share":0.0,"downstream":"L01892"}},{"type":"Feature","geometry":{"type":"LineString","coordinates":[[72.93489825263603,19.049245189140514],[72.93518318639181,19.049248377718584],[72.9353709071974,19.049431137975223]]},"properties":{"id":"L01861","strahler":2,"length_m":58.3,"drop_m":-0.03,"gradient":0.0,"area_ha":47.69,"on_drain_share":0.0,"downstream":"L01837"}},{"type":"Feature","geometry":{"type":"LineString","coordinates":[[72.93719670471451,19.04773528791743],[72.9353709071974,19.049431137975223]]},"properties":{"id":"L01862","strahler":1,"length_m":268.7,"drop_m":-0.78,"gradient":0.0,"area_ha":13.19,"on_drain_share":0.0,"downstream":"L01837"}},{"type":"Feature","geometry":{"type":"LineString","coordinates":[[72.93205339543948,19.048852010383182],[72.93243330554742,19.048856267493214],[72.93262661757568,19.048587444035512],[72.93310150464623,19.048592763755472],[72.93319536341474,19.04868414482649],[72.9337652284537,19.04869052661952],[72.93404680641244,19.048964668818137],[72.93489825263603,19.049245189140514]]},"properties":{"id":"L01863","strahler":1,"length_m":347.3,"drop_m":1.84,"gradient":0.0053,"area_ha":8.33,"on_drain_share":0.0,"downstream":"L01861"}},{"type":"Feature","geometry":{"type":"LineString","coordinates":[[72.93264899569802,19.046781099018794],[72.93283671096145,19.046963861376675],[72.93302666394867,19.046965989020645],[72.93330935647147,19.047149814711418],[72.93358869451006,19.0476045919465],[72.9336780796546,19.0480572419857],[72.93489825263603,19.049245189140514]]},"properties":{"id":"L01865","strahler":2,"length_m":387.0,"drop_m":2.35,"gradient":0.00607,"area_ha":34.21,"on_drain_share":0.0,"downstream":"L01861"}},{"type":"Feature","geometry":{"type":"LineString","coordinates":[[72.90447531273986,19.043753481740605],[72.90428309886855,19.043931956381275],[72.903618287793,19.043924406423628],[72.90361601905191,19.044105037653186],[72.90332656163321,19.04446306357396],[72.90351423927933,19.04464585251459],[72.90322591524045,19.044913562562428],[72.90293985989123,19.045000640933775],[72.90256337069324,19.04472537733288],[72.90227958572018,19.044631823615603],[72.90208850387553,19.044719980111225],[72.90122238664362,19.045613416687406],[72.90122125087194,19.045703732147103],[72.90159660400975,19.046069313938105],[72.90188152629361,19.046072553397032],[72.90245477640634,19.045808084412204],[72.9032043559271,19.04662955847417],[72.90329365680064,19.04708221538823],[72.90310257243576,19.0471703726952],[72.9021528247236,19.047159578474187],[72.90186449395102,19.047427285699797],[72.90186108730936,19.047698232134753],[72.90214260618397,19.047972417927657],[72.90166318749323,19.048328280584133],[72.9014732367578,19.048326120523242],[72.90099267963352,19.04877229660872]]},"properties":{"id":"L01866","strahler":1,"length_m":1266.1,"drop_m":12.53,"gradient":0.00989,"area_ha":22.67,"on_drain_share":0.0,"downstream":"L01854"}},{"type":"Feature","geometry":{"type":"LineString","coordinates":[[72.88351957181676,19.048392057139008],[72.88409628890115,19.047856705555702]]},"properties":{"id":"L01876","strahler":1,"length_m":84.9,"drop_m":0.23,"gradient":0.00277,"area_ha":5.71,"on_drain_share":0.0,"downstream":"L01913"}},{"type":"Feature","geometry":{"type":"LineString","coordinates":[[72.8480008041303,19.04789092658781],[72.84819074775692,19.047893141617806],[72.84847915656665,19.04762552678463],[72.84866909995122,19.04762774129283],[72.84876523592646,19.047538536117493],[72.84886253600773,19.047359018517348],[72.84886835695227,19.046907456684156]]},"properties":{"id":"L01891","strahler":1,"length_m":170.7,"drop_m":0.33,"gradient":0.00195,"area_ha":7.35,"on_drain_share":0.0,"downstream":"L01899"}},{"type":"Feature","geometry":{"type":"LineString","coordinates":[[72.86045258874749,19.04722278131489],[72.86073403204155,19.047497023665755],[72.86054177149612,19.047675447695983],[72.86035182657477,19.047673245397675],[72.85996730389449,19.048030092291217],[72.85930249562239,19.048022381186613],[72.85920868168753,19.04793096643247],[72.8590187366415,19.0479287627342],[72.85864232346006,19.04765341592973]]},"properties":{"id":"L01873","strahler":1,"length_m":303.8,"drop_m":2.7,"gradient":0.00889,"area_ha":7.19,"on_drain_share":0.0,"downstream":"L01850"}},{"type":"Feature","geometry":{"type":"LineString","coordinates":[[72.8800066746499,19.04826140472861],[72.8798190216737,19.04807859402099],[72.87953524768542,19.047985006013704],[72.8791599438372,19.047619383634597]]},"properties":{"id":"L01886","strahler":1,"length_m":119.0,"drop_m":0.72,"gradient":0.00601,"area_ha":5.45,"on_drain_share":0.0,"downstream":"L01890"}},{"type":"Feature","geometry":{"type":"LineString","coordinates":[[72.92796936817034,19.04880619713105],[72.92806322396108,19.04889758055792]]},"properties":{"id":"L01867","strahler":1,"length_m":14.1,"drop_m":0.0,"gradient":0.0,"area_ha":4.37,"on_drain_share":0.0,"downstream":"L01805"}},{"type":"Feature","geometry":{"type":"LineString","coordinates":[[72.92601750096189,19.045351749120368],[72.92544203680336,19.04579692878627],[72.92581744841908,19.046162466350907],[72.92581520340784,19.046343100098746],[72.92591017912207,19.04634416752379],[72.92647330050974,19.046892472498598],[72.926663252649,19.046894606681967],[72.92666100845993,19.047075240512584],[72.92675486258895,19.04716662446128],[72.92713140200416,19.047441842930024],[72.92741633127925,19.047445043204924],[72.92779287250816,19.04772026047811],[72.92787999862287,19.048353545785673],[72.92806770974185,19.048536312642387],[72.92806322396108,19.04889758055792]]},"properties":{"id":"L01868","strahler":3,"length_m":583.6,"drop_m":5.82,"gradient":0.00997,"area_ha":274.74,"on_drain_share":0.0,"downstream":"L01805"}},{"type":"Feature","geometry":{"type":"LineString","coordinates":[[72.84003020957516,19.047255848070304],[72.84002787160915,19.047436471745275],[72.83983442222002,19.047705183839387]]},"properties":{"id":"L01869","strahler":1,"length_m":58.3,"drop_m":1.8,"gradient":0.0309,"area_ha":4.79,"on_drain_share":0.0,"downstream":null}},{"type":"Feature","geometry":{"type":"LineString","coordinates":[[72.92417140710185,19.048673182378252],[72.92436360786972,19.04849468558653]]},"properties":{"id":"L01872","strahler":1,"length_m":28.3,"drop_m":0.14,"gradient":0.0049,"area_ha":4.19,"on_drain_share":0.0,"downstream":"L01816"}},{"type":"Feature","geometry":{"type":"LineString","coordinates":[[72.8775419476108,19.047871762921144],[72.87763577257093,19.047963169322657],[72.8782044664581,19.04806003647209]]},"properties":{"id":"L01871","strahler":3,"length_m":78.3,"drop_m":2.8,"gradient":0.03578,"area_ha":154.33,"on_drain_share":0.0,"downstream":"L01889"}},{"type":"Feature","geometry":{"type":"LineString","coordinates":[[72.8782044664581,19.04806003647209],[72.87897344044774,19.04734625806956]]},"properties":{"id":"L01889","strahler":4,"length_m":113.1,"drop_m":-3.3,"gradient":0.0,"area_ha":936.85,"on_drain_share":0.0,"downstream":"L01937"}},{"type":"Feature","geometry":{"type":"LineString","coordinates":[[72.87744697398095,19.047870670530976],[72.8775419476108,19.047871762921144]]},"properties":{"id":"L01875","strahler":2,"length_m":10.0,"drop_m":0.0,"gradient":0.0,"area_ha":71.77,"on_drain_share":0.0,"downstream":"L01871"}},{"type":"Feature","geometry":{"type":"LineString","coordinates":[[72.9243647313004,19.048404368817433],[72.92436360786972,19.04849468558653]]},"properties":{"id":"L01879","strahler":3,"length_m":10.0,"drop_m":0.0,"gradient":0.0,"area_ha":204.58,"on_drain_share":0.0,"downstream":"L01816"}},{"type":"Feature","geometry":{"type":"LineString","coordinates":[[72.85779808301398,19.039423916162868],[72.85750970318787,19.039691548647475],[72.85750738512489,19.0398721745512],[72.85741125819543,19.03996138524434],[72.85750390798134,19.040143113399658],[72.85749347619708,19.04095592989372],[72.85758728558729,19.04104734510871],[72.85758496743045,19.041227970995163],[72.85739271182355,19.04140639223216],[72.8573903934092,19.041587018088535],[72.85729426533622,19.041676228602455],[72.85738343800901,19.042128895634846],[72.85699776422602,19.042576050061744],[72.85746681478336,19.043033127251043],[72.85745985906232,19.043575004739836],[72.85802388376179,19.044033183324352],[72.85802040663793,19.04430412214281],[72.85876858325247,19.045216068043683],[72.85866318321544,19.046027782815873],[72.8585670529348,19.04611699376955],[72.85855546386514,19.0470201232496],[72.85845933290345,19.047109334076623],[72.85845701489528,19.047289959948092],[72.85864232346006,19.04765341592973]]},"properties":{"id":"L01880","strahler":2,"length_m":1073.3,"drop_m":4.86,"gradient":0.00452,"area_ha":74.91,"on_drain_share":0.0,"downstream":"L01850"}},{"type":"Feature","geometry":{"type":"LineString","coordinates":[[72.87064806990772,19.044721225619263],[72.87130595851538,19.04527077688944],[72.87158857028614,19.045454690418946],[72.87187348598518,19.04545797608393],[72.87281399623198,19.046191435507254],[72.87328885823761,19.046196908423383],[72.8734765014454,19.04637972491142],[72.8738563916293,19.046384102020326],[72.87395251475826,19.046294882316595],[72.87518715799146,19.046309101822082],[72.87537480360083,19.046491916590657],[72.87575354490468,19.046586603781375],[72.87622381148462,19.046953325199926],[72.8766037036532,19.046957696782464],[72.8775419476108,19.047871762921144]]},"properties":{"id":"L01882","strahler":2,"length_m":879.1,"drop_m":0.07,"gradient":8e-05,"area_ha":81.29,"on_drain_share":0.0,"downstream":"L01871"}},{"type":"Feature","geometry":{"type":"LineString","coordinates":[[72.88409628890115,19.047856705555702],[72.88496135760109,19.047053674073542],[72.88496364690323,19.04687304507556],[72.88449450379635,19.04641602962822],[72.88449679352102,19.046235400672444],[72.88412262627315,19.045779473194848],[72.88412949632931,19.045237586409463],[72.88422561380885,19.04514836074413]]},"properties":{"id":"L01913","strahler":3,"length_m":378.7,"drop_m":-1.07,"gradient":0.0,"area_ha":235.2,"on_drain_share":0.0,"downstream":"L01917"}},{"type":"Feature","geometry":{"type":"LineString","coordinates":[[72.92408317165645,19.04813021341387],[72.9243647313004,19.048404368817433]]},"properties":{"id":"L01883","strahler":1,"length_m":42.4,"drop_m":0.13,"gradient":0.00311,"area_ha":4.05,"on_drain_share":0.0,"downstream":"L01879"}},{"type":"Feature","geometry":{"type":"LineString","coordinates":[[72.92399493660473,19.047587244431956],[72.9243681015544,19.04813341850448],[72.9243647313004,19.048404368817433]]},"properties":{"id":"L01884","strahler":3,"length_m":106.6,"drop_m":-0.43,"gradient":0.0,"area_ha":200.5,"on_drain_share":0.0,"downstream":"L01879"}},{"type":"Feature","geometry":{"type":"LineString","coordinates":[[72.87080229310259,19.047523140975812],[72.8718469966924,19.04753519197353],[72.87194312151368,19.047445973496533],[72.87222804067675,19.047449258944418],[72.8725164141217,19.04718160265858],[72.87289745708209,19.047095668131025],[72.87337807625306,19.046649571983046],[72.87375796702662,19.046653949354063],[72.87404518623835,19.046476604145617]]},"properties":{"id":"L01900","strahler":1,"length_m":389.7,"drop_m":-0.74,"gradient":0.0,"area_ha":11.16,"on_drain_share":0.0,"downstream":null}},{"type":"Feature","geometry":{"type":"LineString","coordinates":[[72.8791599438372,19.047619383634597],[72.87897344044774,19.04734625806956]]},"properties":{"id":"L01890","strahler":2,"length_m":38.3,"drop_m":-0.22,"gradient":0.0,"area_ha":14.46,"on_drain_share":0.0,"downstream":"L01937"}},{"type":"Feature","geometry":{"type":"LineString","coordinates":[[72.82493226715081,19.04689786052969],[72.82494756914565,19.045723818276404],[72.82504253827162,19.045724937552606],[72.82523600715189,19.045456243056773]]},"properties":{"id":"L01903","strahler":1,"length_m":178.3,"drop_m":5.24,"gradient":0.02939,"area_ha":7.42,"on_drain_share":0.0,"downstream":"L01935"}},{"type":"Feature","geometry":{"type":"LineString","coordinates":[[72.84487606907669,19.047131853412864],[72.84450085056851,19.04676616807441]]},"properties":{"id":"L01893","strahler":1,"length_m":56.6,"drop_m":-1.96,"gradient":0.0,"area_ha":5.41,"on_drain_share":0.0,"downstream":"L01888"}},{"type":"Feature","geometry":{"type":"LineString","coordinates":[[72.84290035371124,19.045663558664998],[72.84318176287665,19.04593782475698],[72.84337170367706,19.045940044526375],[72.84365311411317,19.046214310013735],[72.84384305528727,19.046216529329175],[72.84421827110152,19.046582215762577],[72.84411629985462,19.047122978821285]]},"properties":{"id":"L01887","strahler":1,"length_m":245.6,"drop_m":1.78,"gradient":0.00725,"area_ha":8.6,"on_drain_share":0.0,"downstream":"L01842"}},{"type":"Feature","geometry":{"type":"LineString","coordinates":[[72.84450085056851,19.04676616807441],[72.84411629985462,19.047122978821285]]},"properties":{"id":"L01888","strahler":3,"length_m":56.6,"drop_m":-0.14,"gradient":0.0,"area_ha":211.72,"on_drain_share":0.0,"downstream":"L01842"}},{"type":"Feature","geometry":{"type":"LineString","coordinates":[[72.87897344044774,19.04734625806956],[72.87916568291901,19.047167812860184],[72.87945060294678,19.047171087115682],[72.87964284473867,19.04699264133667],[72.87973667052196,19.047084046740917],[72.87993005929636,19.046815286417658],[72.87993694336247,19.046273401167273],[72.879843117867,19.046181995891008],[72.87984655994705,19.045911053266845],[72.87966235182354,19.045457300021084],[72.87967038360826,19.044825100576116],[72.87995874136621,19.04455743098232],[72.87996218294246,19.044286488290222],[72.88035239249878,19.04347802326567]]},"properties":{"id":"L01937","strahler":4,"length_m":550.4,"drop_m":1.48,"gradient":0.0027,"area_ha":961.54,"on_drain_share":0.0,"downstream":"L01963"}},{"type":"Feature","geometry":{"type":"LineString","coordinates":[[72.84886835695227,19.046907456684156],[72.84887301358957,19.046546207200482],[72.84868539989432,19.04636336829791],[72.84783299071631,19.046172777557985]]},"properties":{"id":"L01899","strahler":2,"length_m":166.6,"drop_m":0.83,"gradient":0.00495,"area_ha":40.66,"on_drain_share":0.0,"downstream":"L01894"}},{"type":"Feature","geometry":{"type":"LineString","coordinates":[[72.84783299071631,19.046172777557985],[72.84773685516198,19.04626198228789],[72.84745194260084,19.046258659242657],[72.84717052521879,19.04598439893182],[72.84660070131595,19.04597775074747],[72.84650456529604,19.046066954782887],[72.84555602477616,19.04596555784771],[72.84545988826439,19.04605476128431],[72.8452699470715,19.046052543650312],[72.84450085056851,19.04676616807441]]},"properties":{"id":"L01894","strahler":3,"length_m":412.1,"drop_m":-0.11,"gradient":0.0,"area_ha":205.86,"on_drain_share":0.0,"downstream":"L01888"}},{"type":"Feature","geometry":{"type":"LineString","coordinates":[[72.9209714503949,19.046288596713627],[72.92115915111741,19.046471369702672],[72.921442952766,19.046564895657657],[72.92162952953038,19.0468379848684],[72.92181948102247,19.046840124029444],[72.92200605870408,19.047113212939394],[72.92352567422137,19.04713031790037],[72.92399493660473,19.047587244431956]]},"properties":{"id":"L01895","strahler":2,"length_m":389.7,"drop_m":5.63,"gradient":0.01446,"area_ha":34.9,"on_drain_share":0.0,"downstream":"L01884"}},{"type":"Feature","geometry":{"type":"LineString","coordinates":[[72.9213024952119,19.042588824440596],[72.92129799630388,19.04295009103435],[72.92120189800467,19.043039338060524],[72.92129124775123,19.04349199089658],[72.92138509684068,19.0435833771408],[72.92176499238609,19.043587655068173],[72.92204654096189,19.04386181304774],[72.9223314632065,19.043865020590893],[72.92327109064416,19.044688559955382],[72.92326210017663,19.045411093869216],[72.92354477791278,19.045594933288964],[72.92354140680641,19.045865883534383],[72.92372798656801,19.046138970893157],[72.92371562627528,19.047132455142073],[72.92399493660473,19.047587244431956]]},"properties":{"id":"L01896","strahler":3,"length_m":731.1,"drop_m":9.64,"gradient":0.01319,"area_ha":164.83,"on_drain_share":0.0,"downstream":"L01884"}},{"type":"Feature","geometry":{"type":"LineString","coordinates":[[72.89248710493287,19.045333214718486],[72.892481402475,19.04578478947924],[72.89209694616207,19.04614171052751],[72.89209466467186,19.046322340373358],[72.89190243566875,19.046500800506777],[72.89190015392178,19.04668143032291],[72.89161180930104,19.04694912002814],[72.89028103251745,19.04702423897567],[72.8901872004113,19.0469328383812],[72.88971233110377,19.04692740872571],[72.889618499389,19.04683600787626],[72.88942855182665,19.04683383558596]]},"properties":{"id":"L01898","strahler":2,"length_m":459.7,"drop_m":4.1,"gradient":0.00891,"area_ha":45.44,"on_drain_share":0.0,"downstream":"L01919"}},{"type":"Feature","geometry":{"type":"LineString","coordinates":[[72.91924838136707,19.047353127816006],[72.92020827085325,19.046550985296797],[72.92049319735317,19.046554196112066],[72.9209714503949,19.046288596713627]]},"properties":{"id":"L01907","strahler":1,"length_m":229.7,"drop_m":1.31,"gradient":0.00571,"area_ha":8.82,"on_drain_share":0.0,"downstream":"L01895"}},{"type":"Feature","geometry":{"type":"LineString","coordinates":[[72.88572343529022,19.046881751457367],[72.88459749059739,19.045784916912293],[72.8845986353664,19.045694602422685],[72.88422332393152,19.045328989689384],[72.88422561380885,19.04514836074413]]},"properties":{"id":"L01914","strahler":1,"length_m":256.3,"drop_m":-1.68,"gradient":0.0,"area_ha":7.15,"on_drain_share":0.0,"downstream":"L01917"}},{"type":"Feature","geometry":{"type":"LineString","coordinates":[[72.88942855182665,19.04683383558596],[72.88923860429011,19.04683166310048],[72.88886099435076,19.046646688085776],[72.8880062319115,19.04663690782872],[72.88725559046011,19.04590569383151],[72.88715947395335,19.045994921183716],[72.8869695276501,19.04599274645578],[72.88621660605737,19.045442158086015],[72.88602666049894,19.04543998244874],[72.88574403045838,19.045256089506],[72.88526916728532,19.04525064888253],[72.88517533909253,19.04515924608287],[72.88498539398407,19.045157069405455],[72.88470391036786,19.04488286051516],[72.88422904857632,19.044877417319135]]},"properties":{"id":"L01919","strahler":3,"length_m":645.3,"drop_m":-0.69,"gradient":0.0,"area_ha":205.99,"on_drain_share":0.0,"downstream":"L01944"}},{"type":"Feature","geometry":{"type":"LineString","coordinates":[[72.93197744592227,19.047315553437272],[72.93264899569802,19.046781099018794]]},"properties":{"id":"L01902","strahler":1,"length_m":94.9,"drop_m":-0.25,"gradient":0.0,"area_ha":5.12,"on_drain_share":0.0,"downstream":"L01865"}},{"type":"Feature","geometry":{"type":"LineString","coordinates":[[72.84891841029057,19.04302402393723],[72.84881994934516,19.043293854301407],[72.84862768273197,19.04347226521086],[72.84861720577703,19.044285076666387],[72.84832763921293,19.044643004754295],[72.84831366694897,19.045726752993023],[72.84783299071631,19.046172777557985]]},"properties":{"id":"L01901","strahler":3,"length_m":395.6,"drop_m":1.38,"gradient":0.00349,"area_ha":155.8,"on_drain_share":0.0,"downstream":"L01894"}},{"type":"Feature","geometry":{"type":"LineString","coordinates":[[72.82523600715189,19.045456243056773],[72.82523836085758,19.045275621117426],[72.82514456886895,19.045184191001905],[72.8249546312259,19.045181952566743],[72.82467325622319,19.044907661731777],[72.82467561046462,19.044727039849455],[72.82458181909149,19.044635609503985],[72.82420312258306,19.044540820489654],[72.8242054772842,19.044360198656772],[72.82392410487735,19.044085906916333],[72.82344926432918,19.044080307634076],[72.82326168381688,19.04389744585146],[72.82307292579874,19.043804894770673],[72.82269305420184,19.043800413754845],[72.82250547488441,19.04361755131166],[72.82193566838399,19.0436108278077],[72.82146554487561,19.043243980501046],[72.82146790236513,19.043063358972702]]},"properties":{"id":"L01935","strahler":2,"length_m":554.6,"drop_m":5.24,"gradient":0.00945,"area_ha":36.25,"on_drain_share":0.0,"downstream":null}},{"type":"Feature","geometry":{"type":"LineString","coordinates":[[72.90852633370626,19.04641896372936],[72.90814643493202,19.046414657950322],[72.90748727441111,19.045955541869482],[72.906823586669,19.04585768689635]]},"properties":{"id":"L01911","strahler":1,"length_m":204.9,"drop_m":1.65,"gradient":0.00805,"area_ha":6.7,"on_drain_share":0.0,"downstream":"L01858"}},{"type":"Feature","geometry":{"type":"LineString","coordinates":[[72.93183002312054,19.043881370172787],[72.931827784903,19.044062004654393],[72.93163447768225,19.04433082777156],[72.93162888141995,19.04478241389058],[72.9320959241305,19.045419955872376],[72.93209144785598,19.045781224832577],[72.93237413732618,19.045965051692008],[72.93255961372135,19.046328448750657],[72.93255513822024,19.046689717781494],[72.93264899569802,19.046781099018794]]},"properties":{"id":"L01905","strahler":1,"length_m":379.7,"drop_m":1.1,"gradient":0.0029,"area_ha":16.24,"on_drain_share":0.0,"downstream":"L01865"}},{"type":"Feature","geometry":{"type":"LineString","coordinates":[[72.93455970225314,19.04589919467505],[72.9343675145703,19.046077703455556],[72.93417756243247,19.046075577286416],[72.93408146834712,19.046164831477352],[72.93370156396725,19.0461605783366],[72.9336054695993,19.046249832250076],[72.93303449434609,19.046333768036806],[72.93265011453778,19.046690781758016],[72.93264899569802,19.046781099018794]]},"properties":{"id":"L01906","strahler":1,"length_m":247.3,"drop_m":0.46,"gradient":0.00187,"area_ha":8.22,"on_drain_share":0.0,"downstream":"L01865"}},{"type":"Feature","geometry":{"type":"LineString","coordinates":[[72.89646687440957,19.046101243760436],[72.89647028949729,19.045830298219464],[72.89637645426589,19.04573890050161]]},"properties":{"id":"L01909","strahler":1,"length_m":44.1,"drop_m":0.74,"gradient":0.01667,"area_ha":4.23,"on_drain_share":0.0,"downstream":"L01920"}},{"type":"Feature","geometry":{"type":"LineString","coordinates":[[72.91614350172205,19.044969537876472],[72.91633345042402,19.04497168247965],[72.91642729727903,19.04506307105394],[72.91709211834024,19.04507057532473],[72.91757262510359,19.04462435198758],[72.9184273934755,19.044633994380977],[72.91881066924941,19.04436732915614],[72.91899949151376,19.044459787450386],[72.9206876495409,19.04619507010016],[72.92087760018757,19.04619721016084],[72.9209714503949,19.046288596713627]]},"properties":{"id":"L01908","strahler":1,"length_m":640.1,"drop_m":8.99,"gradient":0.01404,"area_ha":20.55,"on_drain_share":0.0,"downstream":"L01895"}},{"type":"Feature","geometry":{"type":"LineString","coordinates":[[72.89637645426589,19.04573890050161],[72.89609153356113,19.045735652601948],[72.89562235980924,19.045278662782987],[72.89562691486208,19.04491740222435]]},"properties":{"id":"L01920","strahler":2,"length_m":140.7,"drop_m":1.34,"gradient":0.00954,"area_ha":16.16,"on_drain_share":0.0,"downstream":"L01915"}},{"type":"Feature","geometry":{"type":"LineString","coordinates":[[72.89943266266789,19.044418787028793],[72.8992427166528,19.044416625099302],[72.89895438690058,19.044684327855737],[72.89895211301666,19.044864958528734],[72.89904594935794,19.044956355032397],[72.89885372875355,19.045134823302725],[72.89828047654487,19.0453992807858],[72.89752068874073,19.045390626727695],[72.89713624309479,19.045747559420427],[72.89637645426589,19.04573890050161]]},"properties":{"id":"L01910","strahler":1,"length_m":413.8,"drop_m":1.14,"gradient":0.00276,"area_ha":10.69,"on_drain_share":0.0,"downstream":"L01920"}},{"type":"Feature","geometry":{"type":"LineString","coordinates":[[72.9076388583134,19.041440826236187],[72.90763433014017,19.041802089720576],[72.90734601743189,19.042069807389318],[72.90677618458217,19.042063346202923],[72.9067716543833,19.04242460946315],[72.90657944439789,19.042603086902613],[72.90657717902931,19.042783718501294],[72.90628773006863,19.043141749945075],[72.90609778466947,19.043139595206327],[72.90590557313239,19.043318071782846],[72.90590104072855,19.043679334792326],[72.90599601371991,19.043680412316625],[72.90637024138303,19.04413630080377],[72.9063679755917,19.044316932348277],[72.90617576282388,19.044495409083055],[72.90645841751993,19.044679272766675],[72.90702033104368,19.045317946405046],[72.90720914651929,19.045410416241364],[72.906823586669,19.04585768689635]]},"properties":{"id":"L01912","strahler":1,"length_m":720.1,"drop_m":16.12,"gradient":0.02239,"area_ha":17.04,"on_drain_share":0.0,"downstream":"L01858"}},{"type":"Feature","geometry":{"type":"LineString","coordinates":[[72.8644691637331,19.045101466151483],[72.86456529054443,19.045012251746375],[72.86456991272215,19.04465099846482],[72.86391320697359,19.044011112241268],[72.86362945122046,19.04391750125998],[72.8633422273796,19.044094829642017],[72.86296697041749,19.04372917846879],[72.86230333465728,19.043631166639003],[72.86173929802642,19.043173000107785],[72.86135710380088,19.043349225071925],[72.86088804071669,19.042892156661857],[72.86061007669355,19.04234697582624],[72.85995571143587,19.04152645156622],[72.8598653739485,19.041164098177127],[72.85939632086013,19.040707026873093]]},"properties":{"id":"L01988","strahler":1,"length_m":862.3,"drop_m":7.21,"gradient":0.00836,"area_ha":17.87,"on_drain_share":0.0,"downstream":"L02014"}},{"type":"Feature","geometry":{"type":"LineString","coordinates":[[72.89362564283951,19.045436540687408],[72.89324917012686,19.045161259465498],[72.89267933189626,19.045154753764788],[72.89248710493287,19.045333214718486]]},"properties":{"id":"L01916","strahler":1,"length_m":140.7,"drop_m":1.69,"gradient":0.01204,"area_ha":4.62,"on_drain_share":0.0,"downstream":"L01898"}},{"type":"Feature","geometry":{"type":"LineString","coordinates":[[72.92924329822806,19.04565896007695],[72.9284834942015,19.045650433321782],[72.92838739764757,19.04573968428468],[72.92819744661428,19.04573755199945],[72.92763207958673,19.0453698860333],[72.92725217856909,19.045365619793092],[72.92706334987037,19.045273169425638]]},"properties":{"id":"L01925","strahler":1,"length_m":254.9,"drop_m":2.23,"gradient":0.00874,"area_ha":8.55,"on_drain_share":0.0,"downstream":"L01924"}},{"type":"Feature","geometry":{"type":"LineString","coordinates":[[72.88422561380885,19.04514836074413],[72.88422904857632,19.044877417319135]]},"properties":{"id":"L01917","strahler":3,"length_m":30.0,"drop_m":-0.05,"gradient":0.0,"area_ha":242.7,"on_drain_share":0.0,"downstream":"L01944"}},{"type":"Feature","geometry":{"type":"LineString","coordinates":[[72.89562691486208,19.04491740222435],[72.89505707658947,19.044910903941876],[72.89496324267277,19.044819505620637],[72.89467832379651,19.044816255690904],[72.89449065661735,19.044633458672735],[72.89420573814542,19.04463020804426],[72.89420915661809,19.04435926285527],[72.89383268505821,19.044083982935966],[72.89354434815282,19.044351676463844],[72.89335440293496,19.044349508484324],[72.89335212303622,19.04453013851182],[72.89325601032402,19.044619369444618],[72.89278114665478,19.044613948315146],[72.89277772581566,19.04488489324695],[72.89248938587093,19.045152584807546],[72.89248710493287,19.045333214718486]]},"properties":{"id":"L01915","strahler":2,"length_m":483.8,"drop_m":4.56,"gradient":0.00943,"area_ha":29.33,"on_drain_share":0.0,"downstream":"L01898"}},{"type":"Feature","geometry":{"type":"LineString","coordinates":[[72.83921055150527,19.044536487386623],[72.83921405919551,19.044265551934387],[72.83893149038049,19.04408159246758],[72.83893616777101,19.043720345245013],[72.8386547696389,19.043446073670868],[72.8381810959832,19.04335020068436]]},"properties":{"id":"L01931","strahler":1,"length_m":204.9,"drop_m":5.76,"gradient":0.02811,"area_ha":7.61,"on_drain_share":0.0,"downstream":null}},{"type":"Feature","geometry":{"type":"LineString","coordinates":[[72.86941113622602,19.044887604115107],[72.86969605055265,19.04489089304604],[72.87017551791347,19.044535119012505],[72.87064806990772,19.044721225619263]]},"properties":{"id":"L01918","strahler":1,"length_m":154.9,"drop_m":1.43,"gradient":0.00922,"area_ha":8.92,"on_drain_share":0.0,"downstream":"L01882"}},{"type":"Feature","geometry":{"type":"LineString","coordinates":[[72.87529937754132,19.044955486119285],[72.875301677024,19.044774858213895],[72.87559119052412,19.044416882147562],[72.87559348962108,19.04423625419735],[72.8756896105565,19.04414703335847],[72.87541044449527,19.043692183957976]]},"properties":{"id":"L01933","strahler":1,"length_m":169.0,"drop_m":0.31,"gradient":0.00186,"area_ha":6.17,"on_drain_share":0.0,"downstream":"L01959"}},{"type":"Feature","geometry":{"type":"LineString","coordinates":[[72.88109496480838,19.044841461633855],[72.8811041374464,19.044118947258337],[72.88101031233333,19.04402754261149]]},"properties":{"id":"L01929","strahler":1,"length_m":94.1,"drop_m":0.05,"gradient":0.00057,"area_ha":9.25,"on_drain_share":0.0,"downstream":"L01938"}},{"type":"Feature","geometry":{"type":"LineString","coordinates":[[72.88422904857632,19.044877417319135],[72.88338575118036,19.04396447218041],[72.88281706628541,19.04386762203048],[72.88243947123344,19.04368263514775],[72.88206416905805,19.043317018841716],[72.8818742264284,19.04331483916631]]},"properties":{"id":"L01944","strahler":4,"length_m":326.3,"drop_m":0.84,"gradient":0.00257,"area_ha":650.63,"on_drain_share":0.0,"downstream":"L01930"}},{"type":"Feature","geometry":{"type":"LineString","coordinates":[[72.88965732788249,19.04376530506511],[72.88927287126874,19.044122220164837],[72.88927058698414,19.044302849720438],[72.88859778315165,19.044927448712915],[72.88831286526282,19.04492418894294],[72.8878437169802,19.04446718156963],[72.8874638277072,19.044462833661587],[72.8868070260377,19.04382302050443]]},"properties":{"id":"L01934","strahler":2,"length_m":415.3,"drop_m":-0.91,"gradient":0.0,"area_ha":25.69,"on_drain_share":0.0,"downstream":"L01922"}},{"type":"Feature","geometry":{"type":"LineString","coordinates":[[72.93698433865907,19.041861463541977],[72.93698099006946,19.04213241620599],[72.93735642201916,19.042497932027935],[72.93725809954334,19.042767823389852],[72.93754079077314,19.042951642441306],[72.93734637752964,19.043310790129684],[72.93753409493,19.04349354788754],[72.93752516678616,19.04421608842957],[72.93808943937984,19.04467404339213],[72.93808720783346,19.04485467857364],[72.93836878776555,19.045128814338458],[72.93836544080378,19.045399767143795],[72.93855427711183,19.045492206542715],[72.9392191092213,19.04549963130218],[72.93950626745806,19.04532217727949],[72.93998003251862,19.045417796121864]]},"properties":{"id":"L01926","strahler":1,"length_m":675.3,"drop_m":9.45,"gradient":0.01399,"area_ha":22.99,"on_drain_share":0.0,"downstream":null}},{"type":"Feature","geometry":{"type":"LineString","coordinates":[[72.86689769339948,19.040884191049066],[72.86689653936976,19.040974504545126],[72.86774203231305,19.041706888048424],[72.86793197136602,19.041709082082733],[72.86802809436873,19.041619865471134],[72.86821687999435,19.04171237276835],[72.86821457324706,19.041892999899048],[72.86849486928448,19.042257544496277],[72.86849256276676,19.04243817164912],[72.86914928229913,19.043078042775893],[72.86914697638224,19.04325866998991],[72.87064806990772,19.044721225619263]]},"properties":{"id":"L01921","strahler":2,"length_m":635.0,"drop_m":2.42,"gradient":0.00382,"area_ha":55.01,"on_drain_share":0.0,"downstream":"L01882"}},{"type":"Feature","geometry":{"type":"LineString","coordinates":[[72.8868070260377,19.04382302050443],[72.8863344540136,19.043636953786415],[72.885574680091,19.04362825134389],[72.88422904857632,19.044877417319135]]},"properties":{"id":"L01922","strahler":3,"length_m":336.3,"drop_m":0.45,"gradient":0.00135,"area_ha":197.09,"on_drain_share":0.0,"downstream":"L01944"}},{"type":"Feature","geometry":{"type":"LineString","coordinates":[[72.92527790836374,19.043717505756316],[72.92556058597107,19.043901342056287],[72.92527117243408,19.044259406945887],[72.92526555898499,19.044710991244514],[72.92545550849667,19.044713126435482],[72.92601862329833,19.045261432225633],[72.92601750096189,19.045351749120368]]},"properties":{"id":"L01923","strahler":2,"length_m":255.6,"drop_m":3.66,"gradient":0.01434,"area_ha":45.41,"on_drain_share":0.0,"downstream":"L01868"}},{"type":"Feature","geometry":{"type":"LineString","coordinates":[[72.92706334987037,19.045273169425638],[72.92658847406075,19.045267835066674],[72.92630579299707,19.045084000040774],[72.92601750096189,19.045351749120368]]},"properties":{"id":"L01924","strahler":3,"length_m":130.7,"drop_m":-2.86,"gradient":0.0,"area_ha":222.8,"on_drain_share":0.0,"downstream":"L01868"}},{"type":"Feature","geometry":{"type":"LineString","coordinates":[[72.84411348604739,19.039987212141405],[72.84439488884857,19.04026147579171],[72.84438322697939,19.041164597417477],[72.8445708302535,19.04134743975299],[72.84456616567894,19.041708688414282],[72.84379708854051,19.04242231189068],[72.84379475528773,19.042602936109926],[72.84350401569475,19.043051168042577],[72.84378542201306,19.043325432948876],[72.84377958850223,19.0437769934423],[72.84434357169664,19.044235210233616],[72.84453351070601,19.044237428617237],[72.8451103239747,19.04370220955591],[72.84530376011857,19.043433490523736],[72.8453060918487,19.04325286614069],[72.84559449596186,19.042985255360367],[72.84578443370634,19.042987472317378],[72.84597670242343,19.04280906460761],[72.84626277413071,19.042722077096492],[72.8470318433602,19.042008442457153],[72.84788655922875,19.042018410082772]]},"properties":{"id":"L01958","strahler":1,"length_m":1070.5,"drop_m":3.44,"gradient":0.00321,"area_ha":25.28,"on_drain_share":0.0,"downstream":"L01942"}},{"type":"Feature","geometry":{"type":"LineString","coordinates":[[72.89677000647714,19.044659447892162],[72.89629627998629,19.04456372060552],[72.89610861111343,19.044380925085978],[72.89572872000852,19.044376594201132],[72.8956326085334,19.04446582650471],[72.89562691486208,19.04491740222435]]},"properties":{"id":"L01927","strahler":1,"length_m":186.6,"drop_m":1.05,"gradient":0.00563,"area_ha":6.08,"on_drain_share":0.0,"downstream":"L01915"}},{"type":"Feature","geometry":{"type":"LineString","coordinates":[[72.92888693197595,19.043758038736055],[72.92763768684459,19.04491830108789],[72.92744773683616,19.044916168119745],[72.92706334987037,19.045273169425638]]},"properties":{"id":"L01928","strahler":3,"length_m":260.4,"drop_m":0.29,"gradient":0.0011,"area_ha":208.57,"on_drain_share":0.0,"downstream":"L01924"}},{"type":"Feature","geometry":{"type":"LineString","coordinates":[[72.85043326433741,19.043402976805577],[72.8500487335101,19.04375980205484],[72.84966885522225,19.043755376545782],[72.84948124337384,19.04357253862435],[72.84948589780718,19.043211288864534],[72.84911067605682,19.042845612635297],[72.84901570705361,19.04284450589979]]},"properties":{"id":"L01945","strahler":1,"length_m":231.4,"drop_m":0.95,"gradient":0.0041,"area_ha":6.67,"on_drain_share":0.0,"downstream":"L01943"}},{"type":"Feature","geometry":{"type":"LineString","coordinates":[[72.86144628811653,19.043801891229446],[72.86116716369955,19.0433470240929],[72.86079191348965,19.04298136909649],[72.86042013782519,19.042344774190145]]},"properties":{"id":"L01955","strahler":1,"length_m":205.6,"drop_m":-0.21,"gradient":0.0,"area_ha":5.87,"on_drain_share":0.0,"downstream":"L01987"}},{"type":"Feature","geometry":{"type":"LineString","coordinates":[[72.88101031233333,19.04402754261149],[72.88035239249878,19.04347802326567]]},"properties":{"id":"L01938","strahler":4,"length_m":94.9,"drop_m":0.26,"gradient":0.00272,"area_ha":667.92,"on_drain_share":0.0,"downstream":"L01963"}},{"type":"Feature","geometry":{"type":"LineString","coordinates":[[72.8818742264284,19.04331483916631],[72.88101031233333,19.04402754261149]]},"properties":{"id":"L01930","strahler":4,"length_m":123.1,"drop_m":0.32,"gradient":0.00262,"area_ha":657.98,"on_drain_share":0.0,"downstream":"L01938"}},{"type":"Feature","geometry":{"type":"LineString","coordinates":[[72.88901308344258,19.04213203657241],[72.8888208567919,19.04231049371683],[72.88881742997297,19.042581438022662],[72.88862177534205,19.043030839143313],[72.88756451536021,19.044012347323644],[72.88728188562372,19.04382845678116],[72.8868070260377,19.04382302050443]]},"properties":{"id":"L01936","strahler":3,"length_m":360.4,"drop_m":-1.78,"gradient":0.0,"area_ha":162.99,"on_drain_share":0.0,"downstream":"L01922"}},{"type":"Feature","geometry":{"type":"LineString","coordinates":[[72.8753143237144,19.04378140466639],[72.87541044449527,19.043692183957976]]},"properties":{"id":"L01932","strahler":1,"length_m":14.1,"drop_m":0.0,"gradient":0.0,"area_ha":4.31,"on_drain_share":0.0,"downstream":"L01959"}},{"type":"Feature","geometry":{"type":"LineString","coordinates":[[72.87541044449527,19.043692183957976],[72.87569880622237,19.043424521467465],[72.87570455330255,19.04297295150473],[72.87580182272293,19.042793416518283],[72.87628012319708,19.04252793871794],[72.87656503477302,19.042531216659203],[72.87684650012261,19.04280543635669],[72.87703644155236,19.04280762114767],[72.87713256089118,19.042718399389134],[72.8771383038649,19.042266828970664]]},"properties":{"id":"L01959","strahler":2,"length_m":335.6,"drop_m":1.0,"gradient":0.00297,"area_ha":14.4,"on_drain_share":0.0,"downstream":"L01956"}},{"type":"Feature","geometry":{"type":"LineString","coordinates":[[72.89073283459645,19.041338745387087],[72.89054061059937,19.041517204603657],[72.89043993303633,19.04196769360006],[72.89015159527078,19.04223538170876],[72.89014588749635,19.042686955939327],[72.88975915093442,19.043224502070448],[72.88965732788249,19.04376530506511]]},"properties":{"id":"L01939","strahler":1,"length_m":315.6,"drop_m":1.1,"gradient":0.00347,"area_ha":7.3,"on_drain_share":0.0,"downstream":"L01934"}},{"type":"Feature","geometry":{"type":"LineString","coordinates":[[72.8917558404018,19.043066663795816],[72.89137595335397,19.043062324243294],[72.89118372779072,19.043240783974042],[72.89023400972533,19.043229930591316],[72.88965732788249,19.04376530506511]]},"properties":{"id":"L01940","strahler":1,"length_m":253.1,"drop_m":2.18,"gradient":0.00863,"area_ha":11.56,"on_drain_share":0.0,"downstream":"L01934"}},{"type":"Feature","geometry":{"type":"LineString","coordinates":[[72.84009332467593,19.04237900740738],[72.84028092399237,19.042561853755313],[72.83980140741734,19.042917544440044],[72.8393265651824,19.04291198631591],[72.8392304276308,19.04300118637738],[72.83904049069368,19.04299896267738],[72.83894669151331,19.042907538938575],[72.83847184957555,19.04290197861936],[72.8382807432094,19.042990065926165]]},"properties":{"id":"L01941","strahler":2,"length_m":267.3,"drop_m":6.77,"gradient":0.02531,"area_ha":55.54,"on_drain_share":0.0,"downstream":null}},{"type":"Feature","geometry":{"type":"LineString","coordinates":[[72.88035239249878,19.04347802326567],[72.88035927389541,19.042936137671152],[72.88045539172369,19.042846914016934],[72.88045997896079,19.042485656908905],[72.88065336052499,19.04221689507347],[72.88065565386064,19.04203626648583]]},"properties":{"id":"L01963","strahler":5,"length_m":172.4,"drop_m":0.26,"gradient":0.00151,"area_ha":1630.95,"on_drain_share":0.0,"downstream":"L02026"}},{"type":"Feature","geometry":{"type":"LineString","coordinates":[[72.84788655922875,19.042018410082772],[72.84863699513373,19.042749766074614],[72.84882693299156,19.042751979875803],[72.84891841029057,19.04302402393723]]},"properties":{"id":"L01942","strahler":2,"length_m":167.3,"drop_m":1.59,"gradient":0.00949,"area_ha":98.6,"on_drain_share":0.0,"downstream":"L01901"}},{"type":"Feature","geometry":{"type":"LineString","coordinates":[[72.84901570705361,19.04284450589979],[72.84891841029057,19.04302402393723]]},"properties":{"id":"L01943","strahler":3,"length_m":24.1,"drop_m":-0.23,"gradient":0.0,"area_ha":51.34,"on_drain_share":0.0,"downstream":"L01901"}},{"type":"Feature","geometry":{"type":"LineString","coordinates":[[72.88273469650267,19.04287307413838],[72.8823548121139,19.04286871606952],[72.8818742264284,19.04331483916631]]},"properties":{"id":"L01946","strahler":1,"length_m":110.7,"drop_m":0.05,"gradient":0.00043,"area_ha":6.51,"on_drain_share":0.0,"downstream":"L01930"}},{"type":"Feature","geometry":{"type":"LineString","coordinates":[[72.85046466551974,19.040964539057573],[72.8495033509957,19.041856602129723],[72.84950102398933,19.042037227040055],[72.84901803469116,19.042663881062985],[72.84901570705361,19.04284450589979]]},"properties":{"id":"L01947","strahler":3,"length_m":272.1,"drop_m":0.74,"gradient":0.00272,"area_ha":44.48,"on_drain_share":0.0,"downstream":"L01943"}},{"type":"Feature","geometry":{"type":"LineString","coordinates":[[72.91770104593164,19.034328274445127],[72.91769428900247,19.034870173569804],[72.91825734597998,19.035418498019425],[72.9186372221977,19.03542278061672],[72.91939022308875,19.035973243116622],[72.91977010084229,19.035977523504],[72.9199577897051,19.03616029667838],[72.92024157355102,19.03625382284854],[72.9205231082678,19.036527981942744],[72.92051523486087,19.03716019857214],[72.92070292581376,19.037342971170677],[72.922222451168,19.037360078422193],[72.92241014437535,19.03754284947917],[72.92240564914667,19.03790411652474],[72.92381448711754,19.039184577944436],[72.92456752298344,19.0397350223379],[72.92456527743629,19.039915656067723],[72.92369929714025,19.04080921247946],[72.92369592719679,19.041080162891685],[72.92407020193303,19.041536019635515],[72.92406795561922,19.04171665327304],[72.92434950551365,19.041990807848425],[72.92482437132838,19.04199614708301],[72.92501094966215,19.042269233039338],[72.92520089636558,19.04227136822917],[72.92529474718917,19.04236275263333],[72.92529025697523,19.042724020153614],[72.92519416073687,19.042813269476927],[72.92518405686579,19.043626121284703],[72.92527790836374,19.043717505756316]]},"properties":{"id":"L01948","strahler":1,"length_m":1671.0,"drop_m":107.46,"gradient":0.06431,"area_ha":33.31,"on_drain_share":0.0,"downstream":"L01923"}},{"type":"Feature","geometry":{"type":"LineString","coordinates":[[72.92550714152945,19.04055854949517],[72.92531607431997,19.040646731705277],[72.92531382946662,19.04082736550326],[72.92540767962859,19.04091874979215],[72.92569259746111,19.04092195167339],[72.9258802984386,19.04110471987456],[72.92587580981076,19.04146598757842],[72.92577859241862,19.04164555423375],[72.92615399645302,19.042011090451144],[72.92615063026315,19.04228204125103],[72.9262444816631,19.042373425221726],[72.92633384518342,19.042826076909456],[72.92594833912013,19.043273393110688],[72.9257583911867,19.043271258581772],[72.92527790836374,19.043717505756316]]},"properties":{"id":"L01949","strahler":1,"length_m":492.8,"drop_m":3.9,"gradient":0.00792,"area_ha":10.35,"on_drain_share":0.0,"downstream":"L01923"}},{"type":"Feature","geometry":{"type":"LineString","coordinates":[[72.9288367820002,19.04014428946605],[72.92931164391817,19.04014961666516],[72.92959320089363,19.040423763845748],[72.92958423994526,19.04114630099483],[72.92967809283529,19.0412376833465],[72.929482545681,19.04168713852868],[72.92947694443629,19.042138724160573],[72.92928475662053,19.042317227607846],[72.92937412853149,19.042769878603313],[72.92889253532921,19.043306453352248],[72.92888693197595,19.043758038736055]]},"properties":{"id":"L01950","strahler":3,"length_m":508.0,"drop_m":7.99,"gradient":0.01572,"area_ha":134.37,"on_drain_share":0.0,"downstream":"L01928"}},{"type":"Feature","geometry":{"type":"LineString","coordinates":[[72.93136858168522,19.042792241803586],[72.93108030129595,19.043060000002836],[72.9305082169034,19.04323424608335],[72.93002774561045,19.04368050684659],[72.92898302703706,19.04366878736166],[72.92888693197595,19.043758038736055]]},"properties":{"id":"L01951","strahler":2,"length_m":305.6,"drop_m":4.87,"gradient":0.01593,"area_ha":71.46,"on_drain_share":0.0,"downstream":"L01928"}},{"type":"Feature","geometry":{"type":"LineString","coordinates":[[72.86041666492105,19.04261571348391],[72.86042013782519,19.042344774190145]]},"properties":{"id":"L01954","strahler":1,"length_m":30.0,"drop_m":0.62,"gradient":0.02071,"area_ha":4.29,"on_drain_share":0.0,"downstream":"L01987"}},{"type":"Feature","geometry":{"type":"LineString","coordinates":[[72.8771383038649,19.042266828970664],[72.87818183086098,19.04236915507577],[72.87847018609007,19.042101487563233],[72.87866012691971,19.04210367060652],[72.87884777247763,19.042286481829084],[72.87913268411734,19.04228975576884],[72.87912694652915,19.042741326771704],[72.87922076985936,19.04283273221849],[72.87969562429296,19.04283818773204],[72.87979288954871,19.042658650214122],[72.87998283117533,19.042660831958244],[72.88007894900954,19.042571608501884]]},"properties":{"id":"L01956","strahler":3,"length_m":407.3,"drop_m":1.31,"gradient":0.00322,"area_ha":56.58,"on_drain_share":0.0,"downstream":"L01962"}},{"type":"Feature","geometry":{"type":"LineString","coordinates":[[72.90848455220515,19.042173040408553],[72.90847549904032,19.042895567696625],[72.90885199546148,19.043170819817522],[72.90942183284837,19.04317727495911],[72.90961404083191,19.042998794340377],[72.90962422013124,19.042185950553204],[72.90991252977966,19.041918228996227],[72.91010247425403,19.041920379678388],[72.91038512985071,19.042104237388475]]},"properties":{"id":"L01975","strahler":1,"length_m":411.4,"drop_m":2.38,"gradient":0.00579,"area_ha":8.61,"on_drain_share":0.0,"downstream":"L01824"}},{"type":"Feature","geometry":{"type":"LineString","coordinates":[[72.84177083339448,19.03752104420622],[72.84129600588317,19.037515492658528],[72.84081533893114,19.037961499784018],[72.84080833118665,19.0385033716234],[72.84013539071638,19.03912777875738],[72.84013071713433,19.03948902644604],[72.84031714526851,19.039762184421523],[72.84012487500823,19.039940586035474],[72.83964887243441,19.0400253414646],[72.8392643295581,19.040382142844614],[72.83925030184793,19.04146588509315],[72.84000303113572,19.042016648516217],[72.84009332467593,19.04237900740738]]},"properties":{"id":"L01952","strahler":2,"length_m":766.0,"drop_m":1.07,"gradient":0.0014,"area_ha":42.65,"on_drain_share":0.0,"downstream":"L01941"}},{"type":"Feature","geometry":{"type":"LineString","coordinates":[[72.84076511151352,19.04184491387619],[72.84067014360276,19.041843802904683],[72.84009332467593,19.04237900740738]]},"properties":{"id":"L01953","strahler":1,"length_m":94.9,"drop_m":-0.93,"gradient":0.0,"area_ha":7.47,"on_drain_share":0.0,"downstream":"L01941"}},{"type":"Feature","geometry":{"type":"LineString","coordinates":[[72.88007894900954,19.042571608501884],[72.88026774366381,19.042664104208537],[72.8804634193206,19.04221471406792],[72.88065565386064,19.04203626648583]]},"properties":{"id":"L01962","strahler":3,"length_m":110.7,"drop_m":0.18,"gradient":0.00166,"area_ha":61.44,"on_drain_share":0.0,"downstream":"L02026"}},{"type":"Feature","geometry":{"type":"LineString","coordinates":[[72.91331798594729,19.043040705715548],[72.9133202440574,19.042860073342162],[72.91370465132545,19.042503102859417],[72.91370578014025,19.042412786645627],[72.91427900219313,19.04214827781671],[72.91484883806933,19.042154715878553],[72.91531918974187,19.042521344821317],[72.91570359231378,19.042164369678225],[72.91579856503945,19.042165442078705],[72.91561200286557,19.041892348245174],[72.91561425834782,19.041711715584572],[72.91599753079744,19.041445055915965]]},"properties":{"id":"L01986","strahler":1,"length_m":462.8,"drop_m":5.65,"gradient":0.0122,"area_ha":12.9,"on_drain_share":0.0,"downstream":"L01990"}},{"type":"Feature","geometry":{"type":"LineString","coordinates":[[72.86042013782519,19.042344774190145],[72.85985958462874,19.04161566355536],[72.85986190037626,19.041435037406917],[72.85939632086013,19.040707026873093]]},"properties":{"id":"L01987","strahler":2,"length_m":225.6,"drop_m":-0.99,"gradient":0.0,"area_ha":10.96,"on_drain_share":0.0,"downstream":"L02014"}},{"type":"Feature","geometry":{"type":"LineString","coordinates":[[72.879799772442,19.04211676476854],[72.87989015457987,19.04247911262139],[72.88007894900954,19.042571608501884]]},"properties":{"id":"L01957","strahler":1,"length_m":68.3,"drop_m":0.01,"gradient":8e-05,"area_ha":4.54,"on_drain_share":0.0,"downstream":"L01962"}},{"type":"Feature","geometry":{"type":"LineString","coordinates":[[72.8653608667992,19.042221326529937],[72.86574536441681,19.04186446574764],[72.86593530340113,19.04186666185309],[72.86603142745956,19.041777446396445],[72.86603604562033,19.041416192642146],[72.86613216934498,19.041326977098393],[72.86632210776602,19.041329172746437],[72.86632441648652,19.041148545828104],[72.86623060177708,19.041057134584673],[72.86623406494321,19.040786194213997],[72.86633018817369,19.040696978515665]]},"properties":{"id":"L01992","strahler":1,"length_m":243.1,"drop_m":4.4,"gradient":0.01808,"area_ha":7.02,"on_drain_share":0.0,"downstream":"L02002"}},{"type":"Feature","geometry":{"type":"LineString","coordinates":[[72.84723109788811,19.041288159245912],[72.84722993319684,19.041378471571825],[72.84788655922875,19.042018410082772]]},"properties":{"id":"L01960","strahler":2,"length_m":109.0,"drop_m":-2.09,"gradient":0.0,"area_ha":67.22,"on_drain_share":0.0,"downstream":"L01942"}},{"type":"Feature","geometry":{"type":"LineString","coordinates":[[72.8992688604893,19.04233937164167],[72.89907664341209,19.042517840503816],[72.89823213093852,19.04169527168622],[72.89690253208538,19.041680127517647],[72.89662103219808,19.041405935397822],[72.89633611884146,19.041402688585478],[72.89605462039685,19.04112849572801],[72.89586467853755,19.04112633068296],[72.89558318136245,19.040852137217694],[72.89558659687017,19.040581191677337],[72.8951117439696,19.04057577764493],[72.89472844487243,19.040842390932255]]},"properties":{"id":"L02003","strahler":3,"length_m":605.3,"drop_m":9.75,"gradient":0.0161,"area_ha":64.48,"on_drain_share":0.0,"downstream":"L02036"}},{"type":"Feature","geometry":{"type":"LineString","coordinates":[[72.87695640364637,19.041632445796328],[72.87714289812708,19.041905572618813],[72.8771383038649,19.042266828970664]]},"properties":{"id":"L01961","strahler":2,"length_m":78.3,"drop_m":0.09,"gradient":0.00114,"area_ha":33.49,"on_drain_share":0.0,"downstream":"L01956"}},{"type":"Feature","geometry":{"type":"LineString","coordinates":[[72.9009817613581,19.042087873263238],[72.90050803844899,19.04199215723916],[72.90021971512192,19.042259862636204],[72.8992688604893,19.04233937164167]]},"properties":{"id":"L01964","strahler":2,"length_m":200.7,"drop_m":-1.51,"gradient":0.0,"area_ha":18.52,"on_drain_share":0.0,"downstream":"L02003"}},{"type":"Feature","geometry":{"type":"LineString","coordinates":[[72.92083100366003,19.042312526116092],[72.92101870019648,19.04249529888189],[72.9213024952119,19.042588824440596]]},"properties":{"id":"L01965","strahler":2,"length_m":62.4,"drop_m":0.56,"gradient":0.00894,"area_ha":104.85,"on_drain_share":0.0,"downstream":"L01896"}},{"type":"Feature","geometry":{"type":"LineString","coordinates":[[72.93187030671263,19.040629948856967],[72.9318613555112,19.04135248703308],[72.93166805193731,19.041621310560895],[72.93165909935892,19.042343848566972],[72.93137082023874,19.042611607349752],[72.93136858168522,19.042792241803586]]},"properties":{"id":"L01966","strahler":2,"length_m":260.7,"drop_m":0.5,"gradient":0.0019,"area_ha":60.0,"on_drain_share":0.0,"downstream":"L01951"}},{"type":"Feature","geometry":{"type":"LineString","coordinates":[[72.93365914033534,19.04191459979142],[72.93346695682307,19.042093108047787],[72.93308706185461,19.042088854516496],[72.9329932064856,19.04199747368548],[72.93213732487571,19.042078217273065],[72.93136858168522,19.042792241803586]]},"properties":{"id":"L01967","strahler":1,"length_m":289.7,"drop_m":1.85,"gradient":0.0064,"area_ha":7.59,"on_drain_share":0.0,"downstream":"L01951"}},{"type":"Feature","geometry":{"type":"LineString","coordinates":[[72.88065565386064,19.04203626648583],[72.88076896930203,19.04059232797761],[72.88096464063732,19.040142936845363],[72.88097381140201,19.039420422164042],[72.88116604191275,19.039241973635118],[72.88116948049613,19.038971030574917]]},"properties":{"id":"L02026","strahler":5,"length_m":360.7,"drop_m":0.5,"gradient":0.00139,"area_ha":1695.44,"on_drain_share":0.0,"downstream":"L02035"}},{"type":"Feature","geometry":{"type":"LineString","coordinates":[[72.89966692955686,19.04089864826668],[72.89966465693036,19.041079279096433],[72.89975849179088,19.041170675105533],[72.89966124794245,19.041350225333957],[72.89965442979334,19.041892117783423],[72.8992688604893,19.04233937164167]]},"properties":{"id":"L01968","strahler":3,"length_m":184.9,"drop_m":-0.65,"gradient":0.0,"area_ha":35.57,"on_drain_share":0.0,"downstream":"L02003"}},{"type":"Feature","geometry":{"type":"LineString","coordinates":[[72.9161874754727,19.041447200287944],[72.9163751655501,19.04162997721853],[72.91666008295671,19.041633193150695],[72.91694161936115,19.041907357865675],[72.91760642807692,19.04191485909015],[72.9178879666155,19.042189022546076],[72.9183628310397,19.04219437845009],[72.91864437136645,19.04246854090683],[72.92063880731669,19.04249101965498],[72.92073603054584,19.04231145629588],[72.92083100366003,19.042312526116092]]},"properties":{"id":"L01974","strahler":2,"length_m":549.7,"drop_m":8.26,"gradient":0.01503,"area_ha":96.37,"on_drain_share":0.0,"downstream":"L01965"}},{"type":"Feature","geometry":{"type":"LineString","coordinates":[[72.9199161591547,19.0395020115518],[72.9199094074346,19.040043911138923],[72.92000212868764,19.04022561446087],[72.92066018244309,19.040775003835197],[72.92104007142456,19.04077928264761],[72.92123226521778,19.040600788431608],[72.92151718175097,19.04060399670328],[72.92170487738673,19.040786768691174],[72.92236968366015,19.04079425234434],[72.92274620161672,19.041069477893135],[72.9227394584809,19.041611378365182],[72.92264336172056,19.041700626300905],[72.92226347025547,19.041696350587788],[72.92168688646044,19.042231835627117],[72.92149694022665,19.042229696826986],[72.9213047446278,19.042408191138044],[72.9213024952119,19.042588824440596]]},"properties":{"id":"L01969","strahler":2,"length_m":695.3,"drop_m":7.48,"gradient":0.01076,"area_ha":41.13,"on_drain_share":0.0,"downstream":"L01896"}},{"type":"Feature","geometry":{"type":"LineString","coordinates":[[72.88797525816445,19.04157819762163],[72.88873502394073,19.041586889287505],[72.88901650985697,19.04186109221913],[72.88901308344258,19.04213203657241]]},"properties":{"id":"L01970","strahler":1,"length_m":152.4,"drop_m":2.74,"gradient":0.01795,"area_ha":5.96,"on_drain_share":0.0,"downstream":"L01936"}},{"type":"Feature","geometry":{"type":"LineString","coordinates":[[72.89085519023907,19.039172272790886],[72.89085290830505,19.039352902627904],[72.89037121285246,19.039889366082555],[72.89036778901779,19.040160310730908],[72.88998334289805,19.040517228388907],[72.889883806353,19.040877402193992],[72.88949935748896,19.041234318558242],[72.88949593197938,19.04150526301449],[72.88901308344258,19.04213203657241]]},"properties":{"id":"L01971","strahler":3,"length_m":408.7,"drop_m":1.36,"gradient":0.00332,"area_ha":152.89,"on_drain_share":0.0,"downstream":"L01936"}},{"type":"Feature","geometry":{"type":"LineString","coordinates":[[72.90107559752015,19.042179268716634],[72.9009817613581,19.042087873263238]]},"properties":{"id":"L01972","strahler":1,"length_m":14.1,"drop_m":0.0,"gradient":0.0,"area_ha":4.14,"on_drain_share":0.0,"downstream":"L01964"}},{"type":"Feature","geometry":{"type":"LineString","coordinates":[[72.90490054681997,19.04014516617295],[72.90480557590583,19.04014408827751],[72.90479877491293,19.040685982589395],[72.90460883248842,19.040683826586218],[72.90441548889115,19.04095261746511],[72.90356074702832,19.04094291200963],[72.90346690999434,19.040851517745303],[72.90223114960664,19.040927806780548],[72.9022266098672,19.041289069030913],[72.90155499823568,19.04182340579278],[72.9013650549134,19.04182124632937],[72.9009817613581,19.042087873263238]]},"properties":{"id":"L01973","strahler":1,"length_m":573.8,"drop_m":21.24,"gradient":0.03702,"area_ha":11.33,"on_drain_share":0.0,"downstream":"L01964"}},{"type":"Feature","geometry":{"type":"LineString","coordinates":[[72.87345287084646,19.04077917153495],[72.87392196648582,19.04123621086114],[72.87420572532038,19.04132980615021],[72.8743933647304,19.041512621360695],[72.87458330438648,19.041514808532316],[72.87477094443793,19.041697623415672],[72.87505585431744,19.04170090354802],[72.87534421276838,19.041433241279307],[72.8756291223032,19.041436520483455],[72.8757252414473,19.041347299442403],[72.87601015090617,19.04135057804447],[72.87638543452785,19.0417162050274],[72.87657537466175,19.041718390172534],[72.87676761229815,19.04153994698167],[72.87695640364637,19.041632445796328]]},"properties":{"id":"L01980","strahler":2,"length_m":457.0,"drop_m":-0.69,"gradient":0.0,"area_ha":27.4,"on_drain_share":0.0,"downstream":"L01961"}},{"type":"Feature","geometry":{"type":"LineString","coordinates":[[72.91885120743582,19.041115934919105],[72.91923109675481,19.04112021752639],[72.91951263702063,19.041394378650857],[72.91998749967722,19.04139973016241],[72.92017406901407,19.041672820212835],[72.92036401445438,19.041674960313543],[72.92045786206849,19.04176634690096],[72.92045561181823,19.041946980118603],[72.92055058470817,19.04194805006336],[72.92083100366003,19.042312526116092]]},"properties":{"id":"L01976","strahler":1,"length_m":287.3,"drop_m":5.74,"gradient":0.01998,"area_ha":8.03,"on_drain_share":0.0,"downstream":"L01965"}},{"type":"Feature","geometry":{"type":"LineString","coordinates":[[72.85312609564703,19.040814860049867],[72.85274622328849,19.040810441528485],[72.85236170346525,19.04116727276562],[72.85169692583834,19.041159536951874],[72.85140969638965,19.041336846022553],[72.85121975981818,19.041334635035867],[72.85074956961381,19.040967856567427],[72.85046466551974,19.040964539057573]]},"properties":{"id":"L01982","strahler":2,"length_m":321.4,"drop_m":1.1,"gradient":0.00341,"area_ha":24.77,"on_drain_share":0.0,"downstream":"L01947"}},{"type":"Feature","geometry":{"type":"LineString","coordinates":[[72.85368893729547,19.041363362644415],[72.85312609564703,19.040814860049867]]},"properties":{"id":"L01984","strahler":1,"length_m":84.9,"drop_m":1.98,"gradient":0.02329,"area_ha":8.43,"on_drain_share":0.0,"downstream":"L01982"}},{"type":"Feature","geometry":{"type":"LineString","coordinates":[[72.8953807147233,19.04184343850483],[72.89509921733743,19.0415692442809],[72.89510377256646,19.041207983699277],[72.89491496962697,19.041115502530815],[72.89472844487243,19.040842390932255]]},"properties":{"id":"L01999","strahler":1,"length_m":144.9,"drop_m":1.28,"gradient":0.00886,"area_ha":5.59,"on_drain_share":0.0,"downstream":"L02036"}},{"type":"Feature","geometry":{"type":"LineString","coordinates":[[72.90992270700416,19.041105384958733],[72.90991592224532,19.04164728099225],[72.91038512985071,19.042104237388475]]},"properties":{"id":"L01977","strahler":1,"length_m":130.7,"drop_m":0.79,"gradient":0.00601,"area_ha":5.84,"on_drain_share":0.0,"downstream":"L01824"}},{"type":"Feature","geometry":{"type":"LineString","coordinates":[[72.84582872108025,19.039555607134613],[72.84554148933452,19.03973290675373],[72.84553799280751,19.040003843472046],[72.84581939821257,19.040278105181947],[72.84610430026314,19.040281429743125],[72.84648067464893,19.04055679867923],[72.84723109788811,19.041288159245912]]},"properties":{"id":"L01978","strahler":1,"length_m":306.3,"drop_m":7.64,"gradient":0.02494,"area_ha":6.21,"on_drain_share":0.0,"downstream":"L01960"}},{"type":"Feature","geometry":{"type":"LineString","coordinates":[[72.84773737524051,19.03885526266885],[72.84772107504037,19.04011963589961],[72.84762494327369,19.04020884096261],[72.84771292445687,19.040751822445102],[72.84723109788811,19.041288159245912]]},"properties":{"id":"L01979","strahler":2,"length_m":299.0,"drop_m":0.39,"gradient":0.0013,"area_ha":57.04,"on_drain_share":0.0,"downstream":"L01960"}},{"type":"Feature","geometry":{"type":"LineString","coordinates":[[72.86423163107118,19.04139532322126],[72.86432775564627,19.041306108710685],[72.86451769381942,19.041308306212304],[72.86490450094291,19.040770820367687],[72.86604412715062,19.040783998535566],[72.86614025047062,19.040694782945977],[72.86633018817369,19.040696978515665]]},"properties":{"id":"L01996","strahler":1,"length_m":264.9,"drop_m":5.89,"gradient":0.02226,"area_ha":8.58,"on_drain_share":0.0,"downstream":"L02002"}},{"type":"Feature","geometry":{"type":"LineString","coordinates":[[72.87088409337659,19.041110868580997],[72.87126051586156,19.041386191110153],[72.87154542455802,19.04138947660686],[72.87173766659546,19.04121103913858],[72.87202257508177,19.041214323870108],[72.87221021174406,19.041397141058585],[72.87249396959919,19.041490738912902],[72.87287845170361,19.041133861584477],[72.87345287084646,19.04077917153495]]},"properties":{"id":"L01997","strahler":1,"length_m":336.3,"drop_m":1.57,"gradient":0.00467,"area_ha":11.95,"on_drain_share":0.0,"downstream":"L01980"}},{"type":"Feature","geometry":{"type":"LineString","coordinates":[[72.87687406876564,19.040637898555385],[72.87658571402484,19.040905563608973],[72.87658226762889,19.041176505805367],[72.87677105846426,19.041269004763247],[72.87695640364637,19.041632445796328]]},"properties":{"id":"L01981","strahler":1,"length_m":144.9,"drop_m":0.69,"gradient":0.00476,"area_ha":5.48,"on_drain_share":0.0,"downstream":"L01961"}},{"type":"Feature","geometry":{"type":"LineString","coordinates":[[72.85104144931105,19.040429298286124],[72.85046466551974,19.040964539057573]]},"properties":{"id":"L01983","strahler":2,"length_m":84.9,"drop_m":-0.36,"gradient":0.0,"area_ha":16.37,"on_drain_share":0.0,"downstream":"L01947"}},{"type":"Feature","geometry":{"type":"LineString","coordinates":[[72.85475680206068,19.039569251082817],[72.85447189960121,19.03956593998884],[72.85408738623691,19.039922775511634],[72.85398545281507,19.040463547932582],[72.8535997750269,19.040910694813522],[72.85312609564703,19.040814860049867]]},"properties":{"id":"L01985","strahler":1,"length_m":271.4,"drop_m":3.17,"gradient":0.01167,"area_ha":9.23,"on_drain_share":0.0,"downstream":"L01982"}},{"type":"Feature","geometry":{"type":"LineString","coordinates":[[72.91476965997825,19.040889215015323],[72.9148623757339,19.041070920417233],[72.91524226398346,19.04107521122022],[72.91561764152337,19.041440766586586],[72.91599753079744,19.041445055915965]]},"properties":{"id":"L01989","strahler":2,"length_m":160.7,"drop_m":3.17,"gradient":0.01971,"area_ha":68.92,"on_drain_share":0.0,"downstream":"L01990"}},{"type":"Feature","geometry":{"type":"LineString","coordinates":[[72.91599753079744,19.041445055915965],[72.9161874754727,19.041447200287944]]},"properties":{"id":"L01990","strahler":2,"length_m":20.0,"drop_m":-0.14,"gradient":0.0,"area_ha":81.87,"on_drain_share":0.0,"downstream":"L01974"}},{"type":"Feature","geometry":{"type":"LineString","coordinates":[[72.85939632086013,19.040707026873093],[72.8579891769795,19.039335807186845],[72.85779808301398,19.039423916162868]]},"properties":{"id":"L02014","strahler":2,"length_m":236.3,"drop_m":-1.4,"gradient":0.0,"area_ha":44.86,"on_drain_share":0.0,"downstream":"L01880"}},{"type":"Feature","geometry":{"type":"LineString","coordinates":[[72.8602579825591,19.040175057970362],[72.86016185675355,19.040264270221122],[72.85997192030965,19.040262068355414],[72.85949128929599,19.040708128151053],[72.85939632086013,19.040707026873093]]},"properties":{"id":"L01991","strahler":1,"length_m":114.9,"drop_m":2.88,"gradient":0.02511,"area_ha":6.02,"on_drain_share":0.0,"downstream":"L02014"}},{"type":"Feature","geometry":{"type":"LineString","coordinates":[[72.86661740309872,19.040519644539174],[72.86689769339948,19.040884191049066]]},"properties":{"id":"L01993","strahler":2,"length_m":52.4,"drop_m":-0.35,"gradient":0.0,"area_ha":26.08,"on_drain_share":0.0,"downstream":"L01921"}},{"type":"Feature","geometry":{"type":"LineString","coordinates":[[72.86664048487961,19.03871337467824],[72.86710955478956,19.03917042904248],[72.86748942699543,19.03917481765528],[72.86748365893928,19.03962638538414],[72.86719644643013,19.03980372096512],[72.86728449226126,19.040346699346642],[72.86690000143938,19.040703564054084],[72.86689769339948,19.040884191049066]]},"properties":{"id":"L01994","strahler":1,"length_m":339.7,"drop_m":1.15,"gradient":0.00339,"area_ha":9.58,"on_drain_share":0.0,"downstream":"L01921"}},{"type":"Feature","geometry":{"type":"LineString","coordinates":[[72.91592059864219,19.039998921927832],[72.91581886195966,19.04053974785131],[72.9159127062672,19.04063113646407],[72.91591045124561,19.04081176918019],[72.91619198505326,19.041085934812823],[72.91609475803749,19.04126549540161],[72.9161874754727,19.041447200287944]]},"properties":{"id":"L01995","strahler":1,"length_m":189.0,"drop_m":6.15,"gradient":0.03255,"area_ha":7.26,"on_drain_share":0.0,"downstream":"L01974"}},{"type":"Feature","geometry":{"type":"LineString","coordinates":[[72.86633018817369,19.040696978515665],[72.86661740309872,19.040519644539174]]},"properties":{"id":"L02002","strahler":2,"length_m":38.3,"drop_m":0.26,"gradient":0.00688,"area_ha":15.9,"on_drain_share":0.0,"downstream":"L01993"}},{"type":"Feature","geometry":{"type":"LineString","coordinates":[[72.8730775961812,19.04041353937971],[72.87345287084646,19.04077917153495]]},"properties":{"id":"L01998","strahler":1,"length_m":56.6,"drop_m":0.16,"gradient":0.00286,"area_ha":5.32,"on_drain_share":0.0,"downstream":"L01980"}},{"type":"Feature","geometry":{"type":"LineString","coordinates":[[72.85057591303585,19.039701269462583],[72.85085616445936,19.040065836813252],[72.8509511319976,19.040066942447172],[72.85104144931105,19.040429298286124]]},"properties":{"id":"L02000","strahler":1,"length_m":106.6,"drop_m":1.92,"gradient":0.01804,"area_ha":6.07,"on_drain_share":0.0,"downstream":"L01983"}},{"type":"Feature","geometry":{"type":"LineString","coordinates":[[72.8544001450281,19.03775858063962],[72.85420789077492,19.03793699867731],[72.85373305818676,19.03793147898692],[72.85296403528359,19.03864514652271],[72.85296287386618,19.038735459215474],[72.85257835972206,19.03909229149347],[72.85247990749674,19.039362124727358],[72.85142248273907,19.040343407644592],[72.85113757958398,19.04034009127738],[72.85104144931105,19.040429298286124]]},"properties":{"id":"L02001","strahler":1,"length_m":491.8,"drop_m":5.33,"gradient":0.01084,"area_ha":9.63,"on_drain_share":0.0,"downstream":"L01983"}},{"type":"Feature","geometry":{"type":"LineString","coordinates":[[72.89472844487243,19.040842390932255],[72.89454078164087,19.040659594316637],[72.89454419880246,19.040388648952785],[72.89426156594611,19.040204768888923],[72.89388168479366,19.04020043511727],[72.89349724531073,19.040557360812905],[72.89292742269878,19.040550857388748],[72.89255096145958,19.040275575778452],[72.89255324167625,19.040094945761314],[72.8926493518607,19.040005714939248],[72.89255552186718,19.039914315740383],[72.89255780203233,19.039733685715657],[72.89246283210687,19.03973260149554],[72.89161836810737,19.038910006658902]]},"properties":{"id":"L02036","strahler":3,"length_m":511.1,"drop_m":2.72,"gradient":0.00533,"area_ha":76.88,"on_drain_share":0.0,"downstream":"L02030"}},{"type":"Feature","geometry":{"type":"LineString","coordinates":[[72.86446084912784,19.038326866543027],[72.86661740309872,19.040519644539174]]},"properties":{"id":"L02004","strahler":1,"length_m":335.3,"drop_m":-0.77,"gradient":0.0,"area_ha":9.84,"on_drain_share":0.0,"downstream":"L01993"}},{"type":"Feature","geometry":{"type":"LineString","coordinates":[[72.89911528852559,19.039447117522013],[72.8989230749623,19.039625586580332],[72.89882469464406,19.039895451773575],[72.89938769872998,19.04044382922831],[72.899479260323,19.04071585615059],[72.89966692955686,19.04089864826668]]},"properties":{"id":"L02005","strahler":2,"length_m":209.7,"drop_m":0.78,"gradient":0.0037,"area_ha":16.64,"on_drain_share":0.0,"downstream":"L01968"}},{"type":"Feature","geometry":{"type":"LineString","coordinates":[[72.90072864665296,19.039555799701194],[72.90063367632854,19.039554719692497],[72.9002492514323,19.03991166101468],[72.90015087296653,19.040181527097175],[72.89967033844847,19.040627702014937],[72.89966692955686,19.04089864826668]]},"properties":{"id":"L02006","strahler":2,"length_m":201.4,"drop_m":3.05,"gradient":0.01515,"area_ha":16.23,"on_drain_share":0.0,"downstream":"L01968"}},{"type":"Feature","geometry":{"type":"LineString","coordinates":[[72.912508404341,19.039418394229582],[72.91279331727087,19.03942161576809],[72.91279218815363,19.0395119319584],[72.91307484334884,19.039695785484934],[72.91307258537742,19.039876417891765],[72.91316642769837,19.039967807728885],[72.91345134168533,19.039971028341558],[72.9141093704908,19.040520438950445],[72.91439428559224,19.040523658198182],[72.91467694440863,19.040707509582724],[72.91476965997825,19.040889215015323]]},"properties":{"id":"L02007","strahler":2,"length_m":329.7,"drop_m":13.74,"gradient":0.04166,"area_ha":62.57,"on_drain_share":0.0,"downstream":"L01989"}},{"type":"Feature","geometry":{"type":"LineString","coordinates":[[72.9147753005937,19.04043763355075],[72.91476965997825,19.040889215015323]]},"properties":{"id":"L02008","strahler":1,"length_m":50.0,"drop_m":0.7,"gradient":0.01408,"area_ha":4.91,"on_drain_share":0.0,"downstream":"L01989"}},{"type":"Feature","geometry":{"type":"LineString","coordinates":[[72.93250277363886,19.035578561396065],[72.93221450855947,19.0358463229131],[72.93220891654998,19.03629790961222],[72.93182567916801,19.0365646066805],[72.93153629242606,19.036922684142535],[72.93161224313117,19.038459142053014],[72.93132397130817,19.038726901495114],[72.93131725689508,19.03926880505671],[72.93122004658805,19.03944837529527],[72.93073958896905,19.039894639294587],[72.93073287221638,19.04043654258704],[72.93092057876241,19.040619306139252],[72.9312054970811,19.040622499466796],[72.93139768090856,19.040443993608683],[72.93168259901434,19.040447186171914],[72.93187030671263,19.040629948856967]]},"properties":{"id":"L02009","strahler":1,"length_m":773.6,"drop_m":27.73,"gradient":0.03584,"area_ha":20.13,"on_drain_share":0.0,"downstream":"L01966"}},{"type":"Feature","geometry":{"type":"LineString","coordinates":[[72.93358764412237,19.040016871818196],[72.93310719039636,19.040463142402253],[72.93282227200622,19.040459952034293],[72.93272953601077,19.040278253825846],[72.93254070915415,19.040185809276057],[72.93225243539653,19.040453569981214],[72.93196751717699,19.040450378296093],[72.93187030671263,19.040629948856967]]},"properties":{"id":"L02010","strahler":2,"length_m":245.6,"drop_m":0.99,"gradient":0.00404,"area_ha":37.64,"on_drain_share":0.0,"downstream":"L01966"}},{"type":"Feature","geometry":{"type":"LineString","coordinates":[[72.88438697852415,19.039911208112485],[72.88430116525016,19.039187603421762],[72.88468561889489,19.038830698436655],[72.88516046363372,19.03883613879829],[72.88535383329192,19.038567370794222],[72.88544880211815,19.03856845860604],[72.88544994595975,19.038478143996162],[72.88516732762572,19.038294251241705]]},"properties":{"id":"L02040","strahler":1,"length_m":287.3,"drop_m":0.36,"gradient":0.00126,"area_ha":7.24,"on_drain_share":0.0,"downstream":"L02054"}},{"type":"Feature","geometry":{"type":"LineString","coordinates":[[72.93960548120015,19.03728390124485],[72.93959767967937,19.037916125473917],[72.93969153695333,19.038007503106886],[72.93940327763588,19.038275276482917],[72.93940104831775,19.03845591193925],[72.9395887632778,19.038638667393283],[72.93958541952333,19.03890962059745],[72.93939213079335,19.039178453726777],[72.9392971583434,19.03917739362043],[72.93929381401398,19.039448346758935],[72.93976310437,19.039905235564312],[72.93985361917272,19.0402675664189],[72.94004133650833,19.04045032161752]]},"properties":{"id":"L02011","strahler":1,"length_m":426.3,"drop_m":18.52,"gradient":0.04345,"area_ha":15.06,"on_drain_share":0.0,"downstream":null}},{"type":"Feature","geometry":{"type":"LineString","coordinates":[[72.88173012615772,19.039700084831924],[72.88173241800247,19.039519456068888],[72.88116948049613,19.038971030574917]]},"properties":{"id":"L02027","strahler":1,"length_m":104.9,"drop_m":0.22,"gradient":0.00211,"area_ha":9.5,"on_drain_share":0.0,"downstream":"L02035"}},{"type":"Feature","geometry":{"type":"LineString","coordinates":[[72.92874068909656,19.040233540980775],[72.9288367820002,19.04014428946605]]},"properties":{"id":"L02012","strahler":1,"length_m":14.1,"drop_m":0.0,"gradient":0.0,"area_ha":5.84,"on_drain_share":0.0,"downstream":"L01950"}},{"type":"Feature","geometry":{"type":"LineString","coordinates":[[72.85761741924293,19.03869920823891],[72.85780503600492,19.038882038310643],[72.85779808301398,19.039423916162868]]},"properties":{"id":"L02013","strahler":1,"length_m":88.3,"drop_m":-1.13,"gradient":0.0,"area_ha":6.19,"on_drain_share":0.0,"downstream":"L01880"}},{"type":"Feature","geometry":{"type":"LineString","coordinates":[[72.90329625059283,19.039313994576275],[72.90282139893849,19.0393086007125],[72.90281912992778,19.039489231939704],[72.90253194936034,19.039666626193515],[72.90177218555945,19.039657992128316],[72.90158337986142,19.039565517584535],[72.90129506268919,19.039833225295805],[72.90091518066062,19.039828906072923],[72.90072864665296,19.039555799701194]]},"properties":{"id":"L02016","strahler":1,"length_m":333.1,"drop_m":15.6,"gradient":0.04683,"area_ha":6.04,"on_drain_share":0.0,"downstream":"L02006"}},{"type":"Feature","geometry":{"type":"LineString","coordinates":[[72.92820223605034,19.03769826813698],[72.92762568453583,19.038233775072992],[72.92762344248649,19.03841440918314],[72.92743237874038,19.038502593943033],[72.9274312575973,19.038592910984864],[72.9275239867988,19.038774611253277],[72.92771280882287,19.038867060537406],[72.92818878752266,19.03878207320053],[72.92847706396941,19.038514319144213],[72.92885358855676,19.03878953275762],[72.92885134776483,19.038970166997704],[72.92894519911485,19.039061549588528],[72.92827143102612,19.039776626912925],[72.92864683727731,19.04014215824493],[72.9288367820002,19.04014428946605]]},"properties":{"id":"L02015","strahler":3,"length_m":556.0,"drop_m":3.18,"gradient":0.00572,"area_ha":120.72,"on_drain_share":0.0,"downstream":"L01950"}},{"type":"Feature","geometry":{"type":"LineString","coordinates":[[72.93702451730844,19.038610030910117],[72.93702228537562,19.03879066608847],[72.93673290457593,19.039148752309895],[72.93586810456536,19.039952054941054],[72.93586475452649,19.040223007469763],[72.93425021723685,19.04020494723955],[72.93406250710788,19.040022186767338],[72.93387256189474,19.04002006093403]]},"properties":{"id":"L02018","strahler":1,"length_m":448.0,"drop_m":12.4,"gradient":0.02767,"area_ha":12.09,"on_drain_share":0.0,"downstream":"L02017"}},{"type":"Feature","geometry":{"type":"LineString","coordinates":[[72.93387256189474,19.04002006093403],[72.93358764412237,19.040016871818196]]},"properties":{"id":"L02017","strahler":2,"length_m":30.0,"drop_m":-0.22,"gradient":0.0,"area_ha":28.21,"on_drain_share":0.0,"downstream":"L02010"}},{"type":"Feature","geometry":{"type":"LineString","coordinates":[[72.9331284349701,19.03874711261593],[72.93331614268774,19.038929873830078],[72.93330943466098,19.03947177806371],[72.93359099781627,19.039745919673862],[72.93358764412237,19.040016871818196]]},"properties":{"id":"L02019","strahler":1,"length_m":160.7,"drop_m":4.0,"gradient":0.02488,"area_ha":5.9,"on_drain_share":0.0,"downstream":"L02010"}},{"type":"Feature","geometry":{"type":"LineString","coordinates":[[72.93591164990436,19.03642967129353],[72.93581556274752,19.036518927086693],[72.93581332977142,19.036699562167797],[72.93533177508749,19.037236157669124],[72.93532395741265,19.037868380193977],[72.93503680906299,19.03804582862944],[72.93503457505189,19.03822646359176],[72.93512842974157,19.038317843324233],[72.93503010695393,19.038587733505047],[72.9346502195828,19.038583483941313],[72.934361951904,19.038851248567596],[72.9344546891321,19.039032946074574],[72.93444798476015,19.039574850692755],[72.93387256189474,19.04002006093403]]},"properties":{"id":"L02020","strahler":1,"length_m":538.7,"drop_m":23.2,"gradient":0.04307,"area_ha":15.72,"on_drain_share":0.0,"downstream":"L02017"}},{"type":"Feature","geometry":{"type":"LineString","coordinates":[[72.90082702374036,19.03928593316846],[72.90082475257574,19.03946656416452],[72.90072864665296,19.039555799701194]]},"properties":{"id":"L02021","strahler":1,"length_m":34.1,"drop_m":-0.02,"gradient":0.0,"area_ha":4.98,"on_drain_share":0.0,"downstream":"L02006"}},{"type":"Feature","geometry":{"type":"LineString","coordinates":[[72.91146372408942,19.039406578165757],[72.91174863680874,19.03940980131396],[72.9119363194895,19.039592582116637],[72.91212626156494,19.039594730465],[72.91231846241965,19.039416246293346],[72.912508404341,19.039418394229582]]},"properties":{"id":"L02028","strahler":1,"length_m":126.6,"drop_m":0.04,"gradient":0.00034,"area_ha":5.31,"on_drain_share":0.0,"downstream":"L02007"}},{"type":"Feature","geometry":{"type":"LineString","coordinates":[[72.84670555507203,19.03784964502219],[72.84773737524051,19.03885526266885]]},"properties":{"id":"L02022","strahler":1,"length_m":155.6,"drop_m":0.81,"gradient":0.00518,"area_ha":4.67,"on_drain_share":0.0,"downstream":"L01979"}},{"type":"Feature","geometry":{"type":"LineString","coordinates":[[72.84783699865346,19.03849512028758],[72.84774086797283,19.03858432552373],[72.84773737524051,19.03885526266885]]},"properties":{"id":"L02023","strahler":2,"length_m":44.1,"drop_m":-0.27,"gradient":0.0,"area_ha":47.03,"on_drain_share":0.0,"downstream":"L01979"}},{"type":"Feature","geometry":{"type":"LineString","coordinates":[[72.89911756153643,19.039266486724255],[72.89911528852559,19.039447117522013]]},"properties":{"id":"L02024","strahler":1,"length_m":20.0,"drop_m":0.26,"gradient":0.0128,"area_ha":4.01,"on_drain_share":0.0,"downstream":"L02005"}},{"type":"Feature","geometry":{"type":"LineString","coordinates":[[72.90190233909149,19.036859288874044],[72.90171240137192,19.036857130308743],[72.9017067265857,19.03730870816741],[72.90180056077345,19.037400103076354],[72.90170445662632,19.03748933930424],[72.9017021866413,19.037669970437285],[72.90113237086757,19.037663493273648],[72.90084405665714,19.037931200577226],[72.9005591484531,19.037927960848467],[72.90027083291587,19.03819566711693],[72.9001713199099,19.038555848826554],[72.89969079058504,19.03900202432538],[72.89968738204003,19.039272970628296],[72.8992125316043,19.03926756749687],[72.89911528852559,19.039447117522013]]},"properties":{"id":"L02025","strahler":1,"length_m":512.1,"drop_m":17.32,"gradient":0.03382,"area_ha":10.22,"on_drain_share":0.0,"downstream":"L02005"}},{"type":"Feature","geometry":{"type":"LineString","coordinates":[[72.86170101403548,19.038746553685638],[72.86123311841176,19.038199173923818],[72.8611427791026,19.03783682094401],[72.86095515936707,19.037653994005048],[72.86096325840673,19.03702180174413],[72.86077563970768,19.03683897471644],[72.86068645892765,19.036386308459367],[72.86040618971428,19.036021754409816],[72.86040850413819,19.03584112808744],[72.85994062022708,19.03529374609867],[72.85995335147916,19.034300301503688],[72.85957812240194,19.03393464595523],[72.8595804374478,19.033754019690193],[72.85929901698466,19.033479777652804],[72.85920289496505,19.033568989791107],[72.85901296625306,19.03356678768344],[72.85882535338094,19.033383959197955],[72.85882766916845,19.033203333011354],[72.85901991300054,19.033024909056266],[72.85902801724161,19.032392717281354],[72.8584674993183,19.031663605553224],[72.8584709732319,19.03139266628516],[72.85819071642942,19.031028109981516],[72.85819766484546,19.030486231498056],[72.85791625181207,19.03021198802351],[72.85791856816664,19.03003136188277]]},"properties":{"id":"L02121","strahler":1,"length_m":1178.1,"drop_m":2.69,"gradient":0.00228,"area_ha":29.47,"on_drain_share":0.0,"downstream":null}},{"type":"Feature","geometry":{"type":"LineString","coordinates":[[72.88116948049613,19.038971030574917],[72.88117177285267,19.038790401863384]]},"properties":{"id":"L02035","strahler":5,"length_m":20.0,"drop_m":0.0,"gradient":0.0,"area_ha":1705.09,"on_drain_share":0.0,"downstream":"L02052"}},{"type":"Feature","geometry":{"type":"LineString","coordinates":[[72.89164345822984,19.03692307716533],[72.89116291362869,19.0373692287823],[72.8911583508658,19.037730488594775],[72.89087002218183,19.037998178757828],[72.8906789435354,19.038086323643313],[72.89029906807993,19.038081982966386],[72.89029222081852,19.038623872335144],[72.89085519023907,19.039172272790886]]},"properties":{"id":"L02029","strahler":2,"length_m":362.1,"drop_m":0.96,"gradient":0.00265,"area_ha":55.92,"on_drain_share":0.0,"downstream":"L01971"}},{"type":"Feature","geometry":{"type":"LineString","coordinates":[[72.89161836810737,19.038910006658902],[72.89143071056901,19.03872720738101],[72.89105083347145,19.038722868109932],[72.89085747214733,19.038991642950077],[72.89085519023907,19.039172272790886]]},"properties":{"id":"L02030","strahler":3,"length_m":126.6,"drop_m":2.55,"gradient":0.02018,"area_ha":90.68,"on_drain_share":0.0,"downstream":"L01971"}},{"type":"Feature","geometry":{"type":"LineString","coordinates":[[72.9114784113668,19.03823246860235],[72.91166835183994,19.038234617274167],[72.91194874457574,19.03859910452373],[72.91213868552293,19.038601252751608],[72.91223252663856,19.038692642958363],[72.91222687970516,19.039144223774027],[72.912508404341,19.039418394229582]]},"properties":{"id":"L02031","strahler":2,"length_m":199.0,"drop_m":2.9,"gradient":0.01455,"area_ha":54.12,"on_drain_share":0.0,"downstream":"L02007"}},{"type":"Feature","geometry":{"type":"LineString","coordinates":[[72.91457385943606,19.033751007676294],[72.91428444402922,19.034109055128248],[72.91456596475395,19.034383222095553],[72.91455468609495,19.035286385471192],[72.91483620908949,19.03556055222525],[72.9148271867811,19.036283082966175],[72.91539136523578,19.03674109927794],[72.91567176453547,19.03710558145991],[72.91566950970298,19.03728621421707],[72.91652423948068,19.03729586184749],[72.91708729958384,19.03784419014693],[72.91737221066198,19.037847404366236],[72.9174660545444,19.03793879215043],[72.91775209218859,19.037851689309118],[72.91794428543756,19.037673198479826],[72.91832416670663,19.037677482208423],[72.91851185554725,19.03786025685368],[72.9187967669117,19.037863468878104],[72.91879226378657,19.038224735079478],[72.91907379887455,19.03849889642065],[72.91916426723748,19.038861233151998],[72.9199161591547,19.0395020115518]]},"properties":{"id":"L02032","strahler":1,"length_m":1091.5,"drop_m":159.13,"gradient":0.14579,"area_ha":24.24,"on_drain_share":0.0,"downstream":"L01969"}},{"type":"Feature","geometry":{"type":"LineString","coordinates":[[72.9201173534275,19.038600985519977],[72.91963799720635,19.038956901465664],[72.919635746427,19.039137534643775],[72.9199161591547,19.0395020115518]]},"properties":{"id":"L02033","strahler":1,"length_m":139.0,"drop_m":4.21,"gradient":0.03029,"area_ha":4.97,"on_drain_share":0.0,"downstream":"L01969"}},{"type":"Feature","geometry":{"type":"LineString","coordinates":[[72.87939948641987,19.036240883678875],[72.87977476791544,19.036606503560055],[72.8797724743315,19.036787132150348],[72.87967636001478,19.036876355805994],[72.87995782244305,19.03715057048277],[72.88024272552737,19.03715384186184],[72.88052418939833,19.037428055802376],[72.88051501772229,19.03815057042834],[72.88041890289765,19.03823979442099],[72.88041660979836,19.03842042305497],[72.88088572047626,19.038877445986817],[72.88107565793736,19.03887962619079],[72.88117177285267,19.038790401863384]]},"properties":{"id":"L02034","strahler":3,"length_m":424.6,"drop_m":1.9,"gradient":0.00448,"area_ha":79.68,"on_drain_share":0.0,"downstream":"L02052"}},{"type":"Feature","geometry":{"type":"LineString","coordinates":[[72.89579588978224,19.03904799853799],[72.89570205837734,19.038956600816817],[72.89551098059951,19.03904475083907],[72.89389763562771,19.038936023821275],[72.89352117593721,19.038660744342963],[72.89314129847797,19.03865640938615],[72.89304746886849,19.03856501047221],[72.89256692243532,19.03901116557884],[72.89180716649406,19.039002490805952],[72.89161836810737,19.038910006658902]]},"properties":{"id":"L02039","strahler":1,"length_m":493.8,"drop_m":4.11,"gradient":0.00833,"area_ha":12.88,"on_drain_share":0.0,"downstream":"L02030"}},{"type":"Feature","geometry":{"type":"LineString","coordinates":[[72.8465126635771,19.030711646206544],[72.84670491602294,19.030533236048672],[72.84717972538759,19.03053877173963],[72.84746111949386,19.030813029900443],[72.84745879173333,19.03099365478316],[72.84755259006309,19.031085074102673],[72.84754677077007,19.031536636316304],[72.84792196600763,19.031902313304176],[72.84791149247424,19.03271512539782],[72.8483804908382,19.033172220979583],[72.84837583665713,19.03353347086814],[72.84818358200285,19.033711882548936],[72.84817194493333,19.034615007071896],[72.84826574551295,19.034706426234315],[72.84815448809621,19.035969693678098],[72.84824828934617,19.03606111291091],[72.84824596174549,19.036241737784962],[72.84805370353158,19.036420148961287],[72.84803391589722,19.037955460012977],[72.84784049115302,19.038224183114114],[72.84783699865346,19.03849512028758]]},"properties":{"id":"L02037","strahler":1,"length_m":1049.4,"drop_m":6.04,"gradient":0.00576,"area_ha":23.83,"on_drain_share":0.0,"downstream":"L02023"}},{"type":"Feature","geometry":{"type":"LineString","coordinates":[[72.85223799076802,19.03601724180364],[72.85108445994211,19.03708773285811],[72.85070459657047,19.037083310968956],[72.85071273414114,19.03645112292645],[72.85052512837864,19.0362682866272],[72.8500503016846,19.03626275793463],[72.85004913884848,19.03635307047741],[72.84841610822917,19.037779262729035],[72.84831765051838,19.038049093191727],[72.84783699865346,19.03849512028758]]},"properties":{"id":"L02038","strahler":1,"length_m":709.1,"drop_m":3.96,"gradient":0.00558,"area_ha":19.8,"on_drain_share":0.0,"downstream":"L02023"}},{"type":"Feature","geometry":{"type":"LineString","coordinates":[[72.88117177285267,19.038790401863384],[72.88117864976691,19.038248515705998],[72.88127476423315,19.038159291278706],[72.88127705637059,19.03797866253898],[72.88146928476439,19.037800213475876],[72.88148074390816,19.036897069590186]]},"properties":{"id":"L02052","strahler":5,"length_m":222.4,"drop_m":0.0,"gradient":0.0,"area_ha":1786.72,"on_drain_share":0.0,"downstream":"L02125"}},{"type":"Feature","geometry":{"type":"LineString","coordinates":[[72.88696716118905,19.038676171659592],[72.88687333528704,19.03858476993051],[72.88668339744721,19.038582595721305],[72.88640192070298,19.038308390042854],[72.88573713967955,19.03830077786646],[72.88564331470742,19.038209375593777],[72.88526344020998,19.038205024532797],[72.88516732762572,19.038294251241705]]},"properties":{"id":"L02041","strahler":1,"length_m":214.9,"drop_m":0.69,"gradient":0.00319,"area_ha":9.54,"on_drain_share":0.0,"downstream":"L02054"}},{"type":"Feature","geometry":{"type":"LineString","coordinates":[[72.8709209503824,19.03822082875373],[72.87178602093884,19.037417859595276],[72.8719748045577,19.037510362825458]]},"properties":{"id":"L02046","strahler":1,"length_m":151.4,"drop_m":-0.5,"gradient":0.0,"area_ha":8.83,"on_drain_share":0.0,"downstream":"L02047"}},{"type":"Feature","geometry":{"type":"LineString","coordinates":[[72.88516732762572,19.038294251241705],[72.88497739032616,19.03829207530994],[72.88479202973829,19.037928640881823],[72.8842279415531,19.037470538732443],[72.88327826057524,19.037459652745078],[72.8830906145427,19.037276845996367],[72.8827118880327,19.03718217542792],[72.88233545288399,19.036906875237918],[72.88205054983379,19.036903607127588]]},"properties":{"id":"L02054","strahler":2,"length_m":403.8,"drop_m":1.82,"gradient":0.00451,"area_ha":21.89,"on_drain_share":0.0,"downstream":"L02053"}},{"type":"Feature","geometry":{"type":"LineString","coordinates":[[72.84562189310259,19.03350135987025],[72.84561723287038,19.033862609088548],[72.84513658783047,19.034308629812642],[72.84466176839352,19.034303087816337],[72.84418111967372,19.034749105654896],[72.8441787878486,19.034929730069752],[72.84436521877592,19.035202884230344],[72.84417295817055,19.035381291090253],[72.84416712832783,19.035832852086983],[72.84435472598176,19.036015694126228],[72.84425393134293,19.036466146318723],[72.8435810114475,19.037090568232266],[72.84357751226328,19.037361504677158],[72.84328794938209,19.037719425220384],[72.84300538569546,19.037535472524702],[72.84300771913311,19.03735484830074],[72.8429139203947,19.037263426626243],[72.84243909325677,19.03725787808933],[72.84234296078114,19.037347080309463],[72.84205806444348,19.03734375043887],[72.84177083339448,19.03752104420622]]},"properties":{"id":"L02042","strahler":1,"length_m":836.7,"drop_m":4.41,"gradient":0.00527,"area_ha":21.0,"on_drain_share":0.0,"downstream":"L01952"}},{"type":"Feature","geometry":{"type":"LineString","coordinates":[[72.84226200032268,19.03626222552093],[72.84254339415617,19.03653649117909],[72.84244609521768,19.036716005592627],[72.84244026026674,19.037167566008925],[72.84234412784897,19.037256768235665],[72.84205923166512,19.037253438382045],[72.84177083339448,19.03752104420622]]},"properties":{"id":"L02043","strahler":1,"length_m":203.1,"drop_m":1.55,"gradient":0.00762,"area_ha":5.89,"on_drain_share":0.0,"downstream":"L01952"}},{"type":"Feature","geometry":{"type":"LineString","coordinates":[[72.91024605973259,19.03803786536767],[72.9110058202939,19.03804646386929],[72.91119350070498,19.0382292452288],[72.9114784113668,19.03823246860235]]},"properties":{"id":"L02044","strahler":1,"length_m":138.3,"drop_m":4.23,"gradient":0.03057,"area_ha":5.24,"on_drain_share":0.0,"downstream":"L02031"}},{"type":"Feature","geometry":{"type":"LineString","coordinates":[[72.91111208948801,19.03714437735121],[72.91110869982647,19.037415325694543],[72.91120253972413,19.037506716318656],[72.91139247933847,19.03750886519547],[72.91138457093699,19.03814107807187],[72.9114784113668,19.03823246860235]]},"properties":{"id":"L02045","strahler":2,"length_m":148.3,"drop_m":3.49,"gradient":0.02353,"area_ha":42.2,"on_drain_share":0.0,"downstream":"L02031"}},{"type":"Feature","geometry":{"type":"LineString","coordinates":[[72.87066484095264,19.035959698946456],[72.87179062551607,19.03705660431334],[72.87178717209291,19.03732754577622],[72.8719748045577,19.037510362825458]]},"properties":{"id":"L02048","strahler":1,"length_m":228.0,"drop_m":-1.75,"gradient":0.0,"area_ha":11.24,"on_drain_share":0.0,"downstream":"L02047"}},{"type":"Feature","geometry":{"type":"LineString","coordinates":[[72.87501606339241,19.0373647388719],[72.87578499538385,19.036650969534925],[72.87607104563149,19.036563933189306],[72.87645435984045,19.036297360486675]]},"properties":{"id":"L02064","strahler":1,"length_m":199.7,"drop_m":-0.02,"gradient":0.0,"area_ha":10.72,"on_drain_share":0.0,"downstream":"L02066"}},{"type":"Feature","geometry":{"type":"LineString","coordinates":[[72.92384031764705,19.037107290650816],[72.9242157078514,19.037472829609218],[72.92421346221114,19.03765346334278],[72.92459334495216,19.037657734172974],[72.92496986051742,19.037932954946676],[72.92525477317741,19.03793615702086],[72.92554305224861,19.037668407834186],[72.92564138915637,19.037398524085333],[72.92602575894422,19.037041524027813],[72.92659670315969,19.03695760718262],[72.92669279502297,19.036868356685076],[72.92745255823272,19.03687688702826],[72.92773971127235,19.036699450949012]]},"properties":{"id":"L02069","strahler":2,"length_m":528.7,"drop_m":-0.02,"gradient":0.0,"area_ha":32.48,"on_drain_share":0.0,"downstream":"L02050"}},{"type":"Feature","geometry":{"type":"LineString","coordinates":[[72.88205054983379,19.036903607127588],[72.88176220962816,19.037171281804017],[72.88157227402492,19.03716910249401],[72.88157456571227,19.036988473700067],[72.88148074390816,19.036897069590186]]},"properties":{"id":"L02053","strahler":3,"length_m":96.6,"drop_m":0.81,"gradient":0.0084,"area_ha":76.41,"on_drain_share":0.0,"downstream":"L02125"}},{"type":"Feature","geometry":{"type":"LineString","coordinates":[[72.89391814198932,19.037310351881988],[72.8936332361155,19.037307101571436],[72.89325678030819,19.0370318219042],[72.89316409101373,19.036850108039587],[72.89297415437385,19.03684794048959],[72.89239864466518,19.037293011820235],[72.89211373910042,19.037289759168694],[72.89164345822984,19.03692307716533]]},"properties":{"id":"L02055","strahler":1,"length_m":303.8,"drop_m":2.68,"gradient":0.00882,"area_ha":9.35,"on_drain_share":0.0,"downstream":"L02029"}},{"type":"Feature","geometry":{"type":"LineString","coordinates":[[72.93003691457707,19.03527994402933],[72.92994082532383,19.035369196538912],[72.92975088589765,19.03536706696661],[72.9295587069037,19.035545571587242],[72.92965255694881,19.03563695370419],[72.92964807786656,19.035998222486803],[72.92983577862398,19.03618098664002],[72.9296435986831,19.036359491254277],[72.9294536581668,19.036357361269886],[72.92925923757066,19.036716499755848],[72.9293486080007,19.037169150729397],[72.92953518964866,19.03744223243295],[72.92915194575426,19.037708923263438],[72.92848714889504,19.037701465187062],[72.92839329850742,19.037610082446832],[72.92820223605034,19.03769826813698]]},"properties":{"id":"L02051","strahler":1,"length_m":494.6,"drop_m":6.7,"gradient":0.01355,"area_ha":11.05,"on_drain_share":0.0,"downstream":"L02015"}},{"type":"Feature","geometry":{"type":"LineString","coordinates":[[72.92773971127235,19.036699450949012],[72.927928531211,19.036791899820624],[72.92792628967197,19.036972533993648],[72.9282067186903,19.037336999752196],[72.92820223605034,19.03769826813698]]},"properties":{"id":"L02050","strahler":3,"length_m":136.6,"drop_m":2.46,"gradient":0.01802,"area_ha":102.34,"on_drain_share":0.0,"downstream":"L02015"}},{"type":"Feature","geometry":{"type":"LineString","coordinates":[[72.88148074390816,19.036897069590186],[72.88121990635747,19.03499719804449],[72.88084920888649,19.03427032356751],[72.8808537930472,19.033909066032248],[72.88019820280343,19.03317892077614],[72.88020164177705,19.032907977708714],[72.87982636670264,19.03254235927518],[72.87983095262663,19.032181101912453],[72.87908499608474,19.031088606110828],[72.87908728967247,19.030907977489996],[72.87890194902698,19.0305445389106],[72.87890883009409,19.03000265306933]]},"properties":{"id":"L02125","strahler":5,"length_m":876.0,"drop_m":0.5,"gradient":0.00057,"area_ha":1878.07,"on_drain_share":0.0,"downstream":null}},{"type":"Feature","geometry":{"type":"LineString","coordinates":[[72.88233888911653,19.036635931903714],[72.88205054983379,19.036903607127588]]},"properties":{"id":"L02056","strahler":3,"length_m":42.4,"drop_m":-0.74,"gradient":0.0,"area_ha":53.62,"on_drain_share":0.0,"downstream":"L02053"}},{"type":"Feature","geometry":{"type":"LineString","coordinates":[[72.89367766541096,19.033784811962473],[72.89348545380071,19.033963275525203],[72.89348203616395,19.03423422089208],[72.89338593003193,19.03432345256288],[72.89319599623741,19.03432128551741],[72.89318688097426,19.03504380631386],[72.89280245321555,19.03540073174797],[72.89232761589467,19.035395311974042],[72.8922315084745,19.035484542909185],[72.8922280885099,19.035755488012178],[72.89203587301566,19.035933949661292],[72.892031312511,19.036295209733524],[72.89184023639613,19.036383356084052],[72.89164687936855,19.03665213219884],[72.89164345822984,19.03692307716533]]},"properties":{"id":"L02057","strahler":2,"length_m":483.8,"drop_m":4.41,"gradient":0.00912,"area_ha":39.55,"on_drain_share":0.0,"downstream":"L02029"}},{"type":"Feature","geometry":{"type":"LineString","coordinates":[[72.91056148429416,19.035602555841535],[72.91055131334502,19.036415400694914],[72.91083283082625,19.03668957308067],[72.91082944079898,19.036960521388885],[72.91111208948801,19.03714437735121]]},"properties":{"id":"L02058","strahler":2,"length_m":200.7,"drop_m":6.61,"gradient":0.03291,"area_ha":32.92,"on_drain_share":0.0,"downstream":"L02045"}},{"type":"Feature","geometry":{"type":"LineString","coordinates":[[72.91140603587056,19.036425071585143],[72.91140377651237,19.036605703863],[72.9111154790921,19.03687342899936],[72.91111208948801,19.03714437735121]]},"properties":{"id":"L02059","strahler":1,"length_m":92.4,"drop_m":4.56,"gradient":0.04934,"area_ha":5.2,"on_drain_share":0.0,"downstream":"L02045"}},{"type":"Feature","geometry":{"type":"LineString","coordinates":[[72.88920282631211,19.03463699198272],[72.88872913408078,19.034541248324874],[72.88844651780137,19.034357360815974],[72.88806208269418,19.034714275572256],[72.88758610633708,19.034799158572653],[72.88720166846218,19.03515607124426],[72.88700830611438,19.035424841947073],[72.88700602050473,19.03560547140779],[72.88642935834672,19.03614083774489],[72.88604948835982,19.0361364887547],[72.88547282143476,19.03667185159941],[72.8851902059188,19.036487959139826],[72.88519134976559,19.036397644524772],[72.88500141461958,19.036395468825997],[72.88490530305565,19.036484695501873],[72.88490301503504,19.036665324695843],[72.88471307962016,19.036663148671177],[72.88461925608976,19.03657174600582],[72.88433435318916,19.036568481473406],[72.88423824119609,19.03665770775607],[72.8834785000538,19.03664899975598],[72.8829178550097,19.035919950841464]]},"properties":{"id":"L02073","strahler":2,"length_m":893.3,"drop_m":3.15,"gradient":0.00352,"area_ha":28.76,"on_drain_share":0.0,"downstream":"L02062"}},{"type":"Feature","geometry":{"type":"LineString","coordinates":[[72.92138458242933,19.03599570644488],[72.92166611881647,19.036269863939086],[72.92223593732282,19.036276277302722],[72.92251747567022,19.03655043366782],[72.92251522831081,19.036731067224213],[72.92260907472158,19.03682245261061],[72.92308392531677,19.03682779492713],[72.92308280192887,19.036918111735652],[72.92336546602881,19.03710195020352],[72.92384031764705,19.037107290650816]]},"properties":{"id":"L02060","strahler":1,"length_m":327.3,"drop_m":12.77,"gradient":0.03902,"area_ha":8.1,"on_drain_share":0.0,"downstream":"L02069"}},{"type":"Feature","geometry":{"type":"LineString","coordinates":[[72.88247623017483,19.03329538579699],[72.88180345234767,19.033919962532465],[72.88189269091578,19.03437262413665],[72.88208033257987,19.034555431714125],[72.88197620237639,19.035276857926608],[72.88207116912398,19.035277947294254],[72.88216269962909,19.035549979956706],[72.8825379863897,19.035915594678276],[72.88253340535063,19.036276852530108],[72.88233888911653,19.036635931903714]]},"properties":{"id":"L02061","strahler":2,"length_m":454.6,"drop_m":1.61,"gradient":0.00355,"area_ha":19.66,"on_drain_share":0.0,"downstream":"L02056"}},{"type":"Feature","geometry":{"type":"LineString","coordinates":[[72.8829178550097,19.035919950841464],[72.88233888911653,19.036635931903714]]},"properties":{"id":"L02062","strahler":2,"length_m":104.9,"drop_m":0.23,"gradient":0.0022,"area_ha":33.58,"on_drain_share":0.0,"downstream":"L02056"}},{"type":"Feature","geometry":{"type":"LineString","coordinates":[[72.9211367756667,19.033012046998845],[72.9211289061477,19.03364426411559],[72.92159812726827,19.034101193142515],[72.92197800129951,19.03410546858513],[72.92254107141085,19.034653781097184],[72.9225309592934,19.035466632249975],[72.92262592862424,19.035467700777858],[72.92281249694636,19.03574078810359],[72.92318900519889,19.036016011875795],[72.9233789445711,19.03601814826539],[72.92337669821084,19.036198781931212],[72.92365599238187,19.036653570412188],[72.92365262316021,19.036924520938644],[72.92384031764705,19.037107290650816]]},"properties":{"id":"L02063","strahler":1,"length_m":617.0,"drop_m":40.55,"gradient":0.06573,"area_ha":15.83,"on_drain_share":0.0,"downstream":"L02069"}},{"type":"Feature","geometry":{"type":"LineString","coordinates":[[72.87645435984045,19.036297360486675],[72.8769291948401,19.03630282131282],[72.87721754033966,19.036035154772943],[72.87807224253855,19.036044979720764],[72.87835370081207,19.036319196476352],[72.87863860218154,19.036322470192374],[72.87873242198438,19.03641387557079],[72.87901961793789,19.03623652020942],[72.87939948641987,19.036240883678875]]},"properties":{"id":"L02066","strahler":2,"length_m":347.3,"drop_m":0.27,"gradient":0.00077,"area_ha":30.54,"on_drain_share":0.0,"downstream":"L02034"}},{"type":"Feature","geometry":{"type":"LineString","coordinates":[[72.8970612101549,19.03662355391035],[72.89678199276804,19.036168732101345],[72.89679223057063,19.035355894415133],[72.89688833572325,19.035266660861232]]},"properties":{"id":"L02080","strahler":1,"length_m":166.6,"drop_m":-0.58,"gradient":0.0,"area_ha":8.79,"on_drain_share":0.0,"downstream":"L02096"}},{"type":"Feature","geometry":{"type":"LineString","coordinates":[[72.85622653997619,19.036063597118282],[72.85594744131184,19.035608724388847],[72.8554784140077,19.035151645447417],[72.85538808843535,19.03478929092359],[72.85435623999174,19.033783713599327]]},"properties":{"id":"L02090","strahler":1,"length_m":332.8,"drop_m":2.07,"gradient":0.00622,"area_ha":11.39,"on_drain_share":0.0,"downstream":"L02104"}},{"type":"Feature","geometry":{"type":"LineString","coordinates":[[72.87474840360615,19.0360067494022],[72.87493948640336,19.035918621582763],[72.8753193531544,19.035922993373045],[72.8754131707566,19.036014400244888],[72.87560310428658,19.036016585761065],[72.875884558055,19.036290805886026],[72.87645435984045,19.036297360486675]]},"properties":{"id":"L02065","strahler":2,"length_m":200.7,"drop_m":-0.22,"gradient":0.0,"area_ha":15.14,"on_drain_share":0.0,"downstream":"L02066"}},{"type":"Feature","geometry":{"type":"LineString","coordinates":[[72.86601495603885,19.035635032913547],[72.86573005818653,19.035631739840944],[72.86553781746971,19.03581017114883],[72.86534788542177,19.03580797530584],[72.86525176482009,19.03589719075969],[72.86430325962459,19.035795894682817],[72.86391992995873,19.03606244037349],[72.86354584326914,19.035606478370983],[72.86355046519299,19.03524522496322]]},"properties":{"id":"L02078","strahler":1,"length_m":355.6,"drop_m":1.56,"gradient":0.00439,"area_ha":11.23,"on_drain_share":0.0,"downstream":"L02089"}},{"type":"Feature","geometry":{"type":"LineString","coordinates":[[72.87398752023226,19.03608831661771],[72.87465228737791,19.03609597023026],[72.87474840360615,19.0360067494022]]},"properties":{"id":"L02067","strahler":1,"length_m":84.1,"drop_m":-0.36,"gradient":0.0,"area_ha":4.75,"on_drain_share":0.0,"downstream":"L02065"}},{"type":"Feature","geometry":{"type":"LineString","coordinates":[[72.87902420656498,19.03587526318025],[72.87939948641987,19.036240883678875]]},"properties":{"id":"L02068","strahler":2,"length_m":56.6,"drop_m":-0.41,"gradient":0.0,"area_ha":36.21,"on_drain_share":0.0,"downstream":"L02034"}},{"type":"Feature","geometry":{"type":"LineString","coordinates":[[72.8892772449183,19.036263745156454],[72.88995000806945,19.035639139524996],[72.8897623558368,19.03545633902065],[72.88976692103142,19.035095079445366],[72.88920282631211,19.03463699198272]]},"properties":{"id":"L02085","strahler":1,"length_m":248.0,"drop_m":-0.89,"gradient":0.0,"area_ha":8.65,"on_drain_share":0.0,"downstream":"L02073"}},{"type":"Feature","geometry":{"type":"LineString","coordinates":[[72.87352648792682,19.034999081021184],[72.87455847019304,19.03600456300826],[72.87474840360615,19.0360067494022]]},"properties":{"id":"L02070","strahler":1,"length_m":175.6,"drop_m":0.13,"gradient":0.00075,"area_ha":7.43,"on_drain_share":0.0,"downstream":"L02065"}},{"type":"Feature","geometry":{"type":"LineString","coordinates":[[72.92566495056168,19.03550186792001],[72.92651967665151,19.035511468430784],[72.92680122156419,19.035785618825308],[72.92679897893385,19.035966252888667],[72.92745592128195,19.036605935846005],[72.92764586184003,19.03660806791145],[72.92773971127235,19.036699450949012]]},"properties":{"id":"L02071","strahler":2,"length_m":285.6,"drop_m":-0.01,"gradient":0.0,"area_ha":17.27,"on_drain_share":0.0,"downstream":"L02050"}},{"type":"Feature","geometry":{"type":"LineString","coordinates":[[72.92853084431435,19.034179097154173],[72.92852860375784,19.034359731447264],[72.92862245258502,19.03445111398259],[72.92860788893472,19.035625236853804],[72.92773971127235,19.036699450949012]]},"properties":{"id":"L02072","strahler":3,"length_m":321.4,"drop_m":2.22,"gradient":0.00691,"area_ha":52.0,"on_drain_share":0.0,"downstream":"L02050"}},{"type":"Feature","geometry":{"type":"LineString","coordinates":[[72.862501219964,19.035594387679808],[72.86269346331302,19.035415959825055],[72.86297604864112,19.03559988417996],[72.86316598015767,19.035602082438682],[72.86355046519299,19.03524522496322]]},"properties":{"id":"L02077","strahler":1,"length_m":143.1,"drop_m":-0.19,"gradient":0.0,"area_ha":6.28,"on_drain_share":0.0,"downstream":"L02089"}},{"type":"Feature","geometry":{"type":"LineString","coordinates":[[72.87752769494082,19.034051518263347],[72.87809060442022,19.034599952372957],[72.87808716169384,19.03487089501917],[72.87827365177704,19.035144020330854],[72.87902420656498,19.03587526318025]]},"properties":{"id":"L02074","strahler":2,"length_m":266.3,"drop_m":0.24,"gradient":0.0009,"area_ha":31.04,"on_drain_share":0.0,"downstream":"L02068"}},{"type":"Feature","geometry":{"type":"LineString","coordinates":[[72.87893268122184,19.035603229448085],[72.87902650083964,19.03569463465998],[72.87902420656498,19.03587526318025]]},"properties":{"id":"L02075","strahler":1,"length_m":34.1,"drop_m":0.16,"gradient":0.00466,"area_ha":4.72,"on_drain_share":0.0,"downstream":"L02068"}},{"type":"Feature","geometry":{"type":"LineString","coordinates":[[72.88311007922397,19.035741499632213],[72.8829178550097,19.035919950841464]]},"properties":{"id":"L02076","strahler":1,"length_m":28.3,"drop_m":0.09,"gradient":0.00319,"area_ha":4.39,"on_drain_share":0.0,"downstream":"L02062"}},{"type":"Feature","geometry":{"type":"LineString","coordinates":[[72.90485884237545,19.035899248321236],[72.90485997555092,19.03580893255475],[72.9045773368706,19.03562506786433],[72.90457960348436,19.035444436357704],[72.90439193383999,19.03526164921103],[72.90439760071106,19.03481007047339],[72.90449483516883,19.03463051677575]]},"properties":{"id":"L02087","strahler":1,"length_m":170.7,"drop_m":7.13,"gradient":0.04177,"area_ha":9.49,"on_drain_share":0.0,"downstream":"L02101"}},{"type":"Feature","geometry":{"type":"LineString","coordinates":[[72.86355046519299,19.03524522496322],[72.86374270709543,19.035066795859972],[72.86440746573004,19.03507448594617],[72.8649841870977,19.03453919489125],[72.86499111486063,19.03399731420137]]},"properties":{"id":"L02089","strahler":2,"length_m":243.1,"drop_m":0.94,"gradient":0.00386,"area_ha":21.81,"on_drain_share":0.0,"downstream":"L02123"}},{"type":"Feature","geometry":{"type":"LineString","coordinates":[[72.89745586747335,19.035453781015633],[72.89726593189533,19.035451618031395],[72.89688833572325,19.035266660861232]]},"properties":{"id":"L02081","strahler":1,"length_m":68.3,"drop_m":1.15,"gradient":0.01681,"area_ha":4.18,"on_drain_share":0.0,"downstream":"L02096"}},{"type":"Feature","geometry":{"type":"LineString","coordinates":[[72.91115050163711,19.03407362886459],[72.91113468576347,19.035338054844573],[72.91084639036082,19.03560577976258],[72.91056148429416,19.035602555841535]]},"properties":{"id":"L02079","strahler":1,"length_m":212.4,"drop_m":11.55,"gradient":0.05437,"area_ha":6.88,"on_drain_share":0.0,"downstream":"L02058"}},{"type":"Feature","geometry":{"type":"LineString","coordinates":[[72.91116518668528,19.032899518859892],[72.9111640571045,19.03298983501978],[72.91068357174886,19.03343604374852],[72.91039866941192,19.03343281992947],[72.91001201821722,19.033970417337862],[72.91029240088683,19.034334906231862],[72.91028448974235,19.03496711887992],[72.91037832790903,19.035058509771247],[72.91056826463961,19.035060659230012],[72.91056148429416,19.035602555841535]]},"properties":{"id":"L02082","strahler":2,"length_m":403.8,"drop_m":26.85,"gradient":0.06649,"area_ha":20.18,"on_drain_share":0.0,"downstream":"L02058"}},{"type":"Feature","geometry":{"type":"LineString","coordinates":[[72.923687435697,19.034124698421355],[72.9238773729792,19.034126834094515],[72.92453541900086,19.034676208911822],[72.92453205158232,19.034947159647732],[72.92462589830451,19.035038544034325],[72.92452756160213,19.035308427282377],[72.92480910261554,19.035582580379636],[72.92509401123776,19.035585782321924],[72.92509288901547,19.035676099258037],[72.92518785862018,19.03567716648003],[72.92538004197917,19.0354986668719],[72.92566495056168,19.03550186792001]]},"properties":{"id":"L02083","strahler":1,"length_m":343.8,"drop_m":8.46,"gradient":0.02461,"area_ha":7.9,"on_drain_share":0.0,"downstream":"L02071"}},{"type":"Feature","geometry":{"type":"LineString","coordinates":[[72.89688833572325,19.035266660861232],[72.89717665056587,19.034998959835036],[72.89718006235871,19.03472801384501],[72.8970862322986,19.034636616948713],[72.8968013304026,19.034633371962954],[72.89661367093616,19.03445057779484],[72.89632876944415,19.034447332110734],[72.89623152678406,19.034626880674814],[72.8959466250616,19.034623634372434],[72.8957589666337,19.034440839425912],[72.89576238061788,19.034169893667105],[72.89529209880254,19.03380322092364],[72.89510216536586,19.03380105589492],[72.89490881666372,19.03406983629227],[72.89414908204684,19.03406117331423],[72.89386759865464,19.03378697845402],[72.89367766541096,19.033784811962473]]},"properties":{"id":"L02096","strahler":2,"length_m":554.6,"drop_m":7.59,"gradient":0.01369,"area_ha":18.98,"on_drain_share":0.0,"downstream":"L02057"}},{"type":"Feature","geometry":{"type":"LineString","coordinates":[[72.92567056000807,19.035050283057256],[72.92547837749481,19.03522878305454],[72.92566495056168,19.03550186792001]]},"properties":{"id":"L02084","strahler":1,"length_m":66.6,"drop_m":0.54,"gradient":0.00818,"area_ha":5.33,"on_drain_share":0.0,"downstream":"L02071"}},{"type":"Feature","geometry":{"type":"LineString","coordinates":[[72.90553494991545,19.03500363266509],[72.90525004584562,19.035000400649977],[72.90506237584252,19.03481761415457],[72.90487244005865,19.03481545906092],[72.90449483516883,19.03463051677575]]},"properties":{"id":"L02088","strahler":1,"length_m":126.6,"drop_m":-0.43,"gradient":0.0,"area_ha":6.57,"on_drain_share":0.0,"downstream":"L02101"}},{"type":"Feature","geometry":{"type":"LineString","coordinates":[[72.89006323341846,19.034195186185556],[72.88958269366466,19.034641334159243],[72.88920282631211,19.03463699198272]]},"properties":{"id":"L02086","strahler":1,"length_m":110.7,"drop_m":0.11,"gradient":0.00103,"area_ha":8.07,"on_drain_share":0.0,"downstream":"L02073"}},{"type":"Feature","geometry":{"type":"LineString","coordinates":[[72.86101184591898,19.033228647201234],[72.86110796685774,19.03313943400369],[72.86139285959817,19.033142733789987],[72.86158510089977,19.03296430688593],[72.8619649576207,19.0329687054835],[72.86224522608846,19.033333257108595],[72.86234019050967,19.03333435651226],[72.86337324491409,19.034249580312995],[72.86403800013632,19.034257271411498],[72.86432636025808,19.033989626633588],[72.86499111486063,19.03399731420137]]},"properties":{"id":"L02091","strahler":1,"length_m":508.7,"drop_m":1.48,"gradient":0.00291,"area_ha":14.48,"on_drain_share":0.0,"downstream":"L02123"}},{"type":"Feature","geometry":{"type":"LineString","coordinates":[[72.90449483516883,19.03463051677575],[72.90411836465933,19.03435525805683],[72.9036435268496,19.034349867656154],[72.90251639423894,19.03334345357219],[72.9005220906452,19.033320789559912],[72.90023378379966,19.033588496653106],[72.90004385000248,19.03358633672864]]},"properties":{"id":"L02101","strahler":2,"length_m":540.4,"drop_m":8.99,"gradient":0.01663,"area_ha":27.06,"on_drain_share":0.0,"downstream":"L02112"}},{"type":"Feature","geometry":{"type":"LineString","coordinates":[[72.84229350808786,19.033823799039254],[72.84258189857202,19.03355619158568],[72.84259123189477,19.032833694558605],[72.84297574925402,19.032476883554736],[72.84241413985377,19.03183804206747],[72.84222888224235,19.031474574405284],[72.84224054936375,19.03057145311958],[72.84243280571351,19.03039304784447]]},"properties":{"id":"L02116","strahler":1,"length_m":450.4,"drop_m":2.98,"gradient":0.00662,"area_ha":14.63,"on_drain_share":0.0,"downstream":"L02118"}},{"type":"Feature","geometry":{"type":"LineString","coordinates":[[72.87686063828652,19.03422450408634],[72.876956752272,19.034135281871663],[72.8772416496584,19.034138557381247],[72.87743387705312,19.033960112443392],[72.87752769494082,19.034051518263347]]},"properties":{"id":"L02093","strahler":1,"length_m":86.6,"drop_m":0.38,"gradient":0.00439,"area_ha":4.52,"on_drain_share":0.0,"downstream":"L02074"}},{"type":"Feature","geometry":{"type":"LineString","coordinates":[[72.85179104772979,19.033844213768706],[72.85179685631176,19.033392650404906],[72.85132784709224,19.032935562536828],[72.85133249473351,19.032574311922378],[72.85114489212081,19.032391476543598],[72.85114837805096,19.03212053860089],[72.85124450300323,19.03203133098618],[72.85058789793429,19.031391406382948],[72.85049758439024,19.031029050570236],[72.84993594797395,19.030390229529456],[72.84993943546947,19.0301192917439],[72.84984563618559,19.03002787355361],[72.84937082743801,19.030022344856388]]},"properties":{"id":"L02119","strahler":1,"length_m":565.3,"drop_m":2.2,"gradient":0.00389,"area_ha":17.3,"on_drain_share":0.0,"downstream":null}},{"type":"Feature","geometry":{"type":"LineString","coordinates":[[72.86499111486063,19.03399731420137],[72.8655609047744,19.034003901643604],[72.86623373739906,19.03337939008355],[72.8661445423628,19.03292672504208],[72.86662513279836,19.03248064363746],[72.86681506122241,19.032482837798547],[72.86729564864771,19.032036754328068],[72.86731064013827,19.030862677365022],[72.8672168300102,19.03077126703972],[72.86721913638507,19.030590639809684],[72.8670315166154,19.030407819062134],[72.86703612964483,19.030046564627835]]},"properties":{"id":"L02123","strahler":2,"length_m":607.0,"drop_m":1.19,"gradient":0.00197,"area_ha":46.82,"on_drain_share":0.0,"downstream":null}},{"type":"Feature","geometry":{"type":"LineString","coordinates":[[72.85435623999174,19.033783713599327],[72.85416863251658,19.033600880858657],[72.85369381226502,19.03359536227536],[72.8536000089703,19.033503945631715],[72.8536046518484,19.033142694499336],[72.85379690059831,19.032964276525732],[72.85380386402494,19.032422399719703]]},"properties":{"id":"L02104","strahler":2,"length_m":220.7,"drop_m":2.21,"gradient":0.01,"area_ha":18.44,"on_drain_share":0.0,"downstream":"L02120"}},{"type":"Feature","geometry":{"type":"LineString","coordinates":[[72.85616983537594,19.03308216798811],[72.85569501597394,19.03307665469289],[72.85540664520398,19.03334428480502],[72.85502678926386,19.033339872638706],[72.85464113256825,19.033787023905454],[72.85435623999174,19.033783713599327]]},"properties":{"id":"L02092","strahler":1,"length_m":229.0,"drop_m":2.68,"gradient":0.01172,"area_ha":5.95,"on_drain_share":0.0,"downstream":"L02104"}},{"type":"Feature","geometry":{"type":"LineString","coordinates":[[72.8712634216601,19.033708424235655],[72.87135953799805,19.03361920519411],[72.87154946830341,19.033621394613736],[72.87241450992573,19.03281841952263],[72.87242256339323,19.03218622219602],[72.87271090754243,19.0319185625996],[72.87318572894013,19.0319240318399],[72.87403236063399,19.032566071411306],[72.87583784000444,19.032496521708527],[72.87621999606763,19.032320262640006],[72.87706434673791,19.033142917935855],[72.87706205067322,19.033323546275504],[72.87753113841488,19.03378057569171],[72.87752769494082,19.034051518263347]]},"properties":{"id":"L02094","strahler":1,"length_m":933.3,"drop_m":1.04,"gradient":0.00111,"area_ha":20.49,"on_drain_share":0.0,"downstream":"L02074"}},{"type":"Feature","geometry":{"type":"LineString","coordinates":[[72.90041690493838,19.034132549552258],[72.90022697050036,19.03413038975675],[72.90003930741848,19.03394759875746],[72.90004385000248,19.03358633672864]]},"properties":{"id":"L02100","strahler":1,"length_m":88.3,"drop_m":2.59,"gradient":0.02939,"area_ha":4.5,"on_drain_share":0.0,"downstream":"L02112"}},{"type":"Feature","geometry":{"type":"LineString","coordinates":[[72.88513298351539,19.03350648869487],[72.88503916132224,19.033415086363362],[72.88484922958571,19.033412910835665],[72.8843686798183,19.03385904413573],[72.88398881552683,19.033854691409058],[72.88389499384722,19.033763288540612],[72.88351512989011,19.033758934860938],[72.88313984512058,19.03339332230978],[72.88247623017483,19.03329538579699]]},"properties":{"id":"L02102","strahler":1,"length_m":329.7,"drop_m":0.28,"gradient":0.00085,"area_ha":9.63,"on_drain_share":0.0,"downstream":"L02061"}},{"type":"Feature","geometry":{"type":"LineString","coordinates":[[72.8387000957661,19.03260754014703],[72.83793221159222,19.03323082963338],[72.8376473231056,19.033227493652625]]},"properties":{"id":"L02095","strahler":1,"length_m":139.0,"drop_m":7.92,"gradient":0.05698,"area_ha":4.97,"on_drain_share":0.0,"downstream":null}},{"type":"Feature","geometry":{"type":"LineString","coordinates":[[72.89483092646013,19.03271402548262],[72.89435609615327,19.03270861165742],[72.89406778160266,19.03297630828333],[72.89386987661109,19.033606348156706],[72.89367766541096,19.033784811962473]]},"properties":{"id":"L02097","strahler":1,"length_m":199.0,"drop_m":1.23,"gradient":0.00619,"area_ha":8.21,"on_drain_share":0.0,"downstream":"L02057"}},{"type":"Feature","geometry":{"type":"LineString","coordinates":[[72.92768621029299,19.033356652669045],[72.92768396892757,19.033537286881334],[72.92777781683189,19.03362866976625],[72.92806272265945,19.033631866814222],[72.928061602166,19.033722183939734],[72.92853084431435,19.034179097154173]]},"properties":{"id":"L02098","strahler":2,"length_m":144.9,"drop_m":0.08,"gradient":0.00056,"area_ha":30.29,"on_drain_share":0.0,"downstream":"L02072"}},{"type":"Feature","geometry":{"type":"LineString","coordinates":[[72.9305352663278,19.0333886043731],[72.93053302803848,19.033569238911312],[72.92995761838873,19.03401443818246],[72.92929395573735,19.033916667202853],[72.92910737784794,19.03364358556857],[72.92901240916281,19.033642520471084],[72.92872526286986,19.033819959212224],[72.92872302256905,19.034000593534607],[72.92853084431435,19.034179097154173]]},"properties":{"id":"L02099","strahler":2,"length_m":309.7,"drop_m":7.06,"gradient":0.0228,"area_ha":15.48,"on_drain_share":0.0,"downstream":"L02072"}},{"type":"Feature","geometry":{"type":"LineString","coordinates":[[72.90004385000248,19.03358633672864],[72.89909418140162,19.033575534180653],[72.89881268981648,19.033301346148722],[72.89862275651944,19.033299184794494],[72.8982485728618,19.03284328445284],[72.89825652859521,19.032211076545742]]},"properties":{"id":"L02112","strahler":2,"length_m":299.0,"drop_m":6.8,"gradient":0.02273,"area_ha":36.65,"on_drain_share":0.0,"downstream":"L02129"}},{"type":"Feature","geometry":{"type":"LineString","coordinates":[[72.88266845148843,19.033116934753796],[72.88247623017483,19.03329538579699]]},"properties":{"id":"L02103","strahler":1,"length_m":28.3,"drop_m":-0.19,"gradient":0.0,"area_ha":4.34,"on_drain_share":0.0,"downstream":"L02061"}},{"type":"Feature","geometry":{"type":"LineString","coordinates":[[72.86909189974561,19.032689779934078],[72.86928298091333,19.032601657864674],[72.8699465803059,19.032699640815252],[72.87023492898552,19.032431985574743],[72.87080586687333,19.032348242513567],[72.8709980981613,19.032169804717036],[72.87071665944691,19.031895578480704],[72.87071896218532,19.03171495085984],[72.87100845907095,19.031356980268093],[72.87138831447785,19.03136135913407],[72.87187003809554,19.030824948309483],[72.87187233944775,19.03064432053184],[72.87177852668137,19.03055291229223],[72.8718780927145,19.03019275107114],[72.87159550461952,19.03000884018633]]},"properties":{"id":"L02124","strahler":1,"length_m":585.3,"drop_m":3.13,"gradient":0.00535,"area_ha":12.22,"on_drain_share":0.0,"downstream":null}},{"type":"Feature","geometry":{"type":"LineString","coordinates":[[72.90746486624158,19.032586637929473],[72.90746260311336,19.032767269826245],[72.90688827439008,19.03312207568289],[72.90623029868593,19.03257264396707],[72.90575659777578,19.032476943628712],[72.9055689297085,19.03229415782061],[72.90452429865186,19.032282306766177]]},"properties":{"id":"L02115","strahler":1,"length_m":383.8,"drop_m":19.95,"gradient":0.05196,"area_ha":11.95,"on_drain_share":0.0,"downstream":"L02114"}},{"type":"Feature","geometry":{"type":"LineString","coordinates":[[72.92343060385144,19.03186357290727],[72.92380935055846,19.031958160997764],[72.92409762037876,19.031690413148105],[72.92428755494335,19.031692548137126],[72.92428306526124,19.032053815842634],[72.92447075558724,19.03223658454903],[72.924945593711,19.032241920844],[72.92513889492993,19.031973104101652],[72.92523386243259,19.03197417110052],[72.92542155382083,19.03215693893158],[72.92541706647256,19.032518206879438],[72.9257924511982,19.0328837421476],[72.925791329525,19.032974059150185],[72.92607399081902,19.033157893191046],[72.92626280585448,19.033250343333194],[72.92654995332062,19.033072908569117],[72.92740466746486,19.03308250380822],[72.9275912418566,19.033355586856402],[72.92768621029299,19.033356652669045]]},"properties":{"id":"L02105","strahler":1,"length_m":647.0,"drop_m":22.25,"gradient":0.0344,"area_ha":19.36,"on_drain_share":0.0,"downstream":"L02098"}},{"type":"Feature","geometry":{"type":"LineString","coordinates":[[72.92798792276642,19.032005092857073],[72.92798232054926,19.03245667853315],[72.92817113609381,19.032549126754123],[72.92816889535503,19.032729761037785],[72.92797671817384,19.032908264185593],[72.92797335667261,19.033179215565713],[72.92768621029299,19.033356652669045]]},"properties":{"id":"L02106","strahler":1,"length_m":190.7,"drop_m":2.24,"gradient":0.01174,"area_ha":9.31,"on_drain_share":0.0,"downstream":"L02098"}},{"type":"Feature","geometry":{"type":"LineString","coordinates":[[72.85380386402494,19.032422399719703],[72.85305344472359,19.031691066325806],[72.85277436124996,19.031236190162186],[72.85221155346052,19.030687687866667],[72.85221503732524,19.03041674968386],[72.85212123651979,19.030325332514142],[72.8519313123784,19.030323123487474],[72.85164991092394,19.030048871489072]]},"properties":{"id":"L02120","strahler":2,"length_m":367.0,"drop_m":1.4,"gradient":0.00381,"area_ha":36.18,"on_drain_share":0.0,"downstream":null}},{"type":"Feature","geometry":{"type":"LineString","coordinates":[[72.85552248264239,19.031719755449338],[72.85533023712037,19.03189817556477],[72.85485542134484,19.031892660441272],[72.85399379078632,19.03242460705543],[72.85380386402494,19.032422399719703]]},"properties":{"id":"L02107","strahler":1,"length_m":213.1,"drop_m":1.89,"gradient":0.00888,"area_ha":7.57,"on_drain_share":0.0,"downstream":"L02120"}},{"type":"Feature","geometry":{"type":"LineString","coordinates":[[72.9299766488084,19.032479045121296],[72.92997217122706,19.032840314101446],[72.9305352663278,19.0333886043731]]},"properties":{"id":"L02108","strahler":1,"length_m":124.9,"drop_m":1.71,"gradient":0.01366,"area_ha":5.55,"on_drain_share":0.0,"downstream":"L02099"}},{"type":"Feature","geometry":{"type":"LineString","coordinates":[[72.9313966961961,19.032856277395847],[72.9305352663278,19.0333886043731]]},"properties":{"id":"L02109","strahler":1,"length_m":114.9,"drop_m":14.29,"gradient":0.12441,"area_ha":6.26,"on_drain_share":0.0,"downstream":"L02099"}},{"type":"Feature","geometry":{"type":"LineString","coordinates":[[72.90489623378596,19.032918827527187],[72.90461473272279,19.032644647520602],[72.90461813199997,19.032373700165486],[72.90452429865186,19.032282306766177]]},"properties":{"id":"L02113","strahler":1,"length_m":86.6,"drop_m":4.89,"gradient":0.05646,"area_ha":5.74,"on_drain_share":0.0,"downstream":"L02114"}},{"type":"Feature","geometry":{"type":"LineString","coordinates":[[72.88751855758726,19.03263051741787],[72.88723366087241,19.03262725800601],[72.8865780447266,19.031897133110945],[72.8865803303194,19.03171650362791],[72.88629886413811,19.031442298737872],[72.88621075704766,19.03089932339836],[72.88583661465987,19.03044340156429],[72.8858400439595,19.03017245742586],[72.8855574382201,19.029988566433236]]},"properties":{"id":"L02127","strahler":1,"length_m":400.4,"drop_m":2.97,"gradient":0.00742,"area_ha":14.11,"on_drain_share":0.0,"downstream":null}},{"type":"Feature","geometry":{"type":"LineString","coordinates":[[72.91203005334735,19.0320963392685],[72.9117406361478,19.032454382543346],[72.91126015386804,19.032900593092037],[72.91116518668528,19.032899518859892]]},"properties":{"id":"L02110","strahler":1,"length_m":133.1,"drop_m":19.86,"gradient":0.14915,"area_ha":8.8,"on_drain_share":0.0,"downstream":"L02082"}},{"type":"Feature","geometry":{"type":"LineString","coordinates":[[72.91117535262522,19.032086673378302],[72.91116518668528,19.032899518859892]]},"properties":{"id":"L02111","strahler":1,"length_m":90.0,"drop_m":10.07,"gradient":0.11191,"area_ha":5.77,"on_drain_share":0.0,"downstream":"L02082"}},{"type":"Feature","geometry":{"type":"LineString","coordinates":[[72.89825652859521,19.032211076545742],[72.89797390393677,19.032027202956],[72.89768559588158,19.032294905924598],[72.89702083394106,19.032287336660293],[72.89682976472646,19.03237548890901],[72.8966421075019,19.032192694969357],[72.89664551961987,19.03192174899051],[72.89608255121361,19.031373366325738],[72.89579765506606,19.031370120326812],[72.89514200256426,19.03064002263186],[72.89514427873765,19.030459392124627],[72.89533648432374,19.030280926211724],[72.89524493362079,19.030008898146832]]},"properties":{"id":"L02129","strahler":3,"length_m":539.4,"drop_m":7.97,"gradient":0.01477,"area_ha":80.07,"on_drain_share":0.0,"downstream":null}},{"type":"Feature","geometry":{"type":"LineString","coordinates":[[72.90452429865186,19.032282306766177],[72.90424166595729,19.032098442103763],[72.90357690199494,19.032090896504954],[72.9031077401241,19.031633926810294],[72.90291780819776,19.031631770053533],[72.9025413468709,19.031356508931474],[72.9020665180642,19.031351115293738],[72.90197268676648,19.03125972077656],[72.90187772108203,19.031258641859495],[72.90139721893217,19.03170482458509],[72.90025762852828,19.031691870521765],[72.90006429035998,19.03196065741135],[72.89968101933651,19.03222728388199],[72.89939612107271,19.032224043292377],[72.89911463098635,19.031949855855018],[72.89892469918865,19.031947694958678],[72.89863639265165,19.03221539957474],[72.89825652859521,19.032211076545742]]},"properties":{"id":"L02114","strahler":2,"length_m":781.8,"drop_m":18.29,"gradient":0.02339,"area_ha":28.88,"on_drain_share":0.0,"downstream":"L02129"}},{"type":"Feature","geometry":{"type":"LineString","coordinates":[[72.93881093666646,19.032397203163434],[72.93881650959943,19.031945614388118],[72.93910475777132,19.03167784081617],[72.93910698655506,19.031497205261328],[72.93997283836265,19.030603563327364],[72.9399772937573,19.030242291973973]]},"properties":{"id":"L02132","strahler":1,"length_m":289.7,"drop_m":29.89,"gradient":0.10319,"area_ha":10.87,"on_drain_share":0.0,"downstream":null}},{"type":"Feature","geometry":{"type":"LineString","coordinates":[[72.84290178172168,19.03085015533731],[72.8427130245781,19.030757624615504],[72.84243280571351,19.03039304784447]]},"properties":{"id":"L02117","strahler":1,"length_m":76.6,"drop_m":1.43,"gradient":0.01874,"area_ha":5.19,"on_drain_share":0.0,"downstream":"L02118"}},{"type":"Feature","geometry":{"type":"LineString","coordinates":[[72.86379353627885,19.031093006795068],[72.86323184439875,19.0304542212213],[72.86323646565424,19.03009296768669],[72.86314265836823,19.030001555543173]]},"properties":{"id":"L02122","strahler":1,"length_m":149.0,"drop_m":-1.84,"gradient":0.0,"area_ha":8.91,"on_drain_share":0.0,"downstream":null}},{"type":"Feature","geometry":{"type":"LineString","coordinates":[[72.89228735969104,19.031059105019413],[72.89200246477698,19.031055853219726],[72.89172098980336,19.030781655829923],[72.89115120118768,19.030775150136186],[72.89068208001278,19.030318152417088],[72.89049215110275,19.030315983030295],[72.89039832729068,19.03022458328413],[72.89011343414707,19.03022132870866],[72.88982397725958,19.030579333474467],[72.88963404815806,19.030577163176943],[72.88916607333391,19.03002984713672]]},"properties":{"id":"L02128","strahler":1,"length_m":420.4,"drop_m":0.77,"gradient":0.00184,"area_ha":12.59,"on_drain_share":0.0,"downstream":null}},{"type":"Feature","geometry":{"type":"LineString","coordinates":[[72.84243280571351,19.03039304784447],[72.84262739453578,19.030034018003875]]},"properties":{"id":"L02118","strahler":2,"length_m":48.3,"drop_m":-0.05,"gradient":0.0,"area_ha":20.07,"on_drain_share":0.0,"downstream":null}},{"type":"Feature","geometry":{"type":"LineString","coordinates":[[72.90672437476194,19.031042656706546],[72.90663054081826,19.03095126432723],[72.9066339365013,19.03068031657206],[72.90607093579942,19.03013196156483],[72.90407666598001,19.030109339593956],[72.90407779920707,19.030019023816326]]},"properties":{"id":"L02130","strahler":1,"length_m":349.0,"drop_m":21.75,"gradient":0.06232,"area_ha":9.5,"on_drain_share":0.0,"downstream":null}},{"type":"Feature","geometry":{"type":"LineString","coordinates":[[72.88383893456488,19.030691504612598],[72.8838469438434,19.03005930244509]]},"properties":{"id":"L02126","strahler":1,"length_m":70.0,"drop_m":0.25,"gradient":0.00352,"area_ha":4.75,"on_drain_share":0.0,"downstream":null}},{"type":"Feature","geometry":{"type":"LineString","coordinates":[[72.9362635268442,19.031013800699945],[72.93626910622505,19.03056221258408],[72.93655735544839,19.03029444311381],[72.9365595868112,19.030113807822694],[72.93665566956548,19.030024551198846]]},"properties":{"id":"L02133","strahler":1,"length_m":126.6,"drop_m":14.24,"gradient":0.11253,"area_ha":5.77,"on_drain_share":0.0,"downstream":null}},{"type":"Feature","geometry":{"type":"LineString","coordinates":[[72.92269332995232,19.03004869131832],[72.92288326248122,19.03005082757395]]},"properties":{"id":"L02131","strahler":1,"length_m":20.0,"drop_m":1.56,"gradient":0.07778,"area_ha":6.22,"on_drain_share":0.0,"downstream":null}},{"type":"Feature","geometry":{"type":"LineString","coordinates":[[72.93798297956752,19.03022003585838],[72.93798520937996,19.030039400403076]]},"properties":{"id":"L02134","strahler":1,"length_m":20.0,"drop_m":0.21,"gradient":0.01072,"area_ha":4.48,"on_drain_share":0.0,"downstream":null}}]}