{"type":"FeatureCollection","name":"corporations_c2","source":"OpenCity resource 632f5209-dfe1-4e0e-9fa9-d11c21028e55","description":"Layer published as 'wards'; 5 polygons","features":[{"type":"Feature","geometry":{"type":"Polygon","coordinates":[[[77.5711,12.943664],[77.570164,12.943671],[77.568332,12.943668],[77.568078,12.943649],[77.567851,12.943631],[77.567871,12.943528],[77.567861,12.9434],[77.567853,12.943015],[77.567839,12.942806],[77.567807,12.942692],[77.567764,12.942608],[77.567708,12.942525],[77.567645,12.942438],[77.567154,12.94183],[77.566961,12.941618],[77.566827,12.941429],[77.566768,12.9413],[77.56674,12.94122],[77.566727,12.941148],[77.566714,12.941003],[77.566659,12.940223],[77.566186,12.940212],[77.566107,12.940167],[77.566025,12.940073],[77.565974,12.939994],[77.56593,12.93988],[77.565897,12.939739],[77.565916,12.939327],[77.565267,12.939315],[77.564742,12.939295],[77.564492,12.939284],[77.564364,12.939278],[77.564142,12.939283],[77.564133,12.939282],[77.563993,12.939286],[77.564063,12.939412],[77.564313,12.939893],[77.564909,12.940882],[77.564961,12.941004],[77.564993,12.941069],[77.565009,12.941157],[77.565072,12.941569],[77.565084,12.941649],[77.565089,12.941676],[77.565089,12.941677],[77.565105,12.941785],[77.565027,12.941788],[77.564992,12.941788],[77.564889,12.941789],[77.564586,12.941789],[77.564388,12.941791],[77.564333,12.941791],[77.564279,12.94179],[77.564279,12.941831],[77.564271,12.941861],[77.56427,12.941895],[77.564268,12.942721],[77.564255,12.943701],[77.564231,12.945527],[77.564233,12.946529],[77.564212,12.947111],[77.564229,12.947627],[77.564265,12.948117],[77.564256,12.948362],[77.564248,12.948427],[77.564139,12.948485],[77.564054,12.948524],[77.563942,12.948563],[77.563853,12.94858],[77.563666,12.948714],[77.563386,12.94882],[77.56303,12.94897],[77.562967,12.949006],[77.56289,12.949029],[77.562827,12.949061],[77.56276,12.949079],[77.562665,12.949084],[77.562579,12.94909],[77.562484,12.949077],[77.562411,12.949051],[77.562257,12.948982],[77.562147,12.948908],[77.561867,12.949108],[77.561717,12.949218],[77.561534,12.949222],[77.561485,12.949344],[77.56159,12.94944],[77.561629,12.949514],[77.561765,12.949624],[77.561972,12.949775],[77.562065,12.949849],[77.562141,12.949933],[77.562202,12.950059],[77.562242,12.950287],[77.562233,12.950462],[77.562237,12.950599],[77.562261,12.950743],[77.562111,12.951052],[77.562093,12.951078],[77.56196,12.951281],[77.56187,12.951451],[77.561812,12.951616],[77.561787,12.951738],[77.561772,12.951892],[77.561774,12.952035],[77.561753,12.952375],[77.561746,12.952496],[77.561692,12.953037],[77.56169,12.953319],[77.561689,12.953392],[77.561408,12.953365],[77.561121,12.953383],[77.560773,12.953461],[77.560601,12.953533],[77.56034,12.953622],[77.560164,12.953667],[77.560093,12.953674],[77.560028,12.953675],[77.559984,12.953675],[77.559916,12.953673],[77.559763,12.953631],[77.559316,12.953469],[77.558923,12.953283],[77.558763,12.953237],[77.558647,12.953219],[77.558603,12.953216],[77.558565,12.953209],[77.558518,12.9532],[77.558435,12.953208],[77.558443,12.953157],[77.557654,12.953188],[77.556636,12.95332],[77.556588,12.953248],[77.556285,12.952832],[77.556157,12.952636],[77.55606,12.952501],[77.555991,12.952388],[77.555901,12.952176],[77.555852,12.952059],[77.555796,12.95189],[77.555773,12.951804],[77.555761,12.951766],[77.555723,12.951601],[77.555937,12.951544],[77.55612,12.95148],[77.556286,12.951427],[77.556489,12.951359],[77.556751,12.951267],[77.556965,12.951214],[77.557167,12.951138],[77.557326,12.951038],[77.557448,12.95094],[77.557522,12.950814],[77.55753,12.950805],[77.557588,12.950643],[77.55759,12.950549],[77.557595,12.950503],[77.557636,12.950491],[77.557711,12.950465],[77.557943,12.950402],[77.558086,12.950391],[77.558084,12.950193],[77.557715,12.950152],[77.557703,12.95015],[77.557655,12.950139],[77.557641,12.950138],[77.557333,12.950082],[77.556835,12.949971],[77.556813,12.949962],[77.556785,12.94997],[77.556761,12.949991],[77.55669,12.950062],[77.556519,12.950176],[77.556405,12.950226],[77.556317,12.950262],[77.556193,12.950294],[77.555996,12.95034],[77.555745,12.950374],[77.555714,12.950378],[77.555619,12.950396],[77.55556,12.950413],[77.554991,12.950561],[77.554742,12.94968],[77.554579,12.949757],[77.554524,12.949943],[77.5545,12.950054],[77.55446,12.9502],[77.5544,12.950271],[77.554222,12.950403],[77.554044,12.950535],[77.553928,12.950616],[77.553841,12.950657],[77.553637,12.95076],[77.553464,12.950857],[77.553281,12.950884],[77.552791,12.950557],[77.55267,12.950703],[77.552589,12.950816],[77.55237,12.951121],[77.552354,12.951144],[77.552287,12.951237],[77.551975,12.951673],[77.551643,12.952043],[77.551569,12.952111],[77.551523,12.952166],[77.551476,12.952054],[77.551434,12.952081],[77.551337,12.952105],[77.551275,12.952117],[77.551163,12.952122],[77.551043,12.952089],[77.550899,12.952052],[77.550732,12.952084],[77.550507,12.952064],[77.549587,12.95221],[77.549126,12.952279],[77.549147,12.952352],[77.549207,12.952616],[77.549207,12.952669],[77.54922,12.95281],[77.549249,12.953364],[77.54928,12.954056],[77.549334,12.954736],[77.549587,12.954726],[77.549306,12.955088],[77.549099,12.955445],[77.549095,12.955452],[77.548793,12.955957],[77.548586,12.956311],[77.548411,12.95661],[77.548362,12.956693],[77.548155,12.957067],[77.547783,12.95774],[77.547406,12.958414],[77.54706,12.959093],[77.546807,12.95957],[77.546481,12.960074],[77.546303,12.960423],[77.546185,12.960654],[77.54592,12.961136],[77.545741,12.961411],[77.545584,12.961654],[77.54532,12.962081],[77.545183,12.962255],[77.545257,12.962298],[77.545357,12.962343],[77.545442,12.962399],[77.545503,12.962463],[77.545553,12.962524],[77.545572,12.962588],[77.54557,12.962642],[77.545558,12.962686],[77.545513,12.962723],[77.545427,12.962785],[77.545268,12.962874],[77.545111,12.962938],[77.544973,12.962996],[77.544845,12.963053],[77.544735,12.963119],[77.544637,12.963212],[77.544569,12.96328],[77.544488,12.963366],[77.544412,12.963312],[77.543816,12.964026],[77.543816,12.964026],[77.543876,12.964064],[77.543956,12.964117],[77.544215,12.964241],[77.544463,12.964323],[77.544732,12.964381],[77.544971,12.964384],[77.545315,12.964362],[77.545638,12.964345],[77.545967,12.964345],[77.546159,12.964359],[77.54637,12.964404],[77.546628,12.964475],[77.547022,12.964609],[77.547514,12.964764],[77.548024,12.964937],[77.548257,12.96504],[77.548466,12.965164],[77.548683,12.965316],[77.548997,12.965552],[77.549415,12.965856],[77.549757,12.966133],[77.550006,12.966359],[77.550056,12.966414],[77.550236,12.966615],[77.550281,12.966691],[77.550306,12.966732],[77.550676,12.967163],[77.550996,12.967539],[77.551175,12.967716],[77.551435,12.967937],[77.551697,12.968088],[77.551906,12.968193],[77.552271,12.968313],[77.552572,12.968404],[77.552859,12.968486],[77.553475,12.968651],[77.55425,12.968855],[77.55456,12.96894],[77.555007,12.969064],[77.555204,12.969127],[77.555385,12.969184],[77.555563,12.969239],[77.555655,12.969268],[77.555994,12.969354],[77.556378,12.96943],[77.556709,12.96947],[77.556985,12.969482],[77.557117,12.969466],[77.557159,12.969992],[77.557166,12.970302],[77.557383,12.970246],[77.557545,12.971063],[77.557732,12.972024],[77.557801,12.972316],[77.557943,12.972856],[77.55795,12.972958],[77.557993,12.973025],[77.557959,12.973487],[77.557952,12.973667],[77.557906,12.973702],[77.55795,12.973821],[77.558057,12.974004],[77.558326,12.974452],[77.558443,12.974743],[77.558516,12.974995],[77.558576,12.975142],[77.558655,12.975325],[77.558687,12.97557],[77.558704,12.975765],[77.558543,12.975764],[77.555694,12.975607],[77.554496,12.97556],[77.554493,12.97556],[77.554664,12.975959],[77.554902,12.976419],[77.555019,12.976619],[77.555137,12.976945],[77.555169,12.977012],[77.555187,12.977048],[77.555298,12.977275],[77.555529,12.977493],[77.555776,12.977598],[77.556085,12.977809],[77.556414,12.978067],[77.556657,12.978224],[77.556872,12.978329],[77.556974,12.978326],[77.557375,12.97842],[77.557632,12.978558],[77.557886,12.978694],[77.558075,12.978798],[77.558258,12.978829],[77.558477,12.978827],[77.558647,12.978821],[77.55881,12.978829],[77.558943,12.978899],[77.559053,12.979015],[77.559136,12.979195],[77.559167,12.979436],[77.55915,12.979613],[77.559193,12.979768],[77.559262,12.979873],[77.559431,12.979976],[77.559561,12.980048],[77.559793,12.980123],[77.560032,12.980178],[77.560251,12.980206],[77.560491,12.980269],[77.56065,12.980408],[77.560766,12.980574],[77.560853,12.980738],[77.560926,12.980911],[77.560963,12.981018],[77.561025,12.981273],[77.56103,12.981307],[77.561136,12.981663],[77.561195,12.981805],[77.561218,12.981842],[77.561241,12.981853],[77.561272,12.981857],[77.561337,12.981852],[77.561388,12.981854],[77.56146,12.981853],[77.561605,12.981875],[77.561589,12.981962],[77.561607,12.982123],[77.561611,12.982228],[77.561612,12.982228],[77.561612,12.982261],[77.561614,12.982401],[77.561614,12.982486],[77.561588,12.982605],[77.561524,12.982891],[77.561416,12.983785],[77.561301,12.984208],[77.561099,12.984678],[77.561058,12.984734],[77.561054,12.984749],[77.561018,12.984806],[77.560985,12.984907],[77.560969,12.985098],[77.560973,12.985251],[77.560967,12.985379],[77.560989,12.985529],[77.561009,12.985706],[77.561021,12.985827],[77.561012,12.985943],[77.560973,12.986042],[77.560783,12.986513],[77.560763,12.986614],[77.560769,12.986678],[77.560804,12.986755],[77.56099,12.986939],[77.561056,12.986995],[77.561281,12.987052],[77.561776,12.987163],[77.561813,12.987209],[77.561817,12.987274],[77.561791,12.987344],[77.561744,12.987481],[77.561626,12.987629],[77.561579,12.987722],[77.561541,12.9878],[77.561485,12.987994],[77.561447,12.988175],[77.561446,12.988284],[77.561446,12.988281],[77.561476,12.988282],[77.562263,12.988275],[77.56394,12.988175],[77.56396,12.988374],[77.563964,12.988385],[77.56504,12.988318],[77.565088,12.988318],[77.565069,12.988535],[77.565696,12.988517],[77.566803,12.988467],[77.567794,12.988417],[77.567906,12.98841],[77.567915,12.988505],[77.567919,12.988544],[77.567926,12.988578],[77.567926,12.988605],[77.567926,12.988624],[77.567924,12.988718],[77.567918,12.988854],[77.567878,12.989756],[77.567867,12.990444],[77.567843,12.99122],[77.56782,12.991782],[77.567786,12.992611],[77.567785,12.992628],[77.567758,12.993408],[77.568385,12.993381],[77.568026,12.993719],[77.567654,12.994216],[77.567323,12.994615],[77.567099,12.994913],[77.566968,12.995227],[77.566713,12.995723],[77.566383,12.996211],[77.566052,12.996634],[77.566161,12.996685],[77.566213,12.996708],[77.5664,12.996783],[77.56656,12.996837],[77.566749,12.996869],[77.566944,12.996873],[77.567144,12.996848],[77.567197,12.996843],[77.567448,12.996819],[77.568085,12.996786],[77.568546,12.996782],[77.568641,12.996781],[77.569184,12.996775],[77.570133,12.996766],[77.571396,12.996833],[77.571402,12.997333],[77.57136,12.999415],[77.571319,13.002114],[77.571292,13.00335],[77.571355,13.003349],[77.571486,13.00336],[77.57173,13.00337],[77.571973,13.003391],[77.572065,13.003396],[77.572176,13.003402],[77.57218,13.003338],[77.572186,13.003317],[77.572189,13.003278],[77.572208,13.002871],[77.572209,13.002854],[77.572254,13.002205],[77.57225,13.001862],[77.572532,13.001865],[77.572558,13.001865],[77.572555,13.001632],[77.572559,13.001253],[77.572567,13.001008],[77.573537,13.001017],[77.573724,13.001018],[77.57381,13.001016],[77.573834,13.000566],[77.573886,12.999785],[77.57389,12.999655],[77.573911,12.998922],[77.574081,12.998921],[77.574871,12.998916],[77.575155,12.998924],[77.575633,12.998927],[77.576029,12.998923],[77.576492,12.998919],[77.576729,12.998939],[77.576881,12.998949],[77.577048,12.998986],[77.577181,12.999019],[77.577606,12.999148],[77.578056,12.999225],[77.578408,12.999215],[77.578409,12.999145],[77.578414,12.999128],[77.578409,12.999094],[77.578374,12.998855],[77.578301,12.997811],[77.579444,12.997767],[77.579422,12.997347],[77.579611,12.99734],[77.579663,12.997336],[77.579808,12.997334],[77.579987,12.997335],[77.580413,12.997301],[77.580858,12.997269],[77.581044,12.997472],[77.58165,12.998134],[77.582047,12.998556],[77.582503,12.998969],[77.582909,12.999301],[77.583284,12.999346],[77.58361,12.999376],[77.583878,12.99939],[77.584057,12.999381],[77.58417,12.999338],[77.584219,12.999288],[77.584235,12.99923],[77.584242,12.999083],[77.584295,12.998431],[77.584352,12.997779],[77.585389,12.997686],[77.586113,12.997615],[77.586248,12.997604],[77.586365,12.997585],[77.586439,12.997566],[77.586621,12.99749],[77.586732,12.997429],[77.586955,12.997268],[77.587301,12.996983],[77.587715,12.996655],[77.588254,12.996332],[77.589085,12.99592],[77.589327,12.995808],[77.589564,12.9956],[77.589746,12.995352],[77.590625,12.99538],[77.591435,12.995415],[77.591736,12.995428],[77.592801,12.995474],[77.593724,12.995507],[77.59401,12.995486],[77.59416,12.995485],[77.594303,12.995453],[77.594359,12.995434],[77.594439,12.995415],[77.59457,12.995365],[77.594675,12.995339],[77.59488,12.99527],[77.595119,12.995168],[77.59516,12.995151],[77.59568,12.994883],[77.596117,12.994672],[77.596148,12.994786],[77.596136,12.994912],[77.595961,12.995772],[77.59588,12.996349],[77.595755,12.997242],[77.595519,12.998109],[77.595219,12.999047],[77.594811,13.000432],[77.594234,13.002272],[77.593383,13.005123],[77.593253,13.00556],[77.593215,13.005689],[77.593262,13.005668],[77.593445,13.006012],[77.593558,13.006175],[77.593764,13.006596],[77.594236,13.007625],[77.594744,13.009215],[77.594956,13.009103],[77.595302,13.009975],[77.595321,13.010045],[77.595328,13.010143],[77.595455,13.010467],[77.595752,13.011302],[77.595901,13.011232],[77.596005,13.011183],[77.596204,13.011099],[77.596605,13.010931],[77.596913,13.010836],[77.597322,13.010621],[77.598104,13.010183],[77.600254,13.009183],[77.600962,13.008811],[77.601251,13.008678],[77.601338,13.008635],[77.601473,13.008568],[77.602446,13.008102],[77.605266,13.006714],[77.605141,13.00644],[77.604943,13.005979],[77.604605,13.006084],[77.604591,13.006058],[77.604561,13.005944],[77.604532,13.005904],[77.604341,13.005449],[77.604101,13.005033],[77.604023,13.004826],[77.603996,13.004769],[77.603823,13.004402],[77.603743,13.004244],[77.603742,13.00416],[77.603742,13.004127],[77.603748,13.004085],[77.603785,13.003828],[77.603786,13.003705],[77.603787,13.003455],[77.602593,13.001738],[77.602567,13.001676],[77.602508,13.00158],[77.602435,13.001464],[77.602335,13.001396],[77.602267,13.001382],[77.602245,13.001377],[77.602219,13.001372],[77.602071,13.001385],[77.602022,13.001394],[77.601857,13.001424],[77.601657,13.001474],[77.601651,13.00148],[77.601651,13.001476],[77.601493,13.001495],[77.601496,13.001412],[77.601541,13.00099],[77.601557,13.000819],[77.60157,13.000739],[77.601578,13.000691],[77.601596,13.000638],[77.601603,13.000525],[77.601675,13.000541],[77.601773,13.000079],[77.601829,12.999841],[77.602194,12.999666],[77.603273,12.999243],[77.603835,12.999018],[77.604383,12.998806],[77.604602,12.998703],[77.604699,12.998614],[77.604752,12.998548],[77.604823,12.998442],[77.604871,12.998358],[77.604944,12.998063],[77.604992,12.997913],[77.605009,12.997873],[77.605067,12.997846],[77.605157,12.997837],[77.605878,12.997834],[77.606258,12.997826],[77.606357,12.997838],[77.606397,12.997851],[77.606424,12.997877],[77.606465,12.997916],[77.606497,12.997951],[77.606524,12.997994],[77.606548,12.99813],[77.606548,12.998214],[77.606593,12.998577],[77.606734,12.999515],[77.606782,12.999545],[77.606862,12.999545],[77.607128,12.999479],[77.608442,12.999042],[77.608676,12.998933],[77.608501,12.998686],[77.608125,12.998081],[77.607669,12.997442],[77.606927,12.996322],[77.605681,12.994473],[77.605502,12.994245],[77.604783,12.994586],[77.603558,12.99502],[77.602408,12.99536],[77.601534,12.995547],[77.600756,12.995715],[77.600603,12.99574],[77.600502,12.995741],[77.60043,12.995737],[77.600387,12.995733],[77.60031,12.99571],[77.600258,12.995701],[77.600214,12.995683],[77.600161,12.995655],[77.600046,12.995614],[77.599869,12.99556],[77.598663,12.995191],[77.597175,12.994709],[77.596838,12.994612],[77.596571,12.994548],[77.596531,12.994477],[77.596635,12.994433],[77.597406,12.994206],[77.598526,12.993814],[77.599163,12.993591],[77.600687,12.992941],[77.601232,12.992733],[77.601505,12.992658],[77.60187,12.992565],[77.602095,12.992539],[77.60229,12.992531],[77.602534,12.992529],[77.602836,12.992549],[77.603834,12.992775],[77.603903,12.992811],[77.603869,12.992727],[77.604105,12.992223],[77.604185,12.992183],[77.604364,12.992124],[77.604411,12.992112],[77.604454,12.992099],[77.604489,12.992061],[77.604546,12.992008],[77.604572,12.991941],[77.604648,12.991745],[77.604797,12.991574],[77.604893,12.99143],[77.604997,12.991252],[77.605102,12.991073],[77.605211,12.990701],[77.605265,12.990531],[77.60528,12.990332],[77.605296,12.990183],[77.605603,12.990183],[77.606061,12.990172],[77.606462,12.990188],[77.606601,12.990212],[77.606603,12.990213],[77.60673,12.990247],[77.606921,12.990288],[77.607106,12.990358],[77.607119,12.99052],[77.607164,12.991553],[77.607222,12.99294],[77.607241,12.993354],[77.607286,12.993482],[77.607401,12.993592],[77.607676,12.993582],[77.608174,12.993536],[77.608299,12.993535],[77.608435,12.993522],[77.6085,12.99351],[77.608571,12.993491],[77.60863,12.993462],[77.608707,12.993438],[77.60879,12.993396],[77.608979,12.99326],[77.609709,12.992735],[77.609785,12.992678],[77.609864,12.992619],[77.610316,12.99228],[77.611048,12.991807],[77.611278,12.9917],[77.611692,12.991515],[77.611781,12.991491],[77.611899,12.991449],[77.611976,12.991442],[77.612113,12.991412],[77.612355,12.991363],[77.612503,12.991321],[77.612592,12.991308],[77.612799,12.991213],[77.612876,12.991177],[77.613053,12.991082],[77.613248,12.99097],[77.613697,12.990732],[77.613914,12.990592],[77.615004,12.989993],[77.616247,12.989299],[77.616715,12.989014],[77.617121,12.988731],[77.617121,12.98873],[77.617254,12.988626],[77.617678,12.98829],[77.618266,12.987757],[77.618344,12.987703],[77.618584,12.987521],[77.618805,12.987336],[77.619326,12.98722],[77.619329,12.987277],[77.619326,12.987277],[77.619326,12.987278],[77.619333,12.987448],[77.619407,12.988249],[77.619499,12.988889],[77.619522,12.989546],[77.619527,12.990112],[77.619473,12.990603],[77.619446,12.990774],[77.619369,12.991293],[77.619338,12.9915],[77.619303,12.991675],[77.619182,12.991976],[77.618943,12.992493],[77.618506,12.993316],[77.618117,12.994119],[77.617805,12.994669],[77.617533,12.995122],[77.617222,12.995425],[77.616943,12.995598],[77.61691,12.995621],[77.616707,12.995726],[77.616828,12.995781],[77.616862,12.995797],[77.616932,12.99611],[77.617176,12.996796],[77.617485,12.997507],[77.617577,12.997681],[77.617663,12.997899],[77.617891,12.998335],[77.617902,12.998355],[77.617976,12.998372],[77.618295,12.998458],[77.618735,12.998652],[77.618931,12.998788],[77.619098,12.99892],[77.619215,12.999077],[77.61945,12.999423],[77.620165,12.999958],[77.620752,12.99945],[77.622042,12.998315],[77.623701,12.996867],[77.624376,12.996228],[77.624622,12.996047],[77.624975,12.995817],[77.625394,12.995577],[77.626056,12.995259],[77.626835,12.994975],[77.62742,12.994831],[77.628447,12.994647],[77.629082,12.994513],[77.629091,12.99448],[77.629081,12.99444],[77.629051,12.994363],[77.628791,12.994173],[77.629112,12.994259],[77.63021,12.994091],[77.631142,12.993913],[77.63193,12.993773],[77.633389,12.993465],[77.634093,12.993313],[77.634372,12.993294],[77.634761,12.993237],[77.635347,12.993099],[77.635696,12.99303],[77.636983,12.99275],[77.637163,12.992723],[77.637295,12.993601],[77.637476,12.993613],[77.637939,12.993599],[77.637979,12.993803],[77.638058,12.994201],[77.637845,12.994232],[77.637855,12.994344],[77.637923,12.995131],[77.63942,12.995019],[77.640049,12.994983],[77.640113,12.994992],[77.640368,12.99497],[77.640405,12.995078],[77.640558,12.995501],[77.640664,12.995834],[77.64098,12.995614],[77.641199,12.995426],[77.641296,12.99584],[77.642715,12.995862],[77.642616,12.995982],[77.64221,12.996546],[77.641539,12.99758],[77.640956,12.998444],[77.640393,12.999425],[77.639901,13.000315],[77.639618,13.000807],[77.639486,13.001021],[77.639138,13.001526],[77.63883,13.001982],[77.638733,13.002141],[77.638669,13.002254],[77.638612,13.002465],[77.638543,13.002626],[77.638497,13.002697],[77.638448,13.002743],[77.638334,13.002811],[77.637942,13.003003],[77.637014,13.003502],[77.636664,13.003698],[77.636487,13.003796],[77.636324,13.003892],[77.636248,13.003944],[77.6363,13.003993],[77.636432,13.004104],[77.636457,13.004134],[77.636457,13.004135],[77.636466,13.004137],[77.636901,13.004497],[77.637503,13.00516],[77.637572,13.005232],[77.637728,13.005337],[77.638024,13.005486],[77.638111,13.0055],[77.638306,13.005468],[77.638476,13.005466],[77.638731,13.005503],[77.639076,13.005569],[77.639374,13.005652],[77.639934,13.00584],[77.640264,13.00595],[77.640475,13.005991],[77.640531,13.006002],[77.640913,13.006064],[77.641126,13.006089],[77.641822,13.006168],[77.642532,13.006239],[77.642676,13.006253],[77.643182,13.006318],[77.643663,13.006359],[77.64428,13.006386],[77.644869,13.006435],[77.645127,13.006441],[77.645464,13.00641],[77.645523,13.006422],[77.645537,13.006528],[77.645663,13.006718],[77.645701,13.006801],[77.645704,13.006804],[77.645704,13.006809],[77.645815,13.007027],[77.645957,13.007229],[77.646104,13.007389],[77.646188,13.007467],[77.646274,13.007519],[77.646702,13.008057],[77.647246,13.00779],[77.647462,13.007712],[77.647657,13.00764],[77.647716,13.007623],[77.648033,13.007507],[77.64802,13.007623],[77.64809,13.007633],[77.648264,13.007622],[77.648874,13.00757],[77.649543,13.007518],[77.649682,13.007489],[77.649895,13.007423],[77.650268,13.007185],[77.65049,13.007061],[77.650669,13.006965],[77.650792,13.006915],[77.650999,13.006877],[77.651358,13.006806],[77.651528,13.006753],[77.65154,13.006728],[77.651414,13.006492],[77.651252,13.006184],[77.651236,13.006125],[77.651298,13.006117],[77.651682,13.006049],[77.652468,13.00591],[77.652873,13.005848],[77.652942,13.005866],[77.652992,13.005908],[77.653132,13.006025],[77.653636,13.006467],[77.654011,13.006782],[77.654528,13.00728],[77.654729,13.007547],[77.655473,13.008351],[77.65582,13.008737],[77.655943,13.008875],[77.656047,13.008992],[77.656131,13.00907],[77.656447,13.009316],[77.657497,13.01009],[77.657894,13.010358],[77.657912,13.010359],[77.658355,13.010646],[77.658564,13.010769],[77.658895,13.010942],[77.659312,13.011166],[77.660004,13.011444],[77.660996,13.011808],[77.661513,13.011988],[77.661868,13.012173],[77.662099,13.012313],[77.662171,13.012343],[77.662276,13.012387],[77.662293,13.012389],[77.662344,13.011845],[77.662371,13.011261],[77.662427,13.010561],[77.662431,13.010515],[77.662476,13.01001],[77.662497,13.00959],[77.662511,13.009331],[77.662532,13.009004],[77.662552,13.00869],[77.662588,13.008305],[77.662646,13.007845],[77.662755,13.007275],[77.662851,13.006625],[77.662998,13.00575],[77.663126,13.005005],[77.663129,13.00498],[77.663178,13.004528],[77.663184,13.004474],[77.663233,13.003685],[77.66326,13.003101],[77.663275,13.003066],[77.663385,13.001545],[77.663444,13.000249],[77.66356,12.998707],[77.6636,12.998347],[77.663744,12.998029],[77.663857,12.997814],[77.663961,12.997644],[77.663961,12.997644],[77.663968,12.997633],[77.664037,12.997522],[77.664042,12.997515],[77.66369,12.997335],[77.663381,12.997177],[77.66291,12.996895],[77.662786,12.996828],[77.66322,12.996092],[77.663332,12.995905],[77.663363,12.995852],[77.663607,12.995436],[77.663799,12.995114],[77.663804,12.995106],[77.664065,12.994676],[77.664126,12.994567],[77.664128,12.994564],[77.66413,12.994561],[77.66419,12.994453],[77.664691,12.993611],[77.664866,12.993337],[77.665123,12.992931],[77.665205,12.992802],[77.66556,12.992354],[77.665701,12.992187],[77.666067,12.99179],[77.666365,12.991521],[77.666565,12.991351],[77.666873,12.991114],[77.66708,12.990966],[77.667214,12.990873],[77.667821,12.990511],[77.667945,12.990406],[77.668316,12.990215],[77.668123,12.990015],[77.668173,12.989985],[77.667984,12.989793],[77.667867,12.989777],[77.667785,12.989755],[77.667699,12.989691],[77.66755,12.98942],[77.667452,12.988978],[77.667416,12.988548],[77.667423,12.987948],[77.66741,12.987368],[77.667451,12.98631],[77.667445,12.986092],[77.667446,12.986038],[77.667469,12.986034],[77.667729,12.98596],[77.667825,12.985826],[77.667934,12.985633],[77.667955,12.985609],[77.667974,12.98558],[77.667993,12.985595],[77.668056,12.985625],[77.668239,12.985725],[77.668283,12.985749],[77.668285,12.985751],[77.668417,12.985823],[77.66842,12.985823],[77.668573,12.985896],[77.668605,12.985911],[77.668804,12.986003],[77.66884,12.986016],[77.669166,12.986129],[77.669234,12.986152],[77.669259,12.986157],[77.669354,12.986174],[77.669432,12.986188],[77.669482,12.98619],[77.669797,12.986203],[77.669822,12.986204],[77.669937,12.9862],[77.669999,12.986195],[77.670165,12.986183],[77.670211,12.98618],[77.670552,12.986135],[77.670843,12.986081],[77.670999,12.986046],[77.671172,12.986222],[77.671296,12.986175],[77.671497,12.986066],[77.671705,12.985971],[77.672022,12.986044],[77.67214,12.98609],[77.672199,12.986113],[77.672619,12.986274],[77.67271,12.986307],[77.673025,12.986432],[77.673123,12.986469],[77.673506,12.986614],[77.673732,12.9867],[77.674481,12.986624],[77.674888,12.986431],[77.675703,12.985937],[77.676508,12.985452],[77.676647,12.985361],[77.676777,12.985252],[77.676801,12.985227],[77.676809,12.98519],[77.676831,12.985198],[77.67685,12.985203],[77.676904,12.985194],[77.677019,12.985119],[77.677587,12.984833],[77.677929,12.984643],[77.678203,12.984453],[77.678487,12.9843],[77.678628,12.98414],[77.679075,12.984033],[77.679807,12.983664],[77.679808,12.983639],[77.679811,12.983634],[77.67988,12.983558],[77.679972,12.983466],[77.680063,12.983343],[77.680088,12.983301],[77.680145,12.983206],[77.680253,12.983046],[77.680303,12.982967],[77.680362,12.982874],[77.68037,12.982849],[77.680403,12.982751],[77.680398,12.982665],[77.680391,12.982628],[77.680376,12.98255],[77.680347,12.982434],[77.680258,12.982131],[77.680105,12.981614],[77.679939,12.981084],[77.679856,12.980792],[77.679819,12.980625],[77.679809,12.980581],[77.679804,12.980552],[77.679684,12.97991],[77.679643,12.979685],[77.679577,12.979413],[77.679427,12.978739],[77.679379,12.978484],[77.679334,12.978095],[77.6793,12.977598],[77.679291,12.977464],[77.679281,12.977319],[77.679263,12.977056],[77.679263,12.97705],[77.679263,12.977012],[77.679264,12.976814],[77.679314,12.976615],[77.679323,12.976503],[77.679326,12.976407],[77.679306,12.976298],[77.6793,12.976267],[77.678734,12.974748],[77.678404,12.973769],[77.678261,12.973358],[77.678235,12.973283],[77.678219,12.973192],[77.678192,12.973032],[77.678186,12.973033],[77.678122,12.972807],[77.678104,12.972742],[77.677684,12.972808],[77.676673,12.973018],[77.676301,12.973095],[77.675976,12.973178],[77.675846,12.973199],[77.675548,12.973247],[77.674954,12.973375],[77.674588,12.973472],[77.674435,12.973518],[77.674067,12.973641],[77.673871,12.973707],[77.673481,12.973822],[77.673289,12.973879],[77.672819,12.974043],[77.672361,12.974202],[77.671403,12.974514],[77.671246,12.974559],[77.671036,12.974619],[77.670649,12.974733],[77.67046,12.974804],[77.669885,12.975023],[77.669442,12.975177],[77.669211,12.975258],[77.669143,12.975287],[77.668934,12.975377],[77.668799,12.97542],[77.668536,12.975462],[77.668262,12.975505],[77.667959,12.975552],[77.667915,12.975559],[77.667849,12.975562],[77.667529,12.975578],[77.667475,12.97558],[77.667354,12.97557],[77.667305,12.975566],[77.667213,12.975558],[77.666936,12.975513],[77.666785,12.975466],[77.666785,12.975464],[77.666627,12.975418],[77.666605,12.975409],[77.666386,12.975331],[77.666484,12.97456],[77.666603,12.974553],[77.667018,12.974489],[77.667042,12.974421],[77.667033,12.974338],[77.66684,12.973389],[77.666901,12.973379],[77.666873,12.97332],[77.666832,12.973227],[77.666786,12.973219],[77.666714,12.973233],[77.666643,12.973247],[77.666548,12.97291],[77.666812,12.972761],[77.666939,12.972649],[77.666525,12.972515],[77.666517,12.972276],[77.666508,12.971894],[77.666144,12.97145],[77.66604,12.971486],[77.665428,12.971724],[77.665412,12.971769],[77.665345,12.971891],[77.665038,12.971833],[77.664586,12.971749],[77.664199,12.971677],[77.663833,12.971608],[77.66354,12.971587],[77.663126,12.971535],[77.663038,12.971548],[77.662922,12.971562],[77.662818,12.971579],[77.662802,12.971582],[77.662528,12.971656],[77.662254,12.971735],[77.662191,12.971759],[77.661898,12.971869],[77.661721,12.97196],[77.661656,12.971986],[77.661654,12.971985],[77.661551,12.972106],[77.661558,12.971922],[77.661547,12.971883],[77.661544,12.971825],[77.66154,12.971747],[77.661525,12.971693],[77.661499,12.971657],[77.661481,12.971643],[77.661452,12.971626],[77.661441,12.971619],[77.661427,12.97161],[77.661408,12.971606],[77.661324,12.971599],[77.661087,12.971586],[77.661018,12.971587],[77.660907,12.971581],[77.660572,12.971564],[77.660512,12.97156],[77.660057,12.971552],[77.659745,12.971549],[77.659561,12.971538],[77.65857,12.971544],[77.658687,12.971326],[77.658785,12.971133],[77.658333,12.971082],[77.657679,12.970793],[77.657635,12.970051],[77.657513,12.969283],[77.657381,12.968888],[77.657333,12.968472],[77.657287,12.968301],[77.658106,12.96822],[77.658668,12.967428],[77.658755,12.967313],[77.658753,12.967171],[77.659489,12.967041],[77.65968,12.967045],[77.659925,12.967012],[77.661545,12.966823],[77.661623,12.966831],[77.661962,12.966282],[77.661779,12.96601],[77.661717,12.965819],[77.661662,12.965677],[77.661626,12.965512],[77.661586,12.96547],[77.661538,12.965455],[77.661447,12.965479],[77.661367,12.965437],[77.661288,12.965441],[77.661208,12.96546],[77.661125,12.96514],[77.660712,12.96523],[77.660528,12.96499],[77.66086,12.964912],[77.660863,12.964811],[77.660863,12.964809],[77.6609,12.964633],[77.661063,12.964334],[77.661113,12.964164],[77.661604,12.964261],[77.661843,12.964306],[77.661844,12.963758],[77.661801,12.963138],[77.661769,12.962832],[77.661717,12.96269],[77.66162,12.96247],[77.661544,12.962193],[77.661532,12.962148],[77.661456,12.962144],[77.661311,12.962146],[77.661166,12.962169],[77.660978,12.962212],[77.660975,12.962203],[77.660931,12.962009],[77.66093,12.962004],[77.660914,12.961938],[77.660844,12.961619],[77.659993,12.961733],[77.659992,12.961733],[77.659964,12.961631],[77.659952,12.961586],[77.659856,12.961253],[77.659796,12.961077],[77.660208,12.960896],[77.659918,12.960293],[77.659839,12.960294],[77.659817,12.960192],[77.659813,12.96016],[77.65978,12.959923],[77.659774,12.959878],[77.659729,12.959562],[77.659711,12.959436],[77.65971,12.95943],[77.659702,12.959365],[77.659693,12.959295],[77.659693,12.959293],[77.659688,12.959255],[77.659667,12.959064],[77.659781,12.959078],[77.659805,12.959082],[77.65982,12.959085],[77.659931,12.959105],[77.660472,12.959211],[77.660764,12.959262],[77.660773,12.959263],[77.661019,12.959295],[77.661133,12.959301],[77.661137,12.959301],[77.661139,12.959301],[77.661275,12.959297],[77.66129,12.959297],[77.661599,12.959264],[77.662105,12.9592],[77.662132,12.959196],[77.662235,12.95918],[77.662287,12.959173],[77.662727,12.959101],[77.662745,12.959098],[77.662758,12.959095],[77.663098,12.959026],[77.663316,12.958981],[77.663329,12.958979],[77.663562,12.958932],[77.663553,12.958769],[77.663488,12.958551],[77.663472,12.958495],[77.663362,12.958112],[77.663339,12.958028],[77.663277,12.957798],[77.663199,12.95751],[77.663137,12.957293],[77.663072,12.957067],[77.66304,12.956908],[77.663043,12.956832],[77.663045,12.956776],[77.663046,12.956775],[77.663071,12.956697],[77.66318,12.956385],[77.663293,12.956078],[77.663392,12.955831],[77.66341,12.955762],[77.663007,12.955739],[77.662769,12.955741],[77.662612,12.955747],[77.661939,12.955722],[77.661935,12.955753],[77.66135,12.955723],[77.661229,12.955716],[77.661226,12.955716],[77.661137,12.955711],[77.661122,12.95571],[77.661043,12.955708],[77.661021,12.955706],[77.661003,12.955705],[77.660998,12.955702],[77.660982,12.955691],[77.66098,12.955689],[77.660972,12.955685],[77.660941,12.955659],[77.660932,12.955652],[77.660925,12.955643],[77.660924,12.95564],[77.660908,12.955619],[77.660889,12.955568],[77.660876,12.955488],[77.660873,12.955445],[77.661924,12.955457],[77.661929,12.955185],[77.661918,12.955014],[77.662459,12.954975],[77.662447,12.95457],[77.662425,12.954361],[77.662417,12.95429],[77.662415,12.954263],[77.662414,12.954256],[77.662312,12.954263],[77.662289,12.954264],[77.662216,12.954269],[77.662183,12.954271],[77.66145,12.954319],[77.661439,12.95432],[77.66105,12.954345],[77.661049,12.954249],[77.661049,12.954233],[77.661046,12.954134],[77.661046,12.954112],[77.661043,12.95401],[77.661038,12.953374],[77.661031,12.95315],[77.66103,12.953121],[77.661029,12.953097],[77.661026,12.952888],[77.661025,12.952865],[77.660995,12.952866],[77.660057,12.952917],[77.660035,12.952919],[77.659926,12.952923],[77.659602,12.952923],[77.659542,12.952924],[77.659368,12.952933],[77.659114,12.952946],[77.659012,12.952951],[77.659002,12.952952],[77.658424,12.952933],[77.658164,12.952918],[77.658012,12.952909],[77.657837,12.952899],[77.657229,12.952859],[77.657077,12.952845],[77.656981,12.952836],[77.656799,12.952819],[77.656466,12.952801],[77.656327,12.952793],[77.656095,12.95278],[77.655887,12.952763],[77.655591,12.952743],[77.655563,12.95274],[77.655488,12.952734],[77.655375,12.952727],[77.65535,12.952726],[77.655178,12.952716],[77.65507,12.95271],[77.654996,12.952706],[77.654732,12.952683],[77.654719,12.952682],[77.654441,12.952658],[77.654029,12.95263],[77.653663,12.952605],[77.653523,12.952601],[77.653402,12.952596],[77.653146,12.952577],[77.653106,12.952577],[77.65297,12.952575],[77.65296,12.952574],[77.652951,12.952574],[77.652778,12.952576],[77.652535,12.952578],[77.652509,12.952473],[77.652497,12.952416],[77.652495,12.952407],[77.652488,12.952385],[77.65241,12.952148],[77.652386,12.952072],[77.652378,12.952046],[77.652326,12.951881],[77.652324,12.951878],[77.652308,12.95185],[77.652295,12.951827],[77.652283,12.951807],[77.652254,12.951783],[77.652212,12.951757],[77.652125,12.951718],[77.651897,12.951644],[77.651809,12.951604],[77.651703,12.95154],[77.65161,12.951482],[77.651397,12.951337],[77.651306,12.951279],[77.651107,12.951113],[77.651097,12.951105],[77.650615,12.95066],[77.650603,12.950648],[77.650488,12.950542],[77.650435,12.950494],[77.650389,12.950428],[77.650194,12.950205],[77.650127,12.950123],[77.650104,12.950096],[77.649983,12.949949],[77.649755,12.949689],[77.649639,12.949554],[77.649449,12.94931],[77.649402,12.949232],[77.649368,12.949174],[77.649325,12.949103],[77.649274,12.949007],[77.649251,12.948972],[77.649249,12.94894],[77.649248,12.948935],[77.649186,12.9487],[77.649184,12.948695],[77.649175,12.948659],[77.649165,12.948623],[77.649164,12.948614],[77.649112,12.948277],[77.6491,12.947996],[77.649098,12.947956],[77.649102,12.947935],[77.649111,12.947885],[77.649126,12.947805],[77.649168,12.947703],[77.649188,12.947675],[77.649197,12.947663],[77.649258,12.947575],[77.649359,12.947467],[77.649393,12.947427],[77.649424,12.947387],[77.649433,12.947346],[77.649414,12.947271],[77.649283,12.946882],[77.649273,12.946853],[77.649228,12.946736],[77.649179,12.946554],[77.649083,12.946003],[77.648898,12.94613],[77.648253,12.946761],[77.647821,12.947172],[77.647667,12.947267],[77.646997,12.947587],[77.646689,12.947768],[77.646563,12.947863],[77.646464,12.947976],[77.646325,12.948165],[77.646056,12.948561],[77.645558,12.949244],[77.645351,12.949545],[77.645163,12.949851],[77.644985,12.95021],[77.644777,12.950712],[77.644636,12.951204],[77.64458,12.951526],[77.644459,12.952081],[77.644331,12.952877],[77.644284,12.953239],[77.64428,12.953293],[77.644272,12.953338],[77.644209,12.953392],[77.64414,12.95341],[77.644087,12.953422],[77.643991,12.953443],[77.643673,12.95354],[77.643024,12.95377],[77.642825,12.953852],[77.642721,12.953916],[77.64268,12.953934],[77.642639,12.953948],[77.642576,12.953949],[77.642471,12.953954],[77.642416,12.953955],[77.642362,12.953955],[77.642207,12.953921],[77.642074,12.95386],[77.641987,12.953776],[77.641918,12.953705],[77.641871,12.953634],[77.641833,12.953588],[77.641792,12.953539],[77.64174,12.953509],[77.641535,12.953434],[77.641021,12.953269],[77.640929,12.953269],[77.640772,12.953272],[77.640439,12.952692],[77.640435,12.952686],[77.639945,12.951832],[77.639939,12.951835],[77.639939,12.951828],[77.639793,12.951597],[77.642419,12.948997],[77.646564,12.945554],[77.646653,12.94548],[77.647139,12.945214],[77.647454,12.944937],[77.647627,12.944791],[77.64768,12.94465],[77.647641,12.944612],[77.647602,12.944582],[77.647601,12.944506],[77.647624,12.94446],[77.647469,12.944381],[77.647468,12.944271],[77.648883,12.943316],[77.64993,12.942697],[77.650355,12.94249],[77.650595,12.942373],[77.65102,12.942152],[77.653055,12.941084],[77.653767,12.940712],[77.654083,12.94058],[77.654296,12.940504],[77.654481,12.940421],[77.654631,12.940318],[77.654715,12.940221],[77.655883,12.939447],[77.65637,12.939287],[77.65659,12.939224],[77.656776,12.939188],[77.657223,12.939143],[77.657436,12.939141],[77.657564,12.939098],[77.657696,12.938852],[77.657856,12.938793],[77.657933,12.938788],[77.658147,12.93881],[77.658209,12.938783],[77.658207,12.938593],[77.658208,12.937949],[77.659014,12.937907],[77.658983,12.938315],[77.659074,12.938327],[77.660454,12.938352],[77.660518,12.938348],[77.660541,12.938345],[77.660541,12.938276],[77.66054,12.938234],[77.660544,12.938143],[77.660505,12.938112],[77.658093,12.936686],[77.655222,12.935115],[77.65914,12.929764],[77.659579,12.929785],[77.659723,12.929789],[77.660113,12.929872],[77.660402,12.929918],[77.660641,12.929995],[77.660815,12.930036],[77.661047,12.930166],[77.661195,12.930273],[77.661369,12.930271],[77.661497,12.930106],[77.661993,12.929446],[77.663317,12.92829],[77.663556,12.928214],[77.663527,12.927803],[77.663394,12.927758],[77.663277,12.927534],[77.662836,12.926492],[77.662497,12.92569],[77.662261,12.924734],[77.661975,12.923863],[77.661759,12.923135],[77.661564,12.922628],[77.661554,12.922602],[77.661282,12.921908],[77.661212,12.921728],[77.66117,12.921621],[77.661289,12.9216],[77.661336,12.921586],[77.661422,12.921568],[77.66212,12.921414],[77.662843,12.921222],[77.66284,12.920956],[77.662807,12.920314],[77.662209,12.918314],[77.660513,12.916532],[77.65687,12.919114],[77.654868,12.920575],[77.653794,12.920663],[77.653744,12.920666],[77.653664,12.920665],[77.653672,12.920736],[77.653672,12.92077],[77.653673,12.920803],[77.653675,12.920854],[77.653678,12.920959],[77.653605,12.92096],[77.653577,12.920966],[77.653458,12.920982],[77.653261,12.920999],[77.653121,12.920997],[77.652972,12.920996],[77.652697,12.921022],[77.652002,12.921117],[77.651556,12.921149],[77.651562,12.921241],[77.651557,12.921323],[77.651544,12.92178],[77.651523,12.922355],[77.651512,12.922677],[77.651519,12.922838],[77.651532,12.922928],[77.651551,12.923034],[77.65157,12.923136],[77.651599,12.92327],[77.651658,12.92356],[77.651748,12.924048],[77.651753,12.924146],[77.650949,12.924215],[77.650511,12.92422],[77.650175,12.924318],[77.650041,12.924422],[77.649898,12.924511],[77.649373,12.924683],[77.649322,12.924689],[77.649067,12.924692],[77.648558,12.924661],[77.648058,12.924619],[77.647516,12.924583],[77.64681,12.924506],[77.646311,12.92448],[77.645865,12.924474],[77.645658,12.924476],[77.645429,12.924474],[77.645262,12.924459],[77.644918,12.924268],[77.644455,12.924039],[77.643481,12.923755],[77.641756,12.923306],[77.641357,12.923219],[77.641197,12.923231],[77.641017,12.923283],[77.640863,12.923376],[77.639974,12.923835],[77.639501,12.924029],[77.639231,12.924132],[77.639192,12.924147],[77.639272,12.924772],[77.639313,12.925328],[77.639319,12.925409],[77.639292,12.925471],[77.639264,12.92553],[77.639257,12.925562],[77.639257,12.925628],[77.639267,12.925741],[77.639287,12.925827],[77.639316,12.925901],[77.639408,12.925959],[77.639528,12.926001],[77.639744,12.92608],[77.639812,12.926091],[77.639868,12.926095],[77.639976,12.926098],[77.640095,12.926089],[77.640234,12.926075],[77.640898,12.926059],[77.641123,12.926067],[77.641187,12.926083],[77.641277,12.926115],[77.641343,12.926165],[77.641356,12.926213],[77.641369,12.926259],[77.641443,12.926537],[77.641509,12.92708],[77.641568,12.927369],[77.641672,12.927751],[77.641808,12.928171],[77.641863,12.928424],[77.642054,12.928861],[77.64212,12.929051],[77.641816,12.929175],[77.641093,12.929182],[77.640737,12.929102],[77.640518,12.92914],[77.64029,12.92921],[77.639994,12.92937],[77.639669,12.929552],[77.639594,12.9296],[77.639647,12.929862],[77.639641,12.929909],[77.639598,12.929991],[77.639532,12.93013],[77.639488,12.930226],[77.639487,12.930227],[77.639507,12.930276],[77.639551,12.93039],[77.639599,12.930518],[77.639607,12.930568],[77.639608,12.930598],[77.639585,12.930625],[77.639411,12.930695],[77.638882,12.930909],[77.63826,12.93179],[77.638079,12.932263],[77.63725,12.933298],[77.635888,12.934887],[77.635507,12.93533],[77.635362,12.935461],[77.634748,12.935866],[77.634708,12.935949],[77.634596,12.936097],[77.634586,12.936142],[77.634618,12.936164],[77.63463,12.936177],[77.634586,12.936248],[77.634417,12.93638],[77.634196,12.93657],[77.633622,12.937055],[77.63338,12.937308],[77.633275,12.937434],[77.633191,12.937539],[77.633077,12.937749],[77.632848,12.938199],[77.632458,12.939],[77.632176,12.939514],[77.63173,12.940498],[77.631418,12.941163],[77.631237,12.941623],[77.630988,12.942241],[77.630619,12.943031],[77.630012,12.944402],[77.629571,12.94536],[77.629503,12.945507],[77.6293,12.945853],[77.629013,12.946356],[77.62883,12.946634],[77.62872,12.946791],[77.628615,12.946954],[77.628334,12.947447],[77.62802,12.94796],[77.627812,12.948327],[77.627666,12.948594],[77.627561,12.948752],[77.627456,12.948904],[77.627362,12.949025],[77.627262,12.949137],[77.627236,12.949162],[77.627137,12.949246],[77.627069,12.949304],[77.627046,12.949323],[77.626991,12.94937],[77.626938,12.949414],[77.626867,12.949473],[77.626726,12.949585],[77.626661,12.949637],[77.626585,12.949697],[77.626484,12.949779],[77.626367,12.949873],[77.62629,12.949934],[77.626174,12.950022],[77.626174,12.950022],[77.626029,12.950129],[77.625837,12.950233],[77.62581,12.950247],[77.625803,12.950249],[77.625764,12.950262],[77.625649,12.950308],[77.625505,12.950345],[77.625474,12.950355],[77.625464,12.950357],[77.625435,12.950363],[77.624961,12.950465],[77.624758,12.950509],[77.624417,12.950582],[77.624046,12.95066],[77.623631,12.950748],[77.623613,12.950753],[77.623468,12.950788],[77.623465,12.950789],[77.623393,12.950817],[77.623368,12.950827],[77.623312,12.950858],[77.623301,12.950864],[77.623275,12.950877],[77.623142,12.950942],[77.62286,12.951081],[77.62272,12.95115],[77.622445,12.951285],[77.622364,12.951325],[77.622343,12.951335],[77.622213,12.951389],[77.621851,12.951542],[77.621658,12.951623],[77.621504,12.951688],[77.621455,12.951604],[77.621355,12.951391],[77.621205,12.951012],[77.621109,12.95075],[77.6209,12.950332],[77.620743,12.950079],[77.620672,12.949944],[77.620203,12.94906],[77.620015,12.948706],[77.619501,12.947739],[77.619442,12.947629],[77.619367,12.947489],[77.619366,12.947487],[77.619337,12.947432],[77.619248,12.947499],[77.618201,12.948282],[77.617582,12.948725],[77.617312,12.948918],[77.617141,12.949049],[77.61707,12.949097],[77.617093,12.949128],[77.616992,12.949198],[77.616978,12.949221],[77.616949,12.949252],[77.616851,12.949249],[77.616649,12.949256],[77.616192,12.949273],[77.615149,12.949301],[77.614455,12.949308],[77.613651,12.949299],[77.613127,12.949304],[77.612489,12.949298],[77.611754,12.9493],[77.611702,12.949238],[77.611573,12.949067],[77.611468,12.948979],[77.611282,12.948948],[77.611099,12.948925],[77.610748,12.948976],[77.609962,12.949131],[77.609581,12.949177],[77.609314,12.949227],[77.608456,12.949363],[77.607315,12.949522],[77.605881,12.949708],[77.605863,12.949771],[77.605862,12.949774],[77.605843,12.949841],[77.605796,12.949978],[77.605756,12.950096],[77.605733,12.950099],[77.604342,12.950293],[77.603416,12.950438],[77.603208,12.949694],[77.602876,12.948845],[77.602681,12.948314],[77.602584,12.948054],[77.602563,12.947976],[77.602512,12.947788],[77.602484,12.947586],[77.602469,12.947392],[77.602459,12.947231],[77.602458,12.947092],[77.602473,12.946881],[77.602515,12.946373],[77.602577,12.945636],[77.602582,12.945604],[77.602611,12.94524],[77.602755,12.944631],[77.602841,12.944425],[77.602872,12.944099],[77.602893,12.943688],[77.602878,12.943368],[77.602874,12.943187],[77.602824,12.94283],[77.602667,12.94216],[77.602188,12.942261],[77.600955,12.942514],[77.600902,12.942487],[77.600766,12.942505],[77.600396,12.942565],[77.600091,12.942614],[77.599822,12.942662],[77.599444,12.942736],[77.599058,12.942802],[77.59872,12.942843],[77.598495,12.942882],[77.598264,12.942924],[77.59806,12.942974],[77.597625,12.943103],[77.597245,12.943202],[77.597366,12.942334],[77.597505,12.941427],[77.597564,12.940556],[77.597598,12.940206],[77.597638,12.93999],[77.597659,12.939951],[77.597729,12.939819],[77.59788,12.939399],[77.598057,12.939094],[77.598368,12.938623],[77.598499,12.938451],[77.598742,12.938157],[77.598914,12.937994],[77.599083,12.937856],[77.599303,12.937705],[77.599614,12.937528],[77.59985,12.937433],[77.60009,12.937366],[77.600307,12.937311],[77.600499,12.937269],[77.600884,12.937218],[77.601294,12.937166],[77.601597,12.937143],[77.601594,12.937127],[77.601524,12.936756],[77.601421,12.936289],[77.601398,12.936141],[77.601372,12.935772],[77.601306,12.934955],[77.601294,12.934899],[77.601249,12.934555],[77.600924,12.932985],[77.600781,12.932197],[77.600741,12.931929],[77.600717,12.931723],[77.600705,12.931335],[77.600615,12.930303],[77.600528,12.928976],[77.600515,12.92861],[77.60052,12.928349],[77.598694,12.928418],[77.597151,12.928428],[77.595505,12.928457],[77.595388,12.92846],[77.593488,12.928507],[77.592645,12.92852],[77.592611,12.928526],[77.592505,12.928533],[77.592507,12.92869],[77.592505,12.929275],[77.592546,12.930693],[77.592607,12.931977],[77.592651,12.933236],[77.592721,12.934961],[77.592724,12.935706],[77.592704,12.93618],[77.592437,12.936211],[77.592007,12.936286],[77.591743,12.936341],[77.591578,12.936395],[77.591387,12.936487],[77.59111,12.936672],[77.59107,12.936614],[77.590627,12.936142],[77.590174,12.936347],[77.590045,12.935583],[77.59004,12.935506],[77.589545,12.935548],[77.589511,12.935582],[77.58948,12.935642],[77.589312,12.935752],[77.589227,12.935782],[77.589168,12.935799],[77.589088,12.9358],[77.589016,12.935796],[77.588927,12.935776],[77.588808,12.935728],[77.588604,12.935622],[77.588443,12.935512],[77.588098,12.935333],[77.587979,12.935272],[77.58792,12.935251],[77.587844,12.935223],[77.587797,12.935224],[77.587763,12.935224],[77.587692,12.935237],[77.587607,12.935279],[77.587536,12.935334],[77.587394,12.935441],[77.58728,12.935523],[77.587083,12.935649],[77.586696,12.93589],[77.586132,12.93635],[77.585931,12.936477],[77.585781,12.936523],[77.585601,12.936583],[77.585429,12.936615],[77.585196,12.936639],[77.584903,12.936646],[77.582882,12.936721],[77.581096,12.936744],[77.580078,12.936722],[77.579941,12.936879],[77.579738,12.937113],[77.57916,12.937828],[77.577917,12.939381],[77.577841,12.939475],[77.577678,12.939705],[77.577754,12.940378],[77.577748,12.940587],[77.577657,12.940588],[77.576252,12.940602],[77.574028,12.940636],[77.573851,12.940633],[77.573849,12.940709],[77.573796,12.940709],[77.573773,12.941456],[77.573756,12.942735],[77.573773,12.943694],[77.573773,12.943694],[77.573617,12.943686],[77.573436,12.943684],[77.572306,12.943679],[77.5711,12.943664]]]},"properties":{"NewCorp":"Central","_folder":"bbmp_c2__wards_c2"}},{"type":"Feature","geometry":{"type":"Polygon","coordinates":[[[77.511343,12.890655],[77.510993,12.890164],[77.510634,12.889681],[77.510291,12.889262],[77.509898,12.888861],[77.509431,12.888436],[77.508772,12.887909],[77.508135,12.887469],[77.507591,12.887144],[77.506902,12.886786],[77.506386,12.886557],[77.505773,12.886294],[77.505294,12.886079],[77.504818,12.885858],[77.504345,12.885629],[77.503876,12.885395],[77.50341,12.885154],[77.502947,12.884906],[77.502488,12.884653],[77.502032,12.884393],[77.501581,12.884127],[77.501067,12.883827],[77.500395,12.883408],[77.499739,12.882964],[77.499101,12.882496],[77.49848,12.882006],[77.498049,12.881671],[77.497641,12.881353],[77.497346,12.881284],[77.497046,12.880866],[77.496417,12.880562],[77.496485,12.879884],[77.495724,12.880034],[77.495575,12.879544],[77.495034,12.87914],[77.494609,12.878569],[77.494241,12.878172],[77.493939,12.877655],[77.493254,12.877233],[77.492833,12.876533],[77.49224,12.87575],[77.491768,12.875075],[77.491467,12.874644],[77.491049,12.874082],[77.49061,12.873534],[77.490151,12.873003],[77.489795,12.872615],[77.488994,12.871782],[77.488873,12.871821],[77.487566,12.871677],[77.486208,12.87117],[77.485977,12.871211],[77.48558,12.871293],[77.484622,12.871594],[77.484603,12.871731],[77.484532,12.871846],[77.483135,12.874113],[77.482739,12.873937],[77.482689,12.873915],[77.481324,12.874065],[77.481099,12.874106],[77.481075,12.874288],[77.481131,12.874639],[77.481256,12.874573],[77.48128,12.874904],[77.481342,12.875164],[77.481349,12.87519],[77.481151,12.87527],[77.481213,12.875516],[77.48127,12.875971],[77.481379,12.876211],[77.481515,12.8766],[77.481534,12.876987],[77.48154,12.877094],[77.481645,12.877646],[77.481695,12.877997],[77.481623,12.877998],[77.479905,12.87802],[77.479513,12.877926],[77.478923,12.877997],[77.478639,12.878071],[77.478233,12.877906],[77.477764,12.878144],[77.477002,12.878165],[77.476699,12.878311],[77.475811,12.87843],[77.475656,12.878834],[77.475487,12.879122],[77.475218,12.879469],[77.474897,12.879798],[77.474819,12.880039],[77.474905,12.880695],[77.475147,12.880953],[77.475808,12.881435],[77.47599,12.881545],[77.476556,12.881994],[77.477694,12.883095],[77.478217,12.883669],[77.478486,12.884057],[77.478774,12.884366],[77.478901,12.884431],[77.478986,12.88459],[77.479037,12.884771],[77.479022,12.884807],[77.478938,12.885288],[77.478945,12.885469],[77.478936,12.885591],[77.478912,12.88567],[77.478827,12.885821],[77.478756,12.886057],[77.478785,12.886159],[77.478837,12.886221],[77.478897,12.886255],[77.479005,12.886258],[77.479164,12.886268],[77.479411,12.886223],[77.479939,12.886066],[77.480207,12.885988],[77.480731,12.886015],[77.480915,12.886025],[77.481201,12.885983],[77.481241,12.885973],[77.482243,12.885858],[77.482425,12.885807],[77.482677,12.885808],[77.482744,12.885879],[77.48283,12.885988],[77.482843,12.886015],[77.482884,12.886108],[77.482914,12.886346],[77.4829,12.886593],[77.482827,12.886824],[77.48255,12.88744],[77.482341,12.88806],[77.482193,12.888812],[77.482136,12.889074],[77.482038,12.889255],[77.481518,12.889795],[77.481261,12.890052],[77.481107,12.890201],[77.481016,12.890238],[77.480912,12.890246],[77.480641,12.890186],[77.480241,12.889995],[77.479884,12.889791],[77.479657,12.88975],[77.479541,12.889751],[77.47945,12.889795],[77.479387,12.889839],[77.479285,12.890031],[77.479264,12.890297],[77.479233,12.891208],[77.479177,12.891819],[77.479051,12.892145],[77.478748,12.892391],[77.478585,12.89247],[77.478172,12.892754],[77.478103,12.89278],[77.478053,12.892843],[77.477686,12.893227],[77.477339,12.89367],[77.476993,12.894228],[77.47678,12.894456],[77.476693,12.894492],[77.476614,12.894505],[77.476536,12.894508],[77.476411,12.894462],[77.476285,12.894385],[77.476007,12.894235],[77.475907,12.894187],[77.475708,12.89417],[77.475607,12.894215],[77.475528,12.89431],[77.475485,12.894448],[77.475481,12.894642],[77.475516,12.894797],[77.475597,12.895012],[77.475678,12.895194],[77.475747,12.895331],[77.475962,12.895638],[77.476178,12.895818],[77.476449,12.89601],[77.47702,12.896379],[77.477667,12.896644],[77.476081,12.897444],[77.474402,12.898141],[77.473978,12.898256],[77.473421,12.898456],[77.472881,12.897565],[77.472449,12.89685],[77.472014,12.896242],[77.471332,12.895416],[77.470869,12.894865],[77.47053,12.894446],[77.47024,12.894088],[77.470069,12.893602],[77.469956,12.893386],[77.469941,12.893328],[77.469131,12.891242],[77.468392,12.888486],[77.468002,12.889085],[77.466814,12.890722],[77.465466,12.892597],[77.464473,12.893883],[77.462656,12.896569],[77.462878,12.896714],[77.462272,12.897602],[77.46223,12.897665],[77.461526,12.898806],[77.461335,12.898763],[77.460824,12.898646],[77.46095,12.900134],[77.460222,12.900453],[77.460103,12.903842],[77.459912,12.905064],[77.46009,12.906605],[77.461586,12.90648],[77.463333,12.906377],[77.464568,12.906548],[77.46657,12.906865],[77.466523,12.90974],[77.466989,12.911105],[77.467942,12.912009],[77.469005,12.914023],[77.470008,12.914951],[77.470532,12.917056],[77.470999,12.918998],[77.471151,12.919431],[77.471804,12.92144],[77.472233,12.922912],[77.472336,12.923311],[77.472914,12.926448],[77.475521,12.926801],[77.477215,12.926543],[77.478153,12.926367],[77.478819,12.926168],[77.479618,12.925974],[77.479585,12.925902],[77.479621,12.925973],[77.479638,12.926018],[77.479652,12.926055],[77.479618,12.926127],[77.479619,12.926157],[77.479623,12.926218],[77.479655,12.926255],[77.479705,12.926312],[77.479733,12.926399],[77.479706,12.92646],[77.479648,12.926479],[77.479552,12.92651],[77.479475,12.926564],[77.47946,12.926591],[77.479433,12.926635],[77.479402,12.926688],[77.479365,12.926747],[77.479325,12.926805],[77.479273,12.926882],[77.479259,12.926904],[77.479195,12.926951],[77.479162,12.926976],[77.479109,12.927015],[77.479086,12.927064],[77.47909,12.92711],[77.479095,12.927159],[77.479119,12.927227],[77.479137,12.927249],[77.479177,12.927299],[77.479215,12.927335],[77.479465,12.927389],[77.479594,12.927368],[77.479671,12.927402],[77.47979,12.927401],[77.480011,12.927237],[77.480083,12.927262],[77.480778,12.926915],[77.48137,12.927787],[77.48135,12.927898],[77.481532,12.928013],[77.481952,12.928668],[77.482,12.928744],[77.482123,12.928809],[77.482166,12.928806],[77.482277,12.928811],[77.482316,12.928955],[77.482351,12.929009],[77.48243,12.929133],[77.48252,12.929271],[77.482554,12.929374],[77.482625,12.929583],[77.482675,12.929732],[77.482971,12.930321],[77.483122,12.930444],[77.483152,12.93051],[77.483201,12.930603],[77.483229,12.93069],[77.483204,12.930876],[77.483021,12.931165],[77.482895,12.931261],[77.482981,12.931313],[77.483031,12.931343],[77.483316,12.93134],[77.483469,12.931561],[77.483472,12.931842],[77.483316,12.932117],[77.483246,12.932206],[77.483227,12.932229],[77.483233,12.932284],[77.483235,12.932311],[77.483161,12.93243],[77.483087,12.932485],[77.483072,12.932557],[77.483072,12.932639],[77.483073,12.93269],[77.48313,12.932747],[77.48321,12.932828],[77.483269,12.932927],[77.483328,12.933066],[77.483317,12.933101],[77.483372,12.933188],[77.4834,12.933278],[77.483448,12.933404],[77.48354,12.933461],[77.483605,12.933586],[77.483633,12.93364],[77.483631,12.933711],[77.483626,12.933821],[77.483623,12.933906],[77.483645,12.933975],[77.48371,12.934082],[77.483805,12.934238],[77.483933,12.934896],[77.484042,12.935272],[77.484074,12.935436],[77.484096,12.935597],[77.484124,12.935805],[77.484101,12.935871],[77.484126,12.93616],[77.484044,12.936235],[77.484108,12.93649],[77.484142,12.936707],[77.484202,12.936966],[77.482841,12.937057],[77.481446,12.937154],[77.480964,12.937194],[77.479553,12.937312],[77.478785,12.937434],[77.47734,12.937828],[77.476897,12.937985],[77.476256,12.938197],[77.476396,12.938489],[77.476369,12.938523],[77.476278,12.938601],[77.475844,12.938895],[77.475364,12.939229],[77.47493,12.939606],[77.474522,12.939825],[77.474188,12.94],[77.473203,12.940209],[77.473228,12.940244],[77.473846,12.941411],[77.474176,12.942079],[77.474394,12.942561],[77.474612,12.943184],[77.474738,12.94362],[77.474802,12.944065],[77.474919,12.944447],[77.475039,12.945064],[77.475145,12.945448],[77.475328,12.94605],[77.475428,12.946361],[77.475467,12.946502],[77.475601,12.946985],[77.476165,12.948533],[77.47624,12.948798],[77.476176,12.948825],[77.476086,12.948857],[77.475912,12.948911],[77.475534,12.949059],[77.475298,12.949007],[77.474955,12.948996],[77.474082,12.949032],[77.473769,12.949046],[77.473006,12.949152],[77.472819,12.94906],[77.472473,12.949464],[77.471103,12.949464],[77.471101,12.949642],[77.471133,12.950689],[77.472104,12.950773],[77.472455,12.951271],[77.472536,12.951355],[77.472582,12.951686],[77.471448,12.952181],[77.471643,12.953471],[77.47171,12.953771],[77.471948,12.954344],[77.471999,12.954682],[77.471995,12.954906],[77.472067,12.954906],[77.472397,12.955782],[77.472805,12.956065],[77.473611,12.957371],[77.473755,12.957571],[77.474176,12.958322],[77.474466,12.958945],[77.474669,12.959415],[77.475253,12.960335],[77.472878,12.963465],[77.472719,12.963479],[77.472262,12.963506],[77.47311,12.965746],[77.473549,12.96652],[77.473719,12.966799],[77.473647,12.966825],[77.473392,12.966897],[77.474509,12.96912],[77.474657,12.969218],[77.474725,12.969278],[77.474767,12.969379],[77.474844,12.969653],[77.475006,12.96999],[77.475111,12.971463],[77.475036,12.972786],[77.474897,12.974274],[77.474798,12.975672],[77.474253,12.979536],[77.473991,12.981066],[77.473828,12.982213],[77.473521,12.983231],[77.473419,12.983532],[77.473253,12.983858],[77.472888,12.984311],[77.472685,12.984496],[77.472522,12.984659],[77.472189,12.984887],[77.471611,12.985196],[77.471182,12.985533],[77.469963,12.986277],[77.469074,12.986477],[77.468495,12.986657],[77.469378,12.988421],[77.469725,12.989192],[77.470177,12.989886],[77.470449,12.990816],[77.470651,12.991463],[77.471223,12.993558],[77.471394,12.994245],[77.471327,12.99473],[77.471402,12.995108],[77.471939,12.995807],[77.47213,12.995921],[77.472477,12.996896],[77.473058,12.996774],[77.473463,12.996681],[77.473607,12.997452],[77.473837,12.997767],[77.473991,12.998993],[77.474287,12.999307],[77.474451,13.000534],[77.474766,13.000788],[77.474904,13.001411],[77.475075,13.001905],[77.475408,13.003362],[77.475126,13.00342],[77.475051,13.004525],[77.474842,13.004898],[77.475342,13.006389],[77.474789,13.006642],[77.474588,13.006743],[77.474161,13.00693],[77.473226,13.007178],[77.47291,13.007264],[77.473137,13.008461],[77.473209,13.008845],[77.47364,13.008815],[77.474031,13.009623],[77.47485,13.011378],[77.475312,13.013177],[77.476945,13.014845],[77.476993,13.015013],[77.47704,13.01525],[77.477102,13.015475],[77.477133,13.015706],[77.477145,13.015761],[77.477151,13.015846],[77.477154,13.01593],[77.477175,13.016018],[77.477196,13.016109],[77.477238,13.016237],[77.477563,13.017447],[77.478412,13.019317],[77.47895,13.022098],[77.478472,13.022181],[77.478737,13.026326],[77.479579,13.029198],[77.476942,13.031579],[77.478736,13.035033],[77.479942,13.035513],[77.480081,13.036903],[77.480093,13.03722],[77.480096,13.03751],[77.480764,13.037829],[77.481385,13.039473],[77.482306,13.03992],[77.482602,13.040564],[77.482,13.041065],[77.481618,13.041207],[77.481475,13.041684],[77.481438,13.042708],[77.481271,13.042914],[77.481104,13.043041],[77.480897,13.043202],[77.480743,13.043249],[77.480319,13.0433],[77.480077,13.043322],[77.479844,13.043791],[77.479728,13.04419],[77.479546,13.044341],[77.479496,13.044546],[77.479488,13.04488],[77.479642,13.04554],[77.479808,13.045416],[77.479807,13.045878],[77.479771,13.045955],[77.479725,13.046084],[77.479669,13.046223],[77.479628,13.046331],[77.479608,13.046424],[77.479772,13.047188],[77.479778,13.04719],[77.479932,13.047498],[77.480097,13.048143],[77.480203,13.048469],[77.480874,13.048364],[77.481146,13.04834],[77.481405,13.048307],[77.481484,13.048293],[77.481948,13.048254],[77.483145,13.047873],[77.48507,13.047133],[77.486159,13.046698],[77.486271,13.046619],[77.486455,13.04654],[77.487327,13.046358],[77.487834,13.04623],[77.488508,13.046047],[77.489077,13.045874],[77.489409,13.045699],[77.490694,13.045184],[77.490988,13.045076],[77.491028,13.045095],[77.491105,13.045259],[77.491349,13.045969],[77.491624,13.046764],[77.491882,13.047526],[77.492068,13.048034],[77.492082,13.048134],[77.492103,13.048618],[77.492165,13.049218],[77.49219,13.04973],[77.492257,13.050449],[77.492258,13.050569],[77.492555,13.051653],[77.493006,13.051568],[77.493642,13.051453],[77.494303,13.051308],[77.494494,13.051262],[77.494584,13.051241],[77.497307,13.050642],[77.496981,13.049847],[77.496895,13.049636],[77.496801,13.049407],[77.496772,13.048938],[77.497673,13.048625],[77.498057,13.048491],[77.499589,13.047933],[77.501374,13.047281],[77.502889,13.046722],[77.504167,13.046268],[77.505256,13.045883],[77.506034,13.045688],[77.507291,13.045332],[77.507309,13.045321],[77.507343,13.045301],[77.507466,13.04527],[77.508244,13.045013],[77.508978,13.044687],[77.509865,13.044244],[77.510349,13.044007],[77.511022,13.043661],[77.511454,13.043433],[77.512237,13.04318],[77.513588,13.042728],[77.515102,13.042231],[77.51592,13.041944],[77.516348,13.041772],[77.516803,13.041448],[77.516833,13.041421],[77.517254,13.040991],[77.518026,13.040203],[77.518385,13.039937],[77.518737,13.040595],[77.519302,13.041454],[77.519844,13.042259],[77.520329,13.043038],[77.5209,13.043869],[77.521498,13.044786],[77.522141,13.045799],[77.522199,13.045889],[77.52759,13.042195],[77.531513,13.039336],[77.535927,13.03607],[77.540737,13.032492],[77.541551,13.036477],[77.541907,13.03818],[77.541994,13.038392],[77.542055,13.038463],[77.542604,13.038943],[77.542922,13.03922],[77.542931,13.039203],[77.543354,13.038807],[77.543683,13.038402],[77.544301,13.037777],[77.544982,13.036674],[77.545596,13.035434],[77.546104,13.034528],[77.546533,13.033646],[77.547603,13.031638],[77.54796,13.030953],[77.548343,13.030265],[77.54872,13.029589],[77.548961,13.029173],[77.54961,13.027662],[77.550019,13.026609],[77.550823,13.025042],[77.55158,13.023567],[77.552661,13.021292],[77.553393,13.019928],[77.553534,13.019666],[77.553546,13.019654],[77.553765,13.019322],[77.553864,13.019156],[77.553933,13.019257],[77.554263,13.019738],[77.554325,13.019828],[77.55465,13.019825],[77.555188,13.019846],[77.555307,13.019846],[77.555468,13.019846],[77.555558,13.019885],[77.555596,13.019929],[77.555709,13.020174],[77.555898,13.020674],[77.555985,13.020904],[77.556292,13.02162],[77.556601,13.022394],[77.556713,13.022696],[77.556828,13.023013],[77.556925,13.023282],[77.55709,13.023725],[77.557195,13.024044],[77.557337,13.024459],[77.557409,13.024704],[77.557519,13.025059],[77.557566,13.025228],[77.557649,13.025494],[77.557715,13.025725],[77.557766,13.025838],[77.558007,13.026387],[77.558408,13.027273],[77.558536,13.02762],[77.558786,13.028196],[77.558824,13.028284],[77.558876,13.028406],[77.55906,13.02884],[77.559261,13.029317],[77.559393,13.029633],[77.559497,13.02988],[77.559512,13.029918],[77.559848,13.030756],[77.559924,13.030945],[77.559929,13.03096],[77.55979,13.031139],[77.558657,13.032764],[77.558275,13.033315],[77.557541,13.034375],[77.557511,13.034432],[77.55751,13.034434],[77.557381,13.034677],[77.557379,13.034682],[77.557345,13.03476],[77.557338,13.034776],[77.557339,13.03481],[77.557341,13.034914],[77.557354,13.035076],[77.557354,13.035078],[77.557416,13.035325],[77.557438,13.035412],[77.557482,13.035594],[77.55753,13.035797],[77.557557,13.035999],[77.557558,13.036158],[77.557516,13.036667],[77.557395,13.037713],[77.557381,13.03802],[77.557344,13.038568],[77.557799,13.038568],[77.557858,13.038568],[77.557901,13.03857],[77.557926,13.038571],[77.558145,13.038583],[77.558227,13.038596],[77.558558,13.038646],[77.558877,13.038698],[77.559192,13.038809],[77.559354,13.038865],[77.559611,13.038991],[77.559912,13.039141],[77.560239,13.039352],[77.560379,13.039465],[77.560561,13.039613],[77.560709,13.039765],[77.56071,13.039767],[77.560721,13.039779],[77.560813,13.039873],[77.560823,13.039885],[77.561009,13.040104],[77.561053,13.040165],[77.561237,13.040425],[77.561269,13.040469],[77.561365,13.040634],[77.561483,13.040838],[77.561695,13.041206],[77.561779,13.041359],[77.562133,13.042],[77.562144,13.041983],[77.562213,13.04188],[77.563415,13.040243],[77.563852,13.039639],[77.564291,13.03909],[77.564482,13.038851],[77.564959,13.038244],[77.565466,13.037598],[77.56596,13.036942],[77.566706,13.036157],[77.567066,13.035827],[77.568228,13.034517],[77.568727,13.03384],[77.569194,13.033171],[77.569642,13.032559],[77.56987,13.032251],[77.571063,13.029176],[77.571169,13.028789],[77.571252,13.028484],[77.571854,13.028349],[77.572816,13.028136],[77.573984,13.027905],[77.575323,13.027659],[77.576546,13.027427],[77.577305,13.027306],[77.57764,13.027249],[77.577686,13.027242],[77.577687,13.027242],[77.577698,13.027121],[77.577701,13.0269],[77.578094,13.026862],[77.578356,13.026846],[77.578596,13.026822],[77.578906,13.026759],[77.579495,13.026646],[77.5798,13.026587],[77.579935,13.026556],[77.579996,13.02653],[77.580074,13.026478],[77.580166,13.026431],[77.580275,13.026295],[77.580492,13.026074],[77.580631,13.02597],[77.580781,13.025863],[77.58086,13.025831],[77.580892,13.025809],[77.580924,13.025781],[77.580963,13.025735],[77.580999,13.025688],[77.581037,13.0256],[77.5811,13.025395],[77.581121,13.02536],[77.581149,13.025331],[77.581189,13.025299],[77.581238,13.025253],[77.581296,13.02522],[77.581428,13.025163],[77.581922,13.024964],[77.582444,13.024709],[77.582683,13.024562],[77.582854,13.024405],[77.584268,13.023186],[77.584515,13.022939],[77.584591,13.022897],[77.584533,13.022715],[77.584093,13.021167],[77.583971,13.020703],[77.58395,13.020527],[77.583921,13.020383],[77.583907,13.020184],[77.5839,13.019826],[77.583897,13.019601],[77.5839,13.01912],[77.583924,13.018032],[77.583949,13.017086],[77.583972,13.016643],[77.583998,13.015445],[77.583993,13.014524],[77.584659,13.014512],[77.58598,13.014416],[77.586572,13.014332],[77.586842,13.014258],[77.587264,13.014082],[77.587669,13.013867],[77.587882,13.013732],[77.588143,13.013497],[77.588348,13.013235],[77.589066,13.012318],[77.589777,13.011262],[77.590181,13.010654],[77.590616,13.009987],[77.590645,13.009944],[77.591132,13.009216],[77.591848,13.00812],[77.592315,13.007366],[77.592483,13.007107],[77.592739,13.006711],[77.593031,13.006179],[77.593084,13.006042],[77.5932,13.005739],[77.593215,13.005689],[77.593253,13.00556],[77.593383,13.005123],[77.594234,13.002272],[77.594811,13.000432],[77.595219,12.999047],[77.595519,12.998109],[77.595755,12.997242],[77.59588,12.996349],[77.595961,12.995772],[77.596136,12.994912],[77.596148,12.994786],[77.596117,12.994672],[77.59568,12.994883],[77.59516,12.995151],[77.595119,12.995168],[77.59488,12.99527],[77.594675,12.995339],[77.59457,12.995365],[77.594439,12.995415],[77.594359,12.995434],[77.594303,12.995453],[77.59416,12.995485],[77.59401,12.995486],[77.593724,12.995507],[77.592801,12.995474],[77.591736,12.995428],[77.591435,12.995415],[77.590625,12.99538],[77.589746,12.995352],[77.589564,12.9956],[77.589327,12.995808],[77.589085,12.99592],[77.588254,12.996332],[77.587715,12.996655],[77.587301,12.996983],[77.586955,12.997268],[77.586732,12.997429],[77.586621,12.99749],[77.586439,12.997566],[77.586365,12.997585],[77.586248,12.997604],[77.586113,12.997615],[77.585389,12.997686],[77.584352,12.997779],[77.584295,12.998431],[77.584242,12.999083],[77.584235,12.99923],[77.584219,12.999288],[77.58417,12.999338],[77.584057,12.999381],[77.583878,12.99939],[77.58361,12.999376],[77.583284,12.999346],[77.582909,12.999301],[77.582503,12.998969],[77.582047,12.998556],[77.58165,12.998134],[77.581044,12.997472],[77.580858,12.997269],[77.580413,12.997301],[77.579987,12.997335],[77.579808,12.997334],[77.579663,12.997336],[77.579611,12.99734],[77.579422,12.997347],[77.579444,12.997767],[77.578301,12.997811],[77.578374,12.998855],[77.578409,12.999094],[77.578414,12.999128],[77.578409,12.999145],[77.578408,12.999215],[77.578056,12.999225],[77.577606,12.999148],[77.577181,12.999019],[77.577048,12.998986],[77.576881,12.998949],[77.576729,12.998939],[77.576492,12.998919],[77.576029,12.998923],[77.575633,12.998927],[77.575155,12.998924],[77.574871,12.998916],[77.574081,12.998921],[77.573911,12.998922],[77.57389,12.999655],[77.573886,12.999785],[77.573834,13.000566],[77.57381,13.001016],[77.573724,13.001018],[77.573537,13.001017],[77.572567,13.001008],[77.572559,13.001253],[77.572555,13.001632],[77.572558,13.001865],[77.572532,13.001865],[77.57225,13.001862],[77.572254,13.002205],[77.572209,13.002854],[77.572208,13.002871],[77.572189,13.003278],[77.572186,13.003317],[77.57218,13.003338],[77.572176,13.003402],[77.572065,13.003396],[77.571973,13.003391],[77.57173,13.00337],[77.571486,13.00336],[77.571355,13.003349],[77.571292,13.00335],[77.571319,13.002114],[77.57136,12.999415],[77.571402,12.997333],[77.571396,12.996833],[77.570133,12.996766],[77.569184,12.996775],[77.568641,12.996781],[77.568546,12.996782],[77.568085,12.996786],[77.567448,12.996819],[77.567197,12.996843],[77.567144,12.996848],[77.566944,12.996873],[77.566749,12.996869],[77.56656,12.996837],[77.5664,12.996783],[77.566213,12.996708],[77.566161,12.996685],[77.566052,12.996634],[77.566383,12.996211],[77.566713,12.995723],[77.566968,12.995227],[77.567099,12.994913],[77.567323,12.994615],[77.567654,12.994216],[77.568026,12.993719],[77.568385,12.993381],[77.567758,12.993408],[77.567785,12.992628],[77.567786,12.992611],[77.56782,12.991782],[77.567843,12.99122],[77.567867,12.990444],[77.567878,12.989756],[77.567918,12.988854],[77.567924,12.988718],[77.567926,12.988624],[77.567926,12.988605],[77.567926,12.988578],[77.567919,12.988544],[77.567915,12.988505],[77.567906,12.98841],[77.567794,12.988417],[77.566803,12.988467],[77.565696,12.988517],[77.565069,12.988535],[77.565088,12.988318],[77.56504,12.988318],[77.563964,12.988385],[77.56396,12.988374],[77.56394,12.988175],[77.562263,12.988275],[77.561476,12.988282],[77.561446,12.988281],[77.561446,12.988284],[77.561447,12.988175],[77.561485,12.987994],[77.561541,12.9878],[77.561579,12.987722],[77.561626,12.987629],[77.561744,12.987481],[77.561791,12.987344],[77.561817,12.987274],[77.561813,12.987209],[77.561776,12.987163],[77.561281,12.987052],[77.561056,12.986995],[77.56099,12.986939],[77.560804,12.986755],[77.560769,12.986678],[77.560763,12.986614],[77.560783,12.986513],[77.560973,12.986042],[77.561012,12.985943],[77.561021,12.985827],[77.561009,12.985706],[77.560989,12.985529],[77.560967,12.985379],[77.560973,12.985251],[77.560969,12.985098],[77.560985,12.984907],[77.561018,12.984806],[77.561054,12.984749],[77.561058,12.984734],[77.561099,12.984678],[77.561301,12.984208],[77.561416,12.983785],[77.561524,12.982891],[77.561588,12.982605],[77.561614,12.982486],[77.561614,12.982401],[77.561612,12.982261],[77.561612,12.982228],[77.561611,12.982228],[77.561607,12.982123],[77.561589,12.981962],[77.561605,12.981875],[77.56146,12.981853],[77.561388,12.981854],[77.561337,12.981852],[77.561272,12.981857],[77.561241,12.981853],[77.561218,12.981842],[77.561195,12.981805],[77.561136,12.981663],[77.56103,12.981307],[77.561025,12.981273],[77.560963,12.981018],[77.560926,12.980911],[77.560853,12.980738],[77.560766,12.980574],[77.56065,12.980408],[77.560491,12.980269],[77.560251,12.980206],[77.560032,12.980178],[77.559793,12.980123],[77.559561,12.980048],[77.559431,12.979976],[77.559262,12.979873],[77.559193,12.979768],[77.55915,12.979613],[77.559167,12.979436],[77.559136,12.979195],[77.559053,12.979015],[77.558943,12.978899],[77.55881,12.978829],[77.558647,12.978821],[77.558477,12.978827],[77.558258,12.978829],[77.558075,12.978798],[77.557886,12.978694],[77.557632,12.978558],[77.557375,12.97842],[77.556974,12.978326],[77.556872,12.978329],[77.556657,12.978224],[77.556414,12.978067],[77.556085,12.977809],[77.555776,12.977598],[77.555529,12.977493],[77.555298,12.977275],[77.555187,12.977048],[77.555169,12.977012],[77.555137,12.976945],[77.555019,12.976619],[77.554902,12.976419],[77.554664,12.975959],[77.554493,12.97556],[77.554496,12.97556],[77.555694,12.975607],[77.558543,12.975764],[77.558704,12.975765],[77.558687,12.97557],[77.558655,12.975325],[77.558576,12.975142],[77.558516,12.974995],[77.558443,12.974743],[77.558326,12.974452],[77.558057,12.974004],[77.55795,12.973821],[77.557906,12.973702],[77.557952,12.973667],[77.557959,12.973487],[77.557993,12.973025],[77.55795,12.972958],[77.557943,12.972856],[77.557801,12.972316],[77.557732,12.972024],[77.557545,12.971063],[77.557383,12.970246],[77.557166,12.970302],[77.557159,12.969992],[77.557117,12.969466],[77.556985,12.969482],[77.556709,12.96947],[77.556378,12.96943],[77.555994,12.969354],[77.555655,12.969268],[77.555563,12.969239],[77.555385,12.969184],[77.555204,12.969127],[77.555007,12.969064],[77.55456,12.96894],[77.55425,12.968855],[77.553475,12.968651],[77.552859,12.968486],[77.552572,12.968404],[77.552271,12.968313],[77.551906,12.968193],[77.551697,12.968088],[77.551435,12.967937],[77.551175,12.967716],[77.550996,12.967539],[77.550676,12.967163],[77.550306,12.966732],[77.550281,12.966691],[77.550236,12.966615],[77.550056,12.966414],[77.550006,12.966359],[77.549757,12.966133],[77.549415,12.965856],[77.548997,12.965552],[77.548683,12.965316],[77.548466,12.965164],[77.548257,12.96504],[77.548024,12.964937],[77.547514,12.964764],[77.547022,12.964609],[77.546628,12.964475],[77.54637,12.964404],[77.546159,12.964359],[77.545967,12.964345],[77.545638,12.964345],[77.545315,12.964362],[77.544971,12.964384],[77.544732,12.964381],[77.544463,12.964323],[77.544215,12.964241],[77.543956,12.964117],[77.543876,12.964064],[77.543816,12.964026],[77.543816,12.964026],[77.544412,12.963312],[77.544488,12.963366],[77.544569,12.96328],[77.544637,12.963212],[77.544735,12.963119],[77.544845,12.963053],[77.544973,12.962996],[77.545111,12.962938],[77.545268,12.962874],[77.545427,12.962785],[77.545513,12.962723],[77.545558,12.962686],[77.54557,12.962642],[77.545572,12.962588],[77.545553,12.962524],[77.545503,12.962463],[77.545442,12.962399],[77.545357,12.962343],[77.545257,12.962298],[77.545183,12.962255],[77.54532,12.962081],[77.545584,12.961654],[77.545741,12.961411],[77.54592,12.961136],[77.546185,12.960654],[77.546303,12.960423],[77.546481,12.960074],[77.546807,12.95957],[77.54706,12.959093],[77.547406,12.958414],[77.547783,12.95774],[77.548155,12.957067],[77.548362,12.956693],[77.548411,12.95661],[77.548586,12.956311],[77.548793,12.955957],[77.549095,12.955452],[77.549099,12.955445],[77.549306,12.955088],[77.549587,12.954726],[77.549334,12.954736],[77.54928,12.954056],[77.549249,12.953364],[77.54922,12.95281],[77.549207,12.952669],[77.549207,12.952616],[77.549147,12.952352],[77.549126,12.952279],[77.549587,12.95221],[77.550507,12.952064],[77.550732,12.952084],[77.550899,12.952052],[77.551043,12.952089],[77.551163,12.952122],[77.551275,12.952117],[77.551337,12.952105],[77.551434,12.952081],[77.551476,12.952054],[77.551523,12.952166],[77.551569,12.952111],[77.551643,12.952043],[77.551975,12.951673],[77.552287,12.951237],[77.552354,12.951144],[77.55237,12.951121],[77.552589,12.950816],[77.55267,12.950703],[77.552791,12.950557],[77.553281,12.950884],[77.553464,12.950857],[77.553637,12.95076],[77.553841,12.950657],[77.553928,12.950616],[77.554044,12.950535],[77.554222,12.950403],[77.5544,12.950271],[77.55446,12.9502],[77.5545,12.950054],[77.554524,12.949943],[77.554579,12.949757],[77.554742,12.94968],[77.554991,12.950561],[77.55556,12.950413],[77.555619,12.950396],[77.555714,12.950378],[77.555745,12.950374],[77.555996,12.95034],[77.556193,12.950294],[77.556317,12.950262],[77.556405,12.950226],[77.556519,12.950176],[77.55669,12.950062],[77.556761,12.949991],[77.556785,12.94997],[77.556813,12.949962],[77.556835,12.949971],[77.557333,12.950082],[77.557641,12.950138],[77.557655,12.950139],[77.557703,12.95015],[77.557715,12.950152],[77.558084,12.950193],[77.558086,12.950391],[77.557943,12.950402],[77.557711,12.950465],[77.557636,12.950491],[77.557595,12.950503],[77.55759,12.950549],[77.557588,12.950643],[77.55753,12.950805],[77.557522,12.950814],[77.557448,12.95094],[77.557326,12.951038],[77.557167,12.951138],[77.556965,12.951214],[77.556751,12.951267],[77.556489,12.951359],[77.556286,12.951427],[77.55612,12.95148],[77.555937,12.951544],[77.555723,12.951601],[77.555761,12.951766],[77.555773,12.951804],[77.555796,12.95189],[77.555852,12.952059],[77.555901,12.952176],[77.555991,12.952388],[77.55606,12.952501],[77.556157,12.952636],[77.556285,12.952832],[77.556588,12.953248],[77.556636,12.95332],[77.557654,12.953188],[77.558443,12.953157],[77.558435,12.953208],[77.558518,12.9532],[77.558565,12.953209],[77.558603,12.953216],[77.558647,12.953219],[77.558763,12.953237],[77.558923,12.953283],[77.559316,12.953469],[77.559763,12.953631],[77.559916,12.953673],[77.559984,12.953675],[77.560028,12.953675],[77.560093,12.953674],[77.560164,12.953667],[77.56034,12.953622],[77.560601,12.953533],[77.560773,12.953461],[77.561121,12.953383],[77.561408,12.953365],[77.561689,12.953392],[77.56169,12.953319],[77.561692,12.953037],[77.561746,12.952496],[77.561753,12.952375],[77.561774,12.952035],[77.561772,12.951892],[77.561787,12.951738],[77.561812,12.951616],[77.56187,12.951451],[77.56196,12.951281],[77.562093,12.951078],[77.562111,12.951052],[77.562261,12.950743],[77.562237,12.950599],[77.562233,12.950462],[77.562242,12.950287],[77.562202,12.950059],[77.562141,12.949933],[77.562065,12.949849],[77.561972,12.949775],[77.561765,12.949624],[77.561629,12.949514],[77.56159,12.94944],[77.561485,12.949344],[77.561534,12.949222],[77.561717,12.949218],[77.561867,12.949108],[77.562147,12.948908],[77.562257,12.948982],[77.562411,12.949051],[77.562484,12.949077],[77.562579,12.94909],[77.562665,12.949084],[77.56276,12.949079],[77.562827,12.949061],[77.56289,12.949029],[77.562967,12.949006],[77.56303,12.94897],[77.563386,12.94882],[77.563666,12.948714],[77.563853,12.94858],[77.563942,12.948563],[77.564054,12.948524],[77.564139,12.948485],[77.564248,12.948427],[77.564256,12.948362],[77.564265,12.948117],[77.564229,12.947627],[77.564212,12.947111],[77.564233,12.946529],[77.564231,12.945527],[77.564255,12.943701],[77.564268,12.942721],[77.56427,12.941895],[77.564271,12.941861],[77.564279,12.941831],[77.564279,12.94179],[77.564333,12.941791],[77.564388,12.941791],[77.564586,12.941789],[77.564889,12.941789],[77.564992,12.941788],[77.565027,12.941788],[77.565105,12.941785],[77.565089,12.941677],[77.565089,12.941676],[77.565084,12.941649],[77.565072,12.941569],[77.565009,12.941157],[77.564993,12.941069],[77.564961,12.941004],[77.564909,12.940882],[77.564313,12.939893],[77.564063,12.939412],[77.563993,12.939286],[77.564133,12.939282],[77.564142,12.939283],[77.564364,12.939278],[77.564492,12.939284],[77.564742,12.939295],[77.565267,12.939315],[77.565916,12.939327],[77.565897,12.939739],[77.56593,12.93988],[77.565974,12.939994],[77.566025,12.940073],[77.566107,12.940167],[77.566186,12.940212],[77.566659,12.940223],[77.566714,12.941003],[77.566727,12.941148],[77.56674,12.94122],[77.566768,12.9413],[77.566827,12.941429],[77.566961,12.941618],[77.567154,12.94183],[77.567645,12.942438],[77.567708,12.942525],[77.567764,12.942608],[77.567807,12.942692],[77.567839,12.942806],[77.567853,12.943015],[77.567861,12.9434],[77.567871,12.943528],[77.567851,12.943631],[77.568078,12.943649],[77.568332,12.943668],[77.570164,12.943671],[77.5711,12.943664],[77.572306,12.943679],[77.573436,12.943684],[77.573617,12.943686],[77.573773,12.943694],[77.573773,12.943694],[77.573756,12.942735],[77.573773,12.941456],[77.573796,12.940709],[77.573849,12.940709],[77.573851,12.940633],[77.574028,12.940636],[77.576252,12.940602],[77.577657,12.940588],[77.577748,12.940587],[77.577754,12.940378],[77.577678,12.939705],[77.577841,12.939475],[77.577917,12.939381],[77.57916,12.937828],[77.579738,12.937113],[77.579941,12.936879],[77.580078,12.936722],[77.581096,12.936744],[77.582882,12.936721],[77.584903,12.936646],[77.584904,12.936489],[77.584884,12.93461],[77.584829,12.932935],[77.583922,12.932953],[77.583821,12.932955],[77.582349,12.932991],[77.58126,12.933024],[77.579649,12.933058],[77.579635,12.933058],[77.579661,12.93083],[77.579672,12.930179],[77.579662,12.929193],[77.57967,12.92825],[77.579672,12.92719],[77.579689,12.92626],[77.579704,12.9252],[77.579742,12.924149],[77.579742,12.923427],[77.579699,12.923431],[77.57965,12.923437],[77.579029,12.92347],[77.577262,12.923488],[77.576126,12.923512],[77.574813,12.923535],[77.573601,12.923555],[77.573573,12.922207],[77.573569,12.921115],[77.573565,12.921037],[77.574396,12.920791],[77.57443,12.920771],[77.574396,12.920526],[77.574395,12.920499],[77.574385,12.920395],[77.574362,12.920201],[77.574288,12.919896],[77.574181,12.919544],[77.574054,12.919128],[77.573773,12.918408],[77.573684,12.918204],[77.573617,12.918006],[77.573614,12.91773],[77.573649,12.916916],[77.573098,12.916744],[77.572553,12.916597],[77.57176,12.916571],[77.571278,12.916593],[77.570794,12.916479],[77.570523,12.916378],[77.570425,12.91634],[77.57037,12.916299],[77.570262,12.916183],[77.570189,12.916076],[77.570118,12.915929],[77.570074,12.91582],[77.57002,12.915745],[77.569978,12.915684],[77.569926,12.915643],[77.569646,12.915543],[77.569545,12.91551],[77.569467,12.915706],[77.569079,12.916555],[77.568775,12.917184],[77.568667,12.91754],[77.568655,12.917837],[77.568658,12.917892],[77.568657,12.917957],[77.568669,12.918023],[77.568676,12.918089],[77.568699,12.91815],[77.568578,12.918179],[77.566027,12.918765],[77.565745,12.917979],[77.565524,12.917521],[77.565467,12.917404],[77.565395,12.9173],[77.565301,12.917193],[77.565231,12.917117],[77.565007,12.916885],[77.564898,12.916779],[77.564844,12.916744],[77.564721,12.91708],[77.564456,12.917752],[77.564387,12.917915],[77.56422,12.918257],[77.564069,12.918533],[77.563895,12.918809],[77.56365,12.919172],[77.563525,12.919332],[77.56342,12.919449],[77.563327,12.919554],[77.563308,12.919566],[77.563162,12.919664],[77.563001,12.919755],[77.562711,12.919912],[77.562429,12.920101],[77.562296,12.920195],[77.562261,12.920251],[77.562156,12.920424],[77.561852,12.921139],[77.561694,12.921516],[77.561612,12.92161],[77.561531,12.921629],[77.561408,12.921658],[77.561097,12.921711],[77.560309,12.921847],[77.559502,12.922002],[77.559117,12.922083],[77.558751,12.922187],[77.557517,12.922567],[77.557215,12.922673],[77.556919,12.922778],[77.55655,12.92289],[77.556448,12.922926],[77.556281,12.922978],[77.556169,12.922581],[77.555972,12.92201],[77.555784,12.921383],[77.555646,12.920999],[77.555524,12.921004],[77.55525,12.921021],[77.55525,12.921021],[77.555219,12.921024],[77.55519,12.921025],[77.555119,12.921022],[77.555049,12.921011],[77.55498,12.920994],[77.554914,12.92097],[77.554897,12.920962],[77.554817,12.920967],[77.554736,12.920979],[77.554657,12.920998],[77.554617,12.921011],[77.554546,12.921019],[77.554466,12.921022],[77.554386,12.921017],[77.554307,12.921005],[77.55423,12.920986],[77.554155,12.92096],[77.554131,12.920949],[77.554042,12.920901],[77.553715,12.920729],[77.553555,12.920647],[77.553506,12.92062],[77.5534,12.920554],[77.553297,12.920481],[77.553199,12.920404],[77.553163,12.920373],[77.553097,12.920322],[77.553026,12.92026],[77.552961,12.920192],[77.552902,12.920119],[77.552882,12.920093],[77.552859,12.920051],[77.552859,12.920051],[77.552683,12.919734],[77.552682,12.919731],[77.552676,12.919711],[77.552667,12.919692],[77.552655,12.919675],[77.552639,12.91966],[77.552622,12.919648],[77.552602,12.91964],[77.552581,12.919634],[77.55256,12.919633],[77.552538,12.919635],[77.552518,12.91964],[77.552498,12.919649],[77.552483,12.91966],[77.552474,12.919667],[77.552426,12.919701],[77.552374,12.919728],[77.552319,12.919748],[77.552262,12.919762],[77.552204,12.919768],[77.552196,12.919768],[77.552173,12.91977],[77.552153,12.919663],[77.552123,12.919668],[77.552037,12.919231],[77.551993,12.918969],[77.551945,12.918801],[77.551916,12.918722],[77.551903,12.918613],[77.551904,12.91854],[77.55192,12.918473],[77.551936,12.918386],[77.551954,12.918292],[77.551998,12.918207],[77.551956,12.917879],[77.551736,12.91743],[77.551619,12.917168],[77.551531,12.917052],[77.551009,12.916573],[77.550738,12.916219],[77.550614,12.915831],[77.550472,12.915871],[77.549472,12.916131],[77.549168,12.916219],[77.54888,12.916313],[77.548676,12.916367],[77.548536,12.916415],[77.548,12.916521],[77.547999,12.916526],[77.547999,12.91658],[77.54805,12.916798],[77.548108,12.917046],[77.548135,12.917129],[77.548185,12.917241],[77.548397,12.917216],[77.548455,12.917468],[77.54848,12.917585],[77.54853,12.917813],[77.548574,12.917947],[77.548584,12.917991],[77.548601,12.918068],[77.548451,12.918085],[77.548091,12.918132],[77.547851,12.918167],[77.547687,12.918174],[77.547528,12.918175],[77.547414,12.918209],[77.547147,12.91826],[77.546863,12.918305],[77.546873,12.918352],[77.546843,12.91836],[77.546729,12.918049],[77.546402,12.918098],[77.546206,12.918127],[77.545926,12.91816],[77.545675,12.918204],[77.5448,12.918297],[77.544722,12.917536],[77.54442,12.917551],[77.544395,12.917552],[77.543948,12.917586],[77.543447,12.917623],[77.543311,12.917619],[77.54318,12.917653],[77.54311,12.917693],[77.542871,12.917857],[77.541965,12.918486],[77.541967,12.918512],[77.54198,12.918706],[77.541996,12.91879],[77.542001,12.918807],[77.541959,12.91881],[77.541904,12.918808],[77.541819,12.918797],[77.541762,12.918782],[77.541623,12.918732],[77.541417,12.918599],[77.541273,12.918501],[77.541225,12.918478],[77.541205,12.918469],[77.541155,12.918453],[77.541135,12.91845],[77.541106,12.918446],[77.540755,12.918234],[77.540616,12.91814],[77.540555,12.918122],[77.540466,12.918103],[77.540338,12.918033],[77.540177,12.917878],[77.539992,12.917744],[77.539808,12.917659],[77.539643,12.917608],[77.539279,12.917515],[77.538685,12.917924],[77.538478,12.918043],[77.538406,12.918098],[77.538393,12.91812],[77.538289,12.918155],[77.538288,12.918146],[77.538271,12.918161],[77.538131,12.918283],[77.538095,12.918367],[77.538035,12.918476],[77.536812,12.91966],[77.534409,12.918379],[77.531711,12.917998],[77.53169,12.917995],[77.53161,12.916298],[77.531285,12.914229],[77.530763,12.912401],[77.530205,12.911243],[77.529092,12.909453],[77.528409,12.908317],[77.527269,12.906357],[77.525829,12.904277],[77.52552,12.904039],[77.525298,12.903784],[77.524809,12.90336],[77.524312,12.902944],[77.523806,12.902539],[77.523294,12.902142],[77.521733,12.900924],[77.520171,12.89971],[77.518408,12.898346],[77.517833,12.897868],[77.51721,12.89726],[77.51603,12.896019],[77.5151,12.895055],[77.514165,12.894096],[77.514106,12.894036],[77.513112,12.893014],[77.51267,12.892496],[77.5122,12.891892],[77.511662,12.891128],[77.511343,12.890655]],[[77.532672,12.939562],[77.53251,12.939816],[77.532575,12.939715],[77.532672,12.939562]]]},"properties":{"NewCorp":"West","_folder":"bbmp_c2__wards_c2"}},{"type":"Feature","geometry":{"type":"Polygon","coordinates":[[[77.557566,13.025228],[77.557519,13.025059],[77.557409,13.024704],[77.557337,13.024459],[77.557195,13.024044],[77.55709,13.023725],[77.556925,13.023282],[77.556828,13.023013],[77.556713,13.022696],[77.556601,13.022394],[77.556292,13.02162],[77.555985,13.020904],[77.555898,13.020674],[77.555709,13.020174],[77.555596,13.019929],[77.555558,13.019885],[77.555468,13.019846],[77.555307,13.019846],[77.555188,13.019846],[77.55465,13.019825],[77.554325,13.019828],[77.554263,13.019738],[77.553933,13.019257],[77.553864,13.019156],[77.553765,13.019322],[77.553546,13.019654],[77.553534,13.019666],[77.553393,13.019928],[77.552661,13.021292],[77.55158,13.023567],[77.550823,13.025042],[77.550019,13.026609],[77.54961,13.027662],[77.548961,13.029173],[77.54872,13.029589],[77.548343,13.030265],[77.54796,13.030953],[77.547603,13.031638],[77.546533,13.033646],[77.546104,13.034528],[77.545596,13.035434],[77.544982,13.036674],[77.544301,13.037777],[77.543683,13.038402],[77.543354,13.038807],[77.542931,13.039203],[77.542922,13.03922],[77.542604,13.038943],[77.542055,13.038463],[77.541994,13.038392],[77.541907,13.03818],[77.541551,13.036477],[77.540737,13.032492],[77.535927,13.03607],[77.531513,13.039336],[77.52759,13.042195],[77.522199,13.045889],[77.522141,13.045799],[77.521498,13.044786],[77.5209,13.043869],[77.520329,13.043038],[77.519844,13.042259],[77.519302,13.041454],[77.518737,13.040595],[77.518385,13.039937],[77.518026,13.040203],[77.517254,13.040991],[77.516833,13.041421],[77.516803,13.041448],[77.516348,13.041772],[77.51592,13.041944],[77.515102,13.042231],[77.513588,13.042728],[77.512237,13.04318],[77.511454,13.043433],[77.511022,13.043661],[77.510349,13.044007],[77.509865,13.044244],[77.508978,13.044687],[77.508244,13.045013],[77.507466,13.04527],[77.507343,13.045301],[77.507309,13.045321],[77.507291,13.045332],[77.506034,13.045688],[77.505256,13.045883],[77.504167,13.046268],[77.502889,13.046722],[77.501374,13.047281],[77.499589,13.047933],[77.498057,13.048491],[77.497673,13.048625],[77.496772,13.048938],[77.496801,13.049407],[77.496895,13.049636],[77.496981,13.049847],[77.497307,13.050642],[77.494584,13.051241],[77.494494,13.051262],[77.494303,13.051308],[77.493642,13.051453],[77.493006,13.051568],[77.492555,13.051653],[77.492553,13.051653],[77.492524,13.052237],[77.492425,13.053569],[77.492423,13.053596],[77.492433,13.053853],[77.492418,13.054504],[77.492418,13.054545],[77.49227,13.054875],[77.491649,13.055896],[77.4911,13.056797],[77.490978,13.056912],[77.492318,13.060779],[77.492383,13.060913],[77.492843,13.062214],[77.49308,13.062164],[77.493024,13.062596],[77.492778,13.064434],[77.492788,13.064718],[77.492781,13.065039],[77.49278,13.066298],[77.492796,13.067374],[77.492837,13.068283],[77.492869,13.068779],[77.492927,13.069823],[77.492999,13.070818],[77.493084,13.072111],[77.494846,13.072003],[77.495881,13.071962],[77.496737,13.07199],[77.497825,13.071989],[77.499247,13.07197],[77.49948,13.071918],[77.499695,13.07187],[77.499786,13.071856],[77.500899,13.072218],[77.501362,13.072648],[77.501473,13.072798],[77.501565,13.072905],[77.501572,13.072932],[77.501669,13.073201],[77.501685,13.073249],[77.501929,13.073561],[77.501939,13.073573],[77.502058,13.073721],[77.50216,13.073857],[77.502172,13.073864],[77.502401,13.073975],[77.50251,13.074131],[77.502688,13.074394],[77.502828,13.074765],[77.502879,13.074803],[77.503061,13.074851],[77.503119,13.074869],[77.503498,13.075058],[77.503654,13.075138],[77.503686,13.075151],[77.504194,13.075405],[77.504664,13.07618],[77.504805,13.076413],[77.50493,13.076537],[77.505223,13.076717],[77.505436,13.076813],[77.505557,13.076903],[77.50564,13.077039],[77.505675,13.077139],[77.505704,13.077217],[77.505763,13.077338],[77.505814,13.077376],[77.505828,13.07738],[77.50583,13.077382],[77.506023,13.077453],[77.506665,13.077706],[77.507082,13.077857],[77.507268,13.077851],[77.507577,13.077735],[77.507691,13.077735],[77.507917,13.077727],[77.508138,13.077669],[77.508421,13.077601],[77.508508,13.077594],[77.508579,13.077596],[77.508647,13.077649],[77.508682,13.077698],[77.508746,13.077795],[77.50879,13.077855],[77.508906,13.078029],[77.508916,13.077993],[77.508959,13.07784],[77.509055,13.077698],[77.509098,13.077642],[77.509193,13.077533],[77.50929,13.077482],[77.509329,13.077436],[77.509351,13.077383],[77.509342,13.077317],[77.5094,13.077214],[77.509447,13.077161],[77.509504,13.07709],[77.509536,13.077017],[77.509553,13.076908],[77.509568,13.076863],[77.509576,13.076841],[77.509593,13.076837],[77.50961,13.076834],[77.509679,13.076834],[77.509761,13.07684],[77.509906,13.076784],[77.509974,13.076716],[77.510001,13.076695],[77.510095,13.076585],[77.510293,13.076344],[77.5103,13.076335],[77.510438,13.076211],[77.510512,13.076144],[77.510793,13.076019],[77.511075,13.075822],[77.511151,13.075769],[77.511477,13.075574],[77.51148,13.075575],[77.511527,13.075607],[77.511568,13.075634],[77.511617,13.075753],[77.511645,13.075822],[77.511975,13.075745],[77.512065,13.075724],[77.512525,13.075618],[77.512792,13.07552],[77.513329,13.075434],[77.513941,13.075175],[77.514267,13.075041],[77.514436,13.075315],[77.515697,13.074958],[77.515914,13.07489],[77.517149,13.074509],[77.517913,13.074329],[77.518139,13.075221],[77.518215,13.075593],[77.51804,13.076641],[77.518593,13.077913],[77.518621,13.077995],[77.518733,13.07827],[77.518769,13.078439],[77.518775,13.078455],[77.518825,13.078716],[77.518999,13.079554],[77.519101,13.079539],[77.519144,13.079532],[77.519492,13.079261],[77.519573,13.079261],[77.519575,13.079269],[77.519633,13.079368],[77.519638,13.079376],[77.520304,13.07925],[77.520898,13.079146],[77.521015,13.079491],[77.521285,13.080322],[77.521606,13.0803],[77.522168,13.080262],[77.522278,13.080433],[77.52244,13.080503],[77.522544,13.080548],[77.522672,13.080602],[77.522766,13.080727],[77.522801,13.080821],[77.522841,13.080939],[77.523177,13.080913],[77.523272,13.080909],[77.523345,13.081478],[77.523347,13.081496],[77.523367,13.081498],[77.523492,13.081514],[77.523641,13.082563],[77.523651,13.082602],[77.523685,13.08287],[77.523649,13.083478],[77.523775,13.0835],[77.524339,13.083598],[77.524738,13.083668],[77.525066,13.083724],[77.525222,13.083754],[77.52538,13.08365],[77.525627,13.083613],[77.525765,13.083592],[77.525765,13.083575],[77.525758,13.082917],[77.52583,13.082913],[77.52657,13.082876],[77.527397,13.082833],[77.527979,13.082578],[77.5283,13.082305],[77.528877,13.08213],[77.529207,13.082096],[77.529246,13.082097],[77.529476,13.08207],[77.52976,13.082086],[77.530092,13.082095],[77.530892,13.082882],[77.534835,13.083883],[77.53692,13.083863],[77.539477,13.087681],[77.540757,13.090016],[77.54073,13.090874],[77.540696,13.092121],[77.542113,13.094345],[77.542422,13.095607],[77.542376,13.095772],[77.543001,13.097329],[77.543341,13.098213],[77.543395,13.0985],[77.543952,13.099774],[77.544174,13.100325],[77.544349,13.100824],[77.543997,13.100811],[77.543893,13.101188],[77.543859,13.101316],[77.544186,13.101293],[77.544406,13.101342],[77.544655,13.101281],[77.54626,13.101265],[77.549477,13.10111],[77.554279,13.100489],[77.555122,13.100358],[77.555151,13.100468],[77.555209,13.100523],[77.555303,13.100532],[77.555629,13.100404],[77.555682,13.100485],[77.55619,13.100289],[77.556382,13.100721],[77.55732,13.100407],[77.557511,13.100694],[77.557074,13.100894],[77.557257,13.101193],[77.557688,13.101611],[77.558098,13.101908],[77.55828,13.102176],[77.558329,13.102281],[77.558446,13.102437],[77.558712,13.102692],[77.558878,13.102956],[77.559294,13.103374],[77.559266,13.10341],[77.559079,13.10342],[77.558863,13.103359],[77.559099,13.10468],[77.559727,13.105675],[77.559996,13.106129],[77.560473,13.107088],[77.560756,13.107679],[77.561011,13.108373],[77.560931,13.10888],[77.560698,13.108929],[77.560295,13.109074],[77.559999,13.10927],[77.560001,13.109405],[77.560136,13.109618],[77.560283,13.109924],[77.560335,13.110893],[77.560211,13.111186],[77.560078,13.111693],[77.55984,13.111862],[77.55967,13.111901],[77.559591,13.111969],[77.559561,13.112115],[77.559542,13.11235],[77.559721,13.113177],[77.560384,13.11302],[77.560751,13.113548],[77.561007,13.114108],[77.56166,13.113982],[77.562156,13.115202],[77.562377,13.11594],[77.562472,13.11644],[77.5629,13.118683],[77.562983,13.119511],[77.56298,13.119751],[77.562982,13.119917],[77.563066,13.120302],[77.563237,13.1209],[77.563519,13.121455],[77.564102,13.12281],[77.565495,13.126022],[77.566863,13.125651],[77.567968,13.125371],[77.569404,13.125024],[77.5697,13.126913],[77.570427,13.130633],[77.570918,13.131353],[77.571299,13.133394],[77.571068,13.133961],[77.571289,13.134402],[77.571544,13.135215],[77.571799,13.136019],[77.572238,13.135913],[77.572289,13.136053],[77.572333,13.136225],[77.572534,13.136216],[77.572724,13.136278],[77.573405,13.136118],[77.573574,13.136745],[77.573818,13.137806],[77.573868,13.138244],[77.573959,13.14026],[77.573995,13.140804],[77.574651,13.140866],[77.574317,13.141307],[77.576287,13.141718],[77.577229,13.141905],[77.580321,13.142695],[77.581984,13.140818],[77.582315,13.140506],[77.582476,13.139664],[77.582555,13.139348],[77.582658,13.139036],[77.582791,13.138527],[77.58282,13.138464],[77.58287,13.138143],[77.582898,13.138086],[77.583091,13.137613],[77.583302,13.137054],[77.583445,13.136704],[77.583624,13.135925],[77.583788,13.135275],[77.583982,13.135132],[77.584039,13.134538],[77.58422,13.134163],[77.584614,13.133464],[77.584826,13.13312],[77.584978,13.132977],[77.585138,13.132793],[77.585558,13.132639],[77.585872,13.132629],[77.585673,13.133388],[77.587461,13.133333],[77.592137,13.133067],[77.59628,13.132812],[77.599643,13.131959],[77.601097,13.133415],[77.60167,13.134139],[77.604487,13.134131],[77.60448,13.133834],[77.608498,13.13379],[77.60849,13.13333],[77.612091,13.133205],[77.613755,13.131464],[77.615076,13.131035],[77.615087,13.131034],[77.615661,13.131001],[77.616903,13.130964],[77.61779,13.130953],[77.618796,13.130941],[77.620128,13.130926],[77.621171,13.130919],[77.621737,13.130911],[77.621935,13.13091],[77.624903,13.128914],[77.625706,13.127915],[77.626016,13.127523],[77.626633,13.127301],[77.630506,13.126045],[77.632781,13.122441],[77.634343,13.119978],[77.638606,13.113318],[77.637751,13.109697],[77.637075,13.106552],[77.639784,13.106108],[77.640588,13.10583],[77.641089,13.105696],[77.641912,13.105535],[77.642222,13.105521],[77.642563,13.105523],[77.642856,13.105508],[77.643118,13.105488],[77.64334,13.105556],[77.64355,13.105577],[77.643811,13.10566],[77.649103,13.1048],[77.650439,13.104585],[77.650191,13.103276],[77.649895,13.102435],[77.649783,13.101884],[77.649386,13.100514],[77.648959,13.099331],[77.648604,13.098938],[77.64735,13.096931],[77.645225,13.091974],[77.643005,13.087494],[77.642713,13.086872],[77.643245,13.086732],[77.643824,13.086636],[77.64489,13.086476],[77.645912,13.086376],[77.646413,13.086191],[77.646498,13.085228],[77.646292,13.084694],[77.645604,13.083521],[77.645213,13.08309],[77.644602,13.082388],[77.644122,13.08158],[77.643742,13.08094],[77.642788,13.079233],[77.642644,13.078974],[77.642606,13.078895],[77.642516,13.078705],[77.642515,13.078702],[77.642311,13.078274],[77.642308,13.078267],[77.642204,13.077976],[77.642015,13.077794],[77.64178,13.077723],[77.641303,13.077857],[77.64072,13.077633],[77.638501,13.075523],[77.63825,13.075206],[77.639458,13.07502],[77.639452,13.074481],[77.63946,13.071964],[77.639449,13.070989],[77.63943,13.070355],[77.639476,13.069558],[77.639312,13.068793],[77.639214,13.068338],[77.6391,13.067958],[77.638741,13.066858],[77.638715,13.066662],[77.638626,13.065993],[77.638563,13.065235],[77.638459,13.064614],[77.638372,13.06391],[77.638361,13.062936],[77.638312,13.062654],[77.638276,13.06212],[77.638293,13.060933],[77.638175,13.059388],[77.638215,13.058339],[77.638303,13.057484],[77.638258,13.055253],[77.638168,13.055092],[77.638103,13.05494],[77.638249,13.054764],[77.638068,13.053804],[77.637984,13.05302],[77.637819,13.051736],[77.638442,13.051606],[77.638282,13.050804],[77.638111,13.050089],[77.638394,13.050037],[77.638328,13.04978],[77.638308,13.049704],[77.638133,13.049242],[77.638097,13.04884],[77.638032,13.047994],[77.637799,13.047165],[77.637496,13.046699],[77.637246,13.045744],[77.637115,13.044671],[77.63711,13.044183],[77.637144,13.043616],[77.637401,13.042874],[77.637439,13.042913],[77.637622,13.043054],[77.637831,13.04316],[77.638102,13.043253],[77.638479,13.043318],[77.638807,13.04335],[77.639059,13.043347],[77.639328,13.043318],[77.63954,13.043251],[77.639787,13.043179],[77.639959,13.043117],[77.640338,13.043026],[77.640603,13.042924],[77.640775,13.042861],[77.640863,13.042817],[77.641065,13.042737],[77.641193,13.042679],[77.641312,13.042639],[77.641382,13.042556],[77.641443,13.042477],[77.641482,13.042412],[77.641526,13.042363],[77.641596,13.042311],[77.641666,13.042262],[77.641715,13.042231],[77.641779,13.042186],[77.641725,13.042005],[77.64158,13.041744],[77.641496,13.041632],[77.641434,13.041482],[77.64143,13.041456],[77.641428,13.041446],[77.641408,13.041324],[77.641393,13.04108],[77.641404,13.040988],[77.641427,13.040778],[77.641441,13.040652],[77.641472,13.040253],[77.641477,13.04019],[77.641469,13.039886],[77.641475,13.039609],[77.641526,13.039557],[77.641667,13.039508],[77.641697,13.039487],[77.641863,13.039368],[77.641875,13.03936],[77.64189,13.03934],[77.642018,13.039173],[77.642118,13.039116],[77.642166,13.039089],[77.642335,13.039039],[77.642649,13.039016],[77.642954,13.038982],[77.643031,13.038973],[77.643091,13.038972],[77.64341,13.038969],[77.643624,13.038979],[77.643752,13.038985],[77.643797,13.039],[77.643882,13.03903],[77.643864,13.038791],[77.643858,13.038653],[77.643865,13.038518],[77.643899,13.038405],[77.643989,13.038247],[77.644001,13.038227],[77.64402,13.038178],[77.644056,13.038059],[77.644071,13.03798],[77.644142,13.037589],[77.644148,13.037551],[77.64415,13.037538],[77.644181,13.037336],[77.644181,13.037265],[77.64418,13.037209],[77.644179,13.037161],[77.644179,13.037124],[77.644179,13.037075],[77.644178,13.037001],[77.644207,13.036881],[77.644258,13.036706],[77.644269,13.036672],[77.644299,13.03662],[77.644321,13.03656],[77.644347,13.036513],[77.644358,13.036493],[77.644365,13.036444],[77.64438,13.036348],[77.644409,13.036273],[77.644446,13.036213],[77.644491,13.036172],[77.644676,13.036065],[77.644899,13.035957],[77.644957,13.035912],[77.64497,13.035846],[77.644377,13.035852],[77.643236,13.035928],[77.643205,13.035754],[77.643152,13.035403],[77.643176,13.035121],[77.643216,13.034684],[77.643248,13.03416],[77.64325,13.034154],[77.643268,13.034084],[77.643268,13.034075],[77.643268,13.034067],[77.64326,13.034064],[77.643241,13.034063],[77.643198,13.034063],[77.643099,13.034061],[77.642549,13.034052],[77.642376,13.03403],[77.642303,13.034001],[77.642185,13.033997],[77.642173,13.033997],[77.642056,13.034038],[77.642017,13.034052],[77.641716,13.034144],[77.64171,13.034145],[77.641694,13.03415],[77.641279,13.034284],[77.641146,13.034344],[77.641105,13.034363],[77.641077,13.034363],[77.641047,13.03434],[77.641039,13.034328],[77.641017,13.034293],[77.641001,13.034266],[77.6409,13.034055],[77.640873,13.033992],[77.640806,13.033836],[77.640676,13.033591],[77.640637,13.033546],[77.640572,13.033474],[77.640411,13.03333],[77.640264,13.033148],[77.640141,13.032954],[77.640111,13.032919],[77.640064,13.032866],[77.639876,13.032631],[77.63986,13.0326],[77.639813,13.032504],[77.639696,13.032198],[77.639694,13.032194],[77.639619,13.031961],[77.639616,13.031955],[77.639615,13.031952],[77.639559,13.031853],[77.639459,13.031675],[77.639449,13.031661],[77.639306,13.031454],[77.638827,13.031009],[77.638519,13.03073],[77.638329,13.030525],[77.638056,13.030254],[77.637959,13.030135],[77.637914,13.030045],[77.6379,13.030002],[77.637897,13.029993],[77.637767,13.029668],[77.637633,13.029225],[77.637563,13.028706],[77.637506,13.028238],[77.637429,13.027985],[77.637036,13.027885],[77.636595,13.027816],[77.636353,13.027812],[77.636188,13.027836],[77.636138,13.027843],[77.635833,13.027924],[77.635614,13.028016],[77.63521,13.028186],[77.635138,13.028216],[77.63486,13.02833],[77.634555,13.028406],[77.634387,13.028446],[77.634273,13.028473],[77.633807,13.028585],[77.633667,13.02863],[77.633615,13.028647],[77.633482,13.028715],[77.633458,13.028688],[77.633196,13.028382],[77.633086,13.028254],[77.633013,13.028169],[77.632954,13.028087],[77.632766,13.027829],[77.632729,13.02777],[77.632725,13.027764],[77.632737,13.027759],[77.632653,13.027632],[77.632701,13.027663],[77.632772,13.027665],[77.632841,13.027655],[77.633361,13.027415],[77.633502,13.02735],[77.634307,13.027018],[77.634727,13.026879],[77.635357,13.02667],[77.636272,13.026436],[77.637266,13.026242],[77.638208,13.026055],[77.639328,13.025854],[77.639413,13.025839],[77.639794,13.025745],[77.639925,13.025694],[77.640365,13.025522],[77.641844,13.024868],[77.643555,13.024108],[77.645415,13.0233],[77.647323,13.022458],[77.64978,13.021403],[77.651868,13.020486],[77.653541,13.019753],[77.653901,13.019623],[77.654778,13.019319],[77.655519,13.019092],[77.655768,13.018994],[77.656002,13.018902],[77.656778,13.018556],[77.657503,13.018238],[77.658218,13.017934],[77.659467,13.017397],[77.660045,13.017138],[77.660056,13.017133],[77.660202,13.017069],[77.660603,13.016894],[77.661205,13.016656],[77.661521,13.01652],[77.661612,13.016473],[77.661655,13.016451],[77.661698,13.016429],[77.661703,13.016425],[77.661732,13.016402],[77.661803,13.016345],[77.661866,13.016264],[77.661875,13.01625],[77.661913,13.01619],[77.661962,13.016098],[77.661993,13.016038],[77.662,13.016016],[77.662009,13.015984],[77.662043,13.015868],[77.662071,13.015676],[77.662099,13.015444],[77.662159,13.014872],[77.662189,13.014596],[77.662226,13.013742],[77.662232,13.013539],[77.66224,13.013279],[77.662246,13.013075],[77.662276,13.01256],[77.662293,13.012389],[77.662276,13.012387],[77.662171,13.012343],[77.662099,13.012313],[77.661868,13.012173],[77.661513,13.011988],[77.660996,13.011808],[77.660004,13.011444],[77.659312,13.011166],[77.658895,13.010942],[77.658564,13.010769],[77.658355,13.010646],[77.657912,13.010359],[77.657894,13.010358],[77.657497,13.01009],[77.656447,13.009316],[77.656131,13.00907],[77.656047,13.008992],[77.655943,13.008875],[77.65582,13.008737],[77.655473,13.008351],[77.654729,13.007547],[77.654528,13.00728],[77.654011,13.006782],[77.653636,13.006467],[77.653132,13.006025],[77.652992,13.005908],[77.652942,13.005866],[77.652873,13.005848],[77.652468,13.00591],[77.651682,13.006049],[77.651298,13.006117],[77.651236,13.006125],[77.651252,13.006184],[77.651414,13.006492],[77.65154,13.006728],[77.651528,13.006753],[77.651358,13.006806],[77.650999,13.006877],[77.650792,13.006915],[77.650669,13.006965],[77.65049,13.007061],[77.650268,13.007185],[77.649895,13.007423],[77.649682,13.007489],[77.649543,13.007518],[77.648874,13.00757],[77.648264,13.007622],[77.64809,13.007633],[77.64802,13.007623],[77.648033,13.007507],[77.647716,13.007623],[77.647657,13.00764],[77.647462,13.007712],[77.647246,13.00779],[77.646702,13.008057],[77.646274,13.007519],[77.646188,13.007467],[77.646104,13.007389],[77.645957,13.007229],[77.645815,13.007027],[77.645704,13.006809],[77.645704,13.006804],[77.645701,13.006801],[77.645663,13.006718],[77.645537,13.006528],[77.645523,13.006422],[77.645464,13.00641],[77.645127,13.006441],[77.644869,13.006435],[77.64428,13.006386],[77.643663,13.006359],[77.643182,13.006318],[77.642676,13.006253],[77.642532,13.006239],[77.641822,13.006168],[77.641126,13.006089],[77.640913,13.006064],[77.640531,13.006002],[77.640475,13.005991],[77.640264,13.00595],[77.639934,13.00584],[77.639374,13.005652],[77.639076,13.005569],[77.638731,13.005503],[77.638476,13.005466],[77.638306,13.005468],[77.638111,13.0055],[77.638024,13.005486],[77.637728,13.005337],[77.637572,13.005232],[77.637503,13.00516],[77.636901,13.004497],[77.636466,13.004137],[77.636457,13.004135],[77.636457,13.004134],[77.636432,13.004104],[77.6363,13.003993],[77.636248,13.003944],[77.636324,13.003892],[77.636487,13.003796],[77.636664,13.003698],[77.637014,13.003502],[77.637942,13.003003],[77.638334,13.002811],[77.638448,13.002743],[77.638497,13.002697],[77.638543,13.002626],[77.638612,13.002465],[77.638669,13.002254],[77.638733,13.002141],[77.63883,13.001982],[77.639138,13.001526],[77.639486,13.001021],[77.639618,13.000807],[77.639901,13.000315],[77.640393,12.999425],[77.640956,12.998444],[77.641539,12.99758],[77.64221,12.996546],[77.642616,12.995982],[77.642715,12.995862],[77.641296,12.99584],[77.641199,12.995426],[77.64098,12.995614],[77.640664,12.995834],[77.640558,12.995501],[77.640405,12.995078],[77.640368,12.99497],[77.640113,12.994992],[77.640049,12.994983],[77.63942,12.995019],[77.637923,12.995131],[77.637855,12.994344],[77.637845,12.994232],[77.638058,12.994201],[77.637979,12.993803],[77.637939,12.993599],[77.637476,12.993613],[77.637295,12.993601],[77.637163,12.992723],[77.636983,12.99275],[77.635696,12.99303],[77.635347,12.993099],[77.634761,12.993237],[77.634372,12.993294],[77.634093,12.993313],[77.633389,12.993465],[77.63193,12.993773],[77.631142,12.993913],[77.63021,12.994091],[77.629112,12.994259],[77.628791,12.994173],[77.629051,12.994363],[77.629081,12.99444],[77.629091,12.99448],[77.629082,12.994513],[77.628447,12.994647],[77.62742,12.994831],[77.626835,12.994975],[77.626056,12.995259],[77.625394,12.995577],[77.624975,12.995817],[77.624622,12.996047],[77.624376,12.996228],[77.623701,12.996867],[77.622042,12.998315],[77.620752,12.99945],[77.620165,12.999958],[77.61945,12.999423],[77.619215,12.999077],[77.619098,12.99892],[77.618931,12.998788],[77.618735,12.998652],[77.618295,12.998458],[77.617976,12.998372],[77.617902,12.998355],[77.617891,12.998335],[77.617663,12.997899],[77.617577,12.997681],[77.617485,12.997507],[77.617176,12.996796],[77.616932,12.99611],[77.616862,12.995797],[77.616828,12.995781],[77.616707,12.995726],[77.61691,12.995621],[77.616943,12.995598],[77.617222,12.995425],[77.617533,12.995122],[77.617805,12.994669],[77.618117,12.994119],[77.618506,12.993316],[77.618943,12.992493],[77.619182,12.991976],[77.619303,12.991675],[77.619338,12.9915],[77.619369,12.991293],[77.619446,12.990774],[77.619473,12.990603],[77.619527,12.990112],[77.619522,12.989546],[77.619499,12.988889],[77.619407,12.988249],[77.619333,12.987448],[77.619326,12.987278],[77.619326,12.987277],[77.619329,12.987277],[77.619326,12.98722],[77.618805,12.987336],[77.618584,12.987521],[77.618344,12.987703],[77.618266,12.987757],[77.617678,12.98829],[77.617254,12.988626],[77.617121,12.98873],[77.617121,12.988731],[77.616715,12.989014],[77.616247,12.989299],[77.615004,12.989993],[77.613914,12.990592],[77.613697,12.990732],[77.613248,12.99097],[77.613053,12.991082],[77.612876,12.991177],[77.612799,12.991213],[77.612592,12.991308],[77.612503,12.991321],[77.612355,12.991363],[77.612113,12.991412],[77.611976,12.991442],[77.611899,12.991449],[77.611781,12.991491],[77.611692,12.991515],[77.611278,12.9917],[77.611048,12.991807],[77.610316,12.99228],[77.609864,12.992619],[77.609785,12.992678],[77.609709,12.992735],[77.608979,12.99326],[77.60879,12.993396],[77.608707,12.993438],[77.60863,12.993462],[77.608571,12.993491],[77.6085,12.99351],[77.608435,12.993522],[77.608299,12.993535],[77.608174,12.993536],[77.607676,12.993582],[77.607401,12.993592],[77.607286,12.993482],[77.607241,12.993354],[77.607222,12.99294],[77.607164,12.991553],[77.607119,12.99052],[77.607106,12.990358],[77.606921,12.990288],[77.60673,12.990247],[77.606603,12.990213],[77.606601,12.990212],[77.606462,12.990188],[77.606061,12.990172],[77.605603,12.990183],[77.605296,12.990183],[77.60528,12.990332],[77.605265,12.990531],[77.605211,12.990701],[77.605102,12.991073],[77.604997,12.991252],[77.604893,12.99143],[77.604797,12.991574],[77.604648,12.991745],[77.604572,12.991941],[77.604546,12.992008],[77.604489,12.992061],[77.604454,12.992099],[77.604411,12.992112],[77.604364,12.992124],[77.604185,12.992183],[77.604105,12.992223],[77.603869,12.992727],[77.603903,12.992811],[77.603834,12.992775],[77.602836,12.992549],[77.602534,12.992529],[77.60229,12.992531],[77.602095,12.992539],[77.60187,12.992565],[77.601505,12.992658],[77.601232,12.992733],[77.600687,12.992941],[77.599163,12.993591],[77.598526,12.993814],[77.597406,12.994206],[77.596635,12.994433],[77.596531,12.994477],[77.596571,12.994548],[77.596838,12.994612],[77.597175,12.994709],[77.598663,12.995191],[77.599869,12.99556],[77.600046,12.995614],[77.600161,12.995655],[77.600214,12.995683],[77.600258,12.995701],[77.60031,12.99571],[77.600387,12.995733],[77.60043,12.995737],[77.600502,12.995741],[77.600603,12.99574],[77.600756,12.995715],[77.601534,12.995547],[77.602408,12.99536],[77.603558,12.99502],[77.604783,12.994586],[77.605502,12.994245],[77.605681,12.994473],[77.606927,12.996322],[77.607669,12.997442],[77.608125,12.998081],[77.608501,12.998686],[77.608676,12.998933],[77.608442,12.999042],[77.607128,12.999479],[77.606862,12.999545],[77.606782,12.999545],[77.606734,12.999515],[77.606593,12.998577],[77.606548,12.998214],[77.606548,12.99813],[77.606524,12.997994],[77.606497,12.997951],[77.606465,12.997916],[77.606424,12.997877],[77.606397,12.997851],[77.606357,12.997838],[77.606258,12.997826],[77.605878,12.997834],[77.605157,12.997837],[77.605067,12.997846],[77.605009,12.997873],[77.604992,12.997913],[77.604944,12.998063],[77.604871,12.998358],[77.604823,12.998442],[77.604752,12.998548],[77.604699,12.998614],[77.604602,12.998703],[77.604383,12.998806],[77.603835,12.999018],[77.603273,12.999243],[77.602194,12.999666],[77.601829,12.999841],[77.601773,13.000079],[77.601675,13.000541],[77.601603,13.000525],[77.601596,13.000638],[77.601578,13.000691],[77.60157,13.000739],[77.601557,13.000819],[77.601541,13.00099],[77.601496,13.001412],[77.601493,13.001495],[77.601651,13.001476],[77.601651,13.00148],[77.601657,13.001474],[77.601857,13.001424],[77.602022,13.001394],[77.602071,13.001385],[77.602219,13.001372],[77.602245,13.001377],[77.602267,13.001382],[77.602335,13.001396],[77.602435,13.001464],[77.602508,13.00158],[77.602567,13.001676],[77.602593,13.001738],[77.603787,13.003455],[77.603786,13.003705],[77.603785,13.003828],[77.603748,13.004085],[77.603742,13.004127],[77.603742,13.00416],[77.603743,13.004244],[77.603823,13.004402],[77.603996,13.004769],[77.604023,13.004826],[77.604101,13.005033],[77.604341,13.005449],[77.604532,13.005904],[77.604561,13.005944],[77.604591,13.006058],[77.604605,13.006084],[77.604943,13.005979],[77.605141,13.00644],[77.605266,13.006714],[77.602446,13.008102],[77.601473,13.008568],[77.601338,13.008635],[77.601251,13.008678],[77.600962,13.008811],[77.600254,13.009183],[77.598104,13.010183],[77.597322,13.010621],[77.596913,13.010836],[77.596605,13.010931],[77.596204,13.011099],[77.596005,13.011183],[77.595901,13.011232],[77.595752,13.011302],[77.595455,13.010467],[77.595328,13.010143],[77.595321,13.010045],[77.595302,13.009975],[77.594956,13.009103],[77.594744,13.009215],[77.594236,13.007625],[77.593764,13.006596],[77.593558,13.006175],[77.593445,13.006012],[77.593262,13.005668],[77.593215,13.005689],[77.5932,13.005739],[77.593084,13.006042],[77.593031,13.006179],[77.592739,13.006711],[77.592483,13.007107],[77.592315,13.007366],[77.591848,13.00812],[77.591132,13.009216],[77.590645,13.009944],[77.590616,13.009987],[77.590181,13.010654],[77.589777,13.011262],[77.589066,13.012318],[77.588348,13.013235],[77.588143,13.013497],[77.587882,13.013732],[77.587669,13.013867],[77.587264,13.014082],[77.586842,13.014258],[77.586572,13.014332],[77.58598,13.014416],[77.584659,13.014512],[77.583993,13.014524],[77.583998,13.015445],[77.583972,13.016643],[77.583949,13.017086],[77.583924,13.018032],[77.5839,13.01912],[77.583897,13.019601],[77.5839,13.019826],[77.583907,13.020184],[77.583921,13.020383],[77.58395,13.020527],[77.583971,13.020703],[77.584093,13.021167],[77.584533,13.022715],[77.584591,13.022897],[77.584515,13.022939],[77.584268,13.023186],[77.582854,13.024405],[77.582683,13.024562],[77.582444,13.024709],[77.581922,13.024964],[77.581428,13.025163],[77.581296,13.02522],[77.581238,13.025253],[77.581189,13.025299],[77.581149,13.025331],[77.581121,13.02536],[77.5811,13.025395],[77.581037,13.0256],[77.580999,13.025688],[77.580963,13.025735],[77.580924,13.025781],[77.580892,13.025809],[77.58086,13.025831],[77.580781,13.025863],[77.580631,13.02597],[77.580492,13.026074],[77.580275,13.026295],[77.580166,13.026431],[77.580074,13.026478],[77.579996,13.02653],[77.579935,13.026556],[77.5798,13.026587],[77.579495,13.026646],[77.578906,13.026759],[77.578596,13.026822],[77.578356,13.026846],[77.578094,13.026862],[77.577701,13.0269],[77.577698,13.027121],[77.577687,13.027242],[77.577686,13.027242],[77.57764,13.027249],[77.577305,13.027306],[77.576546,13.027427],[77.575323,13.027659],[77.573984,13.027905],[77.572816,13.028136],[77.571854,13.028349],[77.571252,13.028484],[77.571169,13.028789],[77.571063,13.029176],[77.56987,13.032251],[77.569642,13.032559],[77.569194,13.033171],[77.568727,13.03384],[77.568228,13.034517],[77.567066,13.035827],[77.566706,13.036157],[77.56596,13.036942],[77.565466,13.037598],[77.564959,13.038244],[77.564482,13.038851],[77.564291,13.03909],[77.563852,13.039639],[77.563415,13.040243],[77.562213,13.04188],[77.562144,13.041983],[77.562133,13.042],[77.561779,13.041359],[77.561695,13.041206],[77.561483,13.040838],[77.561365,13.040634],[77.561269,13.040469],[77.561237,13.040425],[77.561053,13.040165],[77.561009,13.040104],[77.560823,13.039885],[77.560813,13.039873],[77.560721,13.039779],[77.56071,13.039767],[77.560709,13.039765],[77.560561,13.039613],[77.560379,13.039465],[77.560239,13.039352],[77.559912,13.039141],[77.559611,13.038991],[77.559354,13.038865],[77.559192,13.038809],[77.558877,13.038698],[77.558558,13.038646],[77.558227,13.038596],[77.558145,13.038583],[77.557926,13.038571],[77.557901,13.03857],[77.557858,13.038568],[77.557799,13.038568],[77.557344,13.038568],[77.557381,13.03802],[77.557395,13.037713],[77.557516,13.036667],[77.557558,13.036158],[77.557557,13.035999],[77.55753,13.035797],[77.557482,13.035594],[77.557438,13.035412],[77.557416,13.035325],[77.557354,13.035078],[77.557354,13.035076],[77.557341,13.034914],[77.557339,13.03481],[77.557338,13.034776],[77.557345,13.03476],[77.557379,13.034682],[77.557381,13.034677],[77.55751,13.034434],[77.557511,13.034432],[77.557541,13.034375],[77.558275,13.033315],[77.558657,13.032764],[77.55979,13.031139],[77.559929,13.03096],[77.559924,13.030945],[77.559848,13.030756],[77.559512,13.029918],[77.559497,13.02988],[77.559393,13.029633],[77.559261,13.029317],[77.55906,13.02884],[77.558876,13.028406],[77.558824,13.028284],[77.558786,13.028196],[77.558536,13.02762],[77.558408,13.027273],[77.558007,13.026387],[77.557766,13.025838],[77.557715,13.025725],[77.557649,13.025494],[77.557566,13.025228]]]},"properties":{"NewCorp":"North","_folder":"bbmp_c2__wards_c2"}},{"type":"Feature","geometry":{"type":"Polygon","coordinates":[[[77.582249,12.837175],[77.581352,12.837581],[77.580609,12.837862],[77.579183,12.83812],[77.576052,12.838791],[77.574613,12.839119],[77.573505,12.839371],[77.565925,12.839802],[77.563202,12.839199],[77.560107,12.840557],[77.557471,12.841717],[77.557384,12.84222],[77.557312,12.843136],[77.557305,12.843204],[77.55733,12.844198],[77.557192,12.84421],[77.555835,12.845822],[77.554149,12.848121],[77.553411,12.847756],[77.553416,12.847557],[77.553171,12.847035],[77.552204,12.847406],[77.551585,12.84787],[77.544801,12.847803],[77.544764,12.847825],[77.544779,12.847884],[77.54451,12.84802],[77.544432,12.848448],[77.544628,12.848587],[77.545081,12.848693],[77.545179,12.848714],[77.545232,12.84881],[77.545209,12.849],[77.545222,12.849118],[77.545281,12.849249],[77.54534,12.849301],[77.545495,12.849374],[77.545546,12.849411],[77.545642,12.849535],[77.54569,12.849596],[77.545767,12.849667],[77.545778,12.849779],[77.54575,12.849909],[77.54573,12.850021],[77.545724,12.85021],[77.545648,12.850364],[77.545556,12.850442],[77.545444,12.850568],[77.54538,12.850632],[77.54521,12.850724],[77.545027,12.850866],[77.544964,12.850957],[77.544915,12.851055],[77.544916,12.85116],[77.544913,12.851229],[77.544937,12.851285],[77.545,12.851361],[77.545087,12.851457],[77.545203,12.851513],[77.545247,12.851541],[77.545292,12.851595],[77.545305,12.851638],[77.545306,12.851715],[77.545307,12.851861],[77.545308,12.851987],[77.545338,12.852105],[77.545389,12.852216],[77.545506,12.852494],[77.545592,12.852626],[77.545736,12.85275],[77.545758,12.852768],[77.545816,12.852831],[77.545869,12.852861],[77.545872,12.852865],[77.54591,12.852884],[77.545933,12.852902],[77.545961,12.852953],[77.545967,12.85302],[77.545989,12.853167],[77.545998,12.85339],[77.54598,12.853641],[77.545956,12.853917],[77.54593,12.854032],[77.545918,12.85409],[77.545925,12.854173],[77.54595,12.854275],[77.545972,12.854346],[77.54606,12.854548],[77.546104,12.854666],[77.546276,12.854867],[77.546521,12.855102],[77.546686,12.855317],[77.546727,12.855389],[77.546777,12.855458],[77.546806,12.855506],[77.546823,12.855562],[77.54681,12.855616],[77.546741,12.855696],[77.546481,12.855876],[77.546368,12.855965],[77.546275,12.85613],[77.546206,12.856306],[77.546144,12.856502],[77.546138,12.856669],[77.54614,12.856844],[77.546156,12.856997],[77.546208,12.857227],[77.546245,12.857415],[77.546274,12.857528],[77.546341,12.857602],[77.546552,12.857749],[77.546632,12.85782],[77.546645,12.857873],[77.546646,12.857954],[77.5466,12.858094],[77.546338,12.858523],[77.546116,12.858877],[77.545938,12.859156],[77.545903,12.859191],[77.545875,12.859206],[77.54585,12.859207],[77.545805,12.859157],[77.545512,12.858812],[77.545451,12.858734],[77.54541,12.858722],[77.545363,12.858741],[77.545322,12.858782],[77.545272,12.858925],[77.545201,12.859189],[77.545227,12.859435],[77.545293,12.859616],[77.545337,12.859769],[77.545453,12.859874],[77.545566,12.860013],[77.545706,12.860244],[77.545799,12.860461],[77.545865,12.860621],[77.54589,12.860795],[77.545926,12.860897],[77.545978,12.861012],[77.546071,12.861104],[77.546347,12.861411],[77.546357,12.861448],[77.546316,12.861905],[77.546403,12.862247],[77.546474,12.862364],[77.546632,12.862649],[77.546709,12.862726],[77.546818,12.8628],[77.546917,12.862839],[77.547041,12.862897],[77.547185,12.862971],[77.547262,12.863045],[77.547428,12.86319],[77.547664,12.86339],[77.547765,12.863459],[77.548014,12.863533],[77.54809,12.863564],[77.548144,12.863576],[77.548184,12.863602],[77.548203,12.863706],[77.548216,12.863761],[77.548267,12.863921],[77.548311,12.863975],[77.548398,12.864004],[77.548459,12.864033],[77.548562,12.864104],[77.548625,12.864186],[77.548653,12.864326],[77.548643,12.864424],[77.54858,12.864581],[77.548488,12.864652],[77.548113,12.864886],[77.548071,12.864935],[77.548051,12.865019],[77.548059,12.865117],[77.547981,12.865205],[77.546556,12.865824],[77.546196,12.866308],[77.544121,12.86694],[77.543294,12.867117],[77.542712,12.867305],[77.541825,12.867418],[77.541401,12.867409],[77.541283,12.867579],[77.540187,12.867667],[77.54016,12.867514],[77.540053,12.867524],[77.539805,12.867517],[77.539811,12.867431],[77.539829,12.867015],[77.539664,12.866971],[77.53963,12.866531],[77.539771,12.866306],[77.53973,12.865982],[77.539603,12.865982],[77.53902,12.866001],[77.53807,12.865795],[77.538651,12.864222],[77.538557,12.864152],[77.538187,12.864259],[77.538185,12.864019],[77.537996,12.863682],[77.537757,12.863678],[77.537557,12.864194],[77.536908,12.864278],[77.536344,12.864277],[77.536226,12.864389],[77.535935,12.864387],[77.535894,12.864341],[77.535918,12.864141],[77.535721,12.863843],[77.53622,12.863777],[77.536327,12.86388],[77.536552,12.863807],[77.536559,12.86326],[77.5363,12.863211],[77.536356,12.862852],[77.536326,12.862423],[77.536324,12.862222],[77.536387,12.861974],[77.536241,12.861956],[77.536076,12.861951],[77.535969,12.861939],[77.535857,12.861921],[77.535604,12.861858],[77.535484,12.86184],[77.53547,12.861697],[77.535493,12.86141],[77.535702,12.861096],[77.535732,12.860068],[77.534916,12.85938],[77.533802,12.859378],[77.532932,12.859211],[77.532739,12.859134],[77.532577,12.858791],[77.532441,12.85848],[77.53238,12.858325],[77.532155,12.857729],[77.531029,12.857766],[77.531183,12.858662],[77.53064,12.858793],[77.530231,12.858892],[77.529727,12.85755],[77.529991,12.85747],[77.52989,12.857213],[77.529447,12.856096],[77.528727,12.855661],[77.528454,12.854889],[77.527408,12.855062],[77.527382,12.855745],[77.527384,12.85583],[77.52746,12.856204],[77.527394,12.85624],[77.526708,12.856597],[77.526531,12.856814],[77.525713,12.857888],[77.525635,12.860016],[77.525466,12.860974],[77.525391,12.861456],[77.526029,12.861619],[77.526222,12.861734],[77.526366,12.861979],[77.526424,12.862057],[77.526726,12.862151],[77.527004,12.862321],[77.527049,12.862323],[77.527916,12.863364],[77.527676,12.866047],[77.527623,12.866704],[77.527639,12.866969],[77.527551,12.867916],[77.526698,12.868697],[77.525695,12.869185],[77.524542,12.869242],[77.524318,12.870083],[77.523043,12.870518],[77.521863,12.871226],[77.520262,12.872184],[77.519429,12.871789],[77.515459,12.867918],[77.51334,12.86812],[77.512413,12.868266],[77.511716,12.86811],[77.510697,12.868991],[77.510252,12.86895],[77.509231,12.870215],[77.508462,12.870957],[77.507914,12.871815],[77.50745,12.872515],[77.507123,12.872954],[77.506498,12.874131],[77.505797,12.875595],[77.50574,12.875901],[77.505416,12.876587],[77.50525,12.876628],[77.505098,12.876616],[77.504664,12.876991],[77.504591,12.877031],[77.503193,12.876413],[77.502746,12.876099],[77.502334,12.876057],[77.502279,12.875836],[77.501546,12.875479],[77.501311,12.875215],[77.501138,12.875164],[77.500317,12.874535],[77.50031,12.87433],[77.498407,12.873367],[77.497529,12.872207],[77.496704,12.873223],[77.496346,12.873207],[77.496008,12.873242],[77.495769,12.873271],[77.495505,12.873299],[77.495214,12.8734],[77.495044,12.873004],[77.494848,12.87194],[77.494556,12.871877],[77.492914,12.872166],[77.492837,12.872342],[77.492457,12.87219],[77.491807,12.870772],[77.490506,12.871298],[77.488994,12.871782],[77.489795,12.872615],[77.490151,12.873003],[77.49061,12.873534],[77.491049,12.874082],[77.491467,12.874644],[77.491768,12.875075],[77.49224,12.87575],[77.492833,12.876533],[77.493254,12.877233],[77.493939,12.877655],[77.494241,12.878172],[77.494609,12.878569],[77.495034,12.87914],[77.495575,12.879544],[77.495724,12.880034],[77.496485,12.879884],[77.496417,12.880562],[77.497046,12.880866],[77.497346,12.881284],[77.497641,12.881353],[77.498049,12.881671],[77.49848,12.882006],[77.499101,12.882496],[77.499739,12.882964],[77.500395,12.883408],[77.501067,12.883827],[77.501581,12.884127],[77.502032,12.884393],[77.502488,12.884653],[77.502947,12.884906],[77.50341,12.885154],[77.503876,12.885395],[77.504345,12.885629],[77.504818,12.885858],[77.505294,12.886079],[77.505773,12.886294],[77.506386,12.886557],[77.506902,12.886786],[77.507591,12.887144],[77.508135,12.887469],[77.508772,12.887909],[77.509431,12.888436],[77.509898,12.888861],[77.510291,12.889262],[77.510634,12.889681],[77.510993,12.890164],[77.511343,12.890655],[77.511662,12.891128],[77.5122,12.891892],[77.51267,12.892496],[77.513112,12.893014],[77.514106,12.894036],[77.514165,12.894096],[77.5151,12.895055],[77.51603,12.896019],[77.51721,12.89726],[77.517833,12.897868],[77.518408,12.898346],[77.520171,12.89971],[77.521733,12.900924],[77.523294,12.902142],[77.523806,12.902539],[77.524312,12.902944],[77.524809,12.90336],[77.525298,12.903784],[77.52552,12.904039],[77.525829,12.904277],[77.527269,12.906357],[77.528409,12.908317],[77.529092,12.909453],[77.530205,12.911243],[77.530763,12.912401],[77.531285,12.914229],[77.53161,12.916298],[77.53169,12.917995],[77.534409,12.918379],[77.536812,12.91966],[77.538035,12.918476],[77.538095,12.918367],[77.538131,12.918283],[77.538271,12.918161],[77.538288,12.918146],[77.538289,12.918155],[77.538393,12.91812],[77.538406,12.918098],[77.538478,12.918043],[77.538685,12.917924],[77.539279,12.917515],[77.539643,12.917608],[77.539808,12.917659],[77.539992,12.917744],[77.540177,12.917878],[77.540338,12.918033],[77.540466,12.918103],[77.540555,12.918122],[77.540616,12.91814],[77.540755,12.918234],[77.541106,12.918446],[77.541135,12.91845],[77.541155,12.918453],[77.541205,12.918469],[77.541225,12.918478],[77.541273,12.918501],[77.541417,12.918599],[77.541623,12.918732],[77.541762,12.918782],[77.541819,12.918797],[77.541904,12.918808],[77.541959,12.91881],[77.542001,12.918807],[77.541996,12.91879],[77.54198,12.918706],[77.541967,12.918512],[77.541965,12.918486],[77.542871,12.917857],[77.54311,12.917693],[77.54318,12.917653],[77.543311,12.917619],[77.543447,12.917623],[77.543948,12.917586],[77.544395,12.917552],[77.54442,12.917551],[77.544722,12.917536],[77.5448,12.918297],[77.545675,12.918204],[77.545926,12.91816],[77.546206,12.918127],[77.546402,12.918098],[77.546729,12.918049],[77.546843,12.91836],[77.546873,12.918352],[77.546863,12.918305],[77.547147,12.91826],[77.547414,12.918209],[77.547528,12.918175],[77.547687,12.918174],[77.547851,12.918167],[77.548091,12.918132],[77.548451,12.918085],[77.548601,12.918068],[77.548584,12.917991],[77.548574,12.917947],[77.54853,12.917813],[77.54848,12.917585],[77.548455,12.917468],[77.548397,12.917216],[77.548185,12.917241],[77.548135,12.917129],[77.548108,12.917046],[77.54805,12.916798],[77.547999,12.91658],[77.547999,12.916526],[77.548,12.916521],[77.548536,12.916415],[77.548676,12.916367],[77.54888,12.916313],[77.549168,12.916219],[77.549472,12.916131],[77.550472,12.915871],[77.550614,12.915831],[77.550738,12.916219],[77.551009,12.916573],[77.551531,12.917052],[77.551619,12.917168],[77.551736,12.91743],[77.551956,12.917879],[77.551998,12.918207],[77.551954,12.918292],[77.551936,12.918386],[77.55192,12.918473],[77.551904,12.91854],[77.551903,12.918613],[77.551916,12.918722],[77.551945,12.918801],[77.551993,12.918969],[77.552037,12.919231],[77.552123,12.919668],[77.552153,12.919663],[77.552173,12.91977],[77.552196,12.919768],[77.552204,12.919768],[77.552262,12.919762],[77.552319,12.919748],[77.552374,12.919728],[77.552426,12.919701],[77.552474,12.919667],[77.552483,12.91966],[77.552498,12.919649],[77.552518,12.91964],[77.552538,12.919635],[77.55256,12.919633],[77.552581,12.919634],[77.552602,12.91964],[77.552622,12.919648],[77.552639,12.91966],[77.552655,12.919675],[77.552667,12.919692],[77.552676,12.919711],[77.552682,12.919731],[77.552683,12.919734],[77.552859,12.920051],[77.552859,12.920051],[77.552882,12.920093],[77.552902,12.920119],[77.552961,12.920192],[77.553026,12.92026],[77.553097,12.920322],[77.553163,12.920373],[77.553199,12.920404],[77.553297,12.920481],[77.5534,12.920554],[77.553506,12.92062],[77.553555,12.920647],[77.553715,12.920729],[77.554042,12.920901],[77.554131,12.920949],[77.554155,12.92096],[77.55423,12.920986],[77.554307,12.921005],[77.554386,12.921017],[77.554466,12.921022],[77.554546,12.921019],[77.554617,12.921011],[77.554657,12.920998],[77.554736,12.920979],[77.554817,12.920967],[77.554897,12.920962],[77.554914,12.92097],[77.55498,12.920994],[77.555049,12.921011],[77.555119,12.921022],[77.55519,12.921025],[77.555219,12.921024],[77.55525,12.921021],[77.55525,12.921021],[77.555524,12.921004],[77.555646,12.920999],[77.555784,12.921383],[77.555972,12.92201],[77.556169,12.922581],[77.556281,12.922978],[77.556448,12.922926],[77.55655,12.92289],[77.556919,12.922778],[77.557215,12.922673],[77.557517,12.922567],[77.558751,12.922187],[77.559117,12.922083],[77.559502,12.922002],[77.560309,12.921847],[77.561097,12.921711],[77.561408,12.921658],[77.561531,12.921629],[77.561612,12.92161],[77.561694,12.921516],[77.561852,12.921139],[77.562156,12.920424],[77.562261,12.920251],[77.562296,12.920195],[77.562429,12.920101],[77.562711,12.919912],[77.563001,12.919755],[77.563162,12.919664],[77.563308,12.919566],[77.563327,12.919554],[77.56342,12.919449],[77.563525,12.919332],[77.56365,12.919172],[77.563895,12.918809],[77.564069,12.918533],[77.56422,12.918257],[77.564387,12.917915],[77.564456,12.917752],[77.564721,12.91708],[77.564844,12.916744],[77.564898,12.916779],[77.565007,12.916885],[77.565231,12.917117],[77.565301,12.917193],[77.565395,12.9173],[77.565467,12.917404],[77.565524,12.917521],[77.565745,12.917979],[77.566027,12.918765],[77.568578,12.918179],[77.568699,12.91815],[77.568676,12.918089],[77.568669,12.918023],[77.568657,12.917957],[77.568658,12.917892],[77.568655,12.917837],[77.568667,12.91754],[77.568775,12.917184],[77.569079,12.916555],[77.569467,12.915706],[77.569545,12.91551],[77.569646,12.915543],[77.569926,12.915643],[77.569978,12.915684],[77.57002,12.915745],[77.570074,12.91582],[77.570118,12.915929],[77.570189,12.916076],[77.570262,12.916183],[77.57037,12.916299],[77.570425,12.91634],[77.570523,12.916378],[77.570794,12.916479],[77.571278,12.916593],[77.57176,12.916571],[77.572553,12.916597],[77.573098,12.916744],[77.573649,12.916916],[77.573614,12.91773],[77.573617,12.918006],[77.573684,12.918204],[77.573773,12.918408],[77.574054,12.919128],[77.574181,12.919544],[77.574288,12.919896],[77.574362,12.920201],[77.574385,12.920395],[77.574395,12.920499],[77.574396,12.920526],[77.57443,12.920771],[77.574396,12.920791],[77.573565,12.921037],[77.573569,12.921115],[77.573573,12.922207],[77.573601,12.923555],[77.574813,12.923535],[77.576126,12.923512],[77.577262,12.923488],[77.579029,12.92347],[77.57965,12.923437],[77.579699,12.923431],[77.579742,12.923427],[77.579742,12.924149],[77.579704,12.9252],[77.579689,12.92626],[77.579672,12.92719],[77.57967,12.92825],[77.579662,12.929193],[77.579672,12.930179],[77.579661,12.93083],[77.579635,12.933058],[77.579649,12.933058],[77.58126,12.933024],[77.582349,12.932991],[77.583821,12.932955],[77.583922,12.932953],[77.584829,12.932935],[77.584884,12.93461],[77.584904,12.936489],[77.584903,12.936646],[77.585196,12.936639],[77.585429,12.936615],[77.585601,12.936583],[77.585781,12.936523],[77.585931,12.936477],[77.586132,12.93635],[77.586696,12.93589],[77.587083,12.935649],[77.58728,12.935523],[77.587394,12.935441],[77.587536,12.935334],[77.587607,12.935279],[77.587692,12.935237],[77.587763,12.935224],[77.587797,12.935224],[77.587844,12.935223],[77.58792,12.935251],[77.587979,12.935272],[77.588098,12.935333],[77.588443,12.935512],[77.588604,12.935622],[77.588808,12.935728],[77.588927,12.935776],[77.589016,12.935796],[77.589088,12.9358],[77.589168,12.935799],[77.589227,12.935782],[77.589312,12.935752],[77.58948,12.935642],[77.589511,12.935582],[77.589545,12.935548],[77.59004,12.935506],[77.590045,12.935583],[77.590174,12.936347],[77.590627,12.936142],[77.59107,12.936614],[77.59111,12.936672],[77.591387,12.936487],[77.591578,12.936395],[77.591743,12.936341],[77.592007,12.936286],[77.592437,12.936211],[77.592704,12.93618],[77.592724,12.935706],[77.592721,12.934961],[77.592651,12.933236],[77.592607,12.931977],[77.592546,12.930693],[77.592505,12.929275],[77.592507,12.92869],[77.592505,12.928533],[77.592611,12.928526],[77.592645,12.92852],[77.593488,12.928507],[77.595388,12.92846],[77.595505,12.928457],[77.597151,12.928428],[77.598694,12.928418],[77.60052,12.928349],[77.600515,12.92861],[77.600528,12.928976],[77.600615,12.930303],[77.600705,12.931335],[77.600717,12.931723],[77.600741,12.931929],[77.600781,12.932197],[77.600924,12.932985],[77.601249,12.934555],[77.601294,12.934899],[77.601306,12.934955],[77.601372,12.935772],[77.601398,12.936141],[77.601421,12.936289],[77.601524,12.936756],[77.601594,12.937127],[77.601597,12.937143],[77.601294,12.937166],[77.600884,12.937218],[77.600499,12.937269],[77.600307,12.937311],[77.60009,12.937366],[77.59985,12.937433],[77.599614,12.937528],[77.599303,12.937705],[77.599083,12.937856],[77.598914,12.937994],[77.598742,12.938157],[77.598499,12.938451],[77.598368,12.938623],[77.598057,12.939094],[77.59788,12.939399],[77.597729,12.939819],[77.597659,12.939951],[77.597638,12.93999],[77.597598,12.940206],[77.597564,12.940556],[77.597505,12.941427],[77.597366,12.942334],[77.597245,12.943202],[77.597625,12.943103],[77.59806,12.942974],[77.598264,12.942924],[77.598495,12.942882],[77.59872,12.942843],[77.599058,12.942802],[77.599444,12.942736],[77.599822,12.942662],[77.600091,12.942614],[77.600396,12.942565],[77.600766,12.942505],[77.600902,12.942487],[77.600955,12.942514],[77.602188,12.942261],[77.602667,12.94216],[77.602824,12.94283],[77.602874,12.943187],[77.602878,12.943368],[77.602893,12.943688],[77.602872,12.944099],[77.602841,12.944425],[77.602755,12.944631],[77.602611,12.94524],[77.602582,12.945604],[77.602577,12.945636],[77.602515,12.946373],[77.602473,12.946881],[77.602458,12.947092],[77.602459,12.947231],[77.602469,12.947392],[77.602484,12.947586],[77.602512,12.947788],[77.602563,12.947976],[77.602584,12.948054],[77.602681,12.948314],[77.602876,12.948845],[77.603208,12.949694],[77.603416,12.950438],[77.604342,12.950293],[77.605733,12.950099],[77.605756,12.950096],[77.605796,12.949978],[77.605843,12.949841],[77.605862,12.949774],[77.605863,12.949771],[77.605881,12.949708],[77.607315,12.949522],[77.608456,12.949363],[77.609314,12.949227],[77.609581,12.949177],[77.609962,12.949131],[77.610748,12.948976],[77.611099,12.948925],[77.611282,12.948948],[77.611468,12.948979],[77.611573,12.949067],[77.611702,12.949238],[77.611754,12.9493],[77.612489,12.949298],[77.613127,12.949304],[77.613651,12.949299],[77.614455,12.949308],[77.615149,12.949301],[77.616192,12.949273],[77.616649,12.949256],[77.616851,12.949249],[77.616949,12.949252],[77.616978,12.949221],[77.616992,12.949198],[77.617093,12.949128],[77.61707,12.949097],[77.617141,12.949049],[77.617312,12.948918],[77.617582,12.948725],[77.618201,12.948282],[77.619248,12.947499],[77.619337,12.947432],[77.619366,12.947487],[77.619367,12.947489],[77.619442,12.947629],[77.619501,12.947739],[77.620015,12.948706],[77.620203,12.94906],[77.620672,12.949944],[77.620743,12.950079],[77.6209,12.950332],[77.621109,12.95075],[77.621205,12.951012],[77.621355,12.951391],[77.621455,12.951604],[77.621504,12.951688],[77.621658,12.951623],[77.621851,12.951542],[77.622213,12.951389],[77.622343,12.951335],[77.622364,12.951325],[77.622445,12.951285],[77.62272,12.95115],[77.62286,12.951081],[77.623142,12.950942],[77.623275,12.950877],[77.623301,12.950864],[77.623312,12.950858],[77.623368,12.950827],[77.623393,12.950817],[77.623465,12.950789],[77.623468,12.950788],[77.623613,12.950753],[77.623631,12.950748],[77.624046,12.95066],[77.624417,12.950582],[77.624758,12.950509],[77.624961,12.950465],[77.625435,12.950363],[77.625464,12.950357],[77.625474,12.950355],[77.625505,12.950345],[77.625649,12.950308],[77.625764,12.950262],[77.625803,12.950249],[77.62581,12.950247],[77.625837,12.950233],[77.626029,12.950129],[77.626174,12.950022],[77.626174,12.950022],[77.62629,12.949934],[77.626367,12.949873],[77.626484,12.949779],[77.626585,12.949697],[77.626661,12.949637],[77.626726,12.949585],[77.626867,12.949473],[77.626938,12.949414],[77.626991,12.94937],[77.627046,12.949323],[77.627069,12.949304],[77.627137,12.949246],[77.627236,12.949162],[77.627262,12.949137],[77.627362,12.949025],[77.627456,12.948904],[77.627561,12.948752],[77.627666,12.948594],[77.627812,12.948327],[77.62802,12.94796],[77.628334,12.947447],[77.628615,12.946954],[77.62872,12.946791],[77.62883,12.946634],[77.629013,12.946356],[77.6293,12.945853],[77.629503,12.945507],[77.629571,12.94536],[77.630012,12.944402],[77.630619,12.943031],[77.630988,12.942241],[77.631237,12.941623],[77.631418,12.941163],[77.63173,12.940498],[77.632176,12.939514],[77.632458,12.939],[77.632848,12.938199],[77.633077,12.937749],[77.633191,12.937539],[77.633275,12.937434],[77.63338,12.937308],[77.633622,12.937055],[77.634196,12.93657],[77.634417,12.93638],[77.634586,12.936248],[77.63463,12.936177],[77.634618,12.936164],[77.634586,12.936142],[77.634596,12.936097],[77.634708,12.935949],[77.634748,12.935866],[77.635362,12.935461],[77.635507,12.93533],[77.635888,12.934887],[77.63725,12.933298],[77.638079,12.932263],[77.63826,12.93179],[77.638882,12.930909],[77.639411,12.930695],[77.639585,12.930625],[77.639608,12.930598],[77.639607,12.930568],[77.639599,12.930518],[77.639551,12.93039],[77.639507,12.930276],[77.639487,12.930227],[77.639488,12.930226],[77.639532,12.93013],[77.639598,12.929991],[77.639641,12.929909],[77.639647,12.929862],[77.639594,12.9296],[77.639669,12.929552],[77.639994,12.92937],[77.64029,12.92921],[77.640518,12.92914],[77.640737,12.929102],[77.641093,12.929182],[77.641816,12.929175],[77.64212,12.929051],[77.642054,12.928861],[77.641863,12.928424],[77.641808,12.928171],[77.641672,12.927751],[77.641568,12.927369],[77.641509,12.92708],[77.641443,12.926537],[77.641369,12.926259],[77.641356,12.926213],[77.641343,12.926165],[77.641277,12.926115],[77.641187,12.926083],[77.641123,12.926067],[77.640898,12.926059],[77.640234,12.926075],[77.640095,12.926089],[77.639976,12.926098],[77.639868,12.926095],[77.639812,12.926091],[77.639744,12.92608],[77.639528,12.926001],[77.639408,12.925959],[77.639316,12.925901],[77.639287,12.925827],[77.639267,12.925741],[77.639257,12.925628],[77.639257,12.925562],[77.639264,12.92553],[77.639292,12.925471],[77.639319,12.925409],[77.639313,12.925328],[77.639272,12.924772],[77.639192,12.924147],[77.639231,12.924132],[77.639501,12.924029],[77.639974,12.923835],[77.640863,12.923376],[77.641017,12.923283],[77.641197,12.923231],[77.641357,12.923219],[77.641756,12.923306],[77.643481,12.923755],[77.644455,12.924039],[77.644918,12.924268],[77.645262,12.924459],[77.645429,12.924474],[77.645658,12.924476],[77.645865,12.924474],[77.646311,12.92448],[77.64681,12.924506],[77.647516,12.924583],[77.648058,12.924619],[77.648558,12.924661],[77.649067,12.924692],[77.649322,12.924689],[77.649373,12.924683],[77.649898,12.924511],[77.650041,12.924422],[77.650175,12.924318],[77.650511,12.92422],[77.650949,12.924215],[77.651753,12.924146],[77.651748,12.924048],[77.651658,12.92356],[77.651599,12.92327],[77.65157,12.923136],[77.651551,12.923034],[77.651532,12.922928],[77.651519,12.922838],[77.651512,12.922677],[77.651523,12.922355],[77.651544,12.92178],[77.651557,12.921323],[77.651562,12.921241],[77.651556,12.921149],[77.652002,12.921117],[77.652697,12.921022],[77.652972,12.920996],[77.653121,12.920997],[77.653261,12.920999],[77.653458,12.920982],[77.653577,12.920966],[77.653605,12.92096],[77.653678,12.920959],[77.653675,12.920854],[77.653673,12.920803],[77.653672,12.92077],[77.653672,12.920736],[77.653664,12.920665],[77.653744,12.920666],[77.653794,12.920663],[77.654868,12.920575],[77.65687,12.919114],[77.660513,12.916532],[77.662209,12.918314],[77.662807,12.920314],[77.66284,12.920956],[77.662843,12.921222],[77.66212,12.921414],[77.661422,12.921568],[77.661336,12.921586],[77.661289,12.9216],[77.66117,12.921621],[77.661212,12.921728],[77.661282,12.921908],[77.661554,12.922602],[77.661564,12.922628],[77.661759,12.923135],[77.661975,12.923863],[77.662261,12.924734],[77.662497,12.92569],[77.662836,12.926492],[77.663277,12.927534],[77.663394,12.927758],[77.663527,12.927803],[77.663556,12.928214],[77.66369,12.928171],[77.663884,12.928036],[77.664129,12.928044],[77.664325,12.928042],[77.664571,12.928045],[77.664767,12.928062],[77.66497,12.928128],[77.665155,12.928265],[77.665299,12.928547],[77.665587,12.929316],[77.665773,12.929819],[77.666092,12.930695],[77.666167,12.930748],[77.666276,12.930813],[77.666279,12.930815],[77.666751,12.931115],[77.667169,12.93116],[77.668005,12.931018],[77.668512,12.930994],[77.668369,12.928837],[77.668723,12.928821],[77.668849,12.928237],[77.669091,12.927231],[77.669136,12.926805],[77.669116,12.92616],[77.66885,12.92537],[77.66876,12.9233],[77.668107,12.923152],[77.667788,12.921602],[77.666365,12.920857],[77.665269,12.921087],[77.66415,12.921476],[77.663895,12.920897],[77.665132,12.920595],[77.666606,12.919954],[77.667447,12.919507],[77.668725,12.918861],[77.670415,12.91834],[77.672055,12.917531],[77.673186,12.91696],[77.673436,12.916648],[77.673572,12.91612],[77.673984,12.91559],[77.675531,12.914569],[77.677645,12.913937],[77.679351,12.913197],[77.680618,12.912557],[77.681861,12.911914],[77.683903,12.910966],[77.686442,12.909956],[77.689903,12.908678],[77.69327,12.907809],[77.696725,12.90686],[77.698617,12.906323],[77.700451,12.905394],[77.702879,12.904051],[77.703055,12.903845],[77.702839,12.903467],[77.702144,12.903599],[77.701162,12.903808],[77.70067,12.903932],[77.697663,12.90454],[77.69757,12.904266],[77.697402,12.904279],[77.69685,12.904097],[77.696738,12.904175],[77.696087,12.904182],[77.696018,12.904073],[77.69558,12.904055],[77.695414,12.904255],[77.695109,12.904093],[77.693865,12.904271],[77.693463,12.904496],[77.693047,12.904478],[77.692865,12.904204],[77.692696,12.904151],[77.691549,12.903987],[77.691564,12.904328],[77.691418,12.90434],[77.691433,12.90466],[77.691401,12.904825],[77.691277,12.904838],[77.691172,12.905521],[77.690757,12.905548],[77.690532,12.905539],[77.690329,12.905526],[77.689174,12.905465],[77.689098,12.906084],[77.689038,12.906346],[77.688642,12.906517],[77.688302,12.906558],[77.688096,12.906539],[77.687606,12.906491],[77.687638,12.905307],[77.687648,12.904526],[77.685789,12.904304],[77.686492,12.903838],[77.687573,12.903406],[77.687767,12.903261],[77.687507,12.902564],[77.68733,12.902485],[77.685732,12.90247],[77.685212,12.902308],[77.685056,12.902084],[77.683937,12.902037],[77.683826,12.902093],[77.683629,12.90191],[77.683497,12.901961],[77.683025,12.901793],[77.682756,12.90184],[77.682463,12.901744],[77.682249,12.90168],[77.682156,12.901339],[77.682105,12.900767],[77.682147,12.900546],[77.682204,12.900399],[77.682173,12.899775],[77.682028,12.899174],[77.682048,12.898931],[77.682248,12.89872],[77.681011,12.897477],[77.680099,12.89622],[77.678953,12.895064],[77.678261,12.894388],[77.678153,12.893751],[77.676986,12.89357],[77.675174,12.893418],[77.674245,12.893614],[77.674003,12.893044],[77.673984,12.892923],[77.673966,12.892827],[77.673936,12.892699],[77.67372,12.891487],[77.673518,12.890362],[77.673237,12.889024],[77.673003,12.887859],[77.672677,12.886424],[77.672555,12.885681],[77.672494,12.88462],[77.672813,12.884559],[77.674084,12.884338],[77.674398,12.884276],[77.674751,12.88385],[77.674728,12.88369],[77.674689,12.883439],[77.674619,12.883127],[77.674616,12.883016],[77.674553,12.882493],[77.674529,12.882219],[77.674272,12.880456],[77.67426,12.880183],[77.672136,12.880553],[77.671895,12.880576],[77.672575,12.878584],[77.673259,12.878278],[77.673448,12.877999],[77.673548,12.877794],[77.673675,12.877604],[77.673708,12.87751],[77.673808,12.877295],[77.673835,12.877259],[77.674073,12.876827],[77.674293,12.876325],[77.674519,12.875563],[77.674745,12.875302],[77.675504,12.87265],[77.675416,12.872542],[77.675204,12.872276],[77.674883,12.871801],[77.674025,12.870752],[77.673747,12.870392],[77.673336,12.869876],[77.673132,12.869551],[77.67296,12.869275],[77.673023,12.868302],[77.672645,12.86832],[77.671307,12.867875],[77.669444,12.866942],[77.668019,12.866413],[77.667286,12.866329],[77.667279,12.866232],[77.666973,12.866233],[77.666489,12.86634],[77.66634,12.866119],[77.666307,12.866045],[77.666158,12.865718],[77.665258,12.863752],[77.665018,12.863097],[77.664888,12.862907],[77.664717,12.86234],[77.664252,12.862419],[77.664042,12.861816],[77.66399,12.861138],[77.663912,12.860903],[77.663743,12.860587],[77.663755,12.860211],[77.661385,12.858678],[77.661353,12.858531],[77.660728,12.858412],[77.659466,12.858601],[77.658397,12.857898],[77.658219,12.857787],[77.657782,12.858641],[77.657892,12.857581],[77.65798,12.857005],[77.657288,12.856602],[77.657098,12.856765],[77.657206,12.85626],[77.657171,12.85615],[77.657062,12.856029],[77.656955,12.855986],[77.656706,12.855911],[77.656456,12.855725],[77.6565,12.855094],[77.656154,12.854959],[77.655968,12.855503],[77.655623,12.855357],[77.655638,12.85523],[77.655265,12.855151],[77.653956,12.855109],[77.653967,12.855031],[77.653552,12.854753],[77.652586,12.854317],[77.652361,12.854394],[77.65196,12.854169],[77.651455,12.854049],[77.651323,12.854073],[77.651323,12.854069],[77.651388,12.853385],[77.651149,12.85334],[77.650844,12.853266],[77.650827,12.853182],[77.650831,12.853017],[77.650835,12.852923],[77.650863,12.852856],[77.650981,12.852805],[77.651014,12.852202],[77.650845,12.852204],[77.650588,12.85245],[77.65053,12.853221],[77.650184,12.853229],[77.65027,12.852243],[77.64944,12.852207],[77.648687,12.851921],[77.64842,12.852506],[77.647436,12.852284],[77.647182,12.852314],[77.646956,12.852228],[77.646897,12.852007],[77.646422,12.851862],[77.646313,12.85224],[77.645492,12.851899],[77.645335,12.851842],[77.645353,12.852144],[77.643359,12.851301],[77.643077,12.851282],[77.643062,12.852344],[77.643165,12.855752],[77.643169,12.857738],[77.643148,12.859454],[77.643132,12.859598],[77.642408,12.861553],[77.64201,12.863539],[77.641685,12.863586],[77.641491,12.864418],[77.641849,12.865009],[77.640787,12.865034],[77.639272,12.865085],[77.639022,12.865079],[77.63878,12.864204],[77.638251,12.863061],[77.637648,12.862806],[77.637084,12.863031],[77.636555,12.863037],[77.636033,12.862909],[77.635378,12.862912],[77.634952,12.862823],[77.634591,12.862333],[77.634623,12.862167],[77.633995,12.862023],[77.633318,12.861993],[77.632172,12.861739],[77.630704,12.861056],[77.630162,12.860763],[77.630082,12.860274],[77.629992,12.859614],[77.629134,12.858147],[77.62817,12.857972],[77.627839,12.857961],[77.627419,12.858112],[77.623506,12.857827],[77.619865,12.857745],[77.619357,12.858016],[77.619134,12.857848],[77.61892,12.857722],[77.619125,12.857394],[77.618266,12.85722],[77.617589,12.857221],[77.617126,12.857207],[77.616603,12.855687],[77.615731,12.855275],[77.614878,12.85462],[77.614152,12.853725],[77.613657,12.852949],[77.612982,12.85186],[77.612867,12.851635],[77.61249,12.85171],[77.611879,12.851512],[77.610569,12.851348],[77.609259,12.851211],[77.609159,12.849724],[77.609123,12.848944],[77.609094,12.848784],[77.609087,12.848219],[77.609118,12.847887],[77.609181,12.846962],[77.609309,12.846164],[77.608826,12.846451],[77.607616,12.847221],[77.606734,12.847573],[77.604799,12.848068],[77.604068,12.848253],[77.602716,12.848382],[77.601495,12.848118],[77.600705,12.848109],[77.600654,12.848021],[77.600585,12.847955],[77.600511,12.847889],[77.59948,12.847994],[77.599407,12.848011],[77.598288,12.848304],[77.597708,12.848388],[77.596298,12.8489],[77.59573,12.849088],[77.595414,12.848493],[77.595361,12.848306],[77.595159,12.847832],[77.594968,12.847435],[77.594875,12.847154],[77.594753,12.846773],[77.594571,12.846034],[77.594452,12.845566],[77.594514,12.84556],[77.59457,12.844956],[77.59454,12.843213],[77.594213,12.841501],[77.593976,12.840419],[77.592989,12.837695],[77.592296,12.836102],[77.591682,12.834492],[77.590699,12.834873],[77.590739,12.835514],[77.590271,12.835464],[77.589992,12.835496],[77.587025,12.833335],[77.585664,12.834296],[77.585053,12.834861],[77.584938,12.834965],[77.583821,12.835971],[77.583513,12.836218],[77.583341,12.836351],[77.583112,12.836527],[77.582944,12.836647],[77.58268,12.836836],[77.582249,12.837175]]]},"properties":{"NewCorp":"South","_folder":"bbmp_c2__wards_c2"}},{"type":"Feature","geometry":{"type":"Polygon","coordinates":[[[77.696725,12.90686],[77.69327,12.907809],[77.689903,12.908678],[77.686442,12.909956],[77.683903,12.910966],[77.681861,12.911914],[77.680618,12.912557],[77.679351,12.913197],[77.677645,12.913937],[77.675531,12.914569],[77.673984,12.91559],[77.673572,12.91612],[77.673436,12.916648],[77.673186,12.91696],[77.672055,12.917531],[77.670415,12.91834],[77.668725,12.918861],[77.667447,12.919507],[77.666606,12.919954],[77.665132,12.920595],[77.663895,12.920897],[77.66415,12.921476],[77.665269,12.921087],[77.666365,12.920857],[77.667788,12.921602],[77.668107,12.923152],[77.66876,12.9233],[77.66885,12.92537],[77.669116,12.92616],[77.669136,12.926805],[77.669091,12.927231],[77.668849,12.928237],[77.668723,12.928821],[77.668369,12.928837],[77.668512,12.930994],[77.668005,12.931018],[77.667169,12.93116],[77.666751,12.931115],[77.666279,12.930815],[77.666276,12.930813],[77.666167,12.930748],[77.666092,12.930695],[77.665773,12.929819],[77.665587,12.929316],[77.665299,12.928547],[77.665155,12.928265],[77.66497,12.928128],[77.664767,12.928062],[77.664571,12.928045],[77.664325,12.928042],[77.664129,12.928044],[77.663884,12.928036],[77.66369,12.928171],[77.663556,12.928214],[77.663317,12.92829],[77.661993,12.929446],[77.661497,12.930106],[77.661369,12.930271],[77.661195,12.930273],[77.661047,12.930166],[77.660815,12.930036],[77.660641,12.929995],[77.660402,12.929918],[77.660113,12.929872],[77.659723,12.929789],[77.659579,12.929785],[77.65914,12.929764],[77.655222,12.935115],[77.658093,12.936686],[77.660505,12.938112],[77.660544,12.938143],[77.66054,12.938234],[77.660541,12.938276],[77.660541,12.938345],[77.660518,12.938348],[77.660454,12.938352],[77.659074,12.938327],[77.658983,12.938315],[77.659014,12.937907],[77.658208,12.937949],[77.658207,12.938593],[77.658209,12.938783],[77.658147,12.93881],[77.657933,12.938788],[77.657856,12.938793],[77.657696,12.938852],[77.657564,12.939098],[77.657436,12.939141],[77.657223,12.939143],[77.656776,12.939188],[77.65659,12.939224],[77.65637,12.939287],[77.655883,12.939447],[77.654715,12.940221],[77.654631,12.940318],[77.654481,12.940421],[77.654296,12.940504],[77.654083,12.94058],[77.653767,12.940712],[77.653055,12.941084],[77.65102,12.942152],[77.650595,12.942373],[77.650355,12.94249],[77.64993,12.942697],[77.648883,12.943316],[77.647468,12.944271],[77.647469,12.944381],[77.647624,12.94446],[77.647601,12.944506],[77.647602,12.944582],[77.647641,12.944612],[77.64768,12.94465],[77.647627,12.944791],[77.647454,12.944937],[77.647139,12.945214],[77.646653,12.94548],[77.646564,12.945554],[77.642419,12.948997],[77.639793,12.951597],[77.639939,12.951828],[77.639939,12.951835],[77.639945,12.951832],[77.640435,12.952686],[77.640439,12.952692],[77.640772,12.953272],[77.640929,12.953269],[77.641021,12.953269],[77.641535,12.953434],[77.64174,12.953509],[77.641792,12.953539],[77.641833,12.953588],[77.641871,12.953634],[77.641918,12.953705],[77.641987,12.953776],[77.642074,12.95386],[77.642207,12.953921],[77.642362,12.953955],[77.642416,12.953955],[77.642471,12.953954],[77.642576,12.953949],[77.642639,12.953948],[77.64268,12.953934],[77.642721,12.953916],[77.642825,12.953852],[77.643024,12.95377],[77.643673,12.95354],[77.643991,12.953443],[77.644087,12.953422],[77.64414,12.95341],[77.644209,12.953392],[77.644272,12.953338],[77.64428,12.953293],[77.644284,12.953239],[77.644331,12.952877],[77.644459,12.952081],[77.64458,12.951526],[77.644636,12.951204],[77.644777,12.950712],[77.644985,12.95021],[77.645163,12.949851],[77.645351,12.949545],[77.645558,12.949244],[77.646056,12.948561],[77.646325,12.948165],[77.646464,12.947976],[77.646563,12.947863],[77.646689,12.947768],[77.646997,12.947587],[77.647667,12.947267],[77.647821,12.947172],[77.648253,12.946761],[77.648898,12.94613],[77.649083,12.946003],[77.649179,12.946554],[77.649228,12.946736],[77.649273,12.946853],[77.649283,12.946882],[77.649414,12.947271],[77.649433,12.947346],[77.649424,12.947387],[77.649393,12.947427],[77.649359,12.947467],[77.649258,12.947575],[77.649197,12.947663],[77.649188,12.947675],[77.649168,12.947703],[77.649126,12.947805],[77.649111,12.947885],[77.649102,12.947935],[77.649098,12.947956],[77.6491,12.947996],[77.649112,12.948277],[77.649164,12.948614],[77.649165,12.948623],[77.649175,12.948659],[77.649184,12.948695],[77.649186,12.9487],[77.649248,12.948935],[77.649249,12.94894],[77.649251,12.948972],[77.649274,12.949007],[77.649325,12.949103],[77.649368,12.949174],[77.649402,12.949232],[77.649449,12.94931],[77.649639,12.949554],[77.649755,12.949689],[77.649983,12.949949],[77.650104,12.950096],[77.650127,12.950123],[77.650194,12.950205],[77.650389,12.950428],[77.650435,12.950494],[77.650488,12.950542],[77.650603,12.950648],[77.650615,12.95066],[77.651097,12.951105],[77.651107,12.951113],[77.651306,12.951279],[77.651397,12.951337],[77.65161,12.951482],[77.651703,12.95154],[77.651809,12.951604],[77.651897,12.951644],[77.652125,12.951718],[77.652212,12.951757],[77.652254,12.951783],[77.652283,12.951807],[77.652295,12.951827],[77.652308,12.95185],[77.652324,12.951878],[77.652326,12.951881],[77.652378,12.952046],[77.652386,12.952072],[77.65241,12.952148],[77.652488,12.952385],[77.652495,12.952407],[77.652497,12.952416],[77.652509,12.952473],[77.652535,12.952578],[77.652778,12.952576],[77.652951,12.952574],[77.65296,12.952574],[77.65297,12.952575],[77.653106,12.952577],[77.653146,12.952577],[77.653402,12.952596],[77.653523,12.952601],[77.653663,12.952605],[77.654029,12.95263],[77.654441,12.952658],[77.654719,12.952682],[77.654732,12.952683],[77.654996,12.952706],[77.65507,12.95271],[77.655178,12.952716],[77.65535,12.952726],[77.655375,12.952727],[77.655488,12.952734],[77.655563,12.95274],[77.655591,12.952743],[77.655887,12.952763],[77.656095,12.95278],[77.656327,12.952793],[77.656466,12.952801],[77.656799,12.952819],[77.656981,12.952836],[77.657077,12.952845],[77.657229,12.952859],[77.657837,12.952899],[77.658012,12.952909],[77.658164,12.952918],[77.658424,12.952933],[77.659002,12.952952],[77.659012,12.952951],[77.659114,12.952946],[77.659368,12.952933],[77.659542,12.952924],[77.659602,12.952923],[77.659926,12.952923],[77.660035,12.952919],[77.660057,12.952917],[77.660995,12.952866],[77.661025,12.952865],[77.661026,12.952888],[77.661029,12.953097],[77.66103,12.953121],[77.661031,12.95315],[77.661038,12.953374],[77.661043,12.95401],[77.661046,12.954112],[77.661046,12.954134],[77.661049,12.954233],[77.661049,12.954249],[77.66105,12.954345],[77.661439,12.95432],[77.66145,12.954319],[77.662183,12.954271],[77.662216,12.954269],[77.662289,12.954264],[77.662312,12.954263],[77.662414,12.954256],[77.662415,12.954263],[77.662417,12.95429],[77.662425,12.954361],[77.662447,12.95457],[77.662459,12.954975],[77.661918,12.955014],[77.661929,12.955185],[77.661924,12.955457],[77.660873,12.955445],[77.660876,12.955488],[77.660889,12.955568],[77.660908,12.955619],[77.660924,12.95564],[77.660925,12.955643],[77.660932,12.955652],[77.660941,12.955659],[77.660972,12.955685],[77.66098,12.955689],[77.660982,12.955691],[77.660998,12.955702],[77.661003,12.955705],[77.661021,12.955706],[77.661043,12.955708],[77.661122,12.95571],[77.661137,12.955711],[77.661226,12.955716],[77.661229,12.955716],[77.66135,12.955723],[77.661935,12.955753],[77.661939,12.955722],[77.662612,12.955747],[77.662769,12.955741],[77.663007,12.955739],[77.66341,12.955762],[77.663392,12.955831],[77.663293,12.956078],[77.66318,12.956385],[77.663071,12.956697],[77.663046,12.956775],[77.663045,12.956776],[77.663043,12.956832],[77.66304,12.956908],[77.663072,12.957067],[77.663137,12.957293],[77.663199,12.95751],[77.663277,12.957798],[77.663339,12.958028],[77.663362,12.958112],[77.663472,12.958495],[77.663488,12.958551],[77.663553,12.958769],[77.663562,12.958932],[77.663329,12.958979],[77.663316,12.958981],[77.663098,12.959026],[77.662758,12.959095],[77.662745,12.959098],[77.662727,12.959101],[77.662287,12.959173],[77.662235,12.95918],[77.662132,12.959196],[77.662105,12.9592],[77.661599,12.959264],[77.66129,12.959297],[77.661275,12.959297],[77.661139,12.959301],[77.661137,12.959301],[77.661133,12.959301],[77.661019,12.959295],[77.660773,12.959263],[77.660764,12.959262],[77.660472,12.959211],[77.659931,12.959105],[77.65982,12.959085],[77.659805,12.959082],[77.659781,12.959078],[77.659667,12.959064],[77.659688,12.959255],[77.659693,12.959293],[77.659693,12.959295],[77.659702,12.959365],[77.65971,12.95943],[77.659711,12.959436],[77.659729,12.959562],[77.659774,12.959878],[77.65978,12.959923],[77.659813,12.96016],[77.659817,12.960192],[77.659839,12.960294],[77.659918,12.960293],[77.660208,12.960896],[77.659796,12.961077],[77.659856,12.961253],[77.659952,12.961586],[77.659964,12.961631],[77.659992,12.961733],[77.659993,12.961733],[77.660844,12.961619],[77.660914,12.961938],[77.66093,12.962004],[77.660931,12.962009],[77.660975,12.962203],[77.660978,12.962212],[77.661166,12.962169],[77.661311,12.962146],[77.661456,12.962144],[77.661532,12.962148],[77.661544,12.962193],[77.66162,12.96247],[77.661717,12.96269],[77.661769,12.962832],[77.661801,12.963138],[77.661844,12.963758],[77.661843,12.964306],[77.661604,12.964261],[77.661113,12.964164],[77.661063,12.964334],[77.6609,12.964633],[77.660863,12.964809],[77.660863,12.964811],[77.66086,12.964912],[77.660528,12.96499],[77.660712,12.96523],[77.661125,12.96514],[77.661208,12.96546],[77.661288,12.965441],[77.661367,12.965437],[77.661447,12.965479],[77.661538,12.965455],[77.661586,12.96547],[77.661626,12.965512],[77.661662,12.965677],[77.661717,12.965819],[77.661779,12.96601],[77.661962,12.966282],[77.661623,12.966831],[77.661545,12.966823],[77.659925,12.967012],[77.65968,12.967045],[77.659489,12.967041],[77.658753,12.967171],[77.658755,12.967313],[77.658668,12.967428],[77.658106,12.96822],[77.657287,12.968301],[77.657333,12.968472],[77.657381,12.968888],[77.657513,12.969283],[77.657635,12.970051],[77.657679,12.970793],[77.658333,12.971082],[77.658785,12.971133],[77.658687,12.971326],[77.65857,12.971544],[77.659561,12.971538],[77.659745,12.971549],[77.660057,12.971552],[77.660512,12.97156],[77.660572,12.971564],[77.660907,12.971581],[77.661018,12.971587],[77.661087,12.971586],[77.661324,12.971599],[77.661408,12.971606],[77.661427,12.97161],[77.661441,12.971619],[77.661452,12.971626],[77.661481,12.971643],[77.661499,12.971657],[77.661525,12.971693],[77.66154,12.971747],[77.661544,12.971825],[77.661547,12.971883],[77.661558,12.971922],[77.661551,12.972106],[77.661654,12.971985],[77.661656,12.971986],[77.661721,12.97196],[77.661898,12.971869],[77.662191,12.971759],[77.662254,12.971735],[77.662528,12.971656],[77.662802,12.971582],[77.662818,12.971579],[77.662922,12.971562],[77.663038,12.971548],[77.663126,12.971535],[77.66354,12.971587],[77.663833,12.971608],[77.664199,12.971677],[77.664586,12.971749],[77.665038,12.971833],[77.665345,12.971891],[77.665412,12.971769],[77.665428,12.971724],[77.66604,12.971486],[77.666144,12.97145],[77.666508,12.971894],[77.666517,12.972276],[77.666525,12.972515],[77.666939,12.972649],[77.666812,12.972761],[77.666548,12.97291],[77.666643,12.973247],[77.666714,12.973233],[77.666786,12.973219],[77.666832,12.973227],[77.666873,12.97332],[77.666901,12.973379],[77.66684,12.973389],[77.667033,12.974338],[77.667042,12.974421],[77.667018,12.974489],[77.666603,12.974553],[77.666484,12.97456],[77.666386,12.975331],[77.666605,12.975409],[77.666627,12.975418],[77.666785,12.975464],[77.666785,12.975466],[77.666936,12.975513],[77.667213,12.975558],[77.667305,12.975566],[77.667354,12.97557],[77.667475,12.97558],[77.667529,12.975578],[77.667849,12.975562],[77.667915,12.975559],[77.667959,12.975552],[77.668262,12.975505],[77.668536,12.975462],[77.668799,12.97542],[77.668934,12.975377],[77.669143,12.975287],[77.669211,12.975258],[77.669442,12.975177],[77.669885,12.975023],[77.67046,12.974804],[77.670649,12.974733],[77.671036,12.974619],[77.671246,12.974559],[77.671403,12.974514],[77.672361,12.974202],[77.672819,12.974043],[77.673289,12.973879],[77.673481,12.973822],[77.673871,12.973707],[77.674067,12.973641],[77.674435,12.973518],[77.674588,12.973472],[77.674954,12.973375],[77.675548,12.973247],[77.675846,12.973199],[77.675976,12.973178],[77.676301,12.973095],[77.676673,12.973018],[77.677684,12.972808],[77.678104,12.972742],[77.678122,12.972807],[77.678186,12.973033],[77.678192,12.973032],[77.678219,12.973192],[77.678235,12.973283],[77.678261,12.973358],[77.678404,12.973769],[77.678734,12.974748],[77.6793,12.976267],[77.679306,12.976298],[77.679326,12.976407],[77.679323,12.976503],[77.679314,12.976615],[77.679264,12.976814],[77.679263,12.977012],[77.679263,12.97705],[77.679263,12.977056],[77.679281,12.977319],[77.679291,12.977464],[77.6793,12.977598],[77.679334,12.978095],[77.679379,12.978484],[77.679427,12.978739],[77.679577,12.979413],[77.679643,12.979685],[77.679684,12.97991],[77.679804,12.980552],[77.679809,12.980581],[77.679819,12.980625],[77.679856,12.980792],[77.679939,12.981084],[77.680105,12.981614],[77.680258,12.982131],[77.680347,12.982434],[77.680376,12.98255],[77.680391,12.982628],[77.680398,12.982665],[77.680403,12.982751],[77.68037,12.982849],[77.680362,12.982874],[77.680303,12.982967],[77.680253,12.983046],[77.680145,12.983206],[77.680088,12.983301],[77.680063,12.983343],[77.679972,12.983466],[77.67988,12.983558],[77.679811,12.983634],[77.679808,12.983639],[77.679807,12.983664],[77.679075,12.984033],[77.678628,12.98414],[77.678487,12.9843],[77.678203,12.984453],[77.677929,12.984643],[77.677587,12.984833],[77.677019,12.985119],[77.676904,12.985194],[77.67685,12.985203],[77.676831,12.985198],[77.676809,12.98519],[77.676801,12.985227],[77.676777,12.985252],[77.676647,12.985361],[77.676508,12.985452],[77.675703,12.985937],[77.674888,12.986431],[77.674481,12.986624],[77.673732,12.9867],[77.673506,12.986614],[77.673123,12.986469],[77.673025,12.986432],[77.67271,12.986307],[77.672619,12.986274],[77.672199,12.986113],[77.67214,12.98609],[77.672022,12.986044],[77.671705,12.985971],[77.671497,12.986066],[77.671296,12.986175],[77.671172,12.986222],[77.670999,12.986046],[77.670843,12.986081],[77.670552,12.986135],[77.670211,12.98618],[77.670165,12.986183],[77.669999,12.986195],[77.669937,12.9862],[77.669822,12.986204],[77.669797,12.986203],[77.669482,12.98619],[77.669432,12.986188],[77.669354,12.986174],[77.669259,12.986157],[77.669234,12.986152],[77.669166,12.986129],[77.66884,12.986016],[77.668804,12.986003],[77.668605,12.985911],[77.668573,12.985896],[77.66842,12.985823],[77.668417,12.985823],[77.668285,12.985751],[77.668283,12.985749],[77.668239,12.985725],[77.668056,12.985625],[77.667993,12.985595],[77.667974,12.98558],[77.667955,12.985609],[77.667934,12.985633],[77.667825,12.985826],[77.667729,12.98596],[77.667469,12.986034],[77.667446,12.986038],[77.667445,12.986092],[77.667451,12.98631],[77.66741,12.987368],[77.667423,12.987948],[77.667416,12.988548],[77.667452,12.988978],[77.66755,12.98942],[77.667699,12.989691],[77.667785,12.989755],[77.667867,12.989777],[77.667984,12.989793],[77.668173,12.989985],[77.668123,12.990015],[77.668316,12.990215],[77.667945,12.990406],[77.667821,12.990511],[77.667214,12.990873],[77.66708,12.990966],[77.666873,12.991114],[77.666565,12.991351],[77.666365,12.991521],[77.666067,12.99179],[77.665701,12.992187],[77.66556,12.992354],[77.665205,12.992802],[77.665123,12.992931],[77.664866,12.993337],[77.664691,12.993611],[77.66419,12.994453],[77.66413,12.994561],[77.664128,12.994564],[77.664126,12.994567],[77.664065,12.994676],[77.663804,12.995106],[77.663799,12.995114],[77.663607,12.995436],[77.663363,12.995852],[77.663332,12.995905],[77.66322,12.996092],[77.662786,12.996828],[77.66291,12.996895],[77.663381,12.997177],[77.66369,12.997335],[77.664042,12.997515],[77.664037,12.997522],[77.663968,12.997633],[77.663961,12.997644],[77.663961,12.997644],[77.663857,12.997814],[77.663744,12.998029],[77.6636,12.998347],[77.66356,12.998707],[77.663444,13.000249],[77.663385,13.001545],[77.663275,13.003066],[77.66326,13.003101],[77.663233,13.003685],[77.663184,13.004474],[77.663178,13.004528],[77.663129,13.00498],[77.663126,13.005005],[77.662998,13.00575],[77.662851,13.006625],[77.662755,13.007275],[77.662646,13.007845],[77.662588,13.008305],[77.662552,13.00869],[77.662532,13.009004],[77.662511,13.009331],[77.662497,13.00959],[77.662476,13.01001],[77.662431,13.010515],[77.662427,13.010561],[77.662371,13.011261],[77.662344,13.011845],[77.662293,13.012389],[77.662276,13.01256],[77.662246,13.013075],[77.66224,13.013279],[77.662232,13.013539],[77.662226,13.013742],[77.662189,13.014596],[77.662159,13.014872],[77.662099,13.015444],[77.662071,13.015676],[77.662043,13.015868],[77.662009,13.015984],[77.662,13.016016],[77.661993,13.016038],[77.661962,13.016098],[77.661913,13.01619],[77.661875,13.01625],[77.661866,13.016264],[77.661803,13.016345],[77.661732,13.016402],[77.661703,13.016425],[77.661698,13.016429],[77.661655,13.016451],[77.661612,13.016473],[77.661521,13.01652],[77.661205,13.016656],[77.660603,13.016894],[77.660202,13.017069],[77.660056,13.017133],[77.660045,13.017138],[77.659467,13.017397],[77.658218,13.017934],[77.657503,13.018238],[77.656778,13.018556],[77.656002,13.018902],[77.655768,13.018994],[77.655519,13.019092],[77.654778,13.019319],[77.653901,13.019623],[77.653541,13.019753],[77.651868,13.020486],[77.64978,13.021403],[77.647323,13.022458],[77.645415,13.0233],[77.643555,13.024108],[77.641844,13.024868],[77.640365,13.025522],[77.639925,13.025694],[77.639794,13.025745],[77.639413,13.025839],[77.639328,13.025854],[77.638208,13.026055],[77.637266,13.026242],[77.636272,13.026436],[77.635357,13.02667],[77.634727,13.026879],[77.634307,13.027018],[77.633502,13.02735],[77.633361,13.027415],[77.632841,13.027655],[77.632772,13.027665],[77.632701,13.027663],[77.632653,13.027632],[77.632737,13.027759],[77.632725,13.027764],[77.632729,13.02777],[77.632766,13.027829],[77.632954,13.028087],[77.633013,13.028169],[77.633086,13.028254],[77.633196,13.028382],[77.633458,13.028688],[77.633482,13.028715],[77.633615,13.028647],[77.633667,13.02863],[77.633807,13.028585],[77.634273,13.028473],[77.634387,13.028446],[77.634555,13.028406],[77.63486,13.02833],[77.635138,13.028216],[77.63521,13.028186],[77.635614,13.028016],[77.635833,13.027924],[77.636138,13.027843],[77.636188,13.027836],[77.636353,13.027812],[77.636595,13.027816],[77.637036,13.027885],[77.637429,13.027985],[77.637506,13.028238],[77.637563,13.028706],[77.637633,13.029225],[77.637767,13.029668],[77.637897,13.029993],[77.6379,13.030002],[77.637914,13.030045],[77.637959,13.030135],[77.638056,13.030254],[77.638329,13.030525],[77.638519,13.03073],[77.638827,13.031009],[77.639306,13.031454],[77.639449,13.031661],[77.639459,13.031675],[77.639559,13.031853],[77.639615,13.031952],[77.639616,13.031955],[77.639619,13.031961],[77.639694,13.032194],[77.639696,13.032198],[77.639813,13.032504],[77.63986,13.0326],[77.639876,13.032631],[77.640064,13.032866],[77.640111,13.032919],[77.640141,13.032954],[77.640264,13.033148],[77.640411,13.03333],[77.640572,13.033474],[77.640637,13.033546],[77.640676,13.033591],[77.640806,13.033836],[77.640873,13.033992],[77.6409,13.034055],[77.641001,13.034266],[77.641017,13.034293],[77.641039,13.034328],[77.641047,13.03434],[77.641077,13.034363],[77.641105,13.034363],[77.641146,13.034344],[77.641279,13.034284],[77.641694,13.03415],[77.64171,13.034145],[77.641716,13.034144],[77.642017,13.034052],[77.642056,13.034038],[77.642173,13.033997],[77.642185,13.033997],[77.642303,13.034001],[77.642376,13.03403],[77.642549,13.034052],[77.643099,13.034061],[77.643198,13.034063],[77.643241,13.034063],[77.64326,13.034064],[77.643268,13.034067],[77.643268,13.034075],[77.643268,13.034084],[77.64325,13.034154],[77.643248,13.03416],[77.643216,13.034684],[77.643176,13.035121],[77.643152,13.035403],[77.643205,13.035754],[77.643236,13.035928],[77.644377,13.035852],[77.64497,13.035846],[77.644957,13.035912],[77.644899,13.035957],[77.644676,13.036065],[77.644491,13.036172],[77.644446,13.036213],[77.644409,13.036273],[77.64438,13.036348],[77.644365,13.036444],[77.644358,13.036493],[77.644347,13.036513],[77.644321,13.03656],[77.644299,13.03662],[77.644269,13.036672],[77.644258,13.036706],[77.644207,13.036881],[77.644178,13.037001],[77.644179,13.037075],[77.644179,13.037124],[77.644179,13.037161],[77.64418,13.037209],[77.644181,13.037265],[77.644181,13.037336],[77.64415,13.037538],[77.644148,13.037551],[77.644142,13.037589],[77.644071,13.03798],[77.644056,13.038059],[77.64402,13.038178],[77.644001,13.038227],[77.643989,13.038247],[77.643899,13.038405],[77.643865,13.038518],[77.643858,13.038653],[77.643864,13.038791],[77.643882,13.03903],[77.643797,13.039],[77.643752,13.038985],[77.643624,13.038979],[77.64341,13.038969],[77.643091,13.038972],[77.643031,13.038973],[77.642954,13.038982],[77.642649,13.039016],[77.642335,13.039039],[77.642166,13.039089],[77.642118,13.039116],[77.642018,13.039173],[77.64189,13.03934],[77.641875,13.03936],[77.641863,13.039368],[77.641697,13.039487],[77.641667,13.039508],[77.641526,13.039557],[77.641475,13.039609],[77.641469,13.039886],[77.641477,13.04019],[77.641472,13.040253],[77.641441,13.040652],[77.641427,13.040778],[77.641404,13.040988],[77.641393,13.04108],[77.641408,13.041324],[77.641428,13.041446],[77.64143,13.041456],[77.641434,13.041482],[77.641496,13.041632],[77.64158,13.041744],[77.641725,13.042005],[77.641779,13.042186],[77.641715,13.042231],[77.641666,13.042262],[77.641596,13.042311],[77.641526,13.042363],[77.641482,13.042412],[77.641443,13.042477],[77.641382,13.042556],[77.641312,13.042639],[77.641193,13.042679],[77.641065,13.042737],[77.640863,13.042817],[77.640775,13.042861],[77.640603,13.042924],[77.640338,13.043026],[77.639959,13.043117],[77.639787,13.043179],[77.63954,13.043251],[77.639328,13.043318],[77.639059,13.043347],[77.638807,13.04335],[77.638479,13.043318],[77.638102,13.043253],[77.637831,13.04316],[77.637622,13.043054],[77.637439,13.042913],[77.637401,13.042874],[77.637144,13.043616],[77.63711,13.044183],[77.637115,13.044671],[77.637246,13.045744],[77.637496,13.046699],[77.637799,13.047165],[77.638032,13.047994],[77.638097,13.04884],[77.638133,13.049242],[77.638308,13.049704],[77.638328,13.04978],[77.638394,13.050037],[77.638111,13.050089],[77.638282,13.050804],[77.638442,13.051606],[77.637819,13.051736],[77.637984,13.05302],[77.638068,13.053804],[77.638249,13.054764],[77.638103,13.05494],[77.638168,13.055092],[77.638258,13.055253],[77.638303,13.057484],[77.638215,13.058339],[77.638175,13.059388],[77.638293,13.060933],[77.638276,13.06212],[77.638312,13.062654],[77.638361,13.062936],[77.638372,13.06391],[77.638459,13.064614],[77.638563,13.065235],[77.638626,13.065993],[77.638715,13.066662],[77.638741,13.066858],[77.6391,13.067958],[77.639214,13.068338],[77.639312,13.068793],[77.639476,13.069558],[77.63943,13.070355],[77.639449,13.070989],[77.63946,13.071964],[77.639452,13.074481],[77.639458,13.07502],[77.63825,13.075206],[77.638501,13.075523],[77.64072,13.077633],[77.641303,13.077857],[77.64178,13.077723],[77.642015,13.077794],[77.642204,13.077976],[77.642308,13.078267],[77.642311,13.078274],[77.642515,13.078702],[77.642516,13.078705],[77.642606,13.078895],[77.642644,13.078974],[77.642788,13.079233],[77.643742,13.08094],[77.644122,13.08158],[77.644602,13.082388],[77.645213,13.08309],[77.645604,13.083521],[77.646292,13.084694],[77.646498,13.085228],[77.648867,13.082502],[77.649315,13.081629],[77.64934,13.081629],[77.649561,13.08124],[77.649772,13.081321],[77.65103,13.081465],[77.652713,13.081691],[77.653122,13.081758],[77.653209,13.081736],[77.653495,13.081815],[77.653703,13.081863],[77.654685,13.082024],[77.655275,13.079639],[77.655598,13.077407],[77.656216,13.075536],[77.656335,13.074736],[77.656377,13.074597],[77.65654,13.074562],[77.657882,13.072769],[77.658842,13.070774],[77.659138,13.069774],[77.659384,13.069072],[77.659711,13.068075],[77.660465,13.067723],[77.661099,13.067696],[77.662657,13.067092],[77.663512,13.06709],[77.665298,13.066463],[77.666827,13.066266],[77.6671,13.064509],[77.667122,13.064394],[77.667168,13.064324],[77.667205,13.064273],[77.668605,13.065048],[77.669797,13.065831],[77.67,13.065966],[77.672137,13.065706],[77.67353,13.065438],[77.673524,13.065316],[77.67418,13.065284],[77.675157,13.064828],[77.676171,13.064893],[77.6764,13.064987],[77.676601,13.064955],[77.676772,13.064999],[77.677087,13.064905],[77.676959,13.064508],[77.676756,13.063591],[77.6769,13.063549],[77.676867,13.063056],[77.677631,13.06292],[77.677768,13.062871],[77.678612,13.062769],[77.678682,13.062786],[77.678735,13.062852],[77.679098,13.062068],[77.679041,13.06108],[77.678873,13.060843],[77.678825,13.060722],[77.678843,13.060448],[77.678908,13.059743],[77.678946,13.059459],[77.679054,13.058956],[77.67916,13.058682],[77.67921,13.058529],[77.679149,13.058144],[77.679056,13.058135],[77.679029,13.058044],[77.678995,13.057771],[77.67917,13.056735],[77.679107,13.056599],[77.67887,13.056247],[77.678858,13.056115],[77.678906,13.054172],[77.678692,13.053895],[77.678664,13.053075],[77.678619,13.052785],[77.678476,13.052551],[77.678417,13.052367],[77.678534,13.052375],[77.678986,13.052403],[77.679653,13.052431],[77.679918,13.052442],[77.681144,13.051762],[77.683486,13.049144],[77.684052,13.047918],[77.685033,13.045789],[77.684909,13.044751],[77.684948,13.044289],[77.685021,13.04411],[77.685069,13.043907],[77.685027,13.043495],[77.684982,13.042782],[77.684883,13.041768],[77.684799,13.041535],[77.68479,13.041283],[77.684788,13.041111],[77.684731,13.04105],[77.68468,13.040971],[77.684679,13.040909],[77.684669,13.040808],[77.684684,13.040709],[77.684658,13.040587],[77.684543,13.040038],[77.684542,13.039899],[77.684515,13.039784],[77.684471,13.039527],[77.684356,13.03891],[77.684317,13.038721],[77.684283,13.038629],[77.684263,13.03857],[77.684264,13.038444],[77.684166,13.037929],[77.684089,13.037724],[77.683985,13.037447],[77.684104,13.036797],[77.68395,13.036463],[77.683952,13.035905],[77.683941,13.035684],[77.683907,13.035594],[77.683838,13.035455],[77.683736,13.035284],[77.683734,13.035046],[77.68364,13.034916],[77.683657,13.03478],[77.683697,13.034457],[77.683641,13.033227],[77.684847,13.033356],[77.685841,13.033466],[77.686778,13.033533],[77.687202,13.033474],[77.688247,13.033223],[77.688969,13.03292],[77.690201,13.032738],[77.690526,13.03269],[77.692326,13.030094],[77.694123,13.027153],[77.694373,13.026695],[77.694394,13.02671],[77.694884,13.026766],[77.695067,13.026778],[77.695453,13.026811],[77.695642,13.026829],[77.695916,13.026868],[77.696091,13.026892],[77.696354,13.026915],[77.69659,13.026933],[77.696921,13.026962],[77.697165,13.026989],[77.697502,13.02703],[77.697848,13.02707],[77.698088,13.027104],[77.698633,13.027176],[77.698776,13.027194],[77.699178,13.027246],[77.699401,13.027275],[77.699532,13.027292],[77.699845,13.027334],[77.700041,13.027362],[77.700424,13.027419],[77.700492,13.027429],[77.700787,13.027434],[77.701091,13.027435],[77.701569,13.027437],[77.701698,13.027438],[77.701685,13.027403],[77.701688,13.027371],[77.701649,13.027154],[77.701579,13.026767],[77.701509,13.026377],[77.701444,13.025992],[77.701286,13.025064],[77.701269,13.024966],[77.701696,13.025141],[77.701995,13.025259],[77.702509,13.025457],[77.703243,13.025739],[77.703275,13.025751],[77.703637,13.025841],[77.704155,13.025963],[77.704866,13.026095],[77.705574,13.026221],[77.705963,13.026287],[77.706572,13.026164],[77.707687,13.025927],[77.707868,13.025897],[77.708022,13.025872],[77.708232,13.025784],[77.708737,13.025528],[77.709244,13.02527],[77.710084,13.025769],[77.710706,13.026145],[77.711545,13.027548],[77.712038,13.02852],[77.713072,13.030233],[77.71361,13.031916],[77.713526,13.032006],[77.715906,13.031857],[77.715939,13.03156],[77.717201,13.031541],[77.717172,13.031618],[77.717186,13.03294],[77.718718,13.033184],[77.718869,13.033212],[77.718997,13.033229],[77.71964,13.033447],[77.719888,13.033551],[77.720216,13.033648],[77.721025,13.033572],[77.721854,13.034258],[77.721824,13.033658],[77.721863,13.033594],[77.72388,13.033276],[77.724105,13.03336],[77.724226,13.033289],[77.724184,13.032826],[77.724138,13.032317],[77.724648,13.032331],[77.724653,13.032238],[77.724752,13.03224],[77.724748,13.031907],[77.724695,13.031394],[77.724689,13.030868],[77.724516,13.030191],[77.724478,13.029522],[77.725036,13.028545],[77.72526,13.027821],[77.725367,13.026716],[77.72529,13.025735],[77.725265,13.025612],[77.726063,13.025867],[77.72591,13.025647],[77.727287,13.0232],[77.728993,13.020606],[77.729507,13.020247],[77.730106,13.019849],[77.72992,13.018539],[77.729776,13.018288],[77.729681,13.01772],[77.729472,13.017019],[77.729231,13.016334],[77.729056,13.015854],[77.728841,13.015287],[77.728459,13.014288],[77.728324,13.013681],[77.72813,13.012925],[77.728026,13.01211],[77.727886,13.010886],[77.727852,13.010548],[77.729118,13.01069],[77.73023,13.010765],[77.731125,13.010795],[77.731544,13.010783],[77.731922,13.010755],[77.732108,13.010785],[77.732567,13.010764],[77.732856,13.010643],[77.733789,13.009788],[77.735453,13.0109],[77.735988,13.010737],[77.736071,13.010712],[77.736093,13.009777],[77.736098,13.009534],[77.736071,13.009258],[77.736001,13.008753],[77.73596,13.007932],[77.735929,13.007455],[77.736254,13.007744],[77.736554,13.007786],[77.736925,13.007742],[77.737382,13.007675],[77.737758,13.00764],[77.737834,13.007612],[77.73787,13.007558],[77.737938,13.007513],[77.737997,13.007526],[77.739082,13.007793],[77.740223,13.008033],[77.740529,13.008102],[77.740835,13.007118],[77.742576,13.007057],[77.742863,13.007012],[77.743036,13.00701],[77.743245,13.007036],[77.743893,13.007114],[77.744441,13.007171],[77.744686,13.007169],[77.745059,13.00713],[77.745462,13.007097],[77.746166,13.006977],[77.746503,13.00686],[77.746969,13.006693],[77.747028,13.006897],[77.746818,13.00706],[77.746897,13.007649],[77.74704,13.008378],[77.747029,13.008844],[77.747033,13.008966],[77.747046,13.009357],[77.746837,13.009544],[77.747257,13.0103],[77.747513,13.010267],[77.747582,13.01097],[77.747653,13.011592],[77.748851,13.011567],[77.749369,13.011328],[77.749443,13.011204],[77.749782,13.011207],[77.749915,13.011329],[77.75059,13.011143],[77.751127,13.010947],[77.751866,13.010874],[77.751968,13.010828],[77.752051,13.010791],[77.75224,13.010672],[77.75226,13.010662],[77.7523,13.01065],[77.752353,13.010657],[77.752384,13.01066],[77.752535,13.010604],[77.752622,13.010527],[77.752686,13.010451],[77.752686,13.010441],[77.752695,13.010419],[77.752717,13.010372],[77.75279,13.010292],[77.752908,13.010219],[77.753118,13.010082],[77.753146,13.01005],[77.75318,13.010007],[77.753207,13.009972],[77.753225,13.009948],[77.753248,13.009929],[77.753285,13.009895],[77.753317,13.009874],[77.753368,13.009848],[77.75346,13.009817],[77.753509,13.009794],[77.753545,13.009761],[77.753625,13.009689],[77.753671,13.009652],[77.753704,13.009626],[77.753828,13.009528],[77.753872,13.009491],[77.753908,13.009461],[77.753956,13.009419],[77.754019,13.009341],[77.754055,13.009276],[77.754077,13.009252],[77.754108,13.009176],[77.754121,13.009134],[77.754124,13.009115],[77.754187,13.009001],[77.754222,13.008947],[77.754251,13.008899],[77.754265,13.008889],[77.754282,13.008883],[77.754298,13.008885],[77.754313,13.008887],[77.754337,13.008885],[77.754358,13.008879],[77.754375,13.008871],[77.754398,13.008855],[77.754409,13.008841],[77.75443,13.008826],[77.754461,13.008799],[77.754492,13.008795],[77.754517,13.0088],[77.754544,13.008812],[77.754559,13.008831],[77.75458,13.008854],[77.754717,13.009008],[77.754756,13.009053],[77.7548,13.009118],[77.754872,13.00922],[77.754902,13.009267],[77.754905,13.009284],[77.754906,13.009292],[77.754908,13.00931],[77.754907,13.009335],[77.754905,13.009361],[77.754903,13.009437],[77.754902,13.009484],[77.754915,13.00957],[77.754916,13.009589],[77.75492,13.009604],[77.754975,13.009794],[77.755063,13.010172],[77.755122,13.010255],[77.755188,13.010284],[77.755279,13.010295],[77.755358,13.010294],[77.755463,13.010248],[77.755684,13.010165],[77.755944,13.010059],[77.756188,13.009921],[77.756494,13.009745],[77.756619,13.009608],[77.756778,13.009497],[77.756844,13.009422],[77.756906,13.009317],[77.756974,13.009219],[77.757048,13.009037],[77.757084,13.008987],[77.757167,13.008924],[77.757204,13.008905],[77.757411,13.008808],[77.757612,13.008717],[77.757893,13.008646],[77.758115,13.008567],[77.758301,13.008396],[77.758336,13.008336],[77.758344,13.008247],[77.758347,13.008221],[77.758371,13.008191],[77.758452,13.008128],[77.758533,13.008074],[77.75858,13.008023],[77.758586,13.007996],[77.758616,13.007966],[77.758712,13.007918],[77.758787,13.007881],[77.75885,13.007839],[77.758899,13.007833],[77.75899,13.007853],[77.759059,13.007873],[77.759156,13.007866],[77.759186,13.007859],[77.75933,13.007793],[77.759393,13.007712],[77.759448,13.007551],[77.759488,13.007264],[77.759487,13.007193],[77.759495,13.007139],[77.759497,13.007071],[77.759437,13.006805],[77.759418,13.006725],[77.759355,13.006456],[77.759304,13.006282],[77.759279,13.006202],[77.75927,13.00614],[77.75926,13.006108],[77.759268,13.006031],[77.759277,13.005968],[77.759303,13.005903],[77.759378,13.005828],[77.759657,13.005615],[77.759866,13.005447],[77.759953,13.005357],[77.760031,13.005317],[77.760181,13.005215],[77.760217,13.005179],[77.760265,13.005144],[77.76034,13.005089],[77.760436,13.005041],[77.760493,13.005022],[77.760577,13.005015],[77.76068,13.005014],[77.760801,13.00501],[77.760907,13.00503],[77.760925,13.005036],[77.761108,13.005103],[77.76148,13.005195],[77.761582,13.005194],[77.762107,13.004826],[77.762337,13.00451],[77.762538,13.003982],[77.762652,13.003708],[77.762838,13.003503],[77.763001,13.003285],[77.763232,13.002941],[77.763287,13.002834],[77.76329,13.002835],[77.763318,13.002802],[77.763344,13.002796],[77.763385,13.0028],[77.763443,13.002821],[77.763535,13.002878],[77.76381,13.003428],[77.764117,13.003955],[77.764626,13.003682],[77.764755,13.003636],[77.765662,13.003416],[77.765811,13.003364],[77.766226,13.003302],[77.766739,13.003214],[77.767082,13.003166],[77.767316,13.00315],[77.767439,13.003123],[77.767847,13.003024],[77.768583,13.002627],[77.768794,13.003124],[77.768904,13.003382],[77.769056,13.004247],[77.76925,13.004716],[77.769394,13.005421],[77.769291,13.005505],[77.769418,13.006453],[77.769362,13.006645],[77.769461,13.007008],[77.769446,13.0085],[77.76951,13.008797],[77.769657,13.00877],[77.769711,13.008956],[77.769669,13.009118],[77.769505,13.009179],[77.769798,13.00983],[77.770166,13.01129],[77.770352,13.011594],[77.770387,13.011861],[77.770416,13.012084],[77.770568,13.012382],[77.770665,13.012865],[77.770721,13.01324],[77.770694,13.013525],[77.77075,13.01392],[77.770997,13.015169],[77.772911,13.014609],[77.772961,13.014598],[77.772954,13.014241],[77.772909,13.014054],[77.772903,13.013837],[77.772934,13.013746],[77.773037,13.013579],[77.773225,13.01345],[77.773381,13.013389],[77.773578,13.013367],[77.773643,13.013363],[77.773732,13.013378],[77.773865,13.013443],[77.773914,13.013466],[77.774043,13.013477],[77.774111,13.013456],[77.774171,13.013428],[77.774219,13.013368],[77.774246,13.013301],[77.774262,13.013226],[77.774301,13.013174],[77.774273,13.013166],[77.77426,13.013123],[77.77419,13.012966],[77.773904,13.012602],[77.773827,13.012535],[77.773778,13.012476],[77.773764,13.01235],[77.773775,13.012236],[77.773822,13.012065],[77.773779,13.011852],[77.773752,13.011584],[77.773666,13.011451],[77.773637,13.011364],[77.773627,13.011238],[77.773697,13.01104],[77.773757,13.010952],[77.773852,13.010852],[77.773912,13.010781],[77.773935,13.010638],[77.773914,13.010559],[77.773869,13.010512],[77.77382,13.01045],[77.773735,13.010391],[77.773436,13.01032],[77.773359,13.010297],[77.773298,13.010258],[77.773213,13.010203],[77.773168,13.010145],[77.773143,13.010078],[77.773166,13.009998],[77.773214,13.009939],[77.773286,13.009863],[77.773329,13.009744],[77.773348,13.0097],[77.773355,13.009613],[77.773355,13.009578],[77.773277,13.009496],[77.773152,13.009406],[77.773098,13.009336],[77.773057,13.009245],[77.773062,13.008917],[77.773122,13.008545],[77.773129,13.00847],[77.77314,13.008375],[77.773211,13.008217],[77.773266,13.008121],[77.773298,13.008069],[77.773353,13.007919],[77.773372,13.007836],[77.773375,13.007761],[77.773374,13.007666],[77.773364,13.007504],[77.773316,13.007375],[77.773307,13.007319],[77.773281,13.007201],[77.773271,13.007064],[77.773286,13.006845],[77.773277,13.006522],[77.773272,13.006416],[77.773289,13.006315],[77.773375,13.006166],[77.773408,13.006121],[77.77345,13.0061],[77.773541,13.006078],[77.773631,13.006074],[77.773719,13.006088],[77.773828,13.00614],[77.773883,13.006169],[77.773917,13.006204],[77.773941,13.006246],[77.773981,13.006295],[77.774015,13.00634],[77.774051,13.006357],[77.774088,13.006357],[77.774209,13.006367],[77.774251,13.006367],[77.774332,13.006345],[77.774383,13.006318],[77.774488,13.006252],[77.774554,13.006206],[77.774618,13.006144],[77.774724,13.006085],[77.774818,13.006063],[77.774899,13.00604],[77.775045,13.006028],[77.77514,13.006031],[77.775246,13.00603],[77.775429,13.006006],[77.77552,13.005987],[77.775581,13.005947],[77.775648,13.005906],[77.775726,13.005837],[77.775775,13.00572],[77.775773,13.005603],[77.775722,13.005487],[77.775661,13.005351],[77.775599,13.005147],[77.775527,13.004924],[77.775526,13.004777],[77.775524,13.004631],[77.775532,13.004456],[77.775547,13.004037],[77.775505,13.003833],[77.775484,13.003677],[77.775342,13.003435],[77.775241,13.003271],[77.77508,13.003136],[77.7749,13.003031],[77.77479,13.002964],[77.77463,13.002868],[77.774471,13.00286],[77.774372,13.0029],[77.774134,13.002932],[77.774005,13.002943],[77.773707,13.002965],[77.773401,13.003095],[77.773202,13.003078],[77.772983,13.003012],[77.772744,13.002976],[77.772544,13.0029],[77.772414,13.002765],[77.772342,13.0026],[77.772359,13.002347],[77.772457,13.002229],[77.772595,13.002071],[77.772731,13.001865],[77.77292,13.001854],[77.773119,13.001861],[77.773298,13.001859],[77.773466,13.001828],[77.773555,13.001749],[77.773573,13.001642],[77.773572,13.001506],[77.773619,13.00131],[77.773698,13.001212],[77.773807,13.001172],[77.774005,13.001121],[77.774194,13.001119],[77.774362,13.001098],[77.774551,13.001086],[77.77465,13.001056],[77.774738,13.000948],[77.774787,13.000898],[77.774786,13.000801],[77.774695,13.000685],[77.774634,13.000559],[77.774602,13.000374],[77.77457,13.000151],[77.774577,12.999887],[77.774624,12.999663],[77.774653,12.999526],[77.77474,12.999301],[77.774807,12.999096],[77.774866,12.998491],[77.774887,12.998272],[77.774942,12.997711],[77.774698,12.997611],[77.774751,12.997181],[77.774288,12.996198],[77.774185,12.996088],[77.774275,12.995057],[77.774232,12.991098],[77.774892,12.991328],[77.775526,12.991043],[77.775636,12.990972],[77.775601,12.990524],[77.775448,12.990308],[77.775417,12.990192],[77.775434,12.98989],[77.775599,12.989371],[77.775553,12.989153],[77.775603,12.988712],[77.775706,12.988478],[77.775722,12.987748],[77.775373,12.98779],[77.775565,12.987591],[77.775691,12.986192],[77.775841,12.985875],[77.775959,12.985659],[77.776275,12.985462],[77.77639,12.985456],[77.776517,12.985256],[77.776639,12.985036],[77.776536,12.984955],[77.776301,12.98486],[77.776364,12.984663],[77.776263,12.984051],[77.776195,12.983714],[77.776157,12.983595],[77.776036,12.98305],[77.775978,12.982847],[77.77591,12.982612],[77.775878,12.982444],[77.775858,12.98236],[77.775266,12.982131],[77.775112,12.98144],[77.774822,12.981185],[77.774501,12.980777],[77.77443,12.980501],[77.774471,12.980305],[77.774782,12.980249],[77.774826,12.980272],[77.774977,12.980189],[77.775656,12.979986],[77.776215,12.979421],[77.776326,12.979344],[77.776383,12.979204],[77.777027,12.978352],[77.777279,12.978282],[77.777628,12.978551],[77.777824,12.978635],[77.77798,12.978633],[77.778082,12.978589],[77.778197,12.978536],[77.778328,12.978064],[77.778344,12.977936],[77.778363,12.977768],[77.77839,12.977618],[77.778505,12.977362],[77.778539,12.977258],[77.778463,12.976944],[77.77843,12.976883],[77.778301,12.976641],[77.778292,12.976623],[77.778216,12.976523],[77.777903,12.976165],[77.777355,12.976254],[77.777099,12.976591],[77.77684,12.976507],[77.776575,12.976133],[77.776435,12.975934],[77.776507,12.975784],[77.776536,12.975722],[77.776191,12.975073],[77.775954,12.974584],[77.775973,12.974568],[77.776704,12.973921],[77.776892,12.973841],[77.777654,12.973518],[77.778064,12.973163],[77.778541,12.972821],[77.778766,12.972659],[77.779003,12.972415],[77.778502,12.971378],[77.778294,12.970565],[77.778512,12.970457],[77.778892,12.970268],[77.78029,12.970144],[77.780787,12.970487],[77.781138,12.970874],[77.781841,12.971011],[77.782664,12.971028],[77.783157,12.97098],[77.783336,12.970706],[77.783511,12.970174],[77.783575,12.969982],[77.783792,12.969321],[77.783833,12.969227],[77.783851,12.969194],[77.783882,12.969135],[77.784447,12.968373],[77.784269,12.966986],[77.784095,12.966517],[77.781853,12.965853],[77.781673,12.966029],[77.781506,12.966194],[77.781339,12.9664],[77.781172,12.966516],[77.780828,12.966571],[77.780256,12.966545],[77.779698,12.966396],[77.778836,12.966165],[77.778833,12.966433],[77.77902,12.967278],[77.779076,12.967499],[77.777258,12.968343],[77.777027,12.968263],[77.776989,12.968062],[77.776307,12.967858],[77.775814,12.967534],[77.774472,12.96681],[77.773841,12.966176],[77.773659,12.966158],[77.773522,12.966102],[77.773448,12.966002],[77.773169,12.965857],[77.77196,12.965837],[77.771879,12.965923],[77.771201,12.965047],[77.771013,12.964748],[77.770712,12.964223],[77.770261,12.963381],[77.770365,12.963354],[77.770251,12.962992],[77.769888,12.963123],[77.769825,12.962762],[77.770335,12.961308],[77.770275,12.961054],[77.769054,12.960323],[77.767309,12.960292],[77.766483,12.960516],[77.766071,12.957779],[77.765962,12.957757],[77.766032,12.957696],[77.7657,12.957621],[77.764698,12.958278],[77.764397,12.958466],[77.764398,12.958122],[77.764222,12.958119],[77.764222,12.95765],[77.764228,12.957302],[77.764255,12.957213],[77.764282,12.956223],[77.764374,12.955994],[77.764429,12.955912],[77.764401,12.955827],[77.764386,12.955753],[77.764447,12.95564],[77.764401,12.955446],[77.764414,12.955292],[77.76446,12.955162],[77.764504,12.955092],[77.764382,12.955019],[77.764525,12.954944],[77.765411,12.948563],[77.765569,12.946585],[77.765477,12.945256],[77.765428,12.944727],[77.765309,12.942103],[77.765494,12.937026],[77.7655,12.936658],[77.765718,12.936468],[77.765816,12.936226],[77.766083,12.935768],[77.766343,12.934951],[77.765941,12.933923],[77.765602,12.933219],[77.765679,12.932008],[77.764681,12.928802],[77.763627,12.928637],[77.762804,12.928542],[77.7625,12.928464],[77.762119,12.928298],[77.760187,12.92767],[77.757076,12.926522],[77.754693,12.925869],[77.752551,12.925361],[77.752066,12.925277],[77.751755,12.923868],[77.751298,12.921373],[77.746711,12.920561],[77.745991,12.920233],[77.745697,12.92006],[77.745426,12.919898],[77.745289,12.919701],[77.745195,12.919371],[77.744854,12.917965],[77.744337,12.9163],[77.744071,12.914594],[77.743055,12.914673],[77.742639,12.914764],[77.742357,12.914903],[77.742053,12.914888],[77.741091,12.915264],[77.740269,12.915154],[77.738797,12.915083],[77.738035,12.915185],[77.737916,12.915196],[77.737832,12.915257],[77.73773,12.915477],[77.737712,12.915523],[77.737527,12.915525],[77.737378,12.914999],[77.735704,12.915149],[77.734236,12.914908],[77.734106,12.915372],[77.734091,12.915496],[77.733114,12.915498],[77.732468,12.915462],[77.73207,12.915058],[77.731542,12.914976],[77.729714,12.915204],[77.728658,12.915171],[77.72814,12.915282],[77.727777,12.915422],[77.727543,12.91545],[77.72755,12.913082],[77.727436,12.910885],[77.727287,12.910236],[77.72702,12.909435],[77.726502,12.907744],[77.725519,12.908015],[77.724293,12.908301],[77.723906,12.908346],[77.723017,12.908694],[77.721674,12.90908],[77.721204,12.909184],[77.720842,12.90922],[77.720213,12.909442],[77.720378,12.909886],[77.719773,12.910041],[77.719631,12.909365],[77.718134,12.909587],[77.71813,12.909976],[77.717971,12.910019],[77.71769,12.909946],[77.71652,12.909299],[77.715657,12.909887],[77.715284,12.909956],[77.715039,12.909925],[77.714811,12.909894],[77.714176,12.909821],[77.70923,12.908734],[77.707968,12.908739],[77.7078,12.907779],[77.707234,12.905186],[77.707197,12.905051],[77.707113,12.903865],[77.706711,12.901985],[77.704084,12.903264],[77.703055,12.903845],[77.702879,12.904051],[77.700451,12.905394],[77.698617,12.906323],[77.696725,12.90686]]]},"properties":{"NewCorp":"East","_folder":"bbmp_c2__wards_c2"}}]}