{"type":"FeatureCollection","name":"corporations","source":"OpenCity resource 790f6df1-45dc-4096-b4ed-53a4c3743d58","description":"GBA corporations (5), from 19 July 2025","features":[{"type":"Feature","geometry":{"type":"Polygon","coordinates":[[[77.55004,13.026052],[77.549205,13.02813],[77.548855,13.02894],[77.548802,13.029062],[77.548472,13.029776],[77.54819,13.030388],[77.547863,13.031096],[77.547863,13.031096],[77.547838,13.031152],[77.547688,13.031476],[77.546733,13.033311],[77.546614,13.033539],[77.545796,13.035053],[77.545324,13.035985],[77.545074,13.036501],[77.545074,13.036501],[77.545009,13.036635],[77.544842,13.036979],[77.544729,13.037157],[77.544508,13.037503],[77.544358,13.037614],[77.543856,13.038246],[77.543421,13.038711],[77.542955,13.03929],[77.542955,13.03929],[77.542148,13.038529],[77.541951,13.038312],[77.54163,13.036688],[77.541465,13.035851],[77.541225,13.034631],[77.540749,13.032502],[77.538979,13.033688],[77.537781,13.034652],[77.537601,13.034791],[77.536419,13.035696],[77.535164,13.036655],[77.533652,13.037678],[77.532935,13.038119],[77.531925,13.038905],[77.531214,13.039597],[77.531173,13.039625],[77.530352,13.040199],[77.530267,13.040259],[77.528267,13.041681],[77.525435,13.043682],[77.525358,13.043728],[77.524838,13.044044],[77.523982,13.044646],[77.523982,13.044646],[77.523909,13.044697],[77.523145,13.045238],[77.522192,13.045901],[77.521958,13.045537],[77.521759,13.045239],[77.521759,13.045239],[77.52153,13.044897],[77.52152,13.044881],[77.521428,13.044738],[77.520998,13.044062],[77.520811,13.043767],[77.520563,13.043381],[77.520223,13.04285],[77.519752,13.042129],[77.519376,13.041546],[77.519211,13.041302],[77.519057,13.041077],[77.51873,13.040532],[77.518501,13.040146],[77.518441,13.03989],[77.517802,13.040427],[77.517793,13.040435],[77.517726,13.04049],[77.517621,13.040578],[77.517503,13.040693],[77.517239,13.040949],[77.516921,13.0413],[77.51673,13.041484],[77.51656,13.041629],[77.516488,13.041671],[77.516488,13.041671],[77.51628,13.041794],[77.516114,13.04186],[77.516022,13.041897],[77.516022,13.041897],[77.515712,13.042021],[77.515612,13.04206],[77.515545,13.042085],[77.514872,13.042319],[77.514662,13.042388],[77.514659,13.042389],[77.514526,13.042433],[77.514381,13.04248],[77.514126,13.042561],[77.513748,13.04268],[77.513403,13.042787],[77.51327,13.042829],[77.513048,13.042899],[77.512956,13.042934],[77.512624,13.043059],[77.512527,13.043095],[77.511992,13.043279],[77.511948,13.043294],[77.511617,13.043411],[77.511431,13.043503],[77.510731,13.04385],[77.510668,13.043881],[77.510423,13.044008],[77.510305,13.044069],[77.510188,13.044129],[77.510029,13.04421],[77.510024,13.044212],[77.509957,13.044247],[77.509821,13.044318],[77.509708,13.04438],[77.509376,13.044558],[77.509063,13.044727],[77.508823,13.044857],[77.508699,13.044924],[77.508417,13.045055],[77.507833,13.045179],[77.507781,13.04519],[77.507303,13.045334],[77.507303,13.045334],[77.507125,13.045387],[77.506898,13.045466],[77.506391,13.045644],[77.506063,13.045732],[77.505917,13.045772],[77.505551,13.045879],[77.505161,13.045992],[77.504991,13.046043],[77.503889,13.046418],[77.503689,13.046485],[77.502869,13.046762],[77.502706,13.046824],[77.501511,13.047268],[77.501422,13.047297],[77.501158,13.047384],[77.500911,13.047466],[77.500653,13.04755],[77.500116,13.047735],[77.499374,13.047992],[77.499322,13.048009],[77.499137,13.048082],[77.498918,13.048168],[77.498658,13.04827],[77.498468,13.048343],[77.498295,13.048411],[77.497411,13.048704],[77.497314,13.048737],[77.496761,13.048921],[77.496654,13.048958],[77.496661,13.049206],[77.497294,13.050614],[77.496893,13.050696],[77.496873,13.050701],[77.496126,13.050861],[77.494537,13.051208],[77.494392,13.051244],[77.493934,13.051358],[77.493201,13.05154],[77.492465,13.051571],[77.492476,13.052187],[77.49248,13.052448],[77.492459,13.052782],[77.492423,13.053352],[77.492343,13.054619],[77.492219,13.054828],[77.491609,13.055858],[77.491532,13.055988],[77.491013,13.056879],[77.491002,13.05692],[77.490999,13.056969],[77.49104,13.057114],[77.491423,13.058463],[77.49197,13.059926],[77.491977,13.059944],[77.492007,13.060028],[77.492309,13.060864],[77.4926,13.061661],[77.49266,13.061827],[77.49272,13.062134],[77.493062,13.062121],[77.492992,13.062578],[77.492985,13.062605],[77.492902,13.062902],[77.492849,13.063376],[77.492762,13.063784],[77.492744,13.065513],[77.492732,13.066623],[77.492805,13.067755],[77.492833,13.068194],[77.492944,13.069915],[77.493032,13.071097],[77.493041,13.071216],[77.493106,13.072092],[77.49414,13.07204],[77.495066,13.071994],[77.496051,13.071946],[77.497206,13.071953],[77.497573,13.071957],[77.498586,13.071966],[77.499238,13.071963],[77.499459,13.071901],[77.499446,13.071892],[77.500255,13.07244],[77.501004,13.072636],[77.501433,13.072845],[77.501612,13.073049],[77.501888,13.073479],[77.502143,13.073869],[77.502341,13.074026],[77.502471,13.074165],[77.502637,13.074436],[77.502672,13.074575],[77.502707,13.074655],[77.502769,13.074707],[77.502999,13.074786],[77.503758,13.075207],[77.504108,13.075394],[77.504316,13.075739],[77.504481,13.075998],[77.50462,13.076209],[77.504796,13.076477],[77.505078,13.076706],[77.50533,13.076824],[77.505457,13.076932],[77.505722,13.07702],[77.50601,13.077422],[77.506332,13.077613],[77.506604,13.077762],[77.506899,13.077892],[77.507369,13.077949],[77.507484,13.077912],[77.507708,13.077823],[77.508074,13.077784],[77.50861,13.077724],[77.508782,13.077771],[77.508963,13.077976],[77.509082,13.077693],[77.50914,13.077583],[77.509222,13.077485],[77.509271,13.077455],[77.50932,13.077436],[77.509353,13.077409],[77.509359,13.077367],[77.509358,13.077225],[77.509374,13.077192],[77.509417,13.077166],[77.509443,13.077153],[77.509479,13.077123],[77.509511,13.077062],[77.509556,13.076903],[77.509565,13.076854],[77.509598,13.076831],[77.509644,13.076818],[77.509799,13.076787],[77.509882,13.07678],[77.509941,13.076744],[77.509996,13.076698],[77.510139,13.07647],[77.510432,13.076155],[77.510599,13.076053],[77.510685,13.076029],[77.510754,13.076013],[77.51081,13.07598],[77.510882,13.075927],[77.510987,13.075852],[77.511271,13.075603],[77.511307,13.07558],[77.511379,13.07565],[77.511462,13.075821],[77.511489,13.075816],[77.511842,13.07575],[77.511936,13.075734],[77.512368,13.075654],[77.512541,13.07559],[77.513077,13.07555],[77.514288,13.075158],[77.514442,13.075356],[77.514614,13.075309],[77.515421,13.07508],[77.516148,13.074865],[77.517027,13.074545],[77.517971,13.074254],[77.518126,13.074946],[77.518262,13.075504],[77.518255,13.075672],[77.518217,13.076548],[77.518212,13.076702],[77.518282,13.076937],[77.518532,13.077725],[77.518594,13.077877],[77.518681,13.078089],[77.518709,13.078187],[77.518784,13.078449],[77.518795,13.078487],[77.518836,13.078639],[77.518845,13.078667],[77.518905,13.07911],[77.51898,13.079665],[77.519143,13.07962],[77.519419,13.079358],[77.519472,13.07935],[77.519501,13.079346],[77.519629,13.079437],[77.520883,13.079151],[77.521137,13.07996],[77.521213,13.080205],[77.521281,13.080405],[77.52171,13.080382],[77.522067,13.080352],[77.522243,13.080547],[77.522716,13.080782],[77.522849,13.08096],[77.523222,13.080925],[77.523299,13.081508],[77.523414,13.08158],[77.523566,13.082792],[77.523586,13.082875],[77.523578,13.083446],[77.523578,13.083446],[77.523542,13.083574],[77.52353,13.08396],[77.523514,13.084459],[77.52347,13.08517],[77.523436,13.086038],[77.523436,13.086561],[77.523448,13.088114],[77.523534,13.089671],[77.523617,13.090557],[77.523656,13.090993],[77.523664,13.091655],[77.523769,13.092942],[77.523779,13.093068],[77.52642,13.092875],[77.528618,13.092609],[77.528886,13.092587],[77.529498,13.092468],[77.530043,13.092415],[77.532829,13.092245],[77.533996,13.092159],[77.534336,13.09213],[77.534394,13.092137],[77.534824,13.091287],[77.535452,13.090174],[77.537248,13.090095],[77.538024,13.09006],[77.538543,13.090036],[77.539462,13.090007],[77.540714,13.089973],[77.540723,13.089969],[77.540781,13.090074],[77.54078,13.090258],[77.540775,13.091883],[77.541633,13.093187],[77.542205,13.094295],[77.542455,13.095569],[77.542457,13.09558],[77.542395,13.095658],[77.543344,13.097979],[77.543382,13.098178],[77.543424,13.098318],[77.543968,13.099737],[77.544081,13.100103],[77.544224,13.100382],[77.544316,13.100564],[77.544429,13.100788],[77.544245,13.100803],[77.544229,13.101319],[77.544547,13.101315],[77.544901,13.101381],[77.545174,13.101274],[77.545634,13.101291],[77.54601,13.101247],[77.546362,13.10121],[77.546741,13.101175],[77.54715,13.101177],[77.547656,13.101095],[77.548072,13.101031],[77.548505,13.101009],[77.548893,13.101031],[77.549662,13.101032],[77.550288,13.100965],[77.55079,13.10095],[77.551047,13.100839],[77.551224,13.100829],[77.551593,13.100858],[77.551927,13.100822],[77.552457,13.10068],[77.553939,13.10049],[77.554608,13.100404],[77.555076,13.100343],[77.555138,13.100445],[77.555215,13.10046],[77.555551,13.100315],[77.555612,13.100408],[77.555775,13.100349],[77.55616,13.100225],[77.556552,13.10071],[77.556945,13.10058],[77.55733,13.100416],[77.557462,13.100734],[77.557129,13.100872],[77.557295,13.101165],[77.557564,13.101424],[77.55785,13.101682],[77.55817,13.102092],[77.558294,13.102264],[77.558388,13.102394],[77.558913,13.102903],[77.558985,13.103082],[77.559309,13.103313],[77.559353,13.103379],[77.559357,13.103386],[77.559149,13.103401],[77.558923,13.103344],[77.559027,13.104338],[77.559159,13.10459],[77.559339,13.104871],[77.559446,13.105037],[77.55959,13.105311],[77.559716,13.105603],[77.559958,13.105845],[77.559958,13.105845],[77.560127,13.106177],[77.560299,13.106581],[77.560409,13.106774],[77.560516,13.107017],[77.560516,13.107017],[77.560542,13.107076],[77.560553,13.107104],[77.56066,13.107367],[77.560703,13.107469],[77.560951,13.107932],[77.561078,13.108317],[77.561086,13.108344],[77.561095,13.10837],[77.56096,13.108917],[77.560535,13.109035],[77.560047,13.10931],[77.560049,13.109554],[77.560122,13.109832],[77.560284,13.11056],[77.560313,13.111151],[77.560223,13.111535],[77.56013,13.111744],[77.559812,13.111794],[77.55971,13.1119],[77.559675,13.112111],[77.559814,13.112403],[77.559833,13.112404],[77.560089,13.112359],[77.560403,13.112959],[77.561062,13.113775],[77.56144,13.11376],[77.561608,13.113767],[77.561627,13.113817],[77.56167,13.11391],[77.561683,13.113937],[77.562354,13.115564],[77.562582,13.116341],[77.562574,13.1164],[77.562687,13.116345],[77.562687,13.116345],[77.562574,13.1164],[77.562568,13.116447],[77.562837,13.117753],[77.563119,13.119385],[77.563264,13.120516],[77.56339,13.120939],[77.563646,13.12144],[77.563868,13.121875],[77.564308,13.122928],[77.564742,13.124114],[77.564957,13.124629],[77.565175,13.125152],[77.56551,13.125955],[77.568167,13.125298],[77.568255,13.12528],[77.569573,13.125005],[77.56988,13.126907],[77.569939,13.127443],[77.570279,13.128911],[77.57044,13.129486],[77.570718,13.130818],[77.570845,13.131006],[77.570845,13.131006],[77.570868,13.131039],[77.571317,13.133296],[77.571334,13.133936],[77.571576,13.134626],[77.571766,13.135267],[77.571911,13.135973],[77.57198,13.135977],[77.572018,13.135972],[77.572227,13.135897],[77.572352,13.136114],[77.572384,13.136252],[77.572568,13.136243],[77.572653,13.136249],[77.572789,13.136324],[77.572797,13.136321],[77.572938,13.136261],[77.573426,13.136089],[77.573519,13.136387],[77.57367,13.136943],[77.573671,13.136949],[77.573821,13.137727],[77.57384,13.137858],[77.573928,13.138426],[77.573966,13.138679],[77.573998,13.139071],[77.573986,13.139522],[77.573955,13.139639],[77.573934,13.139728],[77.574005,13.140488],[77.57404,13.141],[77.574027,13.141203],[77.5744,13.141336],[77.57438,13.141442],[77.57425,13.141561],[77.575142,13.141638],[77.575177,13.141646],[77.575212,13.141652],[77.575607,13.141736],[77.57608,13.141841],[77.576725,13.141985],[77.57727,13.142102],[77.577327,13.142115],[77.577793,13.142304],[77.578241,13.142454],[77.578659,13.142516],[77.579195,13.142566],[77.579999,13.14266],[77.581214,13.141335],[77.581398,13.141157],[77.582384,13.1402],[77.582698,13.13897],[77.582864,13.138281],[77.582922,13.138135],[77.582931,13.138108],[77.583114,13.137666],[77.583192,13.137474],[77.583389,13.136954],[77.583455,13.136781],[77.58361,13.136462],[77.583711,13.135805],[77.583716,13.135771],[77.583721,13.135737],[77.583826,13.1353],[77.584033,13.135192],[77.584086,13.134522],[77.584232,13.134247],[77.584337,13.13404],[77.584468,13.133862],[77.584544,13.133758],[77.584558,13.133728],[77.584573,13.133698],[77.584783,13.133258],[77.5849,13.133091],[77.585194,13.13282],[77.585194,13.13282],[77.585601,13.132693],[77.585895,13.132768],[77.585748,13.133305],[77.586213,13.133313],[77.586792,13.13336],[77.587365,13.13333],[77.587778,13.133309],[77.588572,13.133292],[77.589007,13.133285],[77.5891,13.133298],[77.591173,13.13323],[77.59442,13.132937],[77.596535,13.132776],[77.598021,13.132326],[77.598105,13.132298],[77.599663,13.131774],[77.601034,13.133355],[77.60182,13.134146],[77.604517,13.134163],[77.604498,13.133863],[77.607608,13.133817],[77.607573,13.133397],[77.610407,13.133308],[77.61201,13.13324],[77.613863,13.131643],[77.614564,13.131293],[77.614926,13.131121],[77.615207,13.131015],[77.61571,13.130981],[77.61571,13.130981],[77.616966,13.131014],[77.618529,13.130953],[77.618571,13.130953],[77.61954,13.130958],[77.62051,13.130434],[77.621916,13.129755],[77.623059,13.129161],[77.625029,13.128157],[77.625981,13.127532],[77.62618,13.127522],[77.626384,13.127451],[77.62666,13.127355],[77.628242,13.126825],[77.629173,13.126509],[77.630485,13.126039],[77.630584,13.125851],[77.63143,13.124547],[77.631826,13.123923],[77.632252,13.123253],[77.632689,13.12258],[77.632756,13.122477],[77.632792,13.122423],[77.633253,13.121712],[77.633541,13.121264],[77.634425,13.119886],[77.634564,13.11967],[77.635125,13.118822],[77.635654,13.117999],[77.6363,13.116955],[77.63641,13.116776],[77.636833,13.116149],[77.636998,13.115903],[77.637203,13.115597],[77.637274,13.115494],[77.637303,13.115448],[77.637369,13.115346],[77.638714,13.113271],[77.6384,13.1121],[77.638275,13.111635],[77.63807,13.110872],[77.637877,13.109913],[77.637831,13.10968],[77.637505,13.108393],[77.637183,13.107221],[77.637024,13.106416],[77.636991,13.106251],[77.638018,13.106197],[77.638279,13.106176],[77.638545,13.106155],[77.639338,13.105977],[77.639924,13.105829],[77.640031,13.105813],[77.640116,13.105806],[77.640834,13.105746],[77.640868,13.105745],[77.640901,13.105746],[77.641256,13.105636],[77.641404,13.10559],[77.641923,13.105485],[77.642286,13.105512],[77.642928,13.105488],[77.643075,13.105551],[77.643214,13.105555],[77.643804,13.105752],[77.644123,13.105698],[77.644208,13.105686],[77.645109,13.105566],[77.64576,13.105474],[77.647254,13.105264],[77.648168,13.10514],[77.649067,13.105023],[77.649929,13.104907],[77.650443,13.104806],[77.650322,13.104496],[77.649545,13.102749],[77.649556,13.102538],[77.64956,13.102472],[77.64934,13.102039],[77.64912,13.10163],[77.649113,13.101384],[77.64907,13.101073],[77.648842,13.10052],[77.648777,13.100345],[77.648565,13.099776],[77.648396,13.099324],[77.648226,13.098868],[77.648154,13.098679],[77.647706,13.098078],[77.647634,13.09789],[77.647533,13.097632],[77.647513,13.097558],[77.647298,13.096899],[77.647095,13.096249],[77.646734,13.095087],[77.646119,13.09393],[77.645101,13.091605],[77.644489,13.090354],[77.643351,13.088221],[77.64283,13.087071],[77.642752,13.086759],[77.643282,13.086652],[77.643584,13.086594],[77.644992,13.086411],[77.646131,13.086338],[77.646524,13.086147],[77.646597,13.085186],[77.646603,13.085152],[77.646495,13.085027],[77.646101,13.084339],[77.64552,13.083392],[77.645122,13.08297],[77.644551,13.082317],[77.644461,13.082125],[77.643801,13.080954],[77.643287,13.080037],[77.642809,13.079164],[77.642528,13.078655],[77.642299,13.078157],[77.642146,13.077826],[77.64169,13.077442],[77.641514,13.077294],[77.64142,13.077216],[77.640974,13.07696],[77.640237,13.076931],[77.639559,13.076668],[77.639016,13.076002],[77.638309,13.07516],[77.639491,13.074935],[77.639441,13.073222],[77.63944,13.073218],[77.639481,13.071571],[77.639498,13.070872],[77.639504,13.070628],[77.639527,13.06969],[77.639363,13.068879],[77.639023,13.06758],[77.638727,13.066645],[77.638696,13.066544],[77.638568,13.065289],[77.638526,13.064811],[77.638361,13.063653],[77.638345,13.062783],[77.638283,13.062333],[77.638235,13.061999],[77.638195,13.061533],[77.638182,13.060824],[77.638173,13.060491],[77.638156,13.059924],[77.638157,13.059641],[77.638172,13.058965],[77.638354,13.057669],[77.638359,13.057503],[77.638336,13.056517],[77.638309,13.055603],[77.638297,13.05519],[77.638186,13.054844],[77.638153,13.054637],[77.638339,13.054535],[77.638313,13.054328],[77.638182,13.053928],[77.63812,13.053804],[77.638066,13.053538],[77.638032,13.053368],[77.63795,13.052963],[77.637885,13.052643],[77.637808,13.052162],[77.637794,13.052009],[77.63778,13.051809],[77.637796,13.051661],[77.638428,13.051554],[77.638362,13.05107],[77.638296,13.050784],[77.638136,13.050096],[77.638334,13.050064],[77.63826,13.049864],[77.638159,13.049528],[77.638136,13.049427],[77.63809,13.049233],[77.638004,13.048578],[77.637876,13.048057],[77.637838,13.047789],[77.637781,13.047379],[77.637701,13.047159],[77.637558,13.046767],[77.637314,13.046035],[77.637231,13.04554],[77.637166,13.045107],[77.637101,13.044682],[77.637089,13.044134],[77.637118,13.0435],[77.637178,13.043365],[77.637277,13.042931],[77.63729,13.04281],[77.637343,13.042846],[77.637556,13.042969],[77.63765,13.04302],[77.637745,13.043086],[77.63783,13.04315],[77.637907,13.043182],[77.638008,13.043217],[77.638072,13.043224],[77.638203,13.043222],[77.63831,13.043244],[77.638384,13.043269],[77.638471,13.043268],[77.638587,13.043277],[77.638636,13.043281],[77.639065,13.043316],[77.639263,13.043314],[77.639381,13.043292],[77.639758,13.043189],[77.640087,13.043075],[77.640391,13.042959],[77.640463,13.042912],[77.640552,13.042831],[77.640648,13.042728],[77.640722,13.04266],[77.640794,13.042645],[77.640935,13.042648],[77.64101,13.04265],[77.641075,13.042642],[77.641118,13.042624],[77.641215,13.04257],[77.641326,13.042486],[77.641391,13.042415],[77.641429,13.042312],[77.641456,13.042097],[77.641468,13.041906],[77.641471,13.041794],[77.64146,13.041713],[77.64141,13.041618],[77.641375,13.041582],[77.641348,13.041537],[77.641316,13.041434],[77.6413,13.041376],[77.641303,13.041336],[77.641318,13.041309],[77.641336,13.041278],[77.641354,13.041267],[77.641394,13.041259],[77.641395,13.041203],[77.6414,13.041045],[77.641445,13.040674],[77.641455,13.040513],[77.641465,13.040318],[77.641462,13.039966],[77.641472,13.039966],[77.641458,13.039511],[77.641648,13.039488],[77.641738,13.03946],[77.641808,13.039434],[77.641869,13.03937],[77.641978,13.039265],[77.642167,13.039034],[77.642368,13.038977],[77.64296,13.038955],[77.643575,13.03893],[77.643709,13.038938],[77.643765,13.038965],[77.643768,13.038966],[77.643793,13.038876],[77.643807,13.038822],[77.643813,13.03872],[77.64382,13.03859],[77.643837,13.038492],[77.64392,13.038337],[77.643932,13.038285],[77.643982,13.038175],[77.644028,13.03807],[77.644071,13.037952],[77.64411,13.037838],[77.644138,13.037737],[77.644155,13.037603],[77.644193,13.037237],[77.644232,13.037009],[77.644246,13.036947],[77.644267,13.036825],[77.644287,13.036734],[77.644339,13.036513],[77.644394,13.036319],[77.644421,13.036226],[77.644463,13.036194],[77.644687,13.036128],[77.644762,13.036113],[77.644832,13.036071],[77.644907,13.036024],[77.644929,13.035928],[77.64494,13.035881],[77.644883,13.035844],[77.643231,13.035906],[77.643176,13.035375],[77.643177,13.035364],[77.643177,13.035335],[77.643158,13.035325],[77.64325,13.034154],[77.643268,13.034067],[77.643099,13.034061],[77.642549,13.034052],[77.642376,13.03403],[77.642303,13.034001],[77.642185,13.033997],[77.641716,13.034144],[77.641279,13.034284],[77.641177,13.034327],[77.641177,13.034327],[77.641099,13.034318],[77.641032,13.034259],[77.64088,13.033964],[77.640769,13.033682],[77.640446,13.033329],[77.640167,13.032947],[77.640115,13.032885],[77.639918,13.032647],[77.639892,13.032616],[77.639852,13.032578],[77.639806,13.032466],[77.639756,13.03233],[77.639649,13.032038],[77.639656,13.032026],[77.6396,13.031751],[77.639398,13.031385],[77.639123,13.031141],[77.638525,13.03063],[77.638188,13.030334],[77.637993,13.030132],[77.637916,13.030015],[77.637873,13.029931],[77.637822,13.029782],[77.637744,13.029501],[77.637742,13.029475],[77.637605,13.027986],[77.637328,13.027934],[77.637137,13.027919],[77.63703,13.027917],[77.636948,13.027909],[77.636945,13.027908],[77.636729,13.027829],[77.636654,13.027788],[77.63658,13.027773],[77.636354,13.0278],[77.636047,13.027866],[77.636011,13.027874],[77.635667,13.028],[77.63504,13.028252],[77.634912,13.028294],[77.634877,13.028301],[77.634277,13.028442],[77.633744,13.028573],[77.633496,13.028689],[77.633496,13.028689],[77.633003,13.02811],[77.632716,13.027773],[77.632762,13.027754],[77.633887,13.027262],[77.634069,13.027199],[77.634974,13.026884],[77.635815,13.026632],[77.636986,13.026358],[77.63715,13.02632],[77.639012,13.025993],[77.63965,13.025885],[77.639937,13.025775],[77.640115,13.025707],[77.640556,13.025499],[77.642753,13.024553],[77.643119,13.024395],[77.643322,13.024304],[77.644488,13.023781],[77.645207,13.023472],[77.646412,13.022953],[77.647395,13.022525],[77.647847,13.022328],[77.647914,13.022299],[77.650544,13.021137],[77.651271,13.020817],[77.652745,13.020168],[77.654676,13.019441],[77.655634,13.019058],[77.657344,13.018297],[77.657344,13.018297],[77.658018,13.017998],[77.658018,13.017998],[77.658566,13.017754],[77.660371,13.016956],[77.660535,13.016883],[77.661524,13.01648],[77.661707,13.016407],[77.661798,13.016336],[77.661936,13.016204],[77.662017,13.016029],[77.662054,13.015882],[77.662095,13.015726],[77.66216,13.015061],[77.662206,13.014401],[77.662256,13.01369],[77.662283,13.0132],[77.662283,13.013197],[77.66229,13.013063],[77.662311,13.012689],[77.662328,13.012409],[77.662298,13.012389],[77.661798,13.01205],[77.661685,13.012003],[77.660859,13.011719],[77.660024,13.011433],[77.659514,13.011217],[77.658905,13.010914],[77.658454,13.010672],[77.658168,13.010476],[77.658131,13.01045],[77.657496,13.009993],[77.656203,13.009069],[77.656101,13.008976],[77.656079,13.008953],[77.655587,13.008448],[77.655013,13.007828],[77.654973,13.007785],[77.654621,13.00739],[77.654218,13.006937],[77.654086,13.006789],[77.653856,13.006601],[77.653687,13.006463],[77.653525,13.006331],[77.653465,13.006281],[77.653351,13.006192],[77.653175,13.006051],[77.652876,13.005815],[77.652543,13.005869],[77.651831,13.005985],[77.651262,13.006079],[77.651568,13.00669],[77.651466,13.006734],[77.651389,13.00676],[77.651324,13.006776],[77.651264,13.00679],[77.651188,13.006806],[77.651106,13.006822],[77.651088,13.006825],[77.65097,13.006839],[77.650864,13.00687],[77.650845,13.006877],[77.650741,13.006919],[77.650634,13.006961],[77.650615,13.00697],[77.650461,13.007045],[77.650384,13.007093],[77.650227,13.007193],[77.650043,13.007306],[77.649954,13.007362],[77.649737,13.00746],[77.649678,13.007471],[77.649573,13.007478],[77.649509,13.007484],[77.649304,13.007508],[77.649071,13.007537],[77.648969,13.007549],[77.648858,13.007556],[77.648615,13.007573],[77.648569,13.007576],[77.64838,13.007582],[77.647982,13.007595],[77.647981,13.007529],[77.64785,13.007559],[77.646704,13.007991],[77.646625,13.007899],[77.646548,13.007813],[77.646485,13.007714],[77.646378,13.007546],[77.64635,13.007515],[77.646289,13.007444],[77.646242,13.007422],[77.646178,13.00739],[77.646096,13.007335],[77.64607,13.007302],[77.645845,13.006996],[77.645793,13.006925],[77.645528,13.00639],[77.645475,13.006395],[77.645194,13.006403],[77.645113,13.006405],[77.644972,13.006403],[77.644861,13.006401],[77.644764,13.006399],[77.644549,13.006388],[77.644513,13.006384],[77.644234,13.006352],[77.644145,13.006346],[77.643541,13.006303],[77.643464,13.006301],[77.643363,13.006296],[77.643178,13.006271],[77.643158,13.006268],[77.642853,13.006222],[77.642712,13.0062],[77.642557,13.006186],[77.642303,13.006162],[77.642277,13.006159],[77.641945,13.006125],[77.641638,13.006094],[77.641094,13.006051],[77.641013,13.006037],[77.640674,13.005983],[77.640111,13.005846],[77.6397,13.005712],[77.6392,13.005531],[77.63882,13.005441],[77.638634,13.005408],[77.638541,13.005407],[77.638463,13.005408],[77.638311,13.005415],[77.638068,13.005438],[77.638068,13.005438],[77.638007,13.005404],[77.637593,13.005171],[77.637458,13.005054],[77.637452,13.005048],[77.637448,13.005042],[77.637413,13.005008],[77.63733,13.004911],[77.637303,13.004876],[77.637254,13.004816],[77.637141,13.004667],[77.636974,13.004514],[77.636833,13.004384],[77.636651,13.004231],[77.636646,13.004227],[77.636351,13.003958],[77.636339,13.003884],[77.636423,13.003828],[77.63644,13.003819],[77.636506,13.00378],[77.636586,13.003734],[77.636738,13.003642],[77.637127,13.003408],[77.637214,13.003355],[77.637437,13.003242],[77.637702,13.003106],[77.638087,13.00291],[77.638446,13.002727],[77.638526,13.00268],[77.638566,13.002633],[77.638594,13.00257],[77.638606,13.002512],[77.638676,13.002256],[77.638747,13.002119],[77.638802,13.00199],[77.638868,13.001851],[77.638908,13.001764],[77.638959,13.001702],[77.63905,13.001605],[77.639193,13.00145],[77.639244,13.001376],[77.639469,13.001055],[77.63962,13.000802],[77.63962,13.000802],[77.639654,13.000744],[77.640065,12.999977],[77.640065,12.999977],[77.640079,12.999952],[77.640432,12.999286],[77.640469,12.999197],[77.640493,12.999105],[77.640528,12.999018],[77.64058,12.998919],[77.640653,12.998821],[77.640696,12.998735],[77.64075,12.998652],[77.640962,12.998323],[77.641311,12.997831],[77.642103,12.996696],[77.64215,12.996627],[77.642683,12.995861],[77.642707,12.995819],[77.642719,12.995803],[77.642369,12.995777],[77.641324,12.995778],[77.641232,12.995388],[77.641178,12.995399],[77.640659,12.995684],[77.640449,12.994871],[77.640048,12.994919],[77.639884,12.99491],[77.639542,12.994943],[77.639472,12.994947],[77.639472,12.994947],[77.639372,12.994948],[77.639196,12.994966],[77.639028,12.994989],[77.638878,12.995015],[77.638706,12.995019],[77.637939,12.995101],[77.63792,12.994778],[77.637901,12.994236],[77.638057,12.994202],[77.637962,12.993818],[77.63789,12.993635],[77.637471,12.993671],[77.63744,12.993406],[77.637414,12.993243],[77.637405,12.993166],[77.63737,12.992866],[77.63734,12.992682],[77.636326,12.992881],[77.634818,12.993191],[77.634543,12.993266],[77.634469,12.993286],[77.634115,12.99331],[77.632958,12.993553],[77.632579,12.993634],[77.631913,12.993791],[77.631875,12.993798],[77.631843,12.993804],[77.631634,12.993841],[77.631634,12.993841],[77.631607,12.993846],[77.631282,12.9939],[77.631282,12.9939],[77.630441,12.994038],[77.630441,12.994038],[77.630339,12.994055],[77.629098,12.994274],[77.628892,12.994186],[77.62908,12.99435],[77.629134,12.994402],[77.629151,12.994438],[77.629155,12.994475],[77.62812,12.994664],[77.627843,12.994714],[77.627675,12.994745],[77.626952,12.99494],[77.626232,12.995185],[77.626098,12.995246],[77.625426,12.995548],[77.62505,12.99579],[77.624617,12.99605],[77.624153,12.996444],[77.623163,12.997321],[77.622395,12.997998],[77.621741,12.998575],[77.621643,12.998662],[77.621182,12.999074],[77.620183,12.999965],[77.620112,12.999898],[77.619954,12.999793],[77.619897,12.999753],[77.619427,12.99942],[77.619413,12.99941],[77.61934,12.999315],[77.619228,12.999112],[77.619119,12.998942],[77.618977,12.99877],[77.618854,12.998678],[77.618397,12.998469],[77.618386,12.998465],[77.618002,12.998304],[77.617936,12.998284],[77.617816,12.998098],[77.617753,12.998],[77.617751,12.997996],[77.617509,12.997482],[77.617394,12.99724],[77.617371,12.997179],[77.617211,12.996768],[77.61701,12.996247],[77.616832,12.995789],[77.61678,12.995749],[77.616912,12.995635],[77.616996,12.995568],[77.617345,12.995362],[77.617428,12.995273],[77.617599,12.99509],[77.617635,12.995027],[77.61793,12.994523],[77.61799,12.994421],[77.618273,12.993901],[77.618706,12.993053],[77.618861,12.992768],[77.619203,12.992102],[77.619358,12.991692],[77.619397,12.991399],[77.619479,12.990833],[77.61951,12.990469],[77.619554,12.989858],[77.619548,12.989611],[77.619546,12.989577],[77.619513,12.988788],[77.619496,12.988404],[77.619475,12.988273],[77.61943,12.987987],[77.619307,12.987203],[77.619079,12.987182],[77.618781,12.987404],[77.618518,12.987582],[77.61823,12.987778],[77.618228,12.98778],[77.617317,12.988607],[77.617301,12.988622],[77.617262,12.988655],[77.617205,12.988696],[77.616656,12.989012],[77.615788,12.989474],[77.61574,12.989503],[77.614996,12.989931],[77.614041,12.99052],[77.613967,12.990588],[77.613957,12.990597],[77.613859,12.990653],[77.613406,12.990868],[77.61329,12.990937],[77.613046,12.991081],[77.612593,12.991293],[77.61242,12.99134],[77.612215,12.991397],[77.611772,12.991497],[77.611507,12.991583],[77.611452,12.991601],[77.611159,12.991753],[77.611099,12.991791],[77.610784,12.991993],[77.610283,12.992307],[77.609777,12.992705],[77.609485,12.992935],[77.609168,12.993191],[77.608951,12.993383],[77.608891,12.993416],[77.608815,12.993457],[77.608684,12.993466],[77.608497,12.993476],[77.608296,12.993487],[77.607727,12.993514],[77.607536,12.993538],[77.607404,12.993485],[77.607356,12.993406],[77.60731,12.993243],[77.607274,12.993017],[77.607257,12.992503],[77.607252,12.992363],[77.607227,12.991657],[77.607227,12.991625],[77.607229,12.99151],[77.607209,12.991084],[77.607205,12.990983],[77.607185,12.990712],[77.607178,12.990618],[77.607168,12.990433],[77.607162,12.99032],[77.607062,12.990289],[77.606963,12.990258],[77.606892,12.990236],[77.606636,12.99018],[77.606629,12.990179],[77.60642,12.990154],[77.606393,12.990151],[77.606076,12.990145],[77.606041,12.990146],[77.606017,12.990147],[77.6057,12.990155],[77.605675,12.990155],[77.605421,12.990154],[77.605363,12.99015],[77.605332,12.990295],[77.605317,12.990462],[77.605295,12.990597],[77.605287,12.990642],[77.605208,12.990862],[77.605129,12.991063],[77.605,12.991314],[77.604981,12.99135],[77.604919,12.991437],[77.604784,12.991647],[77.604693,12.99176],[77.604631,12.991893],[77.60457,12.991957],[77.604553,12.99197],[77.604523,12.99197],[77.604338,12.99205],[77.604276,12.992091],[77.60388,12.992658],[77.603872,12.992727],[77.603798,12.992686],[77.603665,12.992612],[77.603352,12.992497],[77.602857,12.992404],[77.602565,12.992379],[77.602395,12.992392],[77.601821,12.992485],[77.601264,12.992632],[77.600573,12.992898],[77.599189,12.99346],[77.598642,12.993647],[77.596593,12.994442],[77.596577,12.994543],[77.596786,12.994596],[77.59713,12.994666],[77.597237,12.9947],[77.598141,12.994989],[77.598885,12.995211],[77.599319,12.995322],[77.600351,12.995634],[77.600552,12.995689],[77.600645,12.995697],[77.600676,12.9957],[77.602161,12.995368],[77.602217,12.995355],[77.602704,12.995227],[77.603138,12.995114],[77.603271,12.995069],[77.603695,12.994926],[77.603732,12.994913],[77.604191,12.994761],[77.604407,12.99469],[77.604501,12.994654],[77.604651,12.994595],[77.604963,12.994473],[77.605255,12.994382],[77.605389,12.99434],[77.605424,12.994329],[77.605629,12.994241],[77.605669,12.994298],[77.606467,12.995522],[77.60655,12.995648],[77.606991,12.996276],[77.607066,12.996395],[77.607688,12.99739],[77.60791,12.997745],[77.608285,12.998286],[77.608644,12.99881],[77.608769,12.998973],[77.608769,12.998973],[77.608278,12.999122],[77.607627,12.999353],[77.607372,12.999428],[77.607085,12.999486],[77.606938,12.999501],[77.606851,12.999492],[77.60681,12.999475],[77.606768,12.999458],[77.606746,12.999425],[77.606734,12.999348],[77.606734,12.999348],[77.606721,12.999263],[77.606602,12.998462],[77.606524,12.997881],[77.606468,12.997823],[77.606383,12.997784],[77.606251,12.997759],[77.606193,12.997762],[77.605999,12.99777],[77.605711,12.99779],[77.605428,12.99779],[77.605366,12.99779],[77.605093,12.997795],[77.605056,12.997826],[77.605039,12.997861],[77.604957,12.998081],[77.60495,12.998104],[77.604926,12.998185],[77.604868,12.998381],[77.6048,12.99851],[77.604784,12.99853],[77.60475,12.998572],[77.604598,12.998673],[77.604364,12.998783],[77.604358,12.998787],[77.604296,12.998844],[77.604276,12.998851],[77.603775,12.999084],[77.602395,12.999516],[77.601849,12.999876],[77.601702,13.000554],[77.60159,13.000505],[77.601516,13.001436],[77.602106,13.001348],[77.602239,13.001321],[77.602332,13.001324],[77.602435,13.001388],[77.602587,13.001559],[77.602799,13.001872],[77.603036,13.00226],[77.60317,13.00248],[77.603299,13.002664],[77.603495,13.002933],[77.603597,13.003088],[77.603717,13.003269],[77.603765,13.003342],[77.60387,13.003528],[77.603808,13.003892],[77.603805,13.003951],[77.603788,13.004275],[77.603797,13.004316],[77.60399,13.004676],[77.604311,13.00528],[77.604437,13.005531],[77.604473,13.005601],[77.604607,13.005871],[77.604705,13.006065],[77.60494,13.005981],[77.605124,13.006408],[77.605237,13.006669],[77.605044,13.006764],[77.604159,13.007196],[77.602627,13.007937],[77.601459,13.008518],[77.601303,13.008595],[77.600736,13.008872],[77.599902,13.009309],[77.598934,13.009747],[77.598342,13.010032],[77.598156,13.010122],[77.597838,13.010288],[77.597249,13.010608],[77.596861,13.01081],[77.596817,13.010824],[77.596775,13.010838],[77.596242,13.011019],[77.595768,13.011217],[77.595486,13.010497],[77.595485,13.010494],[77.595479,13.010481],[77.595353,13.010169],[77.595351,13.010164],[77.595341,13.010051],[77.594992,13.009106],[77.594989,13.009101],[77.594779,13.009218],[77.594752,13.009233],[77.594616,13.008835],[77.594436,13.008094],[77.594351,13.007889],[77.594241,13.0076],[77.594086,13.007201],[77.593968,13.00692],[77.593897,13.006772],[77.593328,13.005588],[77.593263,13.005654],[77.593238,13.005717],[77.59317,13.005904],[77.593143,13.005944],[77.593118,13.006006],[77.592965,13.00634],[77.592679,13.006797],[77.592311,13.007396],[77.592281,13.007446],[77.591701,13.008419],[77.591152,13.009219],[77.590668,13.009923],[77.590663,13.009931],[77.590663,13.009931],[77.589802,13.01123],[77.589112,13.012233],[77.588742,13.012711],[77.588287,13.01331],[77.58812,13.0135],[77.587795,13.013791],[77.587583,13.013931],[77.587175,13.014115],[77.586853,13.014247],[77.586667,13.014298],[77.586522,13.014326],[77.58602,13.014392],[77.585251,13.014489],[77.584642,13.014504],[77.583973,13.014513],[77.583945,13.014802],[77.583969,13.015907],[77.583974,13.01689],[77.583965,13.017265],[77.583947,13.017973],[77.583934,13.019125],[77.583928,13.019298],[77.583928,13.019298],[77.583918,13.01969],[77.583961,13.020252],[77.583971,13.020389],[77.584025,13.020675],[77.584073,13.020891],[77.584165,13.021199],[77.584205,13.021326],[77.584206,13.021329],[77.584449,13.022186],[77.58459,13.022682],[77.584655,13.022912],[77.584624,13.022936],[77.583685,13.023671],[77.582737,13.024551],[77.58261,13.024632],[77.582577,13.024653],[77.582349,13.02479],[77.582145,13.024872],[77.581847,13.024957],[77.581697,13.025019],[77.581432,13.025137],[77.581279,13.025215],[77.581155,13.025319],[77.581141,13.025342],[77.581096,13.025412],[77.581016,13.025696],[77.580951,13.025749],[77.58084,13.025802],[77.580657,13.025926],[77.580638,13.025944],[77.580467,13.026112],[77.580268,13.026345],[77.580085,13.026539],[77.580105,13.026511],[77.579999,13.026531],[77.579242,13.02669],[77.579104,13.026719],[77.579024,13.026731],[77.578945,13.026743],[77.57873,13.026777],[77.578623,13.026793],[77.578507,13.026811],[77.578122,13.026847],[77.57778,13.026879],[77.577727,13.026888],[77.577725,13.026925],[77.577719,13.027199],[77.577707,13.027246],[77.577688,13.027251],[77.577684,13.027259],[77.576958,13.027364],[77.576935,13.027368],[77.576935,13.027368],[77.576717,13.027399],[77.575887,13.027553],[77.57583,13.027564],[77.57582,13.027565],[77.574654,13.027772],[77.574654,13.027772],[77.57456,13.027789],[77.574022,13.027889],[77.573463,13.027994],[77.573456,13.027996],[77.572009,13.028351],[77.571531,13.028438],[77.571443,13.028454],[77.571251,13.028462],[77.571112,13.028855],[77.570894,13.029469],[77.570681,13.030051],[77.570329,13.031008],[77.570297,13.031107],[77.570181,13.031477],[77.57011,13.031702],[77.570048,13.031854],[77.569989,13.031996],[77.569853,13.032267],[77.569477,13.032876],[77.569034,13.033417],[77.568628,13.03401],[77.568563,13.034105],[77.568322,13.034412],[77.568076,13.034724],[77.56787,13.034985],[77.567866,13.034989],[77.567578,13.035312],[77.567237,13.035668],[77.566777,13.036152],[77.566642,13.036293],[77.566297,13.036666],[77.56602,13.036966],[77.565986,13.037002],[77.56544,13.037669],[77.565083,13.038144],[77.56487,13.038425],[77.564655,13.038695],[77.56435,13.039076],[77.564287,13.039156],[77.564159,13.039315],[77.56391,13.039594],[77.562803,13.0411],[77.562246,13.041824],[77.562112,13.041976],[77.561568,13.041011],[77.561056,13.040101],[77.560963,13.040002],[77.560963,13.040002],[77.560858,13.03989],[77.560771,13.039796],[77.560576,13.0396],[77.560576,13.0396],[77.560483,13.039506],[77.560083,13.039216],[77.559442,13.038931],[77.558766,13.038679],[77.558735,13.038676],[77.557422,13.038578],[77.557297,13.038578],[77.557311,13.038484],[77.55733,13.038373],[77.557389,13.038176],[77.557406,13.037957],[77.557429,13.037664],[77.557429,13.037664],[77.557451,13.037385],[77.557508,13.036764],[77.557564,13.036292],[77.557576,13.03611],[77.557574,13.035919],[77.557535,13.035766],[77.557535,13.035766],[77.557503,13.035642],[77.557392,13.035153],[77.557372,13.035004],[77.557374,13.03493],[77.557375,13.034891],[77.557387,13.034786],[77.557398,13.034688],[77.557381,13.034678],[77.557717,13.034153],[77.557773,13.034069],[77.557818,13.034002],[77.558333,13.033234],[77.55862,13.032839],[77.558885,13.032475],[77.559363,13.031814],[77.559798,13.031151],[77.559976,13.030931],[77.559744,13.030382],[77.559744,13.030382],[77.559088,13.028827],[77.559088,13.028827],[77.55882,13.028193],[77.558459,13.027338],[77.558405,13.02722],[77.558155,13.026677],[77.557891,13.026102],[77.557887,13.026094],[77.557721,13.025714],[77.557561,13.025151],[77.55748,13.024888],[77.557355,13.024482],[77.557318,13.024367],[77.557221,13.024075],[77.557114,13.023745],[77.557018,13.023451],[77.556931,13.023191],[77.556926,13.023177],[77.556906,13.023128],[77.556765,13.022763],[77.556497,13.022101],[77.556489,13.022075],[77.556435,13.021939],[77.556388,13.0218],[77.556294,13.021563],[77.556185,13.021302],[77.556086,13.021117],[77.556051,13.021069],[77.555832,13.020595],[77.555576,13.020039],[77.555544,13.019969],[77.555486,13.019842],[77.555375,13.019832],[77.555173,13.019817],[77.554936,13.019806],[77.554639,13.019806],[77.554374,13.019797],[77.554342,13.019816],[77.553911,13.019221],[77.553765,13.019322],[77.550579,13.025066],[77.550579,13.025066],[77.550184,13.02579],[77.55004,13.026052]]]},"properties":{"corporatio":"North","_folder":"corporations"}},{"type":"Feature","geometry":{"type":"Polygon","coordinates":[[[77.511343,12.890655],[77.510993,12.890164],[77.510634,12.889681],[77.510291,12.889262],[77.509898,12.888861],[77.509431,12.888436],[77.508772,12.887909],[77.508135,12.887469],[77.507591,12.887144],[77.506386,12.886557],[77.50341,12.885154],[77.502032,12.884393],[77.501067,12.883827],[77.499101,12.882496],[77.498049,12.881671],[77.497641,12.881353],[77.497346,12.881284],[77.497046,12.880866],[77.496417,12.880562],[77.496485,12.879884],[77.495724,12.880034],[77.495575,12.879544],[77.495034,12.87914],[77.494609,12.878569],[77.494241,12.878172],[77.493939,12.877655],[77.493254,12.877233],[77.492833,12.876533],[77.49224,12.87575],[77.49061,12.873534],[77.490151,12.873003],[77.489795,12.872615],[77.489018,12.871777],[77.488883,12.87182],[77.482247,12.864475],[77.476716,12.865229],[77.476972,12.865883],[77.477087,12.866088],[77.477184,12.86621],[77.477457,12.866452],[77.477635,12.866656],[77.477564,12.866632],[77.47746,12.866636],[77.477313,12.866685],[77.477263,12.866751],[77.477241,12.866755],[77.477209,12.866686],[77.477191,12.866661],[77.476925,12.866288],[77.476559,12.866731],[77.476016,12.866759],[77.475984,12.867252],[77.476393,12.867345],[77.47647,12.867748],[77.476426,12.868418],[77.478171,12.868471],[77.478033,12.868639],[77.477717,12.869776],[77.477495,12.871444],[77.47749,12.872032],[77.477638,12.872031],[77.477748,12.877933],[77.475706,12.878171],[77.475594,12.87826],[77.475708,12.878442],[77.475827,12.87843],[77.47565,12.878826],[77.475454,12.879102],[77.475113,12.87956],[77.474958,12.879779],[77.474824,12.880048],[77.474865,12.880417],[77.474943,12.880677],[77.475158,12.88095],[77.47565,12.881311],[77.476068,12.881612],[77.476183,12.881682],[77.476527,12.882001],[77.476934,12.882369],[77.477355,12.882748],[77.477547,12.883006],[77.477945,12.883395],[77.478265,12.883787],[77.478507,12.884107],[77.478711,12.884277],[77.478902,12.88445],[77.47898,12.884622],[77.479018,12.884683],[77.479006,12.884745],[77.479007,12.884819],[77.478958,12.884992],[77.478885,12.88524],[77.478898,12.885302],[77.4789,12.885562],[77.478876,12.885624],[77.478839,12.885699],[77.478802,12.885761],[77.478752,12.885823],[77.47874,12.885898],[77.478728,12.885985],[77.478741,12.886058],[77.478767,12.88612],[77.478856,12.886169],[77.478945,12.886205],[77.479109,12.886229],[77.479336,12.886227],[77.4795,12.886175],[77.479776,12.886086],[77.480141,12.885947],[77.48057,12.885943],[77.480697,12.885954],[77.48076,12.885953],[77.480924,12.885964],[77.481126,12.88595],[77.481454,12.885897],[77.481813,12.885845],[77.481965,12.885819],[77.482078,12.885756],[77.482495,12.885752],[77.482633,12.885763],[77.48285,12.885946],[77.482927,12.886094],[77.482967,12.886291],[77.482968,12.886402],[77.482867,12.886658],[77.482707,12.887105],[77.482509,12.887552],[77.482456,12.887779],[77.482376,12.888122],[77.482243,12.888778],[77.482009,12.8893],[77.481842,12.889556],[77.481729,12.889632],[77.481592,12.889756],[77.481404,12.889943],[77.481342,12.890031],[77.481254,12.890081],[77.481128,12.890132],[77.481053,12.890145],[77.481001,12.890146],[77.480787,12.890148],[77.480699,12.890124],[77.48056,12.890075],[77.480471,12.890026],[77.480344,12.889978],[77.480217,12.889893],[77.479989,12.889759],[77.479685,12.889699],[77.479546,12.889701],[77.47942,12.889714],[77.479307,12.88979],[77.479272,12.89],[77.479262,12.890273],[77.479266,12.890682],[77.479217,12.891248],[77.479218,12.891293],[77.479212,12.891466],[77.479204,12.891721],[77.479203,12.891757],[77.479205,12.891807],[77.479205,12.891858],[77.479199,12.891908],[77.479181,12.891957],[77.479091,12.892138],[77.47907,12.892172],[77.479042,12.892198],[77.479006,12.892227],[77.478943,12.89226],[77.478895,12.892288],[77.478848,12.892317],[77.478806,12.892347],[77.478775,12.892376],[77.478737,12.892403],[77.478704,12.892433],[77.478671,12.892461],[77.478615,12.892517],[77.478558,12.892543],[77.478523,12.892566],[77.478481,12.892589],[77.47843,12.892615],[77.478392,12.892643],[77.478355,12.892664],[77.478314,12.892678],[77.478274,12.892701],[77.478228,12.892736],[77.47818,12.892777],[77.478131,12.892814],[77.478098,12.892844],[77.478013,12.892879],[77.477832,12.893024],[77.477795,12.893063],[77.477717,12.893206],[77.477589,12.893372],[77.477504,12.893448],[77.477435,12.893509],[77.477402,12.893557],[77.477295,12.8937],[77.477214,12.89384],[77.47716,12.893921],[77.477084,12.89402],[77.477048,12.894087],[77.477017,12.894155],[77.476994,12.894209],[77.476949,12.894263],[77.476863,12.894344],[77.476791,12.894425],[77.476737,12.894471],[77.476641,12.894503],[77.476573,12.894472],[77.476422,12.894442],[77.47622,12.894319],[77.476146,12.894266],[77.476022,12.894218],[77.475862,12.894197],[77.475739,12.894207],[77.475662,12.894235],[77.475585,12.894276],[77.475522,12.894344],[77.47549,12.894424],[77.475469,12.894532],[77.475456,12.894617],[77.475466,12.894689],[77.475489,12.894773],[77.475531,12.894849],[77.475668,12.895264],[77.475867,12.895593],[77.476111,12.895797],[77.476337,12.895932],[77.476578,12.896069],[77.477333,12.896505],[77.477109,12.896655],[77.47669,12.896999],[77.475443,12.897658],[77.475166,12.897852],[77.474693,12.898134],[77.474111,12.898314],[77.473359,12.898403],[77.472466,12.896947],[77.472395,12.896825],[77.47131,12.895477],[77.470221,12.894095],[77.469584,12.892485],[77.469381,12.891925],[77.468783,12.889895],[77.468758,12.889812],[77.468368,12.888477],[77.467795,12.889323],[77.466804,12.890549],[77.465861,12.89181],[77.465796,12.891899],[77.465045,12.893002],[77.464316,12.894134],[77.463308,12.895597],[77.462173,12.897285],[77.462246,12.89735],[77.462231,12.897373],[77.462103,12.897565],[77.462032,12.89767],[77.461949,12.897848],[77.461819,12.898126],[77.461543,12.89872],[77.460677,12.898499],[77.460685,12.899329],[77.460713,12.90003],[77.460316,12.900195],[77.460282,12.900209],[77.4602,12.900387],[77.460156,12.901633],[77.460128,12.903042],[77.460139,12.904109],[77.460131,12.904765],[77.460051,12.905067],[77.460317,12.906611],[77.46079,12.906578],[77.462226,12.906442],[77.463718,12.906483],[77.465081,12.906587],[77.466672,12.906878],[77.466676,12.907363],[77.466623,12.907946],[77.466596,12.908357],[77.466499,12.910147],[77.467214,12.911258],[77.468189,12.912292],[77.468699,12.913026],[77.468968,12.913414],[77.469254,12.913986],[77.469439,12.914359],[77.470027,12.915129],[77.470209,12.915882],[77.470437,12.916763],[77.470653,12.917595],[77.47084,12.91834],[77.470902,12.918572],[77.471497,12.920364],[77.471769,12.921218],[77.472045,12.922172],[77.472196,12.922621],[77.472434,12.923483],[77.472594,12.924099],[77.472762,12.924746],[77.472899,12.925361],[77.473144,12.926458],[77.473192,12.926664],[77.474822,12.92668],[77.475887,12.926696],[77.477397,12.92647],[77.478234,12.926285],[77.479595,12.925917],[77.479608,12.925938],[77.479652,12.926055],[77.479618,12.926127],[77.479623,12.926218],[77.479705,12.926312],[77.479733,12.926399],[77.479706,12.92646],[77.479552,12.92651],[77.479475,12.926564],[77.47938,12.926724],[77.479259,12.926904],[77.479109,12.927015],[77.479086,12.927064],[77.479095,12.927159],[77.479119,12.927227],[77.479201,12.927329],[77.47936,12.927399],[77.479523,12.927488],[77.479659,12.927533],[77.479821,12.927546],[77.479953,12.927549],[77.480065,12.92757],[77.480177,12.927581],[77.480263,12.927641],[77.480871,12.927434],[77.480987,12.927406],[77.481179,12.927749],[77.481231,12.927912],[77.481244,12.928003],[77.481345,12.928074],[77.481461,12.928129],[77.481645,12.928378],[77.481831,12.928804],[77.481917,12.928913],[77.482037,12.928946],[77.482223,12.928948],[77.482316,12.928955],[77.48252,12.929271],[77.482602,12.929515],[77.482675,12.929732],[77.482872,12.93014],[77.482971,12.930321],[77.483122,12.930444],[77.483201,12.930603],[77.483229,12.93069],[77.483204,12.930876],[77.483082,12.93107],[77.483021,12.931165],[77.482895,12.931261],[77.483031,12.931343],[77.483224,12.931353],[77.483319,12.931344],[77.48347,12.93156],[77.483472,12.931842],[77.483316,12.932118],[77.483227,12.932229],[77.483235,12.93231],[77.483161,12.93243],[77.483087,12.932486],[77.483071,12.932497],[77.483073,12.932685],[77.483164,12.932782],[77.48321,12.932828],[77.483257,12.932813],[77.483313,12.932792],[77.483347,12.932821],[77.483388,12.932868],[77.483476,12.932898],[77.483529,12.932923],[77.483573,12.933255],[77.483564,12.933296],[77.48352,12.933422],[77.483634,12.933639],[77.483621,12.933936],[77.483645,12.933976],[77.48371,12.934082],[77.483781,12.934197],[77.483805,12.934238],[77.483823,12.93433],[77.483933,12.934896],[77.484042,12.935272],[77.484124,12.935805],[77.484101,12.935871],[77.484127,12.93616],[77.484044,12.936235],[77.48416,12.936478],[77.484138,12.936604],[77.484151,12.936708],[77.484181,12.936894],[77.484178,12.936894],[77.48384,12.93696],[77.483073,12.937066],[77.482385,12.937161],[77.482102,12.9372],[77.481734,12.937239],[77.481055,12.937309],[77.48103,12.937312],[77.480396,12.937366],[77.479348,12.937457],[77.47884,12.937508],[77.478774,12.937514],[77.478357,12.937562],[77.476916,12.938036],[77.476273,12.938309],[77.476391,12.938602],[77.476398,12.938617],[77.475916,12.938986],[77.475344,12.939425],[77.47519,12.93955],[77.475024,12.939685],[77.474961,12.939736],[77.474736,12.939915],[77.47446,12.940022],[77.473875,12.940215],[77.473635,12.940236],[77.473252,12.940333],[77.473718,12.941141],[77.47378,12.941274],[77.473975,12.941656],[77.474232,12.942115],[77.474318,12.942343],[77.47454,12.942969],[77.474745,12.943422],[77.474806,12.943976],[77.474836,12.944241],[77.474917,12.944648],[77.474932,12.944732],[77.47507,12.945468],[77.475156,12.945685],[77.475361,12.946384],[77.475536,12.946993],[77.475821,12.947633],[77.476279,12.948823],[77.47613,12.948895],[77.475778,12.949],[77.475524,12.949117],[77.47518,12.949112],[77.474945,12.949133],[77.474187,12.949202],[77.473703,12.949212],[77.473058,12.949328],[77.472731,12.949266],[77.472433,12.94955],[77.471059,12.949586],[77.471122,12.950725],[77.471231,12.950733],[77.471674,12.950764],[77.472142,12.950869],[77.472252,12.951065],[77.472374,12.951317],[77.472512,12.951601],[77.472513,12.951806],[77.471477,12.952268],[77.471561,12.952837],[77.471577,12.953073],[77.471637,12.953767],[77.471764,12.954098],[77.471891,12.954346],[77.471949,12.954634],[77.471966,12.954717],[77.471995,12.955043],[77.4721,12.955055],[77.472474,12.955949],[77.472858,12.956066],[77.473505,12.957108],[77.473821,12.957689],[77.474185,12.958359],[77.474256,12.95849],[77.474712,12.959467],[77.475105,12.960101],[77.475284,12.960389],[77.47441,12.961555],[77.474243,12.961778],[77.473722,12.962513],[77.473527,12.962789],[77.472913,12.96359],[77.472284,12.963671],[77.472485,12.964322],[77.472597,12.964681],[77.472998,12.965872],[77.473176,12.966403],[77.473485,12.966986],[77.473272,12.967102],[77.473926,12.96812],[77.474137,12.968506],[77.474525,12.96921],[77.474796,12.96959],[77.475017,12.970042],[77.475027,12.970324],[77.47504,12.970711],[77.47507,12.971594],[77.475075,12.971726],[77.47508,12.972207],[77.475085,12.97294],[77.475084,12.972967],[77.47508,12.972993],[77.474957,12.973761],[77.474923,12.973976],[77.474865,12.97435],[77.474837,12.975671],[77.474543,12.977793],[77.474433,12.978618],[77.474303,12.979588],[77.474269,12.979781],[77.474044,12.980625],[77.473996,12.980972],[77.473963,12.98112],[77.473941,12.981224],[77.473836,12.981729],[77.473793,12.982224],[77.473726,12.982479],[77.473454,12.983319],[77.473315,12.983588],[77.473278,12.98366],[77.473266,12.983679],[77.473063,12.984002],[77.472303,12.9848],[77.472259,12.984847],[77.471686,12.985123],[77.470857,12.985723],[77.470373,12.985988],[77.469803,12.9863],[77.468405,12.986709],[77.468682,12.987222],[77.469112,12.98802],[77.469311,12.988407],[77.46993,12.989631],[77.470005,12.98978],[77.47006,12.989872],[77.470087,12.989917],[77.470363,12.990654],[77.470551,12.991405],[77.470708,12.991901],[77.470821,12.992241],[77.471096,12.993303],[77.47133,12.993857],[77.47123,12.994236],[77.471253,12.994604],[77.471304,12.994699],[77.471657,12.99541],[77.471755,12.995461],[77.471807,12.995489],[77.47245,12.996806],[77.472882,12.996726],[77.473049,12.99731],[77.473167,12.997486],[77.473281,12.997882],[77.473489,12.9986],[77.473567,12.998871],[77.474202,12.999219],[77.474354,12.999849],[77.474535,13.000597],[77.474781,13.000746],[77.474849,13.001108],[77.475266,13.002557],[77.47542,13.003393],[77.475271,13.003414],[77.475194,13.003426],[77.47518,13.003999],[77.475171,13.004374],[77.474999,13.004865],[77.475007,13.004894],[77.475233,13.005701],[77.475362,13.006283],[77.475398,13.006447],[77.474894,13.006588],[77.474583,13.006707],[77.474219,13.006879],[77.474037,13.006932],[77.473308,13.007141],[77.472839,13.007268],[77.473121,13.008829],[77.473443,13.008762],[77.47374,13.009246],[77.473968,13.009618],[77.473989,13.009652],[77.474725,13.011208],[77.474839,13.011465],[77.474904,13.011609],[77.475239,13.013019],[77.475261,13.013114],[77.476371,13.014309],[77.476952,13.014872],[77.476984,13.01502],[77.477087,13.015508],[77.477117,13.015649],[77.477125,13.015748],[77.477164,13.016046],[77.477364,13.016957],[77.477471,13.017303],[77.478124,13.018514],[77.478372,13.019068],[77.478388,13.019203],[77.478693,13.020815],[77.47896,13.022007],[77.478963,13.022023],[77.478436,13.022158],[77.478421,13.022958],[77.478406,13.023786],[77.478439,13.024363],[77.478683,13.026253],[77.47875,13.026489],[77.479106,13.027709],[77.479607,13.029274],[77.479028,13.029771],[77.478479,13.030219],[77.478191,13.030488],[77.477858,13.030761],[77.477652,13.030935],[77.477285,13.031173],[77.477023,13.031466],[77.476939,13.031537],[77.477219,13.032073],[77.477646,13.032872],[77.47789,13.033328],[77.478239,13.033981],[77.478267,13.034028],[77.478523,13.034453],[77.478738,13.034832],[77.478841,13.035067],[77.479395,13.035405],[77.479898,13.035721],[77.479957,13.036244],[77.479999,13.036623],[77.480032,13.037185],[77.480065,13.037697],[77.480047,13.037906],[77.480748,13.038496],[77.481343,13.039557],[77.481733,13.03971],[77.482175,13.039883],[77.48257,13.04058],[77.482223,13.040829],[77.48192,13.041095],[77.481665,13.041177],[77.48155,13.041545],[77.481507,13.04168],[77.481458,13.042725],[77.481346,13.042913],[77.481064,13.043112],[77.480795,13.043224],[77.480491,13.043288],[77.480118,13.043332],[77.480027,13.043347],[77.480023,13.043375],[77.479885,13.043818],[77.479745,13.044163],[77.479572,13.044354],[77.479542,13.044481],[77.479512,13.044605],[77.479541,13.044905],[77.4796,13.045242],[77.479779,13.045145],[77.479821,13.045794],[77.479715,13.045916],[77.47953,13.046389],[77.479869,13.047494],[77.480005,13.047942],[77.48007,13.048462],[77.480075,13.048509],[77.480103,13.048506],[77.48013,13.048502],[77.480205,13.048494],[77.480393,13.048472],[77.480492,13.048459],[77.481444,13.048279],[77.482539,13.048021],[77.482649,13.047981],[77.484119,13.047452],[77.486113,13.046652],[77.48621,13.046594],[77.486244,13.046574],[77.487505,13.046253],[77.487725,13.046197],[77.488943,13.04586],[77.489118,13.045812],[77.489266,13.045762],[77.4897,13.045618],[77.490467,13.045265],[77.490992,13.045072],[77.491733,13.047268],[77.492026,13.048093],[77.492099,13.048925],[77.492174,13.050191],[77.492177,13.050374],[77.492203,13.050646],[77.492205,13.050676],[77.492465,13.051571],[77.493201,13.05154],[77.494392,13.051244],[77.494537,13.051208],[77.496126,13.050861],[77.496873,13.050701],[77.497294,13.050614],[77.496661,13.049206],[77.496654,13.048958],[77.496653,13.048958],[77.496761,13.048921],[77.497314,13.048737],[77.497411,13.048704],[77.498295,13.048411],[77.498468,13.048343],[77.498658,13.04827],[77.498918,13.048168],[77.499137,13.048082],[77.499322,13.048009],[77.499374,13.047992],[77.500116,13.047735],[77.500653,13.04755],[77.500911,13.047466],[77.501422,13.047297],[77.501511,13.047268],[77.502706,13.046824],[77.502869,13.046762],[77.503889,13.046418],[77.504991,13.046043],[77.505161,13.045992],[77.505551,13.045879],[77.505917,13.045772],[77.506063,13.045732],[77.506391,13.045644],[77.506898,13.045466],[77.507125,13.045387],[77.507303,13.045334],[77.507781,13.04519],[77.507833,13.045179],[77.508417,13.045055],[77.508699,13.044924],[77.508823,13.044857],[77.509063,13.044727],[77.509376,13.044558],[77.509708,13.04438],[77.509821,13.044318],[77.509957,13.044247],[77.510024,13.044212],[77.510029,13.04421],[77.510188,13.044129],[77.510305,13.044069],[77.510423,13.044008],[77.510517,13.04396],[77.510668,13.043881],[77.510731,13.04385],[77.511431,13.043503],[77.511617,13.043411],[77.511948,13.043294],[77.511992,13.043279],[77.512527,13.043095],[77.512624,13.043059],[77.512956,13.042934],[77.513048,13.042899],[77.51327,13.042829],[77.513403,13.042787],[77.513748,13.04268],[77.514126,13.042561],[77.514381,13.04248],[77.514526,13.042433],[77.514659,13.042389],[77.514662,13.042388],[77.514872,13.042319],[77.515545,13.042085],[77.515612,13.04206],[77.515712,13.042021],[77.516022,13.041897],[77.516114,13.04186],[77.51628,13.041794],[77.516488,13.041671],[77.51656,13.041629],[77.51673,13.041484],[77.516921,13.0413],[77.517239,13.040949],[77.517503,13.040693],[77.517621,13.040578],[77.517726,13.04049],[77.517793,13.040435],[77.517802,13.040427],[77.518441,13.03989],[77.518501,13.040146],[77.51873,13.040532],[77.519057,13.041077],[77.519211,13.041302],[77.519376,13.041546],[77.51958,13.041863],[77.519752,13.042129],[77.519802,13.042207],[77.520223,13.04285],[77.520563,13.043381],[77.520811,13.043767],[77.520998,13.044062],[77.521428,13.044738],[77.52152,13.044881],[77.52153,13.044897],[77.521958,13.045537],[77.522192,13.045901],[77.523145,13.045238],[77.523909,13.044697],[77.523982,13.044646],[77.524838,13.044044],[77.525358,13.043728],[77.525435,13.043682],[77.528267,13.041681],[77.530267,13.040259],[77.530352,13.040199],[77.531173,13.039625],[77.531214,13.039597],[77.531925,13.038905],[77.532935,13.038119],[77.533652,13.037678],[77.535164,13.036655],[77.536419,13.035696],[77.537601,13.034791],[77.537781,13.034652],[77.538979,13.033688],[77.540748,13.032503],[77.540749,13.032502],[77.541225,13.034631],[77.541465,13.035851],[77.54163,13.036688],[77.541951,13.038312],[77.542148,13.038529],[77.542955,13.03929],[77.543421,13.038711],[77.543856,13.038246],[77.544358,13.037614],[77.544508,13.037503],[77.544729,13.037157],[77.544842,13.036979],[77.545009,13.036635],[77.545074,13.036501],[77.545324,13.035985],[77.545796,13.035053],[77.546614,13.033539],[77.547688,13.031476],[77.547863,13.031096],[77.54819,13.030388],[77.548472,13.029776],[77.548802,13.029062],[77.548855,13.02894],[77.549205,13.02813],[77.55004,13.026052],[77.550184,13.02579],[77.550579,13.025066],[77.550579,13.025066],[77.553765,13.019322],[77.553911,13.019221],[77.554342,13.019816],[77.554374,13.019797],[77.554594,13.019805],[77.554639,13.019806],[77.554839,13.019806],[77.554936,13.019806],[77.555173,13.019817],[77.555375,13.019832],[77.555486,13.019842],[77.555562,13.020007],[77.555576,13.020039],[77.555832,13.020595],[77.556051,13.021069],[77.556074,13.021101],[77.556086,13.021117],[77.556185,13.021302],[77.556294,13.021563],[77.556388,13.0218],[77.556435,13.021939],[77.556489,13.022075],[77.556491,13.022082],[77.556497,13.022101],[77.556765,13.022763],[77.556906,13.023128],[77.556917,13.023155],[77.556917,13.023155],[77.556931,13.023191],[77.557018,13.023451],[77.557111,13.023735],[77.557111,13.023735],[77.557221,13.024075],[77.557318,13.024367],[77.557355,13.024482],[77.557425,13.024707],[77.55748,13.024888],[77.557561,13.025151],[77.557577,13.025206],[77.557721,13.025714],[77.557734,13.025742],[77.557887,13.026094],[77.557891,13.026102],[77.558459,13.027338],[77.55882,13.028193],[77.559101,13.02886],[77.559451,13.029687],[77.559744,13.030382],[77.559973,13.030926],[77.559976,13.030931],[77.559798,13.031151],[77.559363,13.031814],[77.559235,13.03199],[77.558916,13.032432],[77.55862,13.032839],[77.558333,13.033234],[77.558097,13.033586],[77.557818,13.034002],[77.557773,13.034069],[77.557717,13.034153],[77.557446,13.034576],[77.557381,13.034678],[77.557398,13.034688],[77.557395,13.034715],[77.557387,13.034786],[77.557375,13.034891],[77.557374,13.03493],[77.557372,13.035004],[77.557392,13.035153],[77.557503,13.035642],[77.557535,13.035766],[77.557574,13.035919],[77.557576,13.03611],[77.557564,13.036292],[77.557508,13.036764],[77.557484,13.03702],[77.557451,13.037385],[77.557406,13.037957],[77.557389,13.038176],[77.55733,13.038373],[77.557311,13.038484],[77.557297,13.038578],[77.557422,13.038578],[77.558735,13.038676],[77.558766,13.038679],[77.559442,13.038931],[77.560083,13.039216],[77.560483,13.039506],[77.560771,13.039796],[77.560858,13.03989],[77.560963,13.040002],[77.561056,13.040101],[77.56153,13.040943],[77.562112,13.041976],[77.562246,13.041824],[77.562803,13.0411],[77.563031,13.04079],[77.563646,13.039953],[77.56391,13.039594],[77.564159,13.039315],[77.564287,13.039156],[77.56435,13.039076],[77.564655,13.038695],[77.56487,13.038425],[77.565024,13.038221],[77.565083,13.038144],[77.565193,13.037997],[77.56544,13.037669],[77.565986,13.037002],[77.56602,13.036966],[77.566337,13.036623],[77.566642,13.036293],[77.567105,13.035807],[77.567237,13.035668],[77.567349,13.035551],[77.567578,13.035312],[77.567866,13.034989],[77.56787,13.034985],[77.568076,13.034724],[77.568322,13.034412],[77.568563,13.034105],[77.568573,13.034091],[77.569034,13.033417],[77.569477,13.032876],[77.569853,13.032267],[77.569989,13.031996],[77.570048,13.031854],[77.57011,13.031702],[77.570181,13.031477],[77.570297,13.031107],[77.570329,13.031008],[77.57039,13.030842],[77.570681,13.030051],[77.570894,13.029469],[77.571251,13.028462],[77.571443,13.028454],[77.571531,13.028438],[77.572009,13.028351],[77.573456,13.027996],[77.573463,13.027994],[77.574022,13.027889],[77.57456,13.027789],[77.574627,13.027777],[77.57582,13.027565],[77.57583,13.027564],[77.575887,13.027553],[77.576717,13.027399],[77.576935,13.027368],[77.576958,13.027364],[77.577684,13.027259],[77.577688,13.027251],[77.577707,13.027246],[77.577719,13.027199],[77.577725,13.026925],[77.577727,13.026888],[77.57778,13.026879],[77.578287,13.026832],[77.578507,13.026811],[77.578623,13.026793],[77.57873,13.026777],[77.578945,13.026743],[77.579024,13.026731],[77.579104,13.026719],[77.579242,13.02669],[77.579499,13.026636],[77.579999,13.026531],[77.580105,13.026511],[77.580085,13.026539],[77.580268,13.026345],[77.580467,13.026112],[77.580638,13.025944],[77.580657,13.025926],[77.58084,13.025802],[77.580951,13.025749],[77.581016,13.025696],[77.581089,13.025438],[77.581096,13.025412],[77.581141,13.025342],[77.581141,13.025342],[77.581155,13.025319],[77.581279,13.025215],[77.581432,13.025137],[77.581697,13.025019],[77.581847,13.024957],[77.582145,13.024872],[77.582349,13.02479],[77.582577,13.024653],[77.58261,13.024632],[77.582737,13.024551],[77.583685,13.023671],[77.584624,13.022936],[77.584655,13.022912],[77.58459,13.022682],[77.584449,13.022186],[77.584206,13.021329],[77.584205,13.021326],[77.584165,13.021199],[77.584073,13.020891],[77.584025,13.020675],[77.583971,13.020389],[77.583961,13.020252],[77.583918,13.01969],[77.583928,13.019298],[77.583934,13.019125],[77.583947,13.017973],[77.583965,13.017265],[77.583974,13.01689],[77.583969,13.015907],[77.583945,13.014802],[77.583973,13.014513],[77.583995,13.014512],[77.584642,13.014504],[77.585251,13.014489],[77.585508,13.014456],[77.58602,13.014392],[77.586522,13.014326],[77.586667,13.014298],[77.586853,13.014247],[77.587175,13.014115],[77.587583,13.013931],[77.587795,13.013791],[77.58812,13.0135],[77.588287,13.01331],[77.588742,13.012711],[77.589112,13.012233],[77.589802,13.01123],[77.590663,13.009931],[77.590668,13.009923],[77.591152,13.009219],[77.591701,13.008419],[77.592281,13.007446],[77.592311,13.007396],[77.592679,13.006797],[77.592965,13.00634],[77.593118,13.006006],[77.593143,13.005944],[77.59317,13.005904],[77.593238,13.005717],[77.593263,13.005654],[77.593439,13.004964],[77.593555,13.00446],[77.593776,13.003736],[77.594043,13.00291],[77.594195,13.002413],[77.59429,13.002102],[77.594383,13.001761],[77.594659,13.00098],[77.594811,13.000471],[77.594978,12.999968],[77.595096,12.999616],[77.595659,12.997747],[77.595822,12.997071],[77.595922,12.996431],[77.596112,12.995558],[77.596231,12.995061],[77.596254,12.994974],[77.596229,12.994981],[77.596198,12.994851],[77.596119,12.994711],[77.596103,12.99469],[77.595008,12.995213],[77.594676,12.995357],[77.594406,12.995425],[77.594176,12.995463],[77.59395,12.995482],[77.593462,12.995473],[77.591746,12.995399],[77.591431,12.995385],[77.589679,12.995329],[77.58955,12.99563],[77.589516,12.995681],[77.589491,12.995701],[77.589124,12.995886],[77.589095,12.995902],[77.588009,12.996467],[77.587996,12.996474],[77.587511,12.996797],[77.587311,12.996945],[77.586819,12.997329],[77.58658,12.997483],[77.586552,12.997505],[77.586485,12.997531],[77.586379,12.997562],[77.586329,12.997569],[77.585902,12.997634],[77.585266,12.997705],[77.585211,12.997712],[77.584361,12.997827],[77.584306,12.998059],[77.584243,12.998643],[77.584172,12.999098],[77.584163,12.999266],[77.584188,12.99941],[77.584186,12.999463],[77.584186,12.999463],[77.583408,12.999325],[77.583157,12.999279],[77.582998,12.999251],[77.582084,12.998507],[77.582058,12.998482],[77.581874,12.99831],[77.581671,12.99812],[77.581604,12.998058],[77.581569,12.998021],[77.581271,12.9977],[77.580866,12.997264],[77.580863,12.997261],[77.580839,12.997235],[77.58003,12.997291],[77.579445,12.997331],[77.579441,12.997336],[77.579446,12.997462],[77.579443,12.997463],[77.578316,12.997504],[77.578324,12.997662],[77.578334,12.997781],[77.578341,12.997871],[77.578353,12.998028],[77.578357,12.998085],[77.578367,12.998283],[77.578367,12.998283],[77.578369,12.998322],[77.578371,12.998398],[77.578374,12.998498],[77.578375,12.998546],[77.578388,12.998724],[77.578401,12.998781],[77.578402,12.998791],[77.578402,12.998791],[77.578412,12.998882],[77.578433,12.999127],[77.578335,12.999161],[77.578227,12.999185],[77.578129,12.99919],[77.578082,12.999193],[77.577947,12.999184],[77.577834,12.999159],[77.577677,12.999111],[77.577523,12.999065],[77.577215,12.998987],[77.577032,12.99894],[77.576999,12.998932],[77.576907,12.998921],[77.576852,12.99892],[77.576599,12.998923],[77.576395,12.998918],[77.576304,12.998917],[77.575955,12.998912],[77.575791,12.998912],[77.575148,12.998908],[77.575137,12.998908],[77.574624,12.998908],[77.574404,12.998908],[77.57398,12.998905],[77.573975,12.998906],[77.573941,12.99937],[77.57394,12.99938],[77.57389,12.999812],[77.57388,13.00003],[77.573855,13.000384],[77.573854,13.000602],[77.573832,13.000858],[77.573799,13.000961],[77.573776,13.000996],[77.573771,13.000996],[77.573728,13.000994],[77.573296,13.001005],[77.573208,13.001007],[77.572579,13.001003],[77.572558,13.001859],[77.572277,13.001862],[77.572257,13.00219],[77.572213,13.002805],[77.572213,13.002809],[77.572174,13.003275],[77.572166,13.003372],[77.572102,13.003366],[77.571775,13.003331],[77.571295,13.003321],[77.571302,13.00285],[77.571335,13.001859],[77.57134,13.001694],[77.571351,13.000997],[77.571357,13.000619],[77.571365,13.000157],[77.571382,12.999267],[77.571412,12.998295],[77.571433,12.997607],[77.571456,12.996856],[77.571017,12.996844],[77.570425,12.996827],[77.569523,12.996828],[77.569439,12.996821],[77.569429,12.99682],[77.568728,12.996753],[77.568533,12.996762],[77.568493,12.996765],[77.568142,12.996781],[77.567964,12.996789],[77.567775,12.996793],[77.567637,12.996797],[77.567112,12.996852],[77.566916,12.996859],[77.566787,12.996857],[77.566596,12.996817],[77.566408,12.996737],[77.566335,12.996701],[77.566306,12.996687],[77.566136,12.996624],[77.56611,12.996614],[77.5661,12.996609],[77.566262,12.99634],[77.566426,12.996074],[77.566789,12.995487],[77.566898,12.995312],[77.56702,12.995116],[77.567179,12.994788],[77.567496,12.994415],[77.5675,12.994411],[77.5675,12.994411],[77.56778,12.994059],[77.567781,12.994059],[77.567781,12.994059],[77.56833,12.993369],[77.567811,12.99338],[77.567811,12.99338],[77.567821,12.99306],[77.567841,12.992389],[77.567843,12.992327],[77.56787,12.991689],[77.56789,12.991226],[77.567891,12.991175],[77.567894,12.990983],[77.567902,12.990499],[77.567904,12.99042],[77.56791,12.990069],[77.567915,12.989755],[77.567933,12.988919],[77.567938,12.988732],[77.567936,12.988619],[77.567932,12.988421],[77.567933,12.988396],[77.567721,12.988413],[77.567428,12.988431],[77.567392,12.988432],[77.567234,12.988436],[77.566809,12.988467],[77.566563,12.988479],[77.566256,12.988493],[77.565781,12.98851],[77.565111,12.988536],[77.56511,12.988507],[77.565104,12.988301],[77.56399,12.988363],[77.563961,12.988262],[77.563956,12.988183],[77.563703,12.988202],[77.563666,12.988203],[77.563666,12.988203],[77.563537,12.988203],[77.563231,12.988217],[77.563172,12.988221],[77.562899,12.988239],[77.562651,12.988257],[77.562344,12.988269],[77.562281,12.988273],[77.562133,12.98828],[77.561963,12.988286],[77.561963,12.988286],[77.561954,12.988287],[77.561919,12.988289],[77.561657,12.988288],[77.561626,12.988288],[77.56145,12.988282],[77.56145,12.988282],[77.561483,12.988078],[77.561485,12.988069],[77.561557,12.98777],[77.561632,12.987656],[77.561766,12.987522],[77.56185,12.98738],[77.561858,12.987279],[77.561848,12.987204],[77.561816,12.987186],[77.561537,12.987119],[77.561266,12.987042],[77.561031,12.98696],[77.560881,12.986839],[77.560835,12.986768],[77.560785,12.986689],[77.560806,12.986545],[77.560924,12.986199],[77.561038,12.985927],[77.561045,12.985808],[77.561036,12.985768],[77.560996,12.985593],[77.560976,12.98511],[77.561006,12.984886],[77.561039,12.984827],[77.561101,12.98471],[77.561231,12.984453],[77.561351,12.984132],[77.561373,12.983934],[77.561386,12.983702],[77.561398,12.983477],[77.561458,12.98302],[77.561577,12.9827],[77.561584,12.982661],[77.561652,12.982323],[77.561729,12.981916],[77.561479,12.981874],[77.561264,12.981823],[77.561182,12.981758],[77.561135,12.981576],[77.560988,12.981039],[77.560982,12.980954],[77.560842,12.980583],[77.56076,12.980461],[77.560631,12.980361],[77.560529,12.98029],[77.560354,12.980227],[77.560098,12.980188],[77.559816,12.980127],[77.559605,12.980078],[77.559249,12.97995],[77.559253,12.979936],[77.559211,12.979876],[77.559181,12.979743],[77.559195,12.979509],[77.559112,12.979161],[77.559019,12.97899],[77.558956,12.978913],[77.558939,12.978893],[77.558909,12.978883],[77.558843,12.978862],[77.5587,12.978843],[77.558568,12.978842],[77.558559,12.978841],[77.558437,12.978829],[77.558416,12.978831],[77.558283,12.978842],[77.558119,12.978825],[77.558013,12.978783],[77.557962,12.978764],[77.557882,12.978733],[77.557861,12.978725],[77.557759,12.978675],[77.557636,12.978615],[77.557487,12.978566],[77.557354,12.978521],[77.557237,12.978466],[77.557034,12.978369],[77.556892,12.978311],[77.556868,12.978301],[77.556655,12.978216],[77.556357,12.978043],[77.556239,12.977966],[77.555918,12.977755],[77.555446,12.977484],[77.555206,12.977101],[77.555162,12.977033],[77.555066,12.976816],[77.554822,12.976266],[77.554493,12.975574],[77.554472,12.975573],[77.555476,12.975614],[77.556097,12.975632],[77.556361,12.975639],[77.556758,12.97565],[77.556847,12.975655],[77.557563,12.975694],[77.557563,12.975694],[77.557756,12.975704],[77.558127,12.975716],[77.558712,12.975736],[77.558703,12.975547],[77.558669,12.975318],[77.55848,12.974851],[77.558451,12.974719],[77.558413,12.974639],[77.558413,12.974639],[77.558361,12.974531],[77.558176,12.974215],[77.557897,12.973739],[77.55795,12.973719],[77.557979,12.97302],[77.557951,12.972987],[77.557942,12.972941],[77.557923,12.972791],[77.557911,12.972721],[77.557791,12.972252],[77.557709,12.971935],[77.557699,12.971876],[77.557543,12.970985],[77.557539,12.970967],[77.557375,12.970246],[77.557356,12.970251],[77.557186,12.970286],[77.557176,12.970289],[77.557158,12.970015],[77.557113,12.969384],[77.556864,12.969394],[77.556534,12.969403],[77.556113,12.969298],[77.555945,12.96926],[77.555948,12.969281],[77.555945,12.96926],[77.555663,12.969198],[77.55558,12.969176],[77.555554,12.969169],[77.554501,12.96889],[77.554383,12.96906],[77.554383,12.96906],[77.554501,12.96889],[77.554486,12.968887],[77.554418,12.968868],[77.553509,12.968625],[77.553491,12.968621],[77.552859,12.968442],[77.552778,12.968419],[77.552699,12.968397],[77.55237,12.968306],[77.55215,12.968246],[77.552073,12.968225],[77.551866,12.968149],[77.551592,12.968049],[77.551565,12.968031],[77.551302,12.967859],[77.551225,12.967808],[77.551104,12.967687],[77.551019,12.967602],[77.550944,12.967506],[77.550797,12.96732],[77.550063,12.966389],[77.548815,12.965361],[77.548507,12.96515],[77.548503,12.965147],[77.548495,12.965141],[77.547789,12.964787],[77.547253,12.964604],[77.546372,12.964301],[77.546001,12.96424],[77.54569,12.964252],[77.54477,12.964291],[77.544715,12.964281],[77.544635,12.964268],[77.544498,12.964245],[77.544353,12.96422],[77.543904,12.964025],[77.543865,12.963993],[77.543931,12.963909],[77.544209,12.963555],[77.544209,12.963555],[77.544424,12.963281],[77.544424,12.963281],[77.54455,12.963312],[77.544601,12.963209],[77.544749,12.963099],[77.544952,12.962993],[77.545146,12.962913],[77.545354,12.962809],[77.54543,12.962749],[77.545528,12.96269],[77.545546,12.962657],[77.545524,12.962594],[77.545444,12.962494],[77.545396,12.962446],[77.545349,12.9624],[77.545267,12.962326],[77.545171,12.962238],[77.545171,12.962238],[77.545213,12.962179],[77.545472,12.96181],[77.54577,12.961351],[77.54582,12.961265],[77.545962,12.961022],[77.546067,12.960844],[77.546175,12.96066],[77.546235,12.960556],[77.546257,12.960513],[77.546257,12.960513],[77.54629,12.960451],[77.54629,12.960451],[77.546622,12.95981],[77.546627,12.959801],[77.54687,12.959364],[77.547099,12.958952],[77.547238,12.95868],[77.547244,12.958668],[77.547591,12.95804],[77.547728,12.957793],[77.547914,12.957457],[77.548069,12.957177],[77.548376,12.956622],[77.548405,12.956569],[77.548467,12.956455],[77.548969,12.955588],[77.549307,12.955044],[77.549567,12.954729],[77.549581,12.954711],[77.549346,12.954731],[77.549295,12.954393],[77.549288,12.954347],[77.549274,12.954005],[77.549264,12.953751],[77.549264,12.953744],[77.549243,12.953463],[77.549238,12.953388],[77.549229,12.953309],[77.549215,12.953172],[77.549188,12.952902],[77.549187,12.952899],[77.549172,12.952767],[77.549157,12.952639],[77.549123,12.952348],[77.549131,12.952352],[77.549503,12.952284],[77.550484,12.95214],[77.550718,12.952133],[77.550723,12.952133],[77.550825,12.952087],[77.550898,12.952059],[77.55099,12.952079],[77.551093,12.952102],[77.551161,12.952126],[77.551212,12.952132],[77.551297,12.952113],[77.551322,12.952106],[77.551369,12.95209],[77.551463,12.952006],[77.55147,12.951993],[77.551477,12.951982],[77.551583,12.952071],[77.551674,12.951958],[77.551762,12.951851],[77.552091,12.951446],[77.552256,12.951231],[77.552699,12.950651],[77.552726,12.950616],[77.552767,12.950563],[77.552902,12.95039],[77.553101,12.950135],[77.553188,12.950024],[77.553101,12.950135],[77.552902,12.95039],[77.552767,12.950563],[77.552946,12.950655],[77.553128,12.950807],[77.553197,12.950826],[77.553239,12.950828],[77.55329,12.95083],[77.553359,12.950824],[77.553427,12.950817],[77.553535,12.950803],[77.553623,12.950787],[77.553756,12.950758],[77.553948,12.950733],[77.554254,12.950542],[77.554403,12.950212],[77.554536,12.949982],[77.554604,12.949843],[77.554796,12.949789],[77.554853,12.95002],[77.554989,12.950563],[77.555482,12.950433],[77.555511,12.950424],[77.555518,12.950422],[77.555576,12.950402],[77.555697,12.950382],[77.555733,12.950375],[77.55582,12.950358],[77.556037,12.95033],[77.55606,12.950327],[77.556169,12.950312],[77.556354,12.950251],[77.556527,12.95016],[77.556564,12.950141],[77.556688,12.950052],[77.556721,12.950013],[77.556756,12.949982],[77.556764,12.949972],[77.556767,12.949969],[77.556943,12.950018],[77.556996,12.950033],[77.557174,12.950059],[77.557391,12.950092],[77.557502,12.950103],[77.557829,12.950138],[77.557838,12.950137],[77.557903,12.950139],[77.558073,12.950142],[77.558079,12.950288],[77.558064,12.950314],[77.557973,12.950318],[77.557845,12.950337],[77.557745,12.950348],[77.557665,12.950415],[77.557648,12.950494],[77.557641,12.950613],[77.557627,12.950676],[77.557613,12.950784],[77.557587,12.950816],[77.557496,12.950847],[77.55743,12.950887],[77.557372,12.950955],[77.557278,12.951061],[77.55714,12.951181],[77.557045,12.95121],[77.556993,12.951207],[77.556913,12.951208],[77.556802,12.951217],[77.556719,12.951261],[77.556653,12.95129],[77.556568,12.951312],[77.556437,12.951339],[77.556308,12.951372],[77.556188,12.951439],[77.556079,12.951501],[77.555826,12.951582],[77.555792,12.951595],[77.55565,12.951658],[77.55579,12.952028],[77.555969,12.952405],[77.556314,12.952954],[77.556534,12.95326],[77.557597,12.953188],[77.557898,12.953169],[77.558482,12.953132],[77.558478,12.953183],[77.558478,12.953187],[77.558616,12.953188],[77.558808,12.953219],[77.559131,12.953396],[77.559347,12.953506],[77.559504,12.95358],[77.559661,12.953646],[77.559811,12.95368],[77.560108,12.953683],[77.560258,12.953664],[77.560357,12.953655],[77.560481,12.953611],[77.560763,12.953468],[77.561024,12.953365],[77.561202,12.953342],[77.561692,12.953368],[77.561762,12.952509],[77.561783,12.952276],[77.561791,12.952192],[77.561794,12.95165],[77.56182,12.951599],[77.561897,12.95145],[77.562293,12.95081],[77.562272,12.950358],[77.562214,12.950047],[77.562121,12.949909],[77.56197,12.949767],[77.561934,12.949747],[77.561904,12.949726],[77.561878,12.949705],[77.561859,12.949688],[77.561738,12.949592],[77.561735,12.94959],[77.561603,12.949447],[77.561495,12.949356],[77.561495,12.949258],[77.561495,12.949258],[77.561634,12.949238],[77.56219,12.948876],[77.562191,12.948875],[77.562354,12.948939],[77.5624,12.948961],[77.56252,12.94902],[77.562601,12.949051],[77.562679,12.94909],[77.562772,12.949111],[77.562826,12.949106],[77.562967,12.949047],[77.563205,12.948911],[77.563441,12.948795],[77.563658,12.948715],[77.563758,12.948674],[77.563793,12.948649],[77.563824,12.948639],[77.563992,12.948628],[77.564111,12.948594],[77.564239,12.948519],[77.564239,12.948506],[77.564237,12.948353],[77.564227,12.947712],[77.564203,12.947201],[77.564202,12.947179],[77.564221,12.946806],[77.564229,12.946632],[77.564235,12.946488],[77.564239,12.946199],[77.564239,12.946199],[77.564245,12.945746],[77.564248,12.945527],[77.564249,12.945226],[77.56425,12.944755],[77.564249,12.944473],[77.564256,12.944187],[77.564263,12.943866],[77.564264,12.943855],[77.564281,12.943117],[77.564283,12.942889],[77.564285,12.94258],[77.564285,12.942495],[77.564289,12.94219],[77.564296,12.941738],[77.564346,12.94174],[77.565099,12.941747],[77.564979,12.941007],[77.564402,12.940031],[77.564289,12.939841],[77.564204,12.939695],[77.564044,12.939426],[77.563973,12.939305],[77.56403,12.939302],[77.564339,12.939299],[77.564478,12.939302],[77.565907,12.939332],[77.565923,12.939757],[77.56595,12.93991],[77.565988,12.940001],[77.566029,12.940052],[77.566076,12.940124],[77.56617,12.940182],[77.566325,12.940188],[77.566495,12.940187],[77.566648,12.940176],[77.566672,12.940703],[77.566721,12.941095],[77.566728,12.941148],[77.566772,12.941329],[77.566849,12.941529],[77.566998,12.941742],[77.567493,12.942269],[77.567648,12.942495],[77.567781,12.942687],[77.567845,12.942803],[77.567835,12.943601],[77.570344,12.94364],[77.570364,12.943641],[77.57039,12.943621],[77.570712,12.943623],[77.571061,12.943627],[77.571072,12.943639],[77.571112,12.94364],[77.571543,12.943644],[77.571843,12.943648],[77.572375,12.943655],[77.572713,12.943659],[77.572843,12.943658],[77.572867,12.943679],[77.572886,12.943679],[77.57378,12.943681],[77.573771,12.943297],[77.573779,12.942152],[77.573788,12.940695],[77.573843,12.940695],[77.573845,12.940639],[77.573845,12.940628],[77.575336,12.940616],[77.576828,12.940604],[77.576894,12.940603],[77.57726,12.940601],[77.577757,12.940596],[77.577756,12.940546],[77.577758,12.940525],[77.577703,12.939966],[77.577676,12.939689],[77.578103,12.939161],[77.578815,12.938282],[77.579425,12.937528],[77.580035,12.936775],[77.580089,12.936774],[77.580842,12.936752],[77.580842,12.936752],[77.581138,12.936743],[77.581201,12.936741],[77.581831,12.936723],[77.582747,12.936696],[77.584009,12.936659],[77.584909,12.936633],[77.584901,12.935605],[77.584902,12.934672],[77.584876,12.93392],[77.584861,12.9329],[77.583935,12.932922],[77.583901,12.932924],[77.582676,12.932954],[77.582593,12.932957],[77.58177,12.93298],[77.581287,12.932994],[77.580918,12.933004],[77.580707,12.93301],[77.580653,12.933011],[77.580198,12.933013],[77.580138,12.933015],[77.580136,12.933051],[77.580108,12.933051],[77.579617,12.933045],[77.579612,12.932615],[77.579607,12.932182],[77.579607,12.932175],[77.579613,12.931917],[77.57962,12.931653],[77.579639,12.930915],[77.57964,12.930846],[77.579649,12.92998],[77.579653,12.929562],[77.57966,12.92882],[77.579664,12.928749],[77.579686,12.928307],[77.57969,12.928234],[77.579692,12.928083],[77.579703,12.927393],[77.57971,12.927355],[77.579709,12.927299],[77.579697,12.926643],[77.579668,12.925527],[77.57969,12.924368],[77.579696,12.923957],[77.579702,12.923442],[77.579702,12.923436],[77.578436,12.923449],[77.577938,12.92345],[77.577688,12.923452],[77.576457,12.923494],[77.576247,12.923503],[77.576209,12.923505],[77.575973,12.923514],[77.575561,12.923517],[77.574575,12.923538],[77.573589,12.923559],[77.573584,12.923034],[77.57358,12.922697],[77.573576,12.922347],[77.573567,12.921545],[77.573561,12.921026],[77.574402,12.920838],[77.574292,12.920253],[77.574248,12.919877],[77.574233,12.919744],[77.574097,12.919303],[77.573914,12.918838],[77.573732,12.918408],[77.573649,12.918213],[77.573537,12.917896],[77.573513,12.917826],[77.573516,12.917718],[77.573534,12.916979],[77.573327,12.91688],[77.573104,12.91675],[77.572893,12.916633],[77.572814,12.916619],[77.572749,12.916611],[77.572557,12.916583],[77.572028,12.916532],[77.57197,12.916531],[77.571643,12.916527],[77.57141,12.91654],[77.571238,12.91655],[77.571103,12.916541],[77.571064,12.916531],[77.571001,12.916516],[77.570707,12.916417],[77.570649,12.916402],[77.570404,12.916335],[77.570367,12.916311],[77.570292,12.916234],[77.570235,12.916125],[77.570189,12.916029],[77.57013,12.915908],[77.570127,12.915903],[77.570091,12.915828],[77.569975,12.915651],[77.569935,12.915617],[77.569898,12.915595],[77.569775,12.915552],[77.569723,12.91554],[77.569567,12.915502],[77.569351,12.915935],[77.569249,12.916154],[77.569111,12.916451],[77.568859,12.916967],[77.568859,12.916967],[77.568775,12.917184],[77.568667,12.91754],[77.568655,12.917837],[77.568657,12.917957],[77.568676,12.918089],[77.568699,12.91815],[77.566027,12.918765],[77.565745,12.917979],[77.565467,12.917404],[77.565395,12.9173],[77.564898,12.916779],[77.564855,12.916751],[77.564851,12.916761],[77.564686,12.917172],[77.564615,12.917357],[77.564498,12.917654],[77.564458,12.917736],[77.564279,12.918113],[77.564154,12.918345],[77.564102,12.91844],[77.563889,12.918779],[77.563577,12.919246],[77.563433,12.919424],[77.563358,12.919492],[77.563253,12.919572],[77.563027,12.919707],[77.562798,12.919843],[77.562431,12.920083],[77.562276,12.920185],[77.562203,12.920248],[77.562183,12.920289],[77.562123,12.920437],[77.561943,12.920818],[77.561845,12.921083],[77.561845,12.921083],[77.561845,12.921083],[77.561694,12.921516],[77.561612,12.92161],[77.560309,12.921847],[77.559117,12.922083],[77.558751,12.922187],[77.556281,12.922978],[77.556169,12.922581],[77.555972,12.92201],[77.555646,12.920999],[77.555119,12.921022],[77.554897,12.920962],[77.554736,12.920979],[77.554617,12.921011],[77.554386,12.921017],[77.554155,12.92096],[77.554042,12.920901],[77.553506,12.92062],[77.553234,12.920437],[77.553026,12.92026],[77.552882,12.920093],[77.552682,12.919731],[77.552639,12.91966],[77.552581,12.919634],[77.552518,12.91964],[77.552426,12.919701],[77.552319,12.919748],[77.552173,12.91977],[77.552153,12.919663],[77.552123,12.919668],[77.551956,12.918886],[77.551956,12.918886],[77.551956,12.918886],[77.551956,12.918886],[77.551956,12.918886],[77.551948,12.918862],[77.551916,12.918722],[77.551903,12.918613],[77.551904,12.91854],[77.551954,12.918292],[77.551998,12.918207],[77.551956,12.917879],[77.551619,12.917168],[77.551531,12.917052],[77.551009,12.916573],[77.550919,12.916469],[77.550919,12.916469],[77.550692,12.916557],[77.550919,12.916469],[77.550872,12.916422],[77.550804,12.916322],[77.550731,12.916211],[77.550681,12.916135],[77.550676,12.916124],[77.550657,12.916033],[77.550604,12.915784],[77.549482,12.9161],[77.549238,12.916169],[77.549179,12.916185],[77.548999,12.916235],[77.548829,12.916279],[77.548514,12.916365],[77.548254,12.916434],[77.548036,12.916492],[77.548039,12.916639],[77.548053,12.91676],[77.548075,12.916937],[77.548087,12.917038],[77.548101,12.91716],[77.548455,12.917175],[77.548534,12.917724],[77.548549,12.917776],[77.548624,12.91803],[77.548294,12.918092],[77.548111,12.918108],[77.5479,12.918146],[77.547865,12.918152],[77.547588,12.918182],[77.547294,12.918215],[77.546984,12.918262],[77.546864,12.918288],[77.546857,12.918326],[77.546844,12.918327],[77.546788,12.918195],[77.54676,12.918128],[77.54673,12.918056],[77.546724,12.91803],[77.54591,12.918144],[77.545349,12.918214],[77.544764,12.918287],[77.544708,12.917793],[77.544698,12.917519],[77.544344,12.917552],[77.544341,12.917543],[77.543172,12.917643],[77.542789,12.917815],[77.541929,12.918221],[77.541933,12.918442],[77.541976,12.918769],[77.541984,12.918792],[77.541987,12.918799],[77.541986,12.918799],[77.541959,12.918804],[77.541862,12.918812],[77.541774,12.918813],[77.541685,12.918788],[77.541515,12.91866],[77.541376,12.918553],[77.541346,12.918529],[77.541313,12.918512],[77.541195,12.918445],[77.54109,12.918393],[77.540965,12.918366],[77.540933,12.918334],[77.540821,12.91823],[77.540655,12.918098],[77.540577,12.918049],[77.540514,12.91805],[77.540448,12.918074],[77.540448,12.918074],[77.540395,12.918064],[77.540351,12.918047],[77.540251,12.917974],[77.540236,12.917965],[77.540106,12.917884],[77.540002,12.917829],[77.539933,12.917797],[77.539875,12.91777],[77.539854,12.917764],[77.539694,12.917709],[77.539467,12.917598],[77.539308,12.917519],[77.539294,12.91753],[77.539251,12.917555],[77.539128,12.917613],[77.539091,12.91763],[77.538891,12.91772],[77.538833,12.917752],[77.538698,12.917828],[77.538488,12.917988],[77.538364,12.918094],[77.538361,12.918101],[77.538157,12.918233],[77.53785,12.918562],[77.536429,12.919249],[77.534427,12.91836],[77.53313,12.918095],[77.531782,12.917793],[77.531618,12.916379],[77.531376,12.914298],[77.531324,12.914083],[77.531086,12.913104],[77.53069,12.912234],[77.530335,12.911452],[77.530128,12.910997],[77.529498,12.909917],[77.529402,12.909773],[77.529402,12.909773],[77.528428,12.908316],[77.527683,12.907093],[77.527369,12.906582],[77.526739,12.905559],[77.526383,12.904981],[77.525871,12.904298],[77.525871,12.904291],[77.525829,12.904277],[77.52552,12.904039],[77.525298,12.903784],[77.518408,12.898346],[77.517833,12.897868],[77.514382,12.894318],[77.514381,12.894328],[77.514382,12.894318],[77.514106,12.894036],[77.513112,12.893014],[77.51267,12.892496],[77.5122,12.891892],[77.511662,12.891128],[77.511343,12.890655]]]},"properties":{"corporatio":"West","_folder":"corporations"}},{"type":"Feature","geometry":{"type":"Polygon","coordinates":[[[77.673572,12.91612],[77.673436,12.916648],[77.673186,12.91696],[77.670415,12.91834],[77.668725,12.918861],[77.665132,12.920595],[77.66477,12.920619],[77.66477,12.920619],[77.664916,12.920792],[77.665182,12.92107],[77.665472,12.921053],[77.666192,12.921015],[77.666619,12.920982],[77.667078,12.921219],[77.667793,12.921564],[77.667811,12.921643],[77.667855,12.921842],[77.668029,12.922634],[77.668202,12.923236],[77.668773,12.923316],[77.668801,12.924469],[77.668808,12.924618],[77.668835,12.925206],[77.668846,12.92543],[77.668933,12.926206],[77.668898,12.927151],[77.668874,12.927199],[77.668726,12.927485],[77.668633,12.927997],[77.668574,12.92824],[77.668459,12.928708],[77.667691,12.928793],[77.667817,12.92956],[77.66782,12.929579],[77.667967,12.930583],[77.667994,12.930766],[77.668035,12.931243],[77.668035,12.931243],[77.668033,12.931243],[77.667529,12.931281],[77.666921,12.931199],[77.666402,12.931006],[77.666152,12.930723],[77.665855,12.930351],[77.665115,12.928355],[77.664933,12.928137],[77.664594,12.928052],[77.6641,12.928035],[77.663763,12.928038],[77.663427,12.928174],[77.663286,12.928229],[77.663024,12.928332],[77.661817,12.928961],[77.66133,12.929671],[77.661085,12.929827],[77.660747,12.929809],[77.660544,12.9297],[77.659124,12.929418],[77.658032,12.930884],[77.655021,12.934968],[77.657163,12.936053],[77.659336,12.93755],[77.660544,12.938022],[77.660564,12.938029],[77.660457,12.93821],[77.660456,12.938214],[77.660434,12.938269],[77.660408,12.938298],[77.660362,12.938316],[77.660291,12.938325],[77.660059,12.938324],[77.659665,12.938315],[77.659056,12.938301],[77.65893,12.938298],[77.65891,12.938297],[77.658922,12.93798],[77.658921,12.937946],[77.658918,12.937929],[77.658908,12.937915],[77.658888,12.937909],[77.658882,12.937907],[77.658595,12.937899],[77.658169,12.937896],[77.658139,12.937896],[77.658126,12.938166],[77.658114,12.938458],[77.658108,12.938773],[77.658104,12.939088],[77.658097,12.939448],[77.658078,12.939795],[77.658074,12.939826],[77.658056,12.939851],[77.658011,12.939866],[77.657921,12.939845],[77.657882,12.939848],[77.657802,12.939863],[77.657778,12.939875],[77.657717,12.939926],[77.657584,12.94006],[77.657515,12.94009],[77.657428,12.940109],[77.657281,12.940117],[77.65714,12.94012],[77.656775,12.940108],[77.656447,12.940109],[77.656001,12.940087],[77.65588,12.940095],[77.6544,12.940248],[77.654274,12.940351],[77.654228,12.940377],[77.654051,12.940468],[77.654033,12.940475],[77.654003,12.940484],[77.653945,12.940497],[77.653907,12.940512],[77.653879,12.940529],[77.653842,12.940544],[77.653793,12.940565],[77.653725,12.9406],[77.653577,12.940699],[77.653342,12.940837],[77.653278,12.940885],[77.653073,12.940989],[77.652937,12.941077],[77.652756,12.941173],[77.652743,12.941188],[77.652705,12.941208],[77.652658,12.941226],[77.652623,12.941235],[77.652561,12.941251],[77.652347,12.941323],[77.652308,12.941337],[77.652247,12.941376],[77.652116,12.94149],[77.652024,12.941519],[77.651898,12.941587],[77.651849,12.941622],[77.651785,12.941626],[77.651728,12.941627],[77.651657,12.941646],[77.651332,12.941829],[77.651105,12.941931],[77.65095,12.942012],[77.650924,12.942022],[77.650731,12.942132],[77.650653,12.942169],[77.650516,12.942205],[77.650387,12.94227],[77.650229,12.942376],[77.650184,12.9424],[77.650148,12.942411],[77.650081,12.94246],[77.649927,12.942563],[77.649841,12.942602],[77.649821,12.942612],[77.649496,12.942795],[77.649349,12.942878],[77.649157,12.94293],[77.648606,12.943288],[77.648606,12.943288],[77.647821,12.943796],[77.647329,12.944285],[77.647552,12.944467],[77.647536,12.944536],[77.647542,12.944628],[77.647574,12.944762],[77.647515,12.944883],[77.647455,12.944967],[77.647147,12.945105],[77.647035,12.945176],[77.647035,12.945176],[77.646911,12.945253],[77.645069,12.946681],[77.643022,12.948427],[77.642295,12.949162],[77.642279,12.949165],[77.642237,12.949225],[77.642165,12.949335],[77.642066,12.949425],[77.641965,12.949509],[77.641915,12.949548],[77.641652,12.949755],[77.641644,12.949763],[77.641566,12.949834],[77.641337,12.949995],[77.641128,12.950075],[77.641001,12.950192],[77.640821,12.950316],[77.640776,12.950366],[77.640615,12.950457],[77.640533,12.950595],[77.640531,12.950599],[77.640294,12.950803],[77.64016,12.950977],[77.640005,12.951143],[77.639885,12.95128],[77.639782,12.951441],[77.639798,12.95147],[77.63976,12.951511],[77.639739,12.951534],[77.640242,12.952389],[77.640537,12.952845],[77.640773,12.953294],[77.641667,12.95362],[77.642073,12.953944],[77.642514,12.953956],[77.642526,12.953946],[77.643031,12.953732],[77.643803,12.953468],[77.644142,12.953375],[77.644228,12.953348],[77.644254,12.953334],[77.644261,12.953324],[77.64428,12.953255],[77.64436,12.952632],[77.644499,12.951723],[77.644916,12.950327],[77.645041,12.949997],[77.645249,12.949639],[77.645403,12.949401],[77.645657,12.949029],[77.645733,12.94892],[77.646164,12.948319],[77.646208,12.948258],[77.646387,12.94802],[77.646533,12.947867],[77.646762,12.947681],[77.647138,12.947503],[77.647476,12.947328],[77.647685,12.94723],[77.647773,12.947168],[77.647777,12.947164],[77.647777,12.947164],[77.648111,12.946819],[77.648195,12.946718],[77.648195,12.946717],[77.648293,12.9466],[77.648803,12.946133],[77.649025,12.946013],[77.649072,12.946311],[77.649147,12.946649],[77.649202,12.946801],[77.649302,12.947096],[77.649374,12.947401],[77.649325,12.947435],[77.649317,12.947445],[77.649282,12.947475],[77.649191,12.947594],[77.649089,12.947747],[77.649064,12.947819],[77.649051,12.947902],[77.649039,12.948096],[77.649053,12.948346],[77.649079,12.948513],[77.649185,12.948897],[77.649255,12.949072],[77.649375,12.949228],[77.649544,12.949482],[77.65038,12.950466],[77.650542,12.950638],[77.650883,12.950934],[77.651343,12.951312],[77.651518,12.95144],[77.651758,12.951575],[77.651974,12.951654],[77.651966,12.951677],[77.652141,12.951731],[77.65224,12.951784],[77.652298,12.951837],[77.652321,12.951884],[77.652365,12.952027],[77.652463,12.952327],[77.652521,12.952507],[77.652524,12.952523],[77.652897,12.952545],[77.653338,12.95257],[77.653693,12.952591],[77.653835,12.952604],[77.654312,12.95265],[77.655267,12.952711],[77.655277,12.952712],[77.655434,12.952722],[77.655525,12.952729],[77.65586,12.952753],[77.656168,12.952776],[77.65733,12.95286],[77.658022,12.952895],[77.658405,12.952915],[77.658414,12.952916],[77.658729,12.952936],[77.659026,12.952924],[77.659207,12.952918],[77.659478,12.952907],[77.659777,12.952895],[77.660015,12.952886],[77.660074,12.952885],[77.660983,12.952869],[77.66099,12.95323],[77.660998,12.953627],[77.661001,12.953795],[77.661011,12.954038],[77.661012,12.954065],[77.660992,12.954328],[77.661999,12.954288],[77.662368,12.954237],[77.662395,12.954587],[77.662396,12.954599],[77.6624,12.954784],[77.662387,12.954919],[77.661776,12.954955],[77.661818,12.955393],[77.661675,12.955417],[77.660847,12.955419],[77.660856,12.955461],[77.660891,12.955587],[77.660911,12.955657],[77.660913,12.955666],[77.66097,12.955692],[77.661812,12.955727],[77.661895,12.955714],[77.66191,12.955659],[77.662179,12.955687],[77.662355,12.955688],[77.662382,12.955686],[77.66337,12.955722],[77.663048,12.956707],[77.663029,12.956828],[77.663041,12.956872],[77.66312,12.95718],[77.66319,12.957432],[77.663374,12.958092],[77.66338,12.958118],[77.663582,12.958892],[77.663588,12.958916],[77.663588,12.958916],[77.663582,12.958892],[77.663477,12.958916],[77.663077,12.959022],[77.662879,12.959057],[77.662879,12.959058],[77.662153,12.959187],[77.661488,12.959227],[77.66144,12.95923],[77.661144,12.959243],[77.660889,12.959254],[77.66085,12.959247],[77.660387,12.959159],[77.659775,12.959076],[77.659664,12.959062],[77.659666,12.959099],[77.659669,12.95921],[77.659729,12.95971],[77.659747,12.959818],[77.659754,12.959869],[77.659765,12.959926],[77.659808,12.960181],[77.659791,12.960217],[77.659837,12.960251],[77.659853,12.960255],[77.6599,12.960255],[77.660164,12.96087],[77.659773,12.961026],[77.659865,12.961324],[77.659968,12.961689],[77.659999,12.961686],[77.66082,12.961607],[77.66085,12.961767],[77.660884,12.961916],[77.660915,12.962052],[77.660947,12.962212],[77.661351,12.96215],[77.661447,12.962137],[77.661539,12.96253],[77.66168,12.962783],[77.661708,12.962902],[77.661791,12.96425],[77.661791,12.964272],[77.661781,12.964273],[77.661608,12.964238],[77.661342,12.964191],[77.661087,12.964154],[77.66106,12.964302],[77.660936,12.964498],[77.660796,12.964853],[77.660534,12.9649],[77.660546,12.964962],[77.66072,12.965194],[77.661,12.965178],[77.661069,12.965452],[77.66114,12.965447],[77.661275,12.96545],[77.661393,12.965503],[77.661508,12.965511],[77.661559,12.965532],[77.66163,12.965605],[77.661646,12.965633],[77.661652,12.96568],[77.661684,12.965742],[77.661706,12.965816],[77.661771,12.966001],[77.661786,12.966186],[77.661787,12.966192],[77.661957,12.966301],[77.661965,12.966306],[77.661645,12.966804],[77.661547,12.96678],[77.65993,12.967026],[77.659704,12.967081],[77.659585,12.967024],[77.658989,12.967115],[77.658461,12.967192],[77.658492,12.967434],[77.658337,12.967656],[77.657952,12.968165],[77.657274,12.968244],[77.657375,12.968906],[77.657447,12.969121],[77.657526,12.969529],[77.657629,12.97015],[77.657658,12.970344],[77.657689,12.970558],[77.657702,12.970712],[77.657753,12.970777],[77.658104,12.970984],[77.658361,12.971057],[77.658735,12.971254],[77.658637,12.971453],[77.659042,12.971508],[77.659288,12.97154],[77.659596,12.971586],[77.660157,12.971566],[77.660803,12.971584],[77.661024,12.971589],[77.661518,12.97162],[77.661574,12.971701],[77.661566,12.971979],[77.661984,12.971787],[77.66263,12.971598],[77.663057,12.971538],[77.663903,12.971631],[77.664234,12.971702],[77.664506,12.97176],[77.664794,12.971781],[77.664918,12.971791],[77.665335,12.971844],[77.665406,12.971749],[77.665531,12.971578],[77.665717,12.97152],[77.666054,12.971464],[77.666142,12.97145],[77.666158,12.971446],[77.666158,12.971447],[77.666315,12.971638],[77.666456,12.971825],[77.666488,12.971873],[77.666512,12.97192],[77.666522,12.971955],[77.666528,12.971992],[77.666546,12.972147],[77.66655,12.972199],[77.666558,12.972283],[77.666568,12.972404],[77.666573,12.97245],[77.666709,12.972503],[77.666885,12.97258],[77.666965,12.972618],[77.666846,12.9728],[77.666661,12.973009],[77.666732,12.973192],[77.666796,12.973181],[77.666815,12.97319],[77.666842,12.973258],[77.666846,12.973334],[77.666792,12.973347],[77.666805,12.9734],[77.666914,12.974301],[77.666902,12.974381],[77.666611,12.974425],[77.666516,12.975333],[77.666561,12.975354],[77.666598,12.975372],[77.666647,12.975401],[77.666887,12.975458],[77.666985,12.975484],[77.667314,12.975574],[77.667634,12.97558],[77.667928,12.975557],[77.668022,12.975552],[77.668135,12.975547],[77.668525,12.975468],[77.668742,12.975426],[77.668847,12.975403],[77.669026,12.975336],[77.669214,12.975259],[77.66926,12.97524],[77.669443,12.975175],[77.669819,12.975044],[77.670101,12.974954],[77.670193,12.97489],[77.670213,12.974875],[77.670295,12.974827],[77.670522,12.974762],[77.67075,12.974686],[77.671123,12.97458],[77.671618,12.97443],[77.671652,12.974417],[77.671848,12.974348],[77.672345,12.974183],[77.672525,12.974131],[77.672686,12.974075],[77.672702,12.97407],[77.672954,12.973981],[77.673274,12.973868],[77.673456,12.973806],[77.673621,12.97375],[77.673957,12.973648],[77.674207,12.973574],[77.674491,12.973488],[77.674862,12.973384],[77.675142,12.973329],[77.675397,12.973278],[77.67577,12.973198],[77.675774,12.973197],[77.676249,12.973093],[77.676717,12.972972],[77.677193,12.972871],[77.67795,12.972738],[77.678116,12.972709],[77.67824,12.97317],[77.67836,12.973615],[77.67837,12.973654],[77.678442,12.973863],[77.678539,12.97414],[77.678695,12.974592],[77.678702,12.974614],[77.678916,12.975287],[77.679061,12.975693],[77.679153,12.975873],[77.679299,12.976162],[77.679378,12.976514],[77.679345,12.976699],[77.679314,12.976894],[77.679334,12.977581],[77.679338,12.977976],[77.679371,12.978237],[77.679505,12.979047],[77.679623,12.979382],[77.679653,12.97947],[77.679751,12.980012],[77.679751,12.980203],[77.679751,12.980232],[77.679823,12.980495],[77.679849,12.98059],[77.679898,12.980771],[77.679963,12.98101],[77.679973,12.981042],[77.680062,12.981311],[77.680139,12.981547],[77.680143,12.981559],[77.680185,12.98176],[77.680215,12.981843],[77.680268,12.981991],[77.680295,12.982066],[77.680297,12.982074],[77.680381,12.982321],[77.680382,12.982326],[77.680416,12.982497],[77.680439,12.982755],[77.680247,12.983065],[77.68024,12.983076],[77.680202,12.983133],[77.680014,12.983414],[77.679842,12.983568],[77.679799,12.983588],[77.679713,12.983628],[77.679704,12.983617],[77.679068,12.983989],[77.678954,12.98403],[77.678815,12.984049],[77.678591,12.984081],[77.678472,12.984269],[77.678357,12.984358],[77.678242,12.984439],[77.678027,12.984559],[77.677872,12.984641],[77.67781,12.984656],[77.677719,12.984657],[77.67766,12.984742],[77.677609,12.984773],[77.677497,12.984817],[77.677367,12.984871],[77.676925,12.985164],[77.676457,12.985476],[77.675798,12.985816],[77.67579,12.985821],[77.674924,12.986368],[77.673367,12.986389],[77.672933,12.98637],[77.672139,12.985994],[77.671712,12.985878],[77.671353,12.986026],[77.671283,12.9859],[77.670815,12.986016],[77.670452,12.986071],[77.669796,12.986156],[77.66948,12.986122],[77.668884,12.985976],[77.668712,12.985897],[77.668354,12.985723],[77.668264,12.985673],[77.668195,12.985631],[77.667973,12.985491],[77.667951,12.985532],[77.667817,12.985874],[77.667526,12.985937],[77.667492,12.987219],[77.667366,12.988],[77.66741,12.988671],[77.667629,12.989526],[77.667885,12.989757],[77.667889,12.989758],[77.668056,12.989818],[77.668164,12.989842],[77.668255,12.989962],[77.668213,12.990009],[77.66836,12.990191],[77.668359,12.990192],[77.668362,12.990196],[77.668362,12.990196],[77.667872,12.990477],[77.666907,12.991053],[77.66626,12.991582],[77.665687,12.992213],[77.665532,12.992383],[77.664997,12.993147],[77.664164,12.994475],[77.66416,12.994482],[77.664135,12.994521],[77.66354,12.995519],[77.663536,12.995527],[77.663206,12.996162],[77.662834,12.996691],[77.662791,12.99676],[77.663845,12.997354],[77.66407,12.997484],[77.663867,12.997814],[77.663592,12.998259],[77.663297,13.002255],[77.663304,13.002863],[77.663304,13.002863],[77.663304,13.002912],[77.663271,13.003387],[77.663246,13.003734],[77.663189,13.004557],[77.663128,13.004974],[77.663037,13.005513],[77.662956,13.005994],[77.662725,13.007294],[77.662665,13.007635],[77.662603,13.007999],[77.662569,13.008193],[77.662562,13.008375],[77.662532,13.009212],[77.662521,13.009515],[77.662504,13.009977],[77.662475,13.010221],[77.662451,13.010412],[77.66234,13.011708],[77.662298,13.012389],[77.662328,13.012409],[77.662311,13.012689],[77.66229,13.013063],[77.662283,13.013197],[77.662283,13.0132],[77.662256,13.01369],[77.66216,13.015061],[77.662095,13.015726],[77.662054,13.015882],[77.662017,13.016029],[77.661936,13.016204],[77.661798,13.016336],[77.661707,13.016407],[77.661524,13.01648],[77.660535,13.016883],[77.660371,13.016956],[77.658566,13.017754],[77.658416,13.01782],[77.656474,13.018684],[77.655634,13.019058],[77.655601,13.019071],[77.654676,13.019441],[77.653111,13.020031],[77.652745,13.020168],[77.651271,13.020817],[77.648141,13.022198],[77.647914,13.022299],[77.646656,13.022847],[77.646412,13.022953],[77.645421,13.02338],[77.645183,13.023482],[77.644488,13.023781],[77.643232,13.024345],[77.643119,13.024395],[77.64202,13.024869],[77.640837,13.025378],[77.640556,13.025499],[77.640115,13.025707],[77.639937,13.025775],[77.63965,13.025885],[77.639414,13.025925],[77.639012,13.025993],[77.63847,13.026088],[77.63715,13.02632],[77.636986,13.026358],[77.635815,13.026632],[77.634974,13.026884],[77.633887,13.027262],[77.632762,13.027754],[77.632716,13.027773],[77.633003,13.02811],[77.633496,13.028689],[77.633744,13.028573],[77.634277,13.028442],[77.634877,13.028301],[77.634912,13.028294],[77.63504,13.028252],[77.635667,13.028],[77.636011,13.027874],[77.636354,13.0278],[77.63658,13.027773],[77.636654,13.027788],[77.636729,13.027829],[77.636945,13.027908],[77.636948,13.027909],[77.63703,13.027917],[77.637137,13.027919],[77.637328,13.027934],[77.637605,13.027986],[77.637744,13.029501],[77.637822,13.029782],[77.637873,13.029931],[77.637916,13.030015],[77.637993,13.030132],[77.638023,13.030163],[77.638188,13.030334],[77.638525,13.03063],[77.639123,13.031141],[77.639134,13.031151],[77.639398,13.031385],[77.6396,13.031751],[77.639656,13.032026],[77.639649,13.032038],[77.639806,13.032466],[77.639852,13.032578],[77.639892,13.032616],[77.639918,13.032647],[77.640115,13.032885],[77.640167,13.032947],[77.640446,13.033329],[77.640769,13.033682],[77.64088,13.033964],[77.641032,13.034259],[77.641099,13.034318],[77.641177,13.034327],[77.641177,13.034327],[77.641279,13.034284],[77.641716,13.034144],[77.642185,13.033997],[77.642303,13.034001],[77.642376,13.03403],[77.642549,13.034052],[77.643099,13.034061],[77.643268,13.034067],[77.64325,13.034154],[77.643158,13.035325],[77.643177,13.035335],[77.643177,13.035364],[77.643176,13.035375],[77.643231,13.035906],[77.644883,13.035844],[77.64494,13.035881],[77.644929,13.035928],[77.644907,13.036024],[77.644832,13.036071],[77.644762,13.036113],[77.644687,13.036128],[77.644463,13.036194],[77.644421,13.036226],[77.644394,13.036319],[77.644339,13.036513],[77.644287,13.036734],[77.644267,13.036825],[77.644246,13.036947],[77.644232,13.037009],[77.644193,13.037237],[77.644155,13.037603],[77.644138,13.037737],[77.64411,13.037838],[77.644071,13.037952],[77.644028,13.03807],[77.643982,13.038175],[77.643932,13.038285],[77.64392,13.038337],[77.643837,13.038492],[77.64382,13.03859],[77.643813,13.03872],[77.643807,13.038822],[77.643793,13.038876],[77.643768,13.038966],[77.643765,13.038965],[77.643709,13.038938],[77.643575,13.03893],[77.64296,13.038955],[77.642368,13.038977],[77.642167,13.039034],[77.641978,13.039265],[77.641869,13.03937],[77.641808,13.039434],[77.641738,13.03946],[77.641648,13.039488],[77.641458,13.039511],[77.641472,13.039966],[77.641462,13.039966],[77.641465,13.040318],[77.641455,13.040513],[77.641445,13.040674],[77.6414,13.041045],[77.641395,13.041203],[77.641394,13.041259],[77.641354,13.041267],[77.641336,13.041278],[77.641318,13.041309],[77.641303,13.041336],[77.6413,13.041376],[77.641316,13.041434],[77.641348,13.041537],[77.641375,13.041582],[77.64141,13.041618],[77.64146,13.041713],[77.641471,13.041794],[77.641468,13.041906],[77.641456,13.042097],[77.641429,13.042312],[77.641391,13.042415],[77.641326,13.042486],[77.641215,13.04257],[77.641118,13.042624],[77.641075,13.042642],[77.64101,13.04265],[77.640935,13.042648],[77.640794,13.042645],[77.640722,13.04266],[77.640648,13.042728],[77.640552,13.042831],[77.640463,13.042912],[77.640391,13.042959],[77.640087,13.043075],[77.639758,13.043189],[77.639381,13.043292],[77.639263,13.043314],[77.639065,13.043316],[77.638636,13.043281],[77.638587,13.043277],[77.638471,13.043268],[77.638384,13.043269],[77.63831,13.043244],[77.638203,13.043222],[77.638072,13.043224],[77.638008,13.043217],[77.637907,13.043182],[77.63783,13.04315],[77.637745,13.043086],[77.63765,13.04302],[77.637556,13.042969],[77.637343,13.042846],[77.63729,13.04281],[77.637277,13.042931],[77.637178,13.043365],[77.637118,13.0435],[77.637089,13.044134],[77.637101,13.044682],[77.637231,13.04554],[77.637314,13.046035],[77.637558,13.046767],[77.637593,13.046864],[77.637781,13.047379],[77.637876,13.048057],[77.638004,13.048578],[77.63809,13.049233],[77.638159,13.049528],[77.63826,13.049864],[77.638334,13.050064],[77.638136,13.050096],[77.638362,13.05107],[77.638428,13.051554],[77.637796,13.051661],[77.63778,13.051809],[77.637794,13.052009],[77.637808,13.052162],[77.637885,13.052643],[77.638032,13.053368],[77.638067,13.053541],[77.63812,13.053804],[77.638182,13.053928],[77.638313,13.054328],[77.638339,13.054535],[77.638153,13.054637],[77.638186,13.054844],[77.638297,13.05519],[77.638309,13.055603],[77.638336,13.056517],[77.638343,13.056812],[77.638359,13.057503],[77.638354,13.057669],[77.638172,13.058965],[77.638157,13.059641],[77.638156,13.059924],[77.638173,13.060491],[77.638182,13.060824],[77.638195,13.061533],[77.638218,13.0618],[77.638235,13.061999],[77.638283,13.062333],[77.638345,13.062783],[77.638361,13.063653],[77.638526,13.064811],[77.638568,13.065289],[77.638696,13.066544],[77.638727,13.066645],[77.639023,13.06758],[77.639363,13.068879],[77.639527,13.06969],[77.639504,13.070628],[77.639481,13.071571],[77.63944,13.073218],[77.639491,13.074935],[77.638309,13.07516],[77.639016,13.076002],[77.639559,13.076668],[77.640237,13.076931],[77.640974,13.07696],[77.64142,13.077216],[77.641515,13.077296],[77.64169,13.077442],[77.642146,13.077826],[77.642299,13.078157],[77.642528,13.078655],[77.642809,13.079164],[77.643287,13.080037],[77.643801,13.080954],[77.644461,13.082125],[77.644551,13.082317],[77.645122,13.08297],[77.64552,13.083392],[77.646101,13.084339],[77.646495,13.085027],[77.646603,13.085152],[77.646832,13.084885],[77.64698,13.084703],[77.647118,13.084535],[77.647369,13.08423],[77.647481,13.084025],[77.64766,13.083872],[77.648006,13.083407],[77.648349,13.082971],[77.648417,13.082823],[77.648645,13.082548],[77.64892,13.08225],[77.649286,13.081757],[77.649548,13.081403],[77.649647,13.081341],[77.649672,13.081236],[77.649858,13.0813],[77.650132,13.081331],[77.650417,13.081367],[77.650827,13.081417],[77.651156,13.081451],[77.651553,13.081492],[77.65189,13.081541],[77.652228,13.081587],[77.652609,13.081622],[77.653224,13.081752],[77.65331,13.081737],[77.653535,13.081812],[77.654763,13.08197],[77.654857,13.081913],[77.654917,13.081537],[77.655001,13.081023],[77.655029,13.080851],[77.655079,13.08062],[77.655169,13.080206],[77.655269,13.079747],[77.655362,13.079317],[77.655421,13.07905],[77.655513,13.078644],[77.655521,13.078608],[77.655584,13.078336],[77.655682,13.077839],[77.655812,13.077181],[77.655984,13.076698],[77.656275,13.075876],[77.656344,13.075432],[77.656431,13.074863],[77.656532,13.07485],[77.657245,13.07377],[77.6578,13.073042],[77.658427,13.071513],[77.658666,13.070951],[77.658855,13.070476],[77.658873,13.07043],[77.659142,13.069738],[77.659727,13.068044],[77.660155,13.067725],[77.660731,13.06768],[77.661527,13.067453],[77.661802,13.067355],[77.662624,13.067065],[77.663595,13.066977],[77.665795,13.066205],[77.667022,13.065903],[77.667146,13.063946],[77.668714,13.065047],[77.670052,13.065955],[77.670993,13.065819],[77.67241,13.065613],[77.673095,13.065437],[77.673447,13.065352],[77.673439,13.065295],[77.673434,13.06526],[77.674085,13.065193],[77.674523,13.065057],[77.675093,13.064838],[77.675278,13.064858],[77.675905,13.064926],[77.675984,13.064941],[77.676062,13.064956],[77.67633,13.065059],[77.676537,13.065048],[77.676723,13.065094],[77.676926,13.065061],[77.677174,13.064957],[77.677093,13.064766],[77.676959,13.064468],[77.67683,13.064038],[77.676668,13.063585],[77.676856,13.063532],[77.67684,13.063258],[77.676837,13.062913],[77.676942,13.062903],[77.677327,13.062841],[77.67761,13.06279],[77.677646,13.062782],[77.677696,13.062764],[77.677801,13.062765],[77.678203,13.062744],[77.678236,13.062742],[77.678804,13.062736],[77.678968,13.062786],[77.678978,13.062818],[77.67899,13.062858],[77.679179,13.062574],[77.679505,13.061947],[77.679485,13.061257],[77.67933,13.060979],[77.679295,13.060522],[77.679295,13.060487],[77.679295,13.060452],[77.679293,13.060272],[77.679307,13.059862],[77.679333,13.059524],[77.679444,13.058583],[77.679397,13.058493],[77.679333,13.05837],[77.679178,13.058099],[77.679111,13.058005],[77.679002,13.058024],[77.678958,13.057822],[77.67907,13.057525],[77.679172,13.057541],[77.679213,13.057372],[77.67936,13.056527],[77.679373,13.05645],[77.679426,13.055768],[77.679404,13.055723],[77.679382,13.055679],[77.679308,13.055532],[77.679247,13.055485],[77.678899,13.055219],[77.678804,13.054887],[77.678757,13.054472],[77.678751,13.054431],[77.678745,13.05439],[77.6787,13.054101],[77.678659,13.053833],[77.678453,13.052704],[77.678371,13.052401],[77.678375,13.052347],[77.678375,13.052347],[77.678554,13.052363],[77.678663,13.052361],[77.678755,13.052361],[77.678862,13.052353],[77.678892,13.052353],[77.678921,13.052354],[77.679397,13.052388],[77.679939,13.052412],[77.680191,13.052247],[77.68058,13.05199],[77.680874,13.051838],[77.680968,13.051786],[77.68103,13.051752],[77.681063,13.051734],[77.681659,13.051249],[77.681691,13.051225],[77.681723,13.0512],[77.68266,13.050468],[77.683338,13.04995],[77.683606,13.04922],[77.684192,13.047504],[77.684453,13.046719],[77.684757,13.04581],[77.684945,13.04527],[77.684951,13.045166],[77.684927,13.044771],[77.684856,13.044018],[77.684872,13.043423],[77.684876,13.042907],[77.684842,13.042773],[77.684784,13.042407],[77.684679,13.041752],[77.684661,13.041625],[77.684601,13.041399],[77.684635,13.041086],[77.684616,13.040952],[77.684643,13.040924],[77.684586,13.040857],[77.684542,13.040718],[77.684474,13.040525],[77.684459,13.040433],[77.68448,13.040208],[77.684494,13.040161],[77.684385,13.039693],[77.684293,13.039399],[77.684261,13.038989],[77.684244,13.038759],[77.684153,13.03824],[77.684046,13.037704],[77.684029,13.037619],[77.683913,13.03733],[77.683913,13.03733],[77.68393,13.037141],[77.683933,13.036993],[77.683996,13.036675],[77.683884,13.036275],[77.683858,13.036064],[77.683822,13.035793],[77.68381,13.03554],[77.683794,13.035392],[77.68374,13.035195],[77.683738,13.034969],[77.683619,13.03476],[77.683614,13.034381],[77.683654,13.034177],[77.683631,13.033809],[77.683601,13.033617],[77.683595,13.033473],[77.683574,13.033225],[77.683539,13.03312],[77.683691,13.033206],[77.685106,13.03338],[77.686321,13.033501],[77.686569,13.033499],[77.686689,13.03349],[77.686881,13.033476],[77.687032,13.033427],[77.687924,13.033236],[77.688082,13.033202],[77.688208,13.033176],[77.688591,13.033039],[77.688856,13.032944],[77.689259,13.032859],[77.690348,13.032662],[77.690855,13.032558],[77.691485,13.031444],[77.691932,13.030752],[77.693118,13.028887],[77.693846,13.027748],[77.694404,13.026725],[77.694537,13.02675],[77.695025,13.026774],[77.695655,13.026829],[77.69609,13.026892],[77.696407,13.026918],[77.696584,13.026932],[77.696615,13.026935],[77.696999,13.026971],[77.697748,13.027058],[77.698473,13.027155],[77.699571,13.027298],[77.699791,13.027326],[77.700492,13.027429],[77.700627,13.027433],[77.701698,13.027438],[77.701684,13.027403],[77.701688,13.027372],[77.701521,13.026445],[77.701331,13.025317],[77.701269,13.024966],[77.701697,13.025141],[77.701885,13.025218],[77.702345,13.025393],[77.702683,13.025525],[77.703275,13.025752],[77.703842,13.025892],[77.704099,13.025952],[77.704404,13.026012],[77.704461,13.026023],[77.70518,13.026152],[77.705446,13.0262],[77.705936,13.026283],[77.705963,13.026287],[77.707012,13.026075],[77.707687,13.025927],[77.707997,13.025876],[77.708021,13.025872],[77.708232,13.025784],[77.709244,13.025269],[77.709901,13.02566],[77.710709,13.026144],[77.711968,13.028218],[77.712067,13.028381],[77.712221,13.028564],[77.714658,13.031456],[77.715076,13.031931],[77.715083,13.031992],[77.715883,13.031856],[77.716011,13.031833],[77.716048,13.031825],[77.716083,13.031819],[77.716091,13.031646],[77.716143,13.031643],[77.717392,13.031557],[77.717341,13.031704],[77.717371,13.032917],[77.717405,13.032922],[77.71746,13.032932],[77.71811,13.033038],[77.718197,13.033057],[77.719583,13.033371],[77.720722,13.033771],[77.721179,13.033846],[77.72152,13.034115],[77.721518,13.034021],[77.721511,13.033807],[77.721625,13.033715],[77.72224,13.033574],[77.723182,13.03333],[77.723427,13.033267],[77.723958,13.033367],[77.724066,13.033318],[77.724229,13.032303],[77.724724,13.032249],[77.724723,13.032166],[77.724845,13.032157],[77.724875,13.032029],[77.7249,13.031487],[77.72483,13.031052],[77.724919,13.03044],[77.724752,13.029957],[77.724637,13.029221],[77.724751,13.028973],[77.724824,13.028813],[77.724861,13.028717],[77.725003,13.028343],[77.725106,13.027841],[77.725117,13.02778],[77.72525,13.027019],[77.725185,13.026489],[77.725181,13.026391],[77.725168,13.025785],[77.725677,13.025755],[77.725609,13.025717],[77.727355,13.023309],[77.729321,13.020371],[77.729438,13.020197],[77.729898,13.019686],[77.730056,13.018734],[77.729769,13.017592],[77.729462,13.016581],[77.729384,13.016323],[77.729377,13.016299],[77.729159,13.015637],[77.729142,13.015588],[77.729098,13.015463],[77.72906,13.015374],[77.7288,13.014757],[77.72866,13.014449],[77.728415,13.01326],[77.72828,13.011799],[77.728011,13.01048],[77.728695,13.010608],[77.729571,13.01071],[77.729571,13.01071],[77.729582,13.010712],[77.730249,13.010755],[77.730482,13.010783],[77.730493,13.010784],[77.730493,13.010784],[77.730933,13.010801],[77.731409,13.010821],[77.732128,13.010768],[77.732441,13.010801],[77.732842,13.010771],[77.733065,13.010667],[77.733894,13.010123],[77.734729,13.010514],[77.735671,13.010933],[77.736232,13.010762],[77.736232,13.010277],[77.736243,13.009769],[77.736248,13.00943],[77.736245,13.009118],[77.736161,13.008368],[77.736131,13.008138],[77.736101,13.007486],[77.736523,13.007829],[77.737203,13.007769],[77.737773,13.00768],[77.738143,13.007577],[77.738476,13.00762],[77.738506,13.007624],[77.738567,13.007645],[77.738896,13.007757],[77.739229,13.007807],[77.73985,13.007954],[77.740325,13.008052],[77.740774,13.008133],[77.740831,13.007871],[77.740941,13.00736],[77.74099,13.007147],[77.743147,13.007074],[77.743274,13.007072],[77.743366,13.007071],[77.743891,13.007137],[77.744252,13.007181],[77.744575,13.007195],[77.745154,13.007171],[77.745562,13.007119],[77.746188,13.007005],[77.746829,13.006821],[77.747168,13.006714],[77.74717,13.00673],[77.747198,13.007007],[77.746971,13.007097],[77.746971,13.007205],[77.74697,13.007296],[77.746971,13.007807],[77.746989,13.0081],[77.747058,13.008561],[77.74707,13.008659],[77.747063,13.00937],[77.747061,13.009547],[77.74706,13.009652],[77.74705,13.010123],[77.746925,13.010438],[77.747034,13.010785],[77.747364,13.011629],[77.747826,13.011567],[77.747968,13.012619],[77.748271,13.012487],[77.749021,13.012163],[77.749324,13.012005],[77.749745,13.011648],[77.749721,13.01151],[77.749971,13.011427],[77.750334,13.011284],[77.750688,13.011364],[77.751249,13.011144],[77.7517,13.0109],[77.752169,13.010852],[77.752249,13.010813],[77.752454,13.01073],[77.752686,13.010658],[77.752839,13.010525],[77.752928,13.010366],[77.753022,13.010283],[77.753179,13.010184],[77.753325,13.010053],[77.75347,13.009913],[77.753651,13.009841],[77.753761,13.00975],[77.753897,13.009626],[77.754116,13.009445],[77.754241,13.009273],[77.754285,13.009178],[77.754362,13.009022],[77.754416,13.008945],[77.754432,13.008921],[77.754523,13.008901],[77.75459,13.0089],[77.754634,13.008892],[77.754673,13.008877],[77.754767,13.008825],[77.754783,13.008814],[77.754814,13.008821],[77.754842,13.008848],[77.754859,13.008878],[77.754911,13.009009],[77.755049,13.009283],[77.755069,13.009345],[77.755075,13.009503],[77.755076,13.009654],[77.755143,13.009876],[77.755195,13.010011],[77.755204,13.010096],[77.755217,13.010162],[77.755229,13.010216],[77.75525,13.010262],[77.755278,13.010304],[77.755302,13.010335],[77.755357,13.010345],[77.755397,13.010345],[77.755468,13.010317],[77.755503,13.010286],[77.755542,13.010255],[77.755585,13.010247],[77.75566,13.010227],[77.756014,13.010072],[77.756202,13.009939],[77.756438,13.009782],[77.75671,13.009563],[77.756975,13.009297],[77.757116,13.00913],[77.757209,13.009012],[77.757354,13.008872],[77.75769,13.008712],[77.758111,13.008575],[77.758299,13.008439],[77.758315,13.008425],[77.75846,13.008305],[77.758597,13.008211],[77.758743,13.008017],[77.758813,13.00794],[77.758892,13.007877],[77.758982,13.007871],[77.759073,13.00787],[77.759192,13.007858],[77.759294,13.007841],[77.759345,13.007813],[77.759396,13.007786],[77.759439,13.007751],[77.759474,13.007711],[77.759514,13.007669],[77.759548,13.007629],[77.759575,13.007571],[77.759595,13.007514],[77.759614,13.007466],[77.759617,13.007424],[77.75962,13.007338],[77.759636,13.006985],[77.759619,13.006853],[77.759529,13.006575],[77.759496,13.006433],[77.759416,13.006298],[77.759377,13.006224],[77.759365,13.006163],[77.759349,13.006087],[77.759359,13.006002],[77.759374,13.005952],[77.759409,13.005897],[77.759455,13.005851],[77.759498,13.005805],[77.759685,13.005675],[77.759919,13.005539],[77.760123,13.005392],[77.760267,13.005272],[77.760458,13.005089],[77.760659,13.004975],[77.760764,13.004907],[77.760845,13.004894],[77.761012,13.004982],[77.761166,13.005011],[77.761335,13.005076],[77.761473,13.00515],[77.761633,13.005182],[77.761779,13.005192],[77.761862,13.005166],[77.761992,13.005119],[77.762106,13.005032],[77.762196,13.004921],[77.762252,13.004859],[77.762291,13.004797],[77.762359,13.004732],[77.762404,13.004676],[77.76246,13.004544],[77.76251,13.004442],[77.76258,13.004333],[77.762666,13.004147],[77.762718,13.003937],[77.762758,13.003829],[77.762827,13.003698],[77.762971,13.003526],[77.76314,13.003299],[77.763226,13.003164],[77.763311,13.003058],[77.763397,13.00295],[77.763472,13.002851],[77.763551,13.00284],[77.763675,13.002882],[77.763706,13.002926],[77.763833,13.003111],[77.764124,13.004082],[77.764711,13.003881],[77.765399,13.003723],[77.765669,13.003661],[77.765873,13.00357],[77.766189,13.003481],[77.767417,13.003246],[77.767497,13.00322],[77.767871,13.003097],[77.768699,13.00269],[77.768868,13.003033],[77.76907,13.003605],[77.769261,13.003978],[77.769397,13.004579],[77.76938,13.004599],[77.769361,13.004618],[77.769287,13.004699],[77.769474,13.005219],[77.76966,13.005906],[77.769655,13.006178],[77.769759,13.006584],[77.769716,13.007668],[77.769709,13.007802],[77.769678,13.008408],[77.769694,13.008732],[77.769701,13.008864],[77.769869,13.008853],[77.769928,13.009136],[77.769912,13.009218],[77.769893,13.009328],[77.769782,13.009365],[77.769933,13.009746],[77.770106,13.010142],[77.770187,13.010606],[77.770293,13.011153],[77.770375,13.011595],[77.770477,13.011714],[77.770511,13.011755],[77.770541,13.01197],[77.770695,13.012341],[77.770716,13.012393],[77.770878,13.012675],[77.771048,13.013193],[77.771092,13.013425],[77.771136,13.013874],[77.771163,13.013983],[77.771171,13.014014],[77.771216,13.014198],[77.77128,13.014473],[77.771505,13.015099],[77.771604,13.015055],[77.772162,13.014896],[77.77226,13.014849],[77.772785,13.014728],[77.773114,13.014642],[77.77316,13.014459],[77.77315,13.014267],[77.773107,13.014049],[77.773098,13.013932],[77.773097,13.013862],[77.773104,13.013768],[77.773175,13.013675],[77.773428,13.013485],[77.773642,13.01342],[77.77388,13.013434],[77.774079,13.013494],[77.774374,13.013491],[77.774414,13.013459],[77.774436,13.013388],[77.774443,13.013302],[77.774443,13.013232],[77.774434,13.013147],[77.774345,13.013015],[77.774055,13.012653],[77.773896,13.01254],[77.773872,13.012517],[77.773855,13.012479],[77.773855,13.012463],[77.773862,13.012415],[77.77387,13.012353],[77.773893,13.012307],[77.773908,13.012189],[77.773915,13.012127],[77.773921,13.011995],[77.77392,13.011871],[77.773911,13.011753],[77.773838,13.011638],[77.773773,13.011537],[77.773741,13.011498],[77.773724,13.011444],[77.773716,13.011374],[77.773714,13.011249],[77.773729,13.011116],[77.773775,13.010999],[77.773854,13.010944],[77.773917,13.01088],[77.773948,13.010834],[77.773979,13.010755],[77.774002,13.010685],[77.774002,13.010646],[77.773953,13.010588],[77.773729,13.010474],[77.773529,13.010406],[77.773401,13.010352],[77.773345,13.010298],[77.773305,13.010267],[77.77328,13.010183],[77.773271,13.010097],[77.77327,13.010003],[77.773277,13.009925],[77.77334,13.009878],[77.773387,13.009807],[77.773402,13.009722],[77.773425,13.009658],[77.773417,13.009604],[77.773312,13.0095],[77.773224,13.009431],[77.773191,13.00933],[77.773174,13.009236],[77.773164,13.009104],[77.773223,13.00862],[77.773252,13.008441],[77.77333,13.008323],[77.773377,13.008199],[77.773407,13.008081],[77.77343,13.007979],[77.773453,13.007909],[77.77346,13.007839],[77.77346,13.007777],[77.773467,13.007675],[77.773481,13.007559],[77.77344,13.007405],[77.773404,13.007048],[77.773377,13.006705],[77.773359,13.006533],[77.773365,13.006378],[77.773412,13.006261],[77.773482,13.00619],[77.773569,13.006157],[77.773776,13.006155],[77.773888,13.00617],[77.773968,13.006215],[77.77408,13.006316],[77.774128,13.006362],[77.774225,13.006432],[77.774296,13.006438],[77.774415,13.006436],[77.774479,13.006421],[77.774558,13.006365],[77.774692,13.006255],[77.774858,13.00616],[77.775016,13.006104],[77.775096,13.006095],[77.77535,13.006092],[77.77547,13.006083],[77.77568,13.006015],[77.775744,13.005992],[77.775815,13.00592],[77.775854,13.005881],[77.775869,13.005803],[77.775892,13.005701],[77.775889,13.005491],[77.775857,13.005414],[77.775799,13.00529],[77.775775,13.005235],[77.775734,13.005127],[77.775674,13.004707],[77.7757,13.0042],[77.775696,13.00397],[77.775619,13.003511],[77.775498,13.003325],[77.775241,13.003102],[77.775049,13.003018],[77.774833,13.002904],[77.774769,13.002881],[77.774682,13.002882],[77.774475,13.002908],[77.7743,13.002933],[77.774022,13.002975],[77.773753,13.00308],[77.773563,13.003152],[77.773499,13.00316],[77.773148,13.003055],[77.773009,13.003006],[77.772769,13.002969],[77.77265,13.002924],[77.772505,13.002801],[77.772464,13.002708],[77.772463,13.002591],[77.77247,13.002521],[77.772524,13.002372],[77.772575,13.002299],[77.772647,13.002236],[77.772751,13.002105],[77.77281,13.001982],[77.772862,13.001944],[77.77293,13.001914],[77.773035,13.001898],[77.773186,13.001897],[77.773627,13.001874],[77.773661,13.001877],[77.773683,13.00184],[77.773709,13.001799],[77.773727,13.001676],[77.773738,13.001614],[77.773741,13.001427],[77.773771,13.001331],[77.773822,13.001249],[77.773894,13.001219],[77.774041,13.001194],[77.77469,13.001155],[77.774765,13.001146],[77.77484,13.001108],[77.774895,13.001034],[77.774991,13.000859],[77.775001,13.000649],[77.774951,13.000543],[77.77487,13.000385],[77.774846,13.000231],[77.774836,13.00006],[77.774832,12.999714],[77.774889,12.999329],[77.774985,12.998829],[77.775005,12.998439],[77.775031,12.997923],[77.77508,12.997555],[77.774959,12.997527],[77.77511,12.997049],[77.774848,12.996005],[77.774826,12.995549],[77.774809,12.99539],[77.7748,12.995308],[77.774508,12.993862],[77.77449,12.99377],[77.774183,12.992003],[77.775209,12.992105],[77.77538,12.992023],[77.776028,12.991712],[77.776114,12.991533],[77.776117,12.991222],[77.775997,12.990659],[77.77615,12.989904],[77.776347,12.989446],[77.776496,12.988315],[77.775942,12.988294],[77.776148,12.98792],[77.776056,12.987065],[77.775904,12.986392],[77.776068,12.985872],[77.776422,12.98554],[77.776662,12.985352],[77.776941,12.985377],[77.777147,12.985165],[77.777006,12.985044],[77.776576,12.984865],[77.776613,12.984589],[77.776542,12.984197],[77.77639,12.983714],[77.776291,12.983243],[77.776248,12.982942],[77.776095,12.982498],[77.775906,12.982329],[77.77565,12.982142],[77.775421,12.981489],[77.775362,12.98141],[77.775203,12.981257],[77.775028,12.98109],[77.774759,12.980702],[77.77472,12.980522],[77.774932,12.980404],[77.775258,12.98024],[77.775402,12.980212],[77.775473,12.980132],[77.775911,12.979932],[77.776038,12.979795],[77.776311,12.979482],[77.776434,12.979365],[77.776529,12.97932],[77.776622,12.979103],[77.776979,12.978738],[77.77716,12.978503],[77.777413,12.978369],[77.777793,12.978592],[77.778358,12.9786],[77.778392,12.978581],[77.778425,12.978562],[77.778519,12.978134],[77.778559,12.978008],[77.778827,12.977163],[77.778625,12.976797],[77.778523,12.976643],[77.778523,12.976643],[77.778244,12.976224],[77.777778,12.976186],[77.777778,12.976186],[77.777669,12.976177],[77.777259,12.976536],[77.777142,12.976483],[77.776976,12.976408],[77.776898,12.976304],[77.776678,12.976018],[77.776675,12.975717],[77.776515,12.97541],[77.776484,12.975352],[77.77616,12.97497],[77.776647,12.974309],[77.776874,12.974002],[77.777684,12.973706],[77.778149,12.973398],[77.778602,12.972939],[77.779243,12.972236],[77.778628,12.971084],[77.778673,12.97048],[77.779211,12.970244],[77.780217,12.970164],[77.780835,12.970319],[77.781149,12.970771],[77.781974,12.970962],[77.782861,12.970993],[77.783262,12.970891],[77.783647,12.970616],[77.783912,12.969357],[77.784361,12.968558],[77.78418,12.966789],[77.784078,12.966563],[77.781848,12.966135],[77.781691,12.966243],[77.781584,12.966381],[77.781453,12.966612],[77.781397,12.966816],[77.781224,12.966957],[77.780535,12.967124],[77.779883,12.967147],[77.779364,12.966969],[77.779069,12.96689],[77.778596,12.966765],[77.778474,12.966994],[77.778656,12.967718],[77.777451,12.968224],[77.777311,12.968168],[77.777221,12.968133],[77.777197,12.96801],[77.777177,12.967898],[77.776479,12.967758],[77.776089,12.967424],[77.775097,12.966881],[77.774826,12.966675],[77.77459,12.96651],[77.774366,12.966497],[77.774031,12.966379],[77.773863,12.966249],[77.7735,12.966093],[77.773287,12.966059],[77.773177,12.966041],[77.773121,12.966031],[77.773087,12.966026],[77.772106,12.965867],[77.771984,12.965923],[77.771495,12.965361],[77.771234,12.965045],[77.771001,12.96472],[77.770689,12.964233],[77.77047,12.963395],[77.770474,12.963337],[77.770517,12.963333],[77.770476,12.963038],[77.770204,12.963056],[77.77018,12.962851],[77.770157,12.962648],[77.770082,12.962455],[77.769979,12.962194],[77.769812,12.96177],[77.769686,12.961732],[77.769187,12.961584],[77.768821,12.96153],[77.768676,12.961431],[77.768229,12.961128],[77.768136,12.960757],[77.768041,12.96053],[77.767962,12.960342],[77.76763,12.960204],[77.767299,12.960066],[77.767164,12.959747],[77.767097,12.959467],[77.766947,12.959461],[77.766993,12.95936],[77.766831,12.9593],[77.766603,12.959216],[77.766307,12.959332],[77.766113,12.959408],[77.765878,12.959504],[77.765465,12.959671],[77.76544,12.959682],[77.765415,12.959691],[77.764881,12.959895],[77.764793,12.959461],[77.764567,12.959491],[77.764423,12.95877],[77.764331,12.957583],[77.764334,12.957264],[77.764339,12.956544],[77.764377,12.956119],[77.764417,12.955997],[77.764479,12.955901],[77.764505,12.95576],[77.764579,12.95563],[77.764564,12.955436],[77.764555,12.955319],[77.764573,12.955088],[77.764469,12.955028],[77.764543,12.954883],[77.764545,12.953792],[77.764548,12.953703],[77.76457,12.952919],[77.764549,12.952158],[77.76456,12.951914],[77.764644,12.951372],[77.764924,12.951078],[77.764919,12.95048],[77.76503,12.950129],[77.765286,12.948762],[77.765364,12.947752],[77.765416,12.947375],[77.765416,12.947375],[77.765467,12.947007],[77.765524,12.946593],[77.76551,12.945403],[77.765341,12.943769],[77.765302,12.943334],[77.765271,12.942906],[77.765253,12.942657],[77.765275,12.94224],[77.765269,12.942208],[77.765269,12.942204],[77.765292,12.941865],[77.765404,12.94016],[77.765424,12.93943],[77.765519,12.93805],[77.765512,12.937016],[77.765632,12.936895],[77.766003,12.935922],[77.766345,12.935018],[77.765688,12.933378],[77.765675,12.932994],[77.765593,12.931803],[77.765512,12.931541],[77.765314,12.930895],[77.765113,12.930237],[77.764651,12.928775],[77.763296,12.928558],[77.76235,12.928389],[77.762319,12.928384],[77.762288,12.92838],[77.761916,12.928237],[77.76133,12.927926],[77.760526,12.927706],[77.759978,12.927525],[77.759335,12.927303],[77.758404,12.927013],[77.757942,12.926829],[77.756989,12.926452],[77.756652,12.926337],[77.756567,12.926321],[77.756537,12.926316],[77.755923,12.926148],[77.755344,12.926015],[77.755194,12.925972],[77.754693,12.925826],[77.754603,12.925814],[77.754285,12.925775],[77.753477,12.925592],[77.752866,12.925428],[77.752216,12.92526],[77.752096,12.924689],[77.751742,12.923347],[77.751571,12.922767],[77.751434,12.922315],[77.751379,12.922083],[77.751354,12.922074],[77.751329,12.922065],[77.750571,12.921799],[77.749733,12.921492],[77.749596,12.921432],[77.748643,12.921071],[77.747502,12.920639],[77.747322,12.920573],[77.746643,12.920326],[77.746099,12.920136],[77.745805,12.92002],[77.745685,12.919902],[77.745555,12.919228],[77.745538,12.919086],[77.745464,12.918807],[77.745433,12.918539],[77.745389,12.918063],[77.745365,12.917589],[77.745279,12.916924],[77.745185,12.916156],[77.745012,12.915315],[77.744822,12.914289],[77.744734,12.913721],[77.743903,12.913795],[77.743183,12.913836],[77.742987,12.913904],[77.742495,12.914038],[77.742358,12.914056],[77.742074,12.914236],[77.741777,12.914262],[77.74151,12.914382],[77.741158,12.914478],[77.740795,12.914546],[77.740617,12.914513],[77.739836,12.914451],[77.739106,12.914332],[77.738945,12.91433],[77.738848,12.914328],[77.738617,12.914305],[77.737743,12.91462],[77.737506,12.914722],[77.73735,12.914642],[77.737284,12.913503],[77.736533,12.913418],[77.736049,12.913376],[77.735483,12.913334],[77.735146,12.91331],[77.734934,12.913292],[77.734773,12.913262],[77.734447,12.913197],[77.734397,12.913336],[77.734361,12.913543],[77.734356,12.913718],[77.734338,12.913819],[77.734361,12.914182],[77.734278,12.914127],[77.732667,12.914182],[77.73207,12.913924],[77.731408,12.914004],[77.731067,12.914092],[77.730496,12.914208],[77.729984,12.914256],[77.729033,12.914368],[77.728709,12.914386],[77.727949,12.91446],[77.727758,12.914445],[77.727569,12.914412],[77.727622,12.914085],[77.727662,12.913841],[77.727643,12.912134],[77.727612,12.910887],[77.727336,12.909845],[77.726926,12.908702],[77.726882,12.908586],[77.726739,12.908028],[77.726277,12.90661],[77.726063,12.906643],[77.72563,12.906725],[77.724856,12.90686],[77.724528,12.906927],[77.723304,12.907273],[77.722809,12.907262],[77.721635,12.907778],[77.721383,12.907861],[77.72127,12.90793],[77.720764,12.908221],[77.720746,12.908893],[77.720399,12.908901],[77.720098,12.908848],[77.719672,12.908754],[77.71971,12.908212],[77.719699,12.908135],[77.719213,12.908137],[77.718762,12.908172],[77.717856,12.908374],[77.717913,12.908872],[77.717774,12.90894],[77.71764,12.908966],[77.717289,12.908746],[77.716971,12.908328],[77.716122,12.907387],[77.715604,12.907494],[77.714593,12.907941],[77.714228,12.908083],[77.713953,12.908078],[77.713388,12.907942],[77.7113,12.907863],[77.709487,12.907943],[77.708353,12.908147],[77.708353,12.908147],[77.707997,12.906449],[77.707092,12.903301],[77.706871,12.902026],[77.706693,12.902081],[77.705786,12.902526],[77.704842,12.902994],[77.704064,12.903394],[77.703984,12.903434],[77.703984,12.903434],[77.70355,12.90365],[77.702847,12.904041],[77.702887,12.904088],[77.702336,12.904393],[77.701739,12.904724],[77.701054,12.9051],[77.700404,12.905452],[77.699441,12.905977],[77.699064,12.906175],[77.699033,12.906188],[77.698784,12.90629],[77.698484,12.90639],[77.698344,12.906429],[77.698268,12.90645],[77.698133,12.906487],[77.697989,12.906525],[77.697806,12.906574],[77.697531,12.906644],[77.697212,12.906735],[77.696739,12.906871],[77.696649,12.906898],[77.696224,12.907017],[77.695568,12.907215],[77.695549,12.907222],[77.695181,12.907334],[77.694766,12.907453],[77.694429,12.90754],[77.693968,12.907656],[77.693933,12.907664],[77.693933,12.907664],[77.693683,12.907725],[77.693416,12.907789],[77.693267,12.907829],[77.693205,12.907846],[77.693039,12.907889],[77.692618,12.908001],[77.692058,12.908143],[77.690687,12.908521],[77.690623,12.908538],[77.689775,12.908759],[77.689691,12.90878],[77.688818,12.909052],[77.68803,12.909359],[77.687494,12.90957],[77.687494,12.90957],[77.6874,12.909607],[77.687094,12.909726],[77.686371,12.910007],[77.685822,12.910228],[77.685142,12.910498],[77.684517,12.910744],[77.683746,12.911058],[77.682974,12.911376],[77.682824,12.911437],[77.682565,12.91157],[77.682565,12.91157],[77.682409,12.911649],[77.681469,12.912128],[77.681124,12.912304],[77.68039,12.912686],[77.680016,12.912883],[77.679154,12.913317],[77.67873,12.913517],[77.678485,12.913626],[77.678103,12.913774],[77.677615,12.913963],[77.677631,12.914084],[77.677615,12.913963],[77.677615,12.913963],[77.675531,12.914569],[77.673984,12.91559],[77.673572,12.91612]]]},"properties":{"corporatio":"East","_folder":"corporations"}},{"type":"Feature","geometry":{"type":"Polygon","coordinates":[[[77.576863,12.838468],[77.574286,12.838869],[77.573793,12.838975],[77.573138,12.839131],[77.572295,12.839173],[77.571074,12.839234],[77.5708,12.839255],[77.570424,12.839287],[77.570338,12.839295],[77.569198,12.839393],[77.568544,12.839449],[77.566787,12.839574],[77.566703,12.839582],[77.566668,12.839585],[77.566426,12.839609],[77.565681,12.83968],[77.564906,12.839538],[77.563309,12.839245],[77.562199,12.83902],[77.560721,12.83991],[77.560504,12.84004],[77.559982,12.84032],[77.558245,12.841114],[77.557279,12.841534],[77.557293,12.843132],[77.557278,12.843242],[77.55718,12.843933],[77.556465,12.844978],[77.555923,12.845999],[77.555476,12.846785],[77.554952,12.847673],[77.554482,12.848012],[77.554128,12.847942],[77.553246,12.847769],[77.553262,12.847543],[77.553034,12.847136],[77.552023,12.847488],[77.551931,12.847554],[77.551427,12.847915],[77.551398,12.847938],[77.551369,12.847961],[77.550423,12.847932],[77.550016,12.847919],[77.549485,12.847903],[77.548911,12.847876],[77.548097,12.847838],[77.545713,12.847738],[77.545006,12.847699],[77.544865,12.847691],[77.544873,12.847597],[77.544683,12.847616],[77.544651,12.8474],[77.544358,12.84699],[77.544495,12.846729],[77.544576,12.846312],[77.544389,12.845279],[77.544314,12.844369],[77.543724,12.844055],[77.543275,12.843731],[77.542775,12.843371],[77.542253,12.843287],[77.541677,12.843325],[77.541486,12.843533],[77.541265,12.844273],[77.541262,12.844276],[77.541272,12.844287],[77.541262,12.844276],[77.540492,12.844962],[77.539045,12.845319],[77.538334,12.845304],[77.538346,12.844891],[77.538162,12.844232],[77.537931,12.84341],[77.537877,12.842468],[77.537575,12.841737],[77.53678,12.841486],[77.535784,12.841169],[77.535108,12.840954],[77.534526,12.840451],[77.533914,12.839924],[77.533612,12.839909],[77.533434,12.839702],[77.531281,12.840051],[77.53097,12.840091],[77.52909,12.840321],[77.526057,12.840642],[77.524462,12.840212],[77.524206,12.840141],[77.523518,12.839945],[77.523245,12.841232],[77.523124,12.841799],[77.522955,12.842528],[77.522868,12.842905],[77.522772,12.8434],[77.522705,12.843765],[77.522542,12.844411],[77.522503,12.844565],[77.522417,12.844856],[77.522394,12.844934],[77.522288,12.845292],[77.522263,12.845409],[77.5217,12.848077],[77.521681,12.848167],[77.521674,12.848201],[77.521641,12.84836],[77.521628,12.848542],[77.5216,12.84893],[77.521495,12.849107],[77.52126,12.849634],[77.521032,12.850146],[77.520995,12.850243],[77.520857,12.850603],[77.520175,12.852373],[77.519682,12.853641],[77.519508,12.85409],[77.51921,12.854856],[77.519148,12.855],[77.519087,12.855544],[77.518975,12.856546],[77.518839,12.85777],[77.518747,12.858424],[77.518638,12.859265],[77.51858,12.859721],[77.51854,12.860037],[77.518521,12.860184],[77.518496,12.860386],[77.518459,12.860688],[77.518418,12.861076],[77.518409,12.861166],[77.518909,12.861654],[77.519448,12.862043],[77.519551,12.862118],[77.519571,12.862305],[77.519592,12.862489],[77.519728,12.863734],[77.519754,12.863965],[77.52022,12.866343],[77.522919,12.870559],[77.522982,12.870566],[77.522039,12.871126],[77.520875,12.871817],[77.520267,12.872178],[77.519437,12.87179],[77.518577,12.870916],[77.51729,12.869598],[77.516368,12.868804],[77.516351,12.868515],[77.516717,12.868486],[77.516794,12.866637],[77.515571,12.862606],[77.516098,12.862399],[77.515925,12.861679],[77.515475,12.860985],[77.515843,12.860597],[77.515827,12.859326],[77.516535,12.858489],[77.516545,12.857849],[77.503842,12.857865],[77.504294,12.860014],[77.505069,12.860153],[77.506029,12.861271],[77.506899,12.863467],[77.506783,12.864301],[77.50877,12.865158],[77.49912,12.871792],[77.497995,12.872785],[77.497578,12.872149],[77.497022,12.870629],[77.496612,12.868753],[77.496221,12.868718],[77.495319,12.868516],[77.491878,12.868434],[77.49157,12.868533],[77.490963,12.868864],[77.489864,12.86851],[77.490107,12.865362],[77.487775,12.864789],[77.487061,12.864758],[77.486763,12.864252],[77.485565,12.862777],[77.485356,12.862354],[77.485377,12.861828],[77.485325,12.861601],[77.485318,12.861309],[77.485392,12.860736],[77.48557,12.86019],[77.485529,12.860191],[77.48301,12.860803],[77.482988,12.860728],[77.482907,12.860749],[77.482926,12.860824],[77.482847,12.860843],[77.482904,12.861077],[77.480969,12.861543],[77.480568,12.861517],[77.480226,12.860986],[77.478365,12.862106],[77.478235,12.86189],[77.477753,12.862141],[77.478307,12.862887],[77.479211,12.863799],[77.48101,12.862777],[77.482247,12.864475],[77.488873,12.871821],[77.489018,12.871777],[77.489018,12.871777],[77.489795,12.872615],[77.490151,12.873003],[77.49061,12.873534],[77.49224,12.87575],[77.492833,12.876533],[77.493254,12.877233],[77.493939,12.877655],[77.494241,12.878172],[77.494609,12.878569],[77.495034,12.87914],[77.495575,12.879544],[77.495724,12.880034],[77.496485,12.879884],[77.496417,12.880562],[77.497046,12.880866],[77.497346,12.881284],[77.497641,12.881353],[77.498049,12.881671],[77.499101,12.882496],[77.501067,12.883827],[77.502032,12.884393],[77.50341,12.885154],[77.506386,12.886557],[77.507591,12.887144],[77.508135,12.887469],[77.508772,12.887909],[77.509431,12.888436],[77.509898,12.888861],[77.510291,12.889262],[77.510634,12.889681],[77.510993,12.890164],[77.511343,12.890655],[77.511662,12.891128],[77.5122,12.891892],[77.51267,12.892496],[77.513112,12.893014],[77.514106,12.894036],[77.514382,12.894318],[77.514391,12.894223],[77.514383,12.894142],[77.514341,12.89405],[77.514323,12.894018],[77.514341,12.89405],[77.514383,12.894142],[77.514391,12.894223],[77.514382,12.894318],[77.517833,12.897868],[77.518408,12.898346],[77.525298,12.903784],[77.52552,12.904039],[77.525829,12.904277],[77.525871,12.904291],[77.525871,12.904298],[77.526383,12.904981],[77.527683,12.907093],[77.528428,12.908316],[77.529498,12.909917],[77.530128,12.910997],[77.531086,12.913104],[77.531324,12.914084],[77.531376,12.914298],[77.531782,12.917793],[77.53313,12.918095],[77.534427,12.91836],[77.536429,12.919249],[77.53785,12.918562],[77.538157,12.918233],[77.538361,12.918101],[77.538364,12.918094],[77.538488,12.917988],[77.538698,12.917828],[77.538833,12.917752],[77.538845,12.917745],[77.538891,12.91772],[77.538976,12.917682],[77.539091,12.91763],[77.539128,12.917613],[77.539251,12.917555],[77.539273,12.917542],[77.539294,12.91753],[77.539308,12.917519],[77.539467,12.917598],[77.539628,12.917677],[77.539643,12.917684],[77.539694,12.917709],[77.539854,12.917764],[77.539875,12.91777],[77.540002,12.917829],[77.540106,12.917884],[77.540236,12.917965],[77.540251,12.917974],[77.540351,12.918047],[77.540361,12.918051],[77.540395,12.918064],[77.540448,12.918074],[77.540469,12.918067],[77.540514,12.91805],[77.540577,12.918049],[77.540647,12.918092],[77.540655,12.918098],[77.540821,12.91823],[77.540933,12.918334],[77.540961,12.918362],[77.540965,12.918366],[77.541012,12.918376],[77.54109,12.918393],[77.541099,12.918397],[77.541195,12.918445],[77.541313,12.918512],[77.541346,12.918529],[77.541376,12.918553],[77.541515,12.91866],[77.541685,12.918788],[77.541744,12.918804],[77.541774,12.918813],[77.541862,12.918812],[77.541959,12.918804],[77.541987,12.918799],[77.541984,12.918792],[77.541976,12.918769],[77.541933,12.918442],[77.541929,12.918221],[77.542789,12.917815],[77.542815,12.917803],[77.543172,12.917643],[77.544341,12.917543],[77.544344,12.917552],[77.544485,12.917539],[77.544698,12.917519],[77.544708,12.917793],[77.544764,12.918287],[77.545344,12.918215],[77.54591,12.918144],[77.546724,12.91803],[77.54673,12.918056],[77.546788,12.918195],[77.546844,12.918327],[77.546857,12.918326],[77.546864,12.918288],[77.546984,12.918262],[77.547294,12.918215],[77.547588,12.918182],[77.547865,12.918152],[77.5479,12.918146],[77.548111,12.918108],[77.548294,12.918092],[77.548624,12.91803],[77.548549,12.917776],[77.548534,12.917724],[77.548455,12.917175],[77.548101,12.91716],[77.548087,12.917038],[77.548075,12.916937],[77.548039,12.916639],[77.548036,12.916492],[77.548254,12.916434],[77.548514,12.916365],[77.548829,12.916279],[77.548999,12.916235],[77.549179,12.916185],[77.549238,12.916169],[77.549482,12.9161],[77.55023,12.915889],[77.550604,12.915784],[77.550604,12.915784],[77.550657,12.916033],[77.550676,12.916124],[77.550681,12.916135],[77.550731,12.916211],[77.550804,12.916322],[77.550872,12.916422],[77.550919,12.916469],[77.550919,12.916469],[77.550919,12.916469],[77.551009,12.916573],[77.551531,12.917052],[77.551619,12.917168],[77.551956,12.917879],[77.551998,12.918207],[77.551954,12.918292],[77.551904,12.91854],[77.551903,12.918613],[77.551916,12.918722],[77.551948,12.918862],[77.551956,12.918886],[77.551956,12.918886],[77.551956,12.918886],[77.551956,12.918886],[77.551956,12.918886],[77.552123,12.919668],[77.552153,12.919663],[77.552173,12.91977],[77.552319,12.919748],[77.552426,12.919701],[77.552518,12.91964],[77.552581,12.919634],[77.552639,12.91966],[77.552682,12.919731],[77.552882,12.920093],[77.553026,12.92026],[77.553234,12.920437],[77.553506,12.92062],[77.554042,12.920901],[77.554155,12.92096],[77.554386,12.921017],[77.554617,12.921011],[77.554736,12.920979],[77.554897,12.920962],[77.555119,12.921022],[77.555646,12.920999],[77.555972,12.92201],[77.556169,12.922581],[77.556281,12.922978],[77.558751,12.922187],[77.559117,12.922083],[77.560309,12.921847],[77.561612,12.92161],[77.561694,12.921516],[77.561845,12.921083],[77.561845,12.921083],[77.561943,12.920818],[77.562123,12.920437],[77.562125,12.920433],[77.562183,12.920289],[77.562203,12.920248],[77.562276,12.920185],[77.562431,12.920083],[77.562798,12.919843],[77.563027,12.919707],[77.563253,12.919572],[77.563358,12.919492],[77.563433,12.919424],[77.563577,12.919246],[77.563889,12.918779],[77.564102,12.91844],[77.564154,12.918345],[77.564279,12.918113],[77.564347,12.917971],[77.564498,12.917654],[77.564615,12.917357],[77.564686,12.917172],[77.564729,12.917067],[77.564851,12.916761],[77.564897,12.916647],[77.564855,12.916751],[77.564898,12.916779],[77.565395,12.9173],[77.565467,12.917404],[77.565745,12.917979],[77.566027,12.918765],[77.568699,12.91815],[77.568676,12.918089],[77.568657,12.917957],[77.568655,12.917837],[77.568667,12.91754],[77.568775,12.917184],[77.568859,12.916967],[77.568859,12.916967],[77.568859,12.916967],[77.569111,12.916451],[77.569249,12.916154],[77.569351,12.915935],[77.569567,12.915502],[77.569723,12.91554],[77.569775,12.915552],[77.569898,12.915595],[77.569935,12.915617],[77.569975,12.915651],[77.570091,12.915828],[77.570127,12.915903],[77.57013,12.915908],[77.570189,12.916029],[77.570235,12.916125],[77.570292,12.916234],[77.570367,12.916311],[77.570404,12.916335],[77.570649,12.916402],[77.570707,12.916417],[77.571001,12.916516],[77.571064,12.916531],[77.571103,12.916541],[77.571238,12.91655],[77.57141,12.91654],[77.571643,12.916527],[77.57197,12.916531],[77.572028,12.916532],[77.572557,12.916583],[77.572749,12.916611],[77.572814,12.916619],[77.572893,12.916633],[77.573104,12.91675],[77.573327,12.91688],[77.573534,12.916979],[77.573517,12.917648],[77.573513,12.917826],[77.573537,12.917896],[77.573649,12.918213],[77.573914,12.918838],[77.574097,12.919303],[77.574233,12.919744],[77.574248,12.919877],[77.574292,12.920253],[77.574402,12.920838],[77.573561,12.921026],[77.573567,12.921545],[77.573576,12.922347],[77.57358,12.922697],[77.573584,12.923034],[77.573589,12.923559],[77.575295,12.923522],[77.575509,12.923518],[77.575561,12.923517],[77.575973,12.923514],[77.576209,12.923505],[77.576457,12.923494],[77.57676,12.923484],[77.577619,12.923454],[77.577688,12.923452],[77.577938,12.92345],[77.578313,12.923449],[77.578436,12.923449],[77.578484,12.923448],[77.579242,12.923441],[77.579702,12.923436],[77.579702,12.923442],[77.579696,12.923957],[77.57969,12.924368],[77.579668,12.925527],[77.579697,12.926643],[77.579707,12.927234],[77.579709,12.927299],[77.57971,12.927355],[77.579703,12.927393],[77.579692,12.928083],[77.57969,12.928234],[77.579666,12.928692],[77.579664,12.928749],[77.57966,12.92882],[77.579653,12.929562],[77.579649,12.92998],[77.57964,12.930846],[77.579639,12.930915],[77.57962,12.931653],[77.579607,12.932175],[77.579612,12.932615],[77.579617,12.933045],[77.580136,12.933051],[77.580138,12.933015],[77.580198,12.933013],[77.580653,12.933011],[77.580707,12.93301],[77.581287,12.932994],[77.582593,12.932957],[77.582676,12.932954],[77.583901,12.932924],[77.583935,12.932922],[77.584835,12.9329],[77.584861,12.9329],[77.584876,12.93392],[77.584902,12.934672],[77.584901,12.935605],[77.584909,12.936633],[77.585108,12.936627],[77.585267,12.936622],[77.585296,12.936621],[77.585731,12.936604],[77.586139,12.936462],[77.586272,12.936399],[77.586363,12.936327],[77.586435,12.93622],[77.586559,12.936013],[77.586709,12.93587],[77.587217,12.935501],[77.587554,12.935247],[77.587629,12.935198],[77.587703,12.935171],[77.587796,12.935164],[77.587816,12.935163],[77.587866,12.93517],[77.587938,12.935204],[77.588388,12.935449],[77.588729,12.93555],[77.588887,12.935634],[77.589061,12.93576],[77.589113,12.935803],[77.589135,12.935811],[77.589149,12.935813],[77.589173,12.935813],[77.589201,12.935805],[77.589244,12.935785],[77.589323,12.935742],[77.589384,12.935691],[77.589451,12.93564],[77.589519,12.935583],[77.589556,12.935573],[77.589623,12.935524],[77.589625,12.935524],[77.589937,12.9355],[77.590116,12.936321],[77.590556,12.936128],[77.590624,12.936207],[77.591042,12.93667],[77.591257,12.936527],[77.591306,12.936494],[77.591741,12.936339],[77.5927,12.936205],[77.592705,12.93608],[77.592724,12.935449],[77.592728,12.935287],[77.592728,12.935275],[77.592721,12.935037],[77.592709,12.934668],[77.592704,12.93458],[77.592698,12.934485],[77.592686,12.934303],[77.592683,12.934222],[77.592659,12.933685],[77.59262,12.932828],[77.592613,12.932669],[77.592594,12.931972],[77.592579,12.931433],[77.59257,12.931113],[77.592551,12.930556],[77.592544,12.930311],[77.592542,12.93006],[77.592537,12.929886],[77.592531,12.929655],[77.59252,12.929265],[77.592511,12.928939],[77.592508,12.928808],[77.592499,12.928514],[77.592498,12.928475],[77.592878,12.928468],[77.593561,12.928454],[77.594177,12.928442],[77.594728,12.928431],[77.595361,12.928418],[77.595433,12.928417],[77.596427,12.928394],[77.597159,12.928376],[77.598028,12.928355],[77.598546,12.928342],[77.599085,12.928329],[77.600496,12.928295],[77.60051,12.928708],[77.600513,12.928763],[77.600522,12.928763],[77.600539,12.929064],[77.600589,12.929928],[77.600599,12.930116],[77.600658,12.930582],[77.600676,12.930722],[77.600676,12.930741],[77.600698,12.931244],[77.600703,12.931356],[77.600705,12.931517],[77.600787,12.932004],[77.601065,12.933657],[77.601458,12.935741],[77.601694,12.93706],[77.601704,12.937058],[77.601704,12.937058],[77.601694,12.93706],[77.601698,12.937089],[77.601698,12.937089],[77.600484,12.937316],[77.600379,12.937337],[77.599933,12.937428],[77.599377,12.937607],[77.599093,12.937778],[77.599013,12.937849],[77.598754,12.938079],[77.598582,12.938277],[77.598474,12.938402],[77.598068,12.939044],[77.597863,12.939437],[77.597843,12.939488],[77.597667,12.939937],[77.597659,12.939954],[77.597604,12.940293],[77.597456,12.941769],[77.59742,12.942042],[77.597382,12.942348],[77.597302,12.942879],[77.597255,12.943187],[77.597771,12.943053],[77.597975,12.942989],[77.598143,12.942938],[77.598499,12.942884],[77.598569,12.942867],[77.598678,12.94284],[77.598967,12.942803],[77.59908,12.942789],[77.599287,12.942748],[77.599883,12.942644],[77.600158,12.942596],[77.60023,12.942583],[77.600746,12.942493],[77.600899,12.942467],[77.600935,12.942495],[77.600948,12.942492],[77.601443,12.942388],[77.601734,12.942326],[77.601986,12.942274],[77.602629,12.942139],[77.602632,12.942152],[77.602788,12.942839],[77.602862,12.943161],[77.602863,12.943417],[77.602863,12.943417],[77.602864,12.943545],[77.602848,12.943927],[77.602844,12.944096],[77.602788,12.944375],[77.602788,12.944375],[77.602725,12.944684],[77.602676,12.944923],[77.602651,12.945043],[77.602552,12.94552],[77.602519,12.946013],[77.602518,12.946055],[77.602517,12.946161],[77.602486,12.946463],[77.602444,12.94688],[77.602443,12.946888],[77.602415,12.946974],[77.602423,12.947178],[77.602424,12.94721],[77.602426,12.947356],[77.60245,12.94758],[77.602502,12.947805],[77.602582,12.948152],[77.60262,12.948325],[77.60263,12.948357],[77.602653,12.948439],[77.602746,12.948654],[77.602792,12.948759],[77.60284,12.948872],[77.602916,12.949046],[77.602919,12.949054],[77.602996,12.949238],[77.603147,12.949602],[77.603152,12.949617],[77.603349,12.950185],[77.603369,12.950243],[77.603443,12.950509],[77.60391,12.950392],[77.604803,12.950232],[77.60569,12.950116],[77.605792,12.949798],[77.605832,12.94967],[77.605792,12.949798],[77.60898,12.949306],[77.60943,12.949238],[77.609929,12.949166],[77.611037,12.948966],[77.611436,12.949021],[77.611665,12.949307],[77.612764,12.949295],[77.613798,12.949285],[77.614422,12.949281],[77.614521,12.94928],[77.615134,12.949273],[77.615586,12.94927],[77.61577,12.94927],[77.616376,12.949273],[77.616694,12.949264],[77.616858,12.949246],[77.616888,12.949219],[77.616902,12.949207],[77.616951,12.949186],[77.616964,12.949176],[77.616964,12.949176],[77.616964,12.949176],[77.617005,12.949148],[77.616976,12.949116],[77.617042,12.949071],[77.617103,12.949028],[77.617161,12.949],[77.617186,12.948984],[77.617209,12.948969],[77.617384,12.948849],[77.617492,12.948768],[77.617656,12.948644],[77.617753,12.948572],[77.617881,12.948476],[77.618002,12.948393],[77.618157,12.948288],[77.618264,12.948216],[77.618388,12.948132],[77.618514,12.948044],[77.618649,12.947935],[77.618777,12.947832],[77.61889,12.947744],[77.61902,12.947656],[77.619244,12.947502],[77.619291,12.94747],[77.619319,12.947451],[77.619319,12.947451],[77.619334,12.947478],[77.620047,12.948807],[77.620218,12.949127],[77.620255,12.949187],[77.620255,12.949187],[77.620591,12.949749],[77.620761,12.950039],[77.6208,12.950106],[77.620903,12.950283],[77.621036,12.950562],[77.62117,12.950886],[77.621197,12.95096],[77.621296,12.951226],[77.621343,12.951328],[77.621499,12.951664],[77.622032,12.951425],[77.622311,12.9513],[77.622886,12.951022],[77.62315,12.950895],[77.623298,12.950826],[77.623326,12.950812],[77.623549,12.950737],[77.623722,12.950701],[77.624175,12.950605],[77.624217,12.950596],[77.624256,12.950589],[77.624945,12.950441],[77.625421,12.950339],[77.625486,12.950319],[77.625653,12.950269],[77.625919,12.950152],[77.626048,12.95007],[77.626187,12.949982],[77.626194,12.949977],[77.626307,12.949884],[77.626377,12.949828],[77.626468,12.949755],[77.626492,12.949735],[77.626619,12.949629],[77.626774,12.9495],[77.626803,12.949476],[77.627013,12.949317],[77.627048,12.949285],[77.627283,12.949068],[77.627508,12.9488],[77.627651,12.948588],[77.628051,12.947868],[77.628201,12.947597],[77.628414,12.947215],[77.628438,12.947172],[77.628653,12.946831],[77.628829,12.946574],[77.62883,12.946571],[77.628923,12.946434],[77.628925,12.94643],[77.628931,12.946422],[77.629106,12.946163],[77.629425,12.945548],[77.629546,12.945314],[77.629643,12.945127],[77.62967,12.945075],[77.629905,12.944546],[77.630009,12.944312],[77.630015,12.944299],[77.630189,12.943922],[77.63044,12.94338],[77.630472,12.943308],[77.630472,12.943308],[77.630568,12.943096],[77.63076,12.942669],[77.630867,12.942411],[77.631172,12.941672],[77.631263,12.94145],[77.631277,12.94142],[77.631432,12.941082],[77.631432,12.941082],[77.631438,12.941068],[77.631531,12.940857],[77.631693,12.940488],[77.631951,12.939881],[77.632052,12.939681],[77.632131,12.939524],[77.632394,12.939003],[77.632645,12.938509],[77.632654,12.938509],[77.632657,12.938503],[77.632765,12.938263],[77.632856,12.938058],[77.632924,12.937905],[77.633114,12.93759],[77.633302,12.937341],[77.633484,12.937176],[77.633849,12.936845],[77.634269,12.936496],[77.634492,12.936312],[77.634532,12.936272],[77.634567,12.936237],[77.634599,12.936165],[77.634586,12.936141],[77.634577,12.936123],[77.634638,12.936074],[77.63472,12.936007],[77.634756,12.935959],[77.634809,12.935889],[77.634899,12.93577],[77.634974,12.935705],[77.63503,12.935656],[77.635048,12.935639],[77.635155,12.935523],[77.635238,12.935432],[77.635319,12.935343],[77.635664,12.934966],[77.635679,12.934948],[77.636178,12.934381],[77.637169,12.933254],[77.637762,12.932472],[77.637873,12.932326],[77.638006,12.932052],[77.638094,12.931844],[77.638522,12.931283],[77.638812,12.930904],[77.639051,12.930788],[77.63947,12.930599],[77.639523,12.930556],[77.639546,12.930496],[77.63949,12.930356],[77.639474,12.930303],[77.639466,12.93025],[77.639477,12.93022],[77.639515,12.930148],[77.639589,12.929829],[77.639579,12.929686],[77.639579,12.929686],[77.639936,12.929572],[77.641004,12.9294],[77.641245,12.929449],[77.641501,12.929388],[77.641769,12.929324],[77.641901,12.929255],[77.641876,12.928926],[77.641846,12.928212],[77.64187,12.928211],[77.641824,12.927978],[77.641707,12.927584],[77.641593,12.927104],[77.641401,12.926439],[77.641334,12.926207],[77.64132,12.926164],[77.641096,12.925967],[77.64055,12.92594],[77.64038,12.92596],[77.640145,12.92598],[77.640041,12.925997],[77.640041,12.925997],[77.639872,12.926025],[77.639738,12.926032],[77.63964,12.926012],[77.639561,12.925986],[77.639478,12.925972],[77.639356,12.925943],[77.639313,12.92592],[77.639237,12.925891],[77.639166,12.925843],[77.639116,12.92567],[77.639196,12.925386],[77.639213,12.925135],[77.639316,12.924823],[77.639297,12.924593],[77.639266,12.924207],[77.639278,12.924137],[77.639291,12.924058],[77.639886,12.923841],[77.639925,12.923827],[77.640325,12.923687],[77.640861,12.923475],[77.641087,12.923397],[77.641243,12.923368],[77.641375,12.923378],[77.641548,12.923423],[77.641835,12.923511],[77.642342,12.923647],[77.642853,12.923775],[77.643091,12.92384],[77.643534,12.923964],[77.643865,12.924072],[77.644015,12.924116],[77.644436,12.924257],[77.644543,12.924295],[77.644727,12.924363],[77.644893,12.924417],[77.645166,12.92446],[77.645366,12.924474],[77.645581,12.924475],[77.645761,12.924477],[77.645856,12.924473],[77.646095,12.924471],[77.646122,12.924472],[77.646391,12.924483],[77.646687,12.924509],[77.646925,12.924533],[77.647326,12.924574],[77.64747,12.924589],[77.647906,12.92462],[77.648137,12.924634],[77.648344,12.924647],[77.648862,12.924686],[77.649173,12.924694],[77.649193,12.924695],[77.64949,12.924659],[77.649631,12.924641],[77.649757,12.924594],[77.650216,12.924406],[77.650265,12.924386],[77.650454,12.924362],[77.650688,12.924367],[77.650891,12.92436],[77.651072,12.924334],[77.651637,12.924235],[77.651738,12.924221],[77.651686,12.924003],[77.651623,12.923699],[77.65156,12.923383],[77.651518,12.923193],[77.651493,12.923],[77.651479,12.922753],[77.651482,12.922437],[77.651487,12.92232],[77.65148,12.921937],[77.651488,12.921532],[77.651501,12.921198],[77.651501,12.921184],[77.651586,12.921187],[77.651593,12.921187],[77.651817,12.921171],[77.652325,12.921105],[77.6536,12.920962],[77.6536,12.92071],[77.653599,12.920628],[77.653612,12.920451],[77.653956,12.920452],[77.654018,12.920448],[77.654089,12.920453],[77.654139,12.920462],[77.654185,12.920471],[77.654381,12.920482],[77.654419,12.920474],[77.654463,12.920469],[77.654463,12.920469],[77.654664,12.92045],[77.660354,12.916345],[77.661995,12.918261],[77.662216,12.918791],[77.662786,12.921181],[77.66279,12.921198],[77.662695,12.921226],[77.662407,12.921307],[77.662037,12.921409],[77.661593,12.921512],[77.661593,12.921512],[77.661557,12.92152],[77.66116,12.921612],[77.661328,12.922351],[77.661598,12.923035],[77.661601,12.923043],[77.662472,12.926142],[77.663099,12.927431],[77.663265,12.927632],[77.663286,12.928229],[77.663427,12.928174],[77.663763,12.928038],[77.663845,12.928037],[77.6641,12.928035],[77.664594,12.928052],[77.664933,12.928137],[77.665115,12.928355],[77.665855,12.930351],[77.666152,12.930723],[77.666402,12.931006],[77.666723,12.931126],[77.666921,12.931199],[77.667529,12.931281],[77.668035,12.931243],[77.667994,12.930766],[77.667967,12.930583],[77.667817,12.92956],[77.667691,12.928793],[77.668459,12.928708],[77.668574,12.92824],[77.668633,12.927997],[77.668726,12.927485],[77.668782,12.927377],[77.668898,12.927151],[77.668933,12.926206],[77.668889,12.925818],[77.668846,12.92543],[77.668807,12.924602],[77.668801,12.924469],[77.668773,12.923316],[77.668202,12.923236],[77.668029,12.922634],[77.667793,12.921564],[77.667078,12.921219],[77.666619,12.920982],[77.666192,12.921015],[77.665472,12.921053],[77.665472,12.921053],[77.665182,12.92107],[77.664916,12.920792],[77.66477,12.920619],[77.66477,12.920619],[77.665132,12.920595],[77.668725,12.918861],[77.670415,12.91834],[77.673186,12.91696],[77.673436,12.916648],[77.673572,12.91612],[77.673984,12.91559],[77.675531,12.914569],[77.677615,12.913963],[77.677615,12.913963],[77.677615,12.913963],[77.678103,12.913774],[77.678485,12.913626],[77.67873,12.913517],[77.679154,12.913317],[77.680016,12.912883],[77.68039,12.912686],[77.681124,12.912304],[77.681469,12.912128],[77.682409,12.911649],[77.682565,12.91157],[77.682824,12.911437],[77.682974,12.911376],[77.683746,12.911058],[77.684517,12.910744],[77.685142,12.910498],[77.685822,12.910228],[77.686371,12.910007],[77.686371,12.910007],[77.687079,12.909731],[77.687094,12.909726],[77.6874,12.909607],[77.687494,12.90957],[77.687494,12.90957],[77.687494,12.90957],[77.68803,12.909359],[77.688818,12.909052],[77.689691,12.90878],[77.689775,12.908759],[77.690623,12.908538],[77.690687,12.908521],[77.692058,12.908143],[77.692618,12.908001],[77.693039,12.907889],[77.693205,12.907846],[77.693267,12.907829],[77.693416,12.907789],[77.693683,12.907725],[77.693933,12.907664],[77.693933,12.907664],[77.693968,12.907656],[77.694429,12.90754],[77.694766,12.907453],[77.695181,12.907334],[77.695549,12.907222],[77.695568,12.907215],[77.696224,12.907017],[77.696649,12.906898],[77.696739,12.906871],[77.697212,12.906735],[77.697531,12.906644],[77.697806,12.906574],[77.697989,12.906525],[77.698133,12.906487],[77.698268,12.90645],[77.698344,12.906429],[77.698484,12.90639],[77.698784,12.90629],[77.699033,12.906188],[77.699064,12.906175],[77.699441,12.905977],[77.700404,12.905452],[77.701054,12.9051],[77.701739,12.904724],[77.702336,12.904393],[77.702887,12.904088],[77.702851,12.904046],[77.702847,12.904041],[77.702847,12.904041],[77.702396,12.903576],[77.700818,12.904032],[77.700356,12.904102],[77.699328,12.904285],[77.697853,12.904545],[77.697659,12.90418],[77.697395,12.904153],[77.696964,12.904068],[77.696784,12.904122],[77.69636,12.904126],[77.696261,12.903994],[77.695877,12.904021],[77.69574,12.90414],[77.69574,12.90414],[77.69563,12.904237],[77.695341,12.90407],[77.694667,12.904191],[77.693935,12.904296],[77.693594,12.904418],[77.693594,12.904418],[77.693394,12.904489],[77.693094,12.904446],[77.692947,12.904256],[77.69281,12.90414],[77.691866,12.90401],[77.691779,12.904001],[77.691527,12.903976],[77.691446,12.904198],[77.691395,12.904391],[77.6912,12.904408],[77.691214,12.904677],[77.691192,12.904914],[77.691081,12.904916],[77.690998,12.905305],[77.690925,12.905525],[77.690179,12.905468],[77.690096,12.905474],[77.689923,12.905487],[77.689923,12.905451],[77.689925,12.905413],[77.689293,12.905454],[77.688255,12.905488],[77.688148,12.905993],[77.688119,12.906132],[77.688076,12.906196],[77.687752,12.906442],[77.687664,12.906483],[77.687368,12.90654],[77.687264,12.906536],[77.687264,12.906536],[77.686848,12.906449],[77.687311,12.904728],[77.68578,12.904433],[77.686319,12.90388],[77.687371,12.903458],[77.687582,12.903338],[77.687447,12.90245],[77.687276,12.902357],[77.686211,12.902368],[77.686211,12.902368],[77.68616,12.902368],[77.685529,12.902184],[77.685323,12.901875],[77.684559,12.901839],[77.684455,12.90187],[77.68422,12.901644],[77.683972,12.901675],[77.683379,12.901578],[77.683013,12.901559],[77.682449,12.901426],[77.682359,12.901346],[77.682219,12.900871],[77.682174,12.900159],[77.682277,12.899959],[77.681968,12.899672],[77.681852,12.899565],[77.680643,12.898512],[77.679778,12.89776],[77.679592,12.897598],[77.678855,12.896573],[77.67846,12.895914],[77.678053,12.895303],[77.677491,12.894691],[77.677244,12.894289],[77.675999,12.893924],[77.674843,12.893729],[77.674073,12.8937],[77.673839,12.893194],[77.673801,12.892907],[77.673751,12.892703],[77.673702,12.892327],[77.673664,12.892031],[77.67358,12.891609],[77.673396,12.890688],[77.673294,12.890204],[77.673174,12.889547],[77.673134,12.889361],[77.673091,12.889157],[77.672896,12.888555],[77.672891,12.888524],[77.672893,12.888507],[77.672895,12.888493],[77.672934,12.888132],[77.6728,12.887692],[77.672676,12.887204],[77.672539,12.88659],[77.672437,12.885986],[77.672328,12.88465],[77.673753,12.88437],[77.674341,12.883833],[77.674224,12.882432],[77.674153,12.88121],[77.67406,12.880175],[77.674029,12.879823],[77.673706,12.879874],[77.672943,12.880006],[77.671982,12.880151],[77.671041,12.880301],[77.671292,12.879981],[77.671621,12.87956],[77.672112,12.878889],[77.672474,12.878457],[77.672714,12.878342],[77.673243,12.878049],[77.673434,12.877659],[77.673574,12.877447],[77.673752,12.877071],[77.673857,12.876743],[77.674024,12.876399],[77.674058,12.876327],[77.674078,12.876286],[77.67426,12.875783],[77.674427,12.875493],[77.674577,12.875354],[77.674613,12.875216],[77.674747,12.874706],[77.674889,12.874163],[77.674971,12.873849],[77.675214,12.872918],[77.675289,12.872633],[77.674295,12.871305],[77.673691,12.87053],[77.672799,12.86929],[77.672893,12.868252],[77.672444,12.868203],[77.672265,12.868204],[77.672086,12.868133],[77.671145,12.867814],[77.67083,12.867664],[77.670224,12.867392],[77.669948,12.867227],[77.669865,12.867176],[77.669488,12.867063],[77.668838,12.866805],[77.667821,12.866407],[77.667086,12.866335],[77.667046,12.866205],[77.666559,12.866215],[77.666456,12.865992],[77.666437,12.865951],[77.66595,12.865193],[77.665571,12.864594],[77.665324,12.864214],[77.665198,12.864054],[77.66499,12.863564],[77.664926,12.863395],[77.664772,12.863202],[77.664668,12.863072],[77.664621,12.862822],[77.664506,12.862373],[77.664007,12.862427],[77.663837,12.861919],[77.663745,12.861019],[77.663644,12.860857],[77.66357,12.86068],[77.663346,12.860532],[77.663042,12.860236],[77.662332,12.859667],[77.662196,12.859571],[77.661842,12.859317],[77.661817,12.859298],[77.661677,12.859213],[77.661246,12.858931],[77.661142,12.858868],[77.661149,12.858774],[77.660537,12.858586],[77.660229,12.858589],[77.65965,12.858615],[77.659307,12.858618],[77.659013,12.858507],[77.658564,12.85837],[77.65766,12.858146],[77.657491,12.858387],[77.657494,12.858324],[77.657551,12.857197],[77.656586,12.856961],[77.656382,12.856998],[77.656443,12.856504],[77.656299,12.856445],[77.656155,12.856425],[77.65595,12.856433],[77.655754,12.856377],[77.655754,12.856318],[77.655796,12.855963],[77.655848,12.855717],[77.655509,12.855525],[77.655284,12.856233],[77.654913,12.856188],[77.654934,12.856053],[77.654446,12.855855],[77.653077,12.855494],[77.653118,12.855317],[77.652946,12.855199],[77.652604,12.854967],[77.65214,12.854829],[77.651816,12.854739],[77.651614,12.854767],[77.651447,12.854666],[77.651336,12.854607],[77.650625,12.854391],[77.650344,12.854394],[77.650394,12.853874],[77.649949,12.853689],[77.64996,12.853178],[77.650008,12.852971],[77.65014,12.852912],[77.650278,12.852183],[77.650077,12.852102],[77.649795,12.852241],[77.649619,12.852928],[77.649215,12.852752],[77.649312,12.852134],[77.648655,12.852106],[77.648206,12.851986],[77.647727,12.851858],[77.647635,12.852201],[77.647595,12.852354],[77.646629,12.852116],[77.646378,12.852142],[77.6462,12.852105],[77.64617,12.852098],[77.646145,12.851874],[77.645754,12.851698],[77.645596,12.851969],[77.645181,12.851839],[77.644905,12.851753],[77.64491,12.852156],[77.64402,12.851647],[77.64313,12.851138],[77.64288,12.851208],[77.642901,12.851404],[77.642958,12.851983],[77.642978,12.852695],[77.643015,12.853694],[77.643012,12.854021],[77.642966,12.854643],[77.642901,12.855931],[77.642907,12.856229],[77.642917,12.857003],[77.642916,12.857055],[77.642894,12.858294],[77.642874,12.858948],[77.642844,12.859434],[77.642828,12.859487],[77.642591,12.860326],[77.642532,12.860511],[77.642474,12.860697],[77.642254,12.861346],[77.642005,12.862324],[77.641867,12.863014],[77.641797,12.863611],[77.641793,12.863654],[77.641732,12.863671],[77.641478,12.863704],[77.641265,12.864271],[77.641224,12.864401],[77.641332,12.865049],[77.640942,12.865049],[77.640517,12.865048],[77.639495,12.864962],[77.638836,12.864906],[77.638694,12.864303],[77.638605,12.863944],[77.638449,12.86331],[77.637394,12.862891],[77.636805,12.863104],[77.636429,12.863129],[77.635769,12.86297],[77.635245,12.862956],[77.634748,12.862746],[77.634622,12.862684],[77.634564,12.862655],[77.634544,12.862635],[77.634526,12.862613],[77.634184,12.862143],[77.634254,12.861924],[77.633226,12.861651],[77.633014,12.861588],[77.632943,12.861566],[77.63224,12.861251],[77.632192,12.861229],[77.631727,12.860876],[77.631644,12.860789],[77.631466,12.860688],[77.631333,12.860576],[77.631168,12.860481],[77.631067,12.860337],[77.630835,12.860129],[77.630638,12.85993],[77.630393,12.858582],[77.629887,12.857993],[77.629063,12.856912],[77.627276,12.857055],[77.626826,12.857166],[77.62645,12.857382],[77.626349,12.85744],[77.625479,12.857551],[77.624557,12.857643],[77.623635,12.857736],[77.622714,12.857828],[77.621399,12.857942],[77.62028,12.857939],[77.61972,12.857973],[77.619507,12.858025],[77.619043,12.858137],[77.618849,12.857828],[77.618908,12.857589],[77.618063,12.85744],[77.617275,12.857494],[77.616795,12.857566],[77.616398,12.855827],[77.615488,12.855294],[77.614975,12.854843],[77.614361,12.854252],[77.614115,12.853895],[77.61359,12.853146],[77.613198,12.85261],[77.61288,12.852017],[77.612702,12.851654],[77.612216,12.851691],[77.611572,12.851491],[77.611107,12.851431],[77.610537,12.851397],[77.609853,12.851332],[77.609176,12.85126],[77.609171,12.851175],[77.609064,12.849594],[77.60904,12.848664],[77.609066,12.848224],[77.609065,12.847539],[77.609139,12.846892],[77.609323,12.846045],[77.608389,12.846687],[77.607186,12.847477],[77.606646,12.847648],[77.605978,12.847848],[77.605466,12.847957],[77.604554,12.848242],[77.603928,12.848352],[77.603456,12.848369],[77.602859,12.848392],[77.602672,12.848398],[77.602172,12.848292],[77.60128,12.848104],[77.600627,12.848101],[77.600487,12.848102],[77.600401,12.847999],[77.600196,12.847939],[77.599914,12.847981],[77.599844,12.847991],[77.599366,12.848045],[77.599183,12.84806],[77.598987,12.848104],[77.598616,12.84825],[77.598228,12.848249],[77.597778,12.848329],[77.597405,12.848464],[77.596893,12.848655],[77.596557,12.848801],[77.596338,12.84886],[77.595617,12.849161],[77.595399,12.848734],[77.595229,12.848402],[77.595182,12.848156],[77.59485,12.84745],[77.594579,12.846521],[77.594524,12.846334],[77.594424,12.845791],[77.594391,12.845612],[77.594321,12.843967],[77.594306,12.843633],[77.594305,12.843486],[77.594219,12.842733],[77.594073,12.841938],[77.594161,12.841932],[77.594119,12.841733],[77.593851,12.840446],[77.593851,12.840446],[77.5935,12.839304],[77.593272,12.838527],[77.592854,12.837119],[77.59232,12.836059],[77.591786,12.834999],[77.591537,12.834512],[77.591212,12.834635],[77.59065,12.834873],[77.590542,12.834911],[77.590536,12.835539],[77.589881,12.835445],[77.589561,12.835448],[77.589251,12.835234],[77.589051,12.835055],[77.58837,12.834561],[77.587489,12.833914],[77.587079,12.833625],[77.586436,12.834034],[77.585284,12.834761],[77.584326,12.835382],[77.583487,12.836057],[77.582668,12.836711],[77.582432,12.836898],[77.581984,12.837104],[77.58178,12.837238],[77.581279,12.83752],[77.580607,12.837838],[77.580434,12.837888],[77.579768,12.838083],[77.579249,12.838166],[77.579037,12.838234],[77.578949,12.838253],[77.578852,12.838263],[77.578787,12.838269],[77.578029,12.838343],[77.576863,12.838468]]]},"properties":{"corporatio":"South","_folder":"corporations"}},{"type":"Feature","geometry":{"type":"Polygon","coordinates":[[[77.565923,12.939757],[77.565907,12.939332],[77.564478,12.939302],[77.564339,12.939299],[77.56403,12.939302],[77.563973,12.939305],[77.564044,12.939426],[77.564204,12.939695],[77.564289,12.939841],[77.564402,12.940031],[77.564979,12.941007],[77.565032,12.941334],[77.565099,12.941747],[77.564346,12.94174],[77.564296,12.941738],[77.564289,12.94219],[77.564285,12.942495],[77.564285,12.94258],[77.564283,12.942889],[77.564282,12.942918],[77.564281,12.943117],[77.564279,12.943203],[77.564279,12.943233],[77.564271,12.943537],[77.56427,12.943573],[77.564268,12.943668],[77.564264,12.943855],[77.564263,12.943866],[77.564263,12.943866],[77.564256,12.944177],[77.564256,12.944187],[77.564251,12.944388],[77.564249,12.944473],[77.56425,12.944694],[77.56425,12.944703],[77.56425,12.944755],[77.564249,12.945226],[77.564249,12.945258],[77.564248,12.945527],[77.564245,12.945746],[77.56424,12.9461],[77.564239,12.946199],[77.564235,12.946488],[77.564229,12.946632],[77.564228,12.946648],[77.564228,12.946648],[77.564221,12.946806],[77.564202,12.947179],[77.564203,12.947201],[77.564207,12.947277],[77.564227,12.947712],[77.564236,12.948274],[77.564237,12.948353],[77.564238,12.948397],[77.564239,12.948506],[77.564239,12.948519],[77.564111,12.948594],[77.563992,12.948628],[77.56393,12.948632],[77.56391,12.948633],[77.563824,12.948639],[77.563793,12.948649],[77.563758,12.948674],[77.563658,12.948715],[77.563441,12.948795],[77.563205,12.948911],[77.562981,12.949039],[77.562967,12.949047],[77.562826,12.949106],[77.562772,12.949111],[77.562679,12.94909],[77.562601,12.949051],[77.56252,12.94902],[77.5624,12.948961],[77.562354,12.948939],[77.562305,12.948919],[77.562191,12.948875],[77.561634,12.949238],[77.561495,12.949258],[77.561495,12.949356],[77.561603,12.949447],[77.561735,12.94959],[77.561859,12.949688],[77.561878,12.949705],[77.561904,12.949726],[77.561934,12.949747],[77.56197,12.949767],[77.562121,12.949909],[77.562214,12.950047],[77.562272,12.950358],[77.562285,12.950647],[77.562285,12.950647],[77.562293,12.95081],[77.561897,12.95145],[77.56182,12.951599],[77.56182,12.951599],[77.561794,12.95165],[77.561791,12.952192],[77.561783,12.952276],[77.561762,12.952509],[77.561759,12.952547],[77.561692,12.953368],[77.561692,12.953368],[77.561656,12.953366],[77.561202,12.953342],[77.561024,12.953365],[77.560763,12.953468],[77.560594,12.953554],[77.560481,12.953611],[77.560357,12.953655],[77.560258,12.953664],[77.560108,12.953683],[77.559811,12.95368],[77.559661,12.953646],[77.559504,12.95358],[77.559347,12.953506],[77.559131,12.953396],[77.558808,12.953219],[77.558616,12.953188],[77.558478,12.953187],[77.558478,12.953183],[77.558482,12.953132],[77.557898,12.953169],[77.557597,12.953188],[77.556534,12.95326],[77.556314,12.952954],[77.555969,12.952405],[77.555908,12.952277],[77.55579,12.952028],[77.555685,12.951749],[77.55565,12.951658],[77.555792,12.951595],[77.555826,12.951582],[77.556079,12.951501],[77.556188,12.951439],[77.556308,12.951372],[77.556437,12.951339],[77.556568,12.951312],[77.556653,12.95129],[77.556719,12.951261],[77.556802,12.951217],[77.556913,12.951208],[77.556993,12.951207],[77.557045,12.95121],[77.55714,12.951181],[77.557278,12.951061],[77.557372,12.950955],[77.55743,12.950887],[77.557496,12.950847],[77.557587,12.950816],[77.557613,12.950784],[77.557627,12.950676],[77.557641,12.950613],[77.557648,12.950494],[77.557665,12.950415],[77.557745,12.950348],[77.557845,12.950337],[77.557973,12.950318],[77.558064,12.950314],[77.558079,12.950288],[77.558073,12.950142],[77.557838,12.950137],[77.557829,12.950138],[77.557502,12.950103],[77.557391,12.950092],[77.557174,12.950059],[77.556996,12.950033],[77.556767,12.949969],[77.556764,12.949972],[77.556756,12.949982],[77.556721,12.950013],[77.556688,12.950052],[77.556564,12.950141],[77.556354,12.950251],[77.556169,12.950312],[77.556037,12.95033],[77.55582,12.950358],[77.555733,12.950375],[77.555697,12.950382],[77.555576,12.950402],[77.555518,12.950422],[77.555482,12.950433],[77.554989,12.950563],[77.554796,12.949789],[77.554604,12.949843],[77.554536,12.949982],[77.554403,12.950212],[77.554254,12.950542],[77.553948,12.950733],[77.553756,12.950758],[77.553623,12.950787],[77.553535,12.950803],[77.553447,12.950814],[77.553427,12.950817],[77.553359,12.950824],[77.55329,12.95083],[77.553197,12.950826],[77.553128,12.950807],[77.552946,12.950655],[77.552767,12.950563],[77.552726,12.950616],[77.552256,12.951231],[77.552091,12.951446],[77.551959,12.951609],[77.551808,12.951795],[77.551674,12.951958],[77.551583,12.952071],[77.551477,12.951982],[77.55147,12.951993],[77.551463,12.952006],[77.551369,12.95209],[77.551322,12.952106],[77.551212,12.952132],[77.551161,12.952126],[77.551093,12.952102],[77.550898,12.952059],[77.550825,12.952087],[77.550723,12.952133],[77.550484,12.95214],[77.549503,12.952284],[77.549131,12.952352],[77.549123,12.952348],[77.549157,12.952639],[77.549187,12.952899],[77.549188,12.952902],[77.549215,12.953172],[77.549218,12.953202],[77.549238,12.953388],[77.549243,12.953463],[77.549263,12.953737],[77.549264,12.953744],[77.549264,12.953751],[77.549274,12.954005],[77.549288,12.954347],[77.549295,12.954393],[77.549346,12.954731],[77.549581,12.954711],[77.549567,12.954729],[77.549461,12.954858],[77.549307,12.955044],[77.549215,12.955192],[77.548969,12.955588],[77.548467,12.956455],[77.548405,12.956569],[77.548376,12.956622],[77.548069,12.957177],[77.547914,12.957457],[77.547728,12.957793],[77.547591,12.95804],[77.547244,12.958668],[77.547238,12.95868],[77.547122,12.958906],[77.547083,12.95898],[77.547082,12.958983],[77.547082,12.958983],[77.547083,12.95898],[77.54687,12.959364],[77.546865,12.959373],[77.546631,12.959793],[77.546627,12.959801],[77.546622,12.95981],[77.546379,12.96028],[77.546318,12.960397],[77.54629,12.960451],[77.546257,12.960513],[77.546235,12.960556],[77.546067,12.960844],[77.54582,12.961265],[77.54577,12.961351],[77.545738,12.9614],[77.545593,12.961623],[77.545514,12.961746],[77.545472,12.96181],[77.545213,12.962179],[77.545171,12.962238],[77.545267,12.962326],[77.545349,12.9624],[77.545396,12.962446],[77.545419,12.962468],[77.545444,12.962494],[77.545524,12.962594],[77.545546,12.962657],[77.545528,12.96269],[77.545525,12.962692],[77.54543,12.962749],[77.545354,12.962809],[77.545146,12.962913],[77.544952,12.962993],[77.544749,12.963099],[77.544678,12.963152],[77.544601,12.963209],[77.54455,12.963312],[77.544424,12.963281],[77.544209,12.963555],[77.543931,12.963909],[77.543865,12.963993],[77.543904,12.964025],[77.544353,12.96422],[77.544635,12.964268],[77.544635,12.964268],[77.544715,12.964281],[77.54477,12.964291],[77.545375,12.964265],[77.54569,12.964252],[77.546001,12.96424],[77.546372,12.964301],[77.547044,12.964532],[77.547485,12.964683],[77.547789,12.964787],[77.548495,12.965141],[77.548503,12.965147],[77.548503,12.965147],[77.548507,12.96515],[77.548626,12.965231],[77.54879,12.965344],[77.548815,12.965361],[77.548943,12.965467],[77.54905,12.965555],[77.549341,12.965794],[77.550063,12.966389],[77.550507,12.966953],[77.550762,12.967277],[77.550944,12.967506],[77.551019,12.967602],[77.551123,12.967707],[77.551185,12.967768],[77.551225,12.967808],[77.551592,12.968049],[77.551866,12.968149],[77.552073,12.968225],[77.55215,12.968246],[77.552646,12.968383],[77.552778,12.968419],[77.553165,12.968529],[77.553491,12.968621],[77.554058,12.968772],[77.554418,12.968868],[77.554486,12.968887],[77.554497,12.968889],[77.554501,12.96889],[77.55558,12.969176],[77.555663,12.969198],[77.556113,12.969298],[77.556534,12.969403],[77.556864,12.969394],[77.557113,12.969384],[77.557158,12.970015],[77.557176,12.970289],[77.557186,12.970286],[77.557356,12.970251],[77.557375,12.970246],[77.557533,12.970944],[77.557543,12.970985],[77.557699,12.971876],[77.557709,12.971935],[77.557722,12.971985],[77.557791,12.972252],[77.557911,12.972721],[77.557923,12.972791],[77.557925,12.972807],[77.557942,12.972941],[77.557951,12.972987],[77.557979,12.97302],[77.55795,12.973719],[77.557897,12.973739],[77.558361,12.974531],[77.558368,12.974547],[77.558413,12.974639],[77.558451,12.974719],[77.558458,12.974752],[77.55848,12.974851],[77.558531,12.974976],[77.558531,12.974976],[77.558669,12.975318],[77.558703,12.975547],[77.558712,12.975736],[77.558653,12.975734],[77.558127,12.975716],[77.557756,12.975704],[77.557563,12.975694],[77.556758,12.97565],[77.556247,12.975636],[77.556247,12.975636],[77.555476,12.975614],[77.554493,12.975574],[77.554822,12.976266],[77.555066,12.976816],[77.555162,12.977033],[77.555206,12.977101],[77.555446,12.977484],[77.555918,12.977755],[77.556195,12.977937],[77.556357,12.978043],[77.556655,12.978216],[77.556892,12.978311],[77.557034,12.978369],[77.557354,12.978521],[77.557581,12.978597],[77.557636,12.978615],[77.557861,12.978725],[77.558013,12.978783],[77.558119,12.978825],[77.558283,12.978842],[77.558437,12.978829],[77.558559,12.978841],[77.558568,12.978842],[77.5587,12.978843],[77.558843,12.978862],[77.558939,12.978893],[77.558956,12.978913],[77.559019,12.97899],[77.559112,12.979161],[77.559195,12.979509],[77.559181,12.979743],[77.559211,12.979876],[77.559253,12.979936],[77.559272,12.979874],[77.559249,12.97995],[77.559605,12.980078],[77.559816,12.980127],[77.560098,12.980188],[77.560354,12.980227],[77.560529,12.98029],[77.560631,12.980361],[77.56076,12.980461],[77.560842,12.980583],[77.560982,12.980954],[77.560988,12.981039],[77.561135,12.981576],[77.561182,12.981758],[77.561264,12.981823],[77.561479,12.981874],[77.561729,12.981916],[77.561652,12.982323],[77.561584,12.982661],[77.561577,12.9827],[77.561458,12.98302],[77.561398,12.983477],[77.561386,12.983702],[77.561373,12.983934],[77.561357,12.984073],[77.561351,12.984132],[77.561231,12.984453],[77.561101,12.98471],[77.561039,12.984827],[77.561006,12.984886],[77.560976,12.98511],[77.560996,12.985593],[77.561045,12.985808],[77.561044,12.98583],[77.561038,12.985927],[77.560924,12.986199],[77.560806,12.986545],[77.560785,12.986689],[77.560835,12.986768],[77.560881,12.986839],[77.561031,12.98696],[77.561266,12.987042],[77.561537,12.987119],[77.561816,12.987186],[77.561848,12.987204],[77.561858,12.987279],[77.56185,12.98738],[77.561766,12.987522],[77.561634,12.987653],[77.561632,12.987656],[77.561557,12.98777],[77.561485,12.988069],[77.561483,12.988078],[77.56145,12.988282],[77.561626,12.988288],[77.561657,12.988288],[77.561919,12.988289],[77.561954,12.988287],[77.561963,12.988286],[77.562133,12.98828],[77.562281,12.988273],[77.562293,12.988271],[77.562344,12.988269],[77.562651,12.988257],[77.562899,12.988239],[77.563231,12.988217],[77.563537,12.988203],[77.563666,12.988203],[77.563679,12.988202],[77.563703,12.988202],[77.563956,12.988183],[77.563961,12.988262],[77.56399,12.988363],[77.565104,12.988301],[77.56511,12.988507],[77.565111,12.988536],[77.565781,12.98851],[77.566256,12.988493],[77.566604,12.988477],[77.566809,12.988467],[77.567234,12.988436],[77.567314,12.988434],[77.567392,12.988432],[77.567428,12.988431],[77.567721,12.988413],[77.567933,12.988396],[77.567932,12.988421],[77.567936,12.988619],[77.567938,12.988708],[77.567938,12.988732],[77.567931,12.988997],[77.567925,12.989276],[77.567921,12.98948],[77.567917,12.989656],[77.567915,12.989755],[77.567909,12.99013],[77.567905,12.990361],[77.567902,12.990542],[77.567891,12.991172],[77.56789,12.991226],[77.567855,12.992053],[77.567843,12.992327],[77.567821,12.99306],[77.567811,12.99338],[77.56833,12.993369],[77.567732,12.994119],[77.567496,12.994415],[77.567187,12.994779],[77.567179,12.994788],[77.56702,12.995116],[77.566869,12.995359],[77.566789,12.995487],[77.566577,12.995829],[77.566426,12.996074],[77.566262,12.99634],[77.5661,12.996609],[77.56611,12.996614],[77.566136,12.996624],[77.566306,12.996687],[77.566335,12.996701],[77.566408,12.996737],[77.566596,12.996817],[77.566787,12.996857],[77.566916,12.996859],[77.567112,12.996852],[77.567637,12.996797],[77.567775,12.996793],[77.567964,12.996789],[77.568142,12.996781],[77.568493,12.996765],[77.568533,12.996762],[77.568728,12.996753],[77.569429,12.99682],[77.569523,12.996828],[77.570425,12.996827],[77.57101,12.996843],[77.57101,12.996843],[77.571442,12.996856],[77.571442,12.996856],[77.571456,12.996856],[77.571433,12.997607],[77.571412,12.998295],[77.571383,12.999232],[77.571382,12.999267],[77.571357,13.000619],[77.571351,13.000997],[77.57134,13.001694],[77.571334,13.001873],[77.571334,13.001873],[77.571302,13.00285],[77.571295,13.003321],[77.571775,13.003331],[77.572102,13.003366],[77.572166,13.003372],[77.572192,13.003069],[77.572193,13.00305],[77.572213,13.002809],[77.572213,13.002805],[77.572257,13.00219],[77.572277,13.001862],[77.572277,13.001862],[77.572558,13.001859],[77.572579,13.001003],[77.572593,13.001003],[77.573136,13.001007],[77.573208,13.001007],[77.573296,13.001005],[77.573728,13.000994],[77.573776,13.000996],[77.573799,13.000961],[77.573832,13.000858],[77.573854,13.000602],[77.573855,13.000384],[77.57388,13.00003],[77.573886,12.999902],[77.57389,12.999812],[77.57394,12.99938],[77.573941,12.99937],[77.573975,12.998908],[77.573975,12.998906],[77.57398,12.998905],[77.574404,12.998908],[77.574624,12.998908],[77.575137,12.998908],[77.575148,12.998908],[77.575791,12.998912],[77.575955,12.998912],[77.576304,12.998917],[77.576395,12.998918],[77.576427,12.998919],[77.576599,12.998923],[77.576852,12.99892],[77.576907,12.998921],[77.576949,12.998926],[77.576999,12.998932],[77.577215,12.998987],[77.577523,12.999065],[77.577834,12.999159],[77.577947,12.999184],[77.578082,12.999193],[77.578227,12.999185],[77.578335,12.999161],[77.578433,12.999127],[77.578412,12.998882],[77.578401,12.998781],[77.578388,12.998724],[77.578375,12.998546],[77.578371,12.998398],[77.578369,12.998322],[77.578357,12.998085],[77.578353,12.998028],[77.578341,12.997871],[77.578334,12.997781],[77.578324,12.997662],[77.578319,12.997548],[77.578316,12.997504],[77.579446,12.997462],[77.579441,12.997336],[77.579445,12.997331],[77.58003,12.997291],[77.580839,12.997235],[77.580863,12.997261],[77.580866,12.997264],[77.581271,12.9977],[77.581569,12.998021],[77.581604,12.998058],[77.581874,12.99831],[77.582058,12.998482],[77.582084,12.998507],[77.582998,12.999251],[77.583157,12.999279],[77.583408,12.999325],[77.584186,12.999463],[77.584188,12.99941],[77.584163,12.999266],[77.584172,12.999098],[77.584243,12.998643],[77.584306,12.998059],[77.584361,12.997827],[77.585211,12.997712],[77.585266,12.997705],[77.585902,12.997634],[77.586329,12.997569],[77.586379,12.997562],[77.586485,12.997531],[77.586552,12.997505],[77.58658,12.997483],[77.586819,12.997329],[77.587311,12.996945],[77.587511,12.996797],[77.587996,12.996474],[77.588009,12.996467],[77.589095,12.995902],[77.589124,12.995886],[77.589491,12.995701],[77.589516,12.995681],[77.58955,12.99563],[77.589679,12.995329],[77.58968,12.995329],[77.591431,12.995385],[77.591482,12.995387],[77.591746,12.995399],[77.593462,12.995473],[77.59395,12.995482],[77.594176,12.995463],[77.594406,12.995425],[77.594676,12.995357],[77.595008,12.995213],[77.596103,12.99469],[77.596119,12.994711],[77.596198,12.994851],[77.596229,12.994981],[77.596254,12.994974],[77.596231,12.995061],[77.596112,12.995558],[77.595922,12.996431],[77.595822,12.997071],[77.595659,12.997747],[77.595572,12.998037],[77.595096,12.999616],[77.594978,12.999968],[77.594811,13.000471],[77.594659,13.00098],[77.594475,13.0015],[77.594383,13.001761],[77.59429,13.002102],[77.594195,13.002413],[77.594043,13.00291],[77.593776,13.003736],[77.593555,13.00446],[77.593439,13.004964],[77.593263,13.005654],[77.593328,13.005588],[77.593783,13.006535],[77.593968,13.00692],[77.594086,13.007201],[77.594241,13.007599],[77.594351,13.007889],[77.594436,13.008094],[77.594616,13.008835],[77.594752,13.009233],[77.594779,13.009218],[77.594989,13.009101],[77.594992,13.009106],[77.595341,13.010051],[77.595343,13.010074],[77.595351,13.010164],[77.595353,13.010169],[77.595479,13.010481],[77.595485,13.010494],[77.595486,13.010497],[77.595768,13.011217],[77.596242,13.011019],[77.596775,13.010838],[77.596817,13.010824],[77.596861,13.01081],[77.597249,13.010608],[77.597266,13.010599],[77.597838,13.010288],[77.598156,13.010122],[77.598341,13.010033],[77.598934,13.009747],[77.599133,13.009657],[77.599902,13.009309],[77.600356,13.009071],[77.60054,13.008975],[77.600736,13.008872],[77.601109,13.00869],[77.601303,13.008595],[77.601459,13.008518],[77.601562,13.008466],[77.601846,13.008325],[77.602416,13.008042],[77.602627,13.007937],[77.602906,13.007802],[77.602994,13.007759],[77.603529,13.007501],[77.604159,13.007196],[77.605044,13.006764],[77.605237,13.006669],[77.60494,13.005981],[77.604705,13.006065],[77.604607,13.005871],[77.604473,13.005601],[77.604311,13.00528],[77.60399,13.004676],[77.603797,13.004316],[77.603788,13.004275],[77.603805,13.003951],[77.603808,13.003892],[77.603855,13.003615],[77.60387,13.003528],[77.603765,13.003342],[77.603717,13.003269],[77.603603,13.003097],[77.603495,13.002933],[77.603299,13.002664],[77.60317,13.00248],[77.603036,13.00226],[77.602882,13.002008],[77.602799,13.001872],[77.602587,13.001559],[77.602435,13.001388],[77.602385,13.001357],[77.602332,13.001324],[77.602239,13.001321],[77.602106,13.001348],[77.601777,13.001397],[77.601516,13.001436],[77.60159,13.000505],[77.601702,13.000554],[77.601849,12.999876],[77.602395,12.999516],[77.603775,12.999084],[77.604276,12.998851],[77.604296,12.998844],[77.604358,12.998787],[77.604364,12.998783],[77.604598,12.998673],[77.60475,12.998572],[77.604784,12.99853],[77.6048,12.99851],[77.604868,12.998381],[77.604926,12.998185],[77.60495,12.998104],[77.604957,12.998081],[77.605039,12.997861],[77.605056,12.997826],[77.605093,12.997795],[77.605119,12.997794],[77.605366,12.99779],[77.605711,12.99779],[77.605999,12.99777],[77.606251,12.997759],[77.606383,12.997784],[77.606468,12.997823],[77.606524,12.997881],[77.606602,12.998462],[77.606721,12.999263],[77.606746,12.999425],[77.606768,12.999458],[77.60681,12.999475],[77.606851,12.999492],[77.606938,12.999501],[77.607085,12.999486],[77.607372,12.999428],[77.607627,12.999353],[77.608278,12.999122],[77.608769,12.998973],[77.608644,12.99881],[77.608285,12.998286],[77.60791,12.997745],[77.607389,12.996912],[77.606991,12.996276],[77.60655,12.995648],[77.606478,12.995537],[77.605669,12.994298],[77.605629,12.994241],[77.605424,12.994329],[77.605389,12.99434],[77.605255,12.994382],[77.604963,12.994473],[77.604651,12.994595],[77.604407,12.99469],[77.604191,12.994761],[77.603732,12.994913],[77.603695,12.994926],[77.603271,12.995069],[77.603138,12.995114],[77.602704,12.995227],[77.602217,12.995355],[77.602161,12.995368],[77.600676,12.9957],[77.600552,12.995689],[77.600436,12.995658],[77.600351,12.995634],[77.599319,12.995322],[77.598885,12.995211],[77.598141,12.994989],[77.597237,12.9947],[77.59713,12.994666],[77.596786,12.994596],[77.596577,12.994543],[77.596592,12.994443],[77.596593,12.994442],[77.598642,12.993647],[77.599189,12.99346],[77.600573,12.992898],[77.601264,12.992632],[77.601821,12.992485],[77.602395,12.992392],[77.602565,12.992379],[77.602857,12.992404],[77.603352,12.992497],[77.603665,12.992612],[77.603798,12.992686],[77.603872,12.992727],[77.60388,12.992658],[77.604253,12.992123],[77.604276,12.992091],[77.604338,12.99205],[77.604523,12.99197],[77.604553,12.99197],[77.60457,12.991957],[77.604631,12.991893],[77.604693,12.99176],[77.604784,12.991647],[77.604919,12.991437],[77.604981,12.99135],[77.605129,12.991063],[77.605208,12.990862],[77.605287,12.990642],[77.605317,12.990462],[77.605332,12.990295],[77.605363,12.99015],[77.605364,12.99015],[77.605421,12.990154],[77.605675,12.990155],[77.6057,12.990155],[77.606017,12.990147],[77.606041,12.990146],[77.606076,12.990145],[77.606393,12.990151],[77.60642,12.990154],[77.606629,12.990179],[77.606636,12.99018],[77.606892,12.990236],[77.606963,12.990258],[77.607062,12.990289],[77.607162,12.99032],[77.607166,12.99039],[77.607178,12.990618],[77.607205,12.990983],[77.607209,12.991084],[77.607229,12.99151],[77.607227,12.991657],[77.607251,12.992323],[77.607257,12.992503],[77.607274,12.993017],[77.607283,12.993072],[77.60731,12.993243],[77.607356,12.993406],[77.607404,12.993485],[77.607536,12.993538],[77.607727,12.993514],[77.608296,12.993487],[77.608497,12.993476],[77.608684,12.993466],[77.608815,12.993457],[77.608891,12.993416],[77.608951,12.993383],[77.609168,12.993191],[77.609485,12.992935],[77.609806,12.992683],[77.610283,12.992307],[77.610784,12.991993],[77.611099,12.991791],[77.611159,12.991753],[77.611452,12.991601],[77.611772,12.991497],[77.612215,12.991397],[77.61242,12.99134],[77.612593,12.991293],[77.613046,12.991081],[77.61329,12.990937],[77.613406,12.990868],[77.613859,12.990653],[77.613957,12.990597],[77.613967,12.990588],[77.614041,12.99052],[77.614996,12.989931],[77.61574,12.989503],[77.615788,12.989474],[77.616656,12.989012],[77.617205,12.988696],[77.617262,12.988655],[77.617301,12.988622],[77.617952,12.988031],[77.618228,12.98778],[77.61823,12.987778],[77.618277,12.987746],[77.618518,12.987582],[77.618781,12.987404],[77.619079,12.987182],[77.619307,12.987203],[77.61943,12.987987],[77.619475,12.988273],[77.619496,12.988404],[77.619513,12.988788],[77.619548,12.989611],[77.619554,12.989858],[77.619551,12.989909],[77.61951,12.990469],[77.619479,12.990833],[77.619397,12.991399],[77.619358,12.991692],[77.619203,12.992102],[77.618876,12.992738],[77.618861,12.992768],[77.618751,12.99297],[77.618706,12.993053],[77.618273,12.993901],[77.61799,12.994421],[77.617635,12.995027],[77.617599,12.99509],[77.617428,12.995273],[77.617345,12.995362],[77.616996,12.995568],[77.616912,12.995635],[77.61678,12.995749],[77.616832,12.995789],[77.61701,12.996247],[77.617211,12.996768],[77.617371,12.997179],[77.617394,12.99724],[77.617509,12.997482],[77.617543,12.997554],[77.617751,12.997996],[77.617753,12.998],[77.617816,12.998098],[77.617936,12.998284],[77.618002,12.998304],[77.618386,12.998465],[77.618397,12.998469],[77.618854,12.998678],[77.618977,12.99877],[77.619119,12.998942],[77.619228,12.999112],[77.61934,12.999315],[77.619413,12.99941],[77.619427,12.99942],[77.619897,12.999753],[77.619954,12.999793],[77.620112,12.999898],[77.620183,12.999965],[77.620269,12.999888],[77.621741,12.998575],[77.622292,12.998089],[77.623163,12.997321],[77.624153,12.996444],[77.624617,12.99605],[77.625035,12.995799],[77.62505,12.99579],[77.625426,12.995548],[77.626232,12.995185],[77.626952,12.99494],[77.627137,12.99489],[77.627675,12.994745],[77.629155,12.994475],[77.629151,12.994438],[77.629134,12.994402],[77.62908,12.99435],[77.628892,12.994186],[77.629098,12.994274],[77.630339,12.994055],[77.630602,12.994012],[77.631607,12.993846],[77.631875,12.993798],[77.631913,12.993791],[77.632579,12.993634],[77.632958,12.993553],[77.634115,12.99331],[77.634469,12.993286],[77.634543,12.993266],[77.634818,12.993191],[77.636326,12.992881],[77.63734,12.992682],[77.63737,12.992866],[77.637405,12.993166],[77.637414,12.993243],[77.63744,12.993406],[77.637471,12.993671],[77.63789,12.993635],[77.637954,12.993797],[77.637962,12.993818],[77.638057,12.994202],[77.637901,12.994236],[77.63792,12.994778],[77.637939,12.995101],[77.638195,12.995073],[77.638706,12.995019],[77.638878,12.995015],[77.639028,12.994989],[77.639035,12.994988],[77.639196,12.994966],[77.639372,12.994948],[77.639407,12.994948],[77.639472,12.994947],[77.639542,12.994943],[77.639722,12.994926],[77.639884,12.99491],[77.639886,12.99491],[77.640048,12.994919],[77.640315,12.994887],[77.640449,12.994871],[77.640659,12.995684],[77.641178,12.995399],[77.641232,12.995388],[77.641324,12.995778],[77.642369,12.995777],[77.642719,12.995803],[77.642719,12.995803],[77.642719,12.995803],[77.642707,12.995819],[77.642683,12.995861],[77.64215,12.996627],[77.642103,12.996696],[77.641311,12.997831],[77.640962,12.998323],[77.64075,12.998652],[77.640696,12.998735],[77.640653,12.998821],[77.64058,12.998919],[77.640528,12.999018],[77.640493,12.999105],[77.640469,12.999197],[77.640432,12.999286],[77.640079,12.999952],[77.640065,12.999977],[77.639654,13.000744],[77.639469,13.001055],[77.639244,13.001376],[77.639193,13.00145],[77.63905,13.001605],[77.638959,13.001702],[77.638908,13.001764],[77.638868,13.001851],[77.638802,13.00199],[77.638747,13.002119],[77.638676,13.002256],[77.638606,13.002512],[77.638594,13.00257],[77.638566,13.002633],[77.638526,13.00268],[77.638446,13.002727],[77.637702,13.003106],[77.637437,13.003242],[77.637214,13.003355],[77.636738,13.003642],[77.636586,13.003734],[77.636506,13.00378],[77.63644,13.003819],[77.636423,13.003828],[77.636339,13.003884],[77.636351,13.003958],[77.636651,13.004231],[77.636707,13.004278],[77.636833,13.004384],[77.637141,13.004667],[77.637254,13.004816],[77.63733,13.004911],[77.637413,13.005008],[77.637448,13.005042],[77.637452,13.005048],[77.637458,13.005054],[77.637593,13.005171],[77.638007,13.005404],[77.638068,13.005438],[77.638311,13.005415],[77.638463,13.005408],[77.638541,13.005407],[77.638634,13.005408],[77.63882,13.005441],[77.6392,13.005531],[77.6397,13.005712],[77.640111,13.005846],[77.640674,13.005983],[77.641018,13.006038],[77.641094,13.006051],[77.641638,13.006094],[77.641945,13.006125],[77.642277,13.006159],[77.642303,13.006162],[77.642712,13.0062],[77.642853,13.006222],[77.643158,13.006268],[77.643178,13.006271],[77.643363,13.006296],[77.643464,13.006301],[77.643541,13.006303],[77.644145,13.006346],[77.644234,13.006352],[77.644389,13.00637],[77.644444,13.006376],[77.644444,13.006376],[77.644549,13.006388],[77.644764,13.006399],[77.644861,13.006401],[77.644972,13.006403],[77.645113,13.006405],[77.645194,13.006403],[77.645475,13.006395],[77.645528,13.00639],[77.645793,13.006925],[77.645845,13.006996],[77.64607,13.007302],[77.646096,13.007335],[77.646178,13.00739],[77.646242,13.007422],[77.646289,13.007444],[77.64635,13.007515],[77.646378,13.007546],[77.646485,13.007714],[77.646548,13.007813],[77.646625,13.007899],[77.646704,13.007991],[77.647495,13.007693],[77.64785,13.007559],[77.647981,13.007529],[77.647982,13.007595],[77.648397,13.007581],[77.648569,13.007576],[77.648615,13.007573],[77.648858,13.007556],[77.648969,13.007549],[77.649071,13.007537],[77.649304,13.007508],[77.649509,13.007484],[77.649573,13.007478],[77.649678,13.007471],[77.649737,13.00746],[77.649954,13.007362],[77.650043,13.007306],[77.650227,13.007193],[77.650384,13.007093],[77.650461,13.007045],[77.650634,13.006961],[77.650741,13.006919],[77.650845,13.006877],[77.650864,13.00687],[77.65097,13.006839],[77.651088,13.006825],[77.651106,13.006822],[77.651188,13.006806],[77.651264,13.00679],[77.651324,13.006776],[77.651389,13.00676],[77.651466,13.006734],[77.651568,13.00669],[77.651474,13.006501],[77.651262,13.006079],[77.651831,13.005985],[77.652876,13.005815],[77.653175,13.006051],[77.653351,13.006192],[77.653465,13.006281],[77.653525,13.006331],[77.653673,13.006452],[77.653856,13.006601],[77.654086,13.006789],[77.654218,13.006937],[77.654621,13.00739],[77.654973,13.007785],[77.655013,13.007828],[77.655587,13.008448],[77.655853,13.008721],[77.656079,13.008953],[77.656101,13.008976],[77.656203,13.009069],[77.657496,13.009993],[77.657592,13.010063],[77.658131,13.01045],[77.658454,13.010672],[77.658905,13.010914],[77.65936,13.011141],[77.659514,13.011217],[77.660024,13.011433],[77.660859,13.011719],[77.661685,13.012003],[77.661798,13.01205],[77.662298,13.012389],[77.66234,13.011708],[77.662451,13.010412],[77.66246,13.010343],[77.662475,13.010221],[77.662504,13.009977],[77.662521,13.009515],[77.662532,13.009212],[77.662562,13.008375],[77.662569,13.008193],[77.662603,13.007999],[77.662665,13.007635],[77.662725,13.007294],[77.662956,13.005994],[77.663037,13.005513],[77.663128,13.004974],[77.663189,13.004557],[77.663246,13.003734],[77.663304,13.002912],[77.663297,13.002255],[77.663323,13.001912],[77.663592,12.998259],[77.663867,12.997814],[77.66407,12.997484],[77.663845,12.997354],[77.663255,12.997022],[77.662791,12.99676],[77.662794,12.996755],[77.662834,12.996691],[77.663206,12.996162],[77.663536,12.995527],[77.66354,12.995519],[77.664135,12.994521],[77.66416,12.994482],[77.664164,12.994475],[77.664997,12.993147],[77.665532,12.992383],[77.66626,12.991582],[77.666907,12.991053],[77.667872,12.990477],[77.668364,12.990195],[77.668213,12.990009],[77.668255,12.989962],[77.668164,12.989842],[77.668056,12.989818],[77.667962,12.989784],[77.667889,12.989758],[77.667885,12.989757],[77.667629,12.989526],[77.66761,12.989451],[77.66741,12.988671],[77.667366,12.988],[77.66738,12.987916],[77.667492,12.987219],[77.667526,12.985937],[77.667817,12.985874],[77.667951,12.985532],[77.667973,12.985491],[77.668195,12.985631],[77.668264,12.985673],[77.668354,12.985723],[77.668712,12.985897],[77.668884,12.985976],[77.66948,12.986122],[77.669796,12.986156],[77.670452,12.986071],[77.670815,12.986016],[77.671283,12.9859],[77.671353,12.986026],[77.671712,12.985878],[77.672139,12.985994],[77.672933,12.98637],[77.673367,12.986389],[77.674538,12.986373],[77.674924,12.986368],[77.67533,12.986096],[77.67579,12.985821],[77.676457,12.985476],[77.676462,12.985473],[77.676925,12.985164],[77.677367,12.984871],[77.677497,12.984817],[77.677609,12.984773],[77.67766,12.984742],[77.677719,12.984657],[77.67781,12.984656],[77.677872,12.984641],[77.678027,12.984559],[77.678242,12.984439],[77.678357,12.984358],[77.678472,12.984269],[77.678591,12.984081],[77.678815,12.984049],[77.678954,12.98403],[77.679068,12.983989],[77.679145,12.983944],[77.679704,12.983617],[77.679713,12.983628],[77.679799,12.983588],[77.679842,12.983568],[77.680014,12.983414],[77.68024,12.983076],[77.680247,12.983065],[77.680439,12.982755],[77.680416,12.982497],[77.680382,12.982326],[77.680381,12.982321],[77.680297,12.982074],[77.680295,12.982066],[77.680215,12.981843],[77.680185,12.98176],[77.680143,12.981559],[77.680139,12.981547],[77.680062,12.981311],[77.679973,12.981042],[77.679963,12.98101],[77.679898,12.980771],[77.679823,12.980495],[77.679751,12.980232],[77.679751,12.980203],[77.679751,12.980012],[77.679653,12.97947],[77.679505,12.979047],[77.679487,12.978938],[77.679419,12.978527],[77.679371,12.978237],[77.679338,12.977976],[77.679338,12.977976],[77.679334,12.977581],[77.679314,12.976894],[77.679345,12.976699],[77.679354,12.976649],[77.679378,12.976514],[77.679299,12.976162],[77.679061,12.975693],[77.679003,12.97553],[77.678916,12.975287],[77.67872,12.974671],[77.678695,12.974592],[77.678539,12.97414],[77.678442,12.973863],[77.67837,12.973654],[77.67836,12.973615],[77.67824,12.97317],[77.678116,12.972709],[77.677193,12.972871],[77.676717,12.972972],[77.676249,12.973093],[77.675774,12.973197],[77.67577,12.973198],[77.675397,12.973278],[77.675366,12.973284],[77.675142,12.973329],[77.674862,12.973384],[77.674491,12.973488],[77.674483,12.97349],[77.674207,12.973574],[77.673957,12.973648],[77.673621,12.97375],[77.673456,12.973806],[77.673274,12.973868],[77.672955,12.97398],[77.672702,12.97407],[77.672686,12.974075],[77.672525,12.974131],[77.672345,12.974183],[77.671848,12.974348],[77.671652,12.974417],[77.671618,12.97443],[77.671123,12.97458],[77.67075,12.974686],[77.670522,12.974762],[77.670295,12.974827],[77.670213,12.974875],[77.670193,12.97489],[77.670101,12.974954],[77.669819,12.975044],[77.669443,12.975175],[77.66926,12.97524],[77.669214,12.975259],[77.669026,12.975336],[77.668847,12.975403],[77.668742,12.975426],[77.668525,12.975468],[77.668135,12.975547],[77.668033,12.975552],[77.667928,12.975557],[77.667634,12.97558],[77.667314,12.975574],[77.666985,12.975484],[77.666887,12.975458],[77.666647,12.975401],[77.666598,12.975372],[77.666561,12.975354],[77.666516,12.975333],[77.666517,12.975326],[77.666611,12.974425],[77.666902,12.974381],[77.666914,12.974301],[77.666847,12.97375],[77.666805,12.9734],[77.666792,12.973347],[77.666846,12.973334],[77.666842,12.973258],[77.666815,12.97319],[77.666796,12.973181],[77.666732,12.973192],[77.666661,12.973009],[77.666698,12.972967],[77.666846,12.9728],[77.666965,12.972618],[77.666885,12.97258],[77.666709,12.972503],[77.666573,12.97245],[77.666568,12.972404],[77.666558,12.972283],[77.66655,12.972199],[77.666546,12.972147],[77.666528,12.971992],[77.666522,12.971955],[77.666512,12.97192],[77.666488,12.971873],[77.666456,12.971825],[77.666315,12.971638],[77.666166,12.971456],[77.666158,12.971446],[77.666142,12.97145],[77.665717,12.97152],[77.665531,12.971578],[77.665406,12.971749],[77.665335,12.971844],[77.664918,12.971791],[77.664794,12.971781],[77.664506,12.97176],[77.664234,12.971702],[77.663903,12.971631],[77.663057,12.971538],[77.66263,12.971598],[77.661984,12.971787],[77.661566,12.971979],[77.661574,12.971701],[77.661518,12.97162],[77.661024,12.971589],[77.660803,12.971584],[77.660157,12.971566],[77.659596,12.971586],[77.659288,12.97154],[77.659042,12.971508],[77.658637,12.971453],[77.658735,12.971254],[77.658361,12.971057],[77.658104,12.970984],[77.657885,12.970855],[77.657753,12.970777],[77.657702,12.970712],[77.657689,12.970558],[77.657658,12.970344],[77.657629,12.97015],[77.657526,12.969529],[77.657447,12.969121],[77.657375,12.968906],[77.657274,12.968244],[77.657952,12.968165],[77.658337,12.967656],[77.658492,12.967434],[77.658461,12.967192],[77.658989,12.967115],[77.659585,12.967024],[77.659704,12.967081],[77.65993,12.967026],[77.660536,12.966934],[77.661547,12.96678],[77.661645,12.966804],[77.661965,12.966306],[77.661787,12.966192],[77.661786,12.966186],[77.661771,12.966001],[77.661706,12.965816],[77.661684,12.965742],[77.661652,12.96568],[77.661652,12.965677],[77.661646,12.965633],[77.66163,12.965605],[77.661559,12.965532],[77.661508,12.965511],[77.661393,12.965503],[77.661275,12.96545],[77.66114,12.965447],[77.661069,12.965452],[77.661,12.965178],[77.66072,12.965194],[77.660546,12.964962],[77.660534,12.9649],[77.660796,12.964853],[77.660936,12.964498],[77.66106,12.964302],[77.661087,12.964154],[77.661088,12.964154],[77.661342,12.964191],[77.661608,12.964238],[77.661619,12.96424],[77.661781,12.964273],[77.661791,12.964272],[77.661791,12.96425],[77.661747,12.963542],[77.661708,12.962902],[77.66168,12.962783],[77.661539,12.96253],[77.661447,12.962137],[77.661351,12.96215],[77.660972,12.962208],[77.660947,12.962212],[77.660915,12.962052],[77.660884,12.961917],[77.66085,12.961767],[77.66082,12.961607],[77.659999,12.961686],[77.659968,12.961689],[77.659865,12.961324],[77.659773,12.961026],[77.660164,12.96087],[77.6599,12.960255],[77.659853,12.960255],[77.659837,12.960251],[77.65982,12.960239],[77.659795,12.96022],[77.659791,12.960217],[77.659808,12.960181],[77.659765,12.959926],[77.659754,12.959869],[77.659747,12.959818],[77.659729,12.95971],[77.659669,12.95921],[77.659666,12.959099],[77.659664,12.959062],[77.659775,12.959076],[77.660387,12.959159],[77.660478,12.959177],[77.66085,12.959247],[77.660889,12.959254],[77.661144,12.959243],[77.66144,12.95923],[77.661488,12.959227],[77.662153,12.959187],[77.6622,12.959178],[77.663077,12.959022],[77.663477,12.958916],[77.663582,12.958892],[77.663503,12.958589],[77.66338,12.958118],[77.663374,12.958092],[77.66319,12.957432],[77.66312,12.95718],[77.663041,12.956872],[77.663029,12.956828],[77.663048,12.956707],[77.66337,12.955722],[77.662382,12.955686],[77.662355,12.955688],[77.662179,12.955687],[77.66191,12.955659],[77.661895,12.955714],[77.661812,12.955727],[77.661211,12.955702],[77.66097,12.955692],[77.660913,12.955666],[77.660911,12.955657],[77.660891,12.955587],[77.660856,12.955461],[77.660847,12.955419],[77.661675,12.955417],[77.661818,12.955393],[77.661776,12.954955],[77.662387,12.954919],[77.6624,12.954784],[77.662396,12.954599],[77.662395,12.954587],[77.662368,12.954237],[77.661999,12.954288],[77.660992,12.954328],[77.661012,12.954065],[77.661011,12.954038],[77.661001,12.953795],[77.660998,12.953627],[77.66099,12.95323],[77.660983,12.952869],[77.660074,12.952885],[77.660015,12.952886],[77.659777,12.952895],[77.659478,12.952907],[77.659207,12.952918],[77.659026,12.952924],[77.658729,12.952936],[77.658414,12.952916],[77.658405,12.952915],[77.658022,12.952895],[77.657328,12.95286],[77.656496,12.9528],[77.656168,12.952776],[77.65586,12.952753],[77.655525,12.952729],[77.655434,12.952722],[77.655277,12.952712],[77.655267,12.952711],[77.654312,12.95265],[77.653835,12.952604],[77.653693,12.952591],[77.653338,12.95257],[77.652897,12.952545],[77.652563,12.952525],[77.652524,12.952523],[77.652521,12.952507],[77.652463,12.952327],[77.652365,12.952027],[77.652339,12.951942],[77.652321,12.951884],[77.652298,12.951837],[77.65224,12.951784],[77.652141,12.951731],[77.651966,12.951677],[77.651974,12.951654],[77.651758,12.951575],[77.651518,12.95144],[77.651343,12.951312],[77.650883,12.950934],[77.650542,12.950638],[77.65038,12.950466],[77.649544,12.949482],[77.649375,12.949228],[77.649255,12.949072],[77.649185,12.948897],[77.649079,12.948513],[77.649053,12.948346],[77.649039,12.948096],[77.649051,12.947902],[77.649064,12.947819],[77.649089,12.947747],[77.649191,12.947594],[77.649282,12.947475],[77.649317,12.947445],[77.649325,12.947435],[77.649374,12.947401],[77.649302,12.947096],[77.649202,12.946801],[77.649147,12.946649],[77.649072,12.946311],[77.649025,12.946013],[77.648803,12.946133],[77.648293,12.9466],[77.648195,12.946717],[77.648111,12.946819],[77.647777,12.947164],[77.647773,12.947168],[77.647685,12.94723],[77.647476,12.947328],[77.647138,12.947503],[77.646762,12.947681],[77.646533,12.947867],[77.646387,12.94802],[77.646208,12.948258],[77.646164,12.948319],[77.645733,12.94892],[77.645657,12.949029],[77.645403,12.949401],[77.645249,12.949639],[77.645041,12.949997],[77.644916,12.950327],[77.644499,12.951723],[77.64436,12.952632],[77.64428,12.953255],[77.644261,12.953324],[77.644254,12.953334],[77.644228,12.953348],[77.644142,12.953375],[77.643803,12.953468],[77.643031,12.953732],[77.642526,12.953946],[77.642514,12.953956],[77.642073,12.953944],[77.641667,12.95362],[77.640773,12.953294],[77.640537,12.952845],[77.640242,12.952389],[77.639739,12.951534],[77.639739,12.951534],[77.63976,12.951511],[77.639798,12.95147],[77.639782,12.951441],[77.639885,12.95128],[77.640005,12.951143],[77.64016,12.950977],[77.640294,12.950803],[77.640531,12.950599],[77.640533,12.950595],[77.640615,12.950457],[77.640776,12.950366],[77.640821,12.950316],[77.641001,12.950192],[77.641128,12.950075],[77.641337,12.949995],[77.641566,12.949834],[77.641644,12.949763],[77.641652,12.949755],[77.641915,12.949548],[77.641965,12.949509],[77.642066,12.949425],[77.642165,12.949335],[77.642237,12.949225],[77.642279,12.949165],[77.642295,12.949162],[77.643022,12.948427],[77.645069,12.946681],[77.646911,12.945253],[77.647147,12.945105],[77.647455,12.944967],[77.647515,12.944883],[77.647574,12.944762],[77.647542,12.944628],[77.647536,12.944536],[77.647552,12.944467],[77.647329,12.944285],[77.647821,12.943796],[77.649157,12.94293],[77.649349,12.942878],[77.649821,12.942612],[77.649927,12.942563],[77.650081,12.94246],[77.650148,12.942411],[77.650184,12.9424],[77.650229,12.942376],[77.650387,12.94227],[77.650516,12.942205],[77.650653,12.942169],[77.650731,12.942132],[77.650924,12.942022],[77.65095,12.942012],[77.651105,12.941931],[77.651332,12.941829],[77.651657,12.941646],[77.651728,12.941627],[77.651785,12.941626],[77.651849,12.941622],[77.651898,12.941587],[77.652024,12.941519],[77.652116,12.94149],[77.652247,12.941376],[77.652308,12.941337],[77.652561,12.941251],[77.652623,12.941235],[77.652658,12.941226],[77.652705,12.941208],[77.652743,12.941188],[77.652756,12.941173],[77.652937,12.941077],[77.653073,12.940989],[77.653278,12.940885],[77.653342,12.940837],[77.653577,12.940699],[77.653725,12.9406],[77.653793,12.940565],[77.653842,12.940544],[77.653879,12.940529],[77.653907,12.940512],[77.653945,12.940497],[77.654003,12.940484],[77.654033,12.940475],[77.654051,12.940468],[77.654228,12.940377],[77.654274,12.940351],[77.6544,12.940248],[77.65588,12.940095],[77.656001,12.940087],[77.656447,12.940109],[77.656775,12.940108],[77.65714,12.94012],[77.657281,12.940117],[77.657428,12.940109],[77.657515,12.94009],[77.657584,12.94006],[77.657717,12.939926],[77.657778,12.939875],[77.657802,12.939863],[77.657882,12.939848],[77.657921,12.939845],[77.658011,12.939866],[77.658056,12.939851],[77.658074,12.939826],[77.658078,12.939795],[77.658097,12.939448],[77.658104,12.939088],[77.658108,12.938773],[77.658114,12.938458],[77.658126,12.938166],[77.658139,12.937896],[77.658169,12.937896],[77.658595,12.937899],[77.658882,12.937907],[77.658888,12.937909],[77.658908,12.937915],[77.658918,12.937929],[77.658921,12.937946],[77.658922,12.93798],[77.65891,12.938297],[77.65893,12.938298],[77.659056,12.938301],[77.659665,12.938315],[77.660059,12.938324],[77.660291,12.938325],[77.660362,12.938316],[77.660408,12.938298],[77.660434,12.938269],[77.660456,12.938214],[77.660457,12.93821],[77.660564,12.93803],[77.660544,12.938022],[77.659336,12.93755],[77.657163,12.936053],[77.655021,12.934968],[77.658032,12.930884],[77.659124,12.929418],[77.660544,12.9297],[77.660747,12.929809],[77.661085,12.929827],[77.66133,12.929671],[77.661817,12.928961],[77.663024,12.928332],[77.663286,12.928229],[77.663265,12.927632],[77.663099,12.927431],[77.662472,12.926142],[77.661601,12.923043],[77.661328,12.922351],[77.66116,12.921612],[77.661557,12.92152],[77.661593,12.921512],[77.662037,12.921409],[77.662407,12.921307],[77.662695,12.921226],[77.66279,12.921198],[77.662216,12.918791],[77.661995,12.918261],[77.660354,12.916345],[77.654664,12.92045],[77.654419,12.920474],[77.654381,12.920482],[77.654185,12.920471],[77.654139,12.920462],[77.654089,12.920453],[77.654018,12.920448],[77.653956,12.920452],[77.653612,12.920451],[77.653599,12.920628],[77.6536,12.92071],[77.6536,12.920962],[77.652325,12.921105],[77.651817,12.921171],[77.651593,12.921187],[77.651586,12.921187],[77.651501,12.921184],[77.651488,12.921532],[77.65148,12.921937],[77.651487,12.92232],[77.651482,12.922437],[77.651479,12.922753],[77.651493,12.923],[77.651518,12.923193],[77.65156,12.923383],[77.651623,12.923699],[77.651686,12.924003],[77.651738,12.924221],[77.651637,12.924235],[77.651072,12.924334],[77.650891,12.92436],[77.650688,12.924367],[77.650454,12.924362],[77.650265,12.924386],[77.649757,12.924594],[77.649631,12.924641],[77.64949,12.924659],[77.649193,12.924695],[77.648862,12.924686],[77.648344,12.924647],[77.648137,12.924634],[77.647906,12.92462],[77.64747,12.924589],[77.646925,12.924533],[77.646687,12.924509],[77.646391,12.924483],[77.646095,12.924471],[77.645856,12.924473],[77.645761,12.924477],[77.645581,12.924475],[77.645366,12.924474],[77.645166,12.92446],[77.644893,12.924417],[77.644727,12.924363],[77.644543,12.924295],[77.644436,12.924257],[77.644015,12.924116],[77.643865,12.924072],[77.643534,12.923964],[77.643091,12.92384],[77.642853,12.923775],[77.642342,12.923647],[77.641835,12.923511],[77.641548,12.923423],[77.641375,12.923378],[77.641243,12.923368],[77.641087,12.923397],[77.640861,12.923475],[77.640325,12.923687],[77.639925,12.923827],[77.639886,12.923841],[77.639291,12.924058],[77.639278,12.924137],[77.639266,12.924207],[77.639297,12.924593],[77.639316,12.924823],[77.639213,12.925135],[77.639196,12.925386],[77.639116,12.92567],[77.639166,12.925843],[77.639237,12.925891],[77.639313,12.92592],[77.639356,12.925943],[77.639478,12.925972],[77.639561,12.925986],[77.63964,12.926012],[77.639738,12.926032],[77.639872,12.926025],[77.640145,12.92598],[77.64038,12.92596],[77.64055,12.92594],[77.641096,12.925967],[77.64132,12.926164],[77.641334,12.926207],[77.641401,12.926439],[77.641593,12.927104],[77.641707,12.927584],[77.641824,12.927978],[77.64187,12.928211],[77.641846,12.928212],[77.641876,12.928926],[77.641901,12.929255],[77.641769,12.929324],[77.641501,12.929388],[77.641245,12.929449],[77.641004,12.9294],[77.639936,12.929572],[77.639579,12.929686],[77.639589,12.929829],[77.639515,12.930148],[77.639477,12.93022],[77.639466,12.93025],[77.639474,12.930303],[77.63949,12.930356],[77.639546,12.930496],[77.639523,12.930556],[77.63947,12.930599],[77.639051,12.930788],[77.638812,12.930904],[77.638522,12.931283],[77.638094,12.931844],[77.638006,12.932052],[77.637873,12.932326],[77.637169,12.933254],[77.63568,12.934948],[77.635664,12.934966],[77.635319,12.935343],[77.635238,12.935432],[77.635155,12.935523],[77.635048,12.935639],[77.634974,12.935705],[77.634899,12.93577],[77.634809,12.935889],[77.634756,12.935959],[77.63472,12.936007],[77.634638,12.936074],[77.634577,12.936123],[77.634599,12.936165],[77.634567,12.936237],[77.634492,12.936312],[77.634269,12.936496],[77.633849,12.936845],[77.633484,12.937176],[77.633302,12.937341],[77.633114,12.93759],[77.632924,12.937905],[77.632856,12.938058],[77.632654,12.938509],[77.632645,12.938509],[77.632394,12.939003],[77.632131,12.939524],[77.632052,12.939681],[77.631951,12.939881],[77.631693,12.940488],[77.631438,12.941068],[77.631277,12.94142],[77.631263,12.94145],[77.631172,12.941672],[77.63076,12.942669],[77.63044,12.94338],[77.630015,12.944299],[77.630009,12.944312],[77.62967,12.945075],[77.629643,12.945127],[77.629546,12.945314],[77.629425,12.945548],[77.629106,12.946163],[77.628931,12.946422],[77.628925,12.94643],[77.62883,12.946571],[77.628829,12.946574],[77.628653,12.946831],[77.628438,12.947172],[77.628414,12.947215],[77.628201,12.947597],[77.628051,12.947868],[77.627651,12.948588],[77.627508,12.9488],[77.627283,12.949068],[77.627013,12.949317],[77.626803,12.949476],[77.626774,12.9495],[77.626774,12.9495],[77.626619,12.949629],[77.626492,12.949735],[77.626468,12.949755],[77.626307,12.949884],[77.626194,12.949977],[77.626187,12.949982],[77.625919,12.950152],[77.625653,12.950269],[77.625486,12.950319],[77.625421,12.950339],[77.624256,12.950589],[77.624217,12.950596],[77.624175,12.950605],[77.623583,12.95073],[77.623549,12.950737],[77.623326,12.950812],[77.623298,12.950826],[77.62315,12.950895],[77.623114,12.950912],[77.622425,12.951245],[77.622311,12.9513],[77.622032,12.951425],[77.621499,12.951664],[77.621343,12.951328],[77.621296,12.951226],[77.621197,12.95096],[77.62117,12.950886],[77.621036,12.950562],[77.621009,12.950505],[77.620903,12.950283],[77.620789,12.950088],[77.620591,12.949749],[77.620504,12.949604],[77.620255,12.949187],[77.620255,12.949187],[77.620218,12.949127],[77.620218,12.949126],[77.620171,12.949039],[77.620048,12.948808],[77.620047,12.948807],[77.619624,12.948019],[77.619444,12.947683],[77.619334,12.947478],[77.619327,12.947465],[77.619319,12.947451],[77.619319,12.947451],[77.619291,12.94747],[77.619244,12.947502],[77.61902,12.947656],[77.61889,12.947744],[77.618777,12.947832],[77.618649,12.947935],[77.618514,12.948044],[77.618388,12.948132],[77.618264,12.948216],[77.618147,12.948295],[77.618002,12.948393],[77.617881,12.948476],[77.617753,12.948572],[77.61763,12.948664],[77.617492,12.948768],[77.617384,12.948849],[77.617186,12.948984],[77.61717,12.948995],[77.617161,12.949],[77.617103,12.949028],[77.617042,12.949071],[77.616976,12.949116],[77.617005,12.949148],[77.616951,12.949186],[77.616917,12.9492],[77.616902,12.949207],[77.616888,12.949219],[77.616858,12.949246],[77.616694,12.949264],[77.616376,12.949273],[77.616009,12.949271],[77.61577,12.94927],[77.615666,12.94927],[77.615134,12.949273],[77.615043,12.949274],[77.614652,12.949278],[77.614521,12.94928],[77.614422,12.949281],[77.614335,12.949281],[77.614168,12.949283],[77.613798,12.949285],[77.61361,12.949287],[77.613128,12.949292],[77.612663,12.949296],[77.611665,12.949307],[77.611615,12.949245],[77.611436,12.949021],[77.611037,12.948966],[77.610297,12.949099],[77.609929,12.949166],[77.609444,12.949236],[77.60898,12.949306],[77.605792,12.949798],[77.605735,12.949974],[77.60569,12.950116],[77.605689,12.950116],[77.604803,12.950232],[77.60391,12.950392],[77.603443,12.950509],[77.603447,12.950521],[77.603443,12.950509],[77.603369,12.950243],[77.603349,12.950185],[77.603152,12.949617],[77.603147,12.949602],[77.60308,12.949442],[77.602996,12.949238],[77.602919,12.949054],[77.602916,12.949046],[77.602899,12.949008],[77.60284,12.948872],[77.602833,12.948854],[77.602792,12.948759],[77.602746,12.948654],[77.602653,12.948439],[77.60263,12.948357],[77.60262,12.948325],[77.602582,12.948152],[77.602507,12.947825],[77.602502,12.947805],[77.60245,12.94758],[77.602426,12.947356],[77.602424,12.94721],[77.602423,12.947178],[77.602415,12.946974],[77.602434,12.946914],[77.602443,12.946888],[77.602444,12.94688],[77.602468,12.946642],[77.602486,12.946463],[77.602486,12.94646],[77.602517,12.946161],[77.602518,12.946059],[77.602518,12.946055],[77.602519,12.946013],[77.602552,12.94552],[77.602607,12.945254],[77.602607,12.945254],[77.602651,12.945043],[77.602676,12.944923],[77.602725,12.944684],[77.602784,12.944396],[77.602844,12.944096],[77.602848,12.943927],[77.602854,12.94379],[77.602864,12.943545],[77.602863,12.943423],[77.602862,12.943165],[77.602862,12.943161],[77.602788,12.942839],[77.602717,12.942528],[77.602717,12.942528],[77.602629,12.942139],[77.602024,12.942266],[77.601734,12.942326],[77.601443,12.942388],[77.601147,12.94245],[77.600948,12.942492],[77.600935,12.942495],[77.600899,12.942467],[77.600499,12.942536],[77.600499,12.942536],[77.60023,12.942583],[77.599731,12.94267],[77.599307,12.942745],[77.599287,12.942748],[77.59908,12.942789],[77.598967,12.942803],[77.598967,12.942803],[77.598678,12.94284],[77.598569,12.942867],[77.598499,12.942884],[77.598143,12.942938],[77.597975,12.942989],[77.597771,12.943053],[77.597255,12.943187],[77.597302,12.942879],[77.597382,12.942348],[77.59742,12.942042],[77.597456,12.941769],[77.597604,12.940293],[77.597628,12.940144],[77.597653,12.939991],[77.597659,12.939954],[77.597667,12.939937],[77.597667,12.939937],[77.597863,12.939437],[77.597863,12.939437],[77.598068,12.939044],[77.598474,12.938402],[77.598582,12.938277],[77.598754,12.938079],[77.599093,12.937778],[77.599377,12.937607],[77.599671,12.937512],[77.599933,12.937428],[77.600379,12.937337],[77.600484,12.937316],[77.601698,12.937089],[77.601694,12.93706],[77.601458,12.935741],[77.601143,12.934069],[77.601065,12.933657],[77.600996,12.933248],[77.600787,12.932004],[77.600705,12.931517],[77.600703,12.931356],[77.600676,12.930722],[77.600658,12.930582],[77.600599,12.930116],[77.600589,12.929928],[77.600539,12.929064],[77.600522,12.928763],[77.600513,12.928763],[77.60051,12.928708],[77.600496,12.928295],[77.599085,12.928329],[77.598546,12.928342],[77.598173,12.928352],[77.598028,12.928355],[77.597943,12.928357],[77.597428,12.92837],[77.597159,12.928376],[77.596427,12.928394],[77.596214,12.928399],[77.596166,12.9284],[77.59593,12.928406],[77.595883,12.928407],[77.595433,12.928417],[77.595379,12.928418],[77.595379,12.928418],[77.595361,12.928418],[77.594728,12.928431],[77.59473,12.928455],[77.594728,12.928431],[77.594177,12.928442],[77.593575,12.928454],[77.593561,12.928454],[77.592878,12.928468],[77.592498,12.928475],[77.592499,12.928508],[77.592499,12.928514],[77.592508,12.928808],[77.59251,12.928895],[77.592513,12.92902],[77.59252,12.929265],[77.592529,12.929598],[77.592537,12.929886],[77.592542,12.93006],[77.592544,12.930311],[77.592551,12.930557],[77.59257,12.931113],[77.592579,12.931433],[77.592594,12.931972],[77.592609,12.932538],[77.592613,12.932669],[77.592659,12.933685],[77.592686,12.934303],[77.592698,12.934485],[77.592699,12.934504],[77.592709,12.93465],[77.592709,12.934661],[77.592713,12.93479],[77.592715,12.934846],[77.592716,12.934884],[77.592728,12.935275],[77.592728,12.935291],[77.592724,12.935449],[77.592715,12.935734],[77.592705,12.93608],[77.592704,12.936103],[77.592704,12.936103],[77.5927,12.936205],[77.5927,12.936205],[77.591741,12.936339],[77.591306,12.936494],[77.591042,12.93667],[77.590624,12.936207],[77.590556,12.936128],[77.590116,12.936321],[77.589937,12.9355],[77.589645,12.935523],[77.589625,12.935524],[77.589623,12.935524],[77.589556,12.935573],[77.589519,12.935583],[77.589451,12.93564],[77.589384,12.935691],[77.589323,12.935742],[77.589244,12.935785],[77.589201,12.935805],[77.589173,12.935813],[77.589149,12.935813],[77.589135,12.935811],[77.589113,12.935803],[77.589061,12.93576],[77.588887,12.935634],[77.588729,12.93555],[77.588388,12.935449],[77.587938,12.935204],[77.587866,12.93517],[77.587816,12.935163],[77.587801,12.935163],[77.587779,12.935164],[77.587749,12.935166],[77.587703,12.935171],[77.587629,12.935198],[77.587554,12.935247],[77.587217,12.935501],[77.586709,12.93587],[77.586649,12.935928],[77.586559,12.936013],[77.586435,12.93622],[77.586363,12.936327],[77.586272,12.936399],[77.586139,12.936462],[77.585903,12.936544],[77.585903,12.936544],[77.585731,12.936604],[77.585296,12.936621],[77.585267,12.936622],[77.585108,12.936627],[77.58491,12.936632],[77.58491,12.936632],[77.584909,12.936633],[77.584515,12.936644],[77.584001,12.93666],[77.582747,12.936696],[77.581831,12.936723],[77.581831,12.936723],[77.580089,12.936774],[77.580087,12.936774],[77.580035,12.936775],[77.578815,12.938282],[77.578815,12.938282],[77.578103,12.939161],[77.577676,12.939689],[77.57768,12.939728],[77.577703,12.939966],[77.577737,12.940314],[77.577758,12.940525],[77.577756,12.940546],[77.577757,12.940596],[77.577757,12.940596],[77.577441,12.940599],[77.57726,12.940601],[77.576932,12.940603],[77.576894,12.940603],[77.576837,12.940604],[77.576828,12.940604],[77.57643,12.940607],[77.575944,12.940611],[77.573845,12.940628],[77.573845,12.940628],[77.573845,12.940639],[77.573843,12.940695],[77.573788,12.940695],[77.573779,12.942152],[77.573771,12.943297],[77.57378,12.943681],[77.572886,12.943679],[77.572867,12.943679],[77.572843,12.943658],[77.572839,12.943658],[77.572839,12.943658],[77.572772,12.943658],[77.572772,12.943658],[77.572713,12.943659],[77.572375,12.943655],[77.571843,12.943648],[77.571543,12.943644],[77.571112,12.94364],[77.571072,12.943639],[77.571061,12.943627],[77.570712,12.943623],[77.57039,12.943621],[77.570364,12.943641],[77.570344,12.94364],[77.568346,12.943609],[77.567835,12.943601],[77.567835,12.943602],[77.567835,12.943601],[77.567845,12.942803],[77.567781,12.942687],[77.567685,12.942549],[77.567685,12.942549],[77.567648,12.942495],[77.567493,12.942269],[77.566998,12.941742],[77.566849,12.941529],[77.566772,12.941329],[77.566728,12.941148],[77.566721,12.941095],[77.566672,12.940703],[77.566648,12.940176],[77.566495,12.940187],[77.566325,12.940188],[77.56617,12.940182],[77.566081,12.940127],[77.566076,12.940124],[77.566055,12.940092],[77.566029,12.940052],[77.565988,12.940001],[77.56595,12.93991],[77.565923,12.939757]]]},"properties":{"corporatio":"Central","_folder":"corporations"}}]}