{"type":"FeatureCollection","name":"zones","source":"OpenCity resource e7ad0eac-7fa9-435f-822d-752be486e726","description":"GBA zones within corporations","features":[{"type":"Feature","geometry":{"type":"MultiPolygon","coordinates":[[[[77.550184,13.02579],[77.55004,13.026052],[77.549205,13.02813],[77.548855,13.02894],[77.548802,13.029062],[77.548472,13.029776],[77.54819,13.030388],[77.547863,13.031096],[77.547863,13.031096],[77.547838,13.031152],[77.547688,13.031476],[77.546733,13.033311],[77.546614,13.033539],[77.545796,13.035053],[77.545324,13.035985],[77.545074,13.036501],[77.545074,13.036501],[77.545009,13.036635],[77.544842,13.036979],[77.544729,13.037157],[77.544508,13.037503],[77.544358,13.037614],[77.543856,13.038246],[77.543421,13.038711],[77.542955,13.03929],[77.542955,13.03929],[77.542148,13.038529],[77.541951,13.038312],[77.54163,13.036688],[77.541465,13.035851],[77.541225,13.034631],[77.540749,13.032502],[77.538979,13.033688],[77.537781,13.034652],[77.537601,13.034791],[77.536419,13.035696],[77.535164,13.036655],[77.533652,13.037678],[77.532935,13.038119],[77.531925,13.038905],[77.531214,13.039597],[77.531173,13.039625],[77.530352,13.040199],[77.530267,13.040259],[77.528267,13.041681],[77.525435,13.043682],[77.525358,13.043728],[77.524838,13.044044],[77.523982,13.044646],[77.523982,13.044646],[77.523909,13.044697],[77.523145,13.045238],[77.522192,13.045901],[77.521958,13.045537],[77.521759,13.045239],[77.521759,13.045239],[77.52153,13.044897],[77.52152,13.044881],[77.521428,13.044738],[77.520998,13.044062],[77.520811,13.043767],[77.520563,13.043381],[77.520223,13.04285],[77.519752,13.042129],[77.519376,13.041546],[77.519211,13.041302],[77.519057,13.041077],[77.51873,13.040532],[77.518501,13.040146],[77.518441,13.03989],[77.517802,13.040427],[77.517793,13.040435],[77.517726,13.04049],[77.517621,13.040578],[77.517503,13.040693],[77.517239,13.040949],[77.516921,13.0413],[77.51673,13.041484],[77.51656,13.041629],[77.516488,13.041671],[77.516488,13.041671],[77.51628,13.041794],[77.516114,13.04186],[77.516022,13.041897],[77.516022,13.041897],[77.515712,13.042021],[77.515612,13.04206],[77.515545,13.042085],[77.514872,13.042319],[77.514662,13.042388],[77.514659,13.042389],[77.514526,13.042433],[77.514381,13.04248],[77.514126,13.042561],[77.513748,13.04268],[77.513403,13.042787],[77.51327,13.042829],[77.513048,13.042899],[77.512956,13.042934],[77.512624,13.043059],[77.512527,13.043095],[77.511992,13.043279],[77.511948,13.043294],[77.511617,13.043411],[77.511431,13.043503],[77.510731,13.04385],[77.510668,13.043881],[77.510423,13.044008],[77.510305,13.044069],[77.510188,13.044129],[77.510029,13.04421],[77.510024,13.044212],[77.509957,13.044247],[77.509821,13.044318],[77.509708,13.04438],[77.509376,13.044558],[77.509063,13.044727],[77.508823,13.044857],[77.508699,13.044924],[77.508417,13.045055],[77.507833,13.045179],[77.507781,13.04519],[77.507303,13.045334],[77.507303,13.045334],[77.507125,13.045387],[77.506898,13.045466],[77.506391,13.045644],[77.506063,13.045732],[77.505917,13.045772],[77.505551,13.045879],[77.505161,13.045992],[77.504991,13.046043],[77.503889,13.046418],[77.503689,13.046485],[77.502869,13.046762],[77.502706,13.046824],[77.501511,13.047268],[77.501422,13.047297],[77.501158,13.047384],[77.500911,13.047466],[77.500653,13.04755],[77.500116,13.047735],[77.499374,13.047992],[77.499322,13.048009],[77.499137,13.048082],[77.498918,13.048168],[77.498658,13.04827],[77.498468,13.048343],[77.498295,13.048411],[77.497411,13.048704],[77.497314,13.048737],[77.496761,13.048921],[77.496654,13.048958],[77.496661,13.049206],[77.497294,13.050614],[77.496893,13.050696],[77.496873,13.050701],[77.496126,13.050861],[77.494537,13.051208],[77.494392,13.051244],[77.493934,13.051358],[77.493201,13.05154],[77.492465,13.051571],[77.492476,13.052187],[77.49248,13.052448],[77.492459,13.052782],[77.492423,13.053352],[77.492343,13.054619],[77.492219,13.054828],[77.491609,13.055858],[77.491532,13.055988],[77.491013,13.056879],[77.491002,13.05692],[77.490999,13.056969],[77.49104,13.057114],[77.491423,13.058463],[77.49197,13.059926],[77.491977,13.059944],[77.492007,13.060028],[77.492309,13.060864],[77.4926,13.061661],[77.49266,13.061827],[77.49272,13.062134],[77.493062,13.062121],[77.492992,13.062578],[77.492985,13.062605],[77.492902,13.062902],[77.492849,13.063376],[77.492762,13.063784],[77.492744,13.065513],[77.492732,13.066623],[77.492805,13.067755],[77.492833,13.068194],[77.492944,13.069915],[77.493032,13.071097],[77.493041,13.071216],[77.493106,13.072092],[77.49414,13.07204],[77.495066,13.071994],[77.496051,13.071946],[77.497206,13.071953],[77.497573,13.071957],[77.498586,13.071966],[77.499238,13.071963],[77.499459,13.071901],[77.499446,13.071892],[77.500255,13.07244],[77.501004,13.072636],[77.501433,13.072845],[77.501612,13.073049],[77.501888,13.073479],[77.502143,13.073869],[77.502341,13.074026],[77.502471,13.074165],[77.502637,13.074436],[77.502672,13.074575],[77.502707,13.074655],[77.502769,13.074707],[77.502999,13.074786],[77.503758,13.075207],[77.504108,13.075394],[77.504316,13.075739],[77.504481,13.075998],[77.50462,13.076209],[77.504796,13.076477],[77.505078,13.076706],[77.50533,13.076824],[77.505457,13.076932],[77.505722,13.07702],[77.50601,13.077422],[77.506332,13.077613],[77.506604,13.077762],[77.506899,13.077892],[77.507369,13.077949],[77.507484,13.077912],[77.507708,13.077823],[77.508074,13.077784],[77.50861,13.077724],[77.508782,13.077771],[77.508963,13.077976],[77.509082,13.077693],[77.50914,13.077583],[77.509222,13.077485],[77.509271,13.077455],[77.50932,13.077436],[77.509353,13.077409],[77.509359,13.077367],[77.509358,13.077225],[77.509374,13.077192],[77.509417,13.077166],[77.509443,13.077153],[77.509479,13.077123],[77.509511,13.077062],[77.509556,13.076903],[77.509565,13.076854],[77.509598,13.076831],[77.509644,13.076818],[77.509799,13.076787],[77.509882,13.07678],[77.509941,13.076744],[77.509996,13.076698],[77.510139,13.07647],[77.510432,13.076155],[77.510599,13.076053],[77.510685,13.076029],[77.510754,13.076013],[77.51081,13.07598],[77.510882,13.075927],[77.510987,13.075852],[77.511271,13.075603],[77.511307,13.07558],[77.511379,13.07565],[77.511462,13.075821],[77.511489,13.075816],[77.511842,13.07575],[77.511936,13.075734],[77.512368,13.075654],[77.512541,13.07559],[77.513077,13.07555],[77.514288,13.075158],[77.514442,13.075356],[77.514614,13.075309],[77.515421,13.07508],[77.516148,13.074865],[77.517027,13.074545],[77.517971,13.074254],[77.518126,13.074946],[77.518262,13.075504],[77.518255,13.075672],[77.518217,13.076548],[77.518212,13.076702],[77.518282,13.076937],[77.518532,13.077725],[77.518594,13.077877],[77.518681,13.078089],[77.518709,13.078187],[77.518784,13.078449],[77.518795,13.078487],[77.518836,13.078639],[77.518845,13.078667],[77.518905,13.07911],[77.51898,13.079665],[77.519143,13.07962],[77.519419,13.079358],[77.519472,13.07935],[77.519501,13.079346],[77.519629,13.079437],[77.520883,13.079151],[77.521137,13.07996],[77.521213,13.080205],[77.521281,13.080405],[77.52171,13.080382],[77.522067,13.080352],[77.522243,13.080547],[77.522716,13.080782],[77.522849,13.08096],[77.523222,13.080925],[77.523299,13.081508],[77.523414,13.08158],[77.523566,13.082792],[77.523586,13.082875],[77.523578,13.083446],[77.523578,13.083446],[77.523542,13.083574],[77.52353,13.08396],[77.523514,13.084459],[77.52347,13.08517],[77.523436,13.086038],[77.523436,13.086561],[77.523448,13.088114],[77.523534,13.089671],[77.523617,13.090557],[77.523656,13.090993],[77.523664,13.091655],[77.523769,13.092942],[77.523779,13.093068],[77.52642,13.092875],[77.528618,13.092609],[77.528886,13.092587],[77.529498,13.092468],[77.530043,13.092415],[77.532829,13.092245],[77.533996,13.092159],[77.534336,13.09213],[77.534394,13.092137],[77.534824,13.091287],[77.535452,13.090174],[77.537248,13.090095],[77.538024,13.09006],[77.538543,13.090036],[77.539462,13.090007],[77.540714,13.089973],[77.540723,13.089969],[77.540396,13.089376],[77.539768,13.088236],[77.539663,13.088045],[77.539111,13.087036],[77.539094,13.087005],[77.538824,13.08671],[77.538475,13.086329],[77.537954,13.085761],[77.537244,13.084451],[77.536885,13.083787],[77.53507,13.083796],[77.5344,13.083645],[77.534348,13.083634],[77.533178,13.083383],[77.533037,13.083372],[77.532801,13.083317],[77.532098,13.083154],[77.531717,13.083065],[77.531197,13.082918],[77.53084,13.082811],[77.530655,13.082668],[77.530629,13.082648],[77.530098,13.082239],[77.530004,13.08217],[77.529979,13.082152],[77.529946,13.082128],[77.529956,13.082088],[77.529935,13.081516],[77.52984,13.081356],[77.529787,13.080943],[77.529633,13.07999],[77.529422,13.079021],[77.529439,13.078877],[77.529527,13.078771],[77.529683,13.078779],[77.529809,13.078778],[77.529905,13.078595],[77.530051,13.078585],[77.530228,13.078596],[77.530262,13.078599],[77.530296,13.078601],[77.530405,13.077902],[77.530571,13.077853],[77.530775,13.07787],[77.530888,13.077301],[77.530956,13.076302],[77.531117,13.075861],[77.531521,13.075609],[77.531452,13.075333],[77.531367,13.074998],[77.53127,13.07456],[77.531243,13.074069],[77.531248,13.073915],[77.531351,13.073369],[77.531377,13.073187],[77.531608,13.072794],[77.531792,13.072538],[77.53183,13.072479],[77.531806,13.072459],[77.531782,13.072436],[77.531619,13.07228],[77.531251,13.070862],[77.531088,13.070218],[77.530976,13.069773],[77.531848,13.069156],[77.532119,13.069048],[77.532343,13.068646],[77.532472,13.06861],[77.533065,13.06806],[77.533308,13.067871],[77.533956,13.067317],[77.533938,13.066033],[77.534727,13.063754],[77.534731,13.063743],[77.534749,13.063723],[77.534954,13.063499],[77.535007,13.063443],[77.535062,13.063393],[77.535098,13.063359],[77.535187,13.063264],[77.5352,13.063251],[77.535007,13.063157],[77.534217,13.06085],[77.533855,13.06005],[77.534328,13.059366],[77.53468,13.058694],[77.53469,13.058676],[77.534767,13.058525],[77.534942,13.058333],[77.534966,13.058289],[77.535016,13.058202],[77.535079,13.058119],[77.535187,13.057932],[77.535224,13.05787],[77.535281,13.057798],[77.535396,13.057728],[77.535473,13.057675],[77.535063,13.057508],[77.534981,13.057558],[77.534945,13.057553],[77.534911,13.057526],[77.534939,13.057433],[77.53494,13.057425],[77.53495,13.05729],[77.534986,13.057209],[77.535118,13.057212],[77.535146,13.057114],[77.535109,13.056756],[77.535204,13.056727],[77.535231,13.056619],[77.535178,13.056348],[77.535171,13.056254],[77.535203,13.056217],[77.535199,13.056147],[77.535204,13.056094],[77.53514,13.05606],[77.535098,13.055929],[77.535106,13.055871],[77.535125,13.055738],[77.535218,13.055468],[77.535254,13.055372],[77.53531,13.055291],[77.535323,13.055221],[77.535304,13.0551],[77.535304,13.054833],[77.535375,13.054825],[77.536509,13.054653],[77.537555,13.054492],[77.537702,13.05447],[77.538706,13.054338],[77.538957,13.05432],[77.539159,13.054323],[77.539325,13.054342],[77.540454,13.054537],[77.540712,13.054588],[77.541447,13.054732],[77.541684,13.05478],[77.542227,13.054878],[77.542528,13.054923],[77.542757,13.054939],[77.543403,13.054933],[77.543939,13.054933],[77.54446,13.054937],[77.544706,13.054947],[77.544862,13.054983],[77.545033,13.055062],[77.545311,13.055283],[77.546128,13.056097],[77.546505,13.056479],[77.546792,13.056729],[77.547114,13.056439],[77.548081,13.055567],[77.549044,13.054712],[77.549109,13.054664],[77.54955,13.054336],[77.550135,13.053909],[77.550481,13.053651],[77.550602,13.053561],[77.550805,13.053403],[77.550985,13.053242],[77.55101,13.053208],[77.551159,13.053003],[77.551591,13.052366],[77.551912,13.051913],[77.552157,13.051535],[77.552453,13.051123],[77.552839,13.050731],[77.553077,13.050466],[77.553196,13.050334],[77.553512,13.049978],[77.553786,13.049622],[77.553821,13.049575],[77.553934,13.049423],[77.554114,13.049161],[77.554114,13.049161],[77.554489,13.048618],[77.555049,13.047768],[77.5551,13.047684],[77.555883,13.046403],[77.556302,13.045711],[77.556466,13.045437],[77.556665,13.045229],[77.556848,13.044703],[77.556863,13.044682],[77.556898,13.043862],[77.556898,13.043862],[77.5569,13.043814],[77.556962,13.043805],[77.556966,13.043763],[77.557097,13.042667],[77.557388,13.042771],[77.558106,13.042347],[77.558143,13.042325],[77.559225,13.04153],[77.559435,13.041292],[77.559542,13.041045],[77.55973,13.040609],[77.559798,13.040478],[77.559964,13.04046],[77.560012,13.040456],[77.560109,13.040449],[77.560136,13.040449],[77.560136,13.040449],[77.560264,13.040449],[77.560386,13.040449],[77.560481,13.040447],[77.560642,13.04045],[77.560836,13.040175],[77.560963,13.040002],[77.560858,13.03989],[77.560771,13.039796],[77.560576,13.0396],[77.560576,13.0396],[77.560483,13.039506],[77.560083,13.039216],[77.559442,13.038931],[77.558766,13.038679],[77.558735,13.038676],[77.557422,13.038578],[77.557297,13.038578],[77.557311,13.038484],[77.55733,13.038373],[77.557389,13.038176],[77.557406,13.037957],[77.557429,13.037664],[77.557429,13.037664],[77.557451,13.037385],[77.557508,13.036764],[77.557564,13.036292],[77.557576,13.03611],[77.557574,13.035919],[77.557535,13.035766],[77.557535,13.035766],[77.557503,13.035642],[77.557392,13.035153],[77.557372,13.035004],[77.557374,13.03493],[77.557375,13.034891],[77.557387,13.034786],[77.557398,13.034688],[77.557381,13.034678],[77.557717,13.034153],[77.557773,13.034069],[77.557818,13.034002],[77.558333,13.033234],[77.55862,13.032839],[77.558885,13.032475],[77.559363,13.031814],[77.559798,13.031151],[77.559976,13.030931],[77.559744,13.030382],[77.559744,13.030382],[77.559088,13.028827],[77.559088,13.028827],[77.55882,13.028193],[77.558459,13.027338],[77.558405,13.02722],[77.558155,13.026677],[77.557891,13.026102],[77.557887,13.026094],[77.557721,13.025714],[77.557561,13.025151],[77.55748,13.024888],[77.557355,13.024482],[77.557318,13.024367],[77.557221,13.024075],[77.557114,13.023745],[77.557018,13.023451],[77.556931,13.023191],[77.556926,13.023177],[77.556906,13.023128],[77.556765,13.022763],[77.556497,13.022101],[77.556489,13.022075],[77.556435,13.021939],[77.556388,13.0218],[77.556294,13.021563],[77.556185,13.021302],[77.556086,13.021117],[77.556051,13.021069],[77.555832,13.020595],[77.555576,13.020039],[77.555544,13.019969],[77.555486,13.019842],[77.555375,13.019832],[77.555173,13.019817],[77.554936,13.019806],[77.554639,13.019806],[77.554374,13.019797],[77.554342,13.019816],[77.553911,13.019221],[77.553765,13.019322],[77.550579,13.025066],[77.550579,13.025066],[77.550184,13.02579]]],[[[77.568563,13.034105],[77.568322,13.034412],[77.568076,13.034724],[77.56787,13.034985],[77.567866,13.034989],[77.567578,13.035312],[77.567237,13.035668],[77.566777,13.036152],[77.566642,13.036293],[77.566297,13.036666],[77.56602,13.036966],[77.565986,13.037002],[77.56544,13.037669],[77.565083,13.038144],[77.56487,13.038425],[77.564655,13.038695],[77.56435,13.039076],[77.564287,13.039156],[77.564159,13.039315],[77.56391,13.039594],[77.562803,13.0411],[77.562246,13.041824],[77.562112,13.041976],[77.562135,13.042017],[77.562213,13.042148],[77.562715,13.042987],[77.563846,13.045028],[77.564145,13.045593],[77.564357,13.045742],[77.564466,13.04582],[77.564929,13.046148],[77.56536,13.046361],[77.56575,13.046512],[77.566129,13.046601],[77.566663,13.046667],[77.567261,13.04672],[77.569029,13.046877],[77.569431,13.046939],[77.569919,13.047033],[77.570127,13.047071],[77.570166,13.047078],[77.571561,13.047166],[77.572462,13.047224],[77.572611,13.047231],[77.573388,13.047272],[77.574049,13.047308],[77.575024,13.04736],[77.575839,13.047432],[77.57626,13.047469],[77.576824,13.047526],[77.577347,13.047579],[77.577554,13.047598],[77.577554,13.047598],[77.577995,13.047637],[77.57824,13.04765],[77.578316,13.047647],[77.578316,13.047647],[77.578363,13.047645],[77.57847,13.04764],[77.578853,13.047568],[77.579302,13.047415],[77.579554,13.047293],[77.579992,13.046983],[77.580814,13.046351],[77.581322,13.04596],[77.582174,13.045222],[77.58237,13.045042],[77.582804,13.044775],[77.583148,13.044549],[77.583923,13.044039],[77.584794,13.043479],[77.585049,13.043343],[77.58522,13.043266],[77.585497,13.043155],[77.585678,13.043095],[77.586419,13.042948],[77.587429,13.042746],[77.588403,13.04258],[77.588559,13.042579],[77.588958,13.042651],[77.590483,13.043086],[77.590572,13.043111],[77.590467,13.042941],[77.590264,13.042433],[77.590139,13.042036],[77.590116,13.041953],[77.590024,13.041621],[77.59002,13.041605],[77.590571,13.041482],[77.591587,13.041266],[77.592247,13.041124],[77.592669,13.04106],[77.593194,13.041049],[77.593555,13.041091],[77.594755,13.041239],[77.595027,13.041273],[77.595055,13.041277],[77.595418,13.041272],[77.596351,13.041244],[77.596596,13.041238],[77.597379,13.041219],[77.598145,13.041203],[77.598438,13.041197],[77.599316,13.041159],[77.599318,13.041158],[77.599496,13.041149],[77.59974,13.041135],[77.600225,13.041127],[77.600536,13.041121],[77.601053,13.041113],[77.601357,13.041107],[77.601695,13.041101],[77.602085,13.041086],[77.603092,13.041048],[77.603393,13.041036],[77.604435,13.040997],[77.605252,13.040976],[77.606275,13.040948],[77.606726,13.040936],[77.607368,13.040846],[77.607694,13.040749],[77.607792,13.04072],[77.608234,13.040529],[77.608614,13.040308],[77.608836,13.040166],[77.609146,13.039919],[77.609287,13.039791],[77.609444,13.039649],[77.609664,13.039377],[77.609765,13.03924],[77.609915,13.039033],[77.610036,13.038835],[77.610229,13.038335],[77.610264,13.038245],[77.610279,13.038206],[77.610182,13.037958],[77.610134,13.037833],[77.610121,13.037801],[77.610088,13.037702],[77.610012,13.037461],[77.609821,13.036868],[77.609788,13.03674],[77.609735,13.036539],[77.60965,13.036218],[77.609598,13.035989],[77.609525,13.035667],[77.609507,13.035588],[77.609487,13.035489],[77.609463,13.035372],[77.609456,13.03534],[77.6094,13.035062],[77.609386,13.035009],[77.609267,13.034554],[77.609256,13.034505],[77.6092,13.034262],[77.609187,13.034208],[77.609185,13.034198],[77.609157,13.034076],[77.609042,13.03365],[77.608985,13.033446],[77.608933,13.033264],[77.608923,13.033231],[77.608753,13.032666],[77.608689,13.032443],[77.608631,13.032242],[77.608631,13.032242],[77.608577,13.032056],[77.608481,13.031736],[77.608392,13.031434],[77.608392,13.031434],[77.608364,13.031343],[77.608329,13.031187],[77.60824,13.030782],[77.608168,13.030446],[77.608129,13.030266],[77.608109,13.030195],[77.608071,13.030066],[77.608003,13.029932],[77.607947,13.029823],[77.60785,13.029701],[77.60769,13.029499],[77.60768,13.029483],[77.607558,13.029302],[77.607493,13.029178],[77.6074,13.028997],[77.607172,13.02849],[77.607082,13.028286],[77.606853,13.027763],[77.606852,13.027759],[77.606836,13.027725],[77.606454,13.026852],[77.606426,13.026861],[77.606026,13.026998],[77.606013,13.026963],[77.605511,13.027095],[77.605228,13.027191],[77.605123,13.027218],[77.604861,13.027285],[77.604307,13.027419],[77.604295,13.027423],[77.604266,13.027356],[77.604245,13.027353],[77.604231,13.027357],[77.604036,13.027398],[77.603701,13.027455],[77.603498,13.027479],[77.603286,13.027518],[77.603116,13.02752],[77.602949,13.027547],[77.602775,13.027575],[77.602501,13.02762],[77.602294,13.027647],[77.602196,13.027662],[77.601926,13.027703],[77.601472,13.027773],[77.601448,13.027775],[77.601163,13.027811],[77.601159,13.027811],[77.599698,13.027863],[77.599713,13.027814],[77.599727,13.027754],[77.599763,13.027604],[77.599786,13.027514],[77.599853,13.027259],[77.599859,13.027247],[77.599929,13.02707],[77.599939,13.027046],[77.59997,13.02699],[77.600044,13.026804],[77.600087,13.026705],[77.60032,13.026612],[77.600462,13.02656],[77.600494,13.026542],[77.60055,13.026496],[77.600589,13.026449],[77.60066,13.026269],[77.600665,13.026246],[77.60067,13.026222],[77.600671,13.026219],[77.600661,13.026186],[77.60061,13.026073],[77.600496,13.025906],[77.600471,13.025857],[77.600434,13.0257],[77.600436,13.025618],[77.600428,13.025593],[77.600431,13.025577],[77.600479,13.025336],[77.600498,13.02522],[77.600506,13.025136],[77.600496,13.024994],[77.600483,13.024885],[77.600453,13.024744],[77.600432,13.02467],[77.600325,13.024426],[77.600147,13.024014],[77.600046,13.023792],[77.599932,13.023561],[77.599904,13.02351],[77.600092,13.023427],[77.600235,13.023362],[77.600364,13.0233],[77.600639,13.023166],[77.60086,13.023047],[77.600944,13.022992],[77.600612,13.022052],[77.600362,13.021348],[77.600207,13.020958],[77.600119,13.020761],[77.600029,13.020563],[77.600008,13.020522],[77.599877,13.020267],[77.599842,13.020184],[77.599831,13.020061],[77.599797,13.019854],[77.599766,13.019782],[77.599741,13.019715],[77.599637,13.019557],[77.599524,13.019347],[77.599461,13.019239],[77.599374,13.019089],[77.599258,13.018884],[77.599169,13.018771],[77.599017,13.018631],[77.59881,13.018427],[77.59874,13.01834],[77.598644,13.018224],[77.598585,13.018116],[77.598461,13.017891],[77.598448,13.017866],[77.59836,13.017694],[77.598329,13.017619],[77.598234,13.017391],[77.59814,13.01717],[77.598119,13.017118],[77.597848,13.016534],[77.597843,13.016524],[77.59768,13.016215],[77.597678,13.016209],[77.597665,13.016155],[77.597653,13.016078],[77.59769,13.015767],[77.59768,13.015681],[77.597645,13.01558],[77.597545,13.01541],[77.59752,13.015368],[77.597372,13.015084],[77.5972,13.014752],[77.597175,13.014704],[77.596979,13.014392],[77.596778,13.014096],[77.596623,13.013835],[77.596544,13.013713],[77.596284,13.013314],[77.596276,13.013301],[77.596101,13.013024],[77.595934,13.01277],[77.595851,13.012646],[77.595793,13.01249],[77.59569,13.012188],[77.595562,13.011821],[77.595391,13.011382],[77.595801,13.011218],[77.595768,13.011217],[77.595486,13.010497],[77.595485,13.010494],[77.595479,13.010481],[77.595353,13.010169],[77.595351,13.010164],[77.595341,13.010051],[77.594992,13.009106],[77.594989,13.009101],[77.594779,13.009218],[77.594752,13.009233],[77.594616,13.008835],[77.594436,13.008094],[77.594351,13.007889],[77.594241,13.0076],[77.594086,13.007201],[77.593968,13.00692],[77.593897,13.006772],[77.593328,13.005588],[77.593263,13.005654],[77.593238,13.005717],[77.59317,13.005904],[77.593143,13.005944],[77.593118,13.006006],[77.592965,13.00634],[77.592679,13.006797],[77.592311,13.007396],[77.592281,13.007446],[77.591701,13.008419],[77.591152,13.009219],[77.590668,13.009923],[77.590663,13.009931],[77.590663,13.009931],[77.589802,13.01123],[77.589112,13.012233],[77.588742,13.012711],[77.588287,13.01331],[77.58812,13.0135],[77.587795,13.013791],[77.587583,13.013931],[77.587175,13.014115],[77.586853,13.014247],[77.586667,13.014298],[77.586522,13.014326],[77.58602,13.014392],[77.585251,13.014489],[77.584642,13.014504],[77.583973,13.014513],[77.583945,13.014802],[77.583969,13.015907],[77.583974,13.01689],[77.583965,13.017265],[77.583947,13.017973],[77.583934,13.019125],[77.583928,13.019298],[77.583928,13.019298],[77.583918,13.01969],[77.583961,13.020252],[77.583971,13.020389],[77.584025,13.020675],[77.584073,13.020891],[77.584165,13.021199],[77.584205,13.021326],[77.584206,13.021329],[77.584449,13.022186],[77.58459,13.022682],[77.584655,13.022912],[77.584624,13.022936],[77.583685,13.023671],[77.582737,13.024551],[77.58261,13.024632],[77.582577,13.024653],[77.582349,13.02479],[77.582145,13.024872],[77.581847,13.024957],[77.581697,13.025019],[77.581432,13.025137],[77.581279,13.025215],[77.581155,13.025319],[77.581141,13.025342],[77.581096,13.025412],[77.581016,13.025696],[77.580951,13.025749],[77.58084,13.025802],[77.580657,13.025926],[77.580638,13.025944],[77.580467,13.026112],[77.580268,13.026345],[77.580085,13.026539],[77.580105,13.026511],[77.579999,13.026531],[77.579242,13.02669],[77.579104,13.026719],[77.579024,13.026731],[77.578945,13.026743],[77.57873,13.026777],[77.578623,13.026793],[77.578507,13.026811],[77.578122,13.026847],[77.57778,13.026879],[77.577727,13.026888],[77.577725,13.026925],[77.577719,13.027199],[77.577707,13.027246],[77.577688,13.027251],[77.577684,13.027259],[77.576958,13.027364],[77.576935,13.027368],[77.576935,13.027368],[77.576717,13.027399],[77.575887,13.027553],[77.57583,13.027564],[77.57582,13.027565],[77.574654,13.027772],[77.574654,13.027772],[77.57456,13.027789],[77.574022,13.027889],[77.573463,13.027994],[77.573456,13.027996],[77.572009,13.028351],[77.571531,13.028438],[77.571443,13.028454],[77.571251,13.028462],[77.571112,13.028855],[77.570894,13.029469],[77.570681,13.030051],[77.570329,13.031008],[77.570297,13.031107],[77.570181,13.031477],[77.57011,13.031702],[77.570048,13.031854],[77.569989,13.031996],[77.569853,13.032267],[77.569477,13.032876],[77.569034,13.033417],[77.568628,13.03401],[77.568563,13.034105]]],[[[77.560136,13.084159],[77.56012,13.084173],[77.560095,13.084191],[77.559941,13.084302],[77.559682,13.084469],[77.558956,13.084933],[77.558909,13.084963],[77.558843,13.084907],[77.558793,13.084849],[77.558715,13.084722],[77.557417,13.085201],[77.557171,13.085292],[77.556862,13.085407],[77.556306,13.085636],[77.555709,13.085881],[77.555654,13.085952],[77.555608,13.086057],[77.555557,13.085999],[77.554953,13.085748],[77.554557,13.085582],[77.55438,13.085515],[77.554101,13.085412],[77.553899,13.085324],[77.55386,13.085307],[77.553715,13.085241],[77.553706,13.085237],[77.553308,13.084909],[77.553244,13.084869],[77.553002,13.084719],[77.552823,13.084647],[77.552719,13.084629],[77.552409,13.08459],[77.552358,13.084565],[77.55231,13.084539],[77.552154,13.084435],[77.552068,13.084376],[77.551741,13.084],[77.551513,13.083736],[77.551251,13.083392],[77.551244,13.083388],[77.550938,13.083188],[77.550771,13.083047],[77.550637,13.082892],[77.550544,13.082766],[77.550442,13.082565],[77.550376,13.082429],[77.55035,13.082376],[77.550248,13.082264],[77.550152,13.082199],[77.550098,13.082164],[77.549723,13.082131],[77.549324,13.082096],[77.549116,13.082071],[77.549015,13.082057],[77.54895,13.082032],[77.548904,13.082014],[77.548836,13.081964],[77.548597,13.081703],[77.548575,13.081707],[77.548265,13.081748],[77.548268,13.081765],[77.547817,13.081831],[77.547721,13.08185],[77.547226,13.081941],[77.547217,13.081945],[77.54726,13.082141],[77.547354,13.082575],[77.547402,13.082796],[77.547446,13.082998],[77.547495,13.083222],[77.547495,13.083222],[77.547007,13.083293],[77.5468,13.083321],[77.546664,13.083343],[77.546552,13.083363],[77.54654,13.083365],[77.546419,13.083389],[77.546391,13.083393],[77.546433,13.083548],[77.545187,13.083528],[77.545169,13.084121],[77.545164,13.084304],[77.545176,13.084425],[77.545195,13.084613],[77.545215,13.084718],[77.545249,13.085148],[77.545259,13.085272],[77.544655,13.085876],[77.544026,13.086237],[77.542977,13.087357],[77.542434,13.087938],[77.541566,13.089076],[77.540781,13.090074],[77.54078,13.090258],[77.540775,13.091883],[77.541633,13.093187],[77.542205,13.094295],[77.542455,13.095569],[77.542457,13.09558],[77.542395,13.095658],[77.543344,13.097979],[77.543382,13.098178],[77.543424,13.098318],[77.543968,13.099737],[77.544081,13.100103],[77.544224,13.100382],[77.544316,13.100564],[77.544429,13.100788],[77.544245,13.100803],[77.544229,13.101319],[77.544547,13.101315],[77.544901,13.101381],[77.545174,13.101274],[77.545634,13.101291],[77.54601,13.101247],[77.546362,13.10121],[77.546741,13.101175],[77.54715,13.101177],[77.547656,13.101095],[77.548072,13.101031],[77.548505,13.101009],[77.548893,13.101031],[77.549662,13.101032],[77.550288,13.100965],[77.55079,13.10095],[77.551047,13.100839],[77.551224,13.100829],[77.551593,13.100858],[77.551927,13.100822],[77.552457,13.10068],[77.553939,13.10049],[77.554608,13.100404],[77.555076,13.100343],[77.555138,13.100445],[77.555215,13.10046],[77.555551,13.100315],[77.555612,13.100408],[77.555775,13.100349],[77.55616,13.100225],[77.556552,13.10071],[77.556945,13.10058],[77.55733,13.100416],[77.557462,13.100734],[77.557129,13.100872],[77.557295,13.101165],[77.557564,13.101424],[77.55785,13.101682],[77.55817,13.102092],[77.558294,13.102264],[77.558388,13.102394],[77.558913,13.102903],[77.558985,13.103082],[77.559309,13.103313],[77.559353,13.103379],[77.559357,13.103386],[77.559149,13.103401],[77.558923,13.103344],[77.559027,13.104338],[77.559159,13.10459],[77.559339,13.104871],[77.559446,13.105037],[77.55959,13.105311],[77.559716,13.105603],[77.559958,13.105845],[77.559958,13.105845],[77.560127,13.106177],[77.560299,13.106581],[77.560409,13.106774],[77.560516,13.107017],[77.560516,13.107017],[77.560542,13.107076],[77.560553,13.107104],[77.56066,13.107367],[77.560703,13.107469],[77.560951,13.107932],[77.561078,13.108317],[77.561086,13.108344],[77.561095,13.10837],[77.56096,13.108917],[77.560535,13.109035],[77.560047,13.10931],[77.560049,13.109554],[77.560122,13.109832],[77.560284,13.11056],[77.560313,13.111151],[77.560223,13.111535],[77.56013,13.111744],[77.559812,13.111794],[77.55971,13.1119],[77.559675,13.112111],[77.559814,13.112403],[77.559833,13.112404],[77.560089,13.112359],[77.560403,13.112959],[77.561062,13.113775],[77.56144,13.11376],[77.561608,13.113767],[77.561627,13.113817],[77.56167,13.11391],[77.561683,13.113937],[77.562354,13.115564],[77.562582,13.116341],[77.562574,13.1164],[77.562687,13.116345],[77.562687,13.116345],[77.562574,13.1164],[77.562568,13.116447],[77.562837,13.117753],[77.563119,13.119385],[77.563264,13.120516],[77.56339,13.120939],[77.563646,13.12144],[77.563868,13.121875],[77.564308,13.122928],[77.564742,13.124114],[77.564957,13.124629],[77.565175,13.125152],[77.56551,13.125955],[77.568167,13.125298],[77.568255,13.12528],[77.569573,13.125005],[77.56988,13.126907],[77.569939,13.127443],[77.570279,13.128911],[77.57044,13.129486],[77.570718,13.130818],[77.570845,13.131006],[77.570845,13.131006],[77.570868,13.131039],[77.571317,13.133296],[77.571334,13.133936],[77.571576,13.134626],[77.571766,13.135267],[77.571911,13.135973],[77.57198,13.135977],[77.572018,13.135972],[77.572227,13.135897],[77.572352,13.136114],[77.572384,13.136252],[77.572568,13.136243],[77.572653,13.136249],[77.572789,13.136324],[77.572797,13.136321],[77.572938,13.136261],[77.573426,13.136089],[77.573519,13.136387],[77.57367,13.136943],[77.573671,13.136949],[77.573821,13.137727],[77.57384,13.137858],[77.573928,13.138426],[77.573966,13.138679],[77.573998,13.139071],[77.573986,13.139522],[77.573955,13.139639],[77.573934,13.139728],[77.574005,13.140488],[77.57404,13.141],[77.574027,13.141203],[77.5744,13.141336],[77.57438,13.141442],[77.57425,13.141561],[77.575142,13.141638],[77.575177,13.141646],[77.575212,13.141652],[77.575607,13.141736],[77.57608,13.141841],[77.576725,13.141985],[77.57727,13.142102],[77.577327,13.142115],[77.577793,13.142304],[77.578241,13.142454],[77.578659,13.142516],[77.579195,13.142566],[77.579999,13.14266],[77.581214,13.141335],[77.581398,13.141157],[77.582384,13.1402],[77.582698,13.13897],[77.582864,13.138281],[77.582922,13.138135],[77.582931,13.138108],[77.583114,13.137666],[77.583192,13.137474],[77.583389,13.136954],[77.583455,13.136781],[77.58361,13.136462],[77.583711,13.135805],[77.583716,13.135771],[77.583721,13.135737],[77.583826,13.1353],[77.584033,13.135192],[77.584086,13.134522],[77.584232,13.134247],[77.584337,13.13404],[77.584468,13.133862],[77.584544,13.133758],[77.584558,13.133728],[77.584573,13.133698],[77.584783,13.133258],[77.5849,13.133091],[77.585194,13.13282],[77.585194,13.13282],[77.585601,13.132693],[77.585895,13.132768],[77.585748,13.133305],[77.586213,13.133313],[77.586792,13.13336],[77.587365,13.13333],[77.587778,13.133309],[77.588572,13.133292],[77.589007,13.133285],[77.5891,13.133298],[77.591173,13.13323],[77.59442,13.132937],[77.596535,13.132776],[77.598021,13.132326],[77.598105,13.132298],[77.599663,13.131774],[77.601034,13.133355],[77.60182,13.134146],[77.604517,13.134163],[77.604498,13.133863],[77.607608,13.133817],[77.607573,13.133397],[77.610407,13.133308],[77.61201,13.13324],[77.613863,13.131643],[77.614564,13.131293],[77.614926,13.131121],[77.615207,13.131015],[77.61571,13.130981],[77.61571,13.130981],[77.616966,13.131014],[77.618529,13.130953],[77.618571,13.130953],[77.61954,13.130958],[77.62051,13.130434],[77.621916,13.129755],[77.623059,13.129161],[77.625029,13.128157],[77.625981,13.127532],[77.62618,13.127522],[77.626384,13.127451],[77.62666,13.127355],[77.628242,13.126825],[77.629173,13.126509],[77.630485,13.126039],[77.630584,13.125851],[77.63143,13.124547],[77.631826,13.123923],[77.632252,13.123253],[77.632689,13.12258],[77.632756,13.122477],[77.632792,13.122423],[77.633253,13.121712],[77.633541,13.121264],[77.634425,13.119886],[77.634564,13.11967],[77.635125,13.118822],[77.635654,13.117999],[77.6363,13.116955],[77.63641,13.116776],[77.636833,13.116149],[77.636998,13.115903],[77.637203,13.115597],[77.637274,13.115494],[77.637303,13.115448],[77.637369,13.115346],[77.638714,13.113271],[77.6384,13.1121],[77.638275,13.111635],[77.63807,13.110872],[77.637877,13.109913],[77.637831,13.10968],[77.637505,13.108393],[77.637183,13.107221],[77.637024,13.106416],[77.636991,13.106251],[77.638018,13.106197],[77.638279,13.106176],[77.638545,13.106155],[77.639338,13.105977],[77.639924,13.105829],[77.640031,13.105813],[77.640116,13.105806],[77.640834,13.105746],[77.640868,13.105745],[77.640901,13.105746],[77.641256,13.105636],[77.641404,13.10559],[77.641923,13.105485],[77.642286,13.105512],[77.642928,13.105488],[77.643075,13.105551],[77.643214,13.105555],[77.643804,13.105752],[77.644123,13.105698],[77.644208,13.105686],[77.645109,13.105566],[77.64576,13.105474],[77.647254,13.105264],[77.648168,13.10514],[77.649067,13.105023],[77.649929,13.104907],[77.650443,13.104806],[77.650322,13.104496],[77.649545,13.102749],[77.649556,13.102538],[77.64956,13.102472],[77.64934,13.102039],[77.64912,13.10163],[77.649113,13.101384],[77.64907,13.101073],[77.648842,13.10052],[77.648777,13.100345],[77.648565,13.099776],[77.648396,13.099324],[77.648226,13.098868],[77.648154,13.098679],[77.647706,13.098078],[77.647634,13.09789],[77.647533,13.097632],[77.647513,13.097558],[77.647298,13.096899],[77.647095,13.096249],[77.646734,13.095087],[77.646119,13.09393],[77.645101,13.091605],[77.644489,13.090354],[77.643351,13.088221],[77.64283,13.087071],[77.642752,13.086759],[77.643282,13.086652],[77.643584,13.086594],[77.644992,13.086411],[77.646131,13.086338],[77.646524,13.086147],[77.646597,13.085186],[77.646603,13.085152],[77.646495,13.085027],[77.646101,13.084339],[77.64552,13.083392],[77.645122,13.08297],[77.644551,13.082317],[77.644461,13.082125],[77.643801,13.080954],[77.643287,13.080037],[77.642809,13.079164],[77.642528,13.078655],[77.642299,13.078157],[77.642146,13.077826],[77.64169,13.077442],[77.641514,13.077294],[77.64142,13.077216],[77.640974,13.07696],[77.640237,13.076931],[77.639559,13.076668],[77.639016,13.076002],[77.638309,13.07516],[77.63819,13.075187],[77.637662,13.075306],[77.636823,13.07548],[77.636026,13.075883],[77.635861,13.075967],[77.634936,13.076445],[77.634049,13.076902],[77.633764,13.077055],[77.633763,13.076543],[77.632174,13.077413],[77.631815,13.07761],[77.630874,13.078141],[77.630404,13.078398],[77.63014,13.078542],[77.62964,13.078814],[77.629369,13.078967],[77.629134,13.079048],[77.628738,13.079158],[77.628593,13.079195],[77.627779,13.079408],[77.627599,13.079456],[77.627304,13.079609],[77.627109,13.079765],[77.626794,13.079999],[77.626187,13.080428],[77.625822,13.080723],[77.625513,13.080974],[77.625116,13.081293],[77.624991,13.081401],[77.624975,13.081447],[77.624973,13.081484],[77.624971,13.081515],[77.625056,13.082113],[77.625073,13.082294],[77.624676,13.082428],[77.623995,13.082585],[77.623889,13.08262],[77.623638,13.082778],[77.623519,13.082845],[77.623266,13.082894],[77.62357,13.082874],[77.623652,13.082884],[77.623682,13.082943],[77.62369,13.082992],[77.623697,13.083427],[77.623626,13.084145],[77.623608,13.084338],[77.623604,13.084593],[77.623613,13.084698],[77.623671,13.085119],[77.623751,13.085702],[77.623802,13.085887],[77.624106,13.087088],[77.624112,13.087123],[77.624096,13.087165],[77.62401,13.087251],[77.62378,13.087625],[77.623721,13.087755],[77.623748,13.087831],[77.623834,13.088],[77.623433,13.087927],[77.623067,13.088249],[77.622878,13.088507],[77.622863,13.088541],[77.622742,13.088552],[77.6226,13.088555],[77.622431,13.088556],[77.622264,13.08857],[77.621999,13.088579],[77.621869,13.088595],[77.621744,13.088626],[77.621625,13.088631],[77.621519,13.088581],[77.621293,13.088545],[77.621055,13.088513],[77.620943,13.088475],[77.620692,13.088374],[77.62041,13.088302],[77.620212,13.088246],[77.620138,13.088236],[77.620011,13.088242],[77.619932,13.088261],[77.619807,13.088293],[77.619705,13.088241],[77.619531,13.088122],[77.61938,13.088067],[77.619325,13.088053],[77.619253,13.088058],[77.61912,13.088071],[77.619125,13.088181],[77.619109,13.088305],[77.619043,13.088302],[77.619047,13.088357],[77.619043,13.088302],[77.618803,13.08829],[77.618594,13.088243],[77.618446,13.088211],[77.618384,13.088207],[77.618292,13.08821],[77.618163,13.088213],[77.617924,13.088133],[77.617586,13.088031],[77.617316,13.087938],[77.61705,13.087845],[77.616762,13.087746],[77.616689,13.087723],[77.616587,13.087726],[77.616346,13.087725],[77.61612,13.087728],[77.615961,13.087693],[77.61582,13.087659],[77.615514,13.087624],[77.615224,13.087559],[77.615036,13.087507],[77.614987,13.087499],[77.614962,13.087473],[77.614729,13.087254],[77.614719,13.087239],[77.614611,13.087051],[77.614606,13.087046],[77.61459,13.08702],[77.614575,13.086995],[77.614559,13.086974],[77.614549,13.086949],[77.614523,13.086923],[77.614518,13.086913],[77.614502,13.086878],[77.614481,13.086857],[77.614461,13.086832],[77.614435,13.086811],[77.614414,13.086791],[77.614398,13.086786],[77.614362,13.08676],[77.614336,13.08675],[77.61431,13.086734],[77.614268,13.086719],[77.614237,13.086709],[77.614216,13.086694],[77.61418,13.086683],[77.614164,13.086673],[77.614143,13.086663],[77.614128,13.086663],[77.614107,13.086648],[77.614086,13.086643],[77.614078,13.08664],[77.614065,13.086637],[77.614034,13.086627],[77.613992,13.086617],[77.613972,13.086612],[77.613946,13.086606],[77.61392,13.086606],[77.613894,13.086601],[77.613862,13.086596],[77.613805,13.086585],[77.613769,13.086585],[77.613732,13.086585],[77.613696,13.086585],[77.613659,13.086584],[77.613628,13.086584],[77.613591,13.086584],[77.61357,13.086584],[77.613524,13.086584],[77.613497,13.086584],[77.613451,13.086583],[77.613435,13.086583],[77.613404,13.086583],[77.613378,13.086583],[77.613357,13.086583],[77.613321,13.086583],[77.613284,13.086583],[77.613263,13.086583],[77.613232,13.086583],[77.613211,13.086588],[77.61318,13.086598],[77.613154,13.086603],[77.613138,13.086608],[77.613112,13.086613],[77.613071,13.086623],[77.613045,13.086623],[77.613003,13.086628],[77.612956,13.086638],[77.612925,13.086643],[77.612904,13.086642],[77.612878,13.086642],[77.612851,13.086647],[77.612818,13.086647],[77.612751,13.086861],[77.612617,13.087318],[77.612618,13.087326],[77.612542,13.087519],[77.612428,13.087682],[77.612343,13.087736],[77.612197,13.087786],[77.612143,13.087828],[77.612089,13.087912],[77.612053,13.087984],[77.611987,13.088075],[77.611909,13.088171],[77.611655,13.08835],[77.611323,13.088783],[77.610793,13.089581],[77.610497,13.089946],[77.609981,13.090625],[77.60973,13.091033],[77.609399,13.091578],[77.609044,13.092227],[77.608898,13.092623],[77.608665,13.093073],[77.608469,13.093559],[77.60829,13.093983],[77.608248,13.094085],[77.608122,13.094347],[77.608002,13.094416],[77.60786,13.094453],[77.607735,13.094436],[77.607531,13.094421],[77.606774,13.094281],[77.606284,13.094146],[77.606097,13.094113],[77.606017,13.094062],[77.606043,13.093983],[77.60611,13.093608],[77.606046,13.093504],[77.605981,13.093469],[77.605981,13.093452],[77.606327,13.092813],[77.606636,13.091997],[77.606505,13.091885],[77.606716,13.091381],[77.606808,13.091246],[77.60709,13.091279],[77.607516,13.090045],[77.607749,13.08952],[77.607838,13.089116],[77.607872,13.088897],[77.607943,13.088797],[77.608044,13.088365],[77.607946,13.088345],[77.60771,13.088286],[77.607401,13.088235],[77.607019,13.088191],[77.605929,13.087695],[77.605631,13.087386],[77.605371,13.087285],[77.605035,13.087148],[77.604164,13.086844],[77.604161,13.086843],[77.603471,13.086513],[77.602573,13.08616],[77.602144,13.085908],[77.597836,13.086648],[77.597626,13.086683],[77.5965,13.086878],[77.59582,13.087011],[77.594917,13.08724],[77.594798,13.087217],[77.594701,13.087199],[77.593968,13.087383],[77.59391,13.086797],[77.593794,13.085633],[77.593712,13.084813],[77.593722,13.084655],[77.593716,13.084641],[77.593636,13.084449],[77.593537,13.084216],[77.593073,13.083156],[77.59223,13.081165],[77.591922,13.080423],[77.591719,13.079937],[77.591416,13.079221],[77.59101,13.078258],[77.590842,13.077853],[77.590711,13.077538],[77.590294,13.076544],[77.590092,13.076069],[77.58706,13.076951],[77.586459,13.077142],[77.586308,13.077185],[77.585553,13.077396],[77.584883,13.077583],[77.583722,13.077926],[77.583456,13.078005],[77.583138,13.07811],[77.58291,13.078184],[77.582999,13.078488],[77.583115,13.078944],[77.583137,13.079013],[77.583157,13.079082],[77.583274,13.079466],[77.583505,13.080198],[77.583633,13.080633],[77.583772,13.081081],[77.583802,13.081176],[77.583805,13.081186],[77.583996,13.081916],[77.584259,13.082798],[77.584465,13.083631],[77.583265,13.084],[77.583167,13.084028],[77.582967,13.084084],[77.58235,13.084274],[77.581628,13.084455],[77.580555,13.084736],[77.579166,13.085138],[77.579319,13.085454],[77.579366,13.085587],[77.579608,13.086681],[77.579637,13.086813],[77.579865,13.087873],[77.580206,13.089092],[77.578801,13.08934],[77.577298,13.089749],[77.577262,13.089758],[77.577262,13.089758],[77.576603,13.089923],[77.575123,13.090231],[77.574174,13.090437],[77.573331,13.090827],[77.570294,13.092309],[77.569536,13.094381],[77.569696,13.095705],[77.569959,13.097866],[77.569932,13.098065],[77.569932,13.098065],[77.569836,13.098079],[77.569795,13.098079],[77.569751,13.098079],[77.568974,13.098009],[77.568687,13.097984],[77.568396,13.097957],[77.568119,13.097932],[77.568105,13.097931],[77.567818,13.097903],[77.567244,13.097847],[77.567091,13.097833],[77.566455,13.09777],[77.566415,13.097767],[77.566121,13.09774],[77.565451,13.097677],[77.565104,13.097645],[77.564608,13.097599],[77.564501,13.097589],[77.564329,13.09758],[77.5643,13.097584],[77.56383,13.097631],[77.563825,13.097631],[77.56341,13.097687],[77.56297,13.097764],[77.562849,13.097784],[77.562848,13.097781],[77.562121,13.096409],[77.561509,13.095198],[77.561326,13.09449],[77.561218,13.093953],[77.561097,13.09335],[77.560739,13.091595],[77.560476,13.090326],[77.560072,13.087999],[77.561109,13.087359],[77.561136,13.087342],[77.56307,13.086194],[77.560334,13.084023],[77.560201,13.084124],[77.560136,13.084159]]]]},"properties":{"Corporatio":"North","Zone":"Zone2","_folder":"zones"}},{"type":"Feature","geometry":{"type":"Polygon","coordinates":[[[77.662879,12.959058],[77.662153,12.959187],[77.661488,12.959227],[77.66144,12.95923],[77.661144,12.959243],[77.660889,12.959254],[77.66085,12.959247],[77.660387,12.959159],[77.659775,12.959076],[77.659664,12.959062],[77.659666,12.959099],[77.659669,12.95921],[77.659729,12.95971],[77.659747,12.959818],[77.659754,12.959869],[77.659765,12.959926],[77.659808,12.960181],[77.659791,12.960217],[77.659837,12.960251],[77.659853,12.960255],[77.6599,12.960255],[77.660164,12.96087],[77.659773,12.961026],[77.659865,12.961324],[77.659968,12.961689],[77.659999,12.961686],[77.66082,12.961607],[77.66085,12.961767],[77.660884,12.961916],[77.660915,12.962052],[77.660947,12.962212],[77.661351,12.96215],[77.661447,12.962137],[77.661539,12.96253],[77.66168,12.962783],[77.661708,12.962902],[77.661791,12.96425],[77.661791,12.964272],[77.661781,12.964273],[77.661608,12.964238],[77.661342,12.964191],[77.661087,12.964154],[77.66106,12.964302],[77.660936,12.964498],[77.660796,12.964853],[77.660534,12.9649],[77.660546,12.964962],[77.66072,12.965194],[77.661,12.965178],[77.661069,12.965452],[77.66114,12.965447],[77.661275,12.96545],[77.661393,12.965503],[77.661508,12.965511],[77.661559,12.965532],[77.66163,12.965605],[77.661646,12.965633],[77.661652,12.96568],[77.661684,12.965742],[77.661706,12.965816],[77.661771,12.966001],[77.661786,12.966186],[77.661787,12.966192],[77.661957,12.966301],[77.661965,12.966306],[77.661645,12.966804],[77.661547,12.96678],[77.65993,12.967026],[77.659704,12.967081],[77.659585,12.967024],[77.658989,12.967115],[77.658461,12.967192],[77.658492,12.967434],[77.658337,12.967656],[77.657952,12.968165],[77.657274,12.968244],[77.657375,12.968906],[77.657447,12.969121],[77.657526,12.969529],[77.657629,12.97015],[77.657658,12.970344],[77.657689,12.970558],[77.657702,12.970712],[77.657753,12.970777],[77.658104,12.970984],[77.658361,12.971057],[77.658735,12.971254],[77.658637,12.971453],[77.659042,12.971508],[77.659288,12.97154],[77.659596,12.971586],[77.660157,12.971566],[77.660803,12.971584],[77.661024,12.971589],[77.661518,12.97162],[77.661574,12.971701],[77.661566,12.971979],[77.661984,12.971787],[77.66263,12.971598],[77.663057,12.971538],[77.663903,12.971631],[77.664234,12.971702],[77.664506,12.97176],[77.664794,12.971781],[77.664918,12.971791],[77.665335,12.971844],[77.665406,12.971749],[77.665531,12.971578],[77.665717,12.97152],[77.666054,12.971464],[77.666142,12.97145],[77.666158,12.971446],[77.666158,12.971447],[77.666315,12.971638],[77.666456,12.971825],[77.666488,12.971873],[77.666512,12.97192],[77.666522,12.971955],[77.666528,12.971992],[77.666546,12.972147],[77.66655,12.972199],[77.666558,12.972283],[77.666568,12.972404],[77.666573,12.97245],[77.666709,12.972503],[77.666885,12.97258],[77.666965,12.972618],[77.666846,12.9728],[77.666661,12.973009],[77.666732,12.973192],[77.666796,12.973181],[77.666815,12.97319],[77.666842,12.973258],[77.666846,12.973334],[77.666792,12.973347],[77.666805,12.9734],[77.666914,12.974301],[77.666902,12.974381],[77.666611,12.974425],[77.666516,12.975333],[77.666561,12.975354],[77.666598,12.975372],[77.666647,12.975401],[77.666887,12.975458],[77.666985,12.975484],[77.667314,12.975574],[77.667634,12.97558],[77.667928,12.975557],[77.668022,12.975552],[77.668135,12.975547],[77.668525,12.975468],[77.668742,12.975426],[77.668847,12.975403],[77.669026,12.975336],[77.669214,12.975259],[77.66926,12.97524],[77.669443,12.975175],[77.669819,12.975044],[77.670101,12.974954],[77.670193,12.97489],[77.670213,12.974875],[77.670295,12.974827],[77.670522,12.974762],[77.67075,12.974686],[77.671123,12.97458],[77.671618,12.97443],[77.671652,12.974417],[77.671848,12.974348],[77.672345,12.974183],[77.672525,12.974131],[77.672686,12.974075],[77.672702,12.97407],[77.672954,12.973981],[77.673274,12.973868],[77.673456,12.973806],[77.673621,12.97375],[77.673957,12.973648],[77.674207,12.973574],[77.674491,12.973488],[77.674862,12.973384],[77.675142,12.973329],[77.675397,12.973278],[77.67577,12.973198],[77.675774,12.973197],[77.676249,12.973093],[77.676717,12.972972],[77.677193,12.972871],[77.67795,12.972738],[77.678116,12.972709],[77.67824,12.97317],[77.67836,12.973615],[77.67837,12.973654],[77.678442,12.973863],[77.678539,12.97414],[77.678695,12.974592],[77.678702,12.974614],[77.678916,12.975287],[77.679061,12.975693],[77.679153,12.975873],[77.679299,12.976162],[77.679378,12.976514],[77.679345,12.976699],[77.679314,12.976894],[77.679334,12.977581],[77.679338,12.977976],[77.679371,12.978237],[77.679505,12.979047],[77.679623,12.979382],[77.679653,12.97947],[77.679751,12.980012],[77.679751,12.980203],[77.679751,12.980232],[77.679823,12.980495],[77.679849,12.98059],[77.679898,12.980771],[77.679963,12.98101],[77.679973,12.981042],[77.680062,12.981311],[77.680139,12.981547],[77.680143,12.981559],[77.680185,12.98176],[77.680215,12.981843],[77.680268,12.981991],[77.680295,12.982066],[77.680297,12.982074],[77.680381,12.982321],[77.680382,12.982326],[77.680416,12.982497],[77.680439,12.982755],[77.680247,12.983065],[77.68024,12.983076],[77.680202,12.983133],[77.680014,12.983414],[77.679842,12.983568],[77.679799,12.983588],[77.679713,12.983628],[77.679704,12.983617],[77.679068,12.983989],[77.678954,12.98403],[77.678815,12.984049],[77.678591,12.984081],[77.678472,12.984269],[77.678357,12.984358],[77.678242,12.984439],[77.678027,12.984559],[77.677872,12.984641],[77.67781,12.984656],[77.677719,12.984657],[77.67766,12.984742],[77.677609,12.984773],[77.677497,12.984817],[77.677367,12.984871],[77.676925,12.985164],[77.676457,12.985476],[77.675798,12.985816],[77.67579,12.985821],[77.674924,12.986368],[77.673367,12.986389],[77.672933,12.98637],[77.672139,12.985994],[77.671712,12.985878],[77.671353,12.986026],[77.671283,12.9859],[77.670815,12.986016],[77.670452,12.986071],[77.669796,12.986156],[77.66948,12.986122],[77.668884,12.985976],[77.668712,12.985897],[77.668354,12.985723],[77.668264,12.985673],[77.668195,12.985631],[77.667973,12.985491],[77.667951,12.985532],[77.667817,12.985874],[77.667526,12.985937],[77.667492,12.987219],[77.667366,12.988],[77.66741,12.988671],[77.667629,12.989526],[77.667885,12.989757],[77.667889,12.989758],[77.668056,12.989818],[77.668164,12.989842],[77.668255,12.989962],[77.668213,12.990009],[77.66836,12.990191],[77.668359,12.990192],[77.668362,12.990196],[77.668362,12.990196],[77.667872,12.990477],[77.666907,12.991053],[77.66626,12.991582],[77.665687,12.992213],[77.665532,12.992383],[77.664997,12.993147],[77.664164,12.994475],[77.66416,12.994482],[77.664135,12.994521],[77.66354,12.995519],[77.663536,12.995527],[77.663206,12.996162],[77.662834,12.996691],[77.662791,12.99676],[77.663845,12.997354],[77.66407,12.997484],[77.663867,12.997814],[77.663592,12.998259],[77.663297,13.002255],[77.663304,13.002863],[77.663304,13.002863],[77.663304,13.002912],[77.663271,13.003387],[77.663246,13.003734],[77.663189,13.004557],[77.663128,13.004974],[77.663037,13.005513],[77.662956,13.005994],[77.662725,13.007294],[77.662665,13.007635],[77.662603,13.007999],[77.662569,13.008193],[77.662562,13.008375],[77.662532,13.009212],[77.662521,13.009515],[77.662504,13.009977],[77.662475,13.010221],[77.662451,13.010412],[77.66234,13.011708],[77.662298,13.012389],[77.662328,13.012409],[77.662311,13.012689],[77.66229,13.013063],[77.662283,13.013197],[77.662283,13.0132],[77.662256,13.01369],[77.66216,13.015061],[77.662095,13.015726],[77.662054,13.015882],[77.662017,13.016029],[77.661936,13.016204],[77.661798,13.016336],[77.661707,13.016407],[77.661524,13.01648],[77.660535,13.016883],[77.660371,13.016956],[77.658566,13.017754],[77.658416,13.01782],[77.656474,13.018684],[77.655634,13.019058],[77.655601,13.019071],[77.654676,13.019441],[77.653111,13.020031],[77.652745,13.020168],[77.651271,13.020817],[77.648141,13.022198],[77.647914,13.022299],[77.646656,13.022847],[77.646412,13.022953],[77.645421,13.02338],[77.645183,13.023482],[77.644488,13.023781],[77.643232,13.024345],[77.643119,13.024395],[77.64202,13.024869],[77.640837,13.025378],[77.640556,13.025499],[77.640115,13.025707],[77.639937,13.025775],[77.63965,13.025885],[77.639414,13.025925],[77.639012,13.025993],[77.63847,13.026088],[77.63715,13.02632],[77.636986,13.026358],[77.635815,13.026632],[77.634974,13.026884],[77.633887,13.027262],[77.632762,13.027754],[77.632716,13.027773],[77.633003,13.02811],[77.633496,13.028689],[77.633744,13.028573],[77.634277,13.028442],[77.634877,13.028301],[77.634912,13.028294],[77.63504,13.028252],[77.635667,13.028],[77.636011,13.027874],[77.636354,13.0278],[77.63658,13.027773],[77.636654,13.027788],[77.636729,13.027829],[77.636945,13.027908],[77.636948,13.027909],[77.63703,13.027917],[77.637137,13.027919],[77.637328,13.027934],[77.637605,13.027986],[77.637744,13.029501],[77.637822,13.029782],[77.637873,13.029931],[77.637916,13.030015],[77.637993,13.030132],[77.638023,13.030163],[77.638188,13.030334],[77.638525,13.03063],[77.639123,13.031141],[77.639134,13.031151],[77.639398,13.031385],[77.6396,13.031751],[77.639656,13.032026],[77.639649,13.032038],[77.639806,13.032466],[77.639852,13.032578],[77.639892,13.032616],[77.639918,13.032647],[77.640115,13.032885],[77.640167,13.032947],[77.640446,13.033329],[77.640769,13.033682],[77.64088,13.033964],[77.641032,13.034259],[77.641099,13.034318],[77.641177,13.034327],[77.641177,13.034327],[77.641279,13.034284],[77.641716,13.034144],[77.642185,13.033997],[77.642303,13.034001],[77.642376,13.03403],[77.642549,13.034052],[77.643099,13.034061],[77.643268,13.034067],[77.64325,13.034154],[77.643158,13.035325],[77.643177,13.035335],[77.643177,13.035364],[77.643176,13.035375],[77.643231,13.035906],[77.644883,13.035844],[77.64494,13.035881],[77.644929,13.035928],[77.644907,13.036024],[77.644832,13.036071],[77.644762,13.036113],[77.644687,13.036128],[77.644463,13.036194],[77.644421,13.036226],[77.644394,13.036319],[77.644339,13.036513],[77.644287,13.036734],[77.644267,13.036825],[77.644246,13.036947],[77.644232,13.037009],[77.644193,13.037237],[77.644155,13.037603],[77.644138,13.037737],[77.64411,13.037838],[77.644071,13.037952],[77.644028,13.03807],[77.643982,13.038175],[77.643932,13.038285],[77.64392,13.038337],[77.643837,13.038492],[77.64382,13.03859],[77.643813,13.03872],[77.643807,13.038822],[77.643793,13.038876],[77.643768,13.038966],[77.643765,13.038965],[77.643709,13.038938],[77.643575,13.03893],[77.64296,13.038955],[77.642368,13.038977],[77.642167,13.039034],[77.641978,13.039265],[77.641869,13.03937],[77.641808,13.039434],[77.641738,13.03946],[77.641648,13.039488],[77.641458,13.039511],[77.641472,13.039966],[77.641462,13.039966],[77.641465,13.040318],[77.641455,13.040513],[77.641445,13.040674],[77.6414,13.041045],[77.641395,13.041203],[77.641394,13.041259],[77.641354,13.041267],[77.641336,13.041278],[77.641318,13.041309],[77.641303,13.041336],[77.6413,13.041376],[77.641316,13.041434],[77.641348,13.041537],[77.641375,13.041582],[77.64141,13.041618],[77.64146,13.041713],[77.641471,13.041794],[77.641468,13.041906],[77.641456,13.042097],[77.641429,13.042312],[77.641391,13.042415],[77.641326,13.042486],[77.641215,13.04257],[77.641118,13.042624],[77.641075,13.042642],[77.64101,13.04265],[77.640935,13.042648],[77.640794,13.042645],[77.640722,13.04266],[77.640648,13.042728],[77.640552,13.042831],[77.640463,13.042912],[77.640391,13.042959],[77.640087,13.043075],[77.639758,13.043189],[77.639381,13.043292],[77.639263,13.043314],[77.639065,13.043316],[77.638636,13.043281],[77.638587,13.043277],[77.638471,13.043268],[77.638384,13.043269],[77.63831,13.043244],[77.638203,13.043222],[77.638072,13.043224],[77.638008,13.043217],[77.637907,13.043182],[77.63783,13.04315],[77.637745,13.043086],[77.63765,13.04302],[77.637556,13.042969],[77.637343,13.042846],[77.63729,13.04281],[77.637277,13.042931],[77.637178,13.043365],[77.637118,13.0435],[77.637089,13.044134],[77.637101,13.044682],[77.637231,13.04554],[77.637314,13.046035],[77.637558,13.046767],[77.637593,13.046864],[77.637781,13.047379],[77.637876,13.048057],[77.638004,13.048578],[77.63809,13.049233],[77.638159,13.049528],[77.63826,13.049864],[77.638334,13.050064],[77.638136,13.050096],[77.638362,13.05107],[77.638428,13.051554],[77.637796,13.051661],[77.63778,13.051809],[77.637794,13.052009],[77.637808,13.052162],[77.637885,13.052643],[77.638032,13.053368],[77.638067,13.053541],[77.63812,13.053804],[77.638182,13.053928],[77.638313,13.054328],[77.638339,13.054535],[77.638153,13.054637],[77.638186,13.054844],[77.638297,13.05519],[77.638309,13.055603],[77.638336,13.056517],[77.638343,13.056812],[77.638359,13.057503],[77.638354,13.057669],[77.638172,13.058965],[77.638157,13.059641],[77.638156,13.059924],[77.638173,13.060491],[77.638182,13.060824],[77.638195,13.061533],[77.638218,13.0618],[77.638235,13.061999],[77.638283,13.062333],[77.638345,13.062783],[77.638361,13.063653],[77.638526,13.064811],[77.638568,13.065289],[77.638696,13.066544],[77.638727,13.066645],[77.639023,13.06758],[77.639363,13.068879],[77.639527,13.06969],[77.639504,13.070628],[77.639481,13.071571],[77.63944,13.073218],[77.639491,13.074935],[77.638309,13.07516],[77.639016,13.076002],[77.639559,13.076668],[77.640237,13.076931],[77.640974,13.07696],[77.64142,13.077216],[77.641515,13.077296],[77.64169,13.077442],[77.642146,13.077826],[77.642299,13.078157],[77.642528,13.078655],[77.642809,13.079164],[77.643287,13.080037],[77.643801,13.080954],[77.644461,13.082125],[77.644551,13.082317],[77.645122,13.08297],[77.64552,13.083392],[77.646101,13.084339],[77.646495,13.085027],[77.646603,13.085152],[77.646832,13.084885],[77.64698,13.084703],[77.647118,13.084535],[77.647369,13.08423],[77.647481,13.084025],[77.64766,13.083872],[77.648006,13.083407],[77.648349,13.082971],[77.648417,13.082823],[77.648645,13.082548],[77.64892,13.08225],[77.649286,13.081757],[77.649548,13.081403],[77.649647,13.081341],[77.649672,13.081236],[77.649858,13.0813],[77.650132,13.081331],[77.650417,13.081367],[77.650827,13.081417],[77.651156,13.081451],[77.651553,13.081492],[77.65189,13.081541],[77.652228,13.081587],[77.652609,13.081622],[77.653224,13.081752],[77.65331,13.081737],[77.653535,13.081812],[77.654763,13.08197],[77.654857,13.081913],[77.654917,13.081537],[77.655001,13.081023],[77.655029,13.080851],[77.655079,13.08062],[77.655169,13.080206],[77.655269,13.079747],[77.655362,13.079317],[77.655421,13.07905],[77.655513,13.078644],[77.655521,13.078608],[77.655584,13.078336],[77.655682,13.077839],[77.655812,13.077181],[77.655984,13.076698],[77.656275,13.075876],[77.656344,13.075432],[77.656431,13.074863],[77.656532,13.07485],[77.657245,13.07377],[77.6578,13.073042],[77.658427,13.071513],[77.658666,13.070951],[77.658855,13.070476],[77.658873,13.07043],[77.659142,13.069738],[77.659727,13.068044],[77.660155,13.067725],[77.660731,13.06768],[77.661527,13.067453],[77.661802,13.067355],[77.662624,13.067065],[77.663595,13.066977],[77.665795,13.066205],[77.667022,13.065903],[77.667146,13.063946],[77.668714,13.065047],[77.670052,13.065955],[77.670993,13.065819],[77.67241,13.065613],[77.673095,13.065437],[77.673447,13.065352],[77.673439,13.065295],[77.673434,13.06526],[77.674085,13.065193],[77.674523,13.065057],[77.675093,13.064838],[77.675278,13.064858],[77.675905,13.064926],[77.675984,13.064941],[77.676062,13.064956],[77.67633,13.065059],[77.676537,13.065048],[77.676723,13.065094],[77.676926,13.065061],[77.677174,13.064957],[77.677093,13.064766],[77.676959,13.064468],[77.67683,13.064038],[77.676668,13.063585],[77.676856,13.063532],[77.67684,13.063258],[77.676837,13.062913],[77.676942,13.062903],[77.677327,13.062841],[77.67761,13.06279],[77.677646,13.062782],[77.677696,13.062764],[77.677801,13.062765],[77.678203,13.062744],[77.678236,13.062742],[77.678804,13.062736],[77.678968,13.062786],[77.678978,13.062818],[77.67899,13.062858],[77.679179,13.062574],[77.679505,13.061947],[77.679485,13.061257],[77.67933,13.060979],[77.679295,13.060522],[77.679295,13.060487],[77.679295,13.060452],[77.679293,13.060272],[77.679307,13.059862],[77.679333,13.059524],[77.679444,13.058583],[77.679397,13.058493],[77.679333,13.05837],[77.679178,13.058099],[77.679111,13.058005],[77.679002,13.058024],[77.678958,13.057822],[77.67907,13.057525],[77.679172,13.057541],[77.679213,13.057372],[77.67936,13.056527],[77.679373,13.05645],[77.679426,13.055768],[77.679404,13.055723],[77.679382,13.055679],[77.679308,13.055532],[77.679247,13.055485],[77.678899,13.055219],[77.678804,13.054887],[77.678757,13.054472],[77.678751,13.054431],[77.678745,13.05439],[77.6787,13.054101],[77.678659,13.053833],[77.678453,13.052704],[77.678371,13.052401],[77.678375,13.052347],[77.678375,13.052347],[77.678554,13.052363],[77.678663,13.052361],[77.678755,13.052361],[77.678862,13.052353],[77.678892,13.052353],[77.678921,13.052354],[77.679397,13.052388],[77.679939,13.052412],[77.680191,13.052247],[77.68058,13.05199],[77.680874,13.051838],[77.680968,13.051786],[77.68103,13.051752],[77.681063,13.051734],[77.681659,13.051249],[77.681691,13.051225],[77.681723,13.0512],[77.68266,13.050468],[77.683338,13.04995],[77.683606,13.04922],[77.684192,13.047504],[77.684453,13.046719],[77.684757,13.04581],[77.684945,13.04527],[77.684951,13.045166],[77.684927,13.044771],[77.684856,13.044018],[77.684872,13.043423],[77.684876,13.042907],[77.684842,13.042773],[77.684784,13.042407],[77.684679,13.041752],[77.684661,13.041625],[77.684601,13.041399],[77.684635,13.041086],[77.684616,13.040952],[77.684643,13.040924],[77.684586,13.040857],[77.684542,13.040718],[77.684474,13.040525],[77.684459,13.040433],[77.68448,13.040208],[77.684494,13.040161],[77.684385,13.039693],[77.684293,13.039399],[77.684261,13.038989],[77.684244,13.038759],[77.684153,13.03824],[77.684046,13.037704],[77.684029,13.037619],[77.683913,13.03733],[77.683913,13.03733],[77.68393,13.037141],[77.683933,13.036993],[77.683996,13.036675],[77.683884,13.036275],[77.683858,13.036064],[77.683822,13.035793],[77.68381,13.03554],[77.683794,13.035392],[77.68374,13.035195],[77.683738,13.034969],[77.683619,13.03476],[77.683614,13.034381],[77.683654,13.034177],[77.683631,13.033809],[77.683601,13.033617],[77.683595,13.033473],[77.683574,13.033225],[77.683539,13.03312],[77.683691,13.033206],[77.685106,13.03338],[77.686321,13.033501],[77.686569,13.033499],[77.686689,13.03349],[77.686881,13.033476],[77.687032,13.033427],[77.687924,13.033236],[77.688082,13.033202],[77.688208,13.033176],[77.688591,13.033039],[77.688856,13.032944],[77.689259,13.032859],[77.690348,13.032662],[77.690855,13.032558],[77.691485,13.031444],[77.691932,13.030752],[77.693118,13.028887],[77.693846,13.027748],[77.694404,13.026725],[77.694537,13.02675],[77.695025,13.026774],[77.695655,13.026829],[77.69609,13.026892],[77.696407,13.026918],[77.696584,13.026932],[77.696615,13.026935],[77.696999,13.026971],[77.697748,13.027058],[77.698473,13.027155],[77.699571,13.027298],[77.699791,13.027326],[77.700492,13.027429],[77.700627,13.027433],[77.701698,13.027438],[77.701684,13.027403],[77.701688,13.027372],[77.701521,13.026445],[77.701331,13.025317],[77.701269,13.024966],[77.701697,13.025141],[77.701885,13.025218],[77.702345,13.025393],[77.702683,13.025525],[77.703275,13.025752],[77.703842,13.025892],[77.704099,13.025952],[77.704404,13.026012],[77.704461,13.026023],[77.70518,13.026152],[77.705446,13.0262],[77.705936,13.026283],[77.705963,13.026287],[77.707012,13.026075],[77.707687,13.025927],[77.707997,13.025876],[77.708021,13.025872],[77.708232,13.025784],[77.709244,13.025269],[77.709901,13.02566],[77.710709,13.026144],[77.711968,13.028218],[77.712067,13.028381],[77.712221,13.028564],[77.714658,13.031456],[77.715076,13.031931],[77.715083,13.031992],[77.715883,13.031856],[77.716011,13.031833],[77.716048,13.031825],[77.716083,13.031819],[77.716091,13.031646],[77.716143,13.031643],[77.717392,13.031557],[77.717341,13.031704],[77.717371,13.032917],[77.717405,13.032922],[77.71746,13.032932],[77.71811,13.033038],[77.718197,13.033057],[77.719583,13.033371],[77.720722,13.033771],[77.721179,13.033846],[77.72152,13.034115],[77.721518,13.034021],[77.721511,13.033807],[77.721625,13.033715],[77.72224,13.033574],[77.723182,13.03333],[77.723427,13.033267],[77.723958,13.033367],[77.724066,13.033318],[77.724229,13.032303],[77.724724,13.032249],[77.724723,13.032166],[77.724845,13.032157],[77.724875,13.032029],[77.7249,13.031487],[77.72483,13.031052],[77.724919,13.03044],[77.724752,13.029957],[77.724637,13.029221],[77.724751,13.028973],[77.724824,13.028813],[77.724861,13.028717],[77.725003,13.028343],[77.725106,13.027841],[77.725117,13.02778],[77.72525,13.027019],[77.725185,13.026489],[77.725181,13.026391],[77.725168,13.025785],[77.725677,13.025755],[77.725609,13.025717],[77.727355,13.023309],[77.729321,13.020371],[77.729438,13.020197],[77.729898,13.019686],[77.730056,13.018734],[77.729769,13.017592],[77.729462,13.016581],[77.729384,13.016323],[77.729377,13.016299],[77.729159,13.015637],[77.729142,13.015588],[77.729098,13.015463],[77.72906,13.015374],[77.7288,13.014757],[77.72866,13.014449],[77.728415,13.01326],[77.72828,13.011799],[77.728011,13.01048],[77.728695,13.010608],[77.729571,13.01071],[77.729571,13.01071],[77.729582,13.010712],[77.730249,13.010755],[77.730482,13.010783],[77.730493,13.010784],[77.730493,13.010784],[77.730933,13.010801],[77.731409,13.010821],[77.732128,13.010768],[77.732441,13.010801],[77.732842,13.010771],[77.733065,13.010667],[77.733894,13.010123],[77.734729,13.010514],[77.735671,13.010933],[77.736232,13.010762],[77.736232,13.010277],[77.736243,13.009769],[77.736248,13.00943],[77.736245,13.009118],[77.736161,13.008368],[77.736131,13.008138],[77.736101,13.007486],[77.736523,13.007829],[77.737203,13.007769],[77.737773,13.00768],[77.738143,13.007577],[77.738476,13.00762],[77.738506,13.007624],[77.738567,13.007645],[77.738896,13.007757],[77.739229,13.007807],[77.73985,13.007954],[77.740325,13.008052],[77.740774,13.008133],[77.740831,13.007871],[77.740941,13.00736],[77.74099,13.007147],[77.743147,13.007074],[77.743274,13.007072],[77.743366,13.007071],[77.743891,13.007137],[77.744252,13.007181],[77.744575,13.007195],[77.745154,13.007171],[77.745562,13.007119],[77.746188,13.007005],[77.746829,13.006821],[77.747168,13.006714],[77.74717,13.00673],[77.74719,13.006723],[77.74719,13.006723],[77.74719,13.006723],[77.747666,13.006629],[77.748059,13.006497],[77.748339,13.006416],[77.74896,13.00622],[77.74896,13.006221],[77.749002,13.006199],[77.74925,13.006108],[77.749475,13.006106],[77.749624,13.006145],[77.749828,13.00627],[77.750032,13.006407],[77.750153,13.006481],[77.75036,13.006551],[77.750743,13.006473],[77.750938,13.006437],[77.750983,13.006418],[77.75115,13.006345],[77.751529,13.006153],[77.751812,13.005965],[77.751954,13.005865],[77.752001,13.005818],[77.752162,13.005657],[77.752635,13.005199],[77.752811,13.005045],[77.752943,13.004926],[77.753163,13.004785],[77.753329,13.004653],[77.753535,13.004536],[77.753603,13.004515],[77.753643,13.004503],[77.753884,13.004487],[77.754018,13.004504],[77.754196,13.004537],[77.754365,13.00463],[77.754748,13.004851],[77.754886,13.004961],[77.755108,13.005289],[77.755124,13.005281],[77.75519,13.005238],[77.755298,13.005117],[77.755354,13.005078],[77.7555,13.00498],[77.755728,13.004847],[77.755778,13.004818],[77.756032,13.00467],[77.756127,13.004614],[77.756322,13.004494],[77.756446,13.004419],[77.757011,13.004142],[77.757016,13.004114],[77.757052,13.003926],[77.757143,13.003454],[77.757172,13.003308],[77.757229,13.003064],[77.75723,13.003059],[77.757377,13.002345],[77.757562,13.001455],[77.757683,13.000827],[77.757684,13.000828],[77.757725,13.000619],[77.757839,13.000085],[77.757913,12.999699],[77.757958,12.999523],[77.758008,12.99932],[77.758008,12.99932],[77.758239,12.998299],[77.758313,12.997914],[77.758347,12.997603],[77.758496,12.997006],[77.758512,12.996717],[77.758518,12.996598],[77.758511,12.996523],[77.757447,12.996685],[77.756583,12.996816],[77.754728,12.997098],[77.754722,12.997091],[77.753359,12.997303],[77.751072,12.997659],[77.75036,12.99777],[77.748101,12.998063],[77.747824,12.998099],[77.747751,12.998108],[77.74581,12.998511],[77.743532,12.998608],[77.742871,12.998636],[77.74124,12.998486],[77.738496,12.997904],[77.738184,12.997848],[77.736626,12.997569],[77.73467,12.997217],[77.734075,12.997112],[77.731419,12.996639],[77.730758,12.996521],[77.727153,12.995778],[77.726986,12.995746],[77.725615,12.995489],[77.725432,12.995455],[77.724306,12.995403],[77.723313,12.995398],[77.72278,12.995429],[77.721701,12.99549],[77.721672,12.995492],[77.720234,12.995759],[77.719969,12.995835],[77.719357,12.99601],[77.719071,12.996092],[77.716273,12.996763],[77.716036,12.99682],[77.715544,12.996946],[77.7144,12.997253],[77.713739,12.997432],[77.713329,12.997542],[77.712462,12.997742],[77.710696,12.99817],[77.709379,12.998492],[77.709043,12.99862],[77.709012,12.998627],[77.708743,12.998687],[77.708695,12.998697],[77.708505,12.998755],[77.708331,12.998807],[77.708174,12.998857],[77.708088,12.998873],[77.708007,12.998888],[77.707597,12.998974],[77.706363,12.999233],[77.705874,12.999308],[77.705041,12.999437],[77.704586,12.999508],[77.704238,12.999532],[77.704238,12.999532],[77.704154,12.999012],[77.70413,12.998855],[77.704074,12.998492],[77.704047,12.99832],[77.703984,12.998232],[77.703818,12.997991],[77.703755,12.997898],[77.703516,12.997539],[77.703461,12.997522],[77.703458,12.997514],[77.703451,12.997494],[77.70345,12.997486],[77.703441,12.997409],[77.703207,12.997276],[77.703176,12.997228],[77.703144,12.99719],[77.703031,12.997058],[77.703007,12.997029],[77.702904,12.996436],[77.702904,12.996435],[77.702763,12.996338],[77.702724,12.996205],[77.702609,12.995813],[77.702755,12.99573],[77.702828,12.995689],[77.702732,12.995229],[77.702769,12.995194],[77.702607,12.994759],[77.702493,12.994452],[77.702292,12.993913],[77.702262,12.993833],[77.702249,12.993798],[77.7022,12.99381],[77.701713,12.993934],[77.701701,12.993938],[77.701296,12.994037],[77.701122,12.994081],[77.69985,12.99439],[77.699098,12.994649],[77.698746,12.994772],[77.698067,12.994995],[77.69801,12.995015],[77.697056,12.995188],[77.695983,12.99533],[77.694967,12.995599],[77.694664,12.995761],[77.694588,12.995802],[77.694117,12.995979],[77.693869,12.996073],[77.693676,12.996147],[77.693061,12.996389],[77.692641,12.996521],[77.692305,12.996626],[77.691628,12.996836],[77.690672,12.997264],[77.690604,12.996856],[77.690406,12.996331],[77.690185,12.995968],[77.689877,12.995475],[77.689622,12.994913],[77.689595,12.994834],[77.689291,12.993971],[77.689231,12.993786],[77.689125,12.993456],[77.689059,12.993209],[77.688985,12.992931],[77.688806,12.992415],[77.688603,12.992176],[77.688509,12.992046],[77.688518,12.992042],[77.688685,12.991965],[77.688773,12.991923],[77.688968,12.991869],[77.689374,12.991756],[77.689497,12.991719],[77.689681,12.991663],[77.689825,12.991659],[77.689837,12.991658],[77.689921,12.991654],[77.690036,12.991648],[77.690222,12.991644],[77.690516,12.991641],[77.690612,12.991634],[77.69076,12.991597],[77.690894,12.991561],[77.691159,12.991462],[77.691402,12.991371],[77.692134,12.991031],[77.692703,12.99074],[77.693116,12.990539],[77.693247,12.990495],[77.693494,12.990415],[77.693498,12.990417],[77.693621,12.990395],[77.694095,12.990314],[77.694289,12.990297],[77.694411,12.990346],[77.694522,12.990388],[77.694782,12.990324],[77.695001,12.990323],[77.695145,12.990375],[77.695319,12.990346],[77.695563,12.990279],[77.695555,12.98899],[77.695715,12.988771],[77.695577,12.98767],[77.695593,12.986698],[77.69582,12.983973],[77.695849,12.983922],[77.695842,12.9838],[77.695827,12.983578],[77.695815,12.983321],[77.695785,12.983059],[77.695752,12.982821],[77.695701,12.982467],[77.695673,12.982349],[77.695619,12.982222],[77.69556,12.982109],[77.695543,12.982075],[77.695477,12.981954],[77.695375,12.98179],[77.695302,12.981583],[77.695255,12.981432],[77.695211,12.981248],[77.695183,12.981121],[77.695116,12.981199],[77.695056,12.981232],[77.694971,12.981263],[77.694601,12.98133],[77.694499,12.981384],[77.694439,12.98144],[77.694415,12.98147],[77.694372,12.981566],[77.694359,12.981561],[77.694327,12.981556],[77.69424,12.981546],[77.694163,12.981534],[77.694094,12.981527],[77.694008,12.981527],[77.693927,12.981531],[77.693861,12.981538],[77.693771,12.981546],[77.693749,12.98155],[77.693625,12.981577],[77.693587,12.981583],[77.693539,12.981588],[77.693521,12.981587],[77.693501,12.981583],[77.693316,12.981873],[77.692349,12.981874],[77.692265,12.981864],[77.69223,12.98186],[77.692128,12.981832],[77.692052,12.981795],[77.691614,12.981555],[77.691604,12.981538],[77.690178,12.981799],[77.689693,12.980622],[77.688822,12.978507],[77.687187,12.97943],[77.687047,12.979371],[77.686807,12.979506],[77.686448,12.979075],[77.686016,12.97877],[77.685607,12.978417],[77.685633,12.978384],[77.684988,12.978076],[77.6849,12.978034],[77.684558,12.977043],[77.684294,12.976522],[77.684004,12.975949],[77.684171,12.975902],[77.684273,12.975789],[77.684271,12.975636],[77.684302,12.975499],[77.684539,12.975378],[77.684938,12.975119],[77.685287,12.974933],[77.685426,12.97491],[77.685509,12.974863],[77.685559,12.974754],[77.685639,12.974685],[77.685741,12.974652],[77.685781,12.974583],[77.685833,12.974325],[77.685833,12.974324],[77.685824,12.974204],[77.685844,12.974037],[77.685902,12.973948],[77.686108,12.973763],[77.686822,12.973218],[77.686824,12.973118],[77.686843,12.973099],[77.686683,12.972089],[77.686473,12.971585],[77.686363,12.971216],[77.686333,12.971113],[77.686093,12.970302],[77.686413,12.970226],[77.68646,12.970212],[77.68639,12.97013],[77.68637,12.9701],[77.686356,12.970079],[77.686329,12.970016],[77.686315,12.96998],[77.686309,12.969964],[77.686308,12.969947],[77.686306,12.969876],[77.686308,12.969847],[77.686311,12.969823],[77.686315,12.969791],[77.68633,12.969758],[77.686351,12.969725],[77.686372,12.969697],[77.68639,12.969684],[77.686431,12.969668],[77.686443,12.969662],[77.686478,12.969652],[77.686536,12.969633],[77.686597,12.96962],[77.686601,12.96962],[77.68668,12.969603],[77.686735,12.969588],[77.686782,12.969567],[77.686808,12.969556],[77.686822,12.969549],[77.686837,12.969542],[77.686894,12.969504],[77.686911,12.969493],[77.686949,12.96947],[77.687,12.969448],[77.687046,12.969437],[77.687116,12.969425],[77.68712,12.969424],[77.687129,12.969423],[77.687166,12.969419],[77.687183,12.969416],[77.687251,12.969412],[77.687262,12.969412],[77.687269,12.969412],[77.687311,12.969408],[77.687338,12.969406],[77.687358,12.969402],[77.68737,12.9694],[77.6874,12.969385],[77.687429,12.969362],[77.687449,12.96934],[77.687471,12.969305],[77.687485,12.969278],[77.687502,12.96924],[77.687524,12.969206],[77.687561,12.969182],[77.687594,12.969169],[77.687629,12.969159],[77.687697,12.969137],[77.687722,12.969126],[77.687738,12.96912],[77.687771,12.969101],[77.687786,12.969088],[77.687806,12.969069],[77.687805,12.969057],[77.687789,12.968941],[77.687781,12.968894],[77.68777,12.968825],[77.687746,12.968822],[77.687746,12.968582],[77.687746,12.968324],[77.687743,12.968094],[77.68777,12.968095],[77.687778,12.967697],[77.687794,12.967275],[77.688298,12.967058],[77.688405,12.967012],[77.68843,12.966754],[77.688433,12.966721],[77.688865,12.962324],[77.689348,12.962168],[77.689568,12.961735],[77.689547,12.961592],[77.689609,12.961437],[77.689602,12.961222],[77.689594,12.96115],[77.689549,12.961146],[77.689499,12.960867],[77.689263,12.96017],[77.689237,12.959997],[77.689375,12.957729],[77.689519,12.955825],[77.689635,12.95542],[77.688484,12.955211],[77.687534,12.955059],[77.687953,12.954618],[77.688353,12.954224],[77.688653,12.953969],[77.689022,12.953612],[77.689203,12.953408],[77.689251,12.953354],[77.68934,12.953202],[77.68939,12.95304],[77.689433,12.952637],[77.689482,12.951785],[77.689487,12.95114],[77.689459,12.950655],[77.689414,12.950297],[77.689329,12.950011],[77.689118,12.949673],[77.688878,12.949428],[77.688725,12.94933],[77.688671,12.949294],[77.688591,12.949269],[77.688194,12.949141],[77.687513,12.949017],[77.686853,12.948961],[77.686368,12.948919],[77.686129,12.948899],[77.685995,12.948887],[77.685464,12.948837],[77.684693,12.948782],[77.68436,12.94875],[77.683975,12.948715],[77.683228,12.948654],[77.682843,12.948618],[77.68234,12.948571],[77.682228,12.948562],[77.681763,12.948523],[77.681479,12.948498],[77.6807,12.948424],[77.680686,12.948422],[77.680472,12.948364],[77.68033,12.94831],[77.680186,12.948244],[77.680045,12.948209],[77.680022,12.948209],[77.67978,12.948213],[77.679731,12.948214],[77.679461,12.94819],[77.679422,12.94819],[77.679156,12.948188],[77.67899,12.94819],[77.678673,12.948195],[77.67859,12.948197],[77.678195,12.948214],[77.677704,12.948294],[77.677385,12.948324],[77.677364,12.948324],[77.677268,12.948328],[77.676756,12.948405],[77.676401,12.948466],[77.676037,12.948525],[77.675631,12.948598],[77.675421,12.948627],[77.675318,12.948637],[77.675229,12.948664],[77.675031,12.948617],[77.674822,12.94856],[77.674328,12.948426],[77.673954,12.94833],[77.673562,12.948235],[77.67327,12.948156],[77.672978,12.948097],[77.672956,12.948023],[77.672948,12.947899],[77.670897,12.947853],[77.670876,12.947117],[77.669367,12.946979],[77.669295,12.946998],[77.669256,12.947033],[77.669234,12.947081],[77.669138,12.947012],[77.669032,12.946984],[77.668707,12.946964],[77.668308,12.946887],[77.668394,12.94651],[77.666548,12.946369],[77.666558,12.946261],[77.666559,12.946237],[77.666556,12.946091],[77.666481,12.94608],[77.666031,12.946],[77.665545,12.945944],[77.664948,12.94588],[77.66475,12.94587],[77.664695,12.945838],[77.664599,12.945731],[77.664564,12.945646],[77.664545,12.945531],[77.664315,12.944657],[77.664242,12.944501],[77.664238,12.944493],[77.664158,12.944445],[77.663863,12.944444],[77.66344,12.944474],[77.663072,12.94447],[77.662742,12.944451],[77.662612,12.944444],[77.662536,12.944486],[77.662508,12.944531],[77.662493,12.944676],[77.662555,12.945478],[77.662561,12.946308],[77.662572,12.946508],[77.662485,12.94665],[77.662267,12.946743],[77.661871,12.946883],[77.661032,12.947184],[77.660396,12.947419],[77.659959,12.947556],[77.659789,12.947572],[77.659247,12.947542],[77.658435,12.947489],[77.657231,12.947433],[77.656397,12.947384],[77.656112,12.947365],[77.655772,12.947364],[77.655575,12.947401],[77.655381,12.947455],[77.654823,12.947626],[77.654679,12.947684],[77.654649,12.947695],[77.654541,12.947692],[77.653912,12.947676],[77.652862,12.947581],[77.651889,12.947495],[77.650796,12.947406],[77.650517,12.947385],[77.649816,12.947332],[77.649478,12.947332],[77.649374,12.947401],[77.649325,12.947435],[77.649317,12.947445],[77.649282,12.947475],[77.649191,12.947594],[77.649089,12.947747],[77.649064,12.947819],[77.649051,12.947902],[77.649039,12.948096],[77.649053,12.948346],[77.649079,12.948513],[77.649185,12.948897],[77.649255,12.949072],[77.649375,12.949228],[77.649544,12.949482],[77.65038,12.950466],[77.650542,12.950638],[77.650883,12.950934],[77.651343,12.951312],[77.651518,12.95144],[77.651758,12.951575],[77.651974,12.951654],[77.651966,12.951677],[77.652141,12.951731],[77.65224,12.951784],[77.652298,12.951837],[77.652321,12.951884],[77.652365,12.952027],[77.652463,12.952327],[77.652521,12.952507],[77.652524,12.952523],[77.652897,12.952545],[77.653338,12.95257],[77.653693,12.952591],[77.653835,12.952604],[77.654312,12.95265],[77.655267,12.952711],[77.655277,12.952712],[77.655434,12.952722],[77.655525,12.952729],[77.65586,12.952753],[77.656168,12.952776],[77.65733,12.95286],[77.658022,12.952895],[77.658405,12.952915],[77.658414,12.952916],[77.658729,12.952936],[77.659026,12.952924],[77.659207,12.952918],[77.659478,12.952907],[77.659777,12.952895],[77.660015,12.952886],[77.660074,12.952885],[77.660983,12.952869],[77.66099,12.95323],[77.660998,12.953627],[77.661001,12.953795],[77.661011,12.954038],[77.661012,12.954065],[77.660992,12.954328],[77.661999,12.954288],[77.662368,12.954237],[77.662395,12.954587],[77.662396,12.954599],[77.6624,12.954784],[77.662387,12.954919],[77.661776,12.954955],[77.661818,12.955393],[77.661675,12.955417],[77.660847,12.955419],[77.660856,12.955461],[77.660891,12.955587],[77.660911,12.955657],[77.660913,12.955666],[77.66097,12.955692],[77.661812,12.955727],[77.661895,12.955714],[77.66191,12.955659],[77.662179,12.955687],[77.662355,12.955688],[77.662382,12.955686],[77.66337,12.955722],[77.663048,12.956707],[77.663029,12.956828],[77.663041,12.956872],[77.66312,12.95718],[77.66319,12.957432],[77.663374,12.958092],[77.66338,12.958118],[77.663582,12.958892],[77.663588,12.958916],[77.663588,12.958916],[77.663582,12.958892],[77.663477,12.958916],[77.663077,12.959022],[77.662879,12.959057],[77.662879,12.959058]]]},"properties":{"Corporatio":"East","Zone":"Zone2","_folder":"zones"}},{"type":"Feature","geometry":{"type":"Polygon","coordinates":[[[77.56595,12.93991],[77.565923,12.939757],[77.565907,12.939332],[77.564478,12.939302],[77.564339,12.939299],[77.56403,12.939302],[77.563973,12.939305],[77.564044,12.939426],[77.564204,12.939695],[77.564289,12.939841],[77.564402,12.940031],[77.564979,12.941007],[77.565032,12.941334],[77.565099,12.941747],[77.564346,12.94174],[77.564296,12.941738],[77.564289,12.94219],[77.564285,12.942495],[77.564285,12.94258],[77.564283,12.942889],[77.564282,12.942918],[77.564281,12.943117],[77.564279,12.943203],[77.564279,12.943233],[77.564271,12.943537],[77.56427,12.943573],[77.564268,12.943668],[77.564264,12.943855],[77.564263,12.943866],[77.564263,12.943866],[77.564256,12.944177],[77.564256,12.944187],[77.564251,12.944388],[77.564249,12.944473],[77.56425,12.944694],[77.56425,12.944703],[77.56425,12.944755],[77.564249,12.945226],[77.564249,12.945258],[77.564248,12.945527],[77.564245,12.945746],[77.56424,12.9461],[77.564239,12.946199],[77.564235,12.946488],[77.564229,12.946632],[77.564228,12.946648],[77.564228,12.946648],[77.564221,12.946806],[77.564202,12.947179],[77.564203,12.947201],[77.564207,12.947277],[77.564227,12.947712],[77.564236,12.948274],[77.564237,12.948353],[77.564238,12.948397],[77.564239,12.948506],[77.564239,12.948519],[77.564111,12.948594],[77.563992,12.948628],[77.56393,12.948632],[77.56391,12.948633],[77.563824,12.948639],[77.563793,12.948649],[77.563758,12.948674],[77.563658,12.948715],[77.563441,12.948795],[77.563205,12.948911],[77.562981,12.949039],[77.562967,12.949047],[77.562826,12.949106],[77.562772,12.949111],[77.562679,12.94909],[77.562601,12.949051],[77.56252,12.94902],[77.5624,12.948961],[77.562354,12.948939],[77.562305,12.948919],[77.562191,12.948875],[77.561634,12.949238],[77.561495,12.949258],[77.561495,12.949356],[77.561603,12.949447],[77.561735,12.94959],[77.561859,12.949688],[77.561878,12.949705],[77.561904,12.949726],[77.561934,12.949747],[77.56197,12.949767],[77.562121,12.949909],[77.562214,12.950047],[77.562272,12.950358],[77.562285,12.950647],[77.562285,12.950647],[77.562293,12.95081],[77.561897,12.95145],[77.56182,12.951599],[77.56182,12.951599],[77.561794,12.95165],[77.561791,12.952192],[77.561783,12.952276],[77.561762,12.952509],[77.561759,12.952547],[77.561692,12.953368],[77.561692,12.953368],[77.561656,12.953366],[77.561202,12.953342],[77.561024,12.953365],[77.560763,12.953468],[77.560594,12.953554],[77.560481,12.953611],[77.560357,12.953655],[77.560258,12.953664],[77.560108,12.953683],[77.559811,12.95368],[77.559661,12.953646],[77.559504,12.95358],[77.559347,12.953506],[77.559131,12.953396],[77.558808,12.953219],[77.558616,12.953188],[77.558478,12.953187],[77.558478,12.953183],[77.558482,12.953132],[77.557898,12.953169],[77.557597,12.953188],[77.556534,12.95326],[77.556314,12.952954],[77.555969,12.952405],[77.555908,12.952277],[77.55579,12.952028],[77.555685,12.951749],[77.55565,12.951658],[77.555792,12.951595],[77.555826,12.951582],[77.556079,12.951501],[77.556188,12.951439],[77.556308,12.951372],[77.556437,12.951339],[77.556568,12.951312],[77.556653,12.95129],[77.556719,12.951261],[77.556802,12.951217],[77.556913,12.951208],[77.556993,12.951207],[77.557045,12.95121],[77.55714,12.951181],[77.557278,12.951061],[77.557372,12.950955],[77.55743,12.950887],[77.557496,12.950847],[77.557587,12.950816],[77.557613,12.950784],[77.557627,12.950676],[77.557641,12.950613],[77.557648,12.950494],[77.557665,12.950415],[77.557745,12.950348],[77.557845,12.950337],[77.557973,12.950318],[77.558064,12.950314],[77.558079,12.950288],[77.558073,12.950142],[77.557838,12.950137],[77.557829,12.950138],[77.557502,12.950103],[77.557391,12.950092],[77.557174,12.950059],[77.556996,12.950033],[77.556767,12.949969],[77.556764,12.949972],[77.556756,12.949982],[77.556721,12.950013],[77.556688,12.950052],[77.556564,12.950141],[77.556354,12.950251],[77.556169,12.950312],[77.556037,12.95033],[77.55582,12.950358],[77.555733,12.950375],[77.555697,12.950382],[77.555576,12.950402],[77.555518,12.950422],[77.555482,12.950433],[77.554989,12.950563],[77.554796,12.949789],[77.554604,12.949843],[77.554536,12.949982],[77.554403,12.950212],[77.554254,12.950542],[77.553948,12.950733],[77.553756,12.950758],[77.553623,12.950787],[77.553535,12.950803],[77.553447,12.950814],[77.553427,12.950817],[77.553359,12.950824],[77.55329,12.95083],[77.553197,12.950826],[77.553128,12.950807],[77.552946,12.950655],[77.552767,12.950563],[77.552726,12.950616],[77.552256,12.951231],[77.552091,12.951446],[77.551959,12.951609],[77.551808,12.951795],[77.551674,12.951958],[77.551583,12.952071],[77.551477,12.951982],[77.55147,12.951993],[77.551463,12.952006],[77.551369,12.95209],[77.551322,12.952106],[77.551212,12.952132],[77.551161,12.952126],[77.551093,12.952102],[77.550898,12.952059],[77.550825,12.952087],[77.550723,12.952133],[77.550484,12.95214],[77.549503,12.952284],[77.549131,12.952352],[77.549123,12.952348],[77.549157,12.952639],[77.549187,12.952899],[77.549188,12.952902],[77.549215,12.953172],[77.549218,12.953202],[77.549238,12.953388],[77.549243,12.953463],[77.549263,12.953737],[77.549264,12.953744],[77.549264,12.953751],[77.549274,12.954005],[77.549288,12.954347],[77.549295,12.954393],[77.549346,12.954731],[77.549581,12.954711],[77.549567,12.954729],[77.549461,12.954858],[77.549307,12.955044],[77.549215,12.955192],[77.548969,12.955588],[77.548467,12.956455],[77.548405,12.956569],[77.548376,12.956622],[77.548069,12.957177],[77.547914,12.957457],[77.547728,12.957793],[77.547591,12.95804],[77.547244,12.958668],[77.547238,12.95868],[77.547122,12.958906],[77.547083,12.95898],[77.547082,12.958983],[77.547082,12.958983],[77.547083,12.95898],[77.54687,12.959364],[77.546865,12.959373],[77.546631,12.959793],[77.546627,12.959801],[77.546622,12.95981],[77.546379,12.96028],[77.546318,12.960397],[77.54629,12.960451],[77.546257,12.960513],[77.546235,12.960556],[77.546067,12.960844],[77.54582,12.961265],[77.54577,12.961351],[77.545738,12.9614],[77.545593,12.961623],[77.545514,12.961746],[77.545472,12.96181],[77.545213,12.962179],[77.545171,12.962238],[77.545267,12.962326],[77.545349,12.9624],[77.545396,12.962446],[77.545419,12.962468],[77.545444,12.962494],[77.545524,12.962594],[77.545546,12.962657],[77.545528,12.96269],[77.545525,12.962692],[77.54543,12.962749],[77.545354,12.962809],[77.545146,12.962913],[77.544952,12.962993],[77.544749,12.963099],[77.544678,12.963152],[77.544601,12.963209],[77.54455,12.963312],[77.544424,12.963281],[77.544209,12.963555],[77.543931,12.963909],[77.543865,12.963993],[77.543904,12.964025],[77.544353,12.96422],[77.544635,12.964268],[77.544635,12.964268],[77.544715,12.964281],[77.54477,12.964291],[77.545375,12.964265],[77.54569,12.964252],[77.546001,12.96424],[77.546372,12.964301],[77.547044,12.964532],[77.547485,12.964683],[77.547789,12.964787],[77.548495,12.965141],[77.548503,12.965147],[77.548503,12.965147],[77.548507,12.96515],[77.548626,12.965231],[77.54879,12.965344],[77.548815,12.965361],[77.548943,12.965467],[77.54905,12.965555],[77.549341,12.965794],[77.550063,12.966389],[77.550507,12.966953],[77.550762,12.967277],[77.550944,12.967506],[77.551019,12.967602],[77.551123,12.967707],[77.551185,12.967768],[77.551225,12.967808],[77.551592,12.968049],[77.551866,12.968149],[77.552073,12.968225],[77.55215,12.968246],[77.552646,12.968383],[77.552778,12.968419],[77.553165,12.968529],[77.553491,12.968621],[77.554058,12.968772],[77.554418,12.968868],[77.554486,12.968887],[77.554497,12.968889],[77.554501,12.96889],[77.55558,12.969176],[77.555663,12.969198],[77.556113,12.969298],[77.556534,12.969403],[77.556864,12.969394],[77.557113,12.969384],[77.557158,12.970015],[77.557176,12.970289],[77.557186,12.970286],[77.557356,12.970251],[77.557375,12.970246],[77.557533,12.970944],[77.557543,12.970985],[77.557699,12.971876],[77.557709,12.971935],[77.557722,12.971985],[77.557791,12.972252],[77.557911,12.972721],[77.557923,12.972791],[77.557925,12.972807],[77.557942,12.972941],[77.557951,12.972987],[77.557979,12.97302],[77.55795,12.973719],[77.557897,12.973739],[77.558361,12.974531],[77.558368,12.974547],[77.558413,12.974639],[77.558451,12.974719],[77.558458,12.974752],[77.55848,12.974851],[77.558531,12.974976],[77.558531,12.974976],[77.558669,12.975318],[77.558703,12.975547],[77.558712,12.975736],[77.558653,12.975734],[77.558127,12.975716],[77.557756,12.975704],[77.557563,12.975694],[77.556758,12.97565],[77.556247,12.975636],[77.556247,12.975636],[77.555476,12.975614],[77.554493,12.975574],[77.554822,12.976266],[77.555066,12.976816],[77.555162,12.977033],[77.555206,12.977101],[77.555446,12.977484],[77.555918,12.977755],[77.556195,12.977937],[77.556357,12.978043],[77.556655,12.978216],[77.556892,12.978311],[77.557034,12.978369],[77.557354,12.978521],[77.557581,12.978597],[77.557636,12.978615],[77.557861,12.978725],[77.558013,12.978783],[77.558119,12.978825],[77.558283,12.978842],[77.558437,12.978829],[77.558559,12.978841],[77.558568,12.978842],[77.5587,12.978843],[77.558843,12.978862],[77.558939,12.978893],[77.558956,12.978913],[77.559019,12.97899],[77.559112,12.979161],[77.559195,12.979509],[77.559181,12.979743],[77.559211,12.979876],[77.559253,12.979936],[77.559272,12.979874],[77.559249,12.97995],[77.559605,12.980078],[77.559816,12.980127],[77.560098,12.980188],[77.560354,12.980227],[77.560529,12.98029],[77.560631,12.980361],[77.56076,12.980461],[77.560842,12.980583],[77.560982,12.980954],[77.560988,12.981039],[77.561135,12.981576],[77.561182,12.981758],[77.561264,12.981823],[77.561479,12.981874],[77.561729,12.981916],[77.561652,12.982323],[77.561584,12.982661],[77.561577,12.9827],[77.561458,12.98302],[77.561398,12.983477],[77.561386,12.983702],[77.561373,12.983934],[77.561357,12.984073],[77.561351,12.984132],[77.561231,12.984453],[77.561101,12.98471],[77.561039,12.984827],[77.561006,12.984886],[77.560976,12.98511],[77.560996,12.985593],[77.561045,12.985808],[77.561044,12.98583],[77.561038,12.985927],[77.560924,12.986199],[77.560806,12.986545],[77.560785,12.986689],[77.560835,12.986768],[77.560881,12.986839],[77.561031,12.98696],[77.561266,12.987042],[77.561537,12.987119],[77.561816,12.987186],[77.561848,12.987204],[77.561858,12.987279],[77.56185,12.98738],[77.561766,12.987522],[77.561634,12.987653],[77.561632,12.987656],[77.561557,12.98777],[77.561485,12.988069],[77.561483,12.988078],[77.56145,12.988282],[77.561626,12.988288],[77.561657,12.988288],[77.561919,12.988289],[77.561954,12.988287],[77.561963,12.988286],[77.562133,12.98828],[77.562281,12.988273],[77.562293,12.988271],[77.562344,12.988269],[77.562651,12.988257],[77.562899,12.988239],[77.563231,12.988217],[77.563537,12.988203],[77.563666,12.988203],[77.563679,12.988202],[77.563703,12.988202],[77.563956,12.988183],[77.563961,12.988262],[77.56399,12.988363],[77.565104,12.988301],[77.56511,12.988507],[77.565111,12.988536],[77.565781,12.98851],[77.566256,12.988493],[77.566604,12.988477],[77.566809,12.988467],[77.567234,12.988436],[77.567314,12.988434],[77.567392,12.988432],[77.567428,12.988431],[77.567721,12.988413],[77.567933,12.988396],[77.567932,12.988421],[77.567936,12.988619],[77.567938,12.988708],[77.567938,12.988732],[77.567931,12.988997],[77.567925,12.989276],[77.567921,12.98948],[77.567917,12.989656],[77.567915,12.989755],[77.567909,12.99013],[77.567905,12.990361],[77.567902,12.990542],[77.567891,12.991172],[77.56789,12.991226],[77.567855,12.992053],[77.567843,12.992327],[77.567821,12.99306],[77.567811,12.99338],[77.56833,12.993369],[77.567732,12.994119],[77.567496,12.994415],[77.567187,12.994779],[77.567179,12.994788],[77.56702,12.995116],[77.566869,12.995359],[77.566789,12.995487],[77.566577,12.995829],[77.566426,12.996074],[77.566262,12.99634],[77.5661,12.996609],[77.56611,12.996614],[77.566136,12.996624],[77.566306,12.996687],[77.566335,12.996701],[77.566408,12.996737],[77.566596,12.996817],[77.566787,12.996857],[77.566916,12.996859],[77.567112,12.996852],[77.567637,12.996797],[77.567775,12.996793],[77.567964,12.996789],[77.568142,12.996781],[77.568493,12.996765],[77.568533,12.996762],[77.568728,12.996753],[77.569429,12.99682],[77.569523,12.996828],[77.570425,12.996827],[77.57101,12.996843],[77.57101,12.996843],[77.571442,12.996856],[77.571442,12.996856],[77.571456,12.996856],[77.571433,12.997607],[77.571412,12.998295],[77.571383,12.999232],[77.571382,12.999267],[77.571357,13.000619],[77.571351,13.000997],[77.57134,13.001694],[77.571334,13.001873],[77.571334,13.001873],[77.571302,13.00285],[77.571295,13.003321],[77.571775,13.003331],[77.572102,13.003366],[77.572166,13.003372],[77.572192,13.003069],[77.572193,13.00305],[77.572213,13.002809],[77.572213,13.002805],[77.572257,13.00219],[77.572277,13.001862],[77.572277,13.001862],[77.572558,13.001859],[77.572579,13.001003],[77.572593,13.001003],[77.573136,13.001007],[77.573208,13.001007],[77.573296,13.001005],[77.573728,13.000994],[77.573776,13.000996],[77.573799,13.000961],[77.573832,13.000858],[77.573854,13.000602],[77.573855,13.000384],[77.57388,13.00003],[77.573886,12.999902],[77.57389,12.999812],[77.57394,12.99938],[77.573941,12.99937],[77.573975,12.998908],[77.573975,12.998906],[77.57398,12.998905],[77.574404,12.998908],[77.574624,12.998908],[77.575137,12.998908],[77.575148,12.998908],[77.575791,12.998912],[77.575955,12.998912],[77.576304,12.998917],[77.576395,12.998918],[77.576427,12.998919],[77.576599,12.998923],[77.576852,12.99892],[77.576907,12.998921],[77.576949,12.998926],[77.576999,12.998932],[77.577215,12.998987],[77.577523,12.999065],[77.577834,12.999159],[77.577947,12.999184],[77.578082,12.999193],[77.578227,12.999185],[77.578335,12.999161],[77.578433,12.999127],[77.578412,12.998882],[77.578401,12.998781],[77.578388,12.998724],[77.578375,12.998546],[77.578371,12.998398],[77.578369,12.998322],[77.578357,12.998085],[77.578353,12.998028],[77.578341,12.997871],[77.578334,12.997781],[77.578324,12.997662],[77.578319,12.997548],[77.578316,12.997504],[77.579446,12.997462],[77.579441,12.997336],[77.579445,12.997331],[77.58003,12.997291],[77.580839,12.997235],[77.580863,12.997261],[77.580866,12.997264],[77.581271,12.9977],[77.581569,12.998021],[77.581604,12.998058],[77.581874,12.99831],[77.582058,12.998482],[77.582084,12.998507],[77.582998,12.999251],[77.583157,12.999279],[77.583408,12.999325],[77.584186,12.999463],[77.584188,12.99941],[77.584163,12.999266],[77.584172,12.999098],[77.584243,12.998643],[77.584306,12.998059],[77.584361,12.997827],[77.585211,12.997712],[77.585266,12.997705],[77.585902,12.997634],[77.586329,12.997569],[77.586379,12.997562],[77.586485,12.997531],[77.586552,12.997505],[77.58658,12.997483],[77.586819,12.997329],[77.587311,12.996945],[77.587511,12.996797],[77.587996,12.996474],[77.588009,12.996467],[77.589095,12.995902],[77.589124,12.995886],[77.589491,12.995701],[77.589516,12.995681],[77.58955,12.99563],[77.589679,12.995329],[77.58968,12.995329],[77.591431,12.995385],[77.591482,12.995387],[77.591746,12.995399],[77.593462,12.995473],[77.59395,12.995482],[77.594176,12.995463],[77.594406,12.995425],[77.594676,12.995357],[77.595008,12.995213],[77.596103,12.99469],[77.596119,12.994711],[77.596198,12.994851],[77.596229,12.994981],[77.596254,12.994974],[77.596231,12.995061],[77.596112,12.995558],[77.595922,12.996431],[77.595822,12.997071],[77.595659,12.997747],[77.595572,12.998037],[77.595096,12.999616],[77.594978,12.999968],[77.594811,13.000471],[77.594659,13.00098],[77.594475,13.0015],[77.594383,13.001761],[77.59429,13.002102],[77.594195,13.002413],[77.594043,13.00291],[77.593776,13.003736],[77.593555,13.00446],[77.593439,13.004964],[77.593263,13.005654],[77.593328,13.005588],[77.593783,13.006535],[77.593968,13.00692],[77.594086,13.007201],[77.594241,13.007599],[77.594351,13.007889],[77.594436,13.008094],[77.594616,13.008835],[77.594752,13.009233],[77.594779,13.009218],[77.594989,13.009101],[77.594992,13.009106],[77.595341,13.010051],[77.595343,13.010074],[77.595351,13.010164],[77.595353,13.010169],[77.595479,13.010481],[77.595485,13.010494],[77.595486,13.010497],[77.595768,13.011217],[77.596242,13.011019],[77.596775,13.010838],[77.596817,13.010824],[77.596861,13.01081],[77.597249,13.010608],[77.597266,13.010599],[77.597838,13.010288],[77.598156,13.010122],[77.598341,13.010033],[77.598934,13.009747],[77.599133,13.009657],[77.599902,13.009309],[77.600356,13.009071],[77.60054,13.008975],[77.600736,13.008872],[77.601109,13.00869],[77.601303,13.008595],[77.601459,13.008518],[77.601562,13.008466],[77.601846,13.008325],[77.602416,13.008042],[77.602627,13.007937],[77.602906,13.007802],[77.602994,13.007759],[77.603529,13.007501],[77.604159,13.007196],[77.605044,13.006764],[77.605237,13.006669],[77.60494,13.005981],[77.604705,13.006065],[77.604607,13.005871],[77.604473,13.005601],[77.604311,13.00528],[77.60399,13.004676],[77.603797,13.004316],[77.603788,13.004275],[77.603805,13.003951],[77.603808,13.003892],[77.603855,13.003615],[77.60387,13.003528],[77.603765,13.003342],[77.603717,13.003269],[77.603603,13.003097],[77.603495,13.002933],[77.603299,13.002664],[77.60317,13.00248],[77.603036,13.00226],[77.602882,13.002008],[77.602799,13.001872],[77.602587,13.001559],[77.602435,13.001388],[77.602385,13.001357],[77.602332,13.001324],[77.602239,13.001321],[77.602106,13.001348],[77.601777,13.001397],[77.601516,13.001436],[77.60159,13.000505],[77.601702,13.000554],[77.601849,12.999876],[77.602395,12.999516],[77.603775,12.999084],[77.604276,12.998851],[77.604296,12.998844],[77.604358,12.998787],[77.604364,12.998783],[77.604598,12.998673],[77.60475,12.998572],[77.604784,12.99853],[77.6048,12.99851],[77.604868,12.998381],[77.604926,12.998185],[77.60495,12.998104],[77.604957,12.998081],[77.605039,12.997861],[77.605056,12.997826],[77.605093,12.997795],[77.605119,12.997794],[77.605366,12.99779],[77.605711,12.99779],[77.605999,12.99777],[77.606251,12.997759],[77.606383,12.997784],[77.606468,12.997823],[77.606524,12.997881],[77.606602,12.998462],[77.606721,12.999263],[77.606746,12.999425],[77.606768,12.999458],[77.60681,12.999475],[77.606851,12.999492],[77.606938,12.999501],[77.607085,12.999486],[77.607372,12.999428],[77.607627,12.999353],[77.608278,12.999122],[77.608769,12.998973],[77.608644,12.99881],[77.608285,12.998286],[77.60791,12.997745],[77.607389,12.996912],[77.606991,12.996276],[77.60655,12.995648],[77.606478,12.995537],[77.605669,12.994298],[77.605629,12.994241],[77.605424,12.994329],[77.605389,12.99434],[77.605255,12.994382],[77.604963,12.994473],[77.604651,12.994595],[77.604407,12.99469],[77.604191,12.994761],[77.603732,12.994913],[77.603695,12.994926],[77.603271,12.995069],[77.603138,12.995114],[77.602704,12.995227],[77.602217,12.995355],[77.602161,12.995368],[77.600676,12.9957],[77.600552,12.995689],[77.600436,12.995658],[77.600351,12.995634],[77.599319,12.995322],[77.598885,12.995211],[77.598141,12.994989],[77.597237,12.9947],[77.59713,12.994666],[77.596786,12.994596],[77.596577,12.994543],[77.596592,12.994443],[77.596593,12.994442],[77.598642,12.993647],[77.599189,12.99346],[77.600573,12.992898],[77.601264,12.992632],[77.601821,12.992485],[77.602395,12.992392],[77.602565,12.992379],[77.602857,12.992404],[77.603352,12.992497],[77.603665,12.992612],[77.603798,12.992686],[77.603872,12.992727],[77.60388,12.992658],[77.604253,12.992123],[77.604276,12.992091],[77.604338,12.99205],[77.604523,12.99197],[77.604553,12.99197],[77.60457,12.991957],[77.604631,12.991893],[77.604693,12.99176],[77.604784,12.991647],[77.604919,12.991437],[77.604981,12.99135],[77.605129,12.991063],[77.605208,12.990862],[77.605287,12.990642],[77.605317,12.990462],[77.605332,12.990295],[77.605363,12.99015],[77.605364,12.99015],[77.605421,12.990154],[77.605675,12.990155],[77.6057,12.990155],[77.606017,12.990147],[77.606041,12.990146],[77.606076,12.990145],[77.606393,12.990151],[77.60642,12.990154],[77.606629,12.990179],[77.606636,12.99018],[77.606892,12.990236],[77.606963,12.990258],[77.607062,12.990289],[77.607162,12.99032],[77.607166,12.99039],[77.607178,12.990618],[77.607205,12.990983],[77.607209,12.991084],[77.607229,12.99151],[77.607227,12.991657],[77.607251,12.992323],[77.607257,12.992503],[77.607274,12.993017],[77.607283,12.993072],[77.60731,12.993243],[77.607356,12.993406],[77.607404,12.993485],[77.607536,12.993538],[77.607727,12.993514],[77.608296,12.993487],[77.608497,12.993476],[77.608684,12.993466],[77.608815,12.993457],[77.608891,12.993416],[77.608951,12.993383],[77.609168,12.993191],[77.609485,12.992935],[77.609806,12.992683],[77.610283,12.992307],[77.610784,12.991993],[77.611099,12.991791],[77.611159,12.991753],[77.611452,12.991601],[77.611772,12.991497],[77.612215,12.991397],[77.61242,12.99134],[77.612593,12.991293],[77.613046,12.991081],[77.61329,12.990937],[77.613406,12.990868],[77.613859,12.990653],[77.613957,12.990597],[77.613967,12.990588],[77.614041,12.99052],[77.614996,12.989931],[77.61574,12.989503],[77.615788,12.989474],[77.616656,12.989012],[77.617205,12.988696],[77.617262,12.988655],[77.617301,12.988622],[77.617952,12.988031],[77.618228,12.98778],[77.61823,12.987778],[77.618277,12.987746],[77.618518,12.987582],[77.618781,12.987404],[77.619079,12.987182],[77.619307,12.987203],[77.62002,12.987265],[77.620077,12.987374],[77.621157,12.987489],[77.622546,12.987692],[77.622508,12.985922],[77.622498,12.985585],[77.622493,12.984115],[77.622515,12.983842],[77.622791,12.982444],[77.622928,12.98174],[77.623818,12.981812],[77.624558,12.981892],[77.624554,12.981871],[77.624353,12.980955],[77.624312,12.980902],[77.625005,12.980762],[77.625121,12.980763],[77.625331,12.980765],[77.625575,12.980767],[77.625502,12.980321],[77.625879,12.980265],[77.625694,12.979482],[77.626225,12.979379],[77.62625,12.979383],[77.626276,12.979394],[77.62631,12.979405],[77.62644,12.979414],[77.626441,12.97941],[77.626447,12.979381],[77.62644,12.979297],[77.626397,12.97915],[77.626382,12.979016],[77.626315,12.978753],[77.626294,12.978669],[77.626426,12.978677],[77.626702,12.978657],[77.627074,12.978589],[77.627349,12.978536],[77.627472,12.978512],[77.627773,12.978431],[77.628144,12.978307],[77.628407,12.978189],[77.628496,12.978132],[77.628494,12.97813],[77.628285,12.977917],[77.628043,12.977788],[77.627829,12.977724],[77.627569,12.977604],[77.627504,12.977574],[77.627322,12.977458],[77.627212,12.977353],[77.627143,12.977253],[77.627089,12.977174],[77.626984,12.976867],[77.626851,12.976508],[77.626838,12.976489],[77.626636,12.976192],[77.626581,12.976136],[77.626386,12.975936],[77.626122,12.975693],[77.625973,12.975556],[77.625545,12.975254],[77.625459,12.975188],[77.62535,12.975106],[77.625317,12.975082],[77.625275,12.97505],[77.624746,12.974712],[77.624574,12.974603],[77.623972,12.974235],[77.623776,12.974117],[77.623109,12.97371],[77.622935,12.973605],[77.622611,12.973411],[77.622275,12.973211],[77.622275,12.973211],[77.62191,12.972995],[77.621634,12.972827],[77.621032,12.972686],[77.620823,12.972668],[77.620277,12.97269],[77.620019,12.972725],[77.620019,12.972725],[77.619897,12.972742],[77.619684,12.972705],[77.619323,12.972479],[77.619301,12.972493],[77.618737,12.97262],[77.613853,12.973726],[77.614387,12.975303],[77.608922,12.977104],[77.608774,12.977151],[77.607614,12.977521],[77.606681,12.977821],[77.605481,12.978205],[77.605191,12.978298],[77.603416,12.978879],[77.602448,12.979196],[77.602448,12.979196],[77.602321,12.979237],[77.600915,12.979723],[77.599297,12.980283],[77.598419,12.980548],[77.598419,12.980548],[77.59776,12.980748],[77.597512,12.980544],[77.598001,12.979526],[77.598563,12.978317],[77.599317,12.976672],[77.599321,12.976665],[77.597532,12.975373],[77.596636,12.974721],[77.595683,12.973927],[77.595052,12.973444],[77.594512,12.972755],[77.593953,12.972024],[77.594433,12.96976],[77.594778,12.968189],[77.594947,12.967505],[77.594963,12.967393],[77.594977,12.96729],[77.594973,12.967232],[77.594961,12.967044],[77.595066,12.966569],[77.59516,12.966281],[77.595221,12.966173],[77.595325,12.966012],[77.595373,12.965939],[77.595421,12.965863],[77.595565,12.965641],[77.595592,12.965598],[77.595667,12.965488],[77.595764,12.965346],[77.595811,12.965282],[77.595859,12.965227],[77.595878,12.965204],[77.595943,12.96513],[77.596107,12.964995],[77.596249,12.964927],[77.596264,12.964924],[77.596399,12.964893],[77.596916,12.964847],[77.596861,12.964696],[77.596624,12.964192],[77.596486,12.963966],[77.596377,12.963793],[77.596263,12.96361],[77.595985,12.963277],[77.595951,12.963244],[77.595726,12.963034],[77.595685,12.963],[77.595198,12.962594],[77.595183,12.962581],[77.594946,12.962417],[77.594926,12.962404],[77.594828,12.962336],[77.594819,12.962332],[77.594819,12.962332],[77.594724,12.962234],[77.594543,12.96205],[77.594543,12.962049],[77.594535,12.962042],[77.594516,12.962022],[77.594069,12.960841],[77.594057,12.960809],[77.593792,12.960109],[77.593733,12.959961],[77.593127,12.958433],[77.592971,12.958042],[77.592971,12.958042],[77.592954,12.958],[77.592664,12.957221],[77.592664,12.957221],[77.592428,12.956589],[77.592226,12.956046],[77.592226,12.956046],[77.592233,12.95604],[77.592233,12.95604],[77.592239,12.956036],[77.592311,12.955982],[77.592383,12.955928],[77.592601,12.955751],[77.592754,12.955627],[77.592949,12.955477],[77.593604,12.954969],[77.594133,12.954568],[77.594498,12.95429],[77.594532,12.954266],[77.594565,12.954243],[77.594721,12.954122],[77.594765,12.954087],[77.595044,12.953875],[77.595134,12.953806],[77.595452,12.953563],[77.595578,12.953472],[77.595711,12.953375],[77.595939,12.953183],[77.596248,12.952939],[77.596568,12.95271],[77.59662,12.952671],[77.596783,12.952538],[77.59686,12.952476],[77.597005,12.952359],[77.597139,12.952219],[77.597309,12.952106],[77.597462,12.952008],[77.597522,12.951969],[77.597532,12.951962],[77.597701,12.951823],[77.597985,12.95158],[77.598093,12.951515],[77.598369,12.951297],[77.598457,12.951225],[77.598797,12.950945],[77.598808,12.950936],[77.598818,12.950927],[77.598832,12.950916],[77.598901,12.950859],[77.598996,12.950726],[77.599214,12.950581],[77.599214,12.950581],[77.599214,12.95058],[77.599244,12.950552],[77.599411,12.950394],[77.599519,12.95033],[77.599614,12.950273],[77.599879,12.95003],[77.600025,12.949939],[77.600101,12.94988],[77.600142,12.949848],[77.600237,12.949775],[77.600277,12.949766],[77.600483,12.94973],[77.600536,12.94974],[77.600604,12.9498],[77.600629,12.9498],[77.60071,12.949817],[77.600818,12.949846],[77.601025,12.949903],[77.601025,12.949903],[77.601295,12.949976],[77.601553,12.950046],[77.601594,12.950058],[77.601912,12.950147],[77.602189,12.950224],[77.602285,12.950251],[77.602285,12.950251],[77.6024,12.950283],[77.602488,12.950306],[77.602773,12.950378],[77.603087,12.950458],[77.60344,12.950548],[77.603456,12.950552],[77.603443,12.950509],[77.603369,12.950243],[77.603349,12.950185],[77.603152,12.949617],[77.603147,12.949602],[77.60308,12.949442],[77.602996,12.949238],[77.602919,12.949054],[77.602916,12.949046],[77.602899,12.949008],[77.60284,12.948872],[77.602833,12.948854],[77.602792,12.948759],[77.602746,12.948654],[77.602653,12.948439],[77.60263,12.948357],[77.60262,12.948325],[77.602582,12.948152],[77.602507,12.947825],[77.602502,12.947805],[77.60245,12.94758],[77.602426,12.947356],[77.602424,12.94721],[77.602423,12.947178],[77.602415,12.946974],[77.602434,12.946914],[77.602443,12.946888],[77.602444,12.94688],[77.602468,12.946642],[77.602486,12.946463],[77.602486,12.94646],[77.602517,12.946161],[77.602518,12.946059],[77.602518,12.946055],[77.602519,12.946013],[77.602552,12.94552],[77.602607,12.945254],[77.602607,12.945254],[77.602651,12.945043],[77.602676,12.944923],[77.602725,12.944684],[77.602784,12.944396],[77.602844,12.944096],[77.602848,12.943927],[77.602854,12.94379],[77.602864,12.943545],[77.602863,12.943423],[77.602862,12.943165],[77.602862,12.943161],[77.602788,12.942839],[77.602717,12.942528],[77.602717,12.942528],[77.602629,12.942139],[77.602024,12.942266],[77.601734,12.942326],[77.601443,12.942388],[77.601147,12.94245],[77.600948,12.942492],[77.600935,12.942495],[77.600899,12.942467],[77.600499,12.942536],[77.600499,12.942536],[77.60023,12.942583],[77.599731,12.94267],[77.599307,12.942745],[77.599287,12.942748],[77.59908,12.942789],[77.598967,12.942803],[77.598967,12.942803],[77.598678,12.94284],[77.598569,12.942867],[77.598499,12.942884],[77.598143,12.942938],[77.597975,12.942989],[77.597771,12.943053],[77.597255,12.943187],[77.597302,12.942879],[77.597382,12.942348],[77.59742,12.942042],[77.597456,12.941769],[77.597604,12.940293],[77.597628,12.940144],[77.597653,12.939991],[77.597659,12.939954],[77.597667,12.939937],[77.597667,12.939937],[77.597863,12.939437],[77.597863,12.939437],[77.598068,12.939044],[77.598474,12.938402],[77.598582,12.938277],[77.598754,12.938079],[77.599093,12.937778],[77.599377,12.937607],[77.599671,12.937512],[77.599933,12.937428],[77.600379,12.937337],[77.600484,12.937316],[77.601698,12.937089],[77.601694,12.93706],[77.601458,12.935741],[77.601143,12.934069],[77.601065,12.933657],[77.600996,12.933248],[77.600787,12.932004],[77.600705,12.931517],[77.600703,12.931356],[77.600676,12.930722],[77.600658,12.930582],[77.600599,12.930116],[77.600589,12.929928],[77.600539,12.929064],[77.600522,12.928763],[77.600513,12.928763],[77.60051,12.928708],[77.600496,12.928295],[77.599085,12.928329],[77.598546,12.928342],[77.598173,12.928352],[77.598028,12.928355],[77.597943,12.928357],[77.597428,12.92837],[77.597159,12.928376],[77.596427,12.928394],[77.596214,12.928399],[77.596166,12.9284],[77.59593,12.928406],[77.595883,12.928407],[77.595433,12.928417],[77.595379,12.928418],[77.595379,12.928418],[77.595361,12.928418],[77.594728,12.928431],[77.59473,12.928455],[77.594728,12.928431],[77.594177,12.928442],[77.593575,12.928454],[77.593561,12.928454],[77.592878,12.928468],[77.592498,12.928475],[77.592499,12.928508],[77.592499,12.928514],[77.592508,12.928808],[77.59251,12.928895],[77.592513,12.92902],[77.59252,12.929265],[77.592529,12.929598],[77.592537,12.929886],[77.592542,12.93006],[77.592544,12.930311],[77.592551,12.930557],[77.59257,12.931113],[77.592579,12.931433],[77.592594,12.931972],[77.592609,12.932538],[77.592613,12.932669],[77.592659,12.933685],[77.592686,12.934303],[77.592698,12.934485],[77.592699,12.934504],[77.592709,12.93465],[77.592709,12.934661],[77.592713,12.93479],[77.592715,12.934846],[77.592716,12.934884],[77.592728,12.935275],[77.592728,12.935291],[77.592724,12.935449],[77.592715,12.935734],[77.592705,12.93608],[77.592704,12.936103],[77.592704,12.936103],[77.5927,12.936205],[77.5927,12.936205],[77.591741,12.936339],[77.591306,12.936494],[77.591042,12.93667],[77.590624,12.936207],[77.590556,12.936128],[77.590116,12.936321],[77.589937,12.9355],[77.589645,12.935523],[77.589625,12.935524],[77.589623,12.935524],[77.589556,12.935573],[77.589519,12.935583],[77.589451,12.93564],[77.589384,12.935691],[77.589323,12.935742],[77.589244,12.935785],[77.589201,12.935805],[77.589173,12.935813],[77.589149,12.935813],[77.589135,12.935811],[77.589113,12.935803],[77.589061,12.93576],[77.588887,12.935634],[77.588729,12.93555],[77.588388,12.935449],[77.587938,12.935204],[77.587866,12.93517],[77.587816,12.935163],[77.587801,12.935163],[77.587779,12.935164],[77.587749,12.935166],[77.587703,12.935171],[77.587629,12.935198],[77.587554,12.935247],[77.587217,12.935501],[77.586709,12.93587],[77.586649,12.935928],[77.586559,12.936013],[77.586435,12.93622],[77.586363,12.936327],[77.586272,12.936399],[77.586139,12.936462],[77.585903,12.936544],[77.585903,12.936544],[77.585731,12.936604],[77.585296,12.936621],[77.585267,12.936622],[77.585108,12.936627],[77.58491,12.936632],[77.58491,12.936632],[77.584909,12.936633],[77.584515,12.936644],[77.584001,12.93666],[77.582747,12.936696],[77.581831,12.936723],[77.581831,12.936723],[77.580089,12.936774],[77.580087,12.936774],[77.580035,12.936775],[77.578815,12.938282],[77.578815,12.938282],[77.578103,12.939161],[77.577676,12.939689],[77.57768,12.939728],[77.577703,12.939966],[77.577737,12.940314],[77.577758,12.940525],[77.577756,12.940546],[77.577757,12.940596],[77.577757,12.940596],[77.577441,12.940599],[77.57726,12.940601],[77.576932,12.940603],[77.576894,12.940603],[77.576837,12.940604],[77.576828,12.940604],[77.57643,12.940607],[77.575944,12.940611],[77.573845,12.940628],[77.573845,12.940628],[77.573845,12.940639],[77.573843,12.940695],[77.573788,12.940695],[77.573779,12.942152],[77.573771,12.943297],[77.57378,12.943681],[77.572886,12.943679],[77.572867,12.943679],[77.572843,12.943658],[77.572839,12.943658],[77.572839,12.943658],[77.572772,12.943658],[77.572772,12.943658],[77.572713,12.943659],[77.572375,12.943655],[77.571843,12.943648],[77.571543,12.943644],[77.571112,12.94364],[77.571072,12.943639],[77.571061,12.943627],[77.570712,12.943623],[77.57039,12.943621],[77.570364,12.943641],[77.570344,12.94364],[77.568346,12.943609],[77.567835,12.943601],[77.567835,12.943602],[77.567835,12.943601],[77.567845,12.942803],[77.567781,12.942687],[77.567685,12.942549],[77.567685,12.942549],[77.567648,12.942495],[77.567493,12.942269],[77.566998,12.941742],[77.566849,12.941529],[77.566772,12.941329],[77.566728,12.941148],[77.566721,12.941095],[77.566672,12.940703],[77.566648,12.940176],[77.566495,12.940187],[77.566325,12.940188],[77.56617,12.940182],[77.566081,12.940127],[77.566076,12.940124],[77.566055,12.940092],[77.566029,12.940052],[77.565988,12.940001],[77.56595,12.93991]]]},"properties":{"Corporatio":"Central","Zone":"Zone2","_folder":"zones"}},{"type":"Feature","geometry":{"type":"Polygon","coordinates":[[[77.606041,12.990146],[77.606017,12.990147],[77.6057,12.990155],[77.605675,12.990155],[77.605421,12.990154],[77.605363,12.99015],[77.605332,12.990295],[77.605317,12.990462],[77.605295,12.990597],[77.605287,12.990642],[77.605208,12.990862],[77.605129,12.991063],[77.605,12.991314],[77.604981,12.99135],[77.604919,12.991437],[77.604784,12.991647],[77.604693,12.99176],[77.604631,12.991893],[77.60457,12.991957],[77.604553,12.99197],[77.604523,12.99197],[77.604338,12.99205],[77.604276,12.992091],[77.60388,12.992658],[77.603872,12.992727],[77.603798,12.992686],[77.603665,12.992612],[77.603352,12.992497],[77.602857,12.992404],[77.602565,12.992379],[77.602395,12.992392],[77.601821,12.992485],[77.601264,12.992632],[77.600573,12.992898],[77.599189,12.99346],[77.598642,12.993647],[77.596593,12.994442],[77.596577,12.994543],[77.596786,12.994596],[77.59713,12.994666],[77.597237,12.9947],[77.598141,12.994989],[77.598885,12.995211],[77.599319,12.995322],[77.600351,12.995634],[77.600552,12.995689],[77.600645,12.995697],[77.600676,12.9957],[77.602161,12.995368],[77.602217,12.995355],[77.602704,12.995227],[77.603138,12.995114],[77.603271,12.995069],[77.603695,12.994926],[77.603732,12.994913],[77.604191,12.994761],[77.604407,12.99469],[77.604501,12.994654],[77.604651,12.994595],[77.604963,12.994473],[77.605255,12.994382],[77.605389,12.99434],[77.605424,12.994329],[77.605629,12.994241],[77.605669,12.994298],[77.606467,12.995522],[77.60655,12.995648],[77.606991,12.996276],[77.607066,12.996395],[77.607688,12.99739],[77.60791,12.997745],[77.608285,12.998286],[77.608644,12.99881],[77.608769,12.998973],[77.608769,12.998973],[77.608278,12.999122],[77.607627,12.999353],[77.607372,12.999428],[77.607085,12.999486],[77.606938,12.999501],[77.606851,12.999492],[77.60681,12.999475],[77.606768,12.999458],[77.606746,12.999425],[77.606734,12.999348],[77.606734,12.999348],[77.606721,12.999263],[77.606602,12.998462],[77.606524,12.997881],[77.606468,12.997823],[77.606383,12.997784],[77.606251,12.997759],[77.606193,12.997762],[77.605999,12.99777],[77.605711,12.99779],[77.605428,12.99779],[77.605366,12.99779],[77.605093,12.997795],[77.605056,12.997826],[77.605039,12.997861],[77.604957,12.998081],[77.60495,12.998104],[77.604926,12.998185],[77.604868,12.998381],[77.6048,12.99851],[77.604784,12.99853],[77.60475,12.998572],[77.604598,12.998673],[77.604364,12.998783],[77.604358,12.998787],[77.604296,12.998844],[77.604276,12.998851],[77.603775,12.999084],[77.602395,12.999516],[77.601849,12.999876],[77.601702,13.000554],[77.60159,13.000505],[77.601516,13.001436],[77.602106,13.001348],[77.602239,13.001321],[77.602332,13.001324],[77.602435,13.001388],[77.602587,13.001559],[77.602799,13.001872],[77.603036,13.00226],[77.60317,13.00248],[77.603299,13.002664],[77.603495,13.002933],[77.603597,13.003088],[77.603717,13.003269],[77.603765,13.003342],[77.60387,13.003528],[77.603808,13.003892],[77.603805,13.003951],[77.603788,13.004275],[77.603797,13.004316],[77.60399,13.004676],[77.604311,13.00528],[77.604437,13.005531],[77.604473,13.005601],[77.604607,13.005871],[77.604705,13.006065],[77.60494,13.005981],[77.605124,13.006408],[77.605237,13.006669],[77.605044,13.006764],[77.604159,13.007196],[77.602627,13.007937],[77.601459,13.008518],[77.601303,13.008595],[77.600736,13.008872],[77.599902,13.009309],[77.598934,13.009747],[77.598342,13.010032],[77.598156,13.010122],[77.597838,13.010288],[77.597249,13.010608],[77.596861,13.01081],[77.596817,13.010824],[77.596775,13.010838],[77.596242,13.011019],[77.595768,13.011217],[77.595801,13.011218],[77.595391,13.011382],[77.595562,13.011821],[77.59569,13.012188],[77.595793,13.01249],[77.595851,13.012646],[77.595934,13.01277],[77.596101,13.013024],[77.596276,13.013301],[77.596284,13.013314],[77.596544,13.013713],[77.596623,13.013835],[77.596746,13.014042],[77.596778,13.014096],[77.596979,13.014392],[77.597175,13.014704],[77.5972,13.014752],[77.59752,13.015368],[77.597645,13.01558],[77.59768,13.015681],[77.59769,13.015767],[77.597653,13.016078],[77.597665,13.016155],[77.59768,13.016215],[77.597843,13.016524],[77.598119,13.017118],[77.59814,13.01717],[77.598234,13.017391],[77.598329,13.017619],[77.59836,13.017694],[77.598448,13.017866],[77.598461,13.017891],[77.598585,13.018116],[77.598644,13.018224],[77.59874,13.01834],[77.59881,13.018427],[77.599017,13.018631],[77.599169,13.018771],[77.599258,13.018884],[77.599374,13.019089],[77.599524,13.019347],[77.599637,13.019557],[77.599741,13.019715],[77.599766,13.019782],[77.599797,13.019854],[77.599831,13.020061],[77.599842,13.020184],[77.599877,13.020267],[77.600008,13.020522],[77.600029,13.020563],[77.600119,13.020761],[77.600207,13.020958],[77.600298,13.021185],[77.60036,13.021163],[77.600298,13.021185],[77.600362,13.021348],[77.600612,13.022052],[77.600943,13.022989],[77.600943,13.022989],[77.600944,13.022992],[77.60086,13.023047],[77.600639,13.023166],[77.600364,13.0233],[77.600235,13.023362],[77.600092,13.023427],[77.599904,13.02351],[77.599932,13.023561],[77.600046,13.023792],[77.600147,13.024014],[77.6003,13.024368],[77.600325,13.024426],[77.600432,13.02467],[77.600453,13.024744],[77.600483,13.024885],[77.600496,13.024994],[77.600506,13.025136],[77.600498,13.02522],[77.600479,13.025336],[77.600431,13.025577],[77.600428,13.025593],[77.600436,13.025618],[77.600434,13.0257],[77.600471,13.025857],[77.600496,13.025906],[77.60061,13.026073],[77.600661,13.026186],[77.600671,13.026219],[77.600665,13.026246],[77.60066,13.026269],[77.600589,13.026449],[77.60055,13.026496],[77.600494,13.026542],[77.600462,13.02656],[77.60032,13.026612],[77.600087,13.026705],[77.600044,13.026804],[77.59997,13.02699],[77.599939,13.027046],[77.599853,13.027259],[77.599786,13.027514],[77.599763,13.027604],[77.599713,13.027814],[77.599698,13.027863],[77.601163,13.027811],[77.60145,13.027775],[77.601472,13.027773],[77.601926,13.027703],[77.602202,13.027661],[77.602294,13.027647],[77.602501,13.02762],[77.602775,13.027575],[77.603035,13.027533],[77.603116,13.02752],[77.603286,13.027518],[77.603498,13.027479],[77.603701,13.027455],[77.604036,13.027398],[77.604231,13.027357],[77.604245,13.027353],[77.604266,13.027356],[77.604295,13.027423],[77.604307,13.027419],[77.604861,13.027285],[77.605222,13.027192],[77.605228,13.027191],[77.605511,13.027095],[77.606013,13.026963],[77.606026,13.026998],[77.606426,13.026861],[77.606454,13.026852],[77.606638,13.027272],[77.606836,13.027725],[77.606852,13.027759],[77.606853,13.027763],[77.606862,13.027783],[77.607068,13.028253],[77.607172,13.02849],[77.6074,13.028997],[77.607493,13.029178],[77.607558,13.029302],[77.60768,13.029483],[77.60769,13.029499],[77.60785,13.029701],[77.607947,13.029823],[77.608003,13.029932],[77.608071,13.030066],[77.608089,13.030126],[77.608109,13.030195],[77.608129,13.030266],[77.60824,13.030782],[77.608329,13.031187],[77.608364,13.031343],[77.608392,13.031434],[77.608481,13.031736],[77.608577,13.032056],[77.608631,13.032242],[77.608689,13.032443],[77.608753,13.032666],[77.608923,13.033231],[77.608933,13.033264],[77.608985,13.033446],[77.609042,13.03365],[77.609157,13.034076],[77.609187,13.034208],[77.6092,13.034262],[77.609256,13.034505],[77.609267,13.034554],[77.6094,13.035062],[77.609456,13.03534],[77.609463,13.035372],[77.609507,13.035588],[77.609525,13.03567],[77.609586,13.035936],[77.60965,13.036218],[77.609735,13.036539],[77.609779,13.036709],[77.609821,13.036868],[77.610012,13.037461],[77.610088,13.037702],[77.610121,13.037801],[77.610134,13.037833],[77.610182,13.037958],[77.610279,13.038206],[77.610229,13.038335],[77.610036,13.038835],[77.609915,13.039033],[77.609765,13.03924],[77.609664,13.039377],[77.609444,13.039649],[77.609287,13.039791],[77.609146,13.039919],[77.608836,13.040166],[77.608614,13.040308],[77.608234,13.040529],[77.607792,13.04072],[77.607694,13.040749],[77.607368,13.040846],[77.606763,13.040931],[77.606726,13.040936],[77.605252,13.040976],[77.604435,13.040997],[77.603393,13.041036],[77.601695,13.041101],[77.601357,13.041107],[77.601053,13.041113],[77.600536,13.041121],[77.600221,13.041127],[77.59974,13.041135],[77.599496,13.041149],[77.599318,13.041158],[77.598439,13.041197],[77.598145,13.041203],[77.597379,13.041219],[77.596596,13.041238],[77.596351,13.041244],[77.595418,13.041272],[77.595055,13.041277],[77.595027,13.041273],[77.594755,13.041239],[77.593555,13.041091],[77.593194,13.041049],[77.592669,13.04106],[77.592511,13.041084],[77.592247,13.041124],[77.591587,13.041266],[77.590571,13.041482],[77.59002,13.041605],[77.590024,13.041621],[77.590116,13.041953],[77.590139,13.042036],[77.590264,13.042433],[77.590467,13.042941],[77.590572,13.043111],[77.590483,13.043086],[77.588958,13.042651],[77.588559,13.042579],[77.588403,13.04258],[77.587429,13.042746],[77.586419,13.042948],[77.585678,13.043095],[77.585497,13.043155],[77.58522,13.043266],[77.585049,13.043343],[77.584794,13.043479],[77.583923,13.044039],[77.583148,13.044549],[77.582804,13.044775],[77.58237,13.045042],[77.582174,13.045222],[77.581322,13.04596],[77.579992,13.046983],[77.579554,13.047293],[77.579302,13.047415],[77.578853,13.047568],[77.57847,13.04764],[77.578316,13.047647],[77.57824,13.04765],[77.577995,13.047637],[77.577554,13.047598],[77.577347,13.047579],[77.576916,13.047536],[77.576586,13.047502],[77.57626,13.047469],[77.575973,13.047444],[77.575839,13.047432],[77.575024,13.04736],[77.57486,13.047351],[77.573612,13.047284],[77.572872,13.047245],[77.572611,13.047231],[77.572462,13.047224],[77.572103,13.047201],[77.570901,13.047125],[77.570166,13.047078],[77.569919,13.047033],[77.569431,13.046939],[77.569029,13.046877],[77.566663,13.046667],[77.566129,13.046601],[77.56575,13.046512],[77.56536,13.046361],[77.565309,13.046336],[77.564929,13.046148],[77.564145,13.045593],[77.563846,13.045028],[77.562715,13.042987],[77.562135,13.042017],[77.561568,13.041011],[77.561056,13.040101],[77.560963,13.040002],[77.560836,13.040175],[77.560642,13.04045],[77.560481,13.040447],[77.560386,13.040449],[77.560264,13.040449],[77.560109,13.040449],[77.560012,13.040456],[77.559964,13.04046],[77.559798,13.040478],[77.55973,13.040609],[77.559435,13.041292],[77.559225,13.04153],[77.558143,13.042325],[77.558106,13.042347],[77.557388,13.042771],[77.557097,13.042667],[77.556966,13.043763],[77.556962,13.043805],[77.5569,13.043814],[77.556898,13.043862],[77.556863,13.044682],[77.556848,13.044703],[77.556665,13.045229],[77.556466,13.045437],[77.556302,13.045711],[77.555883,13.046403],[77.555049,13.047768],[77.554489,13.048618],[77.553934,13.049423],[77.553874,13.049503],[77.553874,13.049503],[77.553821,13.049575],[77.553786,13.049622],[77.553512,13.049978],[77.553196,13.050334],[77.553077,13.050466],[77.552839,13.050731],[77.552453,13.051123],[77.552157,13.051535],[77.551912,13.051913],[77.551591,13.052366],[77.551159,13.053003],[77.55101,13.053208],[77.550985,13.053242],[77.550805,13.053403],[77.550602,13.053561],[77.550135,13.053909],[77.54955,13.054336],[77.549109,13.054664],[77.549044,13.054712],[77.54826,13.055408],[77.548081,13.055567],[77.547989,13.05565],[77.546792,13.056729],[77.546792,13.056729],[77.546505,13.056479],[77.546128,13.056097],[77.545311,13.055283],[77.545033,13.055062],[77.544862,13.054983],[77.544706,13.054947],[77.54446,13.054937],[77.543939,13.054933],[77.543403,13.054933],[77.543218,13.054935],[77.542757,13.054939],[77.542528,13.054923],[77.542227,13.054878],[77.541684,13.05478],[77.541447,13.054732],[77.540712,13.054588],[77.540454,13.054537],[77.539325,13.054342],[77.539159,13.054323],[77.538957,13.05432],[77.538706,13.054338],[77.537702,13.05447],[77.537555,13.054492],[77.536509,13.054653],[77.535375,13.054825],[77.535304,13.054833],[77.535304,13.0551],[77.535323,13.055221],[77.53531,13.055291],[77.535254,13.055372],[77.535218,13.055468],[77.535125,13.055738],[77.535098,13.055929],[77.53514,13.05606],[77.535204,13.056094],[77.535199,13.056147],[77.535203,13.056217],[77.535171,13.056254],[77.535178,13.056348],[77.535231,13.056619],[77.535204,13.056727],[77.535109,13.056756],[77.535146,13.057114],[77.535118,13.057212],[77.534986,13.057209],[77.53495,13.05729],[77.534939,13.057433],[77.534911,13.057526],[77.534945,13.057553],[77.534981,13.057558],[77.535063,13.057508],[77.535473,13.057675],[77.535396,13.057728],[77.535281,13.057798],[77.535224,13.05787],[77.535187,13.057932],[77.535079,13.058119],[77.535016,13.058202],[77.534942,13.058333],[77.534767,13.058525],[77.53468,13.058694],[77.534328,13.059366],[77.533855,13.06005],[77.534217,13.06085],[77.535007,13.063157],[77.5352,13.063251],[77.535187,13.063264],[77.535098,13.063359],[77.535062,13.063393],[77.535008,13.063443],[77.534954,13.063499],[77.534731,13.063743],[77.534374,13.064774],[77.533938,13.066033],[77.533956,13.067317],[77.533308,13.067871],[77.533065,13.06806],[77.532472,13.06861],[77.532343,13.068646],[77.532119,13.069048],[77.531848,13.069156],[77.530976,13.069773],[77.531251,13.070862],[77.531498,13.071815],[77.531747,13.071821],[77.531498,13.071815],[77.53151,13.071859],[77.531619,13.07228],[77.531782,13.072436],[77.531806,13.072459],[77.53183,13.072479],[77.531792,13.072538],[77.531608,13.072794],[77.531377,13.073187],[77.531351,13.073369],[77.531248,13.073915],[77.531243,13.074069],[77.531246,13.074117],[77.53127,13.07456],[77.531367,13.074998],[77.531521,13.075609],[77.531117,13.075861],[77.530956,13.076302],[77.530888,13.077301],[77.530775,13.07787],[77.530571,13.077853],[77.530405,13.077902],[77.530296,13.078601],[77.530262,13.078599],[77.530228,13.078596],[77.530051,13.078585],[77.529905,13.078595],[77.529809,13.078778],[77.529683,13.078779],[77.529527,13.078771],[77.529439,13.078877],[77.529422,13.079021],[77.529633,13.07999],[77.529787,13.080943],[77.52984,13.081356],[77.529935,13.081516],[77.529956,13.082088],[77.529946,13.082128],[77.530098,13.082239],[77.530629,13.082648],[77.53084,13.082811],[77.531197,13.082918],[77.531717,13.083065],[77.533037,13.083372],[77.533178,13.083383],[77.534348,13.083634],[77.53507,13.083796],[77.535974,13.083792],[77.536885,13.083787],[77.537244,13.084451],[77.537954,13.085761],[77.539094,13.087005],[77.539663,13.088045],[77.540781,13.090074],[77.541566,13.089076],[77.542434,13.087938],[77.544026,13.086237],[77.544655,13.085876],[77.545259,13.085272],[77.545215,13.084718],[77.545195,13.084613],[77.545173,13.084392],[77.545164,13.084304],[77.545169,13.084121],[77.545187,13.083528],[77.545498,13.083533],[77.546433,13.083548],[77.546391,13.083393],[77.546419,13.083389],[77.54654,13.083365],[77.546664,13.083343],[77.5468,13.083321],[77.547007,13.083293],[77.547495,13.083222],[77.547446,13.082998],[77.547402,13.082796],[77.547354,13.082575],[77.54726,13.082141],[77.547217,13.081945],[77.547226,13.081941],[77.547721,13.08185],[77.547817,13.081831],[77.548268,13.081765],[77.548265,13.081748],[77.548575,13.081707],[77.548597,13.081703],[77.548836,13.081964],[77.548904,13.082014],[77.54895,13.082032],[77.549015,13.082057],[77.549116,13.082071],[77.549324,13.082096],[77.549723,13.082131],[77.550098,13.082164],[77.550152,13.082199],[77.550248,13.082264],[77.55035,13.082376],[77.550376,13.082429],[77.550439,13.082559],[77.550442,13.082565],[77.550544,13.082766],[77.550637,13.082892],[77.550771,13.083047],[77.550938,13.083188],[77.551244,13.083388],[77.551251,13.083392],[77.551473,13.083684],[77.551513,13.083736],[77.551684,13.083933],[77.552068,13.084376],[77.552154,13.084435],[77.55231,13.084539],[77.552358,13.084565],[77.552409,13.08459],[77.552719,13.084629],[77.552823,13.084647],[77.553002,13.084719],[77.553308,13.084909],[77.553706,13.085237],[77.55386,13.085307],[77.553899,13.085324],[77.554101,13.085412],[77.55438,13.085515],[77.554557,13.085582],[77.554953,13.085748],[77.555557,13.085999],[77.555608,13.086057],[77.555654,13.085952],[77.555709,13.085881],[77.556306,13.085636],[77.556862,13.085407],[77.557417,13.085201],[77.558068,13.084961],[77.558715,13.084722],[77.558793,13.084849],[77.558843,13.084907],[77.558909,13.084963],[77.559682,13.084469],[77.559941,13.084302],[77.560095,13.084191],[77.560105,13.084184],[77.56012,13.084173],[77.560136,13.084159],[77.560201,13.084124],[77.560334,13.084023],[77.56306,13.086186],[77.56307,13.086194],[77.561136,13.087342],[77.560072,13.087999],[77.560476,13.090326],[77.560739,13.091595],[77.560806,13.091924],[77.561097,13.09335],[77.561326,13.09449],[77.561509,13.095198],[77.562121,13.096409],[77.562849,13.097784],[77.56341,13.097687],[77.563825,13.097631],[77.5643,13.097584],[77.564329,13.09758],[77.564501,13.097589],[77.564608,13.097599],[77.565104,13.097645],[77.565451,13.097677],[77.566121,13.09774],[77.566415,13.097767],[77.566455,13.09777],[77.567091,13.097833],[77.567244,13.097847],[77.567818,13.097903],[77.568105,13.097931],[77.568119,13.097932],[77.568396,13.097957],[77.568687,13.097984],[77.568974,13.098009],[77.569751,13.098079],[77.569836,13.098079],[77.569932,13.098065],[77.569959,13.097866],[77.569536,13.094381],[77.570294,13.092309],[77.573331,13.090827],[77.574174,13.090437],[77.575123,13.090231],[77.576603,13.089923],[77.577298,13.089749],[77.578801,13.08934],[77.580206,13.089092],[77.579865,13.087873],[77.579637,13.086813],[77.579366,13.085587],[77.579319,13.085454],[77.579166,13.085138],[77.580555,13.084736],[77.581628,13.084455],[77.58235,13.084274],[77.582967,13.084084],[77.583167,13.084028],[77.583265,13.084],[77.584465,13.083631],[77.584259,13.082798],[77.583996,13.081916],[77.583805,13.081186],[77.583802,13.081176],[77.583772,13.081081],[77.583633,13.080633],[77.583505,13.080198],[77.583274,13.079466],[77.583157,13.079082],[77.583137,13.079013],[77.583115,13.078944],[77.582999,13.078488],[77.58291,13.078184],[77.583138,13.07811],[77.583456,13.078005],[77.583722,13.077926],[77.584883,13.077583],[77.585553,13.077396],[77.586308,13.077185],[77.586459,13.077142],[77.58706,13.076951],[77.590092,13.076069],[77.590294,13.076544],[77.590711,13.077538],[77.59101,13.078258],[77.591416,13.079221],[77.591719,13.079937],[77.59223,13.081165],[77.593073,13.083156],[77.593537,13.084216],[77.59361,13.084388],[77.593636,13.084449],[77.593716,13.084641],[77.593722,13.084655],[77.593712,13.084813],[77.593968,13.087383],[77.594701,13.087199],[77.594917,13.08724],[77.59582,13.087011],[77.5965,13.086878],[77.597626,13.086683],[77.597836,13.086648],[77.602144,13.085908],[77.602525,13.086133],[77.602573,13.08616],[77.603471,13.086513],[77.604161,13.086843],[77.605035,13.087148],[77.605371,13.087285],[77.605631,13.087386],[77.605929,13.087695],[77.607019,13.088191],[77.607401,13.088235],[77.607619,13.088271],[77.607619,13.088271],[77.60771,13.088286],[77.607946,13.088345],[77.608044,13.088365],[77.607943,13.088797],[77.607872,13.088897],[77.607838,13.089116],[77.607749,13.08952],[77.607516,13.090045],[77.60709,13.091279],[77.606808,13.091246],[77.606716,13.091381],[77.606505,13.091885],[77.606636,13.091997],[77.606327,13.092813],[77.605981,13.093452],[77.605981,13.093469],[77.606046,13.093504],[77.60611,13.093608],[77.606043,13.093983],[77.606017,13.094062],[77.606097,13.094113],[77.606284,13.094146],[77.606774,13.094281],[77.607531,13.094421],[77.607735,13.094436],[77.60786,13.094453],[77.608002,13.094416],[77.608122,13.094347],[77.608248,13.094085],[77.60829,13.093983],[77.608469,13.093559],[77.608665,13.093073],[77.608898,13.092623],[77.609044,13.092227],[77.609399,13.091578],[77.60973,13.091033],[77.609981,13.090625],[77.610497,13.089946],[77.610793,13.089581],[77.611323,13.088783],[77.611655,13.08835],[77.611909,13.088171],[77.611987,13.088075],[77.612053,13.087984],[77.612089,13.087912],[77.612143,13.087828],[77.612197,13.087786],[77.612343,13.087736],[77.612428,13.087682],[77.612542,13.087519],[77.612618,13.087326],[77.612617,13.087318],[77.612751,13.086861],[77.612864,13.086498],[77.612818,13.086647],[77.612851,13.086647],[77.612878,13.086642],[77.612904,13.086642],[77.612925,13.086643],[77.612956,13.086638],[77.613003,13.086628],[77.613045,13.086623],[77.613071,13.086623],[77.613112,13.086613],[77.613138,13.086608],[77.613154,13.086603],[77.61318,13.086598],[77.613211,13.086588],[77.613232,13.086583],[77.613263,13.086583],[77.613284,13.086583],[77.613321,13.086583],[77.613357,13.086583],[77.613378,13.086583],[77.613404,13.086583],[77.613435,13.086583],[77.613451,13.086583],[77.613497,13.086584],[77.613524,13.086584],[77.61357,13.086584],[77.613591,13.086584],[77.613628,13.086584],[77.613659,13.086584],[77.613696,13.086585],[77.613732,13.086585],[77.613769,13.086585],[77.613805,13.086585],[77.613862,13.086596],[77.613894,13.086601],[77.61392,13.086606],[77.613946,13.086606],[77.613972,13.086612],[77.613992,13.086617],[77.614034,13.086627],[77.614065,13.086637],[77.614078,13.08664],[77.614086,13.086643],[77.614107,13.086648],[77.614128,13.086663],[77.614143,13.086663],[77.614164,13.086673],[77.61418,13.086683],[77.614216,13.086694],[77.614237,13.086709],[77.614268,13.086719],[77.61431,13.086734],[77.614336,13.08675],[77.614362,13.08676],[77.614398,13.086786],[77.614414,13.086791],[77.614435,13.086811],[77.614461,13.086832],[77.614481,13.086857],[77.614502,13.086878],[77.614518,13.086913],[77.614523,13.086923],[77.614549,13.086949],[77.614559,13.086974],[77.614575,13.086995],[77.61459,13.08702],[77.614606,13.087046],[77.614611,13.087051],[77.614719,13.087239],[77.614729,13.087254],[77.614962,13.087473],[77.614987,13.087499],[77.615036,13.087507],[77.615224,13.087559],[77.615514,13.087624],[77.61582,13.087659],[77.615961,13.087693],[77.61612,13.087728],[77.616346,13.087725],[77.616587,13.087726],[77.616689,13.087723],[77.616762,13.087746],[77.61705,13.087845],[77.617316,13.087938],[77.617586,13.088031],[77.617924,13.088133],[77.618163,13.088213],[77.618292,13.08821],[77.618384,13.088207],[77.618446,13.088211],[77.618594,13.088243],[77.618803,13.08829],[77.619043,13.088302],[77.619109,13.088305],[77.619125,13.088181],[77.61912,13.088071],[77.619253,13.088058],[77.619325,13.088053],[77.61938,13.088067],[77.619531,13.088122],[77.619705,13.088241],[77.619807,13.088293],[77.619932,13.088261],[77.620011,13.088242],[77.620138,13.088236],[77.620212,13.088246],[77.62041,13.088302],[77.620692,13.088374],[77.620943,13.088475],[77.621055,13.088513],[77.621293,13.088545],[77.621519,13.088581],[77.621625,13.088631],[77.621744,13.088626],[77.621869,13.088595],[77.621999,13.088579],[77.622264,13.08857],[77.622431,13.088556],[77.6226,13.088555],[77.622742,13.088552],[77.622863,13.088541],[77.622878,13.088507],[77.623067,13.088249],[77.623433,13.087927],[77.623834,13.088],[77.623748,13.087831],[77.623721,13.087755],[77.62378,13.087625],[77.62401,13.087251],[77.624096,13.087165],[77.624112,13.087123],[77.624106,13.087088],[77.623802,13.085887],[77.623751,13.085702],[77.623671,13.085119],[77.623613,13.084698],[77.623604,13.084593],[77.623608,13.084338],[77.623626,13.084145],[77.623697,13.083427],[77.62369,13.082992],[77.623682,13.082943],[77.623652,13.082884],[77.62357,13.082874],[77.623266,13.082894],[77.623519,13.082845],[77.623638,13.082778],[77.623889,13.08262],[77.623995,13.082585],[77.624676,13.082428],[77.625073,13.082294],[77.625056,13.082113],[77.624971,13.081515],[77.624973,13.081484],[77.624975,13.081447],[77.624991,13.081401],[77.625116,13.081293],[77.625513,13.080974],[77.625822,13.080723],[77.626187,13.080428],[77.626794,13.079999],[77.627109,13.079765],[77.627304,13.079609],[77.627599,13.079456],[77.627779,13.079408],[77.628593,13.079195],[77.628738,13.079158],[77.629134,13.079048],[77.629369,13.078967],[77.62964,13.078814],[77.63014,13.078542],[77.630404,13.078398],[77.630874,13.078141],[77.63136,13.077867],[77.631815,13.07761],[77.632174,13.077413],[77.633763,13.076543],[77.633764,13.077055],[77.634049,13.076902],[77.634936,13.076445],[77.635861,13.075967],[77.636026,13.075883],[77.636823,13.07548],[77.637662,13.075306],[77.63819,13.075187],[77.638309,13.07516],[77.639491,13.074935],[77.639441,13.073222],[77.63944,13.073218],[77.639481,13.071571],[77.639498,13.070872],[77.639504,13.070628],[77.639527,13.06969],[77.639363,13.068879],[77.639023,13.06758],[77.638727,13.066645],[77.638696,13.066544],[77.638568,13.065289],[77.638526,13.064811],[77.638361,13.063653],[77.638345,13.062783],[77.638283,13.062333],[77.638235,13.061999],[77.638195,13.061533],[77.638182,13.060824],[77.638173,13.060491],[77.638156,13.059924],[77.638157,13.059641],[77.638172,13.058965],[77.638354,13.057669],[77.638359,13.057503],[77.638336,13.056517],[77.638309,13.055603],[77.638297,13.05519],[77.638186,13.054844],[77.638153,13.054637],[77.638339,13.054535],[77.638313,13.054328],[77.638182,13.053928],[77.63812,13.053804],[77.638066,13.053538],[77.638032,13.053368],[77.63795,13.052963],[77.637885,13.052643],[77.637808,13.052162],[77.637794,13.052009],[77.63778,13.051809],[77.637796,13.051661],[77.638428,13.051554],[77.638362,13.05107],[77.638296,13.050784],[77.638136,13.050096],[77.638334,13.050064],[77.63826,13.049864],[77.638159,13.049528],[77.638136,13.049427],[77.63809,13.049233],[77.638004,13.048578],[77.637876,13.048057],[77.637838,13.047789],[77.637781,13.047379],[77.637701,13.047159],[77.637558,13.046767],[77.637314,13.046035],[77.637231,13.04554],[77.637166,13.045107],[77.637101,13.044682],[77.637089,13.044134],[77.637118,13.0435],[77.637178,13.043365],[77.637277,13.042931],[77.63729,13.04281],[77.637343,13.042846],[77.637556,13.042969],[77.63765,13.04302],[77.637745,13.043086],[77.63783,13.04315],[77.637907,13.043182],[77.638008,13.043217],[77.638072,13.043224],[77.638203,13.043222],[77.63831,13.043244],[77.638384,13.043269],[77.638471,13.043268],[77.638587,13.043277],[77.638636,13.043281],[77.639065,13.043316],[77.639263,13.043314],[77.639381,13.043292],[77.639758,13.043189],[77.640087,13.043075],[77.640391,13.042959],[77.640463,13.042912],[77.640552,13.042831],[77.640648,13.042728],[77.640722,13.04266],[77.640794,13.042645],[77.640935,13.042648],[77.64101,13.04265],[77.641075,13.042642],[77.641118,13.042624],[77.641215,13.04257],[77.641326,13.042486],[77.641391,13.042415],[77.641429,13.042312],[77.641456,13.042097],[77.641468,13.041906],[77.641471,13.041794],[77.64146,13.041713],[77.64141,13.041618],[77.641375,13.041582],[77.641348,13.041537],[77.641316,13.041434],[77.6413,13.041376],[77.641303,13.041336],[77.641318,13.041309],[77.641336,13.041278],[77.641354,13.041267],[77.641394,13.041259],[77.641395,13.041203],[77.6414,13.041045],[77.641445,13.040674],[77.641455,13.040513],[77.641465,13.040318],[77.641462,13.039966],[77.641472,13.039966],[77.641458,13.039511],[77.641648,13.039488],[77.641738,13.03946],[77.641808,13.039434],[77.641869,13.03937],[77.641978,13.039265],[77.642167,13.039034],[77.642368,13.038977],[77.64296,13.038955],[77.643575,13.03893],[77.643709,13.038938],[77.643765,13.038965],[77.643768,13.038966],[77.643793,13.038876],[77.643807,13.038822],[77.643813,13.03872],[77.64382,13.03859],[77.643837,13.038492],[77.64392,13.038337],[77.643932,13.038285],[77.643982,13.038175],[77.644028,13.03807],[77.644071,13.037952],[77.64411,13.037838],[77.644138,13.037737],[77.644155,13.037603],[77.644193,13.037237],[77.644232,13.037009],[77.644246,13.036947],[77.644267,13.036825],[77.644287,13.036734],[77.644339,13.036513],[77.644394,13.036319],[77.644421,13.036226],[77.644463,13.036194],[77.644687,13.036128],[77.644762,13.036113],[77.644832,13.036071],[77.644907,13.036024],[77.644929,13.035928],[77.64494,13.035881],[77.644883,13.035844],[77.643231,13.035906],[77.643176,13.035375],[77.643177,13.035364],[77.643177,13.035335],[77.643158,13.035325],[77.64325,13.034154],[77.643268,13.034067],[77.643099,13.034061],[77.642549,13.034052],[77.642376,13.03403],[77.642303,13.034001],[77.642185,13.033997],[77.641716,13.034144],[77.641279,13.034284],[77.641177,13.034327],[77.641177,13.034327],[77.641099,13.034318],[77.641032,13.034259],[77.64088,13.033964],[77.640769,13.033682],[77.640446,13.033329],[77.640167,13.032947],[77.640115,13.032885],[77.639918,13.032647],[77.639892,13.032616],[77.639852,13.032578],[77.639806,13.032466],[77.639756,13.03233],[77.639649,13.032038],[77.639656,13.032026],[77.6396,13.031751],[77.639398,13.031385],[77.639123,13.031141],[77.638525,13.03063],[77.638188,13.030334],[77.637993,13.030132],[77.637916,13.030015],[77.637873,13.029931],[77.637822,13.029782],[77.637744,13.029501],[77.637742,13.029475],[77.637605,13.027986],[77.637328,13.027934],[77.637137,13.027919],[77.63703,13.027917],[77.636948,13.027909],[77.636945,13.027908],[77.636729,13.027829],[77.636654,13.027788],[77.63658,13.027773],[77.636354,13.0278],[77.636047,13.027866],[77.636011,13.027874],[77.635667,13.028],[77.63504,13.028252],[77.634912,13.028294],[77.634877,13.028301],[77.634277,13.028442],[77.633744,13.028573],[77.633496,13.028689],[77.633496,13.028689],[77.633003,13.02811],[77.632716,13.027773],[77.632762,13.027754],[77.633887,13.027262],[77.634069,13.027199],[77.634974,13.026884],[77.635815,13.026632],[77.636986,13.026358],[77.63715,13.02632],[77.639012,13.025993],[77.63965,13.025885],[77.639937,13.025775],[77.640115,13.025707],[77.640556,13.025499],[77.642753,13.024553],[77.643119,13.024395],[77.643322,13.024304],[77.644488,13.023781],[77.645207,13.023472],[77.646412,13.022953],[77.647395,13.022525],[77.647847,13.022328],[77.647914,13.022299],[77.650544,13.021137],[77.651271,13.020817],[77.652745,13.020168],[77.654676,13.019441],[77.655634,13.019058],[77.657344,13.018297],[77.657344,13.018297],[77.658018,13.017998],[77.658018,13.017998],[77.658566,13.017754],[77.660371,13.016956],[77.660535,13.016883],[77.661524,13.01648],[77.661707,13.016407],[77.661798,13.016336],[77.661936,13.016204],[77.662017,13.016029],[77.662054,13.015882],[77.662095,13.015726],[77.66216,13.015061],[77.662206,13.014401],[77.662256,13.01369],[77.662283,13.0132],[77.662283,13.013197],[77.66229,13.013063],[77.662311,13.012689],[77.662328,13.012409],[77.662298,13.012389],[77.661798,13.01205],[77.661685,13.012003],[77.660859,13.011719],[77.660024,13.011433],[77.659514,13.011217],[77.658905,13.010914],[77.658454,13.010672],[77.658168,13.010476],[77.658131,13.01045],[77.657496,13.009993],[77.656203,13.009069],[77.656101,13.008976],[77.656079,13.008953],[77.655587,13.008448],[77.655013,13.007828],[77.654973,13.007785],[77.654621,13.00739],[77.654218,13.006937],[77.654086,13.006789],[77.653856,13.006601],[77.653687,13.006463],[77.653525,13.006331],[77.653465,13.006281],[77.653351,13.006192],[77.653175,13.006051],[77.652876,13.005815],[77.652543,13.005869],[77.651831,13.005985],[77.651262,13.006079],[77.651568,13.00669],[77.651466,13.006734],[77.651389,13.00676],[77.651324,13.006776],[77.651264,13.00679],[77.651188,13.006806],[77.651106,13.006822],[77.651088,13.006825],[77.65097,13.006839],[77.650864,13.00687],[77.650845,13.006877],[77.650741,13.006919],[77.650634,13.006961],[77.650615,13.00697],[77.650461,13.007045],[77.650384,13.007093],[77.650227,13.007193],[77.650043,13.007306],[77.649954,13.007362],[77.649737,13.00746],[77.649678,13.007471],[77.649573,13.007478],[77.649509,13.007484],[77.649304,13.007508],[77.649071,13.007537],[77.648969,13.007549],[77.648858,13.007556],[77.648615,13.007573],[77.648569,13.007576],[77.64838,13.007582],[77.647982,13.007595],[77.647981,13.007529],[77.64785,13.007559],[77.646704,13.007991],[77.646625,13.007899],[77.646548,13.007813],[77.646485,13.007714],[77.646378,13.007546],[77.64635,13.007515],[77.646289,13.007444],[77.646242,13.007422],[77.646178,13.00739],[77.646096,13.007335],[77.64607,13.007302],[77.645845,13.006996],[77.645793,13.006925],[77.645528,13.00639],[77.645475,13.006395],[77.645194,13.006403],[77.645113,13.006405],[77.644972,13.006403],[77.644861,13.006401],[77.644764,13.006399],[77.644549,13.006388],[77.644513,13.006384],[77.644234,13.006352],[77.644145,13.006346],[77.643541,13.006303],[77.643464,13.006301],[77.643363,13.006296],[77.643178,13.006271],[77.643158,13.006268],[77.642853,13.006222],[77.642712,13.0062],[77.642557,13.006186],[77.642303,13.006162],[77.642277,13.006159],[77.641945,13.006125],[77.641638,13.006094],[77.641094,13.006051],[77.641013,13.006037],[77.640674,13.005983],[77.640111,13.005846],[77.6397,13.005712],[77.6392,13.005531],[77.63882,13.005441],[77.638634,13.005408],[77.638541,13.005407],[77.638463,13.005408],[77.638311,13.005415],[77.638068,13.005438],[77.638068,13.005438],[77.638007,13.005404],[77.637593,13.005171],[77.637458,13.005054],[77.637452,13.005048],[77.637448,13.005042],[77.637413,13.005008],[77.63733,13.004911],[77.637303,13.004876],[77.637254,13.004816],[77.637141,13.004667],[77.636974,13.004514],[77.636833,13.004384],[77.636651,13.004231],[77.636646,13.004227],[77.636351,13.003958],[77.636339,13.003884],[77.636423,13.003828],[77.63644,13.003819],[77.636506,13.00378],[77.636586,13.003734],[77.636738,13.003642],[77.637127,13.003408],[77.637214,13.003355],[77.637437,13.003242],[77.637702,13.003106],[77.638087,13.00291],[77.638446,13.002727],[77.638526,13.00268],[77.638566,13.002633],[77.638594,13.00257],[77.638606,13.002512],[77.638676,13.002256],[77.638747,13.002119],[77.638802,13.00199],[77.638868,13.001851],[77.638908,13.001764],[77.638959,13.001702],[77.63905,13.001605],[77.639193,13.00145],[77.639244,13.001376],[77.639469,13.001055],[77.63962,13.000802],[77.63962,13.000802],[77.639654,13.000744],[77.640065,12.999977],[77.640065,12.999977],[77.640079,12.999952],[77.640432,12.999286],[77.640469,12.999197],[77.640493,12.999105],[77.640528,12.999018],[77.64058,12.998919],[77.640653,12.998821],[77.640696,12.998735],[77.64075,12.998652],[77.640962,12.998323],[77.641311,12.997831],[77.642103,12.996696],[77.64215,12.996627],[77.642683,12.995861],[77.642707,12.995819],[77.642719,12.995803],[77.642369,12.995777],[77.641324,12.995778],[77.641232,12.995388],[77.641178,12.995399],[77.640659,12.995684],[77.640449,12.994871],[77.640048,12.994919],[77.639884,12.99491],[77.639542,12.994943],[77.639472,12.994947],[77.639472,12.994947],[77.639372,12.994948],[77.639196,12.994966],[77.639028,12.994989],[77.638878,12.995015],[77.638706,12.995019],[77.637939,12.995101],[77.63792,12.994778],[77.637901,12.994236],[77.638057,12.994202],[77.637962,12.993818],[77.63789,12.993635],[77.637471,12.993671],[77.63744,12.993406],[77.637414,12.993243],[77.637405,12.993166],[77.63737,12.992866],[77.63734,12.992682],[77.636326,12.992881],[77.634818,12.993191],[77.634543,12.993266],[77.634469,12.993286],[77.634115,12.99331],[77.632958,12.993553],[77.632579,12.993634],[77.631913,12.993791],[77.631875,12.993798],[77.631843,12.993804],[77.631634,12.993841],[77.631634,12.993841],[77.631607,12.993846],[77.631282,12.9939],[77.631282,12.9939],[77.630441,12.994038],[77.630441,12.994038],[77.630339,12.994055],[77.629098,12.994274],[77.628892,12.994186],[77.62908,12.99435],[77.629134,12.994402],[77.629151,12.994438],[77.629155,12.994475],[77.62812,12.994664],[77.627843,12.994714],[77.627675,12.994745],[77.626952,12.99494],[77.626232,12.995185],[77.626098,12.995246],[77.625426,12.995548],[77.62505,12.99579],[77.624617,12.99605],[77.624153,12.996444],[77.623163,12.997321],[77.622395,12.997998],[77.621741,12.998575],[77.621643,12.998662],[77.621182,12.999074],[77.620183,12.999965],[77.620112,12.999898],[77.619954,12.999793],[77.619897,12.999753],[77.619427,12.99942],[77.619413,12.99941],[77.61934,12.999315],[77.619228,12.999112],[77.619119,12.998942],[77.618977,12.99877],[77.618854,12.998678],[77.618397,12.998469],[77.618386,12.998465],[77.618002,12.998304],[77.617936,12.998284],[77.617816,12.998098],[77.617753,12.998],[77.617751,12.997996],[77.617509,12.997482],[77.617394,12.99724],[77.617371,12.997179],[77.617211,12.996768],[77.61701,12.996247],[77.616832,12.995789],[77.61678,12.995749],[77.616912,12.995635],[77.616996,12.995568],[77.617345,12.995362],[77.617428,12.995273],[77.617599,12.99509],[77.617635,12.995027],[77.61793,12.994523],[77.61799,12.994421],[77.618273,12.993901],[77.618706,12.993053],[77.618861,12.992768],[77.619203,12.992102],[77.619358,12.991692],[77.619397,12.991399],[77.619479,12.990833],[77.61951,12.990469],[77.619554,12.989858],[77.619548,12.989611],[77.619546,12.989577],[77.619513,12.988788],[77.619496,12.988404],[77.619475,12.988273],[77.61943,12.987987],[77.619307,12.987203],[77.619079,12.987182],[77.618781,12.987404],[77.618518,12.987582],[77.61823,12.987778],[77.618228,12.98778],[77.617317,12.988607],[77.617301,12.988622],[77.617262,12.988655],[77.617205,12.988696],[77.616656,12.989012],[77.615788,12.989474],[77.61574,12.989503],[77.614996,12.989931],[77.614041,12.99052],[77.613967,12.990588],[77.613957,12.990597],[77.613859,12.990653],[77.613406,12.990868],[77.61329,12.990937],[77.613046,12.991081],[77.612593,12.991293],[77.61242,12.99134],[77.612215,12.991397],[77.611772,12.991497],[77.611507,12.991583],[77.611452,12.991601],[77.611159,12.991753],[77.611099,12.991791],[77.610784,12.991993],[77.610283,12.992307],[77.609777,12.992705],[77.609485,12.992935],[77.609168,12.993191],[77.608951,12.993383],[77.608891,12.993416],[77.608815,12.993457],[77.608684,12.993466],[77.608497,12.993476],[77.608296,12.993487],[77.607727,12.993514],[77.607536,12.993538],[77.607404,12.993485],[77.607356,12.993406],[77.60731,12.993243],[77.607274,12.993017],[77.607257,12.992503],[77.607252,12.992363],[77.607227,12.991657],[77.607227,12.991625],[77.607229,12.99151],[77.607209,12.991084],[77.607205,12.990983],[77.607185,12.990712],[77.607178,12.990618],[77.607168,12.990433],[77.607162,12.99032],[77.607062,12.990289],[77.606963,12.990258],[77.606892,12.990236],[77.606636,12.99018],[77.606629,12.990179],[77.60642,12.990154],[77.606393,12.990151],[77.606076,12.990145],[77.606041,12.990146]]]},"properties":{"Corporatio":"North","Zone":"Zone1","_folder":"zones"}},{"type":"Feature","geometry":{"type":"Polygon","coordinates":[[[77.673984,12.91559],[77.673572,12.91612],[77.673436,12.916648],[77.673186,12.91696],[77.670415,12.91834],[77.668725,12.918861],[77.665132,12.920595],[77.66477,12.920619],[77.66477,12.920619],[77.664916,12.920792],[77.665182,12.92107],[77.665472,12.921053],[77.666192,12.921015],[77.666619,12.920982],[77.667078,12.921219],[77.667793,12.921564],[77.667811,12.921643],[77.667855,12.921842],[77.668029,12.922634],[77.668202,12.923236],[77.668773,12.923316],[77.668801,12.924469],[77.668808,12.924618],[77.668835,12.925206],[77.668846,12.92543],[77.668933,12.926206],[77.668898,12.927151],[77.668874,12.927199],[77.668726,12.927485],[77.668633,12.927997],[77.668574,12.92824],[77.668459,12.928708],[77.667691,12.928793],[77.667817,12.92956],[77.66782,12.929579],[77.667967,12.930583],[77.667994,12.930766],[77.668035,12.931243],[77.668035,12.931243],[77.668033,12.931243],[77.667529,12.931281],[77.666921,12.931199],[77.666402,12.931006],[77.666152,12.930723],[77.665855,12.930351],[77.665115,12.928355],[77.664933,12.928137],[77.664594,12.928052],[77.6641,12.928035],[77.663763,12.928038],[77.663427,12.928174],[77.663286,12.928229],[77.663024,12.928332],[77.661817,12.928961],[77.66133,12.929671],[77.661085,12.929827],[77.660747,12.929809],[77.660544,12.9297],[77.659124,12.929418],[77.658032,12.930884],[77.655021,12.934968],[77.657163,12.936053],[77.659336,12.93755],[77.660544,12.938022],[77.660564,12.938029],[77.660457,12.93821],[77.660456,12.938214],[77.660434,12.938269],[77.660408,12.938298],[77.660362,12.938316],[77.660291,12.938325],[77.660059,12.938324],[77.659665,12.938315],[77.659056,12.938301],[77.65893,12.938298],[77.65891,12.938297],[77.658922,12.93798],[77.658921,12.937946],[77.658918,12.937929],[77.658908,12.937915],[77.658888,12.937909],[77.658882,12.937907],[77.658595,12.937899],[77.658169,12.937896],[77.658139,12.937896],[77.658126,12.938166],[77.658114,12.938458],[77.658108,12.938773],[77.658104,12.939088],[77.658097,12.939448],[77.658078,12.939795],[77.658074,12.939826],[77.658056,12.939851],[77.658011,12.939866],[77.657921,12.939845],[77.657882,12.939848],[77.657802,12.939863],[77.657778,12.939875],[77.657717,12.939926],[77.657584,12.94006],[77.657515,12.94009],[77.657428,12.940109],[77.657281,12.940117],[77.65714,12.94012],[77.656775,12.940108],[77.656447,12.940109],[77.656001,12.940087],[77.65588,12.940095],[77.6544,12.940248],[77.654274,12.940351],[77.654228,12.940377],[77.654051,12.940468],[77.654033,12.940475],[77.654003,12.940484],[77.653945,12.940497],[77.653907,12.940512],[77.653879,12.940529],[77.653842,12.940544],[77.653793,12.940565],[77.653725,12.9406],[77.653577,12.940699],[77.653342,12.940837],[77.653278,12.940885],[77.653073,12.940989],[77.652937,12.941077],[77.652756,12.941173],[77.652743,12.941188],[77.652705,12.941208],[77.652658,12.941226],[77.652623,12.941235],[77.652561,12.941251],[77.652347,12.941323],[77.652308,12.941337],[77.652247,12.941376],[77.652116,12.94149],[77.652024,12.941519],[77.651898,12.941587],[77.651849,12.941622],[77.651785,12.941626],[77.651728,12.941627],[77.651657,12.941646],[77.651332,12.941829],[77.651105,12.941931],[77.65095,12.942012],[77.650924,12.942022],[77.650731,12.942132],[77.650653,12.942169],[77.650516,12.942205],[77.650387,12.94227],[77.650229,12.942376],[77.650184,12.9424],[77.650148,12.942411],[77.650081,12.94246],[77.649927,12.942563],[77.649841,12.942602],[77.649821,12.942612],[77.649496,12.942795],[77.649349,12.942878],[77.649157,12.94293],[77.648606,12.943288],[77.648606,12.943288],[77.647821,12.943796],[77.647329,12.944285],[77.647552,12.944467],[77.647536,12.944536],[77.647542,12.944628],[77.647574,12.944762],[77.647515,12.944883],[77.647455,12.944967],[77.647147,12.945105],[77.647035,12.945176],[77.647035,12.945176],[77.646911,12.945253],[77.645069,12.946681],[77.643022,12.948427],[77.642295,12.949162],[77.642279,12.949165],[77.642237,12.949225],[77.642165,12.949335],[77.642066,12.949425],[77.641965,12.949509],[77.641915,12.949548],[77.641652,12.949755],[77.641644,12.949763],[77.641566,12.949834],[77.641337,12.949995],[77.641128,12.950075],[77.641001,12.950192],[77.640821,12.950316],[77.640776,12.950366],[77.640615,12.950457],[77.640533,12.950595],[77.640531,12.950599],[77.640294,12.950803],[77.64016,12.950977],[77.640005,12.951143],[77.639885,12.95128],[77.639782,12.951441],[77.639798,12.95147],[77.63976,12.951511],[77.639739,12.951534],[77.640242,12.952389],[77.640537,12.952845],[77.640773,12.953294],[77.641667,12.95362],[77.642073,12.953944],[77.642514,12.953956],[77.642526,12.953946],[77.643031,12.953732],[77.643803,12.953468],[77.644142,12.953375],[77.644228,12.953348],[77.644254,12.953334],[77.644261,12.953324],[77.64428,12.953255],[77.64436,12.952632],[77.644499,12.951723],[77.644916,12.950327],[77.645041,12.949997],[77.645249,12.949639],[77.645403,12.949401],[77.645657,12.949029],[77.645733,12.94892],[77.646164,12.948319],[77.646208,12.948258],[77.646387,12.94802],[77.646533,12.947867],[77.646762,12.947681],[77.647138,12.947503],[77.647476,12.947328],[77.647685,12.94723],[77.647773,12.947168],[77.647777,12.947164],[77.647777,12.947164],[77.648111,12.946819],[77.648195,12.946718],[77.648195,12.946717],[77.648293,12.9466],[77.648803,12.946133],[77.649025,12.946013],[77.649072,12.946311],[77.649147,12.946649],[77.649202,12.946801],[77.649302,12.947096],[77.649374,12.947401],[77.649478,12.947332],[77.649816,12.947332],[77.650469,12.947381],[77.650796,12.947406],[77.651889,12.947495],[77.652862,12.947581],[77.653912,12.947676],[77.654541,12.947692],[77.654649,12.947695],[77.654679,12.947684],[77.654823,12.947626],[77.655381,12.947455],[77.655575,12.947401],[77.655772,12.947364],[77.656112,12.947365],[77.656397,12.947384],[77.657231,12.947433],[77.658435,12.947489],[77.659247,12.947542],[77.659789,12.947572],[77.659959,12.947556],[77.660396,12.947419],[77.661032,12.947184],[77.661871,12.946883],[77.662267,12.946743],[77.662485,12.94665],[77.662486,12.946648],[77.662572,12.946508],[77.662561,12.946308],[77.662555,12.945478],[77.662493,12.944676],[77.662508,12.944531],[77.662536,12.944486],[77.662612,12.944444],[77.662742,12.944451],[77.663072,12.94447],[77.66344,12.944474],[77.663863,12.944444],[77.664158,12.944445],[77.664238,12.944493],[77.664242,12.944501],[77.664315,12.944657],[77.664545,12.945531],[77.664564,12.945646],[77.664599,12.945731],[77.664695,12.945838],[77.66475,12.94587],[77.664948,12.94588],[77.665545,12.945944],[77.666031,12.946],[77.666481,12.94608],[77.666556,12.946091],[77.666559,12.946237],[77.666558,12.946261],[77.666548,12.946369],[77.668394,12.94651],[77.668308,12.946887],[77.668707,12.946964],[77.669032,12.946984],[77.669138,12.947012],[77.669234,12.947081],[77.669256,12.947033],[77.669295,12.946998],[77.669367,12.946979],[77.670876,12.947117],[77.670897,12.947853],[77.672948,12.947899],[77.672956,12.948023],[77.672978,12.948097],[77.67327,12.948156],[77.673562,12.948235],[77.673954,12.94833],[77.674328,12.948426],[77.674822,12.94856],[77.675031,12.948617],[77.675229,12.948664],[77.675318,12.948637],[77.675421,12.948627],[77.675631,12.948598],[77.676037,12.948525],[77.676401,12.948466],[77.676756,12.948405],[77.677268,12.948328],[77.677364,12.948324],[77.677385,12.948324],[77.677704,12.948294],[77.678195,12.948214],[77.67859,12.948197],[77.678673,12.948195],[77.67899,12.94819],[77.679156,12.948188],[77.679422,12.94819],[77.679461,12.94819],[77.679731,12.948214],[77.67978,12.948213],[77.680022,12.948209],[77.680045,12.948209],[77.680186,12.948244],[77.68033,12.94831],[77.680472,12.948364],[77.680686,12.948422],[77.6807,12.948424],[77.681479,12.948498],[77.681763,12.948523],[77.682228,12.948562],[77.68234,12.948571],[77.682843,12.948618],[77.683228,12.948654],[77.683975,12.948715],[77.68436,12.94875],[77.684423,12.948756],[77.684693,12.948782],[77.685464,12.948837],[77.685615,12.948851],[77.685995,12.948887],[77.686129,12.948899],[77.686368,12.948919],[77.686853,12.948961],[77.687513,12.949017],[77.688194,12.949141],[77.688591,12.949269],[77.688671,12.949294],[77.688725,12.94933],[77.688878,12.949428],[77.689088,12.949643],[77.689118,12.949673],[77.689329,12.950011],[77.689414,12.950297],[77.689459,12.950655],[77.689487,12.95114],[77.689482,12.951785],[77.689433,12.952637],[77.68939,12.95304],[77.68934,12.953202],[77.689281,12.953303],[77.689251,12.953354],[77.689203,12.953408],[77.689022,12.953612],[77.688653,12.953969],[77.688353,12.954224],[77.687953,12.954618],[77.687534,12.955059],[77.688484,12.955211],[77.689635,12.95542],[77.689519,12.955825],[77.689375,12.957729],[77.689237,12.959997],[77.689263,12.96017],[77.689499,12.960867],[77.689549,12.961146],[77.689594,12.96115],[77.689602,12.961222],[77.689609,12.961437],[77.689547,12.961592],[77.689568,12.961735],[77.689348,12.962168],[77.688865,12.962324],[77.688405,12.967012],[77.688404,12.967012],[77.687794,12.967275],[77.687778,12.967697],[77.68777,12.968095],[77.687743,12.968094],[77.687746,12.968324],[77.687746,12.968582],[77.687746,12.968822],[77.68777,12.968825],[77.687781,12.968894],[77.687789,12.968941],[77.687805,12.969057],[77.687806,12.969069],[77.687786,12.969088],[77.687771,12.969101],[77.687738,12.96912],[77.687722,12.969126],[77.687697,12.969137],[77.687629,12.969159],[77.687594,12.969169],[77.687561,12.969182],[77.687524,12.969206],[77.687502,12.96924],[77.687485,12.969278],[77.687471,12.969305],[77.687449,12.96934],[77.687429,12.969362],[77.6874,12.969385],[77.68737,12.9694],[77.687358,12.969402],[77.687338,12.969406],[77.687311,12.969408],[77.687262,12.969412],[77.687251,12.969412],[77.687183,12.969416],[77.687166,12.969419],[77.687129,12.969423],[77.68712,12.969424],[77.687116,12.969425],[77.687046,12.969437],[77.687,12.969448],[77.686949,12.96947],[77.686911,12.969493],[77.686894,12.969504],[77.686837,12.969542],[77.686822,12.969549],[77.686808,12.969556],[77.686782,12.969567],[77.686735,12.969588],[77.68668,12.969603],[77.686601,12.96962],[77.686597,12.96962],[77.686536,12.969633],[77.686478,12.969652],[77.686443,12.969662],[77.686431,12.969668],[77.68639,12.969684],[77.686372,12.969697],[77.686351,12.969725],[77.68633,12.969758],[77.686315,12.969791],[77.686311,12.969823],[77.686308,12.969847],[77.686306,12.969876],[77.686308,12.969947],[77.686309,12.969964],[77.686315,12.96998],[77.686329,12.970016],[77.686356,12.970079],[77.68637,12.9701],[77.68639,12.97013],[77.68646,12.970212],[77.686413,12.970226],[77.686093,12.970302],[77.686333,12.971113],[77.68647,12.971576],[77.686473,12.971585],[77.686683,12.972089],[77.686843,12.973099],[77.686824,12.973118],[77.686822,12.973218],[77.686108,12.973763],[77.685902,12.973948],[77.685844,12.974037],[77.685824,12.974204],[77.685833,12.974324],[77.685781,12.974583],[77.685741,12.974652],[77.685639,12.974685],[77.685559,12.974754],[77.685509,12.974863],[77.685426,12.97491],[77.685287,12.974933],[77.684938,12.97512],[77.684539,12.975378],[77.684302,12.975499],[77.684271,12.975636],[77.684273,12.975789],[77.684171,12.975902],[77.684004,12.975949],[77.684268,12.976471],[77.684558,12.977043],[77.6849,12.978034],[77.685633,12.978384],[77.685607,12.978417],[77.686016,12.97877],[77.686448,12.979075],[77.686807,12.979506],[77.687047,12.979371],[77.687187,12.97943],[77.688822,12.978507],[77.688847,12.978568],[77.689397,12.979902],[77.690178,12.981799],[77.691604,12.981538],[77.691614,12.981555],[77.692052,12.981795],[77.692128,12.981832],[77.69223,12.98186],[77.692265,12.981864],[77.692349,12.981874],[77.693316,12.981873],[77.693501,12.981583],[77.693521,12.981587],[77.693539,12.981588],[77.693587,12.981583],[77.693625,12.981577],[77.693749,12.98155],[77.693771,12.981546],[77.693861,12.981538],[77.693927,12.981531],[77.694008,12.981527],[77.694094,12.981527],[77.694163,12.981534],[77.69424,12.981546],[77.694327,12.981556],[77.694359,12.981561],[77.694372,12.981566],[77.694415,12.98147],[77.694439,12.98144],[77.694499,12.981384],[77.694601,12.98133],[77.694971,12.981263],[77.695056,12.981232],[77.695116,12.981199],[77.695183,12.981121],[77.695211,12.981248],[77.695255,12.981432],[77.695302,12.981583],[77.695375,12.98179],[77.695477,12.981954],[77.695543,12.982075],[77.69556,12.982109],[77.695619,12.982222],[77.695673,12.982349],[77.695701,12.982467],[77.695752,12.982821],[77.695785,12.983059],[77.695815,12.983321],[77.695827,12.983578],[77.695842,12.9838],[77.695849,12.983922],[77.69582,12.983973],[77.695593,12.986698],[77.695577,12.98767],[77.695646,12.988223],[77.695715,12.988771],[77.695555,12.98899],[77.695563,12.990279],[77.695319,12.990346],[77.695145,12.990375],[77.695001,12.990323],[77.694782,12.990324],[77.694522,12.990388],[77.694411,12.990346],[77.694335,12.990315],[77.694289,12.990297],[77.694095,12.990314],[77.693621,12.990395],[77.693498,12.990417],[77.693494,12.990415],[77.693247,12.990495],[77.693116,12.990539],[77.692703,12.99074],[77.692134,12.991031],[77.692032,12.991079],[77.691402,12.991371],[77.691159,12.991462],[77.690894,12.991561],[77.69076,12.991597],[77.690612,12.991634],[77.690516,12.991641],[77.690222,12.991644],[77.690036,12.991648],[77.689837,12.991658],[77.689825,12.991659],[77.689681,12.991663],[77.689497,12.991719],[77.689374,12.991756],[77.688968,12.991869],[77.688773,12.991923],[77.688685,12.991965],[77.688518,12.992042],[77.688509,12.992046],[77.688603,12.992176],[77.688806,12.992415],[77.688985,12.992931],[77.689059,12.993209],[77.689125,12.993456],[77.689291,12.993971],[77.689595,12.994834],[77.689622,12.994913],[77.689877,12.995475],[77.690185,12.995968],[77.690406,12.996331],[77.690604,12.996856],[77.690672,12.997264],[77.691628,12.996836],[77.691719,12.996808],[77.692305,12.996626],[77.692641,12.996521],[77.693061,12.996389],[77.693147,12.996355],[77.693373,12.996266],[77.693676,12.996147],[77.694016,12.996018],[77.694117,12.995979],[77.694588,12.995802],[77.694664,12.995761],[77.694967,12.995599],[77.695797,12.995379],[77.695983,12.99533],[77.697056,12.995188],[77.69801,12.995015],[77.698067,12.994995],[77.698746,12.994772],[77.699098,12.994649],[77.69985,12.99439],[77.701122,12.994081],[77.701296,12.994037],[77.701701,12.993938],[77.701713,12.993934],[77.7022,12.99381],[77.702304,12.993784],[77.702304,12.993784],[77.702249,12.993798],[77.702262,12.993833],[77.702292,12.993913],[77.702493,12.994452],[77.702607,12.994759],[77.702769,12.995194],[77.702732,12.995229],[77.702828,12.995689],[77.702755,12.99573],[77.702609,12.995813],[77.702724,12.996205],[77.702763,12.996338],[77.702904,12.996435],[77.702904,12.996436],[77.703007,12.997029],[77.703031,12.997058],[77.703144,12.99719],[77.703176,12.997228],[77.703207,12.997276],[77.703441,12.997409],[77.70345,12.997486],[77.703451,12.997494],[77.703458,12.997514],[77.703461,12.997522],[77.703516,12.997539],[77.703584,12.997641],[77.703584,12.997641],[77.703755,12.997898],[77.703818,12.997991],[77.703984,12.998232],[77.704033,12.9983],[77.704047,12.99832],[77.704074,12.998492],[77.70413,12.998855],[77.704154,12.999012],[77.704238,12.999532],[77.704494,12.999514],[77.704586,12.999508],[77.704679,12.999493],[77.705691,12.999336],[77.705874,12.999308],[77.706363,12.999233],[77.707597,12.998974],[77.708007,12.998888],[77.708088,12.998873],[77.708174,12.998857],[77.708331,12.998807],[77.708505,12.998755],[77.708695,12.998697],[77.708743,12.998687],[77.709012,12.998627],[77.709043,12.99862],[77.709379,12.998492],[77.710696,12.99817],[77.712462,12.997742],[77.713329,12.997542],[77.713739,12.997432],[77.714394,12.997255],[77.7144,12.997253],[77.715544,12.996946],[77.716036,12.99682],[77.716273,12.996763],[77.719071,12.996092],[77.719357,12.99601],[77.719969,12.995835],[77.720234,12.995759],[77.721672,12.995492],[77.721701,12.99549],[77.72278,12.995429],[77.72278,12.995429],[77.723313,12.995398],[77.724306,12.995403],[77.725432,12.995455],[77.725615,12.995489],[77.726986,12.995746],[77.727153,12.995778],[77.730758,12.996521],[77.731419,12.996639],[77.731419,12.996639],[77.734075,12.997112],[77.73467,12.997217],[77.736626,12.997569],[77.738184,12.997848],[77.738496,12.997904],[77.74124,12.998486],[77.742871,12.998636],[77.743532,12.998608],[77.74581,12.998511],[77.747751,12.998108],[77.747824,12.998099],[77.748101,12.998063],[77.75036,12.99777],[77.751072,12.997659],[77.753359,12.997303],[77.754722,12.997091],[77.754728,12.997098],[77.756583,12.996816],[77.757447,12.996685],[77.758511,12.996523],[77.758515,12.996569],[77.758518,12.996598],[77.758512,12.996717],[77.758496,12.997006],[77.758347,12.997603],[77.758313,12.997914],[77.758239,12.998299],[77.758008,12.99932],[77.758008,12.99932],[77.757958,12.999523],[77.757913,12.999699],[77.757839,13.000085],[77.757725,13.000619],[77.757684,13.000828],[77.757683,13.000827],[77.757562,13.001455],[77.757377,13.002345],[77.75723,13.003059],[77.757229,13.003064],[77.757172,13.003308],[77.757143,13.003454],[77.757052,13.003926],[77.757016,13.004114],[77.757011,13.004142],[77.756446,13.004419],[77.756322,13.004494],[77.756127,13.004614],[77.756032,13.00467],[77.755778,13.004818],[77.755728,13.004847],[77.7555,13.00498],[77.755354,13.005078],[77.755298,13.005117],[77.75519,13.005238],[77.755124,13.005281],[77.755108,13.005289],[77.754886,13.004961],[77.754748,13.004851],[77.754365,13.00463],[77.754196,13.004537],[77.754018,13.004504],[77.753884,13.004487],[77.753643,13.004503],[77.753603,13.004515],[77.753535,13.004536],[77.753329,13.004653],[77.753163,13.004785],[77.752943,13.004926],[77.752811,13.005045],[77.752635,13.005199],[77.752162,13.005657],[77.752001,13.005818],[77.751954,13.005865],[77.751812,13.005965],[77.751529,13.006153],[77.75115,13.006345],[77.750983,13.006418],[77.750938,13.006437],[77.750743,13.006473],[77.75036,13.006551],[77.750153,13.006481],[77.750032,13.006407],[77.749828,13.00627],[77.749624,13.006145],[77.749475,13.006106],[77.74925,13.006108],[77.749002,13.006199],[77.74896,13.006221],[77.74896,13.00622],[77.748339,13.006416],[77.748059,13.006497],[77.747666,13.006629],[77.74719,13.006723],[77.74719,13.006723],[77.74719,13.006723],[77.74717,13.00673],[77.747198,13.007007],[77.746971,13.007097],[77.746971,13.007205],[77.74697,13.007296],[77.746971,13.007807],[77.746989,13.0081],[77.747058,13.008561],[77.74707,13.008659],[77.747063,13.00937],[77.747061,13.009547],[77.74706,13.009652],[77.74705,13.010123],[77.746925,13.010438],[77.747034,13.010785],[77.747364,13.011629],[77.747826,13.011567],[77.747968,13.012619],[77.748271,13.012487],[77.749021,13.012163],[77.749324,13.012005],[77.749745,13.011648],[77.749721,13.01151],[77.749971,13.011427],[77.750334,13.011284],[77.750688,13.011364],[77.751249,13.011144],[77.7517,13.0109],[77.752169,13.010852],[77.752249,13.010813],[77.752454,13.01073],[77.752686,13.010658],[77.752839,13.010525],[77.752928,13.010366],[77.753022,13.010283],[77.753179,13.010184],[77.753325,13.010053],[77.75347,13.009913],[77.753651,13.009841],[77.753761,13.00975],[77.753897,13.009626],[77.754116,13.009445],[77.754241,13.009273],[77.754285,13.009178],[77.754362,13.009022],[77.754416,13.008945],[77.754432,13.008921],[77.754523,13.008901],[77.75459,13.0089],[77.754634,13.008892],[77.754673,13.008877],[77.754767,13.008825],[77.754783,13.008814],[77.754814,13.008821],[77.754842,13.008848],[77.754859,13.008878],[77.754911,13.009009],[77.755049,13.009283],[77.755069,13.009345],[77.755075,13.009503],[77.755076,13.009654],[77.755143,13.009876],[77.755195,13.010011],[77.755204,13.010096],[77.755217,13.010162],[77.755229,13.010216],[77.75525,13.010262],[77.755278,13.010304],[77.755302,13.010335],[77.755357,13.010345],[77.755397,13.010345],[77.755468,13.010317],[77.755503,13.010286],[77.755542,13.010255],[77.755585,13.010247],[77.75566,13.010227],[77.756014,13.010072],[77.756202,13.009939],[77.756438,13.009782],[77.75671,13.009563],[77.756975,13.009297],[77.757116,13.00913],[77.757209,13.009012],[77.757354,13.008872],[77.75769,13.008712],[77.758111,13.008575],[77.758299,13.008439],[77.758315,13.008425],[77.75846,13.008305],[77.758597,13.008211],[77.758743,13.008017],[77.758813,13.00794],[77.758892,13.007877],[77.758982,13.007871],[77.759073,13.00787],[77.759192,13.007858],[77.759294,13.007841],[77.759345,13.007813],[77.759396,13.007786],[77.759439,13.007751],[77.759474,13.007711],[77.759514,13.007669],[77.759548,13.007629],[77.759575,13.007571],[77.759595,13.007514],[77.759614,13.007466],[77.759617,13.007424],[77.75962,13.007338],[77.759636,13.006985],[77.759619,13.006853],[77.759529,13.006575],[77.759496,13.006433],[77.759416,13.006298],[77.759377,13.006224],[77.759365,13.006163],[77.759349,13.006087],[77.759359,13.006002],[77.759374,13.005952],[77.759409,13.005897],[77.759455,13.005851],[77.759498,13.005805],[77.759685,13.005675],[77.759919,13.005539],[77.760123,13.005392],[77.760267,13.005272],[77.760458,13.005089],[77.760659,13.004975],[77.760764,13.004907],[77.760845,13.004894],[77.761012,13.004982],[77.761166,13.005011],[77.761335,13.005076],[77.761473,13.00515],[77.761633,13.005182],[77.761779,13.005192],[77.761862,13.005166],[77.761992,13.005119],[77.762106,13.005032],[77.762196,13.004921],[77.762252,13.004859],[77.762291,13.004797],[77.762359,13.004732],[77.762404,13.004676],[77.76246,13.004544],[77.76251,13.004442],[77.76258,13.004333],[77.762666,13.004147],[77.762718,13.003937],[77.762758,13.003829],[77.762827,13.003698],[77.762971,13.003526],[77.76314,13.003299],[77.763226,13.003164],[77.763311,13.003058],[77.763397,13.00295],[77.763472,13.002851],[77.763551,13.00284],[77.763675,13.002882],[77.763706,13.002926],[77.763833,13.003111],[77.764124,13.004082],[77.764711,13.003881],[77.765399,13.003723],[77.765669,13.003661],[77.765873,13.00357],[77.766189,13.003481],[77.767417,13.003246],[77.767497,13.00322],[77.767871,13.003097],[77.768699,13.00269],[77.768868,13.003033],[77.76907,13.003605],[77.769261,13.003978],[77.769397,13.004579],[77.76938,13.004599],[77.769361,13.004618],[77.769287,13.004699],[77.769474,13.005219],[77.76966,13.005906],[77.769655,13.006178],[77.769759,13.006584],[77.769716,13.007668],[77.769709,13.007802],[77.769678,13.008408],[77.769694,13.008732],[77.769701,13.008864],[77.769869,13.008853],[77.769928,13.009136],[77.769912,13.009218],[77.769893,13.009328],[77.769782,13.009365],[77.769933,13.009746],[77.770106,13.010142],[77.770187,13.010606],[77.770293,13.011153],[77.770375,13.011595],[77.770477,13.011714],[77.770511,13.011755],[77.770541,13.01197],[77.770695,13.012341],[77.770716,13.012393],[77.770878,13.012675],[77.771048,13.013193],[77.771092,13.013425],[77.771136,13.013874],[77.771163,13.013983],[77.771171,13.014014],[77.771216,13.014198],[77.77128,13.014473],[77.771505,13.015099],[77.771604,13.015055],[77.772162,13.014896],[77.77226,13.014849],[77.772785,13.014728],[77.773114,13.014642],[77.77316,13.014459],[77.77315,13.014267],[77.773107,13.014049],[77.773098,13.013932],[77.773097,13.013862],[77.773104,13.013768],[77.773175,13.013675],[77.773428,13.013485],[77.773642,13.01342],[77.77388,13.013434],[77.774079,13.013494],[77.774374,13.013491],[77.774414,13.013459],[77.774436,13.013388],[77.774443,13.013302],[77.774443,13.013232],[77.774434,13.013147],[77.774345,13.013015],[77.774055,13.012653],[77.773896,13.01254],[77.773872,13.012517],[77.773855,13.012479],[77.773855,13.012463],[77.773862,13.012415],[77.77387,13.012353],[77.773893,13.012307],[77.773908,13.012189],[77.773915,13.012127],[77.773921,13.011995],[77.77392,13.011871],[77.773911,13.011753],[77.773838,13.011638],[77.773773,13.011537],[77.773741,13.011498],[77.773724,13.011444],[77.773716,13.011374],[77.773714,13.011249],[77.773729,13.011116],[77.773775,13.010999],[77.773854,13.010944],[77.773917,13.01088],[77.773948,13.010834],[77.773979,13.010755],[77.774002,13.010685],[77.774002,13.010646],[77.773953,13.010588],[77.773729,13.010474],[77.773529,13.010406],[77.773401,13.010352],[77.773345,13.010298],[77.773305,13.010267],[77.77328,13.010183],[77.773271,13.010097],[77.77327,13.010003],[77.773277,13.009925],[77.77334,13.009878],[77.773387,13.009807],[77.773402,13.009722],[77.773425,13.009658],[77.773417,13.009604],[77.773312,13.0095],[77.773224,13.009431],[77.773191,13.00933],[77.773174,13.009236],[77.773164,13.009104],[77.773223,13.00862],[77.773252,13.008441],[77.77333,13.008323],[77.773377,13.008199],[77.773407,13.008081],[77.77343,13.007979],[77.773453,13.007909],[77.77346,13.007839],[77.77346,13.007777],[77.773467,13.007675],[77.773481,13.007559],[77.77344,13.007405],[77.773404,13.007048],[77.773377,13.006705],[77.773359,13.006533],[77.773365,13.006378],[77.773412,13.006261],[77.773482,13.00619],[77.773569,13.006157],[77.773776,13.006155],[77.773888,13.00617],[77.773968,13.006215],[77.77408,13.006316],[77.774128,13.006362],[77.774225,13.006432],[77.774296,13.006438],[77.774415,13.006436],[77.774479,13.006421],[77.774558,13.006365],[77.774692,13.006255],[77.774858,13.00616],[77.775016,13.006104],[77.775096,13.006095],[77.77535,13.006092],[77.77547,13.006083],[77.77568,13.006015],[77.775744,13.005992],[77.775815,13.00592],[77.775854,13.005881],[77.775869,13.005803],[77.775892,13.005701],[77.775889,13.005491],[77.775857,13.005414],[77.775799,13.00529],[77.775775,13.005235],[77.775734,13.005127],[77.775674,13.004707],[77.7757,13.0042],[77.775696,13.00397],[77.775619,13.003511],[77.775498,13.003325],[77.775241,13.003102],[77.775049,13.003018],[77.774833,13.002904],[77.774769,13.002881],[77.774682,13.002882],[77.774475,13.002908],[77.7743,13.002933],[77.774022,13.002975],[77.773753,13.00308],[77.773563,13.003152],[77.773499,13.00316],[77.773148,13.003055],[77.773009,13.003006],[77.772769,13.002969],[77.77265,13.002924],[77.772505,13.002801],[77.772464,13.002708],[77.772463,13.002591],[77.77247,13.002521],[77.772524,13.002372],[77.772575,13.002299],[77.772647,13.002236],[77.772751,13.002105],[77.77281,13.001982],[77.772862,13.001944],[77.77293,13.001914],[77.773035,13.001898],[77.773186,13.001897],[77.773627,13.001874],[77.773661,13.001877],[77.773683,13.00184],[77.773709,13.001799],[77.773727,13.001676],[77.773738,13.001614],[77.773741,13.001427],[77.773771,13.001331],[77.773822,13.001249],[77.773894,13.001219],[77.774041,13.001194],[77.77469,13.001155],[77.774765,13.001146],[77.77484,13.001108],[77.774895,13.001034],[77.774991,13.000859],[77.775001,13.000649],[77.774951,13.000543],[77.77487,13.000385],[77.774846,13.000231],[77.774836,13.00006],[77.774832,12.999714],[77.774889,12.999329],[77.774985,12.998829],[77.775005,12.998439],[77.775031,12.997923],[77.77508,12.997555],[77.774959,12.997527],[77.77511,12.997049],[77.774848,12.996005],[77.774826,12.995549],[77.774809,12.99539],[77.7748,12.995308],[77.774508,12.993862],[77.77449,12.99377],[77.774183,12.992003],[77.775209,12.992105],[77.77538,12.992023],[77.776028,12.991712],[77.776114,12.991533],[77.776117,12.991222],[77.775997,12.990659],[77.77615,12.989904],[77.776347,12.989446],[77.776496,12.988315],[77.775942,12.988294],[77.776148,12.98792],[77.776056,12.987065],[77.775904,12.986392],[77.776068,12.985872],[77.776422,12.98554],[77.776662,12.985352],[77.776941,12.985377],[77.777147,12.985165],[77.777006,12.985044],[77.776576,12.984865],[77.776613,12.984589],[77.776542,12.984197],[77.77639,12.983714],[77.776291,12.983243],[77.776248,12.982942],[77.776095,12.982498],[77.775906,12.982329],[77.77565,12.982142],[77.775421,12.981489],[77.775362,12.98141],[77.775203,12.981257],[77.775028,12.98109],[77.774759,12.980702],[77.77472,12.980522],[77.774932,12.980404],[77.775258,12.98024],[77.775402,12.980212],[77.775473,12.980132],[77.775911,12.979932],[77.776038,12.979795],[77.776311,12.979482],[77.776434,12.979365],[77.776529,12.97932],[77.776622,12.979103],[77.776979,12.978738],[77.77716,12.978503],[77.777413,12.978369],[77.777793,12.978592],[77.778358,12.9786],[77.778392,12.978581],[77.778425,12.978562],[77.778519,12.978134],[77.778559,12.978008],[77.778827,12.977163],[77.778625,12.976797],[77.778523,12.976643],[77.778523,12.976643],[77.778244,12.976224],[77.777778,12.976186],[77.777778,12.976186],[77.777669,12.976177],[77.777259,12.976536],[77.777142,12.976483],[77.776976,12.976408],[77.776898,12.976304],[77.776678,12.976018],[77.776675,12.975717],[77.776515,12.97541],[77.776484,12.975352],[77.77616,12.97497],[77.776647,12.974309],[77.776874,12.974002],[77.777684,12.973706],[77.778149,12.973398],[77.778602,12.972939],[77.779243,12.972236],[77.778628,12.971084],[77.778673,12.97048],[77.779211,12.970244],[77.780217,12.970164],[77.780835,12.970319],[77.781149,12.970771],[77.781974,12.970962],[77.782861,12.970993],[77.783262,12.970891],[77.783647,12.970616],[77.783912,12.969357],[77.784361,12.968558],[77.78418,12.966789],[77.784078,12.966563],[77.781848,12.966135],[77.781691,12.966243],[77.781584,12.966381],[77.781453,12.966612],[77.781397,12.966816],[77.781224,12.966957],[77.780535,12.967124],[77.779883,12.967147],[77.779364,12.966969],[77.779069,12.96689],[77.778596,12.966765],[77.778474,12.966994],[77.778656,12.967718],[77.777451,12.968224],[77.777311,12.968168],[77.777221,12.968133],[77.777197,12.96801],[77.777177,12.967898],[77.776479,12.967758],[77.776089,12.967424],[77.775097,12.966881],[77.774826,12.966675],[77.77459,12.96651],[77.774366,12.966497],[77.774031,12.966379],[77.773863,12.966249],[77.7735,12.966093],[77.773287,12.966059],[77.773177,12.966041],[77.773121,12.966031],[77.773087,12.966026],[77.772106,12.965867],[77.771984,12.965923],[77.771495,12.965361],[77.771234,12.965045],[77.771001,12.96472],[77.770689,12.964233],[77.77047,12.963395],[77.770474,12.963337],[77.770517,12.963333],[77.770476,12.963038],[77.770204,12.963056],[77.77018,12.962851],[77.770157,12.962648],[77.770082,12.962455],[77.769979,12.962194],[77.769812,12.96177],[77.769686,12.961732],[77.769187,12.961584],[77.768821,12.96153],[77.768676,12.961431],[77.768229,12.961128],[77.768136,12.960757],[77.768041,12.96053],[77.767962,12.960342],[77.76763,12.960204],[77.767299,12.960066],[77.767164,12.959747],[77.767097,12.959467],[77.766947,12.959461],[77.766993,12.95936],[77.766831,12.9593],[77.766603,12.959216],[77.766307,12.959332],[77.766113,12.959408],[77.765878,12.959504],[77.765465,12.959671],[77.76544,12.959682],[77.765415,12.959691],[77.764881,12.959895],[77.764793,12.959461],[77.764567,12.959491],[77.764423,12.95877],[77.764331,12.957583],[77.764334,12.957264],[77.764339,12.956544],[77.764377,12.956119],[77.764417,12.955997],[77.764479,12.955901],[77.764505,12.95576],[77.764579,12.95563],[77.764564,12.955436],[77.764555,12.955319],[77.764573,12.955088],[77.764469,12.955028],[77.764543,12.954883],[77.764545,12.953792],[77.764548,12.953703],[77.76457,12.952919],[77.764549,12.952158],[77.76456,12.951914],[77.764644,12.951372],[77.764924,12.951078],[77.764919,12.95048],[77.76503,12.950129],[77.765286,12.948762],[77.765364,12.947752],[77.765416,12.947375],[77.765416,12.947375],[77.765467,12.947007],[77.765524,12.946593],[77.76551,12.945403],[77.765341,12.943769],[77.765302,12.943334],[77.765271,12.942906],[77.765253,12.942657],[77.765275,12.94224],[77.765269,12.942208],[77.765269,12.942204],[77.765292,12.941865],[77.765404,12.94016],[77.765424,12.93943],[77.765519,12.93805],[77.765512,12.937016],[77.765632,12.936895],[77.766003,12.935922],[77.766345,12.935018],[77.765688,12.933378],[77.765675,12.932994],[77.765593,12.931803],[77.765512,12.931541],[77.765314,12.930895],[77.765113,12.930237],[77.764651,12.928775],[77.763296,12.928558],[77.76235,12.928389],[77.762319,12.928384],[77.762288,12.92838],[77.761916,12.928237],[77.76133,12.927926],[77.760526,12.927706],[77.759978,12.927525],[77.759335,12.927303],[77.758404,12.927013],[77.757942,12.926829],[77.756989,12.926452],[77.756652,12.926337],[77.756567,12.926321],[77.756537,12.926316],[77.755923,12.926148],[77.755344,12.926015],[77.755194,12.925972],[77.754693,12.925826],[77.754603,12.925814],[77.754285,12.925775],[77.753477,12.925592],[77.752866,12.925428],[77.752216,12.92526],[77.752096,12.924689],[77.751742,12.923347],[77.751571,12.922767],[77.751434,12.922315],[77.751379,12.922083],[77.751354,12.922074],[77.751329,12.922065],[77.750571,12.921799],[77.749733,12.921492],[77.749596,12.921432],[77.748643,12.921071],[77.747502,12.920639],[77.747322,12.920573],[77.746643,12.920326],[77.746099,12.920136],[77.745805,12.92002],[77.745685,12.919902],[77.745555,12.919228],[77.745538,12.919086],[77.745464,12.918807],[77.745433,12.918539],[77.745389,12.918063],[77.745365,12.917589],[77.745279,12.916924],[77.745185,12.916156],[77.745012,12.915315],[77.744822,12.914289],[77.744734,12.913721],[77.743903,12.913795],[77.743183,12.913836],[77.742987,12.913904],[77.742495,12.914038],[77.742358,12.914056],[77.742074,12.914236],[77.741777,12.914262],[77.74151,12.914382],[77.741158,12.914478],[77.740795,12.914546],[77.740617,12.914513],[77.739836,12.914451],[77.739106,12.914332],[77.738945,12.91433],[77.738848,12.914328],[77.738617,12.914305],[77.737743,12.91462],[77.737506,12.914722],[77.73735,12.914642],[77.737284,12.913503],[77.736533,12.913418],[77.736049,12.913376],[77.735483,12.913334],[77.735146,12.91331],[77.734934,12.913292],[77.734773,12.913262],[77.734447,12.913197],[77.734397,12.913336],[77.734361,12.913543],[77.734356,12.913718],[77.734338,12.913819],[77.734361,12.914182],[77.734278,12.914127],[77.732667,12.914182],[77.73207,12.913924],[77.731408,12.914004],[77.731067,12.914092],[77.730496,12.914208],[77.729984,12.914256],[77.729033,12.914368],[77.728709,12.914386],[77.727949,12.91446],[77.727758,12.914445],[77.727569,12.914412],[77.727622,12.914085],[77.727662,12.913841],[77.727643,12.912134],[77.727612,12.910887],[77.727336,12.909845],[77.726926,12.908702],[77.726882,12.908586],[77.726739,12.908028],[77.726277,12.90661],[77.726063,12.906643],[77.72563,12.906725],[77.724856,12.90686],[77.724528,12.906927],[77.723304,12.907273],[77.722809,12.907262],[77.721635,12.907778],[77.721383,12.907861],[77.72127,12.90793],[77.720764,12.908221],[77.720746,12.908893],[77.720399,12.908901],[77.720098,12.908848],[77.719672,12.908754],[77.71971,12.908212],[77.719699,12.908135],[77.719213,12.908137],[77.718762,12.908172],[77.717856,12.908374],[77.717913,12.908872],[77.717774,12.90894],[77.71764,12.908966],[77.717289,12.908746],[77.716971,12.908328],[77.716122,12.907387],[77.715604,12.907494],[77.714593,12.907941],[77.714228,12.908083],[77.713953,12.908078],[77.713388,12.907942],[77.7113,12.907863],[77.709487,12.907943],[77.708353,12.908147],[77.708353,12.908147],[77.707997,12.906449],[77.707092,12.903301],[77.706871,12.902026],[77.706693,12.902081],[77.705786,12.902526],[77.704842,12.902994],[77.704064,12.903394],[77.703984,12.903434],[77.703984,12.903434],[77.70355,12.90365],[77.702847,12.904041],[77.702887,12.904088],[77.702336,12.904393],[77.701739,12.904724],[77.701054,12.9051],[77.700404,12.905452],[77.699441,12.905977],[77.699064,12.906175],[77.699033,12.906188],[77.698784,12.90629],[77.698484,12.90639],[77.698344,12.906429],[77.698268,12.90645],[77.698133,12.906487],[77.697989,12.906525],[77.697806,12.906574],[77.697531,12.906644],[77.697212,12.906735],[77.696739,12.906871],[77.696649,12.906898],[77.696224,12.907017],[77.695568,12.907215],[77.695549,12.907222],[77.695181,12.907334],[77.694766,12.907453],[77.694429,12.90754],[77.693968,12.907656],[77.693933,12.907664],[77.693933,12.907664],[77.693683,12.907725],[77.693416,12.907789],[77.693267,12.907829],[77.693205,12.907846],[77.693039,12.907889],[77.692618,12.908001],[77.692058,12.908143],[77.690687,12.908521],[77.690623,12.908538],[77.689775,12.908759],[77.689691,12.90878],[77.688818,12.909052],[77.68803,12.909359],[77.687494,12.90957],[77.687494,12.90957],[77.6874,12.909607],[77.687094,12.909726],[77.686371,12.910007],[77.685822,12.910228],[77.685142,12.910498],[77.684517,12.910744],[77.683746,12.911058],[77.682974,12.911376],[77.682824,12.911437],[77.682565,12.91157],[77.682565,12.91157],[77.682409,12.911649],[77.681469,12.912128],[77.681124,12.912304],[77.68039,12.912686],[77.680016,12.912883],[77.679154,12.913317],[77.67873,12.913517],[77.678485,12.913626],[77.678103,12.913774],[77.677615,12.913963],[77.677631,12.914084],[77.677615,12.913963],[77.677615,12.913963],[77.675531,12.914569],[77.673984,12.91559]]]},"properties":{"Corporatio":"East","Zone":"Zone1","_folder":"zones"}},{"type":"Feature","geometry":{"type":"Polygon","coordinates":[[[77.617005,12.949148],[77.616951,12.949186],[77.616917,12.9492],[77.616902,12.949207],[77.616888,12.949219],[77.616858,12.949246],[77.616694,12.949264],[77.616376,12.949273],[77.616009,12.949271],[77.61577,12.94927],[77.615666,12.94927],[77.615134,12.949273],[77.615043,12.949274],[77.614652,12.949278],[77.614521,12.94928],[77.614422,12.949281],[77.614335,12.949281],[77.614168,12.949283],[77.613798,12.949285],[77.61361,12.949287],[77.613128,12.949292],[77.612663,12.949296],[77.611665,12.949307],[77.611615,12.949245],[77.611436,12.949021],[77.611037,12.948966],[77.610297,12.949099],[77.609929,12.949166],[77.609444,12.949236],[77.60898,12.949306],[77.605792,12.949798],[77.605735,12.949974],[77.60569,12.950116],[77.605689,12.950116],[77.604803,12.950232],[77.60391,12.950392],[77.603443,12.950509],[77.603456,12.950552],[77.60344,12.950548],[77.602773,12.950378],[77.602488,12.950306],[77.6024,12.950283],[77.602189,12.950224],[77.601912,12.950147],[77.601594,12.950058],[77.601553,12.950046],[77.601295,12.949976],[77.601025,12.949903],[77.600818,12.949846],[77.60071,12.949817],[77.600629,12.9498],[77.600604,12.9498],[77.600536,12.94974],[77.600483,12.94973],[77.600277,12.949766],[77.600237,12.949775],[77.600142,12.949848],[77.600025,12.949939],[77.599879,12.95003],[77.599832,12.950073],[77.599651,12.950239],[77.599614,12.950273],[77.599411,12.950394],[77.599214,12.95058],[77.598996,12.950726],[77.598901,12.950859],[77.598832,12.950916],[77.598818,12.950927],[77.598797,12.950945],[77.598369,12.951297],[77.598093,12.951515],[77.597985,12.95158],[77.59787,12.951679],[77.597701,12.951823],[77.597522,12.951969],[77.597462,12.952008],[77.597309,12.952106],[77.597139,12.952219],[77.597005,12.952359],[77.59686,12.952476],[77.596783,12.952538],[77.59662,12.952671],[77.596568,12.95271],[77.596248,12.952939],[77.595939,12.953183],[77.595711,12.953375],[77.595578,12.953472],[77.595452,12.953563],[77.595393,12.953608],[77.595134,12.953806],[77.594765,12.954087],[77.594565,12.954243],[77.594498,12.95429],[77.594133,12.954568],[77.593604,12.954969],[77.592949,12.955477],[77.592754,12.955627],[77.592383,12.955928],[77.592311,12.955982],[77.592233,12.95604],[77.592226,12.956046],[77.592428,12.956589],[77.592664,12.957221],[77.592954,12.958],[77.593126,12.958433],[77.593733,12.959961],[77.593792,12.960109],[77.594057,12.960809],[77.594516,12.962022],[77.594535,12.962042],[77.594543,12.96205],[77.594724,12.962234],[77.594819,12.962332],[77.594828,12.962336],[77.594926,12.962404],[77.594946,12.962417],[77.595183,12.962581],[77.595198,12.962594],[77.595726,12.963034],[77.595951,12.963244],[77.595985,12.963277],[77.596263,12.96361],[77.596377,12.963793],[77.596486,12.963966],[77.596624,12.964192],[77.596861,12.964696],[77.596908,12.964826],[77.596908,12.964826],[77.596908,12.964826],[77.596908,12.964826],[77.596901,12.964849],[77.596901,12.964849],[77.596399,12.964893],[77.596264,12.964924],[77.596249,12.964927],[77.596107,12.964995],[77.595943,12.96513],[77.595878,12.965204],[77.595859,12.965227],[77.595811,12.965282],[77.595764,12.965346],[77.595667,12.965488],[77.595592,12.965598],[77.595565,12.965641],[77.595421,12.965863],[77.595373,12.965939],[77.595325,12.966012],[77.595221,12.966173],[77.59516,12.966281],[77.595066,12.966569],[77.594961,12.967044],[77.594973,12.967232],[77.594977,12.96729],[77.594963,12.967393],[77.594947,12.967505],[77.594778,12.968189],[77.594433,12.96976],[77.593953,12.972024],[77.594067,12.972173],[77.594512,12.972755],[77.595052,12.973444],[77.595683,12.973927],[77.596632,12.974717],[77.596636,12.974721],[77.597532,12.975373],[77.599321,12.976665],[77.599317,12.976672],[77.598563,12.978317],[77.598001,12.979526],[77.597512,12.980544],[77.59776,12.980748],[77.598419,12.980548],[77.599297,12.980283],[77.600915,12.979723],[77.602321,12.979237],[77.602448,12.979196],[77.602478,12.979186],[77.603416,12.978879],[77.605191,12.978298],[77.605481,12.978205],[77.606681,12.977821],[77.607614,12.977521],[77.608774,12.977151],[77.608922,12.977104],[77.614387,12.975303],[77.613853,12.973726],[77.615108,12.973442],[77.617527,12.972894],[77.619301,12.972493],[77.619323,12.972479],[77.619323,12.972479],[77.619684,12.972705],[77.619897,12.972742],[77.620019,12.972725],[77.620277,12.97269],[77.620823,12.972668],[77.621032,12.972686],[77.621634,12.972827],[77.62191,12.972995],[77.622275,12.973211],[77.622289,12.97322],[77.622611,12.973411],[77.622935,12.973605],[77.623109,12.97371],[77.623776,12.974117],[77.623972,12.974235],[77.624574,12.974603],[77.624746,12.974712],[77.624923,12.974826],[77.624923,12.974826],[77.625275,12.97505],[77.625317,12.975082],[77.62535,12.975106],[77.625459,12.975188],[77.625545,12.975254],[77.62561,12.9753],[77.625973,12.975556],[77.626122,12.975693],[77.626386,12.975936],[77.626581,12.976136],[77.626636,12.976192],[77.626826,12.976471],[77.626838,12.976489],[77.626851,12.976508],[77.626984,12.976867],[77.627089,12.977174],[77.627143,12.977253],[77.627212,12.977353],[77.627322,12.977458],[77.627504,12.977574],[77.627569,12.977604],[77.627829,12.977724],[77.628043,12.977788],[77.628285,12.977917],[77.628494,12.97813],[77.628496,12.978132],[77.628407,12.978189],[77.628144,12.978307],[77.627773,12.978431],[77.627472,12.978512],[77.627074,12.978589],[77.626702,12.978657],[77.626426,12.978677],[77.626294,12.978669],[77.626382,12.979016],[77.626397,12.97915],[77.62644,12.979297],[77.626447,12.979381],[77.626441,12.97941],[77.62644,12.979414],[77.62631,12.979405],[77.626276,12.979394],[77.62625,12.979383],[77.626225,12.979379],[77.625694,12.979482],[77.625879,12.980265],[77.625502,12.980321],[77.625575,12.980767],[77.625331,12.980765],[77.625121,12.980763],[77.625005,12.980762],[77.624312,12.980902],[77.624353,12.980955],[77.624432,12.981317],[77.624554,12.981871],[77.624558,12.981892],[77.623818,12.981812],[77.622928,12.98174],[77.622791,12.982444],[77.622515,12.983842],[77.622493,12.984115],[77.622498,12.985585],[77.622508,12.985922],[77.622525,12.986718],[77.622536,12.987224],[77.622546,12.987692],[77.621157,12.987489],[77.620077,12.987374],[77.62002,12.987265],[77.619307,12.987203],[77.61943,12.987987],[77.619475,12.988273],[77.619496,12.988404],[77.619513,12.988788],[77.619548,12.989611],[77.619554,12.989858],[77.619551,12.989909],[77.61951,12.990469],[77.619479,12.990833],[77.619397,12.991399],[77.619358,12.991692],[77.619203,12.992102],[77.618876,12.992738],[77.618861,12.992768],[77.618751,12.99297],[77.618706,12.993053],[77.618273,12.993901],[77.61799,12.994421],[77.617635,12.995027],[77.617599,12.99509],[77.617428,12.995273],[77.617345,12.995362],[77.616996,12.995568],[77.616912,12.995635],[77.61678,12.995749],[77.616832,12.995789],[77.61701,12.996247],[77.617211,12.996768],[77.617371,12.997179],[77.617394,12.99724],[77.617509,12.997482],[77.617543,12.997554],[77.617751,12.997996],[77.617753,12.998],[77.617816,12.998098],[77.617936,12.998284],[77.618002,12.998304],[77.618386,12.998465],[77.618397,12.998469],[77.618854,12.998678],[77.618977,12.99877],[77.619119,12.998942],[77.619228,12.999112],[77.61934,12.999315],[77.619413,12.99941],[77.619427,12.99942],[77.619897,12.999753],[77.619954,12.999793],[77.620112,12.999898],[77.620183,12.999965],[77.620269,12.999888],[77.621741,12.998575],[77.622292,12.998089],[77.623163,12.997321],[77.624153,12.996444],[77.624617,12.99605],[77.625035,12.995799],[77.62505,12.99579],[77.625426,12.995548],[77.626232,12.995185],[77.626952,12.99494],[77.627137,12.99489],[77.627675,12.994745],[77.629155,12.994475],[77.629151,12.994438],[77.629134,12.994402],[77.62908,12.99435],[77.628892,12.994186],[77.629098,12.994274],[77.630339,12.994055],[77.630602,12.994012],[77.631607,12.993846],[77.631875,12.993798],[77.631913,12.993791],[77.632579,12.993634],[77.632958,12.993553],[77.634115,12.99331],[77.634469,12.993286],[77.634543,12.993266],[77.634818,12.993191],[77.636326,12.992881],[77.63734,12.992682],[77.63737,12.992866],[77.637405,12.993166],[77.637414,12.993243],[77.63744,12.993406],[77.637471,12.993671],[77.63789,12.993635],[77.637954,12.993797],[77.637962,12.993818],[77.638057,12.994202],[77.637901,12.994236],[77.63792,12.994778],[77.637939,12.995101],[77.638195,12.995073],[77.638706,12.995019],[77.638878,12.995015],[77.639028,12.994989],[77.639035,12.994988],[77.639196,12.994966],[77.639372,12.994948],[77.639407,12.994948],[77.639472,12.994947],[77.639542,12.994943],[77.639722,12.994926],[77.639884,12.99491],[77.639886,12.99491],[77.640048,12.994919],[77.640315,12.994887],[77.640449,12.994871],[77.640659,12.995684],[77.641178,12.995399],[77.641232,12.995388],[77.641324,12.995778],[77.642369,12.995777],[77.642719,12.995803],[77.642719,12.995803],[77.642719,12.995803],[77.642707,12.995819],[77.642683,12.995861],[77.64215,12.996627],[77.642103,12.996696],[77.641311,12.997831],[77.640962,12.998323],[77.64075,12.998652],[77.640696,12.998735],[77.640653,12.998821],[77.64058,12.998919],[77.640528,12.999018],[77.640493,12.999105],[77.640469,12.999197],[77.640432,12.999286],[77.640079,12.999952],[77.640065,12.999977],[77.639654,13.000744],[77.639469,13.001055],[77.639244,13.001376],[77.639193,13.00145],[77.63905,13.001605],[77.638959,13.001702],[77.638908,13.001764],[77.638868,13.001851],[77.638802,13.00199],[77.638747,13.002119],[77.638676,13.002256],[77.638606,13.002512],[77.638594,13.00257],[77.638566,13.002633],[77.638526,13.00268],[77.638446,13.002727],[77.637702,13.003106],[77.637437,13.003242],[77.637214,13.003355],[77.636738,13.003642],[77.636586,13.003734],[77.636506,13.00378],[77.63644,13.003819],[77.636423,13.003828],[77.636339,13.003884],[77.636351,13.003958],[77.636651,13.004231],[77.636707,13.004278],[77.636833,13.004384],[77.637141,13.004667],[77.637254,13.004816],[77.63733,13.004911],[77.637413,13.005008],[77.637448,13.005042],[77.637452,13.005048],[77.637458,13.005054],[77.637593,13.005171],[77.638007,13.005404],[77.638068,13.005438],[77.638311,13.005415],[77.638463,13.005408],[77.638541,13.005407],[77.638634,13.005408],[77.63882,13.005441],[77.6392,13.005531],[77.6397,13.005712],[77.640111,13.005846],[77.640674,13.005983],[77.641018,13.006038],[77.641094,13.006051],[77.641638,13.006094],[77.641945,13.006125],[77.642277,13.006159],[77.642303,13.006162],[77.642712,13.0062],[77.642853,13.006222],[77.643158,13.006268],[77.643178,13.006271],[77.643363,13.006296],[77.643464,13.006301],[77.643541,13.006303],[77.644145,13.006346],[77.644234,13.006352],[77.644389,13.00637],[77.644444,13.006376],[77.644444,13.006376],[77.644549,13.006388],[77.644764,13.006399],[77.644861,13.006401],[77.644972,13.006403],[77.645113,13.006405],[77.645194,13.006403],[77.645475,13.006395],[77.645528,13.00639],[77.645793,13.006925],[77.645845,13.006996],[77.64607,13.007302],[77.646096,13.007335],[77.646178,13.00739],[77.646242,13.007422],[77.646289,13.007444],[77.64635,13.007515],[77.646378,13.007546],[77.646485,13.007714],[77.646548,13.007813],[77.646625,13.007899],[77.646704,13.007991],[77.647495,13.007693],[77.64785,13.007559],[77.647981,13.007529],[77.647982,13.007595],[77.648397,13.007581],[77.648569,13.007576],[77.648615,13.007573],[77.648858,13.007556],[77.648969,13.007549],[77.649071,13.007537],[77.649304,13.007508],[77.649509,13.007484],[77.649573,13.007478],[77.649678,13.007471],[77.649737,13.00746],[77.649954,13.007362],[77.650043,13.007306],[77.650227,13.007193],[77.650384,13.007093],[77.650461,13.007045],[77.650634,13.006961],[77.650741,13.006919],[77.650845,13.006877],[77.650864,13.00687],[77.65097,13.006839],[77.651088,13.006825],[77.651106,13.006822],[77.651188,13.006806],[77.651264,13.00679],[77.651324,13.006776],[77.651389,13.00676],[77.651466,13.006734],[77.651568,13.00669],[77.651474,13.006501],[77.651262,13.006079],[77.651831,13.005985],[77.652876,13.005815],[77.653175,13.006051],[77.653351,13.006192],[77.653465,13.006281],[77.653525,13.006331],[77.653673,13.006452],[77.653856,13.006601],[77.654086,13.006789],[77.654218,13.006937],[77.654621,13.00739],[77.654973,13.007785],[77.655013,13.007828],[77.655587,13.008448],[77.655853,13.008721],[77.656079,13.008953],[77.656101,13.008976],[77.656203,13.009069],[77.657496,13.009993],[77.657592,13.010063],[77.658131,13.01045],[77.658454,13.010672],[77.658905,13.010914],[77.65936,13.011141],[77.659514,13.011217],[77.660024,13.011433],[77.660859,13.011719],[77.661685,13.012003],[77.661798,13.01205],[77.662298,13.012389],[77.66234,13.011708],[77.662451,13.010412],[77.66246,13.010343],[77.662475,13.010221],[77.662504,13.009977],[77.662521,13.009515],[77.662532,13.009212],[77.662562,13.008375],[77.662569,13.008193],[77.662603,13.007999],[77.662665,13.007635],[77.662725,13.007294],[77.662956,13.005994],[77.663037,13.005513],[77.663128,13.004974],[77.663189,13.004557],[77.663246,13.003734],[77.663304,13.002912],[77.663297,13.002255],[77.663323,13.001912],[77.663592,12.998259],[77.663867,12.997814],[77.66407,12.997484],[77.663845,12.997354],[77.663255,12.997022],[77.662791,12.99676],[77.662794,12.996755],[77.662834,12.996691],[77.663206,12.996162],[77.663536,12.995527],[77.66354,12.995519],[77.664135,12.994521],[77.66416,12.994482],[77.664164,12.994475],[77.664997,12.993147],[77.665532,12.992383],[77.66626,12.991582],[77.666907,12.991053],[77.667872,12.990477],[77.668364,12.990195],[77.668213,12.990009],[77.668255,12.989962],[77.668164,12.989842],[77.668056,12.989818],[77.667962,12.989784],[77.667889,12.989758],[77.667885,12.989757],[77.667629,12.989526],[77.66761,12.989451],[77.66741,12.988671],[77.667366,12.988],[77.66738,12.987916],[77.667492,12.987219],[77.667526,12.985937],[77.667817,12.985874],[77.667951,12.985532],[77.667973,12.985491],[77.668195,12.985631],[77.668264,12.985673],[77.668354,12.985723],[77.668712,12.985897],[77.668884,12.985976],[77.66948,12.986122],[77.669796,12.986156],[77.670452,12.986071],[77.670815,12.986016],[77.671283,12.9859],[77.671353,12.986026],[77.671712,12.985878],[77.672139,12.985994],[77.672933,12.98637],[77.673367,12.986389],[77.674538,12.986373],[77.674924,12.986368],[77.67533,12.986096],[77.67579,12.985821],[77.676457,12.985476],[77.676462,12.985473],[77.676925,12.985164],[77.677367,12.984871],[77.677497,12.984817],[77.677609,12.984773],[77.67766,12.984742],[77.677719,12.984657],[77.67781,12.984656],[77.677872,12.984641],[77.678027,12.984559],[77.678242,12.984439],[77.678357,12.984358],[77.678472,12.984269],[77.678591,12.984081],[77.678815,12.984049],[77.678954,12.98403],[77.679068,12.983989],[77.679145,12.983944],[77.679704,12.983617],[77.679713,12.983628],[77.679799,12.983588],[77.679842,12.983568],[77.680014,12.983414],[77.68024,12.983076],[77.680247,12.983065],[77.680439,12.982755],[77.680416,12.982497],[77.680382,12.982326],[77.680381,12.982321],[77.680297,12.982074],[77.680295,12.982066],[77.680215,12.981843],[77.680185,12.98176],[77.680143,12.981559],[77.680139,12.981547],[77.680062,12.981311],[77.679973,12.981042],[77.679963,12.98101],[77.679898,12.980771],[77.679823,12.980495],[77.679751,12.980232],[77.679751,12.980203],[77.679751,12.980012],[77.679653,12.97947],[77.679505,12.979047],[77.679487,12.978938],[77.679419,12.978527],[77.679371,12.978237],[77.679338,12.977976],[77.679338,12.977976],[77.679334,12.977581],[77.679314,12.976894],[77.679345,12.976699],[77.679354,12.976649],[77.679378,12.976514],[77.679299,12.976162],[77.679061,12.975693],[77.679003,12.97553],[77.678916,12.975287],[77.67872,12.974671],[77.678695,12.974592],[77.678539,12.97414],[77.678442,12.973863],[77.67837,12.973654],[77.67836,12.973615],[77.67824,12.97317],[77.678116,12.972709],[77.677193,12.972871],[77.676717,12.972972],[77.676249,12.973093],[77.675774,12.973197],[77.67577,12.973198],[77.675397,12.973278],[77.675366,12.973284],[77.675142,12.973329],[77.674862,12.973384],[77.674491,12.973488],[77.674483,12.97349],[77.674207,12.973574],[77.673957,12.973648],[77.673621,12.97375],[77.673456,12.973806],[77.673274,12.973868],[77.672955,12.97398],[77.672702,12.97407],[77.672686,12.974075],[77.672525,12.974131],[77.672345,12.974183],[77.671848,12.974348],[77.671652,12.974417],[77.671618,12.97443],[77.671123,12.97458],[77.67075,12.974686],[77.670522,12.974762],[77.670295,12.974827],[77.670213,12.974875],[77.670193,12.97489],[77.670101,12.974954],[77.669819,12.975044],[77.669443,12.975175],[77.66926,12.97524],[77.669214,12.975259],[77.669026,12.975336],[77.668847,12.975403],[77.668742,12.975426],[77.668525,12.975468],[77.668135,12.975547],[77.668033,12.975552],[77.667928,12.975557],[77.667634,12.97558],[77.667314,12.975574],[77.666985,12.975484],[77.666887,12.975458],[77.666647,12.975401],[77.666598,12.975372],[77.666561,12.975354],[77.666516,12.975333],[77.666517,12.975326],[77.666611,12.974425],[77.666902,12.974381],[77.666914,12.974301],[77.666847,12.97375],[77.666805,12.9734],[77.666792,12.973347],[77.666846,12.973334],[77.666842,12.973258],[77.666815,12.97319],[77.666796,12.973181],[77.666732,12.973192],[77.666661,12.973009],[77.666698,12.972967],[77.666846,12.9728],[77.666965,12.972618],[77.666885,12.97258],[77.666709,12.972503],[77.666573,12.97245],[77.666568,12.972404],[77.666558,12.972283],[77.66655,12.972199],[77.666546,12.972147],[77.666528,12.971992],[77.666522,12.971955],[77.666512,12.97192],[77.666488,12.971873],[77.666456,12.971825],[77.666315,12.971638],[77.666166,12.971456],[77.666158,12.971446],[77.666142,12.97145],[77.665717,12.97152],[77.665531,12.971578],[77.665406,12.971749],[77.665335,12.971844],[77.664918,12.971791],[77.664794,12.971781],[77.664506,12.97176],[77.664234,12.971702],[77.663903,12.971631],[77.663057,12.971538],[77.66263,12.971598],[77.661984,12.971787],[77.661566,12.971979],[77.661574,12.971701],[77.661518,12.97162],[77.661024,12.971589],[77.660803,12.971584],[77.660157,12.971566],[77.659596,12.971586],[77.659288,12.97154],[77.659042,12.971508],[77.658637,12.971453],[77.658735,12.971254],[77.658361,12.971057],[77.658104,12.970984],[77.657885,12.970855],[77.657753,12.970777],[77.657702,12.970712],[77.657689,12.970558],[77.657658,12.970344],[77.657629,12.97015],[77.657526,12.969529],[77.657447,12.969121],[77.657375,12.968906],[77.657274,12.968244],[77.657952,12.968165],[77.658337,12.967656],[77.658492,12.967434],[77.658461,12.967192],[77.658989,12.967115],[77.659585,12.967024],[77.659704,12.967081],[77.65993,12.967026],[77.660536,12.966934],[77.661547,12.96678],[77.661645,12.966804],[77.661965,12.966306],[77.661787,12.966192],[77.661786,12.966186],[77.661771,12.966001],[77.661706,12.965816],[77.661684,12.965742],[77.661652,12.96568],[77.661652,12.965677],[77.661646,12.965633],[77.66163,12.965605],[77.661559,12.965532],[77.661508,12.965511],[77.661393,12.965503],[77.661275,12.96545],[77.66114,12.965447],[77.661069,12.965452],[77.661,12.965178],[77.66072,12.965194],[77.660546,12.964962],[77.660534,12.9649],[77.660796,12.964853],[77.660936,12.964498],[77.66106,12.964302],[77.661087,12.964154],[77.661088,12.964154],[77.661342,12.964191],[77.661608,12.964238],[77.661619,12.96424],[77.661781,12.964273],[77.661791,12.964272],[77.661791,12.96425],[77.661747,12.963542],[77.661708,12.962902],[77.66168,12.962783],[77.661539,12.96253],[77.661447,12.962137],[77.661351,12.96215],[77.660972,12.962208],[77.660947,12.962212],[77.660915,12.962052],[77.660884,12.961917],[77.66085,12.961767],[77.66082,12.961607],[77.659999,12.961686],[77.659968,12.961689],[77.659865,12.961324],[77.659773,12.961026],[77.660164,12.96087],[77.6599,12.960255],[77.659853,12.960255],[77.659837,12.960251],[77.65982,12.960239],[77.659795,12.96022],[77.659791,12.960217],[77.659808,12.960181],[77.659765,12.959926],[77.659754,12.959869],[77.659747,12.959818],[77.659729,12.95971],[77.659669,12.95921],[77.659666,12.959099],[77.659664,12.959062],[77.659775,12.959076],[77.660387,12.959159],[77.660478,12.959177],[77.66085,12.959247],[77.660889,12.959254],[77.661144,12.959243],[77.66144,12.95923],[77.661488,12.959227],[77.662153,12.959187],[77.6622,12.959178],[77.663077,12.959022],[77.663477,12.958916],[77.663582,12.958892],[77.663503,12.958589],[77.66338,12.958118],[77.663374,12.958092],[77.66319,12.957432],[77.66312,12.95718],[77.663041,12.956872],[77.663029,12.956828],[77.663048,12.956707],[77.66337,12.955722],[77.662382,12.955686],[77.662355,12.955688],[77.662179,12.955687],[77.66191,12.955659],[77.661895,12.955714],[77.661812,12.955727],[77.661211,12.955702],[77.66097,12.955692],[77.660913,12.955666],[77.660911,12.955657],[77.660891,12.955587],[77.660856,12.955461],[77.660847,12.955419],[77.661675,12.955417],[77.661818,12.955393],[77.661776,12.954955],[77.662387,12.954919],[77.6624,12.954784],[77.662396,12.954599],[77.662395,12.954587],[77.662368,12.954237],[77.661999,12.954288],[77.660992,12.954328],[77.661012,12.954065],[77.661011,12.954038],[77.661001,12.953795],[77.660998,12.953627],[77.66099,12.95323],[77.660983,12.952869],[77.660074,12.952885],[77.660015,12.952886],[77.659777,12.952895],[77.659478,12.952907],[77.659207,12.952918],[77.659026,12.952924],[77.658729,12.952936],[77.658414,12.952916],[77.658405,12.952915],[77.658022,12.952895],[77.657328,12.95286],[77.656496,12.9528],[77.656168,12.952776],[77.65586,12.952753],[77.655525,12.952729],[77.655434,12.952722],[77.655277,12.952712],[77.655267,12.952711],[77.654312,12.95265],[77.653835,12.952604],[77.653693,12.952591],[77.653338,12.95257],[77.652897,12.952545],[77.652563,12.952525],[77.652524,12.952523],[77.652521,12.952507],[77.652463,12.952327],[77.652365,12.952027],[77.652339,12.951942],[77.652321,12.951884],[77.652298,12.951837],[77.65224,12.951784],[77.652141,12.951731],[77.651966,12.951677],[77.651974,12.951654],[77.651758,12.951575],[77.651518,12.95144],[77.651343,12.951312],[77.650883,12.950934],[77.650542,12.950638],[77.65038,12.950466],[77.649544,12.949482],[77.649375,12.949228],[77.649255,12.949072],[77.649185,12.948897],[77.649079,12.948513],[77.649053,12.948346],[77.649039,12.948096],[77.649051,12.947902],[77.649064,12.947819],[77.649089,12.947747],[77.649191,12.947594],[77.649282,12.947475],[77.649317,12.947445],[77.649325,12.947435],[77.649374,12.947401],[77.649302,12.947096],[77.649202,12.946801],[77.649147,12.946649],[77.649072,12.946311],[77.649025,12.946013],[77.648803,12.946133],[77.648293,12.9466],[77.648195,12.946717],[77.648111,12.946819],[77.647777,12.947164],[77.647773,12.947168],[77.647685,12.94723],[77.647476,12.947328],[77.647138,12.947503],[77.646762,12.947681],[77.646533,12.947867],[77.646387,12.94802],[77.646208,12.948258],[77.646164,12.948319],[77.645733,12.94892],[77.645657,12.949029],[77.645403,12.949401],[77.645249,12.949639],[77.645041,12.949997],[77.644916,12.950327],[77.644499,12.951723],[77.64436,12.952632],[77.64428,12.953255],[77.644261,12.953324],[77.644254,12.953334],[77.644228,12.953348],[77.644142,12.953375],[77.643803,12.953468],[77.643031,12.953732],[77.642526,12.953946],[77.642514,12.953956],[77.642073,12.953944],[77.641667,12.95362],[77.640773,12.953294],[77.640537,12.952845],[77.640242,12.952389],[77.639739,12.951534],[77.639739,12.951534],[77.63976,12.951511],[77.639798,12.95147],[77.639782,12.951441],[77.639885,12.95128],[77.640005,12.951143],[77.64016,12.950977],[77.640294,12.950803],[77.640531,12.950599],[77.640533,12.950595],[77.640615,12.950457],[77.640776,12.950366],[77.640821,12.950316],[77.641001,12.950192],[77.641128,12.950075],[77.641337,12.949995],[77.641566,12.949834],[77.641644,12.949763],[77.641652,12.949755],[77.641915,12.949548],[77.641965,12.949509],[77.642066,12.949425],[77.642165,12.949335],[77.642237,12.949225],[77.642279,12.949165],[77.642295,12.949162],[77.643022,12.948427],[77.645069,12.946681],[77.646911,12.945253],[77.647147,12.945105],[77.647455,12.944967],[77.647515,12.944883],[77.647574,12.944762],[77.647542,12.944628],[77.647536,12.944536],[77.647552,12.944467],[77.647329,12.944285],[77.647821,12.943796],[77.649157,12.94293],[77.649349,12.942878],[77.649821,12.942612],[77.649927,12.942563],[77.650081,12.94246],[77.650148,12.942411],[77.650184,12.9424],[77.650229,12.942376],[77.650387,12.94227],[77.650516,12.942205],[77.650653,12.942169],[77.650731,12.942132],[77.650924,12.942022],[77.65095,12.942012],[77.651105,12.941931],[77.651332,12.941829],[77.651657,12.941646],[77.651728,12.941627],[77.651785,12.941626],[77.651849,12.941622],[77.651898,12.941587],[77.652024,12.941519],[77.652116,12.94149],[77.652247,12.941376],[77.652308,12.941337],[77.652561,12.941251],[77.652623,12.941235],[77.652658,12.941226],[77.652705,12.941208],[77.652743,12.941188],[77.652756,12.941173],[77.652937,12.941077],[77.653073,12.940989],[77.653278,12.940885],[77.653342,12.940837],[77.653577,12.940699],[77.653725,12.9406],[77.653793,12.940565],[77.653842,12.940544],[77.653879,12.940529],[77.653907,12.940512],[77.653945,12.940497],[77.654003,12.940484],[77.654033,12.940475],[77.654051,12.940468],[77.654228,12.940377],[77.654274,12.940351],[77.6544,12.940248],[77.65588,12.940095],[77.656001,12.940087],[77.656447,12.940109],[77.656775,12.940108],[77.65714,12.94012],[77.657281,12.940117],[77.657428,12.940109],[77.657515,12.94009],[77.657584,12.94006],[77.657717,12.939926],[77.657778,12.939875],[77.657802,12.939863],[77.657882,12.939848],[77.657921,12.939845],[77.658011,12.939866],[77.658056,12.939851],[77.658074,12.939826],[77.658078,12.939795],[77.658097,12.939448],[77.658104,12.939088],[77.658108,12.938773],[77.658114,12.938458],[77.658126,12.938166],[77.658139,12.937896],[77.658169,12.937896],[77.658595,12.937899],[77.658882,12.937907],[77.658888,12.937909],[77.658908,12.937915],[77.658918,12.937929],[77.658921,12.937946],[77.658922,12.93798],[77.65891,12.938297],[77.65893,12.938298],[77.659056,12.938301],[77.659665,12.938315],[77.660059,12.938324],[77.660291,12.938325],[77.660362,12.938316],[77.660408,12.938298],[77.660434,12.938269],[77.660456,12.938214],[77.660457,12.93821],[77.660564,12.93803],[77.660544,12.938022],[77.659336,12.93755],[77.657163,12.936053],[77.655021,12.934968],[77.658032,12.930884],[77.659124,12.929418],[77.660544,12.9297],[77.660747,12.929809],[77.661085,12.929827],[77.66133,12.929671],[77.661817,12.928961],[77.663024,12.928332],[77.663286,12.928229],[77.663265,12.927632],[77.663099,12.927431],[77.662472,12.926142],[77.661601,12.923043],[77.661328,12.922351],[77.66116,12.921612],[77.661557,12.92152],[77.661593,12.921512],[77.662037,12.921409],[77.662407,12.921307],[77.662695,12.921226],[77.66279,12.921198],[77.662216,12.918791],[77.661995,12.918261],[77.660354,12.916345],[77.654664,12.92045],[77.654419,12.920474],[77.654381,12.920482],[77.654185,12.920471],[77.654139,12.920462],[77.654089,12.920453],[77.654018,12.920448],[77.653956,12.920452],[77.653612,12.920451],[77.653599,12.920628],[77.6536,12.92071],[77.6536,12.920962],[77.652325,12.921105],[77.651817,12.921171],[77.651593,12.921187],[77.651586,12.921187],[77.651501,12.921184],[77.651488,12.921532],[77.65148,12.921937],[77.651487,12.92232],[77.651482,12.922437],[77.651479,12.922753],[77.651493,12.923],[77.651518,12.923193],[77.65156,12.923383],[77.651623,12.923699],[77.651686,12.924003],[77.651738,12.924221],[77.651637,12.924235],[77.651072,12.924334],[77.650891,12.92436],[77.650688,12.924367],[77.650454,12.924362],[77.650265,12.924386],[77.649757,12.924594],[77.649631,12.924641],[77.64949,12.924659],[77.649193,12.924695],[77.648862,12.924686],[77.648344,12.924647],[77.648137,12.924634],[77.647906,12.92462],[77.64747,12.924589],[77.646925,12.924533],[77.646687,12.924509],[77.646391,12.924483],[77.646095,12.924471],[77.645856,12.924473],[77.645761,12.924477],[77.645581,12.924475],[77.645366,12.924474],[77.645166,12.92446],[77.644893,12.924417],[77.644727,12.924363],[77.644543,12.924295],[77.644436,12.924257],[77.644015,12.924116],[77.643865,12.924072],[77.643534,12.923964],[77.643091,12.92384],[77.642853,12.923775],[77.642342,12.923647],[77.641835,12.923511],[77.641548,12.923423],[77.641375,12.923378],[77.641243,12.923368],[77.641087,12.923397],[77.640861,12.923475],[77.640325,12.923687],[77.639925,12.923827],[77.639886,12.923841],[77.639291,12.924058],[77.639278,12.924137],[77.639266,12.924207],[77.639297,12.924593],[77.639316,12.924823],[77.639213,12.925135],[77.639196,12.925386],[77.639116,12.92567],[77.639166,12.925843],[77.639237,12.925891],[77.639313,12.92592],[77.639356,12.925943],[77.639478,12.925972],[77.639561,12.925986],[77.63964,12.926012],[77.639738,12.926032],[77.639872,12.926025],[77.640145,12.92598],[77.64038,12.92596],[77.64055,12.92594],[77.641096,12.925967],[77.64132,12.926164],[77.641334,12.926207],[77.641401,12.926439],[77.641593,12.927104],[77.641707,12.927584],[77.641824,12.927978],[77.64187,12.928211],[77.641846,12.928212],[77.641876,12.928926],[77.641901,12.929255],[77.641769,12.929324],[77.641501,12.929388],[77.641245,12.929449],[77.641004,12.9294],[77.639936,12.929572],[77.639579,12.929686],[77.639589,12.929829],[77.639515,12.930148],[77.639477,12.93022],[77.639466,12.93025],[77.639474,12.930303],[77.63949,12.930356],[77.639546,12.930496],[77.639523,12.930556],[77.63947,12.930599],[77.639051,12.930788],[77.638812,12.930904],[77.638522,12.931283],[77.638094,12.931844],[77.638006,12.932052],[77.637873,12.932326],[77.637169,12.933254],[77.63568,12.934948],[77.635664,12.934966],[77.635319,12.935343],[77.635238,12.935432],[77.635155,12.935523],[77.635048,12.935639],[77.634974,12.935705],[77.634899,12.93577],[77.634809,12.935889],[77.634756,12.935959],[77.63472,12.936007],[77.634638,12.936074],[77.634577,12.936123],[77.634599,12.936165],[77.634567,12.936237],[77.634492,12.936312],[77.634269,12.936496],[77.633849,12.936845],[77.633484,12.937176],[77.633302,12.937341],[77.633114,12.93759],[77.632924,12.937905],[77.632856,12.938058],[77.632654,12.938509],[77.632645,12.938509],[77.632394,12.939003],[77.632131,12.939524],[77.632052,12.939681],[77.631951,12.939881],[77.631693,12.940488],[77.631438,12.941068],[77.631277,12.94142],[77.631263,12.94145],[77.631172,12.941672],[77.63076,12.942669],[77.63044,12.94338],[77.630015,12.944299],[77.630009,12.944312],[77.62967,12.945075],[77.629643,12.945127],[77.629546,12.945314],[77.629425,12.945548],[77.629106,12.946163],[77.628931,12.946422],[77.628925,12.94643],[77.62883,12.946571],[77.628829,12.946574],[77.628653,12.946831],[77.628438,12.947172],[77.628414,12.947215],[77.628201,12.947597],[77.628051,12.947868],[77.627651,12.948588],[77.627508,12.9488],[77.627283,12.949068],[77.627013,12.949317],[77.626803,12.949476],[77.626774,12.9495],[77.626774,12.9495],[77.626619,12.949629],[77.626492,12.949735],[77.626468,12.949755],[77.626307,12.949884],[77.626194,12.949977],[77.626187,12.949982],[77.625919,12.950152],[77.625653,12.950269],[77.625486,12.950319],[77.625421,12.950339],[77.624256,12.950589],[77.624217,12.950596],[77.624175,12.950605],[77.623583,12.95073],[77.623549,12.950737],[77.623326,12.950812],[77.623298,12.950826],[77.62315,12.950895],[77.623114,12.950912],[77.622425,12.951245],[77.622311,12.9513],[77.622032,12.951425],[77.621499,12.951664],[77.621343,12.951328],[77.621296,12.951226],[77.621197,12.95096],[77.62117,12.950886],[77.621036,12.950562],[77.621009,12.950505],[77.620903,12.950283],[77.620789,12.950088],[77.620591,12.949749],[77.620504,12.949604],[77.620255,12.949187],[77.620255,12.949187],[77.620218,12.949127],[77.620218,12.949126],[77.620171,12.949039],[77.620048,12.948808],[77.620047,12.948807],[77.619624,12.948019],[77.619444,12.947683],[77.619334,12.947478],[77.619327,12.947465],[77.619319,12.947451],[77.619319,12.947451],[77.619291,12.94747],[77.619244,12.947502],[77.61902,12.947656],[77.61889,12.947744],[77.618777,12.947832],[77.618649,12.947935],[77.618514,12.948044],[77.618388,12.948132],[77.618264,12.948216],[77.618147,12.948295],[77.618002,12.948393],[77.617881,12.948476],[77.617753,12.948572],[77.61763,12.948664],[77.617492,12.948768],[77.617384,12.948849],[77.617186,12.948984],[77.61717,12.948995],[77.617161,12.949],[77.617103,12.949028],[77.617042,12.949071],[77.616976,12.949116],[77.617005,12.949148]]]},"properties":{"Corporatio":"Central","Zone":"Zone1","_folder":"zones"}},{"type":"Feature","geometry":{"type":"Polygon","coordinates":[[[77.539181,12.933702],[77.539012,12.933799],[77.538888,12.933876],[77.538763,12.933952],[77.538017,12.934387],[77.537613,12.934617],[77.537346,12.93477],[77.537105,12.934908],[77.537049,12.93494],[77.536825,12.935065],[77.536547,12.93522],[77.536422,12.93529],[77.53624,12.935393],[77.536214,12.935407],[77.535719,12.935659],[77.535078,12.935981],[77.534508,12.936269],[77.534249,12.93651],[77.534132,12.93666],[77.533999,12.937089],[77.533889,12.937395],[77.533847,12.937541],[77.533823,12.937608],[77.533626,12.937921],[77.533448,12.938233],[77.533374,12.938345],[77.533161,12.938665],[77.533019,12.938897],[77.532873,12.939135],[77.532667,12.939476],[77.532269,12.940132],[77.531877,12.940753],[77.531163,12.942008],[77.531127,12.942073],[77.530871,12.942525],[77.530516,12.943207],[77.530423,12.943361],[77.53021,12.943527],[77.530114,12.94365],[77.529984,12.943829],[77.52984,12.944117],[77.529632,12.944451],[77.529558,12.944562],[77.529505,12.944625],[77.529444,12.944685],[77.52921,12.944831],[77.529034,12.94491],[77.528915,12.944962],[77.528566,12.945073],[77.528258,12.945166],[77.528107,12.945173],[77.52789,12.945185],[77.528019,12.945316],[77.527966,12.945445],[77.527915,12.945475],[77.526467,12.945787],[77.526387,12.945808],[77.526384,12.94581],[77.526429,12.946362],[77.526452,12.946425],[77.526546,12.947286],[77.52665,12.948017],[77.526647,12.948161],[77.526643,12.948306],[77.526643,12.948311],[77.526649,12.948425],[77.526662,12.948669],[77.526687,12.949151],[77.526707,12.949259],[77.526791,12.949717],[77.526792,12.949727],[77.526843,12.950074],[77.526863,12.95021],[77.526897,12.950443],[77.526911,12.950536],[77.526939,12.95068],[77.526984,12.950919],[77.527029,12.951146],[77.527034,12.951176],[77.527035,12.951181],[77.527072,12.951386],[77.527113,12.951612],[77.527145,12.951792],[77.52715,12.951818],[77.52719,12.952042],[77.527208,12.952139],[77.527224,12.95224],[77.527296,12.952684],[77.527298,12.952699],[77.527334,12.952928],[77.52734,12.95296],[77.527382,12.953104],[77.527448,12.953331],[77.527506,12.953529],[77.527549,12.953665],[77.527611,12.953862],[77.527916,12.954717],[77.527957,12.954839],[77.528073,12.955185],[77.52809,12.955238],[77.528496,12.956513],[77.528571,12.956691],[77.528629,12.956814],[77.528631,12.95682],[77.528507,12.956962],[77.528407,12.957082],[77.528385,12.957098],[77.528045,12.957344],[77.527752,12.957556],[77.527743,12.957562],[77.527272,12.957814],[77.526884,12.958022],[77.526342,12.958291],[77.526094,12.958414],[77.525804,12.958524],[77.525449,12.958658],[77.525269,12.958725],[77.525179,12.958749],[77.524919,12.958816],[77.524503,12.958924],[77.524179,12.958977],[77.524014,12.959004],[77.523645,12.959042],[77.523397,12.959067],[77.523023,12.959111],[77.522624,12.959158],[77.521716,12.959266],[77.521701,12.959268],[77.521049,12.959386],[77.520703,12.959442],[77.520524,12.959472],[77.520159,12.959527],[77.519782,12.959586],[77.519524,12.959628],[77.519322,12.959661],[77.519394,12.959778],[77.519849,12.960117],[77.520275,12.960409],[77.52032,12.96049],[77.52037,12.96058],[77.520368,12.960873],[77.520402,12.960951],[77.520469,12.961105],[77.520513,12.961296],[77.520636,12.961731],[77.520644,12.961794],[77.520879,12.96178],[77.52125,12.961761],[77.521496,12.961758],[77.52173,12.961727],[77.521847,12.961734],[77.521969,12.961743],[77.522118,12.961775],[77.522138,12.96179],[77.52226,12.961886],[77.522382,12.961983],[77.522596,12.962131],[77.522966,12.962165],[77.523101,12.962203],[77.523158,12.962219],[77.523162,12.962236],[77.523281,12.961726],[77.523951,12.961679],[77.524174,12.961705],[77.524398,12.96173],[77.524834,12.961841],[77.525047,12.961897],[77.525753,12.962076],[77.5263,12.962216],[77.526312,12.962216],[77.526304,12.962033],[77.526303,12.962005],[77.526714,12.961993],[77.526666,12.962324],[77.526602,12.962602],[77.526572,12.962784],[77.526575,12.96281],[77.52659,12.962906],[77.526627,12.962998],[77.52671,12.963224],[77.526733,12.963368],[77.526739,12.963513],[77.526731,12.963606],[77.526729,12.96364],[77.526692,12.963728],[77.526656,12.963813],[77.526622,12.9639],[77.526597,12.963956],[77.526541,12.964126],[77.526473,12.964334],[77.526429,12.964457],[77.526434,12.964598],[77.526501,12.964602],[77.52671,12.964616],[77.526708,12.964638],[77.526859,12.964657],[77.52686,12.964657],[77.526821,12.965308],[77.526694,12.965332],[77.526639,12.965345],[77.526355,12.965411],[77.526155,12.965467],[77.52591,12.965504],[77.525583,12.96562],[77.525658,12.965894],[77.525161,12.966058],[77.524929,12.966118],[77.524741,12.96618],[77.524716,12.966126],[77.524686,12.966029],[77.524537,12.966067],[77.524311,12.966086],[77.523861,12.966151],[77.523626,12.966194],[77.523478,12.966229],[77.523498,12.966359],[77.523537,12.966604],[77.523577,12.966756],[77.523604,12.966854],[77.523639,12.966988],[77.523656,12.967027],[77.523759,12.96726],[77.523776,12.9673],[77.523819,12.967394],[77.523875,12.967517],[77.523943,12.96767],[77.523949,12.967682],[77.5241,12.967993],[77.524103,12.967999],[77.52326,12.968224],[77.52326,12.968225],[77.522289,12.968464],[77.52214,12.968499],[77.521784,12.968555],[77.521567,12.968564],[77.521475,12.968571],[77.521178,12.968598],[77.52125,12.969093],[77.521252,12.969106],[77.521013,12.969139],[77.520901,12.969154],[77.52076,12.969177],[77.520759,12.969309],[77.520601,12.969319],[77.52041,12.969329],[77.52024,12.969343],[77.520053,12.969368],[77.519845,12.969442],[77.519463,12.969541],[77.519498,12.969754],[77.51952,12.969885],[77.51924,12.969933],[77.51908,12.969963],[77.518951,12.969988],[77.518682,12.970071],[77.51866,12.97008],[77.518505,12.970106],[77.518356,12.970151],[77.518248,12.970174],[77.518197,12.97019],[77.518332,12.970322],[77.51846,12.970543],[77.518542,12.970715],[77.518535,12.970905],[77.518472,12.971015],[77.518392,12.971139],[77.518366,12.97118],[77.518254,12.971389],[77.518195,12.971495],[77.518025,12.971682],[77.517907,12.97189],[77.517879,12.972056],[77.517884,12.972154],[77.517908,12.972245],[77.517991,12.972335],[77.51805,12.972507],[77.51814,12.972622],[77.518168,12.972764],[77.518102,12.972909],[77.517793,12.973172],[77.517627,12.973207],[77.517521,12.973178],[77.517512,12.97313],[77.517395,12.973118],[77.517312,12.973222],[77.517296,12.973362],[77.517313,12.973543],[77.517315,12.973576],[77.517338,12.973703],[77.517398,12.973818],[77.517484,12.974019],[77.517544,12.974179],[77.517583,12.974359],[77.517604,12.974449],[77.517623,12.974531],[77.517747,12.97477],[77.517807,12.974952],[77.517777,12.974961],[77.517822,12.975128],[77.517932,12.975201],[77.518036,12.975194],[77.518133,12.975288],[77.518178,12.975327],[77.518209,12.975354],[77.51834,12.975386],[77.518519,12.975425],[77.518582,12.975465],[77.518603,12.975512],[77.51859,12.975654],[77.518564,12.975761],[77.518556,12.975803],[77.518531,12.975917],[77.518522,12.975983],[77.518467,12.976074],[77.518459,12.976137],[77.518457,12.976222],[77.518456,12.976314],[77.518437,12.976364],[77.518434,12.976414],[77.518436,12.976531],[77.518473,12.976643],[77.518571,12.97694],[77.518683,12.977232],[77.518712,12.977334],[77.518752,12.977477],[77.518848,12.977844],[77.519014,12.978434],[77.519063,12.9786],[77.519312,12.978912],[77.519493,12.979086],[77.519569,12.979141],[77.519685,12.979407],[77.519721,12.979498],[77.51973,12.979587],[77.519725,12.979634],[77.519666,12.979711],[77.519625,12.9798],[77.519551,12.979909],[77.519456,12.980059],[77.519446,12.980114],[77.519441,12.980184],[77.519434,12.980245],[77.5194,12.980298],[77.51931,12.98038],[77.51927,12.980402],[77.519169,12.980421],[77.519099,12.980413],[77.518959,12.980562],[77.518944,12.980617],[77.518884,12.98073],[77.518884,12.98073],[77.518878,12.980742],[77.518832,12.980816],[77.518805,12.980932],[77.518806,12.981069],[77.518776,12.981235],[77.518696,12.981492],[77.518649,12.981571],[77.518543,12.981661],[77.518496,12.981697],[77.518454,12.981813],[77.518428,12.982],[77.51839,12.9822],[77.518374,12.982216],[77.518292,12.982236],[77.518256,12.982264],[77.518229,12.982326],[77.518225,12.982385],[77.518239,12.982466],[77.518297,12.982593],[77.518326,12.982636],[77.51843,12.982754],[77.51852,12.982819],[77.518586,12.982872],[77.518626,12.982921],[77.518692,12.983103],[77.518765,12.98331],[77.518829,12.983464],[77.518966,12.983611],[77.519163,12.983813],[77.519251,12.983889],[77.519315,12.98396],[77.519385,12.984289],[77.519462,12.984442],[77.519511,12.984634],[77.51958,12.984827],[77.519648,12.984912],[77.519701,12.985011],[77.519763,12.985143],[77.519796,12.985295],[77.519812,12.985456],[77.519824,12.985778],[77.519817,12.985928],[77.519787,12.986082],[77.519794,12.986181],[77.519806,12.986263],[77.519896,12.986387],[77.52002,12.986482],[77.520164,12.986696],[77.520244,12.986801],[77.520296,12.986873],[77.520308,12.986905],[77.520378,12.986876],[77.521074,12.986583],[77.521847,12.986196],[77.521877,12.986181],[77.522125,12.98609],[77.522236,12.986064],[77.522334,12.986014],[77.522349,12.986005],[77.522755,12.985767],[77.522795,12.985743],[77.523043,12.985534],[77.523062,12.985518],[77.52338,12.985235],[77.523548,12.985085],[77.523558,12.985076],[77.523705,12.985013],[77.523719,12.985012],[77.523774,12.985007],[77.523787,12.985006],[77.52399,12.985041],[77.524364,12.985199],[77.524589,12.985262],[77.524949,12.985361],[77.525392,12.985473],[77.525466,12.985534],[77.525713,12.985737],[77.525944,12.985943],[77.526064,12.985944],[77.526073,12.985943],[77.52626,12.985927],[77.526409,12.985888],[77.52649,12.985833],[77.526615,12.98575],[77.52668,12.985697],[77.527105,12.985357],[77.527444,12.985054],[77.527736,12.984795],[77.528043,12.984442],[77.528221,12.984211],[77.528382,12.984042],[77.528474,12.983951],[77.528522,12.983903],[77.528666,12.983842],[77.528738,12.983829],[77.528739,12.983832],[77.528905,12.984569],[77.529025,12.984969],[77.52909,12.985252],[77.529118,12.98554],[77.529116,12.985552],[77.529086,12.98581],[77.52908,12.985917],[77.529085,12.986051],[77.529106,12.986172],[77.529262,12.986383],[77.529437,12.986599],[77.529517,12.986707],[77.529624,12.986851],[77.529693,12.986946],[77.529693,12.986946],[77.529844,12.987152],[77.529904,12.987229],[77.529949,12.987285],[77.530046,12.987535],[77.530106,12.987631],[77.530178,12.987744],[77.530206,12.987781],[77.530224,12.987804],[77.530301,12.987954],[77.53038,12.988057],[77.530384,12.98806],[77.530503,12.98817],[77.530601,12.988307],[77.530623,12.988337],[77.530767,12.988713],[77.530795,12.988791],[77.530894,12.989066],[77.530992,12.989297],[77.5311,12.989463],[77.531218,12.989758],[77.531312,12.989965],[77.53132,12.989983],[77.531329,12.990002],[77.531347,12.99009],[77.531375,12.990353],[77.531388,12.990482],[77.531457,12.990941],[77.531469,12.991038],[77.531523,12.991448],[77.53154,12.99158],[77.531604,12.992133],[77.531652,12.992556],[77.531655,12.992575],[77.532526,12.992476],[77.533224,12.992398],[77.53325,12.992395],[77.533403,12.992372],[77.534188,12.992252],[77.534248,12.992243],[77.534781,12.992163],[77.53554,12.992051],[77.535947,12.991991],[77.536277,12.991943],[77.536523,12.991907],[77.536571,12.991898],[77.53739,12.991759],[77.537847,12.991681],[77.538447,12.991583],[77.538902,12.992833],[77.539045,12.993226],[77.539066,12.993283],[77.539273,12.993831],[77.539277,12.993844],[77.539593,12.994663],[77.53986,12.99535],[77.539974,12.995668],[77.540145,12.996141],[77.540404,12.996872],[77.54044,12.996974],[77.540591,12.997508],[77.540622,12.997602],[77.54068,12.997779],[77.540819,12.998266],[77.540929,12.998662],[77.541119,12.999242],[77.541158,12.999385],[77.541805,12.998987],[77.541938,12.998905],[77.542085,12.998809],[77.542415,12.998593],[77.542457,12.998566],[77.542807,12.998404],[77.542996,12.998317],[77.543435,12.998126],[77.543711,12.998006],[77.54402,12.997872],[77.544806,12.997567],[77.54506,12.997495],[77.545172,12.997481],[77.545386,12.997453],[77.545469,12.99745],[77.545799,12.997437],[77.545889,12.997433],[77.546394,12.997422],[77.546618,12.997417],[77.547187,12.997441],[77.548434,12.99749],[77.548961,12.997512],[77.549258,12.997523],[77.549355,12.997528],[77.549596,12.997543],[77.550095,12.997574],[77.550469,12.9976],[77.551039,12.997725],[77.551107,12.99774],[77.551107,12.99774],[77.552379,12.998022],[77.552463,12.998042],[77.553055,12.998182],[77.553055,12.998182],[77.553078,12.998185],[77.552984,12.99842],[77.552844,12.998771],[77.552735,12.999146],[77.552703,12.999356],[77.552749,12.999617],[77.552862,13.000254],[77.552888,13.000406],[77.553055,13.000995],[77.553161,13.001422],[77.553229,13.00184],[77.553235,13.001883],[77.5533,13.002299],[77.553435,13.003013],[77.553625,13.003775],[77.553783,13.004404],[77.553794,13.004439],[77.554258,13.006062],[77.554288,13.006165],[77.554374,13.006792],[77.554398,13.007035],[77.554427,13.007447],[77.554454,13.007701],[77.554493,13.008073],[77.554493,13.008187],[77.554493,13.008478],[77.554492,13.008774],[77.554465,13.009857],[77.554463,13.009931],[77.554462,13.009974],[77.554461,13.011137],[77.554455,13.012195],[77.554457,13.012412],[77.554395,13.012465],[77.554394,13.012476],[77.554366,13.01304],[77.55434,13.01312],[77.554294,13.013263],[77.554228,13.013364],[77.554121,13.013619],[77.554095,13.013707],[77.554067,13.013883],[77.554075,13.014014],[77.554067,13.014302],[77.55402,13.014875],[77.554129,13.015055],[77.554199,13.015197],[77.55434,13.015246],[77.554576,13.015277],[77.554859,13.015337],[77.55504,13.015383],[77.555214,13.015461],[77.555599,13.01566],[77.555808,13.015768],[77.555861,13.015808],[77.555938,13.015866],[77.556059,13.015956],[77.556059,13.015956],[77.555938,13.015866],[77.555861,13.015808],[77.555694,13.016034],[77.555116,13.016902],[77.555067,13.016993],[77.553941,13.019076],[77.553888,13.01919],[77.553888,13.01919],[77.553888,13.01919],[77.553888,13.01919],[77.553888,13.01919],[77.554342,13.019816],[77.554374,13.019797],[77.554594,13.019805],[77.554639,13.019806],[77.554839,13.019806],[77.554936,13.019806],[77.555173,13.019817],[77.555375,13.019832],[77.555486,13.019842],[77.555562,13.020007],[77.555576,13.020039],[77.555832,13.020595],[77.556051,13.021069],[77.556074,13.021101],[77.556086,13.021117],[77.556185,13.021302],[77.556294,13.021563],[77.556388,13.0218],[77.556435,13.021939],[77.556489,13.022075],[77.556491,13.022082],[77.556497,13.022101],[77.556765,13.022763],[77.556906,13.023128],[77.556917,13.023155],[77.556917,13.023155],[77.556931,13.023191],[77.557018,13.023451],[77.557111,13.023735],[77.557111,13.023735],[77.557221,13.024075],[77.557318,13.024367],[77.557355,13.024482],[77.557425,13.024707],[77.55748,13.024888],[77.557561,13.025151],[77.557577,13.025206],[77.557721,13.025714],[77.557734,13.025742],[77.557887,13.026094],[77.557891,13.026102],[77.558459,13.027338],[77.55882,13.028193],[77.559101,13.02886],[77.559451,13.029687],[77.559744,13.030382],[77.559973,13.030926],[77.559976,13.030931],[77.559798,13.031151],[77.559363,13.031814],[77.559235,13.03199],[77.558916,13.032432],[77.55862,13.032839],[77.558333,13.033234],[77.558097,13.033586],[77.557818,13.034002],[77.557773,13.034069],[77.557717,13.034153],[77.557446,13.034576],[77.557381,13.034678],[77.557398,13.034688],[77.557395,13.034715],[77.557387,13.034786],[77.557375,13.034891],[77.557374,13.03493],[77.557372,13.035004],[77.557392,13.035153],[77.557503,13.035642],[77.557535,13.035766],[77.557574,13.035919],[77.557576,13.03611],[77.557564,13.036292],[77.557508,13.036764],[77.557484,13.03702],[77.557451,13.037385],[77.557406,13.037957],[77.557389,13.038176],[77.55733,13.038373],[77.557311,13.038484],[77.557297,13.038578],[77.557422,13.038578],[77.558735,13.038676],[77.558766,13.038679],[77.559442,13.038931],[77.560083,13.039216],[77.560483,13.039506],[77.560771,13.039796],[77.560858,13.03989],[77.560963,13.040002],[77.561056,13.040101],[77.56153,13.040943],[77.562112,13.041976],[77.562246,13.041824],[77.562803,13.0411],[77.563031,13.04079],[77.563646,13.039953],[77.56391,13.039594],[77.564159,13.039315],[77.564287,13.039156],[77.56435,13.039076],[77.564655,13.038695],[77.56487,13.038425],[77.565024,13.038221],[77.565083,13.038144],[77.565193,13.037997],[77.56544,13.037669],[77.565986,13.037002],[77.56602,13.036966],[77.566337,13.036623],[77.566642,13.036293],[77.567105,13.035807],[77.567237,13.035668],[77.567349,13.035551],[77.567578,13.035312],[77.567866,13.034989],[77.56787,13.034985],[77.568076,13.034724],[77.568322,13.034412],[77.568563,13.034105],[77.568573,13.034091],[77.569034,13.033417],[77.569477,13.032876],[77.569853,13.032267],[77.569989,13.031996],[77.570048,13.031854],[77.57011,13.031702],[77.570181,13.031477],[77.570297,13.031107],[77.570329,13.031008],[77.57039,13.030842],[77.570681,13.030051],[77.570894,13.029469],[77.571251,13.028462],[77.571443,13.028454],[77.571531,13.028438],[77.572009,13.028351],[77.573456,13.027996],[77.573463,13.027994],[77.574022,13.027889],[77.57456,13.027789],[77.574627,13.027777],[77.57582,13.027565],[77.57583,13.027564],[77.575887,13.027553],[77.576717,13.027399],[77.576935,13.027368],[77.576958,13.027364],[77.577684,13.027259],[77.577688,13.027251],[77.577707,13.027246],[77.577719,13.027199],[77.577725,13.026925],[77.577727,13.026888],[77.57778,13.026879],[77.578287,13.026832],[77.578507,13.026811],[77.578623,13.026793],[77.57873,13.026777],[77.578945,13.026743],[77.579024,13.026731],[77.579104,13.026719],[77.579242,13.02669],[77.579499,13.026636],[77.579999,13.026531],[77.580105,13.026511],[77.580085,13.026539],[77.580268,13.026345],[77.580467,13.026112],[77.580638,13.025944],[77.580657,13.025926],[77.58084,13.025802],[77.580951,13.025749],[77.581016,13.025696],[77.581089,13.025438],[77.581096,13.025412],[77.581141,13.025342],[77.581141,13.025342],[77.581155,13.025319],[77.581279,13.025215],[77.581432,13.025137],[77.581697,13.025019],[77.581847,13.024957],[77.582145,13.024872],[77.582349,13.02479],[77.582577,13.024653],[77.58261,13.024632],[77.582737,13.024551],[77.583685,13.023671],[77.584624,13.022936],[77.584655,13.022912],[77.58459,13.022682],[77.584449,13.022186],[77.584206,13.021329],[77.584205,13.021326],[77.584165,13.021199],[77.584073,13.020891],[77.584025,13.020675],[77.583971,13.020389],[77.583961,13.020252],[77.583918,13.01969],[77.583928,13.019298],[77.583934,13.019125],[77.583947,13.017973],[77.583965,13.017265],[77.583974,13.01689],[77.583969,13.015907],[77.583945,13.014802],[77.583973,13.014513],[77.583995,13.014512],[77.584642,13.014504],[77.585251,13.014489],[77.585508,13.014456],[77.58602,13.014392],[77.586522,13.014326],[77.586667,13.014298],[77.586853,13.014247],[77.587175,13.014115],[77.587583,13.013931],[77.587795,13.013791],[77.58812,13.0135],[77.588287,13.01331],[77.588742,13.012711],[77.589112,13.012233],[77.589802,13.01123],[77.590663,13.009931],[77.590668,13.009923],[77.591152,13.009219],[77.591701,13.008419],[77.592281,13.007446],[77.592311,13.007396],[77.592679,13.006797],[77.592965,13.00634],[77.593118,13.006006],[77.593143,13.005944],[77.59317,13.005904],[77.593238,13.005717],[77.593263,13.005654],[77.593439,13.004964],[77.593555,13.00446],[77.593776,13.003736],[77.594043,13.00291],[77.594195,13.002413],[77.59429,13.002102],[77.594383,13.001761],[77.594659,13.00098],[77.594811,13.000471],[77.594978,12.999968],[77.595096,12.999616],[77.595659,12.997747],[77.595822,12.997071],[77.595922,12.996431],[77.596112,12.995558],[77.596231,12.995061],[77.596254,12.994974],[77.596229,12.994981],[77.596198,12.994851],[77.596119,12.994711],[77.596103,12.99469],[77.595008,12.995213],[77.594676,12.995357],[77.594406,12.995425],[77.594176,12.995463],[77.59395,12.995482],[77.593462,12.995473],[77.591746,12.995399],[77.591431,12.995385],[77.589679,12.995329],[77.58955,12.99563],[77.589516,12.995681],[77.589491,12.995701],[77.589124,12.995886],[77.589095,12.995902],[77.588009,12.996467],[77.587996,12.996474],[77.587511,12.996797],[77.587311,12.996945],[77.586819,12.997329],[77.58658,12.997483],[77.586552,12.997505],[77.586485,12.997531],[77.586379,12.997562],[77.586329,12.997569],[77.585902,12.997634],[77.585266,12.997705],[77.585211,12.997712],[77.584361,12.997827],[77.584306,12.998059],[77.584243,12.998643],[77.584172,12.999098],[77.584163,12.999266],[77.584188,12.99941],[77.584186,12.999463],[77.584186,12.999463],[77.583408,12.999325],[77.583157,12.999279],[77.582998,12.999251],[77.582084,12.998507],[77.582058,12.998482],[77.581874,12.99831],[77.581671,12.99812],[77.581604,12.998058],[77.581569,12.998021],[77.581271,12.9977],[77.580866,12.997264],[77.580863,12.997261],[77.580839,12.997235],[77.58003,12.997291],[77.579445,12.997331],[77.579441,12.997336],[77.579446,12.997462],[77.579443,12.997463],[77.578316,12.997504],[77.578324,12.997662],[77.578334,12.997781],[77.578341,12.997871],[77.578353,12.998028],[77.578357,12.998085],[77.578367,12.998283],[77.578367,12.998283],[77.578369,12.998322],[77.578371,12.998398],[77.578374,12.998498],[77.578375,12.998546],[77.578388,12.998724],[77.578401,12.998781],[77.578402,12.998791],[77.578402,12.998791],[77.578412,12.998882],[77.578433,12.999127],[77.578335,12.999161],[77.578227,12.999185],[77.578129,12.99919],[77.578082,12.999193],[77.577947,12.999184],[77.577834,12.999159],[77.577677,12.999111],[77.577523,12.999065],[77.577215,12.998987],[77.577032,12.99894],[77.576999,12.998932],[77.576907,12.998921],[77.576852,12.99892],[77.576599,12.998923],[77.576395,12.998918],[77.576304,12.998917],[77.575955,12.998912],[77.575791,12.998912],[77.575148,12.998908],[77.575137,12.998908],[77.574624,12.998908],[77.574404,12.998908],[77.57398,12.998905],[77.573975,12.998906],[77.573941,12.99937],[77.57394,12.99938],[77.57389,12.999812],[77.57388,13.00003],[77.573855,13.000384],[77.573854,13.000602],[77.573832,13.000858],[77.573799,13.000961],[77.573776,13.000996],[77.573771,13.000996],[77.573728,13.000994],[77.573296,13.001005],[77.573208,13.001007],[77.572579,13.001003],[77.572558,13.001859],[77.572277,13.001862],[77.572257,13.00219],[77.572213,13.002805],[77.572213,13.002809],[77.572174,13.003275],[77.572166,13.003372],[77.572102,13.003366],[77.571775,13.003331],[77.571295,13.003321],[77.571302,13.00285],[77.571335,13.001859],[77.57134,13.001694],[77.571351,13.000997],[77.571357,13.000619],[77.571365,13.000157],[77.571382,12.999267],[77.571412,12.998295],[77.571433,12.997607],[77.571456,12.996856],[77.571017,12.996844],[77.570425,12.996827],[77.569523,12.996828],[77.569439,12.996821],[77.569429,12.99682],[77.568728,12.996753],[77.568533,12.996762],[77.568493,12.996765],[77.568142,12.996781],[77.567964,12.996789],[77.567775,12.996793],[77.567637,12.996797],[77.567112,12.996852],[77.566916,12.996859],[77.566787,12.996857],[77.566596,12.996817],[77.566408,12.996737],[77.566335,12.996701],[77.566306,12.996687],[77.566136,12.996624],[77.56611,12.996614],[77.5661,12.996609],[77.566262,12.99634],[77.566426,12.996074],[77.566789,12.995487],[77.566898,12.995312],[77.56702,12.995116],[77.567179,12.994788],[77.567496,12.994415],[77.5675,12.994411],[77.5675,12.994411],[77.56778,12.994059],[77.567781,12.994059],[77.567781,12.994059],[77.56833,12.993369],[77.567811,12.99338],[77.567811,12.99338],[77.567821,12.99306],[77.567841,12.992389],[77.567843,12.992327],[77.56787,12.991689],[77.56789,12.991226],[77.567891,12.991175],[77.567894,12.990983],[77.567902,12.990499],[77.567904,12.99042],[77.56791,12.990069],[77.567915,12.989755],[77.567933,12.988919],[77.567938,12.988732],[77.567936,12.988619],[77.567932,12.988421],[77.567933,12.988396],[77.567721,12.988413],[77.567428,12.988431],[77.567392,12.988432],[77.567234,12.988436],[77.566809,12.988467],[77.566563,12.988479],[77.566256,12.988493],[77.565781,12.98851],[77.565111,12.988536],[77.56511,12.988507],[77.565104,12.988301],[77.56399,12.988363],[77.563961,12.988262],[77.563956,12.988183],[77.563703,12.988202],[77.563666,12.988203],[77.563666,12.988203],[77.563537,12.988203],[77.563231,12.988217],[77.563172,12.988221],[77.562899,12.988239],[77.562651,12.988257],[77.562344,12.988269],[77.562281,12.988273],[77.562133,12.98828],[77.561963,12.988286],[77.561963,12.988286],[77.561954,12.988287],[77.561919,12.988289],[77.561657,12.988288],[77.561626,12.988288],[77.56145,12.988282],[77.56145,12.988282],[77.561483,12.988078],[77.561485,12.988069],[77.561557,12.98777],[77.561632,12.987656],[77.561766,12.987522],[77.56185,12.98738],[77.561858,12.987279],[77.561848,12.987204],[77.561816,12.987186],[77.561537,12.987119],[77.561266,12.987042],[77.561031,12.98696],[77.560881,12.986839],[77.560835,12.986768],[77.560785,12.986689],[77.560806,12.986545],[77.560924,12.986199],[77.561038,12.985927],[77.561045,12.985808],[77.561036,12.985768],[77.560996,12.985593],[77.560976,12.98511],[77.561006,12.984886],[77.561039,12.984827],[77.561101,12.98471],[77.561231,12.984453],[77.561351,12.984132],[77.561373,12.983934],[77.561386,12.983702],[77.561398,12.983477],[77.561458,12.98302],[77.561577,12.9827],[77.561584,12.982661],[77.561652,12.982323],[77.561729,12.981916],[77.561479,12.981874],[77.561264,12.981823],[77.561182,12.981758],[77.561135,12.981576],[77.560988,12.981039],[77.560982,12.980954],[77.560842,12.980583],[77.56076,12.980461],[77.560631,12.980361],[77.560529,12.98029],[77.560354,12.980227],[77.560098,12.980188],[77.559816,12.980127],[77.559605,12.980078],[77.559249,12.97995],[77.559253,12.979936],[77.559211,12.979876],[77.559181,12.979743],[77.559195,12.979509],[77.559112,12.979161],[77.559019,12.97899],[77.558956,12.978913],[77.558939,12.978893],[77.558909,12.978883],[77.558843,12.978862],[77.5587,12.978843],[77.558568,12.978842],[77.558559,12.978841],[77.558437,12.978829],[77.558416,12.978831],[77.558283,12.978842],[77.558119,12.978825],[77.558013,12.978783],[77.557962,12.978764],[77.557882,12.978733],[77.557861,12.978725],[77.557759,12.978675],[77.557636,12.978615],[77.557487,12.978566],[77.557354,12.978521],[77.557237,12.978466],[77.557034,12.978369],[77.556892,12.978311],[77.556868,12.978301],[77.556655,12.978216],[77.556357,12.978043],[77.556239,12.977966],[77.555918,12.977755],[77.555446,12.977484],[77.555206,12.977101],[77.555162,12.977033],[77.555066,12.976816],[77.554822,12.976266],[77.554493,12.975574],[77.554472,12.975573],[77.555476,12.975614],[77.556097,12.975632],[77.556361,12.975639],[77.556758,12.97565],[77.556847,12.975655],[77.557563,12.975694],[77.557563,12.975694],[77.557756,12.975704],[77.558127,12.975716],[77.558712,12.975736],[77.558703,12.975547],[77.558669,12.975318],[77.55848,12.974851],[77.558451,12.974719],[77.558413,12.974639],[77.558413,12.974639],[77.558361,12.974531],[77.558176,12.974215],[77.557897,12.973739],[77.55795,12.973719],[77.557979,12.97302],[77.557951,12.972987],[77.557942,12.972941],[77.557923,12.972791],[77.557911,12.972721],[77.557791,12.972252],[77.557709,12.971935],[77.557699,12.971876],[77.557543,12.970985],[77.557539,12.970967],[77.557375,12.970246],[77.557356,12.970251],[77.557186,12.970286],[77.557176,12.970289],[77.557158,12.970015],[77.557113,12.969384],[77.556864,12.969394],[77.556534,12.969403],[77.556113,12.969298],[77.555945,12.96926],[77.555948,12.969281],[77.555945,12.96926],[77.555663,12.969198],[77.55558,12.969176],[77.555554,12.969169],[77.554501,12.96889],[77.554383,12.96906],[77.554383,12.96906],[77.554501,12.96889],[77.554486,12.968887],[77.554418,12.968868],[77.553509,12.968625],[77.553491,12.968621],[77.552859,12.968442],[77.552778,12.968419],[77.552699,12.968397],[77.55237,12.968306],[77.55215,12.968246],[77.552073,12.968225],[77.551866,12.968149],[77.551592,12.968049],[77.551565,12.968031],[77.551302,12.967859],[77.551225,12.967808],[77.551104,12.967687],[77.551019,12.967602],[77.550944,12.967506],[77.550797,12.96732],[77.550063,12.966389],[77.548815,12.965361],[77.548507,12.96515],[77.548503,12.965147],[77.548495,12.965141],[77.547789,12.964787],[77.547253,12.964604],[77.546372,12.964301],[77.546001,12.96424],[77.54569,12.964252],[77.54477,12.964291],[77.544715,12.964281],[77.544635,12.964268],[77.544498,12.964245],[77.544353,12.96422],[77.543904,12.964025],[77.543865,12.963993],[77.543931,12.963909],[77.544209,12.963555],[77.544209,12.963555],[77.544424,12.963281],[77.544424,12.963281],[77.54455,12.963312],[77.544601,12.963209],[77.544749,12.963099],[77.544952,12.962993],[77.545146,12.962913],[77.545354,12.962809],[77.54543,12.962749],[77.545528,12.96269],[77.545546,12.962657],[77.545524,12.962594],[77.545444,12.962494],[77.545396,12.962446],[77.545349,12.9624],[77.545267,12.962326],[77.545171,12.962238],[77.545171,12.962238],[77.545213,12.962179],[77.545472,12.96181],[77.54577,12.961351],[77.54582,12.961265],[77.545962,12.961022],[77.546067,12.960844],[77.546175,12.96066],[77.546235,12.960556],[77.546257,12.960513],[77.546257,12.960513],[77.54629,12.960451],[77.54629,12.960451],[77.546622,12.95981],[77.546627,12.959801],[77.54687,12.959364],[77.547099,12.958952],[77.547238,12.95868],[77.547244,12.958668],[77.547591,12.95804],[77.547728,12.957793],[77.547914,12.957457],[77.548069,12.957177],[77.548376,12.956622],[77.548405,12.956569],[77.548467,12.956455],[77.548969,12.955588],[77.549307,12.955044],[77.549567,12.954729],[77.549581,12.954711],[77.549346,12.954731],[77.549295,12.954393],[77.549288,12.954347],[77.549274,12.954005],[77.549264,12.953751],[77.549264,12.953744],[77.549243,12.953463],[77.549238,12.953388],[77.549229,12.953309],[77.549215,12.953172],[77.549188,12.952902],[77.549187,12.952899],[77.549172,12.952767],[77.549157,12.952639],[77.549123,12.952348],[77.549131,12.952352],[77.549503,12.952284],[77.550484,12.95214],[77.550718,12.952133],[77.550723,12.952133],[77.550825,12.952087],[77.550898,12.952059],[77.55099,12.952079],[77.551093,12.952102],[77.551161,12.952126],[77.551212,12.952132],[77.551297,12.952113],[77.551322,12.952106],[77.551369,12.95209],[77.551463,12.952006],[77.55147,12.951993],[77.551477,12.951982],[77.551583,12.952071],[77.551674,12.951958],[77.551762,12.951851],[77.552091,12.951446],[77.552256,12.951231],[77.552699,12.950651],[77.552726,12.950616],[77.552767,12.950563],[77.552767,12.950563],[77.552946,12.950655],[77.553128,12.950807],[77.553197,12.950826],[77.553239,12.950828],[77.55329,12.95083],[77.553359,12.950824],[77.553427,12.950817],[77.553535,12.950803],[77.553623,12.950787],[77.553756,12.950758],[77.553948,12.950733],[77.554254,12.950542],[77.554403,12.950212],[77.554536,12.949982],[77.554604,12.949843],[77.554796,12.949789],[77.554853,12.95002],[77.554989,12.950563],[77.555482,12.950433],[77.555511,12.950424],[77.555518,12.950422],[77.555576,12.950402],[77.555697,12.950382],[77.555733,12.950375],[77.55582,12.950358],[77.556037,12.95033],[77.55606,12.950327],[77.556169,12.950312],[77.556354,12.950251],[77.556527,12.95016],[77.556564,12.950141],[77.556688,12.950052],[77.556721,12.950013],[77.556756,12.949982],[77.556764,12.949972],[77.556767,12.949969],[77.556943,12.950018],[77.556996,12.950033],[77.557174,12.950059],[77.557391,12.950092],[77.557502,12.950103],[77.557829,12.950138],[77.557838,12.950137],[77.557903,12.950139],[77.558073,12.950142],[77.558079,12.950288],[77.558064,12.950314],[77.557973,12.950318],[77.557845,12.950337],[77.557745,12.950348],[77.557665,12.950415],[77.557648,12.950494],[77.557641,12.950613],[77.557627,12.950676],[77.557613,12.950784],[77.557587,12.950816],[77.557496,12.950847],[77.55743,12.950887],[77.557372,12.950955],[77.557278,12.951061],[77.55714,12.951181],[77.557045,12.95121],[77.556993,12.951207],[77.556913,12.951208],[77.556802,12.951217],[77.556719,12.951261],[77.556653,12.95129],[77.556568,12.951312],[77.556437,12.951339],[77.556308,12.951372],[77.556188,12.951439],[77.556079,12.951501],[77.555826,12.951582],[77.555792,12.951595],[77.55565,12.951658],[77.55579,12.952028],[77.555969,12.952405],[77.556314,12.952954],[77.556534,12.95326],[77.557597,12.953188],[77.557898,12.953169],[77.558482,12.953132],[77.558478,12.953183],[77.558478,12.953187],[77.558616,12.953188],[77.558808,12.953219],[77.559131,12.953396],[77.559347,12.953506],[77.559504,12.95358],[77.559661,12.953646],[77.559811,12.95368],[77.560108,12.953683],[77.560258,12.953664],[77.560357,12.953655],[77.560481,12.953611],[77.560763,12.953468],[77.561024,12.953365],[77.561202,12.953342],[77.561692,12.953368],[77.561762,12.952509],[77.561783,12.952276],[77.561791,12.952192],[77.561794,12.95165],[77.56182,12.951599],[77.561897,12.95145],[77.562293,12.95081],[77.562272,12.950358],[77.562214,12.950047],[77.562121,12.949909],[77.56197,12.949767],[77.561934,12.949747],[77.561904,12.949726],[77.561878,12.949705],[77.561859,12.949688],[77.561738,12.949592],[77.561735,12.94959],[77.561603,12.949447],[77.561495,12.949356],[77.561495,12.949258],[77.561495,12.949258],[77.561634,12.949238],[77.56219,12.948876],[77.562191,12.948875],[77.562354,12.948939],[77.5624,12.948961],[77.56252,12.94902],[77.562601,12.949051],[77.562679,12.94909],[77.562772,12.949111],[77.562826,12.949106],[77.562967,12.949047],[77.563205,12.948911],[77.563441,12.948795],[77.563658,12.948715],[77.563758,12.948674],[77.563793,12.948649],[77.563824,12.948639],[77.563992,12.948628],[77.564111,12.948594],[77.564239,12.948519],[77.564239,12.948506],[77.564237,12.948353],[77.564227,12.947712],[77.564203,12.947201],[77.564202,12.947179],[77.564221,12.946806],[77.564229,12.946632],[77.564235,12.946488],[77.564239,12.946199],[77.564239,12.946199],[77.564245,12.945746],[77.564248,12.945527],[77.564249,12.945226],[77.56425,12.944755],[77.564249,12.944473],[77.564256,12.944187],[77.564263,12.943866],[77.564264,12.943855],[77.564281,12.943117],[77.564283,12.942889],[77.564285,12.94258],[77.564285,12.942495],[77.564289,12.94219],[77.564296,12.941738],[77.564346,12.94174],[77.565099,12.941747],[77.564979,12.941007],[77.564402,12.940031],[77.564289,12.939841],[77.564204,12.939695],[77.564044,12.939426],[77.563973,12.939305],[77.56403,12.939302],[77.564339,12.939299],[77.564478,12.939302],[77.565907,12.939332],[77.565923,12.939757],[77.56595,12.93991],[77.565988,12.940001],[77.566029,12.940052],[77.566076,12.940124],[77.56617,12.940182],[77.566325,12.940188],[77.566495,12.940187],[77.566648,12.940176],[77.566672,12.940703],[77.566721,12.941095],[77.566728,12.941148],[77.566772,12.941329],[77.566849,12.941529],[77.566998,12.941742],[77.567493,12.942269],[77.567648,12.942495],[77.567781,12.942687],[77.567845,12.942803],[77.567835,12.943601],[77.570344,12.94364],[77.570364,12.943641],[77.57039,12.943621],[77.570712,12.943623],[77.571061,12.943627],[77.571072,12.943639],[77.571112,12.94364],[77.571543,12.943644],[77.571843,12.943648],[77.572375,12.943655],[77.572713,12.943659],[77.572843,12.943658],[77.572867,12.943679],[77.572886,12.943679],[77.57378,12.943681],[77.573771,12.943297],[77.573779,12.942152],[77.573788,12.940695],[77.573843,12.940695],[77.573845,12.940639],[77.573845,12.940628],[77.575336,12.940616],[77.576828,12.940604],[77.576894,12.940603],[77.57726,12.940601],[77.577757,12.940596],[77.577756,12.940546],[77.577758,12.940525],[77.577703,12.939966],[77.577676,12.939689],[77.578103,12.939161],[77.578815,12.938282],[77.579425,12.937528],[77.580035,12.936775],[77.580089,12.936774],[77.580842,12.936752],[77.580842,12.936752],[77.581138,12.936743],[77.581201,12.936741],[77.581831,12.936723],[77.582747,12.936696],[77.584009,12.936659],[77.584909,12.936633],[77.584901,12.935605],[77.584902,12.934672],[77.584876,12.93392],[77.584861,12.9329],[77.583935,12.932922],[77.583901,12.932924],[77.582676,12.932954],[77.582593,12.932957],[77.58177,12.93298],[77.581287,12.932994],[77.580918,12.933004],[77.580707,12.93301],[77.580653,12.933011],[77.580198,12.933013],[77.580138,12.933015],[77.580136,12.933051],[77.580108,12.933051],[77.579617,12.933045],[77.579612,12.932615],[77.579607,12.932182],[77.579607,12.932175],[77.579613,12.931917],[77.57962,12.931653],[77.579639,12.930915],[77.57964,12.930846],[77.579649,12.92998],[77.579653,12.929562],[77.57966,12.92882],[77.579664,12.928749],[77.579686,12.928307],[77.57969,12.928234],[77.579692,12.928083],[77.579703,12.927393],[77.57971,12.927355],[77.579709,12.927299],[77.579697,12.926643],[77.579668,12.925527],[77.57969,12.924368],[77.579696,12.923957],[77.579702,12.923442],[77.579702,12.923436],[77.578436,12.923449],[77.577938,12.92345],[77.577688,12.923452],[77.576457,12.923494],[77.576247,12.923503],[77.576209,12.923505],[77.575973,12.923514],[77.575561,12.923517],[77.574575,12.923538],[77.573589,12.923559],[77.573584,12.923034],[77.57358,12.922697],[77.573576,12.922347],[77.573567,12.921545],[77.573561,12.921026],[77.574402,12.920838],[77.574292,12.920253],[77.574248,12.919877],[77.574233,12.919744],[77.574097,12.919303],[77.573914,12.918838],[77.573732,12.918408],[77.573649,12.918213],[77.573537,12.917896],[77.573513,12.917826],[77.573516,12.917718],[77.573534,12.916979],[77.573327,12.91688],[77.573104,12.91675],[77.572893,12.916633],[77.572814,12.916619],[77.572749,12.916611],[77.572557,12.916583],[77.572028,12.916532],[77.57197,12.916531],[77.571643,12.916527],[77.57141,12.91654],[77.571238,12.91655],[77.571103,12.916541],[77.571064,12.916531],[77.571001,12.916516],[77.570707,12.916417],[77.570649,12.916402],[77.570404,12.916335],[77.570367,12.916311],[77.570292,12.916234],[77.570235,12.916125],[77.570189,12.916029],[77.57013,12.915908],[77.570127,12.915903],[77.570091,12.915828],[77.569975,12.915651],[77.569935,12.915617],[77.569898,12.915595],[77.569775,12.915552],[77.569723,12.91554],[77.569567,12.915502],[77.569351,12.915935],[77.569249,12.916154],[77.569111,12.916451],[77.568859,12.916967],[77.568859,12.916967],[77.568775,12.917184],[77.568667,12.91754],[77.568655,12.917837],[77.568657,12.917957],[77.568676,12.918089],[77.568699,12.91815],[77.566027,12.918765],[77.565745,12.917979],[77.565467,12.917404],[77.565395,12.9173],[77.564898,12.916779],[77.564855,12.916751],[77.564851,12.916761],[77.564686,12.917172],[77.564615,12.917357],[77.564498,12.917654],[77.564458,12.917736],[77.564279,12.918113],[77.564154,12.918345],[77.564102,12.91844],[77.563889,12.918779],[77.563577,12.919246],[77.563433,12.919424],[77.563358,12.919492],[77.563253,12.919572],[77.563027,12.919707],[77.562798,12.919843],[77.562431,12.920083],[77.562276,12.920185],[77.562203,12.920248],[77.562183,12.920289],[77.562123,12.920437],[77.561943,12.920818],[77.561845,12.921083],[77.561845,12.921083],[77.561845,12.921083],[77.561694,12.921516],[77.561612,12.92161],[77.560309,12.921847],[77.559117,12.922083],[77.558751,12.922187],[77.556281,12.922978],[77.556169,12.922581],[77.555972,12.92201],[77.555646,12.920999],[77.555119,12.921022],[77.554897,12.920962],[77.554736,12.920979],[77.554617,12.921011],[77.554386,12.921017],[77.554155,12.92096],[77.554042,12.920901],[77.553506,12.92062],[77.553234,12.920437],[77.553026,12.92026],[77.552882,12.920093],[77.552682,12.919731],[77.552639,12.91966],[77.552581,12.919634],[77.552518,12.91964],[77.552426,12.919701],[77.552319,12.919748],[77.552173,12.91977],[77.552153,12.919663],[77.552123,12.919668],[77.551956,12.918886],[77.551956,12.918886],[77.551956,12.918886],[77.550902,12.919108],[77.550727,12.919147],[77.550234,12.919257],[77.550274,12.919481],[77.550264,12.919549],[77.550266,12.920376],[77.550257,12.920397],[77.55021,12.920425],[77.550249,12.920558],[77.550132,12.920626],[77.550839,12.921957],[77.551393,12.923026],[77.551745,12.923735],[77.552058,12.924363],[77.552186,12.924313],[77.551716,12.924495],[77.551444,12.924599],[77.550496,12.925094],[77.550399,12.925145],[77.549968,12.92539],[77.54995,12.9254],[77.549445,12.925687],[77.549271,12.925793],[77.548711,12.926147],[77.548152,12.926565],[77.547828,12.926818],[77.546233,12.928066],[77.546053,12.928207],[77.54555,12.928632],[77.544492,12.929528],[77.543602,12.930386],[77.543441,12.930529],[77.543086,12.930846],[77.542868,12.931039],[77.542484,12.931381],[77.541587,12.932028],[77.541079,12.932396],[77.540433,12.932844],[77.539665,12.933382],[77.539427,12.933548],[77.539252,12.933658],[77.539181,12.933702]]]},"properties":{"Corporatio":"West","Zone":"Zone2","_folder":"zones"}},{"type":"Feature","geometry":{"type":"Polygon","coordinates":[[[77.617683,12.877411],[77.617644,12.877338],[77.617618,12.877279],[77.617587,12.877199],[77.61757,12.877167],[77.617564,12.877139],[77.617563,12.877114],[77.617565,12.877056],[77.617572,12.876927],[77.617587,12.87681],[77.617588,12.876788],[77.6176,12.876697],[77.617612,12.876631],[77.617631,12.876579],[77.617666,12.876513],[77.617696,12.876429],[77.617682,12.876369],[77.617633,12.876242],[77.617546,12.876075],[77.617526,12.87606],[77.617479,12.876066],[77.616799,12.876138],[77.616513,12.87619],[77.616257,12.876237],[77.616165,12.876244],[77.616019,12.876257],[77.615719,12.876275],[77.615709,12.876275],[77.615628,12.876269],[77.615537,12.876267],[77.614919,12.876257],[77.614919,12.876257],[77.614968,12.875627],[77.61499,12.875353],[77.615007,12.875225],[77.615131,12.874285],[77.615267,12.873505],[77.615341,12.873078],[77.615247,12.872548],[77.615209,12.872332],[77.615206,12.872019],[77.615278,12.871616],[77.615156,12.871588],[77.614986,12.871128],[77.614535,12.871131],[77.614498,12.871138],[77.614102,12.871212],[77.613869,12.871257],[77.61358,12.8713],[77.613563,12.871167],[77.613545,12.871035],[77.61344,12.870251],[77.613375,12.870006],[77.613336,12.869863],[77.613322,12.869811],[77.613302,12.869376],[77.613293,12.869148],[77.613281,12.868709],[77.613275,12.868186],[77.613231,12.868182],[77.613198,12.86818],[77.613123,12.868173],[77.61307,12.867836],[77.613065,12.867806],[77.613032,12.867592],[77.612955,12.86714],[77.61295,12.867114],[77.612948,12.867088],[77.612861,12.865989],[77.6128,12.865406],[77.612056,12.865748],[77.611458,12.866145],[77.611139,12.866646],[77.61112,12.867068],[77.611105,12.867422],[77.610939,12.86744],[77.610804,12.867457],[77.610554,12.867491],[77.610332,12.86752],[77.610307,12.867264],[77.610271,12.866878],[77.609772,12.86691],[77.609303,12.86694],[77.609073,12.866954],[77.608858,12.866968],[77.608379,12.866998],[77.608305,12.867276],[77.608211,12.867627],[77.608077,12.868129],[77.608093,12.869016],[77.608076,12.869175],[77.608048,12.869442],[77.608024,12.869674],[77.607986,12.869684],[77.607142,12.869933],[77.606429,12.869906],[77.606418,12.869897],[77.606295,12.869706],[77.60626,12.869494],[77.606143,12.86928],[77.60607,12.869215],[77.605895,12.869264],[77.605325,12.868236],[77.6052,12.868119],[77.605005,12.867636],[77.604865,12.866996],[77.604662,12.867033],[77.604638,12.866608],[77.604589,12.866274],[77.604587,12.866044],[77.604526,12.865518],[77.604473,12.865284],[77.604468,12.865135],[77.604332,12.865093],[77.604286,12.864779],[77.603858,12.864803],[77.60351,12.864655],[77.603509,12.864932],[77.603539,12.865234],[77.603399,12.865371],[77.60308,12.866081],[77.602926,12.866316],[77.602823,12.866504],[77.602633,12.866655],[77.60238,12.866717],[77.602042,12.866753],[77.601485,12.86677],[77.601601,12.866467],[77.601537,12.866285],[77.60059,12.866335],[77.600567,12.866336],[77.599852,12.866329],[77.59972,12.866356],[77.599638,12.866384],[77.59954,12.866317],[77.599264,12.866383],[77.599271,12.866546],[77.599034,12.866728],[77.598063,12.866775],[77.597999,12.867034],[77.597954,12.867224],[77.597902,12.867479],[77.597573,12.868863],[77.596785,12.870284],[77.596348,12.872026],[77.596348,12.872026],[77.596298,12.872113],[77.596285,12.872144],[77.596238,12.87231],[77.596153,12.872588],[77.596126,12.872645],[77.596107,12.872682],[77.596092,12.872704],[77.596059,12.872747],[77.596022,12.872776],[77.595986,12.8728],[77.595848,12.872882],[77.595772,12.872927],[77.59568,12.872961],[77.595602,12.872978],[77.595527,12.872989],[77.594676,12.873084],[77.5946,12.873093],[77.594414,12.873117],[77.594259,12.873145],[77.594256,12.873145],[77.594203,12.87297],[77.593958,12.87285],[77.592954,12.872719],[77.592658,12.872099],[77.591849,12.871548],[77.590358,12.870532],[77.589528,12.870174],[77.588988,12.869893],[77.588889,12.869843],[77.588879,12.870367],[77.588873,12.870465],[77.588848,12.87115],[77.588808,12.872017],[77.588806,12.872089],[77.588796,12.872306],[77.588793,12.87248],[77.588795,12.872513],[77.588799,12.87254],[77.588804,12.872565],[77.588811,12.872585],[77.588822,12.872616],[77.588833,12.872642],[77.588834,12.872646],[77.588786,12.872658],[77.588663,12.872688],[77.587967,12.872909],[77.587559,12.873056],[77.587295,12.873193],[77.587074,12.873378],[77.586785,12.873631],[77.586083,12.874036],[77.586244,12.874457],[77.589174,12.876441],[77.589593,12.876927],[77.589592,12.877261],[77.58959,12.877779],[77.58961,12.877834],[77.589595,12.877836],[77.589659,12.877967],[77.589856,12.878426],[77.590192,12.879182],[77.590381,12.880157],[77.590552,12.880989],[77.590572,12.881094],[77.590612,12.881308],[77.590613,12.881327],[77.590616,12.881465],[77.590617,12.881492],[77.590616,12.881512],[77.590607,12.881635],[77.590559,12.88248],[77.590561,12.8826],[77.590569,12.882695],[77.590677,12.882956],[77.590727,12.883067],[77.590978,12.883618],[77.59101,12.883689],[77.591042,12.883767],[77.591081,12.883866],[77.591197,12.884157],[77.591304,12.884505],[77.591412,12.884994],[77.59153,12.885417],[77.591628,12.885857],[77.591682,12.886234],[77.591683,12.886324],[77.591717,12.886976],[77.591744,12.887278],[77.591758,12.88743],[77.591779,12.887915],[77.591796,12.8883],[77.59176,12.888305],[77.591682,12.888316],[77.591608,12.888326],[77.591438,12.888385],[77.591378,12.888407],[77.590967,12.888542],[77.590709,12.888603],[77.590132,12.888703],[77.590132,12.888703],[77.589572,12.8888],[77.588341,12.889006],[77.588205,12.889029],[77.588203,12.88906],[77.58803,12.889078],[77.587596,12.889138],[77.587104,12.889206],[77.586481,12.88928],[77.58624,12.889323],[77.585829,12.889422],[77.585462,12.889525],[77.585447,12.88953],[77.585074,12.889654],[77.584707,12.889776],[77.584206,12.889962],[77.58369,12.890127],[77.583559,12.89017],[77.583021,12.890339],[77.582675,12.890432],[77.582593,12.890459],[77.582517,12.890513],[77.582446,12.890607],[77.582218,12.890886],[77.582048,12.891084],[77.581856,12.891285],[77.581807,12.89217],[77.581332,12.89213],[77.580895,12.892108],[77.580678,12.893264],[77.58054,12.89365],[77.580416,12.894056],[77.58011,12.894874],[77.580105,12.894887],[77.579893,12.895331],[77.579853,12.895433],[77.579735,12.895805],[77.579702,12.895909],[77.579596,12.896407],[77.579562,12.896567],[77.579527,12.896694],[77.579537,12.896753],[77.579553,12.896816],[77.579637,12.896916],[77.579673,12.896967],[77.579852,12.897121],[77.579447,12.896885],[77.579226,12.897245],[77.577729,12.896544],[77.5772,12.896228],[77.57726,12.896132],[77.576442,12.895722],[77.575481,12.895242],[77.57548,12.895159],[77.57515,12.894973],[77.57471,12.894779],[77.574299,12.894597],[77.573887,12.894589],[77.573485,12.89458],[77.573462,12.894578],[77.573397,12.894572],[77.573413,12.894571],[77.573448,12.894557],[77.573466,12.894527],[77.573471,12.894512],[77.573509,12.894389],[77.573527,12.894345],[77.573488,12.894327],[77.573321,12.89427],[77.573284,12.894249],[77.57325,12.894289],[77.573239,12.894304],[77.572984,12.894629],[77.572966,12.894684],[77.572909,12.894789],[77.572904,12.894797],[77.572396,12.894546],[77.571882,12.894493],[77.571881,12.894445],[77.571876,12.894263],[77.571028,12.894202],[77.570288,12.894144],[77.568892,12.894004],[77.568414,12.89412],[77.568453,12.89416],[77.56858,12.894284],[77.568617,12.89432],[77.568806,12.894508],[77.568809,12.894511],[77.569055,12.89477],[77.569074,12.894801],[77.569097,12.894822],[77.569118,12.894843],[77.56915,12.894877],[77.569411,12.895173],[77.56943,12.895193],[77.569494,12.895263],[77.569841,12.895661],[77.569964,12.895828],[77.57002,12.895896],[77.570064,12.895931],[77.570083,12.895944],[77.570241,12.896128],[77.570485,12.896401],[77.570722,12.896676],[77.571146,12.897156],[77.571197,12.897224],[77.571291,12.897348],[77.571476,12.897605],[77.571639,12.897796],[77.571823,12.898052],[77.572186,12.898542],[77.572445,12.898898],[77.572493,12.89897],[77.572644,12.8992],[77.572736,12.899364],[77.572746,12.899379],[77.572786,12.899476],[77.572801,12.899511],[77.572842,12.89961],[77.57291,12.899829],[77.572963,12.899972],[77.57297,12.899991],[77.572984,12.900029],[77.573003,12.900079],[77.573099,12.900392],[77.573127,12.900482],[77.573239,12.900863],[77.573247,12.900891],[77.573252,12.900912],[77.573306,12.901119],[77.573355,12.901371],[77.5734,12.901627],[77.573423,12.901845],[77.573426,12.901969],[77.573426,12.901982],[77.573427,12.902043],[77.573424,12.902099],[77.573414,12.902271],[77.573406,12.902345],[77.57339,12.902499],[77.573355,12.902663],[77.573346,12.902709],[77.573322,12.90283],[77.573285,12.903059],[77.573281,12.903082],[77.573243,12.903348],[77.573237,12.903394],[77.573213,12.903573],[77.573203,12.903671],[77.573198,12.903746],[77.573198,12.903862],[77.573216,12.90404],[77.573224,12.904096],[77.57328,12.904502],[77.573305,12.904656],[77.573313,12.90472],[77.573338,12.904816],[77.573354,12.904875],[77.573365,12.905015],[77.573372,12.905192],[77.573369,12.905384],[77.573354,12.905638],[77.573343,12.905778],[77.573325,12.905945],[77.573325,12.905947],[77.573297,12.906184],[77.573294,12.906212],[77.573282,12.906315],[77.573281,12.906333],[77.573269,12.906465],[77.573264,12.90648],[77.57431,12.906456],[77.575488,12.906456],[77.575475,12.905856],[77.575469,12.905557],[77.575463,12.905321],[77.575458,12.905057],[77.575458,12.905054],[77.575458,12.905051],[77.575467,12.905042],[77.575472,12.905037],[77.575616,12.904893],[77.575744,12.904768],[77.575761,12.904752],[77.575763,12.90475],[77.575807,12.904707],[77.5759,12.904615],[77.575972,12.904534],[77.575977,12.904529],[77.575982,12.904523],[77.576125,12.904399],[77.576215,12.904357],[77.576254,12.904343],[77.576373,12.9043],[77.576571,12.904177],[77.576776,12.904005],[77.576898,12.903901],[77.576906,12.903895],[77.577005,12.903831],[77.577235,12.903869],[77.576972,12.904389],[77.576941,12.904578],[77.576939,12.904588],[77.576922,12.90469],[77.576926,12.90507],[77.576915,12.905194],[77.576909,12.905317],[77.577209,12.905335],[77.577481,12.905352],[77.578696,12.905368],[77.578665,12.904954],[77.578689,12.904951],[77.579689,12.904713],[77.57966,12.904544],[77.579668,12.90454],[77.580302,12.904361],[77.580297,12.904129],[77.580545,12.904062],[77.580784,12.903999],[77.581013,12.903937],[77.581232,12.903878],[77.581452,12.903819],[77.581714,12.903748],[77.581755,12.903738],[77.581756,12.903785],[77.581763,12.904079],[77.581775,12.904549],[77.581748,12.904545],[77.581707,12.904709],[77.581699,12.904742],[77.581713,12.905466],[77.58173,12.905569],[77.582001,12.905559],[77.582006,12.905549],[77.58202,12.905545],[77.58206,12.90554],[77.582145,12.905534],[77.582217,12.905528],[77.582286,12.905522],[77.582358,12.905522],[77.582425,12.90552],[77.582506,12.905517],[77.582572,12.905514],[77.582642,12.905513],[77.583007,12.905497],[77.582998,12.905384],[77.583877,12.905319],[77.584224,12.905198],[77.584289,12.905173],[77.584953,12.905166],[77.58497,12.904665],[77.585299,12.904666],[77.585718,12.904667],[77.585751,12.904666],[77.586436,12.904645],[77.586447,12.905577],[77.586452,12.905577],[77.587218,12.905554],[77.588048,12.905546],[77.588062,12.905266],[77.588153,12.905237],[77.588118,12.905082],[77.588441,12.905037],[77.588731,12.904996],[77.589009,12.904957],[77.589662,12.904866],[77.58989,12.904833],[77.589889,12.904827],[77.590051,12.904795],[77.590234,12.905711],[77.59147,12.905602],[77.59147,12.905553],[77.591461,12.905436],[77.591903,12.905366],[77.592269,12.905347],[77.592572,12.905331],[77.592936,12.905292],[77.593408,12.905272],[77.593415,12.905539],[77.593415,12.905567],[77.593435,12.905568],[77.593562,12.90557],[77.59359,12.905342],[77.593763,12.904898],[77.593858,12.903857],[77.593924,12.903365],[77.593974,12.902797],[77.593991,12.90267],[77.593992,12.902662],[77.594039,12.902666],[77.594407,12.90264],[77.594861,12.902647],[77.594872,12.902646],[77.595385,12.902592],[77.595904,12.902572],[77.596391,12.902528],[77.596642,12.902464],[77.597191,12.902251],[77.598075,12.901826],[77.598917,12.901376],[77.599113,12.901281],[77.599123,12.901275],[77.599384,12.901134],[77.599431,12.901109],[77.59947,12.901105],[77.599482,12.901111],[77.599489,12.901161],[77.599455,12.901364],[77.599349,12.901649],[77.599231,12.901926],[77.599183,12.902038],[77.599072,12.902499],[77.599044,12.902627],[77.598928,12.903205],[77.598927,12.903356],[77.598943,12.903504],[77.598987,12.903575],[77.599146,12.903729],[77.599274,12.903832],[77.599368,12.903863],[77.59942,12.903872],[77.599553,12.903849],[77.599694,12.903801],[77.599884,12.903736],[77.599989,12.903686],[77.600058,12.903623],[77.600112,12.903608],[77.600151,12.903597],[77.600311,12.903566],[77.600586,12.903527],[77.6009,12.9035],[77.600985,12.903458],[77.601084,12.903457],[77.601121,12.903463],[77.601249,12.90355],[77.601303,12.903562],[77.601433,12.903522],[77.601459,12.903512],[77.601521,12.903729],[77.601728,12.904567],[77.60175,12.904657],[77.601853,12.90513],[77.601861,12.905297],[77.601859,12.905408],[77.601857,12.905439],[77.601852,12.905498],[77.601823,12.905627],[77.601732,12.9058],[77.601392,12.90621],[77.601076,12.90659],[77.600791,12.906954],[77.600555,12.907257],[77.600501,12.90724],[77.600361,12.907708],[77.60028,12.908143],[77.600228,12.908526],[77.600226,12.908539],[77.600221,12.908577],[77.60017,12.909227],[77.600142,12.909585],[77.600081,12.910118],[77.600071,12.910212],[77.600026,12.910619],[77.599983,12.911013],[77.59993,12.911702],[77.599916,12.911867],[77.599884,12.912618],[77.599883,12.913341],[77.599899,12.913598],[77.599905,12.913697],[77.599957,12.913879],[77.599972,12.913934],[77.599986,12.913995],[77.599995,12.914045],[77.600004,12.914121],[77.600014,12.914196],[77.600023,12.914284],[77.599998,12.91507],[77.599978,12.915832],[77.599977,12.91586],[77.599974,12.916236],[77.599972,12.916456],[77.599976,12.916535],[77.599993,12.916728],[77.600621,12.91671],[77.601793,12.916677],[77.602264,12.916665],[77.602591,12.916656],[77.603049,12.916644],[77.604062,12.916621],[77.604305,12.916615],[77.605296,12.916607],[77.605392,12.916607],[77.605534,12.916603],[77.605927,12.916592],[77.607212,12.916554],[77.607233,12.916554],[77.607233,12.916554],[77.607274,12.916904],[77.60728,12.916926],[77.607412,12.917353],[77.607528,12.917758],[77.607695,12.918556],[77.607829,12.918968],[77.607993,12.919549],[77.608015,12.919612],[77.608052,12.919725],[77.60807,12.919771],[77.607999,12.919896],[77.608025,12.920031],[77.608042,12.920028],[77.608049,12.92005],[77.608049,12.92005],[77.608086,12.920159],[77.608112,12.920262],[77.608202,12.920571],[77.608212,12.920603],[77.608371,12.920854],[77.608383,12.920874],[77.608395,12.920894],[77.608479,12.921026],[77.608647,12.921511],[77.60866,12.92154],[77.608672,12.921567],[77.608673,12.921588],[77.608674,12.92169],[77.608676,12.921818],[77.6087,12.922015],[77.608713,12.922119],[77.608746,12.92218],[77.608824,12.922238],[77.608848,12.922313],[77.608853,12.922353],[77.6089,12.922712],[77.608883,12.922799],[77.608877,12.922825],[77.608865,12.922884],[77.608744,12.923099],[77.608728,12.923142],[77.608674,12.923292],[77.60861,12.923408],[77.608421,12.923747],[77.608732,12.923879],[77.608703,12.924012],[77.608527,12.924824],[77.608401,12.924759],[77.608325,12.924756],[77.608271,12.924784],[77.608141,12.924798],[77.608086,12.924801],[77.607931,12.924821],[77.607755,12.924861],[77.607714,12.924868],[77.607633,12.924878],[77.607517,12.9249],[77.60734,12.924932],[77.607288,12.924946],[77.607227,12.924959],[77.607035,12.924996],[77.606986,12.925008],[77.606882,12.925029],[77.606935,12.925083],[77.606959,12.925456],[77.606927,12.925476],[77.606926,12.925476],[77.606556,12.925567],[77.606192,12.925619],[77.606072,12.92561],[77.606033,12.925583],[77.605937,12.925419],[77.605884,12.925371],[77.605807,12.925328],[77.605613,12.925275],[77.605493,12.925234],[77.605439,12.925217],[77.605321,12.925178],[77.605275,12.92517],[77.605167,12.925148],[77.605084,12.925148],[77.604943,12.925145],[77.605105,12.925949],[77.605012,12.92599],[77.60494,12.926039],[77.604778,12.926119],[77.6047,12.926167],[77.60459,12.926231],[77.604423,12.926314],[77.604429,12.926459],[77.604458,12.926516],[77.604465,12.926533],[77.604465,12.926533],[77.604498,12.926605],[77.604508,12.926619],[77.604532,12.926598],[77.604542,12.926586],[77.604571,12.926678],[77.604588,12.92673],[77.604666,12.926983],[77.604672,12.927005],[77.604546,12.927052],[77.604594,12.927197],[77.604604,12.927227],[77.60436,12.927312],[77.604435,12.927513],[77.604736,12.927435],[77.604915,12.928039],[77.604638,12.928047],[77.604587,12.928048],[77.604124,12.928064],[77.603976,12.928069],[77.603799,12.928057],[77.603498,12.928035],[77.603487,12.928036],[77.603419,12.92802],[77.60332,12.927993],[77.603291,12.927986],[77.603072,12.927871],[77.602754,12.927705],[77.602302,12.927468],[77.601838,12.927212],[77.601535,12.927034],[77.601527,12.92703],[77.601305,12.92693],[77.601272,12.926906],[77.60123,12.926861],[77.601153,12.92672],[77.601122,12.926634],[77.601111,12.926607],[77.600435,12.926614],[77.600441,12.92673],[77.600496,12.928295],[77.60051,12.928708],[77.600513,12.928763],[77.600522,12.928763],[77.600539,12.929064],[77.600589,12.929928],[77.600599,12.930116],[77.600658,12.930582],[77.600676,12.930722],[77.600676,12.930741],[77.600698,12.931244],[77.600703,12.931356],[77.600705,12.931517],[77.600787,12.932004],[77.601065,12.933657],[77.601458,12.935741],[77.601694,12.93706],[77.601704,12.937058],[77.601704,12.937058],[77.601694,12.93706],[77.601698,12.937089],[77.601698,12.937089],[77.600484,12.937316],[77.600379,12.937337],[77.599933,12.937428],[77.599377,12.937607],[77.599093,12.937778],[77.599013,12.937849],[77.598754,12.938079],[77.598582,12.938277],[77.598474,12.938402],[77.598068,12.939044],[77.597863,12.939437],[77.597843,12.939488],[77.597667,12.939937],[77.597659,12.939954],[77.597604,12.940293],[77.597456,12.941769],[77.59742,12.942042],[77.597382,12.942348],[77.597302,12.942879],[77.597255,12.943187],[77.597771,12.943053],[77.597975,12.942989],[77.598143,12.942938],[77.598499,12.942884],[77.598569,12.942867],[77.598678,12.94284],[77.598967,12.942803],[77.59908,12.942789],[77.599287,12.942748],[77.599883,12.942644],[77.600158,12.942596],[77.60023,12.942583],[77.600746,12.942493],[77.600899,12.942467],[77.600935,12.942495],[77.600948,12.942492],[77.601443,12.942388],[77.601734,12.942326],[77.601986,12.942274],[77.602629,12.942139],[77.602632,12.942152],[77.602788,12.942839],[77.602862,12.943161],[77.602863,12.943417],[77.602863,12.943417],[77.602864,12.943545],[77.602848,12.943927],[77.602844,12.944096],[77.602788,12.944375],[77.602788,12.944375],[77.602725,12.944684],[77.602676,12.944923],[77.602651,12.945043],[77.602552,12.94552],[77.602519,12.946013],[77.602518,12.946055],[77.602517,12.946161],[77.602486,12.946463],[77.602444,12.94688],[77.602443,12.946888],[77.602415,12.946974],[77.602423,12.947178],[77.602424,12.94721],[77.602426,12.947356],[77.60245,12.94758],[77.602502,12.947805],[77.602582,12.948152],[77.60262,12.948325],[77.60263,12.948357],[77.602653,12.948439],[77.602746,12.948654],[77.602792,12.948759],[77.60284,12.948872],[77.602916,12.949046],[77.602919,12.949054],[77.602996,12.949238],[77.603147,12.949602],[77.603152,12.949617],[77.603349,12.950185],[77.603369,12.950243],[77.603443,12.950509],[77.60391,12.950392],[77.604803,12.950232],[77.60569,12.950116],[77.605792,12.949798],[77.605832,12.94967],[77.605792,12.949798],[77.60898,12.949306],[77.60943,12.949238],[77.609929,12.949166],[77.611037,12.948966],[77.611436,12.949021],[77.611665,12.949307],[77.612764,12.949295],[77.613798,12.949285],[77.614422,12.949281],[77.614521,12.94928],[77.615134,12.949273],[77.615586,12.94927],[77.61577,12.94927],[77.616376,12.949273],[77.616694,12.949264],[77.616858,12.949246],[77.616888,12.949219],[77.616902,12.949207],[77.616951,12.949186],[77.616964,12.949176],[77.616964,12.949176],[77.616964,12.949176],[77.617005,12.949148],[77.616976,12.949116],[77.617042,12.949071],[77.617103,12.949028],[77.617161,12.949],[77.617186,12.948984],[77.617209,12.948969],[77.617384,12.948849],[77.617492,12.948768],[77.617656,12.948644],[77.617753,12.948572],[77.617881,12.948476],[77.618002,12.948393],[77.618157,12.948288],[77.618264,12.948216],[77.618388,12.948132],[77.618514,12.948044],[77.618649,12.947935],[77.618777,12.947832],[77.61889,12.947744],[77.61902,12.947656],[77.619244,12.947502],[77.619291,12.94747],[77.619319,12.947451],[77.619319,12.947451],[77.619334,12.947478],[77.620047,12.948807],[77.620218,12.949127],[77.620255,12.949187],[77.620255,12.949187],[77.620591,12.949749],[77.620761,12.950039],[77.6208,12.950106],[77.620903,12.950283],[77.621036,12.950562],[77.62117,12.950886],[77.621197,12.95096],[77.621296,12.951226],[77.621343,12.951328],[77.621499,12.951664],[77.622032,12.951425],[77.622311,12.9513],[77.622886,12.951022],[77.62315,12.950895],[77.623298,12.950826],[77.623326,12.950812],[77.623549,12.950737],[77.623722,12.950701],[77.624175,12.950605],[77.624217,12.950596],[77.624256,12.950589],[77.624945,12.950441],[77.625421,12.950339],[77.625486,12.950319],[77.625653,12.950269],[77.625919,12.950152],[77.626048,12.95007],[77.626187,12.949982],[77.626194,12.949977],[77.626307,12.949884],[77.626377,12.949828],[77.626468,12.949755],[77.626492,12.949735],[77.626619,12.949629],[77.626774,12.9495],[77.626803,12.949476],[77.627013,12.949317],[77.627048,12.949285],[77.627283,12.949068],[77.627508,12.9488],[77.627651,12.948588],[77.628051,12.947868],[77.628201,12.947597],[77.628414,12.947215],[77.628438,12.947172],[77.628653,12.946831],[77.628829,12.946574],[77.62883,12.946571],[77.628923,12.946434],[77.628925,12.94643],[77.628931,12.946422],[77.629106,12.946163],[77.629425,12.945548],[77.629546,12.945314],[77.629643,12.945127],[77.62967,12.945075],[77.629905,12.944546],[77.630009,12.944312],[77.630015,12.944299],[77.630189,12.943922],[77.63044,12.94338],[77.630472,12.943308],[77.630472,12.943308],[77.630568,12.943096],[77.63076,12.942669],[77.630867,12.942411],[77.631172,12.941672],[77.631263,12.94145],[77.631277,12.94142],[77.631432,12.941082],[77.631432,12.941082],[77.631438,12.941068],[77.631531,12.940857],[77.631693,12.940488],[77.631951,12.939881],[77.632052,12.939681],[77.632131,12.939524],[77.632394,12.939003],[77.632645,12.938509],[77.632654,12.938509],[77.632657,12.938503],[77.632765,12.938263],[77.632856,12.938058],[77.632924,12.937905],[77.633114,12.93759],[77.633302,12.937341],[77.633484,12.937176],[77.633849,12.936845],[77.634269,12.936496],[77.634492,12.936312],[77.634532,12.936272],[77.634567,12.936237],[77.634599,12.936165],[77.634586,12.936141],[77.634577,12.936123],[77.634638,12.936074],[77.63472,12.936007],[77.634756,12.935959],[77.634809,12.935889],[77.634899,12.93577],[77.634974,12.935705],[77.63503,12.935656],[77.635048,12.935639],[77.635155,12.935523],[77.635238,12.935432],[77.635319,12.935343],[77.635664,12.934966],[77.635679,12.934948],[77.636178,12.934381],[77.637169,12.933254],[77.637762,12.932472],[77.637873,12.932326],[77.638006,12.932052],[77.638094,12.931844],[77.638522,12.931283],[77.638812,12.930904],[77.639051,12.930788],[77.63947,12.930599],[77.639523,12.930556],[77.639546,12.930496],[77.63949,12.930356],[77.639474,12.930303],[77.639466,12.93025],[77.639477,12.93022],[77.639515,12.930148],[77.639589,12.929829],[77.639579,12.929686],[77.639579,12.929686],[77.639936,12.929572],[77.641004,12.9294],[77.641245,12.929449],[77.641501,12.929388],[77.641769,12.929324],[77.641901,12.929255],[77.641876,12.928926],[77.641846,12.928212],[77.64187,12.928211],[77.641824,12.927978],[77.641707,12.927584],[77.641593,12.927104],[77.641401,12.926439],[77.641334,12.926207],[77.64132,12.926164],[77.641096,12.925967],[77.64055,12.92594],[77.64038,12.92596],[77.640145,12.92598],[77.640041,12.925997],[77.640041,12.925997],[77.639872,12.926025],[77.639738,12.926032],[77.63964,12.926012],[77.639561,12.925986],[77.639478,12.925972],[77.639356,12.925943],[77.639313,12.92592],[77.639237,12.925891],[77.639166,12.925843],[77.639116,12.92567],[77.639196,12.925386],[77.639213,12.925135],[77.639316,12.924823],[77.639297,12.924593],[77.639266,12.924207],[77.639278,12.924137],[77.639291,12.924058],[77.639886,12.923841],[77.639925,12.923827],[77.640325,12.923687],[77.640861,12.923475],[77.641087,12.923397],[77.641243,12.923368],[77.641375,12.923378],[77.641548,12.923423],[77.641835,12.923511],[77.642342,12.923647],[77.642853,12.923775],[77.643091,12.92384],[77.643534,12.923964],[77.643865,12.924072],[77.644015,12.924116],[77.644436,12.924257],[77.644543,12.924295],[77.644727,12.924363],[77.644893,12.924417],[77.645166,12.92446],[77.645366,12.924474],[77.645581,12.924475],[77.645761,12.924477],[77.645856,12.924473],[77.646095,12.924471],[77.646122,12.924472],[77.646391,12.924483],[77.646687,12.924509],[77.646925,12.924533],[77.647326,12.924574],[77.64747,12.924589],[77.647906,12.92462],[77.648137,12.924634],[77.648344,12.924647],[77.648862,12.924686],[77.649173,12.924694],[77.649193,12.924695],[77.64949,12.924659],[77.649631,12.924641],[77.649757,12.924594],[77.650216,12.924406],[77.650265,12.924386],[77.650454,12.924362],[77.650688,12.924367],[77.650891,12.92436],[77.651072,12.924334],[77.651637,12.924235],[77.651738,12.924221],[77.651686,12.924003],[77.651623,12.923699],[77.65156,12.923383],[77.651518,12.923193],[77.651493,12.923],[77.651479,12.922753],[77.651482,12.922437],[77.651487,12.92232],[77.65148,12.921937],[77.651488,12.921532],[77.651501,12.921198],[77.651501,12.921184],[77.651586,12.921187],[77.651593,12.921187],[77.651817,12.921171],[77.652325,12.921105],[77.6536,12.920962],[77.6536,12.92071],[77.653599,12.920628],[77.653612,12.920451],[77.653956,12.920452],[77.654018,12.920448],[77.654089,12.920453],[77.654139,12.920462],[77.654185,12.920471],[77.654381,12.920482],[77.654419,12.920474],[77.654463,12.920469],[77.654463,12.920469],[77.654664,12.92045],[77.660354,12.916345],[77.661995,12.918261],[77.662216,12.918791],[77.662786,12.921181],[77.66279,12.921198],[77.662695,12.921226],[77.662407,12.921307],[77.662037,12.921409],[77.661593,12.921512],[77.661593,12.921512],[77.661557,12.92152],[77.66116,12.921612],[77.661328,12.922351],[77.661598,12.923035],[77.661601,12.923043],[77.662472,12.926142],[77.663099,12.927431],[77.663265,12.927632],[77.663286,12.928229],[77.663427,12.928174],[77.663763,12.928038],[77.663845,12.928037],[77.6641,12.928035],[77.664594,12.928052],[77.664933,12.928137],[77.665115,12.928355],[77.665855,12.930351],[77.666152,12.930723],[77.666402,12.931006],[77.666723,12.931126],[77.666921,12.931199],[77.667529,12.931281],[77.668035,12.931243],[77.667994,12.930766],[77.667967,12.930583],[77.667817,12.92956],[77.667691,12.928793],[77.668459,12.928708],[77.668574,12.92824],[77.668633,12.927997],[77.668726,12.927485],[77.668782,12.927377],[77.668898,12.927151],[77.668933,12.926206],[77.668889,12.925818],[77.668846,12.92543],[77.668807,12.924602],[77.668801,12.924469],[77.668773,12.923316],[77.668202,12.923236],[77.668029,12.922634],[77.667793,12.921564],[77.667078,12.921219],[77.666619,12.920982],[77.666192,12.921015],[77.665472,12.921053],[77.665472,12.921053],[77.665182,12.92107],[77.664916,12.920792],[77.66477,12.920619],[77.66477,12.920619],[77.665132,12.920595],[77.668725,12.918861],[77.670415,12.91834],[77.673186,12.91696],[77.673436,12.916648],[77.673572,12.91612],[77.673984,12.91559],[77.675531,12.914569],[77.677615,12.913963],[77.677615,12.913963],[77.677615,12.913963],[77.678103,12.913774],[77.678485,12.913626],[77.67873,12.913517],[77.679154,12.913317],[77.680016,12.912883],[77.68039,12.912686],[77.681124,12.912304],[77.681469,12.912128],[77.682409,12.911649],[77.682565,12.91157],[77.682824,12.911437],[77.682974,12.911376],[77.683746,12.911058],[77.684517,12.910744],[77.685142,12.910498],[77.685822,12.910228],[77.686371,12.910007],[77.686371,12.910007],[77.687079,12.909731],[77.687094,12.909726],[77.6874,12.909607],[77.687494,12.90957],[77.687494,12.90957],[77.687494,12.90957],[77.68803,12.909359],[77.688818,12.909052],[77.689691,12.90878],[77.689775,12.908759],[77.690623,12.908538],[77.690687,12.908521],[77.692058,12.908143],[77.692618,12.908001],[77.693039,12.907889],[77.693205,12.907846],[77.693267,12.907829],[77.693416,12.907789],[77.693683,12.907725],[77.693933,12.907664],[77.693933,12.907664],[77.693968,12.907656],[77.694429,12.90754],[77.694766,12.907453],[77.695181,12.907334],[77.695549,12.907222],[77.695568,12.907215],[77.696224,12.907017],[77.696649,12.906898],[77.696739,12.906871],[77.697212,12.906735],[77.697531,12.906644],[77.697806,12.906574],[77.697989,12.906525],[77.698133,12.906487],[77.698268,12.90645],[77.698344,12.906429],[77.698484,12.90639],[77.698784,12.90629],[77.699033,12.906188],[77.699064,12.906175],[77.699441,12.905977],[77.700404,12.905452],[77.701054,12.9051],[77.701739,12.904724],[77.702336,12.904393],[77.702887,12.904088],[77.702851,12.904046],[77.702847,12.904041],[77.702847,12.904041],[77.702396,12.903576],[77.700818,12.904032],[77.700356,12.904102],[77.699328,12.904285],[77.697853,12.904545],[77.697659,12.90418],[77.697395,12.904153],[77.696964,12.904068],[77.696784,12.904122],[77.69636,12.904126],[77.696261,12.903994],[77.695877,12.904021],[77.69574,12.90414],[77.69574,12.90414],[77.69563,12.904237],[77.695341,12.90407],[77.694667,12.904191],[77.693935,12.904296],[77.693594,12.904418],[77.693594,12.904418],[77.693394,12.904489],[77.693094,12.904446],[77.692947,12.904256],[77.69281,12.90414],[77.691866,12.90401],[77.691779,12.904001],[77.691527,12.903976],[77.691446,12.904198],[77.691395,12.904391],[77.6912,12.904408],[77.691214,12.904677],[77.691192,12.904914],[77.691081,12.904916],[77.690998,12.905305],[77.690925,12.905525],[77.690179,12.905468],[77.690096,12.905474],[77.689923,12.905487],[77.689923,12.905451],[77.689925,12.905413],[77.689293,12.905454],[77.688255,12.905488],[77.688148,12.905993],[77.688119,12.906132],[77.688076,12.906196],[77.687752,12.906442],[77.687664,12.906483],[77.687368,12.90654],[77.687264,12.906536],[77.687264,12.906536],[77.686848,12.906449],[77.687311,12.904728],[77.68578,12.904433],[77.686319,12.90388],[77.687371,12.903458],[77.687582,12.903338],[77.687447,12.90245],[77.687276,12.902357],[77.686211,12.902368],[77.686211,12.902368],[77.68616,12.902368],[77.685529,12.902184],[77.685323,12.901875],[77.684559,12.901839],[77.684455,12.90187],[77.68422,12.901644],[77.683972,12.901675],[77.683379,12.901578],[77.683013,12.901559],[77.682449,12.901426],[77.682359,12.901346],[77.682219,12.900871],[77.682174,12.900159],[77.682277,12.899959],[77.681968,12.899672],[77.681852,12.899565],[77.680643,12.898512],[77.679778,12.89776],[77.679592,12.897598],[77.678855,12.896573],[77.67846,12.895914],[77.678053,12.895303],[77.677491,12.894691],[77.677244,12.894289],[77.675999,12.893924],[77.674843,12.893729],[77.674073,12.8937],[77.673839,12.893194],[77.673801,12.892907],[77.673751,12.892703],[77.673702,12.892327],[77.673664,12.892031],[77.67358,12.891609],[77.673396,12.890688],[77.673294,12.890204],[77.673174,12.889547],[77.673134,12.889361],[77.673091,12.889157],[77.672896,12.888555],[77.672891,12.888524],[77.672893,12.888507],[77.672895,12.888493],[77.672934,12.888132],[77.6728,12.887692],[77.672676,12.887204],[77.672539,12.88659],[77.672437,12.885986],[77.672328,12.88465],[77.67109,12.884884],[77.670656,12.884966],[77.669307,12.885234],[77.667872,12.885564],[77.667821,12.885576],[77.668181,12.883592],[77.668142,12.883605],[77.667511,12.883797],[77.66713,12.883907],[77.667012,12.883949],[77.666893,12.883985],[77.666775,12.884033],[77.666393,12.884155],[77.666283,12.88417],[77.665928,12.884217],[77.664651,12.884334],[77.663595,12.884423],[77.663191,12.884453],[77.663117,12.884458],[77.662492,12.884465],[77.66193,12.884377],[77.661411,12.884304],[77.661151,12.884204],[77.660783,12.884182],[77.660534,12.884184],[77.660374,12.884197],[77.660238,12.884207],[77.660161,12.884239],[77.660043,12.884287],[77.659717,12.884372],[77.659527,12.884321],[77.659476,12.884308],[77.659311,12.884383],[77.65914,12.88446],[77.65867,12.88457],[77.658141,12.884635],[77.658059,12.884645],[77.65771,12.884724],[77.657657,12.884736],[77.657601,12.88475],[77.657342,12.88483],[77.657048,12.884869],[77.657021,12.884873],[77.656905,12.884887],[77.656495,12.884941],[77.656231,12.884419],[77.65576,12.883412],[77.655724,12.883311],[77.655651,12.883104],[77.655358,12.881992],[77.655176,12.881284],[77.655077,12.880898],[77.654931,12.88038],[77.654939,12.880331],[77.654936,12.880317],[77.654922,12.880232],[77.654912,12.880156],[77.654897,12.88],[77.654883,12.879868],[77.654852,12.879549],[77.65484,12.87939],[77.654833,12.879347],[77.654826,12.879296],[77.654822,12.87922],[77.654814,12.879071],[77.654813,12.878981],[77.65481,12.878886],[77.654811,12.878766],[77.654811,12.878682],[77.654813,12.878518],[77.654817,12.878437],[77.654821,12.878311],[77.65482,12.878242],[77.65481,12.878038],[77.654805,12.877968],[77.654793,12.877781],[77.654781,12.877614],[77.654772,12.877425],[77.654739,12.877027],[77.654733,12.876949],[77.65473,12.876927],[77.65472,12.8769],[77.654715,12.876855],[77.654709,12.876783],[77.654699,12.876674],[77.654691,12.876535],[77.654671,12.876246],[77.654666,12.876144],[77.654659,12.876026],[77.654646,12.875833],[77.654643,12.875778],[77.654619,12.875584],[77.654611,12.875554],[77.654586,12.875484],[77.654525,12.87536],[77.654483,12.875271],[77.654465,12.875226],[77.654406,12.875019],[77.654342,12.8748],[77.654328,12.874752],[77.654293,12.87463],[77.654256,12.874499],[77.654199,12.874329],[77.654179,12.874265],[77.654112,12.874036],[77.654096,12.873988],[77.654061,12.873889],[77.654005,12.873676],[77.653994,12.873616],[77.653986,12.87357],[77.653987,12.873546],[77.654294,12.873459],[77.65443,12.873419],[77.654519,12.873384],[77.654694,12.873315],[77.654707,12.873309],[77.654989,12.873187],[77.655486,12.872865],[77.655517,12.872837],[77.655969,12.872424],[77.655955,12.872307],[77.656132,12.872228],[77.656144,12.872221],[77.656172,12.872164],[77.656188,12.872141],[77.656196,12.872131],[77.656208,12.872117],[77.656218,12.872106],[77.656358,12.871963],[77.656429,12.871897],[77.656458,12.871868],[77.656468,12.871856],[77.65648,12.871843],[77.656592,12.871722],[77.656601,12.871712],[77.656625,12.87169],[77.656677,12.871647],[77.656752,12.871555],[77.656843,12.87147],[77.656897,12.87142],[77.656975,12.871341],[77.657056,12.871266],[77.657116,12.871251],[77.65716,12.871241],[77.657169,12.87124],[77.657235,12.871223],[77.657282,12.871215],[77.657301,12.87121],[77.657321,12.871207],[77.657341,12.871201],[77.657401,12.871188],[77.657544,12.871157],[77.657583,12.871148],[77.657627,12.871129],[77.657652,12.871116],[77.657668,12.871106],[77.657685,12.871074],[77.657694,12.871057],[77.657692,12.871044],[77.657685,12.87101],[77.657671,12.870925],[77.657668,12.870907],[77.657656,12.870762],[77.657653,12.870744],[77.657636,12.870685],[77.657603,12.870585],[77.657598,12.870567],[77.657588,12.870481],[77.65758,12.870438],[77.657702,12.870424],[77.657698,12.870385],[77.65769,12.870068],[77.657687,12.870033],[77.657686,12.870024],[77.657685,12.869998],[77.657684,12.869982],[77.657683,12.869771],[77.65768,12.869705],[77.657678,12.869684],[77.657673,12.869518],[77.657673,12.869501],[77.657673,12.869471],[77.657673,12.869429],[77.657672,12.869416],[77.65767,12.869308],[77.657671,12.869071],[77.65767,12.868981],[77.657139,12.868974],[77.657151,12.869068],[77.657123,12.869586],[77.656645,12.869578],[77.656645,12.869017],[77.65636,12.868997],[77.656335,12.868998],[77.655956,12.869006],[77.655447,12.869058],[77.655483,12.869747],[77.653727,12.869657],[77.653609,12.869574],[77.653578,12.869552],[77.65319,12.869535],[77.651729,12.869903],[77.650715,12.870385],[77.650629,12.870404],[77.650235,12.870379],[77.650085,12.870425],[77.649586,12.870437],[77.649581,12.870356],[77.649371,12.870394],[77.649147,12.870416],[77.648929,12.87037],[77.648839,12.870382],[77.648539,12.870447],[77.648369,12.870476],[77.648304,12.870488],[77.647555,12.8706],[77.646707,12.870782],[77.646665,12.870791],[77.646366,12.870853],[77.645635,12.871017],[77.645556,12.871043],[77.645062,12.871153],[77.644405,12.87128],[77.643709,12.871395],[77.64286,12.871549],[77.642462,12.871613],[77.642384,12.871646],[77.641959,12.871826],[77.641299,12.871923],[77.641047,12.87199],[77.64086,12.872068],[77.640594,12.872224],[77.640243,12.872498],[77.6401,12.873067],[77.640041,12.873544],[77.640138,12.874342],[77.640157,12.874438],[77.640157,12.874438],[77.64012,12.874511],[77.639973,12.874958],[77.639922,12.87513],[77.639824,12.875458],[77.639819,12.875487],[77.63978,12.875708],[77.639743,12.875907],[77.639697,12.87602],[77.639651,12.876107],[77.639548,12.876296],[77.639448,12.876457],[77.63934,12.876631],[77.639141,12.877005],[77.6391,12.877059],[77.639061,12.877112],[77.638852,12.877389],[77.638672,12.877623],[77.638629,12.87768],[77.638402,12.877948],[77.638249,12.878143],[77.638212,12.878192],[77.638065,12.878433],[77.637956,12.878608],[77.63779,12.878798],[77.637699,12.878847],[77.637642,12.878877],[77.637575,12.878892],[77.637359,12.879241],[77.637022,12.879781],[77.636985,12.879851],[77.636968,12.879906],[77.636959,12.879958],[77.637062,12.880722],[77.637136,12.881357],[77.637194,12.881925],[77.63731,12.882852],[77.637389,12.883151],[77.637556,12.8837],[77.637688,12.883711],[77.63823,12.883701],[77.638249,12.883699],[77.638254,12.883698],[77.63844,12.884128],[77.638482,12.884219],[77.638798,12.884908],[77.638866,12.88507],[77.638928,12.885218],[77.638211,12.885417],[77.638307,12.885768],[77.638021,12.885816],[77.637507,12.885971],[77.637546,12.886157],[77.637052,12.886367],[77.636982,12.88629],[77.636839,12.886374],[77.636844,12.886451],[77.636554,12.886673],[77.636397,12.886787],[77.636074,12.886969],[77.636032,12.887009],[77.635716,12.887309],[77.635663,12.887384],[77.635396,12.887758],[77.635174,12.887821],[77.63503,12.887813],[77.634946,12.887763],[77.634959,12.887611],[77.634979,12.887381],[77.635103,12.886782],[77.635195,12.886382],[77.634788,12.886328],[77.634569,12.886259],[77.634095,12.886233],[77.633243,12.88615],[77.632331,12.886098],[77.632216,12.886488],[77.632054,12.887035],[77.631976,12.887215],[77.631911,12.887368],[77.631809,12.887647],[77.631786,12.887705],[77.631666,12.888005],[77.631502,12.888589],[77.631495,12.888614],[77.631486,12.888895],[77.631474,12.889255],[77.632646,12.889404],[77.632874,12.88941],[77.632762,12.890209],[77.632724,12.890701],[77.632752,12.89146],[77.632785,12.892092],[77.632795,12.89229],[77.632801,12.892407],[77.632476,12.892462],[77.632476,12.892462],[77.631581,12.892613],[77.631573,12.892614],[77.631573,12.892614],[77.630215,12.892765],[77.630195,12.892649],[77.630179,12.892565],[77.629956,12.892225],[77.629942,12.892201],[77.629937,12.892193],[77.629871,12.892067],[77.629856,12.892052],[77.629821,12.892038],[77.629708,12.892017],[77.629676,12.89199],[77.629474,12.891804],[77.629434,12.891755],[77.629428,12.891737],[77.6294,12.891544],[77.62936,12.891366],[77.629347,12.891304],[77.629278,12.890973],[77.629249,12.890863],[77.629204,12.89083],[77.629083,12.890728],[77.628978,12.890608],[77.628928,12.890552],[77.628913,12.890549],[77.628609,12.890133],[77.628548,12.889426],[77.628549,12.889199],[77.628538,12.889187],[77.628635,12.888916],[77.628634,12.88812],[77.628576,12.888088],[77.628289,12.888067],[77.627887,12.888087],[77.627551,12.888147],[77.627052,12.888265],[77.627007,12.888281],[77.626798,12.888355],[77.62652,12.888423],[77.625537,12.888393],[77.625556,12.888563],[77.625503,12.888566],[77.624812,12.888607],[77.624473,12.888619],[77.624309,12.888602],[77.624174,12.888579],[77.624093,12.888567],[77.623927,12.888559],[77.623658,12.888562],[77.623413,12.888581],[77.623336,12.888595],[77.62308,12.888638],[77.623033,12.888645],[77.622968,12.888657],[77.622772,12.888695],[77.622765,12.888695],[77.622187,12.888754],[77.622023,12.888777],[77.621471,12.888856],[77.621448,12.888768],[77.621377,12.888603],[77.621332,12.888637],[77.621273,12.888666],[77.621108,12.888706],[77.621041,12.888723],[77.620772,12.888765],[77.620608,12.88879],[77.620456,12.888809],[77.619904,12.888874],[77.619879,12.888841],[77.619789,12.888745],[77.619705,12.88866],[77.619558,12.888514],[77.6195,12.888451],[77.619309,12.888208],[77.619303,12.8882],[77.61926,12.888136],[77.619223,12.888078],[77.619194,12.888039],[77.619176,12.887991],[77.619159,12.887929],[77.61907,12.887623],[77.61902,12.887477],[77.61895,12.887357],[77.618868,12.887167],[77.618825,12.887058],[77.618769,12.886919],[77.618705,12.886662],[77.618664,12.886497],[77.618664,12.886496],[77.618657,12.886468],[77.618595,12.886211],[77.618595,12.886211],[77.618574,12.886124],[77.618406,12.88545],[77.618337,12.885236],[77.618215,12.884749],[77.61785,12.884747],[77.617792,12.884327],[77.617763,12.884117],[77.617728,12.883863],[77.617734,12.883666],[77.617736,12.883598],[77.617758,12.88337],[77.617783,12.883116],[77.61774,12.882917],[77.617713,12.882617],[77.617698,12.882402],[77.617721,12.882288],[77.617729,12.882184],[77.617719,12.882047],[77.617697,12.881911],[77.617619,12.88169],[77.617619,12.88169],[77.617943,12.881552],[77.618203,12.881442],[77.618706,12.881228],[77.61858,12.880568],[77.618565,12.880546],[77.61852,12.880492],[77.618483,12.880429],[77.618467,12.880394],[77.618454,12.880354],[77.618393,12.880121],[77.618374,12.880063],[77.618339,12.879894],[77.618325,12.879845],[77.6183,12.879764],[77.618292,12.879737],[77.618267,12.879655],[77.618248,12.879603],[77.618241,12.879584],[77.618233,12.879564],[77.61823,12.879558],[77.618216,12.879534],[77.618194,12.879507],[77.618172,12.879482],[77.618119,12.879428],[77.618086,12.879393],[77.618064,12.879368],[77.618032,12.879328],[77.617994,12.879293],[77.617984,12.879286],[77.617949,12.879273],[77.617932,12.879268],[77.617917,12.879264],[77.617884,12.878966],[77.618316,12.878915],[77.618298,12.878846],[77.618281,12.878803],[77.618229,12.878723],[77.618194,12.878668],[77.618149,12.878585],[77.618114,12.878521],[77.618041,12.87783],[77.618038,12.877802],[77.618006,12.877803],[77.617704,12.877454],[77.617683,12.877411]]]},"properties":{"Corporatio":"South","Zone":"Zone2","_folder":"zones"}},{"type":"Feature","geometry":{"type":"Polygon","coordinates":[[[77.511662,12.891128],[77.511343,12.890655],[77.510993,12.890164],[77.510634,12.889681],[77.510291,12.889262],[77.509898,12.888861],[77.509431,12.888436],[77.508772,12.887909],[77.508135,12.887469],[77.507591,12.887144],[77.506386,12.886557],[77.50341,12.885154],[77.502032,12.884393],[77.501067,12.883827],[77.499101,12.882496],[77.498049,12.881671],[77.497641,12.881353],[77.497346,12.881284],[77.497046,12.880866],[77.496417,12.880562],[77.496485,12.879884],[77.495724,12.880034],[77.495575,12.879544],[77.495034,12.87914],[77.494609,12.878569],[77.494241,12.878172],[77.493939,12.877655],[77.493254,12.877233],[77.492833,12.876533],[77.49224,12.87575],[77.49061,12.873534],[77.490151,12.873003],[77.489795,12.872615],[77.489018,12.871777],[77.488883,12.87182],[77.482247,12.864475],[77.476716,12.865229],[77.476972,12.865883],[77.477087,12.866088],[77.477184,12.86621],[77.477457,12.866452],[77.477635,12.866656],[77.477564,12.866632],[77.47746,12.866636],[77.477313,12.866685],[77.477263,12.866751],[77.477241,12.866755],[77.477209,12.866686],[77.477191,12.866661],[77.476925,12.866288],[77.476559,12.866731],[77.476016,12.866759],[77.475984,12.867252],[77.476393,12.867345],[77.47647,12.867748],[77.476426,12.868418],[77.478171,12.868471],[77.478033,12.868639],[77.477717,12.869776],[77.477495,12.871444],[77.47749,12.872032],[77.477638,12.872031],[77.477748,12.877933],[77.475706,12.878171],[77.475594,12.87826],[77.475708,12.878442],[77.475827,12.87843],[77.47565,12.878826],[77.475454,12.879102],[77.475113,12.87956],[77.474958,12.879779],[77.474824,12.880048],[77.474865,12.880417],[77.474943,12.880677],[77.475158,12.88095],[77.47565,12.881311],[77.476068,12.881612],[77.476183,12.881682],[77.476527,12.882001],[77.476934,12.882369],[77.477355,12.882748],[77.477547,12.883006],[77.477945,12.883395],[77.478265,12.883787],[77.478507,12.884107],[77.478711,12.884277],[77.478902,12.88445],[77.47898,12.884622],[77.479018,12.884683],[77.479006,12.884745],[77.479007,12.884819],[77.478958,12.884992],[77.478885,12.88524],[77.478898,12.885302],[77.4789,12.885562],[77.478876,12.885624],[77.478839,12.885699],[77.478802,12.885761],[77.478752,12.885823],[77.47874,12.885898],[77.478728,12.885985],[77.478741,12.886058],[77.478767,12.88612],[77.478856,12.886169],[77.478945,12.886205],[77.479109,12.886229],[77.479336,12.886227],[77.4795,12.886175],[77.479776,12.886086],[77.480141,12.885947],[77.48057,12.885943],[77.480697,12.885954],[77.48076,12.885953],[77.480924,12.885964],[77.481126,12.88595],[77.481454,12.885897],[77.481813,12.885845],[77.481965,12.885819],[77.482078,12.885756],[77.482495,12.885752],[77.482633,12.885763],[77.48285,12.885946],[77.482927,12.886094],[77.482967,12.886291],[77.482968,12.886402],[77.482867,12.886658],[77.482707,12.887105],[77.482509,12.887552],[77.482456,12.887779],[77.482376,12.888122],[77.482243,12.888778],[77.482009,12.8893],[77.481842,12.889556],[77.481729,12.889632],[77.481592,12.889756],[77.481404,12.889943],[77.481342,12.890031],[77.481254,12.890081],[77.481128,12.890132],[77.481053,12.890145],[77.481001,12.890146],[77.480787,12.890148],[77.480699,12.890124],[77.48056,12.890075],[77.480471,12.890026],[77.480344,12.889978],[77.480217,12.889893],[77.479989,12.889759],[77.479685,12.889699],[77.479546,12.889701],[77.47942,12.889714],[77.479307,12.88979],[77.479272,12.89],[77.479262,12.890273],[77.479266,12.890682],[77.479217,12.891248],[77.479218,12.891293],[77.479212,12.891466],[77.479204,12.891721],[77.479203,12.891757],[77.479205,12.891807],[77.479205,12.891858],[77.479199,12.891908],[77.479181,12.891957],[77.479091,12.892138],[77.47907,12.892172],[77.479042,12.892198],[77.479006,12.892227],[77.478943,12.89226],[77.478895,12.892288],[77.478848,12.892317],[77.478806,12.892347],[77.478775,12.892376],[77.478737,12.892403],[77.478704,12.892433],[77.478671,12.892461],[77.478615,12.892517],[77.478558,12.892543],[77.478523,12.892566],[77.478481,12.892589],[77.47843,12.892615],[77.478392,12.892643],[77.478355,12.892664],[77.478314,12.892678],[77.478274,12.892701],[77.478228,12.892736],[77.47818,12.892777],[77.478131,12.892814],[77.478098,12.892844],[77.478013,12.892879],[77.477832,12.893024],[77.477795,12.893063],[77.477717,12.893206],[77.477589,12.893372],[77.477504,12.893448],[77.477435,12.893509],[77.477402,12.893557],[77.477295,12.8937],[77.477214,12.89384],[77.47716,12.893921],[77.477084,12.89402],[77.477048,12.894087],[77.477017,12.894155],[77.476994,12.894209],[77.476949,12.894263],[77.476863,12.894344],[77.476791,12.894425],[77.476737,12.894471],[77.476641,12.894503],[77.476573,12.894472],[77.476422,12.894442],[77.47622,12.894319],[77.476146,12.894266],[77.476022,12.894218],[77.475862,12.894197],[77.475739,12.894207],[77.475662,12.894235],[77.475585,12.894276],[77.475522,12.894344],[77.47549,12.894424],[77.475469,12.894532],[77.475456,12.894617],[77.475466,12.894689],[77.475489,12.894773],[77.475531,12.894849],[77.475668,12.895264],[77.475867,12.895593],[77.476111,12.895797],[77.476337,12.895932],[77.476578,12.896069],[77.477333,12.896505],[77.477109,12.896655],[77.47669,12.896999],[77.475443,12.897658],[77.475166,12.897852],[77.474693,12.898134],[77.474111,12.898314],[77.473359,12.898403],[77.472466,12.896947],[77.472395,12.896825],[77.47131,12.895477],[77.470221,12.894095],[77.469584,12.892485],[77.469381,12.891925],[77.468783,12.889895],[77.468758,12.889812],[77.468368,12.888477],[77.467795,12.889323],[77.466804,12.890549],[77.465861,12.89181],[77.465796,12.891899],[77.465045,12.893002],[77.464316,12.894134],[77.463308,12.895597],[77.462173,12.897285],[77.462246,12.89735],[77.462231,12.897373],[77.462103,12.897565],[77.462032,12.89767],[77.461949,12.897848],[77.461819,12.898126],[77.461543,12.89872],[77.460677,12.898499],[77.460685,12.899329],[77.460713,12.90003],[77.460316,12.900195],[77.460282,12.900209],[77.4602,12.900387],[77.460156,12.901633],[77.460128,12.903042],[77.460139,12.904109],[77.460131,12.904765],[77.460051,12.905067],[77.460317,12.906611],[77.46079,12.906578],[77.462226,12.906442],[77.463718,12.906483],[77.465081,12.906587],[77.466672,12.906878],[77.466676,12.907363],[77.466623,12.907946],[77.466596,12.908357],[77.466499,12.910147],[77.467214,12.911258],[77.468189,12.912292],[77.468699,12.913026],[77.468968,12.913414],[77.469254,12.913986],[77.469439,12.914359],[77.470027,12.915129],[77.470209,12.915882],[77.470437,12.916763],[77.470653,12.917595],[77.47084,12.91834],[77.470902,12.918572],[77.471497,12.920364],[77.471769,12.921218],[77.472045,12.922172],[77.472196,12.922621],[77.472434,12.923483],[77.472594,12.924099],[77.472762,12.924746],[77.472899,12.925361],[77.473144,12.926458],[77.473192,12.926664],[77.474822,12.92668],[77.475887,12.926696],[77.477397,12.92647],[77.478234,12.926285],[77.479595,12.925917],[77.479608,12.925938],[77.479652,12.926055],[77.479618,12.926127],[77.479623,12.926218],[77.479705,12.926312],[77.479733,12.926399],[77.479706,12.92646],[77.479552,12.92651],[77.479475,12.926564],[77.47938,12.926724],[77.479259,12.926904],[77.479109,12.927015],[77.479086,12.927064],[77.479095,12.927159],[77.479119,12.927227],[77.479201,12.927329],[77.47936,12.927399],[77.479523,12.927488],[77.479659,12.927533],[77.479821,12.927546],[77.479953,12.927549],[77.480065,12.92757],[77.480177,12.927581],[77.480263,12.927641],[77.480871,12.927434],[77.480987,12.927406],[77.481179,12.927749],[77.481231,12.927912],[77.481244,12.928003],[77.481345,12.928074],[77.481461,12.928129],[77.481645,12.928378],[77.481831,12.928804],[77.481917,12.928913],[77.482037,12.928946],[77.482223,12.928948],[77.482316,12.928955],[77.48252,12.929271],[77.482602,12.929515],[77.482675,12.929732],[77.482872,12.93014],[77.482971,12.930321],[77.483122,12.930444],[77.483201,12.930603],[77.483229,12.93069],[77.483204,12.930876],[77.483082,12.93107],[77.483021,12.931165],[77.482895,12.931261],[77.483031,12.931343],[77.483224,12.931353],[77.483319,12.931344],[77.48347,12.93156],[77.483472,12.931842],[77.483316,12.932118],[77.483227,12.932229],[77.483235,12.93231],[77.483161,12.93243],[77.483087,12.932486],[77.483071,12.932497],[77.483073,12.932685],[77.483164,12.932782],[77.48321,12.932828],[77.483257,12.932813],[77.483313,12.932792],[77.483347,12.932821],[77.483388,12.932868],[77.483476,12.932898],[77.483529,12.932923],[77.483573,12.933255],[77.483564,12.933296],[77.48352,12.933422],[77.483634,12.933639],[77.483621,12.933936],[77.483645,12.933976],[77.48371,12.934082],[77.483781,12.934197],[77.483805,12.934238],[77.483823,12.93433],[77.483933,12.934896],[77.484042,12.935272],[77.484124,12.935805],[77.484101,12.935871],[77.484127,12.93616],[77.484044,12.936235],[77.48416,12.936478],[77.484138,12.936604],[77.484151,12.936708],[77.484181,12.936894],[77.484178,12.936894],[77.48384,12.93696],[77.483073,12.937066],[77.482385,12.937161],[77.482102,12.9372],[77.481734,12.937239],[77.481055,12.937309],[77.48103,12.937312],[77.480396,12.937366],[77.479348,12.937457],[77.47884,12.937508],[77.478774,12.937514],[77.478357,12.937562],[77.476916,12.938036],[77.476273,12.938309],[77.476391,12.938602],[77.476398,12.938617],[77.475916,12.938986],[77.475344,12.939425],[77.47519,12.93955],[77.475024,12.939685],[77.474961,12.939736],[77.474736,12.939915],[77.47446,12.940022],[77.473875,12.940215],[77.473635,12.940236],[77.473252,12.940333],[77.473718,12.941141],[77.47378,12.941274],[77.473975,12.941656],[77.474232,12.942115],[77.474318,12.942343],[77.47454,12.942969],[77.474745,12.943422],[77.474806,12.943976],[77.474836,12.944241],[77.474917,12.944648],[77.474932,12.944732],[77.47507,12.945468],[77.475156,12.945685],[77.475361,12.946384],[77.475536,12.946993],[77.475821,12.947633],[77.476279,12.948823],[77.47613,12.948895],[77.475778,12.949],[77.475524,12.949117],[77.47518,12.949112],[77.474945,12.949133],[77.474187,12.949202],[77.473703,12.949212],[77.473058,12.949328],[77.472731,12.949266],[77.472433,12.94955],[77.471059,12.949586],[77.471122,12.950725],[77.471231,12.950733],[77.471674,12.950764],[77.472142,12.950869],[77.472252,12.951065],[77.472374,12.951317],[77.472512,12.951601],[77.472513,12.951806],[77.471477,12.952268],[77.471561,12.952837],[77.471577,12.953073],[77.471637,12.953767],[77.471764,12.954098],[77.471891,12.954346],[77.471949,12.954634],[77.471966,12.954717],[77.471995,12.955043],[77.4721,12.955055],[77.472474,12.955949],[77.472858,12.956066],[77.473505,12.957108],[77.473821,12.957689],[77.474185,12.958359],[77.474256,12.95849],[77.474712,12.959467],[77.475105,12.960101],[77.475284,12.960389],[77.47441,12.961555],[77.474243,12.961778],[77.473722,12.962513],[77.473527,12.962789],[77.472913,12.96359],[77.472284,12.963671],[77.472485,12.964322],[77.472597,12.964681],[77.472998,12.965872],[77.473176,12.966403],[77.473485,12.966986],[77.473272,12.967102],[77.473926,12.96812],[77.474137,12.968506],[77.474525,12.96921],[77.474796,12.96959],[77.475017,12.970042],[77.475027,12.970324],[77.47504,12.970711],[77.47507,12.971594],[77.475075,12.971726],[77.47508,12.972207],[77.475085,12.97294],[77.475084,12.972967],[77.47508,12.972993],[77.474957,12.973761],[77.474923,12.973976],[77.474865,12.97435],[77.474837,12.975671],[77.474543,12.977793],[77.474433,12.978618],[77.474303,12.979588],[77.474269,12.979781],[77.474044,12.980625],[77.473996,12.980972],[77.473963,12.98112],[77.473941,12.981224],[77.473836,12.981729],[77.473793,12.982224],[77.473726,12.982479],[77.473454,12.983319],[77.473315,12.983588],[77.473278,12.98366],[77.473266,12.983679],[77.473063,12.984002],[77.472303,12.9848],[77.472259,12.984847],[77.471686,12.985123],[77.470857,12.985723],[77.470373,12.985988],[77.469803,12.9863],[77.468405,12.986709],[77.468682,12.987222],[77.469112,12.98802],[77.469311,12.988407],[77.46993,12.989631],[77.470005,12.98978],[77.47006,12.989872],[77.470087,12.989917],[77.470363,12.990654],[77.470551,12.991405],[77.470708,12.991901],[77.470821,12.992241],[77.471096,12.993303],[77.47133,12.993857],[77.47123,12.994236],[77.471253,12.994604],[77.471304,12.994699],[77.471657,12.99541],[77.471755,12.995461],[77.471807,12.995489],[77.47245,12.996806],[77.472882,12.996726],[77.473049,12.99731],[77.473167,12.997486],[77.473281,12.997882],[77.473489,12.9986],[77.473567,12.998871],[77.474202,12.999219],[77.474354,12.999849],[77.474535,13.000597],[77.474781,13.000746],[77.474849,13.001108],[77.475266,13.002557],[77.47542,13.003393],[77.475271,13.003414],[77.475194,13.003426],[77.47518,13.003999],[77.475171,13.004374],[77.474999,13.004865],[77.475007,13.004894],[77.475233,13.005701],[77.475362,13.006283],[77.475398,13.006447],[77.474894,13.006588],[77.474583,13.006707],[77.474219,13.006879],[77.474037,13.006932],[77.473308,13.007141],[77.472839,13.007268],[77.473121,13.008829],[77.473443,13.008762],[77.47374,13.009246],[77.473968,13.009618],[77.473989,13.009652],[77.474725,13.011208],[77.474839,13.011465],[77.474904,13.011609],[77.475239,13.013019],[77.475261,13.013114],[77.476371,13.014309],[77.476952,13.014872],[77.476984,13.01502],[77.477087,13.015508],[77.477117,13.015649],[77.477125,13.015748],[77.477164,13.016046],[77.477364,13.016957],[77.477471,13.017303],[77.478124,13.018514],[77.478372,13.019068],[77.478388,13.019203],[77.478693,13.020815],[77.47896,13.022007],[77.478963,13.022023],[77.478436,13.022158],[77.478421,13.022958],[77.478406,13.023786],[77.478439,13.024363],[77.478683,13.026253],[77.47875,13.026489],[77.479106,13.027709],[77.479607,13.029274],[77.479028,13.029771],[77.478479,13.030219],[77.478191,13.030488],[77.477858,13.030761],[77.477652,13.030935],[77.477285,13.031173],[77.477023,13.031466],[77.476939,13.031537],[77.477219,13.032073],[77.477646,13.032872],[77.47789,13.033328],[77.478239,13.033981],[77.478267,13.034028],[77.478523,13.034453],[77.478738,13.034832],[77.478841,13.035067],[77.479395,13.035405],[77.479898,13.035721],[77.479957,13.036244],[77.479999,13.036623],[77.480032,13.037185],[77.480065,13.037697],[77.480047,13.037906],[77.480748,13.038496],[77.481343,13.039557],[77.481733,13.03971],[77.482175,13.039883],[77.48257,13.04058],[77.482223,13.040829],[77.48192,13.041095],[77.481665,13.041177],[77.48155,13.041545],[77.481507,13.04168],[77.481458,13.042725],[77.481346,13.042913],[77.481064,13.043112],[77.480795,13.043224],[77.480491,13.043288],[77.480118,13.043332],[77.480027,13.043347],[77.480023,13.043375],[77.479885,13.043818],[77.479745,13.044163],[77.479572,13.044354],[77.479542,13.044481],[77.479512,13.044605],[77.479541,13.044905],[77.4796,13.045242],[77.479779,13.045145],[77.479821,13.045794],[77.479715,13.045916],[77.47953,13.046389],[77.479869,13.047494],[77.480005,13.047942],[77.48007,13.048462],[77.480075,13.048509],[77.480103,13.048506],[77.48013,13.048502],[77.480205,13.048494],[77.480393,13.048472],[77.480492,13.048459],[77.481444,13.048279],[77.482539,13.048021],[77.482649,13.047981],[77.484119,13.047452],[77.486113,13.046652],[77.48621,13.046594],[77.486244,13.046574],[77.487505,13.046253],[77.487725,13.046197],[77.488943,13.04586],[77.489118,13.045812],[77.489266,13.045762],[77.4897,13.045618],[77.490467,13.045265],[77.490992,13.045072],[77.491733,13.047268],[77.492026,13.048093],[77.492099,13.048925],[77.492174,13.050191],[77.492177,13.050374],[77.492203,13.050646],[77.492205,13.050676],[77.492465,13.051571],[77.493201,13.05154],[77.494392,13.051244],[77.494537,13.051208],[77.496126,13.050861],[77.496873,13.050701],[77.497294,13.050614],[77.496661,13.049206],[77.496654,13.048958],[77.496653,13.048958],[77.496761,13.048921],[77.497314,13.048737],[77.497411,13.048704],[77.498295,13.048411],[77.498468,13.048343],[77.498658,13.04827],[77.498918,13.048168],[77.499137,13.048082],[77.499322,13.048009],[77.499374,13.047992],[77.500116,13.047735],[77.500653,13.04755],[77.500911,13.047466],[77.501422,13.047297],[77.501511,13.047268],[77.502706,13.046824],[77.502869,13.046762],[77.503889,13.046418],[77.504991,13.046043],[77.505161,13.045992],[77.505551,13.045879],[77.505917,13.045772],[77.506063,13.045732],[77.506391,13.045644],[77.506898,13.045466],[77.507125,13.045387],[77.507303,13.045334],[77.507781,13.04519],[77.507833,13.045179],[77.508417,13.045055],[77.508699,13.044924],[77.508823,13.044857],[77.509063,13.044727],[77.509376,13.044558],[77.509708,13.04438],[77.509821,13.044318],[77.509957,13.044247],[77.510024,13.044212],[77.510029,13.04421],[77.510188,13.044129],[77.510305,13.044069],[77.510423,13.044008],[77.510517,13.04396],[77.510668,13.043881],[77.510731,13.04385],[77.511431,13.043503],[77.511617,13.043411],[77.511948,13.043294],[77.511992,13.043279],[77.512527,13.043095],[77.512624,13.043059],[77.512956,13.042934],[77.513048,13.042899],[77.51327,13.042829],[77.513403,13.042787],[77.513748,13.04268],[77.514126,13.042561],[77.514381,13.04248],[77.514526,13.042433],[77.514659,13.042389],[77.514662,13.042388],[77.514872,13.042319],[77.515545,13.042085],[77.515612,13.04206],[77.515712,13.042021],[77.516022,13.041897],[77.516114,13.04186],[77.51628,13.041794],[77.516488,13.041671],[77.51656,13.041629],[77.51673,13.041484],[77.516921,13.0413],[77.517239,13.040949],[77.517503,13.040693],[77.517621,13.040578],[77.517726,13.04049],[77.517793,13.040435],[77.517802,13.040427],[77.518441,13.03989],[77.518501,13.040146],[77.51873,13.040532],[77.519057,13.041077],[77.519211,13.041302],[77.519376,13.041546],[77.51958,13.041863],[77.519752,13.042129],[77.519802,13.042207],[77.520223,13.04285],[77.520563,13.043381],[77.520811,13.043767],[77.520998,13.044062],[77.521428,13.044738],[77.52152,13.044881],[77.52153,13.044897],[77.521958,13.045537],[77.522192,13.045901],[77.523145,13.045238],[77.523909,13.044697],[77.523982,13.044646],[77.524838,13.044044],[77.525358,13.043728],[77.525435,13.043682],[77.528267,13.041681],[77.530267,13.040259],[77.530352,13.040199],[77.531173,13.039625],[77.531214,13.039597],[77.531925,13.038905],[77.532935,13.038119],[77.533652,13.037678],[77.535164,13.036655],[77.536419,13.035696],[77.537601,13.034791],[77.537781,13.034652],[77.538979,13.033688],[77.540748,13.032503],[77.540749,13.032502],[77.541225,13.034631],[77.541465,13.035851],[77.54163,13.036688],[77.541951,13.038312],[77.542148,13.038529],[77.542955,13.03929],[77.543421,13.038711],[77.543856,13.038246],[77.544358,13.037614],[77.544508,13.037503],[77.544729,13.037157],[77.544842,13.036979],[77.545009,13.036635],[77.545074,13.036501],[77.545324,13.035985],[77.545796,13.035053],[77.546614,13.033539],[77.547688,13.031476],[77.547863,13.031096],[77.54819,13.030388],[77.548472,13.029776],[77.548802,13.029062],[77.548855,13.02894],[77.549205,13.02813],[77.55004,13.026052],[77.550184,13.02579],[77.550579,13.025066],[77.550579,13.025066],[77.553765,13.019322],[77.553911,13.019221],[77.553888,13.01919],[77.553941,13.019076],[77.555116,13.016902],[77.555694,13.016034],[77.555861,13.015808],[77.555808,13.015768],[77.555599,13.01566],[77.555214,13.015461],[77.55504,13.015383],[77.554859,13.015337],[77.554576,13.015277],[77.55434,13.015246],[77.554199,13.015197],[77.554129,13.015055],[77.55402,13.014875],[77.554067,13.014302],[77.554075,13.014014],[77.554067,13.013883],[77.554095,13.013707],[77.554121,13.013619],[77.554228,13.013364],[77.554294,13.013263],[77.55434,13.01312],[77.554366,13.01304],[77.554394,13.012476],[77.554395,13.012465],[77.554457,13.012412],[77.554455,13.012195],[77.554461,13.011137],[77.554462,13.009974],[77.554463,13.009931],[77.554492,13.008774],[77.554493,13.008478],[77.554493,13.008187],[77.554493,13.008073],[77.554454,13.007701],[77.554427,13.007447],[77.554398,13.007035],[77.554374,13.006792],[77.554288,13.006165],[77.554258,13.006062],[77.553845,13.004619],[77.553794,13.004439],[77.553781,13.004393],[77.553625,13.003775],[77.553435,13.003013],[77.553307,13.002339],[77.5533,13.002299],[77.553235,13.001883],[77.553229,13.00184],[77.553161,13.001422],[77.553061,13.00102],[77.553055,13.000995],[77.552949,13.000622],[77.552888,13.000406],[77.552862,13.000254],[77.552856,13.000219],[77.552749,12.999617],[77.552703,12.999356],[77.552735,12.999146],[77.552844,12.998771],[77.553078,12.998185],[77.553055,12.998182],[77.552463,12.998042],[77.552379,12.998022],[77.552379,12.998022],[77.551039,12.997725],[77.551039,12.997725],[77.550469,12.9976],[77.550095,12.997574],[77.550095,12.997574],[77.549596,12.997543],[77.549355,12.997528],[77.549258,12.997523],[77.548961,12.997512],[77.548413,12.997489],[77.547665,12.99746],[77.547187,12.997441],[77.546618,12.997417],[77.546354,12.997423],[77.545889,12.997433],[77.545799,12.997437],[77.545469,12.99745],[77.545386,12.997453],[77.545078,12.997493],[77.54506,12.997495],[77.544806,12.997567],[77.54402,12.997872],[77.542996,12.998317],[77.542807,12.998404],[77.542457,12.998566],[77.542415,12.998593],[77.542085,12.998809],[77.541938,12.998905],[77.541158,12.999385],[77.54114,12.999317],[77.541119,12.999242],[77.540929,12.998662],[77.540819,12.998266],[77.54068,12.997779],[77.540622,12.997602],[77.540591,12.997508],[77.54044,12.996974],[77.540408,12.996885],[77.540145,12.996141],[77.539974,12.995668],[77.53986,12.99535],[77.539829,12.995273],[77.539593,12.994663],[77.539277,12.993844],[77.539273,12.993831],[77.539045,12.993226],[77.538447,12.991583],[77.537847,12.991681],[77.536571,12.991898],[77.536523,12.991907],[77.536277,12.991943],[77.535947,12.991991],[77.534781,12.992163],[77.534248,12.992243],[77.533403,12.992372],[77.53325,12.992395],[77.532526,12.992476],[77.531655,12.992575],[77.531652,12.992556],[77.531604,12.992133],[77.53154,12.99158],[77.531525,12.991464],[77.531469,12.991038],[77.531457,12.990941],[77.531404,12.990591],[77.531388,12.990482],[77.531383,12.990434],[77.531366,12.990266],[77.531347,12.99009],[77.531329,12.990002],[77.53132,12.989983],[77.531218,12.989758],[77.5311,12.989463],[77.530992,12.989297],[77.530894,12.989066],[77.530767,12.988713],[77.530759,12.988692],[77.530623,12.988337],[77.530503,12.98817],[77.530384,12.98806],[77.53038,12.988057],[77.530301,12.987954],[77.530224,12.987804],[77.530178,12.987744],[77.530106,12.987631],[77.530065,12.987565],[77.530046,12.987535],[77.529949,12.987285],[77.529844,12.987152],[77.529677,12.986924],[77.529624,12.986851],[77.529517,12.986707],[77.529437,12.986599],[77.529262,12.986383],[77.529106,12.986172],[77.5291,12.986135],[77.529085,12.986051],[77.52908,12.985917],[77.529086,12.98582],[77.529086,12.98581],[77.529116,12.985552],[77.529118,12.98554],[77.52909,12.985252],[77.529025,12.984969],[77.528905,12.984569],[77.528739,12.983832],[77.528738,12.983829],[77.528666,12.983842],[77.528522,12.983903],[77.528382,12.984042],[77.528221,12.984211],[77.528043,12.984442],[77.527736,12.984795],[77.527444,12.985054],[77.527105,12.985357],[77.52668,12.985697],[77.526615,12.98575],[77.52649,12.985833],[77.526409,12.985888],[77.52626,12.985927],[77.526073,12.985943],[77.526064,12.985944],[77.525944,12.985943],[77.525713,12.985737],[77.525466,12.985534],[77.525392,12.985473],[77.524949,12.985361],[77.524589,12.985262],[77.524364,12.985199],[77.52399,12.985041],[77.523787,12.985006],[77.523774,12.985007],[77.523705,12.985013],[77.523558,12.985076],[77.52338,12.985235],[77.523062,12.985518],[77.523043,12.985534],[77.522795,12.985743],[77.522755,12.985767],[77.522349,12.986005],[77.522334,12.986014],[77.522236,12.986064],[77.522125,12.98609],[77.521877,12.986181],[77.521847,12.986196],[77.521594,12.986323],[77.521074,12.986583],[77.520378,12.986876],[77.520308,12.986905],[77.520296,12.986873],[77.520244,12.986801],[77.520164,12.986696],[77.52002,12.986482],[77.519896,12.986387],[77.519806,12.986263],[77.519794,12.986181],[77.519787,12.986082],[77.519817,12.985928],[77.519824,12.985778],[77.519812,12.985456],[77.519796,12.985295],[77.519763,12.985143],[77.519701,12.985011],[77.519648,12.984912],[77.51958,12.984827],[77.519511,12.984634],[77.519462,12.984442],[77.519385,12.984289],[77.519315,12.98396],[77.519251,12.983889],[77.519163,12.983813],[77.518966,12.983611],[77.518829,12.983464],[77.518765,12.98331],[77.518692,12.983103],[77.518626,12.982921],[77.518586,12.982872],[77.51852,12.982819],[77.51843,12.982754],[77.518326,12.982636],[77.518297,12.982593],[77.518239,12.982466],[77.518225,12.982385],[77.518229,12.982326],[77.518256,12.982264],[77.518292,12.982236],[77.518374,12.982216],[77.51839,12.9822],[77.518428,12.982],[77.518454,12.981813],[77.518496,12.981697],[77.518543,12.981661],[77.518649,12.981571],[77.518696,12.981492],[77.518776,12.981235],[77.518806,12.981069],[77.518805,12.980932],[77.518832,12.980816],[77.518878,12.980742],[77.518944,12.980617],[77.518959,12.980562],[77.519099,12.980413],[77.519169,12.980421],[77.51927,12.980402],[77.51931,12.98038],[77.5194,12.980298],[77.519434,12.980245],[77.519441,12.980184],[77.519446,12.980114],[77.519456,12.980059],[77.519551,12.979909],[77.519625,12.9798],[77.519666,12.979711],[77.519725,12.979634],[77.51973,12.979587],[77.519721,12.979498],[77.519685,12.979407],[77.519569,12.979141],[77.519493,12.979086],[77.519312,12.978912],[77.519063,12.9786],[77.519014,12.978434],[77.518848,12.977844],[77.518812,12.977706],[77.518752,12.977477],[77.518711,12.977333],[77.518683,12.977232],[77.518571,12.97694],[77.518473,12.976643],[77.518436,12.976531],[77.518434,12.976414],[77.518437,12.976364],[77.518456,12.976314],[77.518457,12.976222],[77.518459,12.976137],[77.518467,12.976074],[77.518522,12.975983],[77.518531,12.975917],[77.518564,12.975761],[77.51859,12.975654],[77.518603,12.975512],[77.518582,12.975465],[77.518519,12.975425],[77.51834,12.975386],[77.518209,12.975354],[77.518178,12.975327],[77.518133,12.975288],[77.518036,12.975194],[77.517932,12.975201],[77.517822,12.975128],[77.517777,12.974961],[77.517807,12.974952],[77.517747,12.97477],[77.517623,12.974531],[77.517602,12.974438],[77.517583,12.974359],[77.517544,12.974179],[77.517484,12.974019],[77.517398,12.973818],[77.517338,12.973703],[77.517315,12.973576],[77.517313,12.973543],[77.517296,12.973362],[77.517312,12.973222],[77.517395,12.973118],[77.517512,12.97313],[77.517521,12.973178],[77.517627,12.973207],[77.517793,12.973172],[77.518102,12.972909],[77.518168,12.972764],[77.51814,12.972622],[77.51805,12.972507],[77.517991,12.972335],[77.517908,12.972245],[77.517884,12.972154],[77.517879,12.972056],[77.517907,12.97189],[77.518025,12.971682],[77.518195,12.971495],[77.518254,12.971389],[77.518366,12.97118],[77.518472,12.971015],[77.518535,12.970905],[77.518542,12.970715],[77.51846,12.970543],[77.518444,12.970516],[77.518332,12.970322],[77.518197,12.97019],[77.518248,12.970174],[77.518356,12.970151],[77.518505,12.970106],[77.51866,12.97008],[77.518682,12.970071],[77.518951,12.969988],[77.51908,12.969963],[77.51924,12.969933],[77.51952,12.969885],[77.519498,12.969754],[77.519463,12.969541],[77.519845,12.969442],[77.520053,12.969368],[77.52024,12.969343],[77.52041,12.969329],[77.520601,12.969319],[77.520759,12.969309],[77.52076,12.969177],[77.520901,12.969154],[77.521013,12.969139],[77.521252,12.969106],[77.52125,12.969093],[77.521178,12.968598],[77.521475,12.968571],[77.521567,12.968564],[77.521784,12.968555],[77.52214,12.968499],[77.522289,12.968464],[77.52326,12.968225],[77.52326,12.968224],[77.524103,12.967999],[77.5241,12.967993],[77.523949,12.967682],[77.523943,12.96767],[77.523875,12.967517],[77.523819,12.967394],[77.523776,12.9673],[77.523759,12.96726],[77.523656,12.967027],[77.523639,12.966988],[77.523604,12.966854],[77.523577,12.966756],[77.523537,12.966604],[77.523498,12.966359],[77.523478,12.966229],[77.523626,12.966194],[77.523861,12.966151],[77.524311,12.966086],[77.524537,12.966067],[77.524686,12.966029],[77.524716,12.966126],[77.524741,12.96618],[77.524929,12.966118],[77.525161,12.966058],[77.525658,12.965894],[77.525583,12.96562],[77.52591,12.965504],[77.526155,12.965467],[77.526355,12.965411],[77.526639,12.965345],[77.526694,12.965332],[77.526821,12.965308],[77.52686,12.964657],[77.526859,12.964657],[77.526708,12.964638],[77.52671,12.964616],[77.526501,12.964602],[77.526434,12.964598],[77.526429,12.964457],[77.526473,12.964334],[77.526541,12.964126],[77.526597,12.963956],[77.526622,12.9639],[77.526656,12.963813],[77.526692,12.963728],[77.526729,12.96364],[77.526731,12.963605],[77.526739,12.963513],[77.526733,12.963368],[77.52671,12.963224],[77.526627,12.962998],[77.52659,12.962906],[77.526575,12.96281],[77.526572,12.962784],[77.526602,12.962602],[77.526666,12.962324],[77.526714,12.961993],[77.526303,12.962005],[77.526304,12.962033],[77.526312,12.962216],[77.5263,12.962216],[77.525753,12.962076],[77.525047,12.961897],[77.524834,12.961841],[77.524398,12.96173],[77.524174,12.961705],[77.523951,12.961679],[77.523824,12.961688],[77.523281,12.961726],[77.523162,12.962236],[77.523158,12.962219],[77.522966,12.962165],[77.522596,12.962131],[77.522382,12.961983],[77.522269,12.961893],[77.52226,12.961886],[77.522131,12.961785],[77.522118,12.961775],[77.521969,12.961743],[77.521847,12.961734],[77.52173,12.961727],[77.521496,12.961758],[77.521305,12.96176],[77.52125,12.961761],[77.520879,12.96178],[77.520644,12.961794],[77.520636,12.961731],[77.520513,12.961296],[77.520469,12.961105],[77.520368,12.960873],[77.520368,12.960838],[77.52037,12.96058],[77.52032,12.96049],[77.520275,12.960409],[77.519849,12.960117],[77.519394,12.959778],[77.519322,12.959661],[77.519524,12.959628],[77.519782,12.959586],[77.520159,12.959527],[77.520524,12.959472],[77.520703,12.959442],[77.521049,12.959386],[77.521701,12.959268],[77.521716,12.959266],[77.522522,12.95917],[77.522803,12.959137],[77.523397,12.959067],[77.523645,12.959042],[77.524014,12.959004],[77.524346,12.958949],[77.524503,12.958924],[77.525179,12.958749],[77.525269,12.958725],[77.525449,12.958658],[77.525804,12.958524],[77.526094,12.958414],[77.526342,12.958291],[77.526884,12.958022],[77.527743,12.957562],[77.527745,12.95756],[77.527752,12.957556],[77.528045,12.957344],[77.528385,12.957098],[77.528407,12.957082],[77.528507,12.956962],[77.528631,12.95682],[77.528629,12.956814],[77.528571,12.956691],[77.528496,12.956513],[77.528073,12.955185],[77.527957,12.954839],[77.527916,12.954717],[77.527611,12.953862],[77.527506,12.953529],[77.527475,12.953423],[77.527448,12.953331],[77.527382,12.953104],[77.52734,12.95296],[77.527334,12.952928],[77.527298,12.952699],[77.527296,12.952684],[77.527224,12.95224],[77.527208,12.952139],[77.52719,12.952042],[77.52715,12.951818],[77.527145,12.951792],[77.527113,12.951612],[77.527035,12.951181],[77.527034,12.951176],[77.527029,12.951146],[77.526984,12.950919],[77.526939,12.95068],[77.526911,12.950536],[77.526897,12.950443],[77.526863,12.95021],[77.526843,12.950074],[77.526792,12.949727],[77.526791,12.949717],[77.526707,12.949259],[77.526687,12.949151],[77.526674,12.948902],[77.526662,12.948669],[77.526649,12.948425],[77.526643,12.948311],[77.526643,12.948306],[77.526647,12.948161],[77.52665,12.948017],[77.526546,12.947286],[77.526452,12.946425],[77.526429,12.946362],[77.526389,12.945876],[77.526384,12.94581],[77.526387,12.945808],[77.526467,12.945787],[77.527915,12.945475],[77.527966,12.945445],[77.528019,12.945316],[77.52789,12.945185],[77.528107,12.945173],[77.528258,12.945166],[77.528313,12.945149],[77.528566,12.945073],[77.528915,12.944962],[77.529034,12.94491],[77.52921,12.944831],[77.529444,12.944685],[77.529505,12.944625],[77.529558,12.944562],[77.529632,12.944451],[77.52984,12.944117],[77.529984,12.943829],[77.530114,12.94365],[77.53021,12.943527],[77.530423,12.943361],[77.530516,12.943207],[77.530871,12.942525],[77.531127,12.942073],[77.531163,12.942008],[77.531877,12.940753],[77.532269,12.940132],[77.532559,12.939654],[77.532667,12.939476],[77.532873,12.939135],[77.533019,12.938897],[77.533161,12.938665],[77.533372,12.938348],[77.533448,12.938233],[77.533626,12.937921],[77.533823,12.937608],[77.533847,12.937541],[77.533889,12.937395],[77.533999,12.937089],[77.534132,12.93666],[77.534249,12.93651],[77.534296,12.936466],[77.534508,12.936269],[77.535078,12.935981],[77.535719,12.935659],[77.536214,12.935407],[77.53624,12.935393],[77.536547,12.93522],[77.536674,12.93515],[77.536825,12.935065],[77.537049,12.93494],[77.537105,12.934908],[77.537346,12.93477],[77.537613,12.934617],[77.538017,12.934387],[77.538211,12.934274],[77.538763,12.933952],[77.53889,12.933874],[77.539012,12.933799],[77.539181,12.933702],[77.539233,12.933669],[77.539252,12.933658],[77.539427,12.933548],[77.539512,12.933489],[77.539665,12.933382],[77.540433,12.932844],[77.541,12.93245],[77.541079,12.932396],[77.54137,12.932186],[77.541587,12.932028],[77.542389,12.93145],[77.542484,12.931381],[77.542868,12.931039],[77.543086,12.930846],[77.543394,12.93057],[77.543602,12.930386],[77.544492,12.929528],[77.54555,12.928632],[77.546053,12.928207],[77.546233,12.928066],[77.546969,12.92749],[77.547828,12.926818],[77.548152,12.926565],[77.548361,12.926409],[77.548711,12.926147],[77.549094,12.925905],[77.549271,12.925793],[77.549445,12.925687],[77.549986,12.925379],[77.550399,12.925145],[77.550496,12.925094],[77.551444,12.924599],[77.551664,12.924515],[77.551716,12.924495],[77.552058,12.924363],[77.551745,12.923735],[77.551393,12.923026],[77.550839,12.921957],[77.550132,12.920626],[77.550249,12.920558],[77.55021,12.920425],[77.550257,12.920397],[77.550266,12.920376],[77.550264,12.919549],[77.550274,12.919481],[77.550234,12.919257],[77.550727,12.919147],[77.550902,12.919108],[77.551956,12.918886],[77.551956,12.918886],[77.551948,12.918862],[77.551916,12.918722],[77.551903,12.918613],[77.551904,12.91854],[77.551954,12.918292],[77.551998,12.918207],[77.551956,12.917879],[77.551619,12.917168],[77.551531,12.917052],[77.551009,12.916573],[77.550919,12.916469],[77.550919,12.916469],[77.550692,12.916557],[77.550919,12.916469],[77.550872,12.916422],[77.550804,12.916322],[77.550731,12.916211],[77.550681,12.916135],[77.550676,12.916124],[77.550657,12.916033],[77.550604,12.915784],[77.549482,12.9161],[77.549238,12.916169],[77.549179,12.916185],[77.548999,12.916235],[77.548829,12.916279],[77.548514,12.916365],[77.548254,12.916434],[77.548036,12.916492],[77.548039,12.916639],[77.548053,12.91676],[77.548075,12.916937],[77.548087,12.917038],[77.548101,12.91716],[77.548455,12.917175],[77.548534,12.917724],[77.548549,12.917776],[77.548624,12.91803],[77.548294,12.918092],[77.548111,12.918108],[77.5479,12.918146],[77.547865,12.918152],[77.547588,12.918182],[77.547294,12.918215],[77.546984,12.918262],[77.546864,12.918288],[77.546857,12.918326],[77.546844,12.918327],[77.546788,12.918195],[77.54676,12.918128],[77.54673,12.918056],[77.546724,12.91803],[77.54591,12.918144],[77.545349,12.918214],[77.544764,12.918287],[77.544708,12.917793],[77.544698,12.917519],[77.544344,12.917552],[77.544341,12.917543],[77.543172,12.917643],[77.542789,12.917815],[77.541929,12.918221],[77.541933,12.918442],[77.541976,12.918769],[77.541984,12.918792],[77.541987,12.918799],[77.541986,12.918799],[77.541959,12.918804],[77.541862,12.918812],[77.541774,12.918813],[77.541685,12.918788],[77.541515,12.91866],[77.541376,12.918553],[77.541346,12.918529],[77.541313,12.918512],[77.541195,12.918445],[77.54109,12.918393],[77.540965,12.918366],[77.540933,12.918334],[77.540821,12.91823],[77.540655,12.918098],[77.540577,12.918049],[77.540514,12.91805],[77.540448,12.918074],[77.540448,12.918074],[77.540395,12.918064],[77.540351,12.918047],[77.540251,12.917974],[77.540236,12.917965],[77.540106,12.917884],[77.540002,12.917829],[77.539933,12.917797],[77.539875,12.91777],[77.539854,12.917764],[77.539694,12.917709],[77.539467,12.917598],[77.539308,12.917519],[77.539294,12.91753],[77.539251,12.917555],[77.539128,12.917613],[77.539091,12.91763],[77.538891,12.91772],[77.538833,12.917752],[77.538698,12.917828],[77.538488,12.917988],[77.538364,12.918094],[77.538361,12.918101],[77.538157,12.918233],[77.53785,12.918562],[77.536429,12.919249],[77.534427,12.91836],[77.53313,12.918095],[77.531782,12.917793],[77.531618,12.916379],[77.531376,12.914298],[77.531324,12.914083],[77.531086,12.913104],[77.53069,12.912234],[77.530335,12.911452],[77.530128,12.910997],[77.529498,12.909917],[77.529402,12.909773],[77.529402,12.909773],[77.528428,12.908316],[77.527683,12.907093],[77.527369,12.906582],[77.526739,12.905559],[77.526383,12.904981],[77.525871,12.904298],[77.525871,12.904291],[77.525829,12.904277],[77.52552,12.904039],[77.525298,12.903784],[77.518408,12.898346],[77.517833,12.897868],[77.514382,12.894318],[77.514381,12.894328],[77.514382,12.894318],[77.514106,12.894036],[77.513112,12.893014],[77.51267,12.892496],[77.5122,12.891892],[77.511662,12.891128]]]},"properties":{"Corporatio":"West","Zone":"Zone1","_folder":"zones"}},{"type":"Feature","geometry":{"type":"Polygon","coordinates":[[[77.560504,12.84004],[77.559982,12.84032],[77.558245,12.841114],[77.557279,12.841534],[77.557293,12.843132],[77.557278,12.843242],[77.55718,12.843933],[77.556465,12.844978],[77.555923,12.845999],[77.555476,12.846785],[77.554952,12.847673],[77.554482,12.848012],[77.554128,12.847942],[77.553246,12.847769],[77.553262,12.847543],[77.553034,12.847136],[77.552023,12.847488],[77.551931,12.847554],[77.551427,12.847915],[77.551398,12.847938],[77.551369,12.847961],[77.550423,12.847932],[77.550016,12.847919],[77.549485,12.847903],[77.548911,12.847876],[77.548097,12.847838],[77.545713,12.847738],[77.545006,12.847699],[77.544865,12.847691],[77.544873,12.847597],[77.544683,12.847616],[77.544651,12.8474],[77.544358,12.84699],[77.544495,12.846729],[77.544576,12.846312],[77.544389,12.845279],[77.544314,12.844369],[77.543724,12.844055],[77.543275,12.843731],[77.542775,12.843371],[77.542253,12.843287],[77.541677,12.843325],[77.541486,12.843533],[77.541265,12.844273],[77.541262,12.844276],[77.541272,12.844287],[77.541262,12.844276],[77.540492,12.844962],[77.539045,12.845319],[77.538334,12.845304],[77.538346,12.844891],[77.538162,12.844232],[77.537931,12.84341],[77.537877,12.842468],[77.537575,12.841737],[77.53678,12.841486],[77.535784,12.841169],[77.535108,12.840954],[77.534526,12.840451],[77.533914,12.839924],[77.533612,12.839909],[77.533434,12.839702],[77.531281,12.840051],[77.53097,12.840091],[77.52909,12.840321],[77.526057,12.840642],[77.524462,12.840212],[77.524206,12.840141],[77.523518,12.839945],[77.523245,12.841232],[77.523124,12.841799],[77.522955,12.842528],[77.522868,12.842905],[77.522772,12.8434],[77.522705,12.843765],[77.522542,12.844411],[77.522503,12.844565],[77.522417,12.844856],[77.522394,12.844934],[77.522288,12.845292],[77.522263,12.845409],[77.5217,12.848077],[77.521681,12.848167],[77.521674,12.848201],[77.521641,12.84836],[77.521628,12.848542],[77.5216,12.84893],[77.521495,12.849107],[77.52126,12.849634],[77.521032,12.850146],[77.520995,12.850243],[77.520857,12.850603],[77.520175,12.852373],[77.519682,12.853641],[77.519508,12.85409],[77.51921,12.854856],[77.519148,12.855],[77.519087,12.855544],[77.518975,12.856546],[77.518839,12.85777],[77.518747,12.858424],[77.518638,12.859265],[77.51858,12.859721],[77.51854,12.860037],[77.518521,12.860184],[77.518496,12.860386],[77.518459,12.860688],[77.518418,12.861076],[77.518409,12.861166],[77.518909,12.861654],[77.519448,12.862043],[77.519551,12.862118],[77.519571,12.862305],[77.519592,12.862489],[77.519728,12.863734],[77.519754,12.863965],[77.52022,12.866343],[77.522919,12.870559],[77.522982,12.870566],[77.522039,12.871126],[77.520875,12.871817],[77.520267,12.872178],[77.519437,12.87179],[77.518577,12.870916],[77.51729,12.869598],[77.516368,12.868804],[77.516351,12.868515],[77.516717,12.868486],[77.516794,12.866637],[77.515571,12.862606],[77.516098,12.862399],[77.515925,12.861679],[77.515475,12.860985],[77.515843,12.860597],[77.515827,12.859326],[77.516535,12.858489],[77.516545,12.857849],[77.503842,12.857865],[77.504294,12.860014],[77.505069,12.860153],[77.506029,12.861271],[77.506899,12.863467],[77.506783,12.864301],[77.50877,12.865158],[77.49912,12.871792],[77.497995,12.872785],[77.497578,12.872149],[77.497022,12.870629],[77.496612,12.868753],[77.496221,12.868718],[77.495319,12.868516],[77.491878,12.868434],[77.49157,12.868533],[77.490963,12.868864],[77.489864,12.86851],[77.490107,12.865362],[77.487775,12.864789],[77.487061,12.864758],[77.486763,12.864252],[77.485565,12.862777],[77.485356,12.862354],[77.485377,12.861828],[77.485325,12.861601],[77.485318,12.861309],[77.485392,12.860736],[77.48557,12.86019],[77.485529,12.860191],[77.48301,12.860803],[77.482988,12.860728],[77.482907,12.860749],[77.482926,12.860824],[77.482847,12.860843],[77.482904,12.861077],[77.480969,12.861543],[77.480568,12.861517],[77.480226,12.860986],[77.478365,12.862106],[77.478235,12.86189],[77.477753,12.862141],[77.478307,12.862887],[77.479211,12.863799],[77.48101,12.862777],[77.482247,12.864475],[77.488873,12.871821],[77.489018,12.871777],[77.489018,12.871777],[77.489795,12.872615],[77.490151,12.873003],[77.49061,12.873534],[77.49224,12.87575],[77.492833,12.876533],[77.493254,12.877233],[77.493939,12.877655],[77.494241,12.878172],[77.494609,12.878569],[77.495034,12.87914],[77.495575,12.879544],[77.495724,12.880034],[77.496485,12.879884],[77.496417,12.880562],[77.497046,12.880866],[77.497346,12.881284],[77.497641,12.881353],[77.498049,12.881671],[77.499101,12.882496],[77.501067,12.883827],[77.502032,12.884393],[77.50341,12.885154],[77.506386,12.886557],[77.507591,12.887144],[77.508135,12.887469],[77.508772,12.887909],[77.509431,12.888436],[77.509898,12.888861],[77.510291,12.889262],[77.510634,12.889681],[77.510993,12.890164],[77.511343,12.890655],[77.511662,12.891128],[77.5122,12.891892],[77.51267,12.892496],[77.513112,12.893014],[77.514106,12.894036],[77.514382,12.894318],[77.514391,12.894223],[77.514383,12.894142],[77.514341,12.89405],[77.514323,12.894018],[77.514341,12.89405],[77.514383,12.894142],[77.514391,12.894223],[77.514382,12.894318],[77.517833,12.897868],[77.518408,12.898346],[77.525298,12.903784],[77.52552,12.904039],[77.525829,12.904277],[77.525871,12.904291],[77.525871,12.904298],[77.526383,12.904981],[77.527683,12.907093],[77.528428,12.908316],[77.529498,12.909917],[77.530128,12.910997],[77.531086,12.913104],[77.531324,12.914084],[77.531376,12.914298],[77.531782,12.917793],[77.53313,12.918095],[77.534427,12.91836],[77.536429,12.919249],[77.53785,12.918562],[77.538157,12.918233],[77.538361,12.918101],[77.538364,12.918094],[77.538488,12.917988],[77.538698,12.917828],[77.538833,12.917752],[77.538845,12.917745],[77.538891,12.91772],[77.538976,12.917682],[77.539091,12.91763],[77.539128,12.917613],[77.539251,12.917555],[77.539273,12.917542],[77.539294,12.91753],[77.539308,12.917519],[77.539467,12.917598],[77.539628,12.917677],[77.539643,12.917684],[77.539694,12.917709],[77.539854,12.917764],[77.539875,12.91777],[77.540002,12.917829],[77.540106,12.917884],[77.540236,12.917965],[77.540251,12.917974],[77.540351,12.918047],[77.540361,12.918051],[77.540395,12.918064],[77.540448,12.918074],[77.540469,12.918067],[77.540514,12.91805],[77.540577,12.918049],[77.540647,12.918092],[77.540655,12.918098],[77.540821,12.91823],[77.540933,12.918334],[77.540961,12.918362],[77.540965,12.918366],[77.541012,12.918376],[77.54109,12.918393],[77.541099,12.918397],[77.541195,12.918445],[77.541313,12.918512],[77.541346,12.918529],[77.541376,12.918553],[77.541515,12.91866],[77.541685,12.918788],[77.541744,12.918804],[77.541774,12.918813],[77.541862,12.918812],[77.541959,12.918804],[77.541987,12.918799],[77.541984,12.918792],[77.541976,12.918769],[77.541933,12.918442],[77.541929,12.918221],[77.542789,12.917815],[77.542815,12.917803],[77.543172,12.917643],[77.544341,12.917543],[77.544344,12.917552],[77.544485,12.917539],[77.544698,12.917519],[77.544708,12.917793],[77.544764,12.918287],[77.545344,12.918215],[77.54591,12.918144],[77.546724,12.91803],[77.54673,12.918056],[77.546788,12.918195],[77.546844,12.918327],[77.546857,12.918326],[77.546864,12.918288],[77.546984,12.918262],[77.547294,12.918215],[77.547588,12.918182],[77.547865,12.918152],[77.5479,12.918146],[77.548111,12.918108],[77.548294,12.918092],[77.548624,12.91803],[77.548549,12.917776],[77.548534,12.917724],[77.548455,12.917175],[77.548101,12.91716],[77.548087,12.917038],[77.548075,12.916937],[77.548039,12.916639],[77.548036,12.916492],[77.548254,12.916434],[77.548514,12.916365],[77.548829,12.916279],[77.548999,12.916235],[77.549179,12.916185],[77.549238,12.916169],[77.549482,12.9161],[77.55023,12.915889],[77.550604,12.915784],[77.550604,12.915784],[77.550657,12.916033],[77.550676,12.916124],[77.550681,12.916135],[77.550731,12.916211],[77.550804,12.916322],[77.550872,12.916422],[77.550919,12.916469],[77.550919,12.916469],[77.550919,12.916469],[77.551009,12.916573],[77.551531,12.917052],[77.551619,12.917168],[77.551956,12.917879],[77.551998,12.918207],[77.551954,12.918292],[77.551904,12.91854],[77.551903,12.918613],[77.551916,12.918722],[77.551948,12.918862],[77.551956,12.918886],[77.551956,12.918886],[77.551956,12.918886],[77.551956,12.918886],[77.551956,12.918886],[77.552123,12.919668],[77.552153,12.919663],[77.552173,12.91977],[77.552319,12.919748],[77.552426,12.919701],[77.552518,12.91964],[77.552581,12.919634],[77.552639,12.91966],[77.552682,12.919731],[77.552882,12.920093],[77.553026,12.92026],[77.553234,12.920437],[77.553506,12.92062],[77.554042,12.920901],[77.554155,12.92096],[77.554386,12.921017],[77.554617,12.921011],[77.554736,12.920979],[77.554897,12.920962],[77.555119,12.921022],[77.555646,12.920999],[77.555972,12.92201],[77.556169,12.922581],[77.556281,12.922978],[77.558751,12.922187],[77.559117,12.922083],[77.560309,12.921847],[77.561612,12.92161],[77.561694,12.921516],[77.561845,12.921083],[77.561845,12.921083],[77.561943,12.920818],[77.562123,12.920437],[77.562125,12.920433],[77.562183,12.920289],[77.562203,12.920248],[77.562276,12.920185],[77.562431,12.920083],[77.562798,12.919843],[77.563027,12.919707],[77.563253,12.919572],[77.563358,12.919492],[77.563433,12.919424],[77.563577,12.919246],[77.563889,12.918779],[77.564102,12.91844],[77.564154,12.918345],[77.564279,12.918113],[77.564347,12.917971],[77.564498,12.917654],[77.564615,12.917357],[77.564686,12.917172],[77.564729,12.917067],[77.564851,12.916761],[77.564897,12.916647],[77.564855,12.916751],[77.564898,12.916779],[77.565395,12.9173],[77.565467,12.917404],[77.565745,12.917979],[77.566027,12.918765],[77.568699,12.91815],[77.568676,12.918089],[77.568657,12.917957],[77.568655,12.917837],[77.568667,12.91754],[77.568775,12.917184],[77.568859,12.916967],[77.568859,12.916967],[77.568859,12.916967],[77.569111,12.916451],[77.569249,12.916154],[77.569351,12.915935],[77.569567,12.915502],[77.569723,12.91554],[77.569775,12.915552],[77.569898,12.915595],[77.569935,12.915617],[77.569975,12.915651],[77.570091,12.915828],[77.570127,12.915903],[77.57013,12.915908],[77.570189,12.916029],[77.570235,12.916125],[77.570292,12.916234],[77.570367,12.916311],[77.570404,12.916335],[77.570649,12.916402],[77.570707,12.916417],[77.571001,12.916516],[77.571064,12.916531],[77.571103,12.916541],[77.571238,12.91655],[77.57141,12.91654],[77.571643,12.916527],[77.57197,12.916531],[77.572028,12.916532],[77.572557,12.916583],[77.572749,12.916611],[77.572814,12.916619],[77.572893,12.916633],[77.573104,12.91675],[77.573327,12.91688],[77.573534,12.916979],[77.573517,12.917648],[77.573513,12.917826],[77.573537,12.917896],[77.573649,12.918213],[77.573914,12.918838],[77.574097,12.919303],[77.574233,12.919744],[77.574248,12.919877],[77.574292,12.920253],[77.574402,12.920838],[77.573561,12.921026],[77.573567,12.921545],[77.573576,12.922347],[77.57358,12.922697],[77.573584,12.923034],[77.573589,12.923559],[77.575295,12.923522],[77.575509,12.923518],[77.575561,12.923517],[77.575973,12.923514],[77.576209,12.923505],[77.576457,12.923494],[77.57676,12.923484],[77.577619,12.923454],[77.577688,12.923452],[77.577938,12.92345],[77.578313,12.923449],[77.578436,12.923449],[77.578484,12.923448],[77.579242,12.923441],[77.579702,12.923436],[77.579702,12.923442],[77.579696,12.923957],[77.57969,12.924368],[77.579668,12.925527],[77.579697,12.926643],[77.579707,12.927234],[77.579709,12.927299],[77.57971,12.927355],[77.579703,12.927393],[77.579692,12.928083],[77.57969,12.928234],[77.579666,12.928692],[77.579664,12.928749],[77.57966,12.92882],[77.579653,12.929562],[77.579649,12.92998],[77.57964,12.930846],[77.579639,12.930915],[77.57962,12.931653],[77.579607,12.932175],[77.579612,12.932615],[77.579617,12.933045],[77.580136,12.933051],[77.580138,12.933015],[77.580198,12.933013],[77.580653,12.933011],[77.580707,12.93301],[77.581287,12.932994],[77.582593,12.932957],[77.582676,12.932954],[77.583901,12.932924],[77.583935,12.932922],[77.584835,12.9329],[77.584861,12.9329],[77.584876,12.93392],[77.584902,12.934672],[77.584901,12.935605],[77.584909,12.936633],[77.585108,12.936627],[77.585267,12.936622],[77.585296,12.936621],[77.585731,12.936604],[77.586139,12.936462],[77.586272,12.936399],[77.586363,12.936327],[77.586435,12.93622],[77.586559,12.936013],[77.586709,12.93587],[77.587217,12.935501],[77.587554,12.935247],[77.587629,12.935198],[77.587703,12.935171],[77.587796,12.935164],[77.587816,12.935163],[77.587866,12.93517],[77.587938,12.935204],[77.588388,12.935449],[77.588729,12.93555],[77.588887,12.935634],[77.589061,12.93576],[77.589113,12.935803],[77.589135,12.935811],[77.589149,12.935813],[77.589173,12.935813],[77.589201,12.935805],[77.589244,12.935785],[77.589323,12.935742],[77.589384,12.935691],[77.589451,12.93564],[77.589519,12.935583],[77.589556,12.935573],[77.589623,12.935524],[77.589625,12.935524],[77.589937,12.9355],[77.590116,12.936321],[77.590556,12.936128],[77.590624,12.936207],[77.591042,12.93667],[77.591257,12.936527],[77.591306,12.936494],[77.591741,12.936339],[77.5927,12.936205],[77.592705,12.93608],[77.592724,12.935449],[77.592728,12.935287],[77.592728,12.935275],[77.592721,12.935037],[77.592709,12.934668],[77.592704,12.93458],[77.592698,12.934485],[77.592686,12.934303],[77.592683,12.934222],[77.592659,12.933685],[77.59262,12.932828],[77.592613,12.932669],[77.592594,12.931972],[77.592579,12.931433],[77.59257,12.931113],[77.592551,12.930556],[77.592544,12.930311],[77.592542,12.93006],[77.592537,12.929886],[77.592531,12.929655],[77.59252,12.929265],[77.592511,12.928939],[77.592508,12.928808],[77.592499,12.928514],[77.592498,12.928475],[77.592878,12.928468],[77.593561,12.928454],[77.594177,12.928442],[77.594728,12.928431],[77.595361,12.928418],[77.595433,12.928417],[77.596427,12.928394],[77.597159,12.928376],[77.598028,12.928355],[77.598546,12.928342],[77.599085,12.928329],[77.600496,12.928295],[77.600441,12.92673],[77.600435,12.926614],[77.601111,12.926607],[77.601122,12.926633],[77.601153,12.92672],[77.60123,12.926861],[77.601272,12.926906],[77.601305,12.92693],[77.601527,12.92703],[77.601535,12.927034],[77.601838,12.927212],[77.602302,12.927468],[77.602754,12.927705],[77.603072,12.927871],[77.603291,12.927986],[77.60332,12.927993],[77.603419,12.92802],[77.603487,12.928036],[77.603498,12.928035],[77.603799,12.928057],[77.603976,12.928069],[77.604124,12.928064],[77.604343,12.928057],[77.604587,12.928048],[77.604638,12.928047],[77.604915,12.928039],[77.604736,12.927435],[77.604435,12.927513],[77.60436,12.927312],[77.604604,12.927227],[77.604546,12.927052],[77.604672,12.927005],[77.604666,12.926983],[77.604619,12.926831],[77.604588,12.92673],[77.604571,12.926678],[77.604542,12.926586],[77.604532,12.926598],[77.604508,12.926619],[77.604498,12.926605],[77.604458,12.926516],[77.604429,12.926459],[77.604427,12.926416],[77.604423,12.926314],[77.60459,12.926231],[77.604615,12.926217],[77.6047,12.926167],[77.604778,12.926119],[77.60494,12.926039],[77.605012,12.92599],[77.605105,12.925949],[77.604943,12.925145],[77.605084,12.925148],[77.605098,12.925148],[77.605167,12.925148],[77.605275,12.92517],[77.605321,12.925178],[77.605439,12.925217],[77.605493,12.925234],[77.605613,12.925275],[77.605807,12.925328],[77.605884,12.925371],[77.605937,12.925419],[77.606033,12.925583],[77.606072,12.92561],[77.606192,12.925619],[77.606556,12.925567],[77.606926,12.925476],[77.606959,12.925456],[77.606935,12.925083],[77.606882,12.925029],[77.606986,12.925008],[77.607035,12.924996],[77.607227,12.924959],[77.607237,12.924957],[77.607288,12.924946],[77.60734,12.924932],[77.607372,12.924927],[77.607485,12.924906],[77.607517,12.9249],[77.607633,12.924878],[77.607714,12.924868],[77.607755,12.924861],[77.607893,12.92483],[77.607931,12.924821],[77.608086,12.924801],[77.608141,12.924798],[77.608271,12.924784],[77.608325,12.924756],[77.608401,12.924759],[77.608527,12.924824],[77.608732,12.923879],[77.608421,12.923747],[77.608674,12.923292],[77.608744,12.923099],[77.608865,12.922884],[77.608877,12.922825],[77.6089,12.922712],[77.608848,12.922313],[77.608824,12.922238],[77.608746,12.92218],[77.608713,12.922119],[77.6087,12.922015],[77.608676,12.921818],[77.608674,12.92169],[77.608673,12.921588],[77.608672,12.921567],[77.608661,12.92154],[77.608647,12.921511],[77.608623,12.921441],[77.608623,12.921441],[77.608511,12.921118],[77.608511,12.921118],[77.608479,12.921026],[77.608395,12.920894],[77.608383,12.920874],[77.608371,12.920854],[77.608212,12.920603],[77.608112,12.920262],[77.608086,12.920159],[77.608042,12.920028],[77.608025,12.920031],[77.608022,12.920016],[77.607999,12.919896],[77.60807,12.919771],[77.608052,12.919725],[77.608015,12.919612],[77.607993,12.919549],[77.607829,12.918968],[77.607695,12.918556],[77.607528,12.917758],[77.60752,12.917732],[77.607412,12.917353],[77.60728,12.916926],[77.607274,12.916904],[77.607233,12.916554],[77.607212,12.916554],[77.606946,12.916562],[77.606946,12.916562],[77.60659,12.916572],[77.605951,12.916591],[77.605534,12.916603],[77.605392,12.916607],[77.605296,12.916607],[77.604305,12.916615],[77.60408,12.91662],[77.603023,12.916645],[77.602591,12.916656],[77.601991,12.916672],[77.601793,12.916677],[77.601666,12.916681],[77.601039,12.916698],[77.599993,12.916728],[77.599976,12.916535],[77.599978,12.915832],[77.599998,12.91507],[77.600023,12.914284],[77.599995,12.914045],[77.599972,12.913934],[77.599957,12.913879],[77.599905,12.913697],[77.599899,12.913598],[77.599883,12.913341],[77.599884,12.912671],[77.599884,12.912618],[77.599916,12.911867],[77.599983,12.911013],[77.600026,12.910619],[77.600142,12.909585],[77.600221,12.908577],[77.600228,12.908526],[77.60028,12.908143],[77.600361,12.907708],[77.600501,12.90724],[77.600555,12.907257],[77.600791,12.906954],[77.601076,12.90659],[77.601392,12.90621],[77.601732,12.9058],[77.601823,12.905627],[77.601852,12.905498],[77.601857,12.905439],[77.601859,12.905408],[77.601861,12.905297],[77.601853,12.90513],[77.60175,12.904657],[77.601728,12.904567],[77.601521,12.903729],[77.601459,12.903512],[77.601433,12.903522],[77.601303,12.903562],[77.601249,12.90355],[77.601121,12.903463],[77.601084,12.903457],[77.600985,12.903458],[77.6009,12.9035],[77.600586,12.903527],[77.600311,12.903566],[77.600151,12.903597],[77.600112,12.903608],[77.600058,12.903623],[77.599989,12.903686],[77.599884,12.903736],[77.599694,12.903801],[77.599553,12.903849],[77.59942,12.903872],[77.599368,12.903863],[77.599293,12.903838],[77.599274,12.903832],[77.599146,12.903729],[77.599116,12.9037],[77.598987,12.903575],[77.598943,12.903504],[77.598927,12.903356],[77.598928,12.903205],[77.599072,12.902499],[77.599183,12.902038],[77.599349,12.901649],[77.599455,12.901364],[77.599489,12.901161],[77.599482,12.901111],[77.59947,12.901105],[77.599431,12.901109],[77.599113,12.901281],[77.598917,12.901376],[77.598075,12.901826],[77.597191,12.902251],[77.596642,12.902464],[77.596391,12.902528],[77.595919,12.902571],[77.595385,12.902592],[77.594861,12.902647],[77.594407,12.90264],[77.594039,12.902666],[77.593992,12.902662],[77.593974,12.902797],[77.593924,12.903365],[77.593858,12.903857],[77.593851,12.903941],[77.593763,12.904898],[77.59359,12.905342],[77.593562,12.90557],[77.593435,12.905568],[77.593415,12.905567],[77.593415,12.905539],[77.593408,12.905272],[77.592936,12.905292],[77.592572,12.905331],[77.591903,12.905366],[77.591461,12.905436],[77.59147,12.905553],[77.59147,12.905602],[77.590234,12.905711],[77.590051,12.904795],[77.589889,12.904827],[77.58989,12.904833],[77.589662,12.904866],[77.589009,12.904957],[77.588913,12.90497],[77.588441,12.905037],[77.588118,12.905082],[77.588153,12.905237],[77.588062,12.905266],[77.588048,12.905546],[77.587218,12.905554],[77.586452,12.905577],[77.586447,12.905577],[77.586436,12.904645],[77.585751,12.904666],[77.585718,12.904667],[77.585299,12.904666],[77.58497,12.904665],[77.584953,12.905166],[77.584289,12.905173],[77.584224,12.905198],[77.583877,12.905319],[77.582998,12.905384],[77.583007,12.905497],[77.582975,12.905499],[77.582642,12.905513],[77.582506,12.905517],[77.582425,12.90552],[77.582358,12.905522],[77.582286,12.905522],[77.582217,12.905528],[77.582145,12.905534],[77.58202,12.905545],[77.582006,12.905549],[77.582001,12.905559],[77.58173,12.905569],[77.581713,12.905466],[77.581699,12.904742],[77.581707,12.904709],[77.581748,12.904545],[77.581775,12.904549],[77.581763,12.904079],[77.581756,12.903785],[77.581755,12.903738],[77.581714,12.903748],[77.581452,12.903819],[77.581232,12.903878],[77.581013,12.903937],[77.580784,12.903999],[77.580545,12.904062],[77.580297,12.904129],[77.580302,12.904361],[77.579668,12.90454],[77.57966,12.904544],[77.579689,12.904713],[77.578689,12.904951],[77.578665,12.904954],[77.578696,12.905368],[77.578332,12.905363],[77.577481,12.905352],[77.577209,12.905335],[77.576909,12.905317],[77.576915,12.905194],[77.576926,12.90507],[77.576922,12.90469],[77.576941,12.904578],[77.576972,12.904389],[77.577235,12.903869],[77.577005,12.903831],[77.576906,12.903895],[77.576898,12.903901],[77.576776,12.904005],[77.576571,12.904177],[77.576373,12.9043],[77.576215,12.904357],[77.576125,12.904399],[77.575982,12.904523],[77.5759,12.904615],[77.575763,12.90475],[77.575616,12.904893],[77.575472,12.905037],[77.575458,12.905051],[77.575463,12.905321],[77.575469,12.905557],[77.575488,12.906456],[77.575083,12.906456],[77.57431,12.906456],[77.573264,12.90648],[77.573269,12.906465],[77.573282,12.906315],[77.573297,12.906184],[77.573325,12.905945],[77.573343,12.905778],[77.573354,12.905638],[77.573369,12.905384],[77.573372,12.905192],[77.573365,12.905015],[77.573354,12.904875],[77.573313,12.90472],[77.573312,12.904715],[77.573305,12.904656],[77.57328,12.904502],[77.573224,12.904096],[77.573216,12.90404],[77.57321,12.90398],[77.573198,12.903862],[77.573198,12.903746],[77.573203,12.903671],[77.573213,12.903573],[77.573224,12.903489],[77.573237,12.903394],[77.573243,12.903348],[77.573285,12.903059],[77.573322,12.90283],[77.573346,12.902709],[77.57339,12.902499],[77.573406,12.902345],[77.573414,12.902271],[77.573424,12.902099],[77.573427,12.902043],[77.573423,12.901845],[77.5734,12.901627],[77.573355,12.901371],[77.573306,12.901119],[77.573252,12.900912],[77.573247,12.900891],[77.573239,12.900863],[77.573143,12.900535],[77.573143,12.900535],[77.573127,12.900482],[77.573003,12.900079],[77.572984,12.900029],[77.572984,12.900029],[77.57291,12.899829],[77.572842,12.89961],[77.572801,12.899511],[77.572771,12.89944],[77.572746,12.899379],[77.572736,12.899364],[77.572644,12.8992],[77.572493,12.89897],[77.572445,12.898898],[77.572261,12.898644],[77.572186,12.898542],[77.571823,12.898052],[77.571771,12.89798],[77.571639,12.897796],[77.571517,12.897653],[77.571476,12.897605],[77.571291,12.897348],[77.571146,12.897156],[77.570748,12.896705],[77.570722,12.896676],[77.570485,12.896401],[77.570241,12.896128],[77.570083,12.895944],[77.570064,12.895931],[77.57002,12.895896],[77.569964,12.895828],[77.569841,12.895661],[77.569494,12.895263],[77.56943,12.895193],[77.569411,12.895173],[77.56915,12.894877],[77.569118,12.894843],[77.569097,12.894822],[77.569097,12.894822],[77.569074,12.894801],[77.569055,12.89477],[77.568809,12.894511],[77.568617,12.89432],[77.568453,12.89416],[77.568414,12.89412],[77.568892,12.894004],[77.568903,12.894005],[77.570288,12.894144],[77.571028,12.894202],[77.571441,12.894232],[77.571876,12.894263],[77.571881,12.894445],[77.571882,12.894493],[77.572396,12.894546],[77.572904,12.894797],[77.572966,12.894684],[77.572984,12.894629],[77.573239,12.894304],[77.57325,12.894289],[77.573284,12.894249],[77.573293,12.894254],[77.573321,12.89427],[77.573488,12.894327],[77.573527,12.894345],[77.573509,12.894389],[77.573471,12.894512],[77.573466,12.894527],[77.573448,12.894557],[77.573413,12.894571],[77.573397,12.894572],[77.573485,12.89458],[77.574299,12.894597],[77.57515,12.894973],[77.57548,12.895159],[77.575481,12.895242],[77.576442,12.895722],[77.57726,12.896132],[77.5772,12.896228],[77.577729,12.896544],[77.577914,12.896631],[77.579226,12.897245],[77.579447,12.896885],[77.579852,12.897121],[77.579673,12.896967],[77.579637,12.896916],[77.579553,12.896816],[77.579527,12.896694],[77.579562,12.896567],[77.579596,12.896407],[77.579702,12.895909],[77.579735,12.895805],[77.579853,12.895433],[77.579888,12.895344],[77.579888,12.895344],[77.579893,12.895331],[77.580105,12.894887],[77.580416,12.894056],[77.58054,12.89365],[77.580678,12.893264],[77.580895,12.892108],[77.580895,12.892108],[77.581332,12.89213],[77.581807,12.89217],[77.581856,12.891285],[77.582048,12.891084],[77.582218,12.890886],[77.582446,12.890607],[77.582517,12.890513],[77.582593,12.890459],[77.582675,12.890432],[77.583021,12.890339],[77.583559,12.89017],[77.58369,12.890127],[77.584206,12.889962],[77.584707,12.889776],[77.585074,12.889654],[77.585228,12.889603],[77.585447,12.88953],[77.585462,12.889525],[77.585829,12.889422],[77.58624,12.889323],[77.586481,12.88928],[77.587104,12.889206],[77.587596,12.889138],[77.58803,12.889078],[77.588203,12.88906],[77.588205,12.889029],[77.588833,12.888924],[77.589572,12.8888],[77.59045,12.888648],[77.590709,12.888603],[77.590967,12.888542],[77.591143,12.888484],[77.591378,12.888407],[77.591438,12.888385],[77.591608,12.888326],[77.591682,12.888316],[77.591796,12.8883],[77.591779,12.887915],[77.591758,12.88743],[77.591746,12.887298],[77.591717,12.886976],[77.59169,12.886452],[77.591683,12.886324],[77.591682,12.886234],[77.591628,12.885857],[77.591552,12.885517],[77.59153,12.885417],[77.591412,12.884994],[77.591304,12.884505],[77.591197,12.884157],[77.591081,12.883866],[77.591042,12.883767],[77.59101,12.883689],[77.590979,12.88362],[77.590727,12.883067],[77.590677,12.882956],[77.590569,12.882695],[77.590561,12.8826],[77.590559,12.88248],[77.590607,12.881635],[77.590616,12.881512],[77.590616,12.881465],[77.590613,12.881327],[77.590612,12.881308],[77.590572,12.881094],[77.590552,12.880989],[77.590381,12.880157],[77.590192,12.879182],[77.589856,12.878426],[77.589659,12.877967],[77.589595,12.877836],[77.58961,12.877834],[77.58959,12.877779],[77.589592,12.877112],[77.589593,12.876927],[77.589174,12.876441],[77.586244,12.874457],[77.586083,12.874036],[77.586785,12.873631],[77.586901,12.873529],[77.587074,12.873378],[77.587295,12.873193],[77.587559,12.873056],[77.587967,12.872909],[77.588663,12.872688],[77.588834,12.872646],[77.588833,12.872642],[77.588822,12.872616],[77.588811,12.872585],[77.588804,12.872565],[77.588799,12.87254],[77.588795,12.872513],[77.588793,12.87248],[77.588796,12.872306],[77.588806,12.872089],[77.588808,12.872017],[77.588848,12.87115],[77.588873,12.870465],[77.588879,12.870367],[77.588889,12.869843],[77.588988,12.869893],[77.589528,12.870174],[77.590358,12.870532],[77.591849,12.871548],[77.592658,12.872099],[77.592954,12.872719],[77.593958,12.87285],[77.594192,12.872965],[77.594203,12.87297],[77.594256,12.873145],[77.594259,12.873145],[77.594414,12.873117],[77.5946,12.873093],[77.594676,12.873084],[77.595527,12.872989],[77.595602,12.872978],[77.59568,12.872961],[77.595772,12.872927],[77.595848,12.872882],[77.595986,12.8728],[77.596022,12.872776],[77.596059,12.872747],[77.596107,12.872682],[77.596153,12.872588],[77.596238,12.87231],[77.596285,12.872144],[77.596298,12.872113],[77.596348,12.872026],[77.596595,12.871042],[77.596785,12.870284],[77.597573,12.868863],[77.597902,12.867479],[77.597916,12.867413],[77.597954,12.867224],[77.597999,12.867034],[77.598063,12.866775],[77.599034,12.866728],[77.599271,12.866546],[77.599264,12.866383],[77.59954,12.866317],[77.599638,12.866384],[77.59972,12.866356],[77.599852,12.866329],[77.600567,12.866336],[77.600588,12.866335],[77.601537,12.866285],[77.601589,12.866432],[77.601601,12.866467],[77.601485,12.86677],[77.602042,12.866753],[77.60238,12.866717],[77.602633,12.866655],[77.602823,12.866504],[77.602926,12.866316],[77.60308,12.866081],[77.603399,12.865371],[77.603539,12.865234],[77.603509,12.864932],[77.60351,12.864655],[77.603858,12.864803],[77.604286,12.864779],[77.604332,12.865093],[77.604468,12.865135],[77.604473,12.865284],[77.604526,12.865518],[77.604587,12.866044],[77.604589,12.866274],[77.604638,12.866608],[77.604662,12.867033],[77.604865,12.866996],[77.605005,12.867636],[77.6052,12.868119],[77.605325,12.868236],[77.605895,12.869264],[77.60607,12.869215],[77.606143,12.86928],[77.60626,12.869494],[77.606295,12.869706],[77.606418,12.869897],[77.606429,12.869906],[77.607142,12.869933],[77.607986,12.869684],[77.608024,12.869674],[77.608034,12.869571],[77.608048,12.869442],[77.608076,12.869175],[77.608093,12.869016],[77.608077,12.868129],[77.608211,12.867627],[77.608305,12.867276],[77.608379,12.866998],[77.608858,12.866968],[77.609073,12.866954],[77.609303,12.86694],[77.609772,12.86691],[77.610271,12.866878],[77.610307,12.867264],[77.610332,12.86752],[77.610554,12.867491],[77.610804,12.867457],[77.610939,12.86744],[77.611105,12.867422],[77.61112,12.867068],[77.611139,12.866646],[77.611458,12.866145],[77.611994,12.865789],[77.612056,12.865748],[77.6128,12.865406],[77.612861,12.865989],[77.612948,12.867088],[77.61295,12.867114],[77.612955,12.86714],[77.613032,12.867592],[77.613065,12.867806],[77.61307,12.867836],[77.613123,12.868173],[77.613231,12.868182],[77.613275,12.868186],[77.613281,12.868709],[77.613293,12.869148],[77.613302,12.869376],[77.613322,12.869811],[77.613336,12.869863],[77.613375,12.870006],[77.61344,12.870251],[77.613545,12.871035],[77.613563,12.871167],[77.61358,12.8713],[77.613869,12.871257],[77.614102,12.871212],[77.614498,12.871138],[77.614535,12.871131],[77.614986,12.871128],[77.615156,12.871588],[77.615278,12.871616],[77.615206,12.872019],[77.615209,12.872332],[77.615247,12.872548],[77.615341,12.873078],[77.615267,12.873505],[77.615131,12.874285],[77.615007,12.875225],[77.61499,12.875353],[77.614968,12.875627],[77.614919,12.876257],[77.615537,12.876267],[77.615628,12.876269],[77.615709,12.876275],[77.615719,12.876275],[77.616019,12.876257],[77.616165,12.876244],[77.616257,12.876237],[77.616513,12.87619],[77.616799,12.876138],[77.61689,12.876129],[77.617479,12.876066],[77.617526,12.87606],[77.617546,12.876075],[77.617633,12.876242],[77.617682,12.876369],[77.617687,12.87639],[77.617696,12.876429],[77.617666,12.876513],[77.617631,12.876579],[77.617612,12.876631],[77.6176,12.876697],[77.617587,12.87681],[77.617572,12.876927],[77.617565,12.877056],[77.617563,12.877114],[77.617564,12.877139],[77.61757,12.877167],[77.617587,12.877199],[77.617618,12.877279],[77.617644,12.877338],[77.617704,12.877454],[77.618006,12.877803],[77.618038,12.877802],[77.618114,12.878521],[77.618149,12.878585],[77.618194,12.878668],[77.618229,12.878723],[77.618281,12.878803],[77.618298,12.878846],[77.618316,12.878915],[77.617884,12.878966],[77.617917,12.879264],[77.617932,12.879268],[77.617949,12.879273],[77.617984,12.879286],[77.617994,12.879293],[77.618032,12.879328],[77.618086,12.879393],[77.618172,12.879482],[77.618216,12.879534],[77.618233,12.879564],[77.618267,12.879655],[77.618339,12.879894],[77.618374,12.880063],[77.618393,12.880121],[77.618454,12.880354],[77.618467,12.880394],[77.618483,12.880429],[77.61852,12.880492],[77.61858,12.880568],[77.618706,12.881228],[77.618203,12.881442],[77.617943,12.881552],[77.617619,12.88169],[77.617697,12.881911],[77.617719,12.882047],[77.617729,12.882184],[77.617721,12.882288],[77.617698,12.882402],[77.617713,12.882617],[77.61774,12.882917],[77.617783,12.883116],[77.617758,12.88337],[77.617736,12.883598],[77.617734,12.883666],[77.617728,12.883863],[77.617763,12.884117],[77.617792,12.884327],[77.61785,12.884747],[77.618215,12.884749],[77.618337,12.885236],[77.618406,12.88545],[77.618574,12.886124],[77.618595,12.886211],[77.618657,12.886468],[77.618664,12.886496],[77.618735,12.886782],[77.618769,12.886919],[77.618825,12.887058],[77.618868,12.887167],[77.61895,12.887357],[77.61902,12.887477],[77.61907,12.887623],[77.619159,12.887929],[77.619176,12.887991],[77.619194,12.888039],[77.61926,12.888136],[77.619309,12.888208],[77.6195,12.888451],[77.619558,12.888514],[77.619705,12.88866],[77.619789,12.888745],[77.619879,12.888841],[77.619904,12.888874],[77.620456,12.888809],[77.620608,12.88879],[77.620772,12.888765],[77.620965,12.888735],[77.621041,12.888723],[77.621108,12.888706],[77.621273,12.888666],[77.621332,12.888637],[77.621377,12.888603],[77.621448,12.888768],[77.621471,12.888856],[77.622187,12.888754],[77.622765,12.888695],[77.622772,12.888695],[77.623033,12.888645],[77.62308,12.888638],[77.623328,12.888596],[77.623413,12.888581],[77.623658,12.888562],[77.623927,12.888559],[77.624093,12.888567],[77.624174,12.888579],[77.624309,12.888602],[77.624473,12.888619],[77.624812,12.888607],[77.625503,12.888566],[77.625556,12.888563],[77.625537,12.888393],[77.62652,12.888423],[77.626798,12.888355],[77.627052,12.888265],[77.627551,12.888147],[77.627887,12.888087],[77.628289,12.888067],[77.628576,12.888088],[77.628634,12.88812],[77.628635,12.888916],[77.628538,12.889187],[77.628549,12.889199],[77.628548,12.889426],[77.628609,12.890133],[77.628913,12.890549],[77.628928,12.890552],[77.629083,12.890728],[77.629204,12.89083],[77.629249,12.890863],[77.629278,12.890973],[77.629347,12.891304],[77.6294,12.891544],[77.629428,12.891737],[77.629434,12.891755],[77.629474,12.891804],[77.629676,12.89199],[77.629708,12.892017],[77.629821,12.892038],[77.629856,12.892052],[77.629871,12.892067],[77.629937,12.892193],[77.629956,12.892225],[77.630179,12.892565],[77.630215,12.892765],[77.631581,12.892613],[77.632801,12.892407],[77.632785,12.892092],[77.632752,12.89146],[77.632724,12.890701],[77.632761,12.89022],[77.632762,12.890209],[77.632874,12.88941],[77.632646,12.889404],[77.631474,12.889255],[77.631495,12.888614],[77.631666,12.888005],[77.631809,12.887647],[77.631851,12.887532],[77.631911,12.887368],[77.632054,12.887035],[77.632331,12.886098],[77.63243,12.886104],[77.633243,12.88615],[77.634095,12.886233],[77.634569,12.886259],[77.634788,12.886328],[77.635195,12.886382],[77.635103,12.886782],[77.634979,12.887381],[77.634946,12.887763],[77.63503,12.887813],[77.635174,12.887821],[77.635396,12.887758],[77.635716,12.887309],[77.636074,12.886969],[77.636397,12.886787],[77.636554,12.886673],[77.636844,12.886451],[77.636839,12.886374],[77.636982,12.88629],[77.637052,12.886367],[77.637546,12.886157],[77.637507,12.885971],[77.638021,12.885816],[77.638307,12.885768],[77.638211,12.885417],[77.638928,12.885218],[77.638798,12.884908],[77.63844,12.884128],[77.638254,12.883698],[77.63823,12.883701],[77.637688,12.883711],[77.637556,12.8837],[77.637389,12.883151],[77.63731,12.882852],[77.637194,12.881925],[77.637136,12.881357],[77.637062,12.880722],[77.636959,12.879958],[77.636968,12.879906],[77.636985,12.879851],[77.637022,12.879781],[77.637359,12.879241],[77.637575,12.878892],[77.637642,12.878877],[77.637699,12.878847],[77.63779,12.878798],[77.637956,12.878608],[77.638065,12.878433],[77.638212,12.878192],[77.638249,12.878143],[77.638402,12.877948],[77.638629,12.87768],[77.638672,12.877623],[77.638852,12.877389],[77.639061,12.877112],[77.639141,12.877005],[77.63934,12.876631],[77.639448,12.876457],[77.639548,12.876296],[77.639651,12.876107],[77.639697,12.87602],[77.639743,12.875907],[77.63978,12.875708],[77.639819,12.875487],[77.639824,12.875458],[77.639873,12.875293],[77.639973,12.874958],[77.64012,12.874511],[77.640157,12.874438],[77.640138,12.874342],[77.640041,12.873544],[77.640073,12.873283],[77.6401,12.873067],[77.640243,12.872498],[77.640448,12.872338],[77.640594,12.872224],[77.64086,12.872068],[77.641047,12.87199],[77.641299,12.871923],[77.641959,12.871826],[77.642384,12.871646],[77.642462,12.871613],[77.64286,12.871549],[77.643081,12.871509],[77.643709,12.871395],[77.644405,12.87128],[77.645062,12.871153],[77.645556,12.871043],[77.645635,12.871017],[77.646366,12.870853],[77.646665,12.870791],[77.647555,12.8706],[77.648304,12.870488],[77.648369,12.870476],[77.648539,12.870447],[77.648839,12.870382],[77.648929,12.87037],[77.649147,12.870416],[77.649371,12.870394],[77.649581,12.870356],[77.649586,12.870437],[77.650085,12.870425],[77.650235,12.870379],[77.650629,12.870404],[77.650715,12.870385],[77.651729,12.869903],[77.65319,12.869535],[77.653328,12.869541],[77.653578,12.869552],[77.653727,12.869657],[77.65374,12.869657],[77.655483,12.869747],[77.655447,12.869058],[77.655956,12.869006],[77.65636,12.868997],[77.656645,12.869017],[77.656645,12.869578],[77.657123,12.869586],[77.657151,12.869068],[77.657139,12.868974],[77.65767,12.868981],[77.657671,12.869071],[77.65767,12.869308],[77.657673,12.869429],[77.657673,12.869518],[77.657678,12.869684],[77.657683,12.869771],[77.657684,12.869982],[77.65769,12.870068],[77.657698,12.870385],[77.657702,12.870424],[77.65758,12.870438],[77.657598,12.870567],[77.657636,12.870685],[77.657656,12.870762],[77.657668,12.870907],[77.657692,12.871044],[77.657685,12.871074],[77.657668,12.871106],[77.657633,12.871129],[77.657583,12.871148],[77.657321,12.871207],[77.657169,12.87124],[77.657116,12.871251],[77.657056,12.871266],[77.656975,12.871341],[77.656897,12.87142],[77.656876,12.87144],[77.656752,12.871555],[77.656677,12.871647],[77.656625,12.87169],[77.656592,12.871722],[77.65648,12.871843],[77.656429,12.871897],[77.656358,12.871963],[77.656208,12.872117],[77.656188,12.872141],[77.656172,12.872164],[77.656144,12.872221],[77.656132,12.872228],[77.655955,12.872307],[77.655969,12.872424],[77.655515,12.872838],[77.655486,12.872865],[77.654989,12.873187],[77.654694,12.873315],[77.654519,12.873384],[77.65443,12.873419],[77.654294,12.873459],[77.653987,12.873546],[77.653986,12.87357],[77.654003,12.873676],[77.654037,12.873795],[77.654061,12.873889],[77.654096,12.873988],[77.654134,12.874114],[77.654179,12.874265],[77.654256,12.874499],[77.654293,12.87463],[77.654342,12.8748],[77.654406,12.875019],[77.654465,12.875226],[77.654525,12.87536],[77.654586,12.875484],[77.654611,12.875554],[77.654619,12.875584],[77.654643,12.875778],[77.654646,12.875833],[77.654659,12.876026],[77.654666,12.876144],[77.654671,12.876246],[77.654691,12.876535],[77.654699,12.876674],[77.654717,12.876873],[77.65473,12.876927],[77.654739,12.877027],[77.654745,12.8771],[77.654772,12.877425],[77.654793,12.877781],[77.654807,12.877968],[77.654815,12.878149],[77.65482,12.878242],[77.654821,12.878311],[77.654817,12.878437],[77.654813,12.878518],[77.654811,12.878682],[77.654811,12.878766],[77.65481,12.878886],[77.654813,12.878981],[77.654814,12.879071],[77.654822,12.87922],[77.654826,12.879296],[77.654833,12.879347],[77.65484,12.87939],[77.654852,12.879549],[77.654885,12.879887],[77.654897,12.88],[77.654912,12.880156],[77.654922,12.880232],[77.654936,12.880317],[77.654931,12.88038],[77.655077,12.880898],[77.655176,12.881284],[77.655358,12.881992],[77.655651,12.883104],[77.655724,12.883311],[77.65576,12.883412],[77.656231,12.884419],[77.656495,12.884941],[77.656905,12.884887],[77.657021,12.884873],[77.657048,12.884869],[77.657342,12.88483],[77.657601,12.88475],[77.657657,12.884736],[77.65771,12.884724],[77.658059,12.884645],[77.658141,12.884635],[77.65867,12.88457],[77.65914,12.88446],[77.659311,12.884383],[77.659476,12.884308],[77.659527,12.884321],[77.659717,12.884372],[77.660043,12.884287],[77.660161,12.884239],[77.660238,12.884207],[77.660374,12.884197],[77.660534,12.884184],[77.660783,12.884182],[77.661151,12.884204],[77.661411,12.884304],[77.66193,12.884377],[77.662492,12.884465],[77.663117,12.884458],[77.663191,12.884453],[77.663595,12.884423],[77.664651,12.884334],[77.665928,12.884217],[77.666283,12.88417],[77.666283,12.88417],[77.666393,12.884155],[77.666775,12.884033],[77.666893,12.883985],[77.667012,12.883949],[77.66713,12.883907],[77.667511,12.883797],[77.668142,12.883605],[77.668142,12.883605],[77.668181,12.883592],[77.667821,12.885576],[77.667872,12.885564],[77.669307,12.885234],[77.670656,12.884966],[77.67109,12.884884],[77.672328,12.88465],[77.673753,12.88437],[77.674341,12.883833],[77.674224,12.882432],[77.674153,12.88121],[77.67406,12.880175],[77.674029,12.879823],[77.673706,12.879874],[77.672943,12.880006],[77.671982,12.880151],[77.671041,12.880301],[77.671292,12.879981],[77.671621,12.87956],[77.672112,12.878889],[77.672474,12.878457],[77.672714,12.878342],[77.673243,12.878049],[77.673434,12.877659],[77.673574,12.877447],[77.673752,12.877071],[77.673857,12.876743],[77.674024,12.876399],[77.674058,12.876327],[77.674078,12.876286],[77.67426,12.875783],[77.674427,12.875493],[77.674577,12.875354],[77.674613,12.875216],[77.674747,12.874706],[77.674889,12.874163],[77.674971,12.873849],[77.675214,12.872918],[77.675289,12.872633],[77.674295,12.871305],[77.673691,12.87053],[77.672799,12.86929],[77.672893,12.868252],[77.672444,12.868203],[77.672265,12.868204],[77.672086,12.868133],[77.671145,12.867814],[77.67083,12.867664],[77.670224,12.867392],[77.669948,12.867227],[77.669865,12.867176],[77.669488,12.867063],[77.668838,12.866805],[77.667821,12.866407],[77.667086,12.866335],[77.667046,12.866205],[77.666559,12.866215],[77.666456,12.865992],[77.666437,12.865951],[77.66595,12.865193],[77.665571,12.864594],[77.665324,12.864214],[77.665198,12.864054],[77.66499,12.863564],[77.664926,12.863395],[77.664772,12.863202],[77.664668,12.863072],[77.664621,12.862822],[77.664506,12.862373],[77.664007,12.862427],[77.663837,12.861919],[77.663745,12.861019],[77.663644,12.860857],[77.66357,12.86068],[77.663346,12.860532],[77.663042,12.860236],[77.662332,12.859667],[77.662196,12.859571],[77.661842,12.859317],[77.661817,12.859298],[77.661677,12.859213],[77.661246,12.858931],[77.661142,12.858868],[77.661149,12.858774],[77.660537,12.858586],[77.660229,12.858589],[77.65965,12.858615],[77.659307,12.858618],[77.659013,12.858507],[77.658564,12.85837],[77.65766,12.858146],[77.657491,12.858387],[77.657494,12.858324],[77.657551,12.857197],[77.656586,12.856961],[77.656382,12.856998],[77.656443,12.856504],[77.656299,12.856445],[77.656155,12.856425],[77.65595,12.856433],[77.655754,12.856377],[77.655754,12.856318],[77.655796,12.855963],[77.655848,12.855717],[77.655509,12.855525],[77.655284,12.856233],[77.654913,12.856188],[77.654934,12.856053],[77.654446,12.855855],[77.653077,12.855494],[77.653118,12.855317],[77.652946,12.855199],[77.652604,12.854967],[77.65214,12.854829],[77.651816,12.854739],[77.651614,12.854767],[77.651447,12.854666],[77.651336,12.854607],[77.650625,12.854391],[77.650344,12.854394],[77.650394,12.853874],[77.649949,12.853689],[77.64996,12.853178],[77.650008,12.852971],[77.65014,12.852912],[77.650278,12.852183],[77.650077,12.852102],[77.649795,12.852241],[77.649619,12.852928],[77.649215,12.852752],[77.649312,12.852134],[77.648655,12.852106],[77.648206,12.851986],[77.647727,12.851858],[77.647635,12.852201],[77.647595,12.852354],[77.646629,12.852116],[77.646378,12.852142],[77.6462,12.852105],[77.64617,12.852098],[77.646145,12.851874],[77.645754,12.851698],[77.645596,12.851969],[77.645181,12.851839],[77.644905,12.851753],[77.64491,12.852156],[77.64402,12.851647],[77.64313,12.851138],[77.64288,12.851208],[77.642901,12.851404],[77.642958,12.851983],[77.642978,12.852695],[77.643015,12.853694],[77.643012,12.854021],[77.642966,12.854643],[77.642901,12.855931],[77.642907,12.856229],[77.642917,12.857003],[77.642916,12.857055],[77.642894,12.858294],[77.642874,12.858948],[77.642844,12.859434],[77.642828,12.859487],[77.642591,12.860326],[77.642532,12.860511],[77.642474,12.860697],[77.642254,12.861346],[77.642005,12.862324],[77.641867,12.863014],[77.641797,12.863611],[77.641793,12.863654],[77.641732,12.863671],[77.641478,12.863704],[77.641265,12.864271],[77.641224,12.864401],[77.641332,12.865049],[77.640942,12.865049],[77.640517,12.865048],[77.639495,12.864962],[77.638836,12.864906],[77.638694,12.864303],[77.638605,12.863944],[77.638449,12.86331],[77.637394,12.862891],[77.636805,12.863104],[77.636429,12.863129],[77.635769,12.86297],[77.635245,12.862956],[77.634748,12.862746],[77.634622,12.862684],[77.634564,12.862655],[77.634544,12.862635],[77.634526,12.862613],[77.634184,12.862143],[77.634254,12.861924],[77.633226,12.861651],[77.633014,12.861588],[77.632943,12.861566],[77.63224,12.861251],[77.632192,12.861229],[77.631727,12.860876],[77.631644,12.860789],[77.631466,12.860688],[77.631333,12.860576],[77.631168,12.860481],[77.631067,12.860337],[77.630835,12.860129],[77.630638,12.85993],[77.630393,12.858582],[77.629887,12.857993],[77.629063,12.856912],[77.627276,12.857055],[77.626826,12.857166],[77.62645,12.857382],[77.626349,12.85744],[77.625479,12.857551],[77.624557,12.857643],[77.623635,12.857736],[77.622714,12.857828],[77.621399,12.857942],[77.62028,12.857939],[77.61972,12.857973],[77.619507,12.858025],[77.619043,12.858137],[77.618849,12.857828],[77.618908,12.857589],[77.618063,12.85744],[77.617275,12.857494],[77.616795,12.857566],[77.616398,12.855827],[77.615488,12.855294],[77.614975,12.854843],[77.614361,12.854252],[77.614115,12.853895],[77.61359,12.853146],[77.613198,12.85261],[77.61288,12.852017],[77.612702,12.851654],[77.612216,12.851691],[77.611572,12.851491],[77.611107,12.851431],[77.610537,12.851397],[77.609853,12.851332],[77.609176,12.85126],[77.609171,12.851175],[77.609064,12.849594],[77.60904,12.848664],[77.609066,12.848224],[77.609065,12.847539],[77.609139,12.846892],[77.609323,12.846045],[77.608389,12.846687],[77.607186,12.847477],[77.606646,12.847648],[77.605978,12.847848],[77.605466,12.847957],[77.604554,12.848242],[77.603928,12.848352],[77.603456,12.848369],[77.602859,12.848392],[77.602672,12.848398],[77.602172,12.848292],[77.60128,12.848104],[77.600627,12.848101],[77.600487,12.848102],[77.600401,12.847999],[77.600196,12.847939],[77.599914,12.847981],[77.599844,12.847991],[77.599366,12.848045],[77.599183,12.84806],[77.598987,12.848104],[77.598616,12.84825],[77.598228,12.848249],[77.597778,12.848329],[77.597405,12.848464],[77.596893,12.848655],[77.596557,12.848801],[77.596338,12.84886],[77.595617,12.849161],[77.595399,12.848734],[77.595229,12.848402],[77.595182,12.848156],[77.59485,12.84745],[77.594579,12.846521],[77.594524,12.846334],[77.594424,12.845791],[77.594391,12.845612],[77.594321,12.843967],[77.594306,12.843633],[77.594305,12.843486],[77.594219,12.842733],[77.594073,12.841938],[77.594161,12.841932],[77.594119,12.841733],[77.593851,12.840446],[77.593851,12.840446],[77.5935,12.839304],[77.593272,12.838527],[77.592854,12.837119],[77.59232,12.836059],[77.591786,12.834999],[77.591537,12.834512],[77.591212,12.834635],[77.59065,12.834873],[77.590542,12.834911],[77.590536,12.835539],[77.589881,12.835445],[77.589561,12.835448],[77.589251,12.835234],[77.589051,12.835055],[77.58837,12.834561],[77.587489,12.833914],[77.587079,12.833625],[77.586436,12.834034],[77.585284,12.834761],[77.584326,12.835382],[77.583487,12.836057],[77.582668,12.836711],[77.582432,12.836898],[77.581984,12.837104],[77.58178,12.837238],[77.581279,12.83752],[77.580607,12.837838],[77.580434,12.837888],[77.579768,12.838083],[77.579249,12.838166],[77.579037,12.838234],[77.578949,12.838253],[77.578852,12.838263],[77.578787,12.838269],[77.578029,12.838343],[77.576863,12.838468],[77.574286,12.838869],[77.573793,12.838975],[77.573138,12.839131],[77.572295,12.839173],[77.571074,12.839234],[77.5708,12.839255],[77.570424,12.839287],[77.570338,12.839295],[77.569198,12.839393],[77.568544,12.839449],[77.566787,12.839574],[77.566703,12.839582],[77.566668,12.839585],[77.566426,12.839609],[77.565681,12.83968],[77.564906,12.839538],[77.563309,12.839245],[77.562199,12.83902],[77.560721,12.83991],[77.560504,12.84004]]]},"properties":{"Corporatio":"South","Zone":"Zone1","_folder":"zones"}}]}