{"type":"FeatureCollection","features":[{"type":"Feature","geometry":{"type":"LineString","coordinates":[[77.28726350770417,28.67964062784872],[77.2872713495095,28.68000139494499]]},"properties":{"id":"L00000","strahler":1,"length_m":40.0,"drop_m":-0.6,"gradient":0.0,"area_ha":5.1,"on_drain_share":0.0,"downstream":null}},{"type":"Feature","geometry":{"type":"LineString","coordinates":[[77.27447338934319,28.679585552559278],[77.27447533881973,28.679675745141182],[77.27407208800291,28.67995319907297],[77.27407403716535,28.68004339167517]]},"properties":{"id":"L00001","strahler":1,"length_m":72.4,"drop_m":0.29,"gradient":0.00397,"area_ha":5.43,"on_drain_share":0.0,"downstream":null}},{"type":"Feature","geometry":{"type":"LineString","coordinates":[[77.25542488431441,28.67394948862578],[77.25554068439166,28.67457914096735],[77.25574909231905,28.674756119244332],[77.25576455696262,28.67547766974144],[77.25618331150497,28.675921818731567],[77.25619297916684,28.676372787589358],[77.25629718544137,28.676461276119078],[77.2563223236534,28.677633794895023],[77.25622198348408,28.67772569396449],[77.25623358577027,28.67826685643128],[77.25583608832812,28.678814839690254],[77.25595189829377,28.679444490824903],[77.25534984290906,28.679995883157616],[77.25504301423506,28.68000099706695]]},"properties":{"id":"L00002","strahler":1,"length_m":782.8,"drop_m":1.59,"gradient":0.00203,"area_ha":23.89,"on_drain_share":0.0,"downstream":null}},{"type":"Feature","geometry":{"type":"LineString","coordinates":[[77.24887365589166,28.678569828282956],[77.2488813658042,28.67893060504843],[77.24898556901995,28.679019099383726],[77.24889293093851,28.679471770157008],[77.24899713473224,28.679560264446422],[77.24869608817286,28.67983594645749],[77.2484915351053,28.67983934573664],[77.2482908361389,28.680023133131378]]},"properties":{"id":"L00003","strahler":3,"length_m":213.1,"drop_m":1.71,"gradient":0.008,"area_ha":81.74,"on_drain_share":0.0,"downstream":null}},{"type":"Feature","geometry":{"type":"LineString","coordinates":[[77.2410099574417,28.679241650817204],[77.24182624758733,28.679137902700933],[77.24232801970554,28.67867845631597],[77.2428490104417,28.679120953950964],[77.24366722008978,28.679107389394357],[77.24377141939112,28.679195887980143],[77.24377526568776,28.67937627698148],[77.24429626578213,28.679818768467285],[77.24430011307722,28.679999157387012]]},"properties":{"id":"L00004","strahler":1,"length_m":430.4,"drop_m":1.46,"gradient":0.00338,"area_ha":17.46,"on_drain_share":0.0,"downstream":null}},{"type":"Feature","geometry":{"type":"LineString","coordinates":[[77.2302020660983,28.676172049745364],[77.23030816309986,28.676350754903048],[77.23194646561312,28.67641397008293],[77.23298834600357,28.677299049431795],[77.23299791487152,28.677750025382277],[77.2327971909136,28.67793379111432],[77.23281058659606,28.678565157459026],[77.23251141116239,28.678931000868463],[77.232426355197,28.679744445083276],[77.23212526207084,28.680020092633654]]},"properties":{"id":"L00005","strahler":2,"length_m":667.0,"drop_m":8.57,"gradient":0.01284,"area_ha":51.22,"on_drain_share":0.0,"downstream":null}},{"type":"Feature","geometry":{"type":"LineString","coordinates":[[77.2200392870931,28.679406882193444],[77.22005260708478,28.68003825388833]]},"properties":{"id":"L00007","strahler":2,"length_m":70.0,"drop_m":1.61,"gradient":0.02294,"area_ha":34.97,"on_drain_share":0.0,"downstream":null}},{"type":"Feature","geometry":{"type":"LineString","coordinates":[[77.26790253616632,28.67852291285664],[77.26699761482422,28.679259881615],[77.26679306546212,28.679263308484323],[77.26658463069874,28.679086348880496],[77.26658074536881,28.67890596271074],[77.26637231169083,28.67872900271115],[77.26636259948602,28.678278037186633],[77.26604024119094,28.677561630714454],[77.26583181119015,28.677384669648553],[77.2656272653057,28.67738809455246],[77.26552305072484,28.677299613715572],[77.26520846670456,28.676943977460063],[77.26520458407686,28.676763591061125],[77.26489194382563,28.676498147112795],[77.26478384893737,28.676229279148444],[77.26353330808793,28.67516749386587],[77.26331906844463,28.6747199483435],[77.2624853936498,28.67401208254743],[77.26227309959367,28.6736547283383],[77.26196047605919,28.673389276566585],[77.26185239226406,28.673120405545447],[77.2616439781841,28.672943437028497],[77.26162847488118,28.6722218891934]]},"properties":{"id":"L00134","strahler":1,"length_m":1147.8,"drop_m":5.77,"gradient":0.00503,"area_ha":12.45,"on_drain_share":0.0,"downstream":"L00137"}},{"type":"Feature","geometry":{"type":"LineString","coordinates":[[77.20958982953536,28.678765871754173],[77.20918829057378,28.67913333812061],[77.20929435637603,28.679312061491157],[77.20930950555696,28.68003363440137]]},"properties":{"id":"L00008","strahler":2,"length_m":160.7,"drop_m":5.13,"gradient":0.03191,"area_ha":45.58,"on_drain_share":0.0,"downstream":null}},{"type":"Feature","geometry":{"type":"LineString","coordinates":[[77.21224906014845,28.67872242266575],[77.2121486781714,28.67881429120147],[77.21215247022688,28.67899468410188],[77.21225664460937,28.67908320844169],[77.21237788557893,28.67998350054147]]},"properties":{"id":"L00009","strahler":1,"length_m":152.4,"drop_m":2.21,"gradient":0.0145,"area_ha":9.71,"on_drain_share":0.0,"downstream":null}},{"type":"Feature","geometry":{"type":"LineString","coordinates":[[77.22492574272988,28.678243899147404],[77.22492764965399,28.678334094823537],[77.22565693954895,28.678953690564036],[77.2258595863206,28.67886013027158],[77.22647324921856,28.67885003441121],[77.22707545904979,28.67829876253222],[77.22738228864809,28.678293712283697],[77.22738992483038,28.67865449437395],[77.2278085794132,28.679098736986386],[77.22801313393947,28.67909536903796],[77.22843179290533,28.679539609451833],[77.22863443800502,28.679446045082397],[77.22884281384204,28.67962306668698],[77.22914964692995,28.67961801222039],[77.22955111367422,28.679250490345385],[77.2295358262617,28.67852892727065],[77.22963619188066,28.678437046676617],[77.22962281530434,28.677805678951643],[77.22972318019738,28.677713798326323],[77.2297136253697,28.677262821365098],[77.22981398969428,28.677170940698595],[77.22979870179658,28.676449377531657],[77.2302020660983,28.676172049745364]]},"properties":{"id":"L00063","strahler":1,"length_m":1015.0,"drop_m":8.5,"gradient":0.00838,"area_ha":29.46,"on_drain_share":0.0,"downstream":"L00005"}},{"type":"Feature","geometry":{"type":"LineString","coordinates":[[77.20212160936985,28.678797387470908],[77.2019208263559,28.6789811104138],[77.2019302628148,28.679432095758834],[77.20224276371115,28.679697693454973],[77.20224842655591,28.679968284578603]]},"properties":{"id":"L00011","strahler":3,"length_m":150.7,"drop_m":1.68,"gradient":0.01111,"area_ha":75.51,"on_drain_share":0.0,"downstream":null}},{"type":"Feature","geometry":{"type":"LineString","coordinates":[[77.285192571819,28.67850269438833],[77.28509225765792,28.67859461349385],[77.28478152297222,28.67841941068527],[77.2844747051646,28.67842459104014],[77.28416201426666,28.67815919473019],[77.28405582676183,28.67798053711035],[77.28404603911974,28.67752957708793],[77.28341870964613,28.67690858912007]]},"properties":{"id":"L00029","strahler":1,"length_m":293.8,"drop_m":3.85,"gradient":0.0131,"area_ha":9.56,"on_drain_share":0.0,"downstream":"L00102"}},{"type":"Feature","geometry":{"type":"LineString","coordinates":[[77.27138568356966,28.678735165340246],[77.27158439049357,28.678461153259054],[77.27178893761672,28.678457719237905],[77.2719973792348,28.678634670411892],[77.27230420032366,28.678629518300063],[77.27250485226611,28.678445697733114],[77.27281167269601,28.678440544502113],[77.27301232336019,28.678256723247685],[77.27289251821561,28.677446706871333],[77.27185032258825,28.676561953867903],[77.2715318272753,28.676025947749597]]},"properties":{"id":"L00049","strahler":1,"length_m":511.1,"drop_m":7.75,"gradient":0.01516,"area_ha":16.76,"on_drain_share":0.0,"downstream":"L00090"}},{"type":"Feature","geometry":{"type":"LineString","coordinates":[[77.18880090955132,28.677840544666992],[77.18789727723153,28.67866721217851],[77.18811121357737,28.679114894132326],[77.18873614961112,28.679646156498183],[77.18874365378646,28.680006947936793]]},"properties":{"id":"L00012","strahler":4,"length_m":310.4,"drop_m":-0.34,"gradient":0.0,"area_ha":1156.55,"on_drain_share":0.0,"downstream":null}},{"type":"Feature","geometry":{"type":"LineString","coordinates":[[77.17950845221321,28.67871235944809],[77.17981902949722,28.67888781376352],[77.18012587058918,28.678882870524962],[77.180436449328,28.67905832333541],[77.1807432907905,28.6790533786707],[77.18095345968551,28.67932067685529],[77.18146486317798,28.679312433339824],[77.1820897690181,28.679843728160915],[77.18280573686124,28.679832180497712],[77.18291176006018,28.68001092694299]]},"properties":{"id":"L00013","strahler":1,"length_m":403.8,"drop_m":1.2,"gradient":0.00297,"area_ha":11.59,"on_drain_share":0.0,"downstream":null}},{"type":"Feature","geometry":{"type":"LineString","coordinates":[[77.18040841723399,28.67770534762971],[77.18041589227029,28.678066141180135],[77.1806241892486,28.678243241691916],[77.18103330796299,28.67823664825461],[77.18134575568978,28.67850229734171],[77.18175487521374,28.67849570166962],[77.18215651344293,28.678128311655637],[77.18225879291813,28.678126662260468],[77.18330029997331,28.679012146116257],[77.18330217129811,28.679102344314277],[77.18424141567245,28.67998947008509]]},"properties":{"id":"L00014","strahler":1,"length_m":546.0,"drop_m":3.61,"gradient":0.00662,"area_ha":13.56,"on_drain_share":0.0,"downstream":null}},{"type":"Feature","geometry":{"type":"LineString","coordinates":[[77.2617680251094,28.678715816662805],[77.26165412016789,28.67817636575696],[77.26144569576701,28.677999397599404],[77.2614301905768,28.67727785020402],[77.26153052551753,28.677185947543165],[77.26152471098231,28.6769153672632],[77.2611078685912,28.676561429818907],[77.26109624207373,28.676020269038887],[77.26067940479416,28.675666329950968],[77.26067553013037,28.67548594295227],[77.26077586417425,28.675394040887788],[77.2607545532952,28.674401912355815]]},"properties":{"id":"L00086","strahler":1,"length_m":533.8,"drop_m":1.58,"gradient":0.00296,"area_ha":14.16,"on_drain_share":0.0,"downstream":"L00092"}},{"type":"Feature","geometry":{"type":"LineString","coordinates":[[77.21737055058556,28.6789995046153],[77.2175808084565,28.679266740795136],[77.21809219908022,28.679258358934874],[77.2183933291647,28.67898274069602],[77.21931382913958,28.678967646569816],[77.2196263696419,28.679233201777027],[77.21983092556833,28.67922984617725],[77.2200392870931,28.679406882193444]]},"properties":{"id":"L00015","strahler":1,"length_m":311.4,"drop_m":5.9,"gradient":0.01895,"area_ha":9.87,"on_drain_share":0.0,"downstream":"L00007"}},{"type":"Feature","geometry":{"type":"LineString","coordinates":[[77.22003548145983,28.67922649026876],[77.2200392870931,28.679406882193444]]},"properties":{"id":"L00016","strahler":2,"length_m":20.0,"drop_m":-0.61,"gradient":0.0,"area_ha":23.73,"on_drain_share":0.0,"downstream":"L00007"}},{"type":"Feature","geometry":{"type":"LineString","coordinates":[[77.28242533867214,28.678278724794],[77.28292496213132,28.677728945833227],[77.28291713595597,28.677368177519458],[77.28341870964613,28.67690858912007]]},"properties":{"id":"L00028","strahler":1,"length_m":191.4,"drop_m":2.03,"gradient":0.01059,"area_ha":7.23,"on_drain_share":0.0,"downstream":"L00102"}},{"type":"Feature","geometry":{"type":"LineString","coordinates":[[77.21949365485607,28.677791743374375],[77.2198023870571,28.67787690638673],[77.22001074569525,28.678053942629777],[77.22003548145983,28.67922649026876]]},"properties":{"id":"L00017","strahler":2,"length_m":192.4,"drop_m":4.31,"gradient":0.02238,"area_ha":19.58,"on_drain_share":0.0,"downstream":"L00016"}},{"type":"Feature","geometry":{"type":"LineString","coordinates":[[77.22013395361915,28.679044420281272],[77.22003548145983,28.67922649026876]]},"properties":{"id":"L00018","strahler":1,"length_m":24.1,"drop_m":0.39,"gradient":0.0162,"area_ha":4.06,"on_drain_share":0.0,"downstream":"L00016"}},{"type":"Feature","geometry":{"type":"LineString","coordinates":[[77.24731063442955,28.67724240185789],[77.24751903501684,28.677419393232658],[77.24792813198741,28.677412597826784],[77.2479377648887,28.677863569150766],[77.24825036947007,28.67812905441287],[77.2484549192488,28.67812565568272],[77.24887365589166,28.678569828282956]]},"properties":{"id":"L00019","strahler":2,"length_m":247.3,"drop_m":0.43,"gradient":0.00175,"area_ha":44.73,"on_drain_share":0.0,"downstream":"L00003"}},{"type":"Feature","geometry":{"type":"LineString","coordinates":[[77.25190910022245,28.6769855018178],[77.25160806864818,28.677261189571492],[77.25119897330212,28.67726799606432],[77.25089986811439,28.677633876456888],[77.2498771253647,28.67765088522532],[77.24967643286969,28.677834674363545],[77.24936960929419,28.677839775064214],[77.24896822104887,28.678207351700507],[77.24887365589166,28.678569828282956]]},"properties":{"id":"L00020","strahler":3,"length_m":393.8,"drop_m":-0.13,"gradient":0.0,"area_ha":33.33,"on_drain_share":0.0,"downstream":"L00003"}},{"type":"Feature","geometry":{"type":"LineString","coordinates":[[77.27842888863886,28.677985176107995],[77.27853116125523,28.677983453991445],[77.27872984752062,28.677709432512444],[77.27871617697333,28.677078086099144],[77.27901713263225,28.676802342019357],[77.27900932014623,28.67644157267221],[77.27910963803537,28.67634965786796],[77.27910573168919,28.67616927319661],[77.27868883719674,28.67581539307789],[77.27989263720009,28.674712414067354]]},"properties":{"id":"L00070","strahler":1,"length_m":461.1,"drop_m":4.29,"gradient":0.0093,"area_ha":17.26,"on_drain_share":0.0,"downstream":"L00075"}},{"type":"Feature","geometry":{"type":"LineString","coordinates":[[77.17021207671378,28.67940314593922],[77.17000937360105,28.679496625574593]]},"properties":{"id":"L00021","strahler":1,"length_m":24.1,"drop_m":-0.11,"gradient":0.0,"area_ha":4.18,"on_drain_share":0.0,"downstream":null}},{"type":"Feature","geometry":{"type":"LineString","coordinates":[[77.2359773181045,28.67833241332115],[77.23597348533411,28.67815202332791],[77.23627456276351,28.677876367993665],[77.23627072955624,28.677695978024957],[77.2363710881921,28.677604092791647],[77.2363538384869,28.676792337911884],[77.23715669561123,28.676057254030663]]},"properties":{"id":"L00061","strahler":1,"length_m":299.7,"drop_m":-0.11,"gradient":0.0,"area_ha":7.5,"on_drain_share":0.0,"downstream":"L00084"}},{"type":"Feature","geometry":{"type":"LineString","coordinates":[[77.20844962605192,28.678062664899294],[77.20876213804097,28.67832824690142],[77.20927352716078,28.678319898602005],[77.20958604190648,28.67858547853494],[77.20958982953536,28.678765871754173]]},"properties":{"id":"L00022","strahler":2,"length_m":154.9,"drop_m":2.81,"gradient":0.01812,"area_ha":33.85,"on_drain_share":0.0,"downstream":"L00008"}},{"type":"Feature","geometry":{"type":"LineString","coordinates":[[77.21049517649953,28.67802926512838],[77.21049896559882,28.678209658251536],[77.21029819914476,28.67839339278546],[77.2098909819193,28.678490271285632],[77.20958982953536,28.678765871754173]]},"properties":{"id":"L00023","strahler":1,"length_m":134.9,"drop_m":3.43,"gradient":0.02544,"area_ha":7.13,"on_drain_share":0.0,"downstream":"L00008"}},{"type":"Feature","geometry":{"type":"LineString","coordinates":[[77.20191327734476,28.678620322114078],[77.20212160936985,28.678797387470908]]},"properties":{"id":"L00024","strahler":3,"length_m":28.3,"drop_m":-0.09,"gradient":0.0,"area_ha":67.02,"on_drain_share":0.0,"downstream":"L00011"}},{"type":"Feature","geometry":{"type":"LineString","coordinates":[[77.20282245643166,28.67806415805929],[77.20212160936985,28.678797387470908]]},"properties":{"id":"L00025","strahler":1,"length_m":109.0,"drop_m":0.36,"gradient":0.0033,"area_ha":5.17,"on_drain_share":0.0,"downstream":"L00011"}},{"type":"Feature","geometry":{"type":"LineString","coordinates":[[77.1994378524304,28.677668073717225],[77.20047949005996,28.678553417701114],[77.20129771886995,28.678540109459032],[77.20160078061946,28.678354723397202],[77.20191327734476,28.678620322114078]]},"properties":{"id":"L00026","strahler":2,"length_m":302.1,"drop_m":-3.52,"gradient":0.0,"area_ha":24.52,"on_drain_share":0.0,"downstream":"L00024"}},{"type":"Feature","geometry":{"type":"LineString","coordinates":[[77.2029779235514,28.675715705078357],[77.2027752598692,28.675809231905237],[77.20247975750009,28.676355408453954],[77.20248353260486,28.67653580259793],[77.20218236488678,28.6768113873991],[77.20218613955332,28.67699178156707],[77.20158757220273,28.677723343664336],[77.20159134599277,28.67790373788031],[77.20190384127578,28.678169336709807],[77.20191327734476,28.678620322114078]]},"properties":{"id":"L00027","strahler":2,"length_m":396.3,"drop_m":0.17,"gradient":0.00043,"area_ha":42.41,"on_drain_share":0.0,"downstream":"L00024"}},{"type":"Feature","geometry":{"type":"LineString","coordinates":[[77.17460085526879,28.678881543810068],[77.17439629379903,28.67888483103121],[77.17439070278968,28.678614234817854],[77.17428655873927,28.67852567954777],[77.17426606008699,28.677533493249243]]},"properties":{"id":"L00050","strahler":1,"length_m":174.1,"drop_m":5.26,"gradient":0.03018,"area_ha":6.44,"on_drain_share":0.0,"downstream":"L00051"}},{"type":"Feature","geometry":{"type":"LineString","coordinates":[[77.24701344095712,28.677698468722717],[77.24700958937997,28.677518080078027],[77.24710993790477,28.677426187403825]]},"properties":{"id":"L00031","strahler":1,"length_m":34.1,"drop_m":-0.01,"gradient":0.0,"area_ha":4.27,"on_drain_share":0.0,"downstream":"L00037"}},{"type":"Feature","geometry":{"type":"LineString","coordinates":[[77.24394327680247,28.677659189392244],[77.24414397961301,28.677475408219244],[77.24414013298741,28.67729501921294],[77.24403593539392,28.677206520800823],[77.24433698787874,28.676930848804815],[77.24433121758771,28.67666026530748],[77.24463226779031,28.676384592763632],[77.24504136155218,28.676377806303787]]},"properties":{"id":"L00053","strahler":1,"length_m":217.3,"drop_m":-0.29,"gradient":0.0,"area_ha":5.59,"on_drain_share":0.0,"downstream":"L00034"}},{"type":"Feature","geometry":{"type":"LineString","coordinates":[[77.19075734760112,28.678440482199818],[77.19055278919542,28.67844379378686],[77.19013991801882,28.678270020445822],[77.18983308076714,28.678274986284368],[77.189728924898,28.678186443588444],[77.18942208780541,28.678191408482327],[77.18880090955132,28.677840544666992]]},"properties":{"id":"L00043","strahler":4,"length_m":219.0,"drop_m":0.63,"gradient":0.00286,"area_ha":1009.01,"on_drain_share":0.0,"downstream":"L00012"}},{"type":"Feature","geometry":{"type":"LineString","coordinates":[[77.19085962679104,28.678438826290517],[77.19075734760112,28.678440482199818]]},"properties":{"id":"L00030","strahler":1,"length_m":10.0,"drop_m":0.0,"gradient":0.0,"area_ha":4.0,"on_drain_share":0.0,"downstream":"L00043"}},{"type":"Feature","geometry":{"type":"LineString","coordinates":[[77.20804240799082,28.678159537860296],[77.20814279318488,28.678067672202282],[77.20844962605192,28.678062664899294]]},"properties":{"id":"L00033","strahler":1,"length_m":44.1,"drop_m":-0.29,"gradient":0.0,"area_ha":4.38,"on_drain_share":0.0,"downstream":"L00022"}},{"type":"Feature","geometry":{"type":"LineString","coordinates":[[77.28341870964613,28.67690858912007],[77.28412090546556,28.676265162604007],[77.28410916082176,28.675724010460662],[77.28389679188243,28.675366694622877],[77.2833756596184,28.674924363576174],[77.2833658761276,28.674473403135885],[77.28315742541069,28.67429647000048],[77.2831456866754,28.673755317335466],[77.28354693226457,28.673387646713927],[77.28385373559506,28.673382469290072]]},"properties":{"id":"L00102","strahler":2,"length_m":502.8,"drop_m":1.24,"gradient":0.00247,"area_ha":23.56,"on_drain_share":0.0,"downstream":"L00097"}},{"type":"Feature","geometry":{"type":"LineString","coordinates":[[77.19236374968014,28.67697081569972],[77.19236750754997,28.67715121105429],[77.19075734760112,28.678440482199818]]},"properties":{"id":"L00032","strahler":4,"length_m":238.0,"drop_m":2.07,"gradient":0.00869,"area_ha":1001.97,"on_drain_share":0.0,"downstream":"L00043"}},{"type":"Feature","geometry":{"type":"LineString","coordinates":[[77.24504136155218,28.676377806303787],[77.24545622827078,28.67664160191015],[77.24586339807487,28.67654461849816],[77.2460717949195,28.676721612332795],[77.24607564476302,28.676902001115],[77.24670084065124,28.677432980340292],[77.24710993790477,28.677426187403825]]},"properties":{"id":"L00034","strahler":2,"length_m":269.7,"drop_m":1.02,"gradient":0.0038,"area_ha":27.58,"on_drain_share":0.0,"downstream":"L00037"}},{"type":"Feature","geometry":{"type":"LineString","coordinates":[[77.24710993790477,28.677426187403825],[77.24731063442955,28.67724240185789]]},"properties":{"id":"L00037","strahler":2,"length_m":28.3,"drop_m":0.09,"gradient":0.00308,"area_ha":32.03,"on_drain_share":0.0,"downstream":"L00019"}},{"type":"Feature","geometry":{"type":"LineString","coordinates":[[77.25253046314842,28.677336064432286],[77.25252081078725,28.676885094499287],[77.25241660703549,28.676796602910517]]},"properties":{"id":"L00042","strahler":1,"length_m":64.1,"drop_m":0.48,"gradient":0.00744,"area_ha":4.44,"on_drain_share":0.0,"downstream":"L00041"}},{"type":"Feature","geometry":{"type":"LineString","coordinates":[[77.25876915006047,28.677232069680883],[77.25835037955896,28.676787929680774],[77.25834650870517,28.676607542421486],[77.2607545532952,28.674401912355815]]},"properties":{"id":"L00085","strahler":1,"length_m":426.0,"drop_m":1.05,"gradient":0.00245,"area_ha":9.31,"on_drain_share":0.0,"downstream":"L00092"}},{"type":"Feature","geometry":{"type":"LineString","coordinates":[[77.20779622456224,28.676178547306872],[77.20811062145098,28.67653432801309],[77.20811629863333,28.676804918191774],[77.20771476121973,28.677172380153333],[77.20771854542106,28.67735277363836],[77.20844962605192,28.678062664899294]]},"properties":{"id":"L00035","strahler":2,"length_m":268.0,"drop_m":-1.68,"gradient":0.0,"area_ha":28.47,"on_drain_share":0.0,"downstream":"L00022"}},{"type":"Feature","geometry":{"type":"LineString","coordinates":[[77.21620370526823,28.677033619327354],[77.21662040837069,28.677387703429794],[77.21702951385255,28.677381001398203],[77.21744432054649,28.67764488656795],[77.21836480941812,28.67762979953545],[77.21846898725857,28.677718318892992],[77.21867163888489,28.67762476913546],[77.21908074471834,28.67761806085503],[77.21928910167674,28.677795098311307],[77.21949365485607,28.677791743374375]]},"properties":{"id":"L00036","strahler":1,"length_m":365.6,"drop_m":4.64,"gradient":0.0127,"area_ha":9.77,"on_drain_share":0.0,"downstream":"L00017"}},{"type":"Feature","geometry":{"type":"LineString","coordinates":[[77.21832298400919,28.67564548529691],[77.21905221775064,28.676265120053184],[77.21906743188893,28.676986688517736],[77.21938186766371,28.677342440753897],[77.21928149352355,28.67743431418695],[77.21928529758267,28.677614706251763],[77.21949365485607,28.677791743374375]]},"properties":{"id":"L00038","strahler":1,"length_m":293.8,"drop_m":-1.74,"gradient":0.0,"area_ha":7.8,"on_drain_share":0.0,"downstream":"L00017"}},{"type":"Feature","geometry":{"type":"LineString","coordinates":[[77.2475808590125,28.675523614177358],[77.24799765451057,28.675877596141348],[77.24789730818922,28.67596948936815],[77.24801114019402,28.676508956098605],[77.24731063442955,28.67724240185789]]},"properties":{"id":"L00039","strahler":1,"length_m":243.8,"drop_m":-0.03,"gradient":0.0,"area_ha":9.8,"on_drain_share":0.0,"downstream":"L00019"}},{"type":"Feature","geometry":{"type":"LineString","coordinates":[[77.18506268923699,28.675194107946506],[77.18547179489147,28.675187501736264],[77.18589026668636,28.675631884745467],[77.18581234207454,28.676806111860337],[77.18561715190661,28.67726040623229],[77.1856246446533,28.677621198551137],[77.18542383321136,28.677804898473024],[77.1856321375376,28.67798199084895],[77.1859408483034,28.6780672326304],[77.18614165925777,28.67788353196917],[77.18613791194072,28.677703135881742],[77.18623831699767,28.677611285461502],[77.18622894846119,28.67716029524411],[77.18683512109726,28.676789587510495],[77.18836928801774,28.67676478651483],[77.18878590229222,28.67711896156552],[77.18878777816947,28.677209159457806]]},"properties":{"id":"L00056","strahler":1,"length_m":835.3,"drop_m":4.05,"gradient":0.00485,"area_ha":21.08,"on_drain_share":0.0,"downstream":"L00046"}},{"type":"Feature","geometry":{"type":"LineString","coordinates":[[77.22173802509576,28.67748423105218],[77.22204104466964,28.677298801300466],[77.22245014829997,28.677292082907993],[77.22275126101111,28.677016455829435],[77.22254099547457,28.676749228082315],[77.22334586004959,28.67610441669216],[77.22334014389642,28.675833829279416],[77.22302760533454,28.67556828249219],[77.22301998507405,28.675207499165886],[77.22332680651184,28.675202458603543],[77.22342717491381,28.675110582451907]]},"properties":{"id":"L00082","strahler":1,"length_m":424.6,"drop_m":4.05,"gradient":0.00953,"area_ha":8.89,"on_drain_share":0.0,"downstream":"L00100"}},{"type":"Feature","geometry":{"type":"LineString","coordinates":[[77.19759873324226,28.67778818154689],[77.19810823968061,28.677689678237734],[77.19840942106387,28.677414101823583],[77.19871813844638,28.67749931397091],[77.19892646308429,28.67767638469177],[77.1994378524304,28.677668073717225]]},"properties":{"id":"L00044","strahler":1,"length_m":209.0,"drop_m":1.28,"gradient":0.00611,"area_ha":6.76,"on_drain_share":0.0,"downstream":"L00026"}},{"type":"Feature","geometry":{"type":"LineString","coordinates":[[77.25104847068808,28.675014845249596],[77.25084778506438,28.675198635797432],[77.25085357175111,28.67546921814049],[77.25127037731178,28.675823189417795],[77.251586842503,28.676269055033686],[77.25189752077723,28.676444337634482],[77.25200365373236,28.676623023697577],[77.25190910022245,28.6769855018178]]},"properties":{"id":"L00040","strahler":2,"length_m":283.8,"drop_m":1.09,"gradient":0.00384,"area_ha":14.55,"on_drain_share":0.0,"downstream":"L00020"}},{"type":"Feature","geometry":{"type":"LineString","coordinates":[[77.25241660703549,28.676796602910517],[77.25210978706394,28.676801709652885],[77.25190910022245,28.6769855018178]]},"properties":{"id":"L00041","strahler":2,"length_m":58.3,"drop_m":0.3,"gradient":0.00522,"area_ha":10.34,"on_drain_share":0.0,"downstream":"L00020"}},{"type":"Feature","geometry":{"type":"LineString","coordinates":[[77.25343354605242,28.676508993611606],[77.25303024673927,28.676786387342286],[77.25241660703549,28.676796602910517]]},"properties":{"id":"L00045","strahler":1,"length_m":112.4,"drop_m":1.27,"gradient":0.01126,"area_ha":5.75,"on_drain_share":0.0,"downstream":"L00041"}},{"type":"Feature","geometry":{"type":"LineString","coordinates":[[77.26760859300616,28.6743774606311],[77.2673017833064,28.674382601406787],[77.26688687594206,28.67411887530772],[77.26627325766182,28.674129152809407],[77.26577161681725,28.674588681260477],[77.26547257159616,28.674954590751113],[77.26558066665996,28.67522345818628],[77.26538000761265,28.675407268894116],[77.26538971445494,28.675858234917058],[77.26570429554484,28.67621387095149],[77.26570817894024,28.676394257302594],[77.26540524586613,28.676579780484985],[77.26509260572186,28.676314336991698],[77.26498451055504,28.676045469199224],[77.26373397013323,28.67498368573675],[77.26351973008987,28.674536140547982],[77.26268605557993,28.673828275965256],[77.26247376128083,28.673470922079616],[77.26216113785313,28.673205470762873],[77.2620530537794,28.672936599913562],[77.26184463977063,28.672759631699936],[77.26183688741959,28.672398857833283],[77.26203754767813,28.672215052282024],[77.262031733037,28.671944471898378]]},"properties":{"id":"L00135","strahler":1,"length_m":1157.8,"drop_m":2.81,"gradient":0.00243,"area_ha":20.98,"on_drain_share":0.0,"downstream":"L00138"}},{"type":"Feature","geometry":{"type":"LineString","coordinates":[[77.27020813742915,28.67631883780802],[77.27041657206391,28.6764957918587],[77.27123474573415,28.67648206183694],[77.27153572062359,28.67620633337598],[77.2715318272753,28.676025947749597]]},"properties":{"id":"L00048","strahler":1,"length_m":170.7,"drop_m":2.82,"gradient":0.01653,"area_ha":5.85,"on_drain_share":0.0,"downstream":"L00090"}},{"type":"Feature","geometry":{"type":"LineString","coordinates":[[77.18878777816947,28.677209159457806],[77.18868737583041,28.677301011634384],[77.18880090955132,28.677840544666992]]},"properties":{"id":"L00046","strahler":3,"length_m":78.3,"drop_m":1.31,"gradient":0.01669,"area_ha":140.03,"on_drain_share":0.0,"downstream":"L00012"}},{"type":"Feature","geometry":{"type":"LineString","coordinates":[[77.19808186588361,28.676426915614858],[77.19818791037105,28.676605648942136],[77.1994378524304,28.677668073717225]]},"properties":{"id":"L00047","strahler":1,"length_m":193.8,"drop_m":3.44,"gradient":0.01775,"area_ha":6.25,"on_drain_share":0.0,"downstream":"L00026"}},{"type":"Feature","geometry":{"type":"LineString","coordinates":[[77.17913997921113,28.675740751716322],[77.17914371423504,28.675921148699125],[77.17894289384382,28.67610483947686],[77.17894849597056,28.676375434970105],[77.17843710588467,28.6763836682119],[77.17822881625537,28.676206563888396],[77.17792198257445,28.676211502407504],[77.17762074755696,28.67648703596026],[77.17762634637464,28.676757631676686],[77.17712428332895,28.67721685301191],[77.17691972543703,28.677220143871956],[77.17661848493356,28.677495675451766],[77.17662408140929,28.677766271308545],[77.17621496332012,28.677772851323205],[77.17590439489581,28.677597388201534],[77.17426606008699,28.677533493249243]]},"properties":{"id":"L00052","strahler":2,"length_m":664.6,"drop_m":13.63,"gradient":0.02051,"area_ha":44.42,"on_drain_share":0.0,"downstream":"L00051"}},{"type":"Feature","geometry":{"type":"LineString","coordinates":[[77.2379902283143,28.676765284371122],[77.23715669561123,28.676057254030663]]},"properties":{"id":"L00062","strahler":1,"length_m":113.1,"drop_m":-0.32,"gradient":0.0,"area_ha":5.21,"on_drain_share":0.0,"downstream":"L00084"}},{"type":"Feature","geometry":{"type":"LineString","coordinates":[[77.28094465006096,28.676048063656086],[77.28073619983218,28.6758711267724],[77.28072642726156,28.67542016556397],[77.28041375467667,28.675154759437536],[77.28020921519837,28.675158206128103],[77.27989263720009,28.674712414067354]]},"properties":{"id":"L00071","strahler":1,"length_m":203.1,"drop_m":4.86,"gradient":0.02391,"area_ha":5.28,"on_drain_share":0.0,"downstream":"L00075"}},{"type":"Feature","geometry":{"type":"LineString","coordinates":[[77.2715318272753,28.676025947749597],[77.27152793396279,28.675845562117924],[77.27142371636891,28.675757086003262],[77.27141398372598,28.67530612186238],[77.27120360371796,28.675038976434596],[77.2710916024662,28.67458972856554],[77.27077700932136,28.674234105736378],[77.27077311759066,28.674053719962348]]},"properties":{"id":"L00090","strahler":2,"length_m":249.0,"drop_m":-0.43,"gradient":0.0,"area_ha":25.7,"on_drain_share":0.0,"downstream":"L00143"}},{"type":"Feature","geometry":{"type":"LineString","coordinates":[[77.17416378064313,28.677535136575113],[77.17242316690115,28.677472862433586],[77.17201032575886,28.677299031894872],[77.17139664941358,28.677308880394214],[77.17108422897724,28.677043206730943],[77.17067511219017,28.67704976985405],[77.17057097271048,28.67696121145172],[77.17056725221293,28.676780813467488],[77.16995357829965,28.67679065526371]]},"properties":{"id":"L00067","strahler":3,"length_m":459.0,"drop_m":0.0,"gradient":0.0,"area_ha":77.2,"on_drain_share":0.0,"downstream":null}},{"type":"Feature","geometry":{"type":"LineString","coordinates":[[77.17426606008699,28.677533493249243],[77.17416378064313,28.677535136575113]]},"properties":{"id":"L00051","strahler":2,"length_m":10.0,"drop_m":0.0,"gradient":0.0,"area_ha":50.95,"on_drain_share":0.0,"downstream":"L00067"}},{"type":"Feature","geometry":{"type":"LineString","coordinates":[[77.1740484583577,28.67690538837456],[77.17415260052138,28.676993943944964],[77.17416378064313,28.677535136575113]]},"properties":{"id":"L00054","strahler":2,"length_m":74.1,"drop_m":7.2,"gradient":0.09707,"area_ha":15.41,"on_drain_share":0.0,"downstream":"L00067"}},{"type":"Feature","geometry":{"type":"LineString","coordinates":[[77.2416413600243,28.67526122686375],[77.24206005713006,28.6757054229717],[77.24206582135686,28.675976006929005],[77.242274211034,28.676153007047862],[77.24370796059551,28.676219468695553],[77.2440090113519,28.67594379750194],[77.24451845309345,28.675845122207328],[77.24503943755373,28.676287611842266],[77.24504136155218,28.676377806303787]]},"properties":{"id":"L00055","strahler":2,"length_m":446.3,"drop_m":0.66,"gradient":0.00147,"area_ha":18.36,"on_drain_share":0.0,"downstream":"L00034"}},{"type":"Feature","geometry":{"type":"LineString","coordinates":[[77.26406212469338,28.675970679138228],[77.26395791283284,28.675882196925276],[77.2639540325181,28.67570181034173],[77.2634329768029,28.675259397831812],[77.26321873735964,28.67481185214264],[77.26238506242237,28.674103985739897],[77.26154364712849,28.67303533959416],[77.26152814445398,28.67231379171875]]},"properties":{"id":"L00129","strahler":1,"length_m":509.4,"drop_m":-2.51,"gradient":0.0,"area_ha":7.04,"on_drain_share":0.0,"downstream":"L00133"}},{"type":"Feature","geometry":{"type":"LineString","coordinates":[[77.18759522667108,28.67398022489899],[77.18790767652202,28.674245858767755],[77.18801557682671,28.67451479916004],[77.18843218054568,28.674868975957693],[77.1885344564258,28.67486732199264],[77.18874463517187,28.675134607602562],[77.18875401369684,28.67558559719548],[77.18927852973975,28.676208710354036],[77.18928978724013,28.676749897582212],[77.18878777816947,28.677209159457806]]},"properties":{"id":"L00057","strahler":3,"length_m":452.8,"drop_m":0.63,"gradient":0.00139,"area_ha":118.6,"on_drain_share":0.0,"downstream":"L00046"}},{"type":"Feature","geometry":{"type":"LineString","coordinates":[[77.28879199692825,28.67465241242672],[77.28900045723987,28.67482933629055],[77.28880180372873,28.67510337114335],[77.28911449590535,28.67536875668564],[77.28931903451918,28.67536529651867],[77.28942326575142,28.675453758016197],[77.28983234318476,28.675446836422022],[77.2900349193838,28.67535318350391]]},"properties":{"id":"L00058","strahler":4,"length_m":207.3,"drop_m":-0.69,"gradient":0.0,"area_ha":558.24,"on_drain_share":0.0,"downstream":null}},{"type":"Feature","geometry":{"type":"LineString","coordinates":[[77.19161024132057,28.67517845815925],[77.19192082600836,28.675353884238202],[77.19193021822167,28.67580487285648],[77.1918316984344,28.675986924886438],[77.19203813046495,28.67607380933648],[77.19224832035914,28.67634108884244],[77.1922595931849,28.676882274982656],[77.19236374968014,28.67697081569972]]},"properties":{"id":"L00059","strahler":1,"length_m":249.0,"drop_m":0.69,"gradient":0.00276,"area_ha":9.21,"on_drain_share":0.0,"downstream":"L00032"}},{"type":"Feature","geometry":{"type":"LineString","coordinates":[[77.19385843045015,28.675051802315036],[77.19335645009991,28.675511079731933],[77.19325981269063,28.675783330299893],[77.19305901866055,28.675967040690722],[77.19306465703063,28.676237633634514],[77.19236374968014,28.67697081569972]]},"properties":{"id":"L00060","strahler":4,"length_m":272.1,"drop_m":0.13,"gradient":0.00048,"area_ha":987.05,"on_drain_share":0.0,"downstream":"L00032"}},{"type":"Feature","geometry":{"type":"LineString","coordinates":[[77.23715669561123,28.676057254030663],[77.23714135810353,28.675335694365963],[77.23662040970036,28.674893172138905],[77.23651813712458,28.674894862428673]]},"properties":{"id":"L00084","strahler":2,"length_m":160.7,"drop_m":1.88,"gradient":0.01171,"area_ha":14.13,"on_drain_share":0.0,"downstream":"L00110"}},{"type":"Feature","geometry":{"type":"LineString","coordinates":[[77.22874539564624,28.675023098669996],[77.22905794598809,28.675288631555077],[77.22967158673359,28.675278522343948],[77.23009023600046,28.675722758307444],[77.23009788064799,28.676083539868408],[77.2302020660983,28.676172049745364]]},"properties":{"id":"L00064","strahler":1,"length_m":223.1,"drop_m":3.38,"gradient":0.01517,"area_ha":6.9,"on_drain_share":0.0,"downstream":"L00005"}},{"type":"Feature","geometry":{"type":"LineString","coordinates":[[77.27448404438239,28.67534478080126],[77.27458436549337,28.675252869176266],[77.27457656869527,28.67489209863242],[77.27477720976444,28.674708275225967],[77.27477331110506,28.674527889966402],[77.27487363122029,28.67443597817479],[77.27485218837013,28.67344385920834],[77.27443531870598,28.673089964427966],[77.2748365942502,28.67272231804124],[77.27504112976324,28.67271887973323],[77.2753537820052,28.672984299544222],[77.27565668602074,28.67279875555698],[77.27616802481532,28.672790156090382],[77.27626834208947,28.672698243404692]]},"properties":{"id":"L00112","strahler":1,"length_m":504.6,"drop_m":2.94,"gradient":0.00584,"area_ha":9.67,"on_drain_share":0.0,"downstream":"L00119"}},{"type":"Feature","geometry":{"type":"LineString","coordinates":[[77.17352402467765,28.676282211518664],[77.17383644849272,28.676547879363117],[77.1740484583577,28.67690538837456]]},"properties":{"id":"L00065","strahler":1,"length_m":90.7,"drop_m":-1.26,"gradient":0.0,"area_ha":4.59,"on_drain_share":0.0,"downstream":"L00054"}},{"type":"Feature","geometry":{"type":"LineString","coordinates":[[77.17348118404381,28.67420763824634],[77.17348490913672,28.67438803594977],[77.17400560628631,28.67483081601682],[77.17390519240186,28.674922657823597],[77.17392009632547,28.675644248326112],[77.17402423706567,28.67573280408381],[77.17393313770773,28.676275639946866],[77.17403727912018,28.67636419565256],[77.1740484583577,28.67690538837456]]},"properties":{"id":"L00066","strahler":1,"length_m":337.3,"drop_m":0.64,"gradient":0.00189,"area_ha":10.73,"on_drain_share":0.0,"downstream":"L00054"}},{"type":"Feature","geometry":{"type":"LineString","coordinates":[[77.28552331283014,28.674888107974645],[77.28593238918288,28.67488119828808],[77.28743898204371,28.673592590252188]]},"properties":{"id":"L00094","strahler":1,"length_m":248.0,"drop_m":-0.23,"gradient":0.0,"area_ha":7.37,"on_drain_share":0.0,"downstream":"L00073"}},{"type":"Feature","geometry":{"type":"LineString","coordinates":[[77.20339646777148,28.676160029742384],[77.20308397528756,28.675894434168846],[77.2030801992544,28.67571404008079],[77.2029779235514,28.675715705078357]]},"properties":{"id":"L00078","strahler":1,"length_m":72.4,"drop_m":3.49,"gradient":0.04823,"area_ha":4.28,"on_drain_share":0.0,"downstream":"L00027"}},{"type":"Feature","geometry":{"type":"LineString","coordinates":[[77.20735496297263,28.674651875784424],[77.20737387927026,28.67555384371181],[77.20779054834965,28.67590795704465],[77.20779622456224,28.676178547306872]]},"properties":{"id":"L00068","strahler":1,"length_m":186.6,"drop_m":2.03,"gradient":0.01087,"area_ha":5.82,"on_drain_share":0.0,"downstream":"L00035"}},{"type":"Feature","geometry":{"type":"LineString","coordinates":[[77.20980575804542,28.674431423239838],[77.2095065097335,28.674797219714023],[77.20951597704513,28.67524820302881],[77.2093133207375,28.675341739292048],[77.20869967114072,28.67535175625266],[77.20779622456224,28.676178547306872]]},"properties":{"id":"L00069","strahler":1,"length_m":313.8,"drop_m":3.93,"gradient":0.01251,"area_ha":13.39,"on_drain_share":0.0,"downstream":"L00035"}},{"type":"Feature","geometry":{"type":"LineString","coordinates":[[77.24103348587397,28.675541974486052],[77.24123419030197,28.67535819752057],[77.24154100836155,28.67535311565788],[77.2416413600243,28.67526122686375]]},"properties":{"id":"L00072","strahler":1,"length_m":72.4,"drop_m":0.36,"gradient":0.00502,"area_ha":5.61,"on_drain_share":0.0,"downstream":"L00055"}},{"type":"Feature","geometry":{"type":"LineString","coordinates":[[77.23651813712458,28.674894862428673],[77.2360163549593,28.675354287899374],[77.23601827115483,28.675444482931272],[77.23540463210263,28.675454620960917],[77.23519625469876,28.67527760952109],[77.2351866773957,28.674826634083672],[77.23466573935377,28.67438410370046],[77.23446119490872,28.674387481195218],[77.23405593479583,28.67457462558916],[77.23353500252466,28.674132090502347],[77.23352926065755,28.67386150489076],[77.23321670426016,28.673595982677725]]},"properties":{"id":"L00110","strahler":2,"length_m":501.1,"drop_m":2.67,"gradient":0.00533,"area_ha":32.0,"on_drain_share":0.0,"downstream":"L00152"}},{"type":"Feature","geometry":{"type":"LineString","coordinates":[[77.26087038564285,28.67503155827979],[77.2608510115532,28.67412962326803]]},"properties":{"id":"L00093","strahler":1,"length_m":100.0,"drop_m":1.09,"gradient":0.01088,"area_ha":5.8,"on_drain_share":0.0,"downstream":"L00114"}},{"type":"Feature","geometry":{"type":"LineString","coordinates":[[77.27989263720009,28.674712414067354],[77.28009326808525,28.674528583313055]]},"properties":{"id":"L00075","strahler":2,"length_m":28.3,"drop_m":-0.2,"gradient":0.0,"area_ha":26.3,"on_drain_share":0.0,"downstream":"L00105"}},{"type":"Feature","geometry":{"type":"LineString","coordinates":[[77.28743898204371,28.673592590252188],[77.28764351744763,28.673589132811514],[77.2880604306891,28.67394298422414],[77.28806827337476,28.674303751422705],[77.28817250250817,28.674392214016464],[77.28879199692825,28.67465241242672]]},"properties":{"id":"L00073","strahler":4,"length_m":203.1,"drop_m":0.16,"gradient":0.00078,"area_ha":533.54,"on_drain_share":0.0,"downstream":"L00058"}},{"type":"Feature","geometry":{"type":"LineString","coordinates":[[77.28889454772263,28.6699589808784],[77.28890043089585,28.670229556280432],[77.2885995203006,28.670505320068102],[77.28860344199052,28.6706857036935],[77.28870766773679,28.670774166096205],[77.28871747260135,28.671225125097724],[77.28861912911034,28.671407238142123],[77.28882758232078,28.671584162731993],[77.28862893385285,28.671858197129453],[77.28867599975013,28.674022799807513],[77.28878022906486,28.674111261923034],[77.28879199692825,28.67465241242672]]},"properties":{"id":"L00074","strahler":1,"length_m":561.4,"drop_m":5.24,"gradient":0.00933,"area_ha":18.78,"on_drain_share":0.0,"downstream":"L00058"}},{"type":"Feature","geometry":{"type":"LineString","coordinates":[[77.27150457483833,28.674763248216742],[77.27077311759066,28.674053719962348]]},"properties":{"id":"L00091","strahler":1,"length_m":109.0,"drop_m":1.87,"gradient":0.01717,"area_ha":4.45,"on_drain_share":0.0,"downstream":"L00143"}},{"type":"Feature","geometry":{"type":"LineString","coordinates":[[77.24120730191642,28.674095471449295],[77.24141568629132,28.674272473223887],[77.24142913161596,28.67490383618513],[77.2416413600243,28.67526122686375]]},"properties":{"id":"L00076","strahler":1,"length_m":146.6,"drop_m":4.45,"gradient":0.03033,"area_ha":5.05,"on_drain_share":0.0,"downstream":"L00055"}},{"type":"Feature","geometry":{"type":"LineString","coordinates":[[77.27958192224852,28.674537198079033],[77.28009326808525,28.674528583313055]]},"properties":{"id":"L00077","strahler":1,"length_m":50.0,"drop_m":-1.91,"gradient":0.0,"area_ha":4.9,"on_drain_share":0.0,"downstream":"L00105"}},{"type":"Feature","geometry":{"type":"LineString","coordinates":[[77.28009326808525,28.674528583313055],[77.2808957846298,28.67379325766984],[77.28171393133094,28.67377946550507],[77.28261674212142,28.67295221404181]]},"properties":{"id":"L00105","strahler":2,"length_m":320.4,"drop_m":-1.76,"gradient":0.0,"area_ha":39.32,"on_drain_share":0.0,"downstream":"L00103"}},{"type":"Feature","geometry":{"type":"LineString","coordinates":[[77.23129648776825,28.67471037889763],[77.23160330602691,28.674705319659367],[77.2319158621126,28.67497084560403],[77.23212040804657,28.674967471892046],[77.23222459391569,28.67505598019131],[77.23222841977268,28.67523637072934],[77.23233069298011,28.67523468366161],[77.23293093740865,28.67459319303626],[77.23292137007827,28.67414221685489],[77.23312208704172,28.67395845125603],[77.23311634627684,28.673687865561153],[77.23321670426016,28.673595982677725]]},"properties":{"id":"L00109","strahler":1,"length_m":353.8,"drop_m":8.73,"gradient":0.02468,"area_ha":8.89,"on_drain_share":0.0,"downstream":"L00152"}},{"type":"Feature","geometry":{"type":"LineString","coordinates":[[77.25104268360941,28.674744262924705],[77.25104847068808,28.675014845249596]]},"properties":{"id":"L00079","strahler":1,"length_m":30.0,"drop_m":-0.21,"gradient":0.0,"area_ha":4.39,"on_drain_share":0.0,"downstream":"L00040"}},{"type":"Feature","geometry":{"type":"LineString","coordinates":[[77.25175665366999,28.67464215846668],[77.2514498398364,28.6746472633641],[77.25104847068808,28.675014845249596]]},"properties":{"id":"L00080","strahler":1,"length_m":86.6,"drop_m":-0.03,"gradient":0.0,"area_ha":4.99,"on_drain_share":0.0,"downstream":"L00040"}},{"type":"Feature","geometry":{"type":"LineString","coordinates":[[77.20447427526942,28.67388678257732],[77.20427350538205,28.67407050840003],[77.20428106105746,28.674431296368137],[77.20418256439791,28.674613356193518],[77.20397801527334,28.674616687660464],[77.2035764703545,28.674984137778427],[77.2035802471237,28.67516453182557],[77.2033813615394,28.6754384535389],[77.20317681070158,28.675441783882693],[77.2029779235514,28.675715705078357]]},"properties":{"id":"L00081","strahler":2,"length_m":285.6,"drop_m":4.35,"gradient":0.01524,"area_ha":33.07,"on_drain_share":0.0,"downstream":"L00027"}},{"type":"Feature","geometry":{"type":"LineString","coordinates":[[77.22342717491381,28.675110582451907],[77.22414499662769,28.67518901370863],[77.22514866507794,28.674270243550616],[77.22535511757124,28.67435707583994],[77.22545548334041,28.67426519831456]]},"properties":{"id":"L00100","strahler":2,"length_m":253.8,"drop_m":-0.08,"gradient":0.0,"area_ha":46.14,"on_drain_share":0.0,"downstream":"L00176"}},{"type":"Feature","geometry":{"type":"LineString","coordinates":[[77.21798004667868,28.673936787788364],[77.21848951021502,28.673838209709697],[77.21880203261225,28.67410376796122],[77.21972248968095,28.674088673395605],[77.21993274256944,28.674355906309316],[77.22065055780111,28.67443435654949],[77.22085891054452,28.67461139186584],[77.22126800406276,28.674604677618646],[77.22168471290846,28.674958745825045],[77.22229645040828,28.674858474254762],[77.22291580628814,28.675118983357883],[77.22342717491381,28.675110582451907]]},"properties":{"id":"L00083","strahler":2,"length_m":610.4,"drop_m":5.82,"gradient":0.00953,"area_ha":31.43,"on_drain_share":0.0,"downstream":"L00100"}},{"type":"Feature","geometry":{"type":"LineString","coordinates":[[77.28385373559506,28.673382469290072],[77.28437094666701,28.67364441483047],[77.28457548261055,28.673640962018784],[77.28519496477261,28.673901177689107],[77.28540341785653,28.674078107543455],[77.28581053236297,28.673981006453797],[77.28631207755245,28.673521408742097],[77.28651661297943,28.67351795301157]]},"properties":{"id":"L00097","strahler":4,"length_m":318.0,"drop_m":1.38,"gradient":0.00433,"area_ha":503.99,"on_drain_share":0.0,"downstream":"L00096"}},{"type":"Feature","geometry":{"type":"LineString","coordinates":[[77.19528652671644,28.674848187204383],[77.19458376352398,28.675491182015065],[77.19437921137296,28.67549449907294],[77.19385843045015,28.675051802315036]]},"properties":{"id":"L00095","strahler":1,"length_m":189.7,"drop_m":-2.52,"gradient":0.0,"area_ha":10.52,"on_drain_share":0.0,"downstream":"L00060"}},{"type":"Feature","geometry":{"type":"LineString","coordinates":[[77.23690997532253,28.674076345910226],[77.23681728750854,28.674529011361965],[77.23651813712458,28.674894862428673]]},"properties":{"id":"L00087","strahler":1,"length_m":106.6,"drop_m":-0.06,"gradient":0.0,"area_ha":8.52,"on_drain_share":0.0,"downstream":"L00110"}},{"type":"Feature","geometry":{"type":"LineString","coordinates":[[77.2607545532952,28.674401912355815],[77.26075067870556,28.67422152533281],[77.2608510115532,28.67412962326803]]},"properties":{"id":"L00092","strahler":2,"length_m":34.1,"drop_m":0.02,"gradient":0.00069,"area_ha":23.82,"on_drain_share":0.0,"downstream":"L00114"}},{"type":"Feature","geometry":{"type":"LineString","coordinates":[[77.1777693147451,28.673777786670676],[77.17767077138507,28.67395982965896],[77.17746808583122,28.674053319620544],[77.17757969191707,28.674502667011883],[77.17820454911389,28.67503398274051],[77.17871779981354,28.675115949257137],[77.17882754538968,28.67547509668808],[77.17913997921113,28.675740751716322]]},"properties":{"id":"L00088","strahler":2,"length_m":328.0,"drop_m":1.7,"gradient":0.00517,"area_ha":20.98,"on_drain_share":0.0,"downstream":"L00052"}},{"type":"Feature","geometry":{"type":"LineString","coordinates":[[77.18054943737789,28.67463530583732],[77.17993764814976,28.674735390664743],[77.17953601384433,28.67510277397832],[77.17953974944803,28.675283170930474],[77.17913811171204,28.675650553222944],[77.17913997921113,28.675740751716322]]},"properties":{"id":"L00089","strahler":1,"length_m":207.3,"drop_m":0.26,"gradient":0.00128,"area_ha":7.97,"on_drain_share":0.0,"downstream":"L00052"}},{"type":"Feature","geometry":{"type":"LineString","coordinates":[[77.27077311759066,28.674053719962348],[77.2707672800616,28.673783141291377],[77.27013810323695,28.673071892782083],[77.27013032237457,28.67271112100668],[77.26971347062567,28.672357210577132],[77.2697056914482,28.671996438657256],[77.26897621031927,28.67137709167715],[77.26897426622179,28.671286898639945]]},"properties":{"id":"L00143","strahler":2,"length_m":380.4,"drop_m":-2.01,"gradient":0.0,"area_ha":36.22,"on_drain_share":0.0,"downstream":"L00149"}},{"type":"Feature","geometry":{"type":"LineString","coordinates":[[77.2608510115532,28.67412962326803],[77.26105167672374,28.673945818941185],[77.26104586419895,28.673675238442094],[77.26094165712186,28.673586753607207],[77.26092615821793,28.672865205490012]]},"properties":{"id":"L00114","strahler":2,"length_m":152.4,"drop_m":-0.65,"gradient":0.0,"area_ha":30.72,"on_drain_share":0.0,"downstream":"L00128"}},{"type":"Feature","geometry":{"type":"LineString","coordinates":[[77.21636077192746,28.67477536334697],[77.216667593494,28.674770337944473],[77.2169687155176,28.674494723210014],[77.21747818293649,28.67439614874796],[77.21798004667868,28.673936787788364]]},"properties":{"id":"L00106","strahler":1,"length_m":197.3,"drop_m":-1.21,"gradient":0.0,"area_ha":9.32,"on_drain_share":0.0,"downstream":"L00083"}},{"type":"Feature","geometry":{"type":"LineString","coordinates":[[77.28651661297943,28.67351795301157],[77.28743898204371,28.673592590252188]]},"properties":{"id":"L00096","strahler":4,"length_m":94.1,"drop_m":-1.4,"gradient":0.0,"area_ha":521.2,"on_drain_share":0.0,"downstream":"L00073"}},{"type":"Feature","geometry":{"type":"LineString","coordinates":[[77.1940385395235,28.673875917161773],[77.19394002506596,28.674057970478987],[77.19394754533411,28.67441876095646],[77.19384715026197,28.674510616609147],[77.19385843045015,28.675051802315036]]},"properties":{"id":"L00098","strahler":4,"length_m":138.3,"drop_m":-0.59,"gradient":0.0,"area_ha":972.71,"on_drain_share":0.0,"downstream":"L00060"}},{"type":"Feature","geometry":{"type":"LineString","coordinates":[[77.22545929747655,28.674445589706444],[77.22545548334041,28.67426519831456]]},"properties":{"id":"L00101","strahler":1,"length_m":20.0,"drop_m":-0.44,"gradient":0.0,"area_ha":4.85,"on_drain_share":0.0,"downstream":"L00176"}},{"type":"Feature","geometry":{"type":"LineString","coordinates":[[77.28488862347486,28.669214645854517],[77.28489449617597,28.66948522204479],[77.28469584060603,28.66975925109942],[77.28469975548926,28.66993963523741],[77.28501437945171,28.670295223951697],[77.28441449198442,28.670936926888075],[77.28462293760555,28.671113858423983],[77.28462685258351,28.67129424253508],[77.28432592724961,28.671569997581738],[77.28433767098713,28.67211114997505],[77.28444385230279,28.672289807824654],[77.28475456762921,28.672465012612882],[77.28547043506518,28.672452924846468],[77.28557074340848,28.672361005734274],[77.28577527668783,28.672357551250975],[77.2860879530699,28.672622944786518],[77.28609187080187,28.67280332867261],[77.28589321284281,28.673077359540862],[77.28651661297943,28.67351795301157]]},"properties":{"id":"L00099","strahler":1,"length_m":734.3,"drop_m":6.15,"gradient":0.00838,"area_ha":16.41,"on_drain_share":0.0,"downstream":"L00096"}},{"type":"Feature","geometry":{"type":"LineString","coordinates":[[77.22545548334041,28.67426519831456],[77.22575085775146,28.673718978289447],[77.22584168595495,28.673176122091327],[77.22531888652013,28.672643357260203],[77.22501207295429,28.67264840192682],[77.22459917569066,28.672474735524016],[77.22366539821189,28.67185849162482],[77.22355550675412,28.67149938857428],[77.22324298133789,28.671233841447503],[77.22322393252367,28.670331882647037]]},"properties":{"id":"L00176","strahler":2,"length_m":601.1,"drop_m":4.07,"gradient":0.00677,"area_ha":62.1,"on_drain_share":0.0,"downstream":"L00198"}},{"type":"Feature","geometry":{"type":"LineString","coordinates":[[77.28261674212142,28.67295221404181],[77.2828212769713,28.672948763955954],[77.28323817237728,28.673302631329083],[77.28374951091402,28.67329400309293],[77.28385373559506,28.673382469290072]]},"properties":{"id":"L00103","strahler":4,"length_m":140.7,"drop_m":1.09,"gradient":0.00777,"area_ha":474.56,"on_drain_share":0.0,"downstream":"L00097"}},{"type":"Feature","geometry":{"type":"LineString","coordinates":[[77.28936637318175,28.672838198272483],[77.28947060179169,28.672926659903816],[77.28987966939476,28.672919738722246],[77.28998389849333,28.673008199927875]]},"properties":{"id":"L00104","strahler":1,"length_m":68.3,"drop_m":0.21,"gradient":0.0031,"area_ha":4.46,"on_drain_share":0.0,"downstream":null}},{"type":"Feature","geometry":{"type":"LineString","coordinates":[[77.19977909530465,28.674414322925085],[77.19957454595983,28.674417647718403],[77.19936622713982,28.674240577624474],[77.19896089771771,28.67442762024632],[77.1980253563127,28.673720994840306],[77.19782080807326,28.67372431691098],[77.19771665068467,28.67363578043248]]},"properties":{"id":"L00124","strahler":1,"length_m":253.8,"drop_m":5.63,"gradient":0.02216,"area_ha":7.07,"on_drain_share":0.0,"downstream":"L00127"}},{"type":"Feature","geometry":{"type":"LineString","coordinates":[[77.24631124020948,28.673559715406565],[77.24628814245384,28.672477382275176],[77.24648690676571,28.67220340384464],[77.24647343262392,28.67157204282422],[77.24595054294215,28.671039362989458],[77.24593514837518,28.670317807142247],[77.24552030663715,28.670054011455704]]},"properties":{"id":"L00177","strahler":1,"length_m":441.4,"drop_m":0.02,"gradient":5e-05,"area_ha":12.7,"on_drain_share":0.0,"downstream":"L00164"}},{"type":"Feature","geometry":{"type":"LineString","coordinates":[[77.2631857680442,28.67327856498649],[77.26266278927724,28.672745955102993],[77.26234435218242,28.672209923788408],[77.262031733037,28.671944471898378]]},"properties":{"id":"L00136","strahler":1,"length_m":195.6,"drop_m":2.31,"gradient":0.01184,"area_ha":6.21,"on_drain_share":0.0,"downstream":"L00138"}},{"type":"Feature","geometry":{"type":"LineString","coordinates":[[77.28117717849196,28.672615586996933],[77.28128140043998,28.67270405534521],[77.28169046952134,28.672697158953607],[77.2817946919581,28.672785626876323],[77.28230602850016,28.672777004233172],[77.28261674212142,28.67295221404181]]},"properties":{"id":"L00107","strahler":4,"length_m":156.6,"drop_m":0.91,"gradient":0.00579,"area_ha":434.04,"on_drain_share":0.0,"downstream":"L00103"}},{"type":"Feature","geometry":{"type":"LineString","coordinates":[[77.21469971681701,28.673629601133932],[77.21490426254161,28.673626253574064],[77.21520538639949,28.673350642648806],[77.21571674911576,28.673342271334793],[77.21602926340367,28.67360783647761],[77.21633228326218,28.67342241947997],[77.21685314412656,28.673865025056966],[77.21767132745,28.67385161985256],[77.21777550077759,28.6739401400279],[77.21798004667868,28.673936787788364]]},"properties":{"id":"L00108","strahler":1,"length_m":378.0,"drop_m":1.88,"gradient":0.00497,"area_ha":9.0,"on_drain_share":0.0,"downstream":"L00083"}},{"type":"Feature","geometry":{"type":"LineString","coordinates":[[77.23321670426016,28.673595982677725],[77.2340214761172,28.672951112425668],[77.23409503227799,28.671596496257532],[77.23419347316772,28.67141441758268]]},"properties":{"id":"L00152","strahler":2,"length_m":287.3,"drop_m":-0.72,"gradient":0.0,"area_ha":42.41,"on_drain_share":0.0,"downstream":"L00173"}},{"type":"Feature","geometry":{"type":"LineString","coordinates":[[77.20457843824381,28.67397531352423],[77.20447427526942,28.67388678257732]]},"properties":{"id":"L00111","strahler":1,"length_m":14.1,"drop_m":0.0,"gradient":0.0,"area_ha":4.03,"on_drain_share":0.0,"downstream":"L00081"}},{"type":"Feature","geometry":{"type":"LineString","coordinates":[[77.26082582656645,28.672957107555067],[77.26092615821793,28.672865205490012]]},"properties":{"id":"L00113","strahler":1,"length_m":14.1,"drop_m":0.0,"gradient":0.0,"area_ha":4.49,"on_drain_share":0.0,"downstream":"L00128"}},{"type":"Feature","geometry":{"type":"LineString","coordinates":[[77.27121829539571,28.670978580714056],[77.27142282803705,28.670975148062013],[77.2720461593052,28.671415812489315],[77.27276202595334,28.671403792313434],[77.27297045426087,28.671580742852804],[77.27358405483825,28.671570435833786],[77.27368437342332,28.671478524987865],[77.27440218844053,28.671556688821614],[77.27554856872446,28.67252989739768],[77.2758592714573,28.672705123415255],[77.27626834208947,28.672698243404692]]},"properties":{"id":"L00115","strahler":3,"length_m":581.1,"drop_m":-1.4,"gradient":0.0,"area_ha":261.32,"on_drain_share":0.0,"downstream":"L00119"}},{"type":"Feature","geometry":{"type":"LineString","coordinates":[[77.27626834208947,28.672698243404692],[77.27739328558901,28.672679317010896],[77.27749360162785,28.67258740348134],[77.27821142563508,28.67266554649758],[77.27861659053163,28.672478274558177],[77.27933246112615,28.67246621923834]]},"properties":{"id":"L00119","strahler":3,"length_m":316.6,"drop_m":0.66,"gradient":0.00209,"area_ha":274.06,"on_drain_share":0.0,"downstream":"L00116"}},{"type":"Feature","geometry":{"type":"LineString","coordinates":[[77.27933246112615,28.67246621923834],[77.28035708657954,28.67253918310261],[77.28046130780338,28.67262765212712],[77.28117717849196,28.672615586996933]]},"properties":{"id":"L00116","strahler":3,"length_m":188.3,"drop_m":-1.14,"gradient":0.0,"area_ha":282.25,"on_drain_share":0.0,"downstream":"L00107"}},{"type":"Feature","geometry":{"type":"LineString","coordinates":[[77.20756531305945,28.67004683328224],[77.20676417040467,28.670871947828722],[77.20667135325112,28.671324599795526],[77.20526600984117,28.67261069494473],[77.2050690226751,28.6729748156904],[77.20507658073308,28.67333560352327],[77.20467504445702,28.673703056490286],[77.20467693367804,28.673793253464755],[77.20447427526942,28.67388678257732]]},"properties":{"id":"L00117","strahler":2,"length_m":554.3,"drop_m":-0.14,"gradient":0.0,"area_ha":23.83,"on_drain_share":0.0,"downstream":"L00081"}},{"type":"Feature","geometry":{"type":"LineString","coordinates":[[77.26092615821793,28.672865205490012],[77.26152814445398,28.67231379171875]]},"properties":{"id":"L00128","strahler":2,"length_m":84.9,"drop_m":-2.18,"gradient":0.0,"area_ha":38.79,"on_drain_share":0.0,"downstream":"L00133"}},{"type":"Feature","geometry":{"type":"LineString","coordinates":[[77.28102800434279,28.670452696187713],[77.28103777619464,28.670903657632],[77.28083715351562,28.671087489393848],[77.28084301626363,28.671358066275072],[77.2806482547723,28.67181247470475],[77.28065802554835,28.67226343617802],[77.28117717849196,28.672615586996933]]},"properties":{"id":"L00118","strahler":3,"length_m":283.1,"drop_m":-1.15,"gradient":0.0,"area_ha":147.57,"on_drain_share":0.0,"downstream":"L00107"}},{"type":"Feature","geometry":{"type":"LineString","coordinates":[[77.18530397587246,28.672032218229127],[77.18551039521734,28.672119113403504],[77.18572056062912,28.67238640452802],[77.1859269809892,28.672473299006064],[77.18633607583747,28.672466690755446],[77.18644022303322,28.67255523659589],[77.18644397006939,28.67273563278398],[77.18759522667108,28.67398022489899]]},"properties":{"id":"L00120","strahler":2,"length_m":346.3,"drop_m":4.66,"gradient":0.01345,"area_ha":22.52,"on_drain_share":0.0,"downstream":"L00057"}},{"type":"Feature","geometry":{"type":"LineString","coordinates":[[77.18546732586786,28.670044555438775],[77.18547294335114,28.67031514999535],[77.18609968461918,28.670936626888114],[77.18610530393468,28.67120722129459],[77.18672643334556,28.671558100422242],[77.18723779716713,28.671549837137025],[77.18755211293337,28.671905670398065],[77.18755586177329,28.67208606646923],[77.18735506379706,28.672269768642117],[77.18777353067496,28.67271414619974],[77.18767500600364,28.672896195512106],[77.18759522667108,28.67398022489899]]},"properties":{"id":"L00121","strahler":3,"length_m":597.0,"drop_m":4.23,"gradient":0.00709,"area_ha":88.54,"on_drain_share":0.0,"downstream":"L00057"}},{"type":"Feature","geometry":{"type":"LineString","coordinates":[[77.1934839363202,28.671809660461],[77.19369600014217,28.672167135802184],[77.19381519141636,28.672977256852004],[77.19412765281406,28.67324287569579],[77.19413705365707,28.673693863786823],[77.1940385395235,28.673875917161773]]},"properties":{"id":"L00122","strahler":2,"length_m":259.0,"drop_m":-0.43,"gradient":0.0,"area_ha":29.53,"on_drain_share":0.0,"downstream":"L00098"}},{"type":"Feature","geometry":{"type":"LineString","coordinates":[[77.19544028176735,28.672409535390077],[77.19513346268299,28.672414512314973],[77.19483228560448,28.672690081309874],[77.19473753481991,28.673052530276443],[77.1940385395235,28.673875917161773]]},"properties":{"id":"L00123","strahler":4,"length_m":235.6,"drop_m":0.3,"gradient":0.00126,"area_ha":940.73,"on_drain_share":0.0,"downstream":"L00098"}},{"type":"Feature","geometry":{"type":"LineString","coordinates":[[77.27839058154746,28.67148960143377],[77.27849480012338,28.671578072138672],[77.27849870468059,28.671758457009155],[77.27880940946375,28.67193367611838],[77.27881331461732,28.67211406093982],[77.27933246112615,28.67246621923834]]},"properties":{"id":"L00125","strahler":1,"length_m":159.0,"drop_m":3.54,"gradient":0.02226,"area_ha":5.88,"on_drain_share":0.0,"downstream":"L00116"}},{"type":"Feature","geometry":{"type":"LineString","coordinates":[[77.19771665068467,28.67363578043248],[77.19740417956848,28.673370170451907]]},"properties":{"id":"L00127","strahler":2,"length_m":42.4,"drop_m":0.24,"gradient":0.00571,"area_ha":18.17,"on_drain_share":0.0,"downstream":"L00144"}},{"type":"Feature","geometry":{"type":"LineString","coordinates":[[77.20057089228577,28.673138259544096],[77.20016934003607,28.673505699961922],[77.19955569735365,28.673515674896652],[77.19934738045608,28.673338604652685],[77.19852919098926,28.673351898910784],[77.19832841105422,28.67353561643223],[77.19771665068467,28.67363578043248]]},"properties":{"id":"L00126","strahler":1,"length_m":317.3,"drop_m":2.0,"gradient":0.0063,"area_ha":10.29,"on_drain_share":0.0,"downstream":"L00127"}},{"type":"Feature","geometry":{"type":"LineString","coordinates":[[77.24148914665274,28.672917858513646],[77.2417901947464,28.672642192337364],[77.2423015447515,28.67263372081137],[77.24229578071677,28.672363136764275],[77.24208739897,28.672186136171735],[77.24248879125166,28.67181857959747],[77.24289786787813,28.67181180059772],[77.24339960236955,28.671352351981206],[77.24339575799408,28.6711719627196],[77.24308126491056,28.670816269495166]]},"properties":{"id":"L00163","strahler":1,"length_m":390.4,"drop_m":3.6,"gradient":0.00923,"area_ha":11.0,"on_drain_share":0.0,"downstream":"L00180"}},{"type":"Feature","geometry":{"type":"LineString","coordinates":[[77.25649378489886,28.67131511452699],[77.25753387034499,28.67210980293464],[77.25773840712266,28.67210639083068],[77.25793713977055,28.67183239726382],[77.25916435632911,28.671811916536488],[77.26010026036164,28.672518097351404],[77.26170555030427,28.671047664751452],[77.26211461851857,28.671040827862267],[77.26241560424248,28.670765119026477],[77.26272046575039,28.67066979647601]]},"properties":{"id":"L00158","strahler":1,"length_m":781.5,"drop_m":-1.27,"gradient":0.0,"area_ha":15.77,"on_drain_share":0.0,"downstream":"L00169"}},{"type":"Feature","geometry":{"type":"LineString","coordinates":[[77.18339445719644,28.673687150142534],[77.18329031121408,28.67359860189224],[77.18328469857519,28.673328007072126],[77.18408792396288,28.6725932190926],[77.18439287408279,28.67249806894991],[77.1846940796156,28.672222521740675]]},"properties":{"id":"L00150","strahler":1,"length_m":233.8,"drop_m":-0.59,"gradient":0.0,"area_ha":6.0,"on_drain_share":0.0,"downstream":"L00155"}},{"type":"Feature","geometry":{"type":"LineString","coordinates":[[77.17755170181302,28.6731496878189],[77.17776185010325,28.67341699225508],[77.1777693147451,28.673777786670676]]},"properties":{"id":"L00130","strahler":1,"length_m":78.3,"drop_m":-0.12,"gradient":0.0,"area_ha":5.55,"on_drain_share":0.0,"downstream":"L00088"}},{"type":"Feature","geometry":{"type":"LineString","coordinates":[[77.17897234753556,28.672585450366242],[77.1785632502143,28.672592036393205],[77.17846657593657,28.67286427842751],[77.17786412530221,28.673415346426285],[77.17786972403316,28.673685942221585],[77.1777693147451,28.673777786670676]]},"properties":{"id":"L00131","strahler":1,"length_m":203.1,"drop_m":0.26,"gradient":0.0013,"area_ha":9.2,"on_drain_share":0.0,"downstream":"L00088"}},{"type":"Feature","geometry":{"type":"LineString","coordinates":[[77.19740417956848,28.673370170451907],[77.19688339787349,28.672927485334128],[77.19657657757767,28.672932465611076],[77.19585125531941,28.67249309593765],[77.19554443607632,28.67249807380703],[77.19544028176735,28.672409535390077]]},"properties":{"id":"L00144","strahler":2,"length_m":235.6,"drop_m":0.43,"gradient":0.00185,"area_ha":28.48,"on_drain_share":0.0,"downstream":"L00123"}},{"type":"Feature","geometry":{"type":"LineString","coordinates":[[77.19941761523721,28.671803588274315],[77.19791178174196,28.67318147158013],[77.19770723453483,28.673184793422294],[77.19740417956848,28.673370170451907]]},"properties":{"id":"L00132","strahler":1,"length_m":270.4,"drop_m":4.25,"gradient":0.01571,"area_ha":7.33,"on_drain_share":0.0,"downstream":"L00144"}},{"type":"Feature","geometry":{"type":"LineString","coordinates":[[77.26152814445398,28.67231379171875],[77.26162847488118,28.6722218891934]]},"properties":{"id":"L00133","strahler":2,"length_m":14.1,"drop_m":0.0,"gradient":0.0,"area_ha":45.89,"on_drain_share":0.0,"downstream":"L00137"}},{"type":"Feature","geometry":{"type":"LineString","coordinates":[[77.26162847488118,28.6722218891934],[77.2620297948411,28.671854278434523]]},"properties":{"id":"L00137","strahler":2,"length_m":56.6,"drop_m":2.67,"gradient":0.04711,"area_ha":58.44,"on_drain_share":0.0,"downstream":"L00156"}},{"type":"Feature","geometry":{"type":"LineString","coordinates":[[77.25017245078296,28.67232262734471],[77.24902629218823,28.671349190358114],[77.24902243817604,28.67116880179405],[77.2487098537189,28.670903317020063],[77.24870407363359,28.670632734095253],[77.24839149161703,28.67036724843242],[77.24767561994877,28.670379139371292],[77.24747301071723,28.6704727304775],[77.24716043210792,28.670207241763926],[77.24745953162999,28.669841369723805],[77.24714695504258,28.66957588084977],[77.2465352796111,28.669676261876926]]},"properties":{"id":"L00182","strahler":1,"length_m":586.0,"drop_m":-0.98,"gradient":0.0,"area_ha":21.0,"on_drain_share":0.0,"downstream":"L00181"}},{"type":"Feature","geometry":{"type":"LineString","coordinates":[[77.22940972653114,28.67257602868306],[77.2298130778133,28.672298702674812],[77.23032443034117,28.67229027647341],[77.23063697579903,28.672555806036865],[77.23094378791856,28.672550748639285],[77.23124486433849,28.672275104450076],[77.23123721696723,28.671914322968664],[77.23143793307659,28.671730559885884],[77.23266517079291,28.671710319400077],[77.23276935366937,28.67179882747224],[77.23317843294177,28.67179207784098]]},"properties":{"id":"L00147","strahler":1,"length_m":459.7,"drop_m":14.78,"gradient":0.03214,"area_ha":9.33,"on_drain_share":0.0,"downstream":"L00145"}},{"type":"Feature","geometry":{"type":"LineString","coordinates":[[77.23298920002952,28.672517014909424],[77.23348906980222,28.671967405277158]]},"properties":{"id":"L00141","strahler":1,"length_m":80.7,"drop_m":0.0,"gradient":0.0,"area_ha":4.59,"on_drain_share":0.0,"downstream":"L00151"}},{"type":"Feature","geometry":{"type":"LineString","coordinates":[[77.262031733037,28.671944471898378],[77.2620297948411,28.671854278434523]]},"properties":{"id":"L00138","strahler":2,"length_m":10.0,"drop_m":0.0,"gradient":0.0,"area_ha":27.23,"on_drain_share":0.0,"downstream":"L00156"}},{"type":"Feature","geometry":{"type":"LineString","coordinates":[[77.2620297948411,28.671854278434523],[77.26191783659613,28.6714050203817],[77.26272046575039,28.67066979647601]]},"properties":{"id":"L00156","strahler":3,"length_m":167.3,"drop_m":-1.81,"gradient":0.0,"area_ha":88.09,"on_drain_share":0.0,"downstream":"L00169"}},{"type":"Feature","geometry":{"type":"LineString","coordinates":[[77.26775483636476,28.671668240382676],[77.26857297404118,28.671654528549144],[77.26867329734866,28.671562621170413]]},"properties":{"id":"L00139","strahler":1,"length_m":94.1,"drop_m":0.67,"gradient":0.0071,"area_ha":7.25,"on_drain_share":0.0,"downstream":"L00142"}},{"type":"Feature","geometry":{"type":"LineString","coordinates":[[77.26455156249757,28.67018804069698],[77.26475609455001,28.670184618201162],[77.26578651941473,28.67052827409391],[77.26670691555525,28.670512861871885],[77.26681112392944,28.670601342200104],[77.26701565646408,28.670597916246265],[77.26826228546408,28.67147928490818],[77.26867329734866,28.671562621170413]]},"properties":{"id":"L00140","strahler":3,"length_m":466.3,"drop_m":-0.74,"gradient":0.0,"area_ha":188.1,"on_drain_share":0.0,"downstream":"L00142"}},{"type":"Feature","geometry":{"type":"LineString","coordinates":[[77.26867329734866,28.671562621170413],[77.26897426622179,28.671286898639945]]},"properties":{"id":"L00142","strahler":3,"length_m":42.4,"drop_m":-0.42,"gradient":0.0,"area_ha":195.77,"on_drain_share":0.0,"downstream":"L00149"}},{"type":"Feature","geometry":{"type":"LineString","coordinates":[[77.23348906980222,28.671967405277158],[77.23359325359674,28.672055912659033],[77.23419347316772,28.67141441758268]]},"properties":{"id":"L00151","strahler":2,"length_m":109.0,"drop_m":-0.49,"gradient":0.0,"area_ha":19.97,"on_drain_share":0.0,"downstream":"L00173"}},{"type":"Feature","geometry":{"type":"LineString","coordinates":[[77.18285315396258,28.672252226590516],[77.18337387684178,28.672694969159622],[77.18388337600274,28.672596519989273],[77.18448953245831,28.67222582351417],[77.1846940796156,28.672222521740675]]},"properties":{"id":"L00154","strahler":1,"length_m":221.4,"drop_m":2.04,"gradient":0.00919,"area_ha":8.06,"on_drain_share":0.0,"downstream":"L00155"}},{"type":"Feature","geometry":{"type":"LineString","coordinates":[[77.23317843294177,28.67179207784098],[77.23348906980222,28.671967405277158]]},"properties":{"id":"L00145","strahler":2,"length_m":38.3,"drop_m":0.0,"gradient":0.0,"area_ha":14.95,"on_drain_share":0.0,"downstream":"L00151"}},{"type":"Feature","geometry":{"type":"LineString","coordinates":[[77.26897426622179,28.671286898639945],[77.26917491126282,28.67110308329109],[77.26999304374239,28.67108936312351],[77.27039627391017,28.67081192232882],[77.27080533874346,28.67080505923587],[77.27101376271864,28.670982013057515],[77.27121829539571,28.670978580714056]]},"properties":{"id":"L00149","strahler":3,"length_m":249.0,"drop_m":3.35,"gradient":0.01347,"area_ha":233.65,"on_drain_share":0.0,"downstream":"L00115"}},{"type":"Feature","geometry":{"type":"LineString","coordinates":[[77.19805229293388,28.67011143772848],[77.19826436795016,28.670468905330754],[77.19806359267464,28.67065262225679],[77.19807112600809,28.671013411916004],[77.19797073779274,28.67110527029933],[77.19776807772737,28.67119878944021],[77.19725671922224,28.671207092401183],[77.1970502932706,28.67112021557346],[77.19624717433143,28.671855075149445],[77.19625281993294,28.672125667678223],[77.19595164673518,28.672401238971975],[77.19544028176735,28.672409535390077]]},"properties":{"id":"L00146","strahler":4,"length_m":464.6,"drop_m":2.38,"gradient":0.00512,"area_ha":908.11,"on_drain_share":0.0,"downstream":"L00123"}},{"type":"Feature","geometry":{"type":"LineString","coordinates":[[77.18960695345883,28.672323582397254],[77.18887603546843,28.671613579622722],[77.18988562739415,28.67096564953083],[77.19040637123562,28.671408363842286],[77.1904138785734,28.6717691553161],[77.19062217810306,28.671946240345306],[77.19062593220798,28.672126636044425],[77.19083611007922,28.672393918513162],[77.19196111603354,28.672375702110543],[77.192563482868,28.671824575568845],[77.19297257337747,28.671817947403643],[77.1931733601542,28.671634237459305],[77.1934839363202,28.671809660461]]},"properties":{"id":"L00161","strahler":1,"length_m":736.7,"drop_m":2.41,"gradient":0.00327,"area_ha":16.05,"on_drain_share":0.0,"downstream":"L00122"}},{"type":"Feature","geometry":{"type":"LineString","coordinates":[[77.21352350334189,28.671212703018234],[77.213932585694,28.671206011657453],[77.2140367533016,28.671294535061392],[77.21404054741043,28.67147492793149],[77.21455190142284,28.671466561515313],[77.21485302047667,28.671190951582098],[77.21505756144364,28.671187604049976],[77.21526589856605,28.671364648932467],[77.2152696947912,28.671545041650447],[77.21547613468864,28.67163188979578],[77.2161939295368,28.671710364924113],[77.2165064398122,28.67197592922376],[77.2170177954023,28.671967553361824],[77.21711816675943,28.67187568171842],[77.21721093877507,28.671423025057333],[77.21771279048795,28.67096366561866],[77.21792113131977,28.671140706195153],[77.21853475254636,28.671130648785052],[77.21883585963931,28.670855030598393],[77.21914266926917,28.670850000213537],[77.21934340587956,28.670666254000334],[77.21995892581927,28.670746386378518]]},"properties":{"id":"L00171","strahler":1,"length_m":817.7,"drop_m":10.53,"gradient":0.01288,"area_ha":24.96,"on_drain_share":0.0,"downstream":"L00175"}},{"type":"Feature","geometry":{"type":"LineString","coordinates":[[77.2322427031343,28.67108570024078],[77.23317843294177,28.67179207784098]]},"properties":{"id":"L00148","strahler":1,"length_m":123.1,"drop_m":7.91,"gradient":0.06422,"area_ha":5.32,"on_drain_share":0.0,"downstream":"L00145"}},{"type":"Feature","geometry":{"type":"LineString","coordinates":[[77.21987757849237,28.67174022074493],[77.21987567641382,28.671650024671216],[77.21956506099995,28.671474664656014],[77.21955745389239,28.67111388026253],[77.21995892581927,28.670746386378518]]},"properties":{"id":"L00168","strahler":1,"length_m":144.9,"drop_m":2.66,"gradient":0.01834,"area_ha":5.89,"on_drain_share":0.0,"downstream":"L00175"}},{"type":"Feature","geometry":{"type":"LineString","coordinates":[[77.25362642393435,28.671182440387277],[77.2536051841187,28.670190306339137],[77.25350098655139,28.670101815185596],[77.25349712507459,28.66992142714435],[77.25255935657172,28.669125002523323],[77.25296262930519,28.668847611478906],[77.25295683878709,28.66857702926451],[77.25325784339351,28.66830133976789],[77.25377109912752,28.668383020133938],[77.25407403203268,28.668197522977863],[77.25509668002196,28.668180487621694],[77.25520087682398,28.668268977600427],[77.25571220087876,28.66826045661225],[77.25602479351231,28.66852592474934],[77.25664418346004,28.66878627704479],[77.25766683535102,28.668769221959757],[77.2579774997033,28.66894449144473],[77.25838656080391,28.66893766627433],[77.25869722675384,28.66911293400705],[77.25910628830515,28.6691061066259],[77.25921048923013,28.66919459326427],[77.25951728553592,28.66918947166795],[77.25982795395636,28.66936473665015],[77.26013475062676,28.669359613627165],[77.26096062303296,28.669706723088332],[77.26147195203211,28.669698179961056],[77.26157615543784,28.66978666462521],[77.26239622034313,28.669863184410985],[77.26280916116959,28.670036732575372],[77.26352502303298,28.670024761759127],[77.26362922839479,28.670113244722437]]},"properties":{"id":"L00172","strahler":1,"length_m":1514.0,"drop_m":-1.63,"gradient":0.0,"area_ha":43.82,"on_drain_share":0.0,"downstream":"L00166"}},{"type":"Feature","geometry":{"type":"LineString","coordinates":[[77.2663729322215,28.66925529491483],[77.26668555311525,28.669520736700807],[77.26873085604986,28.66948646635],[77.26904348322815,28.66975190230396],[77.26965707482566,28.66974161367841],[77.26965901938343,28.669831806693438],[77.27070112701819,28.67071658218819],[77.27121829539571,28.670978580714056]]},"properties":{"id":"L00153","strahler":1,"length_m":558.7,"drop_m":3.13,"gradient":0.00561,"area_ha":15.51,"on_drain_share":0.0,"downstream":"L00115"}},{"type":"Feature","geometry":{"type":"LineString","coordinates":[[77.1846940796156,28.672222521740675],[77.18499715580313,28.6720371721257],[77.18530397587246,28.672032218229127]]},"properties":{"id":"L00155","strahler":2,"length_m":68.3,"drop_m":-1.39,"gradient":0.0,"area_ha":14.43,"on_drain_share":0.0,"downstream":"L00120"}},{"type":"Feature","geometry":{"type":"LineString","coordinates":[[77.23419347316772,28.67141441758268],[77.23459489195028,28.671046883031416],[77.23459106270377,28.670866492673525],[77.23479177073106,28.670682725022335],[77.23498673331109,28.67022837162042]]},"properties":{"id":"L00173","strahler":3,"length_m":163.1,"drop_m":0.84,"gradient":0.00514,"area_ha":68.39,"on_drain_share":0.0,"downstream":"L00178"}},{"type":"Feature","geometry":{"type":"LineString","coordinates":[[77.18509755685163,28.67194532272018],[77.18530397587246,28.672032218229127]]},"properties":{"id":"L00157","strahler":1,"length_m":24.1,"drop_m":-0.76,"gradient":0.0,"area_ha":4.18,"on_drain_share":0.0,"downstream":"L00120"}},{"type":"Feature","geometry":{"type":"LineString","coordinates":[[77.26272046575039,28.67066979647601],[77.26332243027115,28.67011837578564],[77.26362922839479,28.670113244722437]]},"properties":{"id":"L00169","strahler":3,"length_m":114.9,"drop_m":-0.4,"gradient":0.0,"area_ha":104.88,"on_drain_share":0.0,"downstream":"L00166"}},{"type":"Feature","geometry":{"type":"LineString","coordinates":[[77.27730352996309,28.66853046101741],[77.27761422303038,28.668705683600447],[77.27863881141997,28.668778662657378],[77.27905372359908,28.669042352420057],[77.27956504294593,28.669033741152308],[77.27977152378163,28.669120488494908],[77.28070753056197,28.66982652051504],[77.28102214133936,28.670182119305238],[77.28102800434279,28.670452696187713]]},"properties":{"id":"L00159","strahler":2,"length_m":474.6,"drop_m":-1.1,"gradient":0.0,"area_ha":92.87,"on_drain_share":0.0,"downstream":"L00118"}},{"type":"Feature","geometry":{"type":"LineString","coordinates":[[77.28320937081605,28.66725803158803],[77.28130352704808,28.66900444841751],[77.2813230721633,28.669906371292395],[77.28112245178887,28.67009020336659],[77.28112831502767,28.670360780233786],[77.28102800434279,28.670452696187713]]},"properties":{"id":"L00160","strahler":2,"length_m":441.1,"drop_m":1.05,"gradient":0.00238,"area_ha":49.76,"on_drain_share":0.0,"downstream":"L00118"}},{"type":"Feature","geometry":{"type":"LineString","coordinates":[[77.19294063082805,28.670284586136766],[77.19346138313192,28.670727288211594],[77.1934839363202,28.671809660461]]},"properties":{"id":"L00162","strahler":1,"length_m":190.7,"drop_m":3.74,"gradient":0.01961,"area_ha":9.29,"on_drain_share":0.0,"downstream":"L00122"}},{"type":"Feature","geometry":{"type":"LineString","coordinates":[[77.23704934488696,28.671006334604034],[77.23673487274363,28.670650625394806],[77.2365303358392,28.670654005614512],[77.23622736242622,28.67083946552744],[77.23602282508405,28.670842845000806],[77.23581445639664,28.67066583395327],[77.23551148157468,28.670851292334085],[77.23510240660887,28.67085804881201],[77.23499630793452,28.670679347425725],[77.23498673331109,28.67022837162042]]},"properties":{"id":"L00174","strahler":1,"length_m":311.4,"drop_m":1.76,"gradient":0.00565,"area_ha":7.11,"on_drain_share":0.0,"downstream":"L00178"}},{"type":"Feature","geometry":{"type":"LineString","coordinates":[[77.24308126491056,28.670816269495166],[77.24245612781448,28.670285269852577],[77.24245036394316,28.670014685740345],[77.24234617532804,28.669926185458248]]},"properties":{"id":"L00180","strahler":2,"length_m":129.0,"drop_m":1.55,"gradient":0.01204,"area_ha":58.37,"on_drain_share":0.0,"downstream":"L00211"}},{"type":"Feature","geometry":{"type":"LineString","coordinates":[[77.24552030663715,28.670054011455704],[77.24531769586235,28.670147599409173],[77.244815975627,28.670607054430874],[77.24481789898158,28.6706972489819],[77.24440305823546,28.67043344980938],[77.24389171965069,28.670441928679217],[77.24369295130661,28.670715903552445],[77.24318161110125,28.670724379816754],[77.24318353306555,28.67081457446744],[77.24308126491056,28.670816269495166]]},"properties":{"id":"L00164","strahler":2,"length_m":315.6,"drop_m":2.76,"gradient":0.00874,"area_ha":44.63,"on_drain_share":0.0,"downstream":"L00180"}},{"type":"Feature","geometry":{"type":"LineString","coordinates":[[77.17321517818012,28.671234360019522],[77.17241002063803,28.671878888155874],[77.1699554404057,28.67191826594958]]},"properties":{"id":"L00165","strahler":1,"length_m":354.9,"drop_m":3.25,"gradient":0.00917,"area_ha":14.69,"on_drain_share":0.0,"downstream":null}},{"type":"Feature","geometry":{"type":"LineString","coordinates":[[77.26362922839479,28.670113244722437],[77.2638357000334,28.670200017002347],[77.26455156249757,28.67018804069698]]},"properties":{"id":"L00166","strahler":3,"length_m":94.1,"drop_m":2.0,"gradient":0.02124,"area_ha":151.35,"on_drain_share":0.0,"downstream":"L00140"}},{"type":"Feature","geometry":{"type":"LineString","coordinates":[[77.27136444711536,28.66826936080818],[77.27198776130503,28.66871002658392],[77.27199749374647,28.669160990984192],[77.27241433922556,28.6695148948083],[77.27261886885447,28.66951146050933],[77.27262081592991,28.66960165334178],[77.2723218085528,28.66996757608696],[77.27078782850495,28.669993322816037],[77.27058135231749,28.669906561446926],[77.27048103225415,28.66999847007905],[77.27058524305147,28.67008694735545]]},"properties":{"id":"L00167","strahler":1,"length_m":472.1,"drop_m":3.03,"gradient":0.00642,"area_ha":13.86,"on_drain_share":0.0,"downstream":null}},{"type":"Feature","geometry":{"type":"LineString","coordinates":[[77.21995892581927,28.670746386378518],[77.22087935282144,28.670731285558837],[77.22138689427051,28.670542501523848],[77.22179597183663,28.670535786549394],[77.22190014492904,28.670624303577505],[77.22210468381707,28.670620945460566],[77.22231303084139,28.670797978910276],[77.22261412654927,28.670522352897198],[77.22302320369576,28.67051563421946],[77.22322393252367,28.670331882647037]]},"properties":{"id":"L00175","strahler":2,"length_m":361.4,"drop_m":2.53,"gradient":0.007,"area_ha":40.52,"on_drain_share":0.0,"downstream":"L00198"}},{"type":"Feature","geometry":{"type":"LineString","coordinates":[[77.2620545386312,28.66824482965515],[77.26287265294879,28.668231153751766],[77.26339366951692,28.668673570930277],[77.26340142600431,28.669034344606537],[77.26320271292805,28.66930834521265],[77.26372373645418,28.669750760677356],[77.26403247316169,28.669835822131823],[77.26455156249757,28.67018804069698]]},"properties":{"id":"L00170","strahler":2,"length_m":400.4,"drop_m":3.38,"gradient":0.00844,"area_ha":29.39,"on_drain_share":0.0,"downstream":"L00140"}},{"type":"Feature","geometry":{"type":"LineString","coordinates":[[77.20860315000067,28.670751722429443],[77.20766758294063,28.670045165119774],[77.20756531305945,28.67004683328224]]},"properties":{"id":"L00184","strahler":1,"length_m":133.1,"drop_m":2.03,"gradient":0.01524,"area_ha":5.64,"on_drain_share":0.0,"downstream":"L00117"}},{"type":"Feature","geometry":{"type":"LineString","coordinates":[[77.2420451360437,28.670201852461087],[77.24234617532804,28.669926185458248]]},"properties":{"id":"L00179","strahler":1,"length_m":42.4,"drop_m":-0.26,"gradient":0.0,"area_ha":4.41,"on_drain_share":0.0,"downstream":"L00211"}},{"type":"Feature","geometry":{"type":"LineString","coordinates":[[77.23498673331109,28.67022837162042],[77.23518743946735,28.670044603471847],[77.23529162257803,28.670133109595007]]},"properties":{"id":"L00178","strahler":3,"length_m":42.4,"drop_m":-2.48,"gradient":0.0,"area_ha":75.73,"on_drain_share":0.0,"downstream":null}},{"type":"Feature","geometry":{"type":"LineString","coordinates":[[77.2465352796111,28.669676261876926],[77.24633074597372,28.669679656795402],[77.24592937555835,28.670047223677756],[77.24572291703569,28.66996042321759],[77.24552030663715,28.670054011455704]]},"properties":{"id":"L00181","strahler":2,"length_m":124.9,"drop_m":0.52,"gradient":0.00416,"area_ha":28.18,"on_drain_share":0.0,"downstream":"L00164"}},{"type":"Feature","geometry":{"type":"LineString","coordinates":[[77.20328129676571,28.670658009063057],[77.20326997021246,28.670116826436598],[77.20285333968047,28.669762696810064]]},"properties":{"id":"L00189","strahler":1,"length_m":116.6,"drop_m":3.7,"gradient":0.03174,"area_ha":4.85,"on_drain_share":0.0,"downstream":"L00193"}},{"type":"Feature","geometry":{"type":"LineString","coordinates":[[77.22322393252367,28.670331882647037],[77.22321440844453,28.669880903197367],[77.22351549919419,28.669605275418036],[77.22350597415326,28.669154296009435],[77.22381277785507,28.669149255315194],[77.22411386498462,28.668873626378222],[77.22431840016495,28.66887026510431],[77.2244187619993,28.668778388518305]]},"properties":{"id":"L00198","strahler":3,"length_m":249.0,"drop_m":2.91,"gradient":0.01167,"area_ha":107.31,"on_drain_share":0.0,"downstream":"L00203"}},{"type":"Feature","geometry":{"type":"LineString","coordinates":[[77.24234617532804,28.669926185458248],[77.24224006580752,28.669747490363097],[77.24213779862244,28.669749184620816],[77.24130237858125,28.66895098283745],[77.24129661799229,28.66868039845775],[77.2408798738157,28.668326392653693],[77.24087795402201,28.668236197827323]]},"properties":{"id":"L00211","strahler":2,"length_m":253.8,"drop_m":0.66,"gradient":0.0026,"area_ha":65.13,"on_drain_share":0.0,"downstream":"L00240"}},{"type":"Feature","geometry":{"type":"LineString","coordinates":[[77.27567901029109,28.669099138422464],[77.27609001698141,28.669182452364876],[77.27639290911802,28.668996907323866],[77.27659743717474,28.66899346707209],[77.27709900290604,28.668533902285056],[77.27730352996309,28.66853046101741]]},"properties":{"id":"L00190","strahler":1,"length_m":193.1,"drop_m":6.85,"gradient":0.03549,"area_ha":7.89,"on_drain_share":0.0,"downstream":"L00159"}},{"type":"Feature","geometry":{"type":"LineString","coordinates":[[77.24723766975738,28.669033016306834],[77.2465352796111,28.669676261876926]]},"properties":{"id":"L00183","strahler":1,"length_m":99.0,"drop_m":-0.97,"gradient":0.0,"area_ha":5.71,"on_drain_share":0.0,"downstream":"L00181"}},{"type":"Feature","geometry":{"type":"LineString","coordinates":[[77.22658736110853,28.669735227671158],[77.22769131704392,28.668724563899957]]},"properties":{"id":"L00199","strahler":1,"length_m":155.6,"drop_m":-0.82,"gradient":0.0,"area_ha":9.67,"on_drain_share":0.0,"downstream":"L00204"}},{"type":"Feature","geometry":{"type":"LineString","coordinates":[[77.20285333968047,28.669762696810064],[77.20234387681366,28.669861215764627],[77.20214311017234,28.670044938309545],[77.20142721815552,28.670056584619182],[77.20121701961475,28.66978931973527],[77.20091020935557,28.669794309334883],[77.20059962818677,28.669618903688196],[77.19999166301466,28.669899471278537],[77.19968485218149,28.669904458119184],[77.19937427252023,28.669729049567668]]},"properties":{"id":"L00193","strahler":2,"length_m":399.7,"drop_m":1.19,"gradient":0.00298,"area_ha":17.47,"on_drain_share":0.0,"downstream":"L00188"}},{"type":"Feature","geometry":{"type":"LineString","coordinates":[[77.20806720327194,28.669587507597914],[77.20756531305945,28.67004683328224]]},"properties":{"id":"L00185","strahler":1,"length_m":70.7,"drop_m":0.18,"gradient":0.00255,"area_ha":6.2,"on_drain_share":0.0,"downstream":"L00117"}},{"type":"Feature","geometry":{"type":"LineString","coordinates":[[77.2287158980708,28.66879792307655],[77.2293409609644,28.669328990668358],[77.23036172642716,28.66922194603039],[77.23088070909436,28.66957430029581],[77.23128978025431,28.669567556847134],[77.23169120320708,28.66920003064992],[77.23167973137033,28.668658858339082],[77.23188044085353,28.668475094904487],[77.23239177409621,28.66846666192009],[77.23420194723971,28.666993163282914]]},"properties":{"id":"L00222","strahler":4,"length_m":736.7,"drop_m":-3.35,"gradient":0.0,"area_ha":241.74,"on_drain_share":0.0,"downstream":"L00213"}},{"type":"Feature","geometry":{"type":"LineString","coordinates":[[77.19649000458722,28.66878338026583],[77.1971036209633,28.668773420722776],[77.19741607690295,28.669039032350245],[77.1974198421917,28.669219427304025],[77.19762814741031,28.669396501238207],[77.19784021942061,28.669753969697634],[77.1978439855473,28.669934364580918],[77.19805229293388,28.67011143772848]]},"properties":{"id":"L00186","strahler":1,"length_m":247.3,"drop_m":1.45,"gradient":0.00588,"area_ha":5.89,"on_drain_share":0.0,"downstream":"L00146"}},{"type":"Feature","geometry":{"type":"LineString","coordinates":[[77.19822293362203,28.66848456204289],[77.19812066460506,28.668486222989724],[77.19772100278978,28.668943853326876],[77.19773230028198,28.669485038069066],[77.19794060654999,28.669662111458273],[77.19805229293388,28.67011143772848]]},"properties":{"id":"L00187","strahler":1,"length_m":219.0,"drop_m":0.51,"gradient":0.00235,"area_ha":6.02,"on_drain_share":0.0,"downstream":"L00146"}},{"type":"Feature","geometry":{"type":"LineString","coordinates":[[77.19937427252023,28.669729049567668],[77.19927388665747,28.66982090880546],[77.19906746205602,28.66973403498242],[77.198453840894,28.66974400372879],[77.19805229293388,28.67011143772848]]},"properties":{"id":"L00188","strahler":4,"length_m":154.9,"drop_m":0.02,"gradient":0.0001,"area_ha":888.19,"on_drain_share":0.0,"downstream":"L00146"}},{"type":"Feature","geometry":{"type":"LineString","coordinates":[[77.21625252543697,28.669634175075313],[77.21727331415349,28.66952722832535],[77.21737368309645,28.669435356601987],[77.217472152033,28.669253288559826],[77.21746455279401,28.66889250353541],[77.21766528901833,28.66870875980791],[77.21765578937871,28.668257778546945]]},"properties":{"id":"L00214","strahler":1,"length_m":260.7,"drop_m":2.79,"gradient":0.0107,"area_ha":6.92,"on_drain_share":0.0,"downstream":"L00239"}},{"type":"Feature","geometry":{"type":"LineString","coordinates":[[77.17738785829361,28.670174777930786],[77.17892193853315,28.670150089177078],[77.179122748318,28.66996639889285],[77.17953183528793,28.669959811724933],[77.1797326436049,28.66977612060763],[77.18024400116407,28.66976788420142],[77.18054521088722,28.669492345963512]]},"properties":{"id":"L00197","strahler":1,"length_m":339.0,"drop_m":-3.13,"gradient":0.0,"area_ha":12.9,"on_drain_share":0.0,"downstream":"L00191"}},{"type":"Feature","geometry":{"type":"LineString","coordinates":[[77.18054521088722,28.669492345963512],[77.18074975327465,28.669489050434787],[77.18085015597381,28.66939720408103],[77.18105656679147,28.669484106563033],[77.18125737143869,28.669300413363178],[77.18166645523938,28.669293819885823],[77.18229129899635,28.66982511766984],[77.18280265592013,28.669816871588335],[77.18310572909994,28.669631526345455],[77.18361708480566,28.669623277239083],[77.18401868442756,28.669255883434307],[77.18422322588135,28.669252582683562],[77.18453565288756,28.66951822573676],[77.18494473663834,28.66951162230982],[77.18546732586786,28.670044555438775]]},"properties":{"id":"L00191","strahler":2,"length_m":589.4,"drop_m":-0.7,"gradient":0.0,"area_ha":37.07,"on_drain_share":0.0,"downstream":"L00121"}},{"type":"Feature","geometry":{"type":"LineString","coordinates":[[77.1897195678963,28.667900574454542],[77.18962667831539,28.668353218759535],[77.18872312916342,28.66917988808694],[77.18800723657363,28.669191463127856],[77.18770604835754,28.669467016888536],[77.18596744541355,28.669495108341604],[77.18546732586786,28.670044555438775]]},"properties":{"id":"L00192","strahler":2,"length_m":544.6,"drop_m":-0.94,"gradient":0.0,"area_ha":41.66,"on_drain_share":0.0,"downstream":"L00121"}},{"type":"Feature","geometry":{"type":"LineString","coordinates":[[77.20447832519822,28.66919487187457],[77.20366017074954,28.669208195384083],[77.20285333968047,28.669762696810064]]},"properties":{"id":"L00194","strahler":1,"length_m":184.9,"drop_m":-0.64,"gradient":0.0,"area_ha":6.31,"on_drain_share":0.0,"downstream":"L00193"}},{"type":"Feature","geometry":{"type":"LineString","coordinates":[[77.27667824597373,28.66799962832811],[77.27730352996309,28.66853046101741]]},"properties":{"id":"L00195","strahler":2,"length_m":84.9,"drop_m":1.58,"gradient":0.01864,"area_ha":76.52,"on_drain_share":0.0,"downstream":"L00159"}},{"type":"Feature","geometry":{"type":"LineString","coordinates":[[77.20097853691583,28.668169095501185],[77.20077965623479,28.668443013298536],[77.20057511862481,28.66844633897252],[77.2001735831497,28.66881377866068],[77.20017735312601,28.66899417328579],[77.20007508374873,28.66899583573559],[77.19937427252023,28.669729049567668]]},"properties":{"id":"L00196","strahler":4,"length_m":253.8,"drop_m":0.71,"gradient":0.00281,"area_ha":869.54,"on_drain_share":0.0,"downstream":"L00188"}},{"type":"Feature","geometry":{"type":"LineString","coordinates":[[77.23629131082252,28.669033873943444],[77.23729481187424,28.668115021999636]]},"properties":{"id":"L00212","strahler":1,"length_m":141.4,"drop_m":-0.54,"gradient":0.0,"area_ha":10.17,"on_drain_share":0.0,"downstream":"L00234"}},{"type":"Feature","geometry":{"type":"LineString","coordinates":[[77.23996715650712,28.66870240778155],[77.24017168914024,28.668699022580302],[77.24087795402201,28.668236197827323]]},"properties":{"id":"L00210","strahler":1,"length_m":110.7,"drop_m":-0.29,"gradient":0.0,"area_ha":7.42,"on_drain_share":0.0,"downstream":"L00240"}},{"type":"Feature","geometry":{"type":"LineString","coordinates":[[77.26027150812416,28.66619942096807],[77.26058410500468,28.666464878340967],[77.26059959745808,28.667186427310806],[77.26029861624586,28.667462131932282],[77.2603044253558,28.667732712819475],[77.26051476295642,28.66799987784256],[77.26143514036417,28.66798450268935],[77.26174774561528,28.668249956846157],[77.2620545386312,28.66824482965515]]},"properties":{"id":"L00200","strahler":2,"length_m":395.6,"drop_m":2.15,"gradient":0.00542,"area_ha":16.11,"on_drain_share":0.0,"downstream":"L00170"}},{"type":"Feature","geometry":{"type":"LineString","coordinates":[[77.18080905154733,28.667412837328136],[77.18112333327701,28.667768687576917],[77.18113080768687,28.668129481484655],[77.18072733311008,28.668406668590563],[77.18052279282146,28.668409963972092],[77.17992037748002,28.668961039505128],[77.17992411279205,28.66914143657466],[77.18034066846545,28.66949564118362],[77.18054521088722,28.669492345963512]]},"properties":{"id":"L00201","strahler":1,"length_m":346.3,"drop_m":2.55,"gradient":0.00735,"area_ha":10.91,"on_drain_share":0.0,"downstream":"L00191"}},{"type":"Feature","geometry":{"type":"LineString","coordinates":[[77.22144348534657,28.668376118750235],[77.22184684399673,28.668098816070387],[77.22338084807842,28.66807362529644],[77.22348882963065,28.668342532990916],[77.22390551916712,28.66869659561301],[77.2244187619993,28.668778388518305]]},"properties":{"id":"L00202","strahler":1,"length_m":347.3,"drop_m":1.94,"gradient":0.00559,"area_ha":9.45,"on_drain_share":0.0,"downstream":"L00203"}},{"type":"Feature","geometry":{"type":"LineString","coordinates":[[77.2244187619993,28.668778388518305],[77.22452102948016,28.66877670769474],[77.22502283554788,28.668317323420965],[77.22604741216325,28.66839070313775],[77.2261515863484,28.668479216837103],[77.22676518863527,28.66846912298238],[77.22686936346737,28.668557636090323],[77.22727843179815,28.668550904977323],[77.2274867826164,28.66872793025296],[77.22769131704392,28.668724563899957]]},"properties":{"id":"L00203","strahler":3,"length_m":361.4,"drop_m":0.47,"gradient":0.00131,"area_ha":121.97,"on_drain_share":0.0,"downstream":"L00204"}},{"type":"Feature","geometry":{"type":"LineString","coordinates":[[77.22769131704392,28.668724563899957],[77.22809275031948,28.668357047823275],[77.22819501713528,28.668355364247535],[77.2287158980708,28.66879792307655]]},"properties":{"id":"L00204","strahler":3,"length_m":137.3,"drop_m":2.21,"gradient":0.01613,"area_ha":133.9,"on_drain_share":0.0,"downstream":"L00222"}},{"type":"Feature","geometry":{"type":"LineString","coordinates":[[77.22785386191013,28.666736893254505],[77.22856971854279,28.666725108473944],[77.22887269534309,28.666539665519053],[77.23001671363564,28.667423091679222],[77.22992591003309,28.667965949642387],[77.22910777925152,28.66797942637914],[77.22870826046288,28.66843714078731],[77.2287158980708,28.66879792307655]]},"properties":{"id":"L00205","strahler":3,"length_m":510.4,"drop_m":3.68,"gradient":0.0072,"area_ha":93.7,"on_drain_share":0.0,"downstream":"L00222"}},{"type":"Feature","geometry":{"type":"LineString","coordinates":[[77.26396264813422,28.666588860087376],[77.26366167787128,28.66686457162452],[77.26304810048204,28.666874832144575],[77.2624461517676,28.667426250896636],[77.26193483414207,28.667434797085754],[77.26172643188617,28.667257827934755],[77.26141770437917,28.66717276065722],[77.26111672547859,28.66744846697733],[77.26112253668676,28.667719047711945],[77.26143126563856,28.667804115580342],[77.2620545386312,28.66824482965515]]},"properties":{"id":"L00206","strahler":1,"length_m":487.0,"drop_m":1.97,"gradient":0.00404,"area_ha":9.91,"on_drain_share":0.0,"downstream":"L00170"}},{"type":"Feature","geometry":{"type":"LineString","coordinates":[[77.27470017013137,28.666408829215875],[77.27500305731468,28.666223287529757],[77.27530984160516,28.666218130639788],[77.27594485645905,28.667199934063884],[77.2763636562082,28.667644018129156],[77.2764717696127,28.66791287598143]]},"properties":{"id":"L00207","strahler":1,"length_m":303.8,"drop_m":4.24,"gradient":0.01394,"area_ha":5.84,"on_drain_share":0.0,"downstream":null}},{"type":"Feature","geometry":{"type":"LineString","coordinates":[[77.2721933356979,28.66401484539113],[77.2725965338263,28.66373739962425],[77.27331234801966,28.663725379471714],[77.27372722718836,28.663989087633762],[77.27475176885068,28.664062098927836],[77.27589806546017,28.6650353099596],[77.27580360302113,28.66539780014221],[77.27622239448031,28.665841885192414],[77.27623019399331,28.66620265580495],[77.27665094090246,28.666736931820697],[77.27667824597373,28.66799962832811]]},"properties":{"id":"L00208","strahler":2,"length_m":801.8,"drop_m":4.01,"gradient":0.005,"area_ha":62.12,"on_drain_share":0.0,"downstream":"L00195"}},{"type":"Feature","geometry":{"type":"LineString","coordinates":[[77.27971098000016,28.66632452380011],[77.279606765995,28.666236053732774],[77.27899319906612,28.666246386293206],[77.2786825114924,28.66607116653866],[77.27677660801123,28.667817522893156],[77.27667824597373,28.66799962832811]]},"properties":{"id":"L00209","strahler":1,"length_m":405.3,"drop_m":-1.37,"gradient":0.0,"area_ha":14.22,"on_drain_share":0.0,"downstream":"L00195"}},{"type":"Feature","geometry":{"type":"LineString","coordinates":[[77.23420194723971,28.666993163282914],[77.23441030567686,28.667170177456992],[77.23441796241369,28.667530958408992],[77.23483468292585,28.66788498554317],[77.23514148055959,28.667879919385648],[77.23534984233672,28.66805693190599],[77.23586117233681,28.66804848593302],[77.23617371749363,28.668314002779333],[77.23729481187424,28.668115021999636]]},"properties":{"id":"L00213","strahler":4,"length_m":393.8,"drop_m":9.22,"gradient":0.0234,"area_ha":264.32,"on_drain_share":0.0,"downstream":"L00234"}},{"type":"Feature","geometry":{"type":"LineString","coordinates":[[77.24087795402201,28.668236197827323],[77.24238504561687,28.66694806497137],[77.24278833941536,28.66667070315089],[77.24309513184072,28.666665619169677],[77.24329581662249,28.666481840064286],[77.24370295023081,28.666384865099964],[77.24400205240904,28.66601900045062]]},"properties":{"id":"L00240","strahler":2,"length_m":415.3,"drop_m":0.51,"gradient":0.00124,"area_ha":85.43,"on_drain_share":0.0,"downstream":"L00265"}},{"type":"Feature","geometry":{"type":"LineString","coordinates":[[77.21346850561156,28.66859700486879],[77.21336434128234,28.66850848082167],[77.21335865256839,28.668237891272078],[77.21376203372749,28.667960611554978],[77.21417110338284,28.667953920164987],[77.2142714737935,28.667862050657543],[77.21426767985685,28.667681657719434],[77.21395518838871,28.667416087079957],[77.21394949841435,28.667145497595026]]},"properties":{"id":"L00223","strahler":1,"length_m":243.1,"drop_m":3.79,"gradient":0.01558,"area_ha":6.18,"on_drain_share":0.0,"downstream":"L00246"}},{"type":"Feature","geometry":{"type":"LineString","coordinates":[[77.21663691252547,28.66845492381928],[77.21704598330331,28.66844822363944],[77.21734708735063,28.668172608873903],[77.21755162211024,28.66816925789564],[77.21765578937871,28.668257778546945]]},"properties":{"id":"L00217","strahler":1,"length_m":116.6,"drop_m":2.08,"gradient":0.01787,"area_ha":5.66,"on_drain_share":0.0,"downstream":"L00239"}},{"type":"Feature","geometry":{"type":"LineString","coordinates":[[77.23729481187424,28.668115021999636],[77.2384989900538,28.667012390971404],[77.23870351961114,28.667009008169398],[77.23890421314142,28.666825235125827],[77.23910874227859,28.666821851731907],[77.23981500022157,28.666359032851144]]},"properties":{"id":"L00234","strahler":4,"length_m":328.7,"drop_m":0.5,"gradient":0.00152,"area_ha":279.08,"on_drain_share":0.0,"downstream":"L00254"}},{"type":"Feature","geometry":{"type":"LineString","coordinates":[[77.21765578937871,28.668257778546945],[77.21815572461587,28.667708221964844],[77.21763489093927,28.667265619656874],[77.21762349223538,28.66672444201329],[77.21802685573579,28.66644715045691]]},"properties":{"id":"L00239","strahler":2,"length_m":263.8,"drop_m":1.76,"gradient":0.00666,"area_ha":17.73,"on_drain_share":0.0,"downstream":"L00229"}},{"type":"Feature","geometry":{"type":"LineString","coordinates":[[77.23828935528225,28.661963160374267],[77.2373785973672,28.662429350918316],[77.23707756432478,28.66270500667851],[77.23677078216785,28.662710076388713],[77.23536593645849,28.663996459123243],[77.23536976594242,28.66417684956853],[77.23516907058647,28.664360617496516],[77.23517481440658,28.664631203184356],[77.23548734717879,28.66489672239947],[77.23539657331483,28.665439582537733],[77.23529622462348,28.665531466604207],[77.23541763745929,28.666431729689286],[77.23511850300488,28.666797577057576],[77.23647285204788,28.667948153117425],[77.23667738370592,28.667944773275128],[77.23677773326943,28.667852888153455],[77.23708453040182,28.667847817598904],[77.23738557717708,28.667572161200972],[77.23799341769957,28.667291431686113],[77.23839480769873,28.66692388725938],[77.23859933709883,28.666920504624237],[77.23880003066434,28.666736731732296],[77.23900455964427,28.66673334850524],[77.23920525212542,28.66654957506649],[77.23981500022157,28.666359032851144]]},"properties":{"id":"L00238","strahler":4,"length_m":1321.0,"drop_m":9.24,"gradient":0.00699,"area_ha":348.3,"on_drain_share":0.0,"downstream":"L00254"}},{"type":"Feature","geometry":{"type":"LineString","coordinates":[[77.28450159111814,28.665521948352104],[77.28369916022507,28.66625729122001],[77.28360472426806,28.666619785331953],[77.28340411397625,28.666803620292246],[77.28320937081605,28.66725803158803]]},"properties":{"id":"L00215","strahler":2,"length_m":243.8,"drop_m":0.2,"gradient":0.00083,"area_ha":25.83,"on_drain_share":0.0,"downstream":"L00160"}},{"type":"Feature","geometry":{"type":"LineString","coordinates":[[77.28695778959877,28.66557069455873],[77.28615341818956,28.666215859016663],[77.2856421148739,28.6662244943892],[77.28543367793978,28.66604756385455],[77.28492237518363,28.666056196463398],[77.28482207184891,28.666148114864896],[77.28461755049072,28.666151567227153],[77.28431859570158,28.66651751375177],[77.28411407355424,28.66652096539416],[77.28400985588696,28.66643249894245],[77.28320937081605,28.66725803158803]]},"properties":{"id":"L00216","strahler":1,"length_m":481.1,"drop_m":0.68,"gradient":0.00141,"area_ha":13.16,"on_drain_share":0.0,"downstream":"L00160"}},{"type":"Feature","geometry":{"type":"LineString","coordinates":[[77.19541088537298,28.666094044754658],[77.19510408467883,28.66609902061444],[77.1949033113609,28.66628273280564],[77.1949070719168,28.666463128137444],[77.19511536739573,28.666640206535764],[77.19390695227291,28.667562080647386],[77.1936039055174,28.667747448787317],[77.19299217242616,28.667847589910114],[77.19279139207855,28.668031299304843],[77.19227816908653,28.667949384834348],[77.19177433539654,28.668318457536163],[77.19116071947549,28.66832839278605],[77.19085766533873,28.668513755136793],[77.19075351890069,28.668425212633448],[77.19084264978498,28.6677921720359],[77.19042419163499,28.66734780331513]]},"properties":{"id":"L00227","strahler":1,"length_m":772.5,"drop_m":0.22,"gradient":0.00028,"area_ha":21.12,"on_drain_share":0.0,"downstream":"L00221"}},{"type":"Feature","geometry":{"type":"LineString","coordinates":[[77.17374687201924,28.667255753543905],[77.17396817297377,28.66806425872177],[77.17326531420996,28.668707147954937],[77.17183352027075,28.66873013046484],[77.17079221141593,28.667844546360495],[77.16997404901153,28.667857665772843]]},"properties":{"id":"L00225","strahler":2,"length_m":558.7,"drop_m":1.56,"gradient":0.00278,"area_ha":100.85,"on_drain_share":0.0,"downstream":null}},{"type":"Feature","geometry":{"type":"LineString","coordinates":[[77.20392732721983,28.667309060715606],[77.20351825723662,28.667315721023932],[77.20341221445837,28.667136991632],[77.20290087761538,28.667145314833956],[77.20189706681417,28.668063927709365],[77.20169441632046,28.66815745226197],[77.20097853691583,28.668169095501185]]},"properties":{"id":"L00218","strahler":1,"length_m":349.7,"drop_m":1.02,"gradient":0.00291,"area_ha":11.52,"on_drain_share":0.0,"downstream":"L00196"}},{"type":"Feature","geometry":{"type":"LineString","coordinates":[[77.19936725888465,28.664495939442528],[77.20072121083896,28.66564689692443],[77.20072686648142,28.66591748888687],[77.2004238373453,28.66610287143441],[77.20044080253518,28.666914647394083],[77.20064910767665,28.6670917167033],[77.20085364264608,28.667088391060695],[77.20095779563668,28.667176925412377],[77.20117175932772,28.66762458565637],[77.20138006710968,28.667801653678794],[77.2013819530476,28.6678918509322],[77.20097853691583,28.668169095501185]]},"properties":{"id":"L00219","strahler":4,"length_m":553.6,"drop_m":0.19,"gradient":0.00035,"area_ha":854.6,"on_drain_share":0.0,"downstream":"L00196"}},{"type":"Feature","geometry":{"type":"LineString","coordinates":[[77.24474289469659,28.6671796605135],[77.24463870725752,28.66709116191426],[77.24463486143848,28.666910772692642],[77.24443033290396,28.666914164442524],[77.24401166395866,28.66646997375014],[77.24400205240904,28.66601900045062]]},"properties":{"id":"L00241","strahler":1,"length_m":170.7,"drop_m":1.76,"gradient":0.01034,"area_ha":5.88,"on_drain_share":0.0,"downstream":"L00265"}},{"type":"Feature","geometry":{"type":"LineString","coordinates":[[77.1887953959607,28.667735066091538],[77.18899618317056,28.667551362272572],[77.1893029893517,28.667546400021546],[77.1897195678963,28.667900574454542]]},"properties":{"id":"L00220","strahler":1,"length_m":114.9,"drop_m":0.7,"gradient":0.00611,"area_ha":4.59,"on_drain_share":0.0,"downstream":"L00192"}},{"type":"Feature","geometry":{"type":"LineString","coordinates":[[77.19042419163499,28.66734780331513],[77.19032004676106,28.667259260381357],[77.1901155100125,28.667262570131868],[77.18971394006564,28.667629980570677],[77.1897195678963,28.667900574454542]]},"properties":{"id":"L00221","strahler":2,"length_m":120.7,"drop_m":0.6,"gradient":0.00499,"area_ha":27.3,"on_drain_share":0.0,"downstream":"L00192"}},{"type":"Feature","geometry":{"type":"LineString","coordinates":[[77.21303478603312,28.667431139246904],[77.21323931995086,28.66742779486092],[77.21354043183706,28.667152188143724],[77.21394949841435,28.667145497595026]]},"properties":{"id":"L00226","strahler":1,"length_m":102.4,"drop_m":0.62,"gradient":0.00606,"area_ha":5.44,"on_drain_share":0.0,"downstream":"L00246"}},{"type":"Feature","geometry":{"type":"LineString","coordinates":[[77.25711103513795,28.666703292499324],[77.25690650876368,28.666706703070073],[77.25597067908497,28.66600049550072],[77.2559494217491,28.665008362298185],[77.25584329544975,28.66482967876824],[77.25543424958288,28.66483649536594],[77.25501747711785,28.664482534741023],[77.25511007997592,28.664029861057436],[77.25469331191957,28.66367589915505],[77.25468751819668,28.663405317057],[77.25558853946931,28.662488043907153]]},"properties":{"id":"L00287","strahler":1,"length_m":651.8,"drop_m":4.63,"gradient":0.0071,"area_ha":16.08,"on_drain_share":0.0,"downstream":"L00366"}},{"type":"Feature","geometry":{"type":"LineString","coordinates":[[77.23149908566148,28.664962532243926],[77.23170743558357,28.665139551105135],[77.23172272939662,28.66586111453701],[77.23234778797702,28.666392168571935],[77.23265458178443,28.66638710828881],[77.23296711414298,28.666652633326873],[77.23358070293628,28.666642509176395],[77.2338951519916,28.666998227169138],[77.23409776828343,28.666904656059337],[77.23420194723971,28.666993163282914]]},"properties":{"id":"L00224","strahler":2,"length_m":416.3,"drop_m":6.79,"gradient":0.01631,"area_ha":18.31,"on_drain_share":0.0,"downstream":"L00213"}},{"type":"Feature","geometry":{"type":"LineString","coordinates":[[77.26650756041789,28.666004913172795],[77.2667082006271,28.665821101675373],[77.2671172471261,28.66581425081069],[77.26721756658311,28.66572234468041],[77.26773081660708,28.6658039721998],[77.26833078420518,28.665162338726613],[77.26863756682896,28.665157197125602],[77.26895018013312,28.66542263418884],[77.26936311236616,28.66559616282023],[77.26987247403322,28.665497396025657],[77.27070612362537,28.66620521810649],[77.27101290878012,28.6662000709539],[77.27132358525476,28.66637530902197],[77.27172290241279,28.665917479426156],[77.2717112264892,28.665376321779405],[77.27129245505307,28.66493222155515],[77.27128661839488,28.66466164261742],[77.27118241275093,28.664573165546607],[77.27148335597589,28.664297438666726],[77.2717901354092,28.664292290065497],[77.2721933356979,28.66401484539113]]},"properties":{"id":"L00267","strahler":1,"length_m":949.8,"drop_m":1.55,"gradient":0.00163,"area_ha":20.5,"on_drain_share":0.0,"downstream":"L00208"}},{"type":"Feature","geometry":{"type":"LineString","coordinates":[[77.20904069029748,28.66722570271638],[77.2087282126066,28.66696011918668],[77.20842519595506,28.667145519025894],[77.2081146116008,28.666970130829224],[77.20810893673448,28.666699540257255],[77.20861080949349,28.666240213350143]]},"properties":{"id":"L00249","strahler":1,"length_m":219.7,"drop_m":-0.19,"gradient":0.0,"area_ha":6.03,"on_drain_share":0.0,"downstream":"L00256"}},{"type":"Feature","geometry":{"type":"LineString","coordinates":[[77.21394949841435,28.667145497595026],[77.21517669731006,28.667125418543254],[77.21527327052215,28.666853155533623],[77.21598913406808,28.666841437214327],[77.2160895018034,28.666749566489393],[77.2160857049282,28.66656917374395],[77.21638680661263,28.66629356120271],[77.21730909639368,28.666368683100128],[77.21772195852137,28.666542373885157],[77.21782232438593,28.666450501969585],[77.21802685573579,28.66644715045691]]},"properties":{"id":"L00246","strahler":2,"length_m":477.3,"drop_m":4.23,"gradient":0.00886,"area_ha":16.43,"on_drain_share":0.0,"downstream":"L00229"}},{"type":"Feature","geometry":{"type":"LineString","coordinates":[[77.25311697400649,28.666499160709492],[77.25270020183578,28.66614519295698],[77.2524860281812,28.66569762611673]]},"properties":{"id":"L00248","strahler":1,"length_m":114.9,"drop_m":-0.88,"gradient":0.0,"area_ha":5.83,"on_drain_share":0.0,"downstream":"L00251"}},{"type":"Feature","geometry":{"type":"LineString","coordinates":[[77.22263641800754,28.66673244373996],[77.22386741506993,28.666892678017593],[77.22436921576134,28.66643329638887],[77.22467601135772,28.666428254174722],[77.22478018240388,28.666516769124982],[77.22518161858537,28.666149261481134],[77.22559067803381,28.66614253598134],[77.22590700661748,28.66658846992186],[77.22611153711094,28.666585106183703],[77.22642214735673,28.66676045147623],[77.2268312088329,28.666753722098512],[77.22693156645288,28.66666184385407],[77.22785386191013,28.666736893254505]]},"properties":{"id":"L00230","strahler":3,"length_m":608.7,"drop_m":2.26,"gradient":0.00371,"area_ha":70.48,"on_drain_share":0.0,"downstream":"L00205"}},{"type":"Feature","geometry":{"type":"LineString","coordinates":[[77.19052646007518,28.667346148240846],[77.19042419163499,28.66734780331513]]},"properties":{"id":"L00228","strahler":1,"length_m":10.0,"drop_m":0.0,"gradient":0.0,"area_ha":4.02,"on_drain_share":0.0,"downstream":"L00221"}},{"type":"Feature","geometry":{"type":"LineString","coordinates":[[77.21802685573579,28.66644715045691],[77.21812722123317,28.66635527833355],[77.21833555304313,28.66653231884686],[77.21854008448058,28.66652896655031],[77.21854388555253,28.666709358996428],[77.21864805206953,28.666797878934815],[77.22120469843037,28.6667559467966],[77.22130886708973,28.666844464559443],[77.22171793031563,28.666837750609655]]},"properties":{"id":"L00229","strahler":3,"length_m":400.7,"drop_m":2.87,"gradient":0.00716,"area_ha":37.34,"on_drain_share":0.0,"downstream":"L00232"}},{"type":"Feature","geometry":{"type":"LineString","coordinates":[[77.22171793031563,28.666837750609655],[77.22263641800754,28.66673244373996]]},"properties":{"id":"L00232","strahler":3,"length_m":94.1,"drop_m":1.09,"gradient":0.01153,"area_ha":53.7,"on_drain_share":0.0,"downstream":"L00230"}},{"type":"Feature","geometry":{"type":"LineString","coordinates":[[77.25229500878301,28.666332388637173],[77.25249374635665,28.66605840267042],[77.2524860281812,28.66569762611673]]},"properties":{"id":"L00247","strahler":1,"length_m":78.3,"drop_m":-0.12,"gradient":0.0,"area_ha":5.18,"on_drain_share":0.0,"downstream":"L00251"}},{"type":"Feature","geometry":{"type":"LineString","coordinates":[[77.21036448042597,28.666933407896064],[77.21005200052922,28.666667827549496],[77.20974520119124,28.666672836670543],[77.20932667210278,28.666228530478392],[77.21013344054836,28.665673993523104]]},"properties":{"id":"L00253","strahler":1,"length_m":243.8,"drop_m":-1.12,"gradient":0.0,"area_ha":5.64,"on_drain_share":0.0,"downstream":"L00283"}},{"type":"Feature","geometry":{"type":"LineString","coordinates":[[77.21687344706656,28.665112634927695],[77.21707797595056,28.66510928499059],[77.2174832346046,28.66492219157243],[77.21809681978883,28.66491213813344],[77.21809871981367,28.665002334405827],[77.21851537836376,28.665356415522076],[77.21882217204475,28.665351386742053],[77.21934109919455,28.665703788655083],[77.21975015853793,28.66569708089256],[77.22037325751225,28.666137997537604],[77.22057398343665,28.66595424999318],[77.22108530838148,28.665945860375295],[77.22129364398666,28.666122896112974],[77.22130125546829,28.666483680346744],[77.22171793031563,28.666837750609655]]},"properties":{"id":"L00231","strahler":1,"length_m":615.3,"drop_m":2.03,"gradient":0.0033,"area_ha":15.8,"on_drain_share":0.0,"downstream":"L00232"}},{"type":"Feature","geometry":{"type":"LineString","coordinates":[[77.22544075476416,28.663889321975248],[77.22554301742757,28.663887640641057],[77.22616803441778,28.664418725747677],[77.22617756898659,28.664869704654308],[77.2258745916071,28.665055141611386],[77.2261890107581,28.66541087929875],[77.22619663878092,28.66577166236869],[77.22713037329248,28.666387891468776],[77.22754134134998,28.666471355704942],[77.22785386191013,28.666736893254505]]},"properties":{"id":"L00233","strahler":1,"length_m":481.1,"drop_m":7.21,"gradient":0.01498,"area_ha":9.3,"on_drain_share":0.0,"downstream":"L00205"}},{"type":"Feature","geometry":{"type":"LineString","coordinates":[[77.25965406177218,28.666029278532722],[77.25975825989372,28.66611776493113],[77.26016730951368,28.666110934994776],[77.26027150812416,28.66619942096807]]},"properties":{"id":"L00235","strahler":1,"length_m":68.3,"drop_m":-0.15,"gradient":0.0,"area_ha":5.48,"on_drain_share":0.0,"downstream":"L00200"}},{"type":"Feature","geometry":{"type":"LineString","coordinates":[[77.26169349460402,28.665724537484312],[77.26159317002403,28.665816439788458],[77.26087733580293,28.66582839879246],[77.26077313710651,28.665739913289375],[77.26027150812416,28.66619942096807]]},"properties":{"id":"L00236","strahler":1,"length_m":169.0,"drop_m":0.09,"gradient":0.00056,"area_ha":6.55,"on_drain_share":0.0,"downstream":"L00200"}},{"type":"Feature","geometry":{"type":"LineString","coordinates":[[77.22190913795829,28.666203021048272],[77.22201140311341,28.666201342257438],[77.22263641800754,28.66673244373996]]},"properties":{"id":"L00237","strahler":1,"length_m":94.9,"drop_m":2.02,"gradient":0.02134,"area_ha":4.5,"on_drain_share":0.0,"downstream":"L00230"}},{"type":"Feature","geometry":{"type":"LineString","coordinates":[[77.23981500022157,28.666359032851144],[77.24102297096951,28.665436771419337],[77.24143394326795,28.66552019305112],[77.24183531420438,28.665152639369207]]},"properties":{"id":"L00254","strahler":5,"length_m":262.1,"drop_m":0.76,"gradient":0.00291,"area_ha":629.13,"on_drain_share":0.0,"downstream":"L00268"}},{"type":"Feature","geometry":{"type":"LineString","coordinates":[[77.247278328065,28.666145096241138],[77.24737866620384,28.66605320384271],[77.24737481585825,28.66587281493313],[77.24706225197845,28.665607325050544],[77.24705647739269,28.665336741607497],[77.24695229007122,28.665248244774865],[77.24613418993525,28.66526182320637],[77.24581970714596,28.664906135594453],[77.2458158596527,28.664725746461],[77.24550330306306,28.664460252525373]]},"properties":{"id":"L00266","strahler":1,"length_m":315.6,"drop_m":2.61,"gradient":0.00826,"area_ha":6.81,"on_drain_share":0.0,"downstream":"L00275"}},{"type":"Feature","geometry":{"type":"LineString","coordinates":[[77.2785236491879,28.66345730493064],[77.2789385391504,28.66372099644001],[77.27965239744867,28.663618750303456],[77.27975660873736,28.663707220511576],[77.28026790193782,28.66369860804993],[77.280476325824,28.66387554735704],[77.28108987830979,28.66386520885573],[77.28202779868622,28.66466142670884],[77.28253909570708,28.66465280541111],[77.2829559553215,28.665006675968403],[77.28316047469444,28.665003226241122],[77.2833689058643,28.665180160637867],[77.28428924400964,28.665164631543714],[77.28449767729045,28.665341564071472],[77.28450159111814,28.665521948352104]]},"properties":{"id":"L00242","strahler":1,"length_m":699.4,"drop_m":5.13,"gradient":0.00734,"area_ha":20.12,"on_drain_share":0.0,"downstream":"L00215"}},{"type":"Feature","geometry":{"type":"LineString","coordinates":[[77.28470219709318,28.66533811197911],[77.28450159111814,28.665521948352104]]},"properties":{"id":"L00243","strahler":1,"length_m":28.3,"drop_m":0.26,"gradient":0.0093,"area_ha":4.33,"on_drain_share":0.0,"downstream":"L00215"}},{"type":"Feature","geometry":{"type":"LineString","coordinates":[[77.17322621558951,28.666812969941315],[77.17332848468466,28.666811327883163],[77.17374687201924,28.667255753543905]]},"properties":{"id":"L00244","strahler":1,"length_m":76.6,"drop_m":-0.57,"gradient":0.0,"area_ha":5.96,"on_drain_share":0.0,"downstream":"L00225"}},{"type":"Feature","geometry":{"type":"LineString","coordinates":[[77.17454453599711,28.666250423820085],[77.17394209907602,28.666801473914116],[77.17374687201924,28.667255753543905]]},"properties":{"id":"L00245","strahler":2,"length_m":143.1,"drop_m":-0.26,"gradient":0.0,"area_ha":75.17,"on_drain_share":0.0,"downstream":"L00225"}},{"type":"Feature","geometry":{"type":"LineString","coordinates":[[77.24400205240904,28.66601900045062],[77.24460794169413,28.665648047993407],[77.24520998009153,28.665096703842632],[77.24520805684733,28.665006509241316],[77.2455109969299,28.664821030878635],[77.24550330306306,28.664460252525373]]},"properties":{"id":"L00265","strahler":2,"length_m":249.7,"drop_m":1.29,"gradient":0.00516,"area_ha":93.88,"on_drain_share":0.0,"downstream":"L00275"}},{"type":"Feature","geometry":{"type":"LineString","coordinates":[[77.2524860281812,28.66569762611673],[77.25206926136207,28.665343656085412],[77.25196699914355,28.665345357528462]]},"properties":{"id":"L00251","strahler":2,"length_m":66.6,"drop_m":2.51,"gradient":0.03767,"area_ha":11.73,"on_drain_share":0.0,"downstream":null}},{"type":"Feature","geometry":{"type":"LineString","coordinates":[[77.17752337564636,28.66683413578316],[77.17700270654284,28.666391367436297],[77.17710310993805,28.666299523807886],[77.17709751488867,28.666028927579237],[77.1768892490817,28.665851819712593]]},"properties":{"id":"L00261","strahler":1,"length_m":143.1,"drop_m":-2.73,"gradient":0.0,"area_ha":6.37,"on_drain_share":0.0,"downstream":"L00255"}},{"type":"Feature","geometry":{"type":"LineString","coordinates":[[77.20840627724122,28.66624355061923],[77.20861080949349,28.666240213350143]]},"properties":{"id":"L00250","strahler":1,"length_m":20.0,"drop_m":0.02,"gradient":0.00121,"area_ha":4.21,"on_drain_share":0.0,"downstream":"L00256"}},{"type":"Feature","geometry":{"type":"LineString","coordinates":[[77.20861080949349,28.666240213350143],[77.20901419687527,28.665962947450407],[77.20942326008735,28.66595627082685],[77.20952363310936,28.665864404694595],[77.20972816447102,28.665861065778127],[77.20992890960596,28.665677333031827],[77.21013344054836,28.665673993523104]]},"properties":{"id":"L00256","strahler":2,"length_m":174.9,"drop_m":0.02,"gradient":0.00014,"area_ha":11.85,"on_drain_share":0.0,"downstream":"L00283"}},{"type":"Feature","geometry":{"type":"LineString","coordinates":[[77.24941236767566,28.66547806287309],[77.24940851393937,28.665297674200573],[77.24970951964522,28.665021992482043],[77.2497056654729,28.664841603834287],[77.24980600020137,28.664749709806525]]},"properties":{"id":"L00259","strahler":1,"length_m":96.6,"drop_m":0.02,"gradient":0.00021,"area_ha":5.4,"on_drain_share":0.0,"downstream":"L00290"}},{"type":"Feature","geometry":{"type":"LineString","coordinates":[[77.1840610790048,28.666367887490143],[77.18436788275213,28.666362936606564],[77.18446827931291,28.666271087860416],[77.18477508269477,28.66626613606954],[77.1848792221591,28.66635468359104]]},"properties":{"id":"L00252","strahler":1,"length_m":88.3,"drop_m":-1.69,"gradient":0.0,"area_ha":8.46,"on_drain_share":0.0,"downstream":null}},{"type":"Feature","geometry":{"type":"LineString","coordinates":[[77.24030712918656,28.665448621545696],[77.24050973620496,28.66535504129347],[77.24112331427222,28.665344883385924],[77.24132400035312,28.66516110712156],[77.24183531420438,28.665152639369207]]},"properties":{"id":"L00257","strahler":1,"length_m":162.4,"drop_m":0.0,"gradient":0.0,"area_ha":14.56,"on_drain_share":0.0,"downstream":"L00268"}},{"type":"Feature","geometry":{"type":"LineString","coordinates":[[77.265745147266,28.66385225847209],[77.26575096949614,28.664122838482978],[77.26545583239762,28.664669133476767],[77.26566617581462,28.664936290209717],[77.26627974079962,28.66492601845997],[77.26638394296513,28.665014499515923],[77.2665884647125,28.665011074815332],[77.26729069566652,28.664367733318382],[77.2679042566488,28.66435745439415],[77.26821492280001,28.66453270024423],[77.26851781730997,28.664347172693464],[77.26882848434951,28.664522417078764],[77.2689268575723,28.664340316683862],[77.26913137764991,28.66433688821633],[77.2692316939244,28.664244980752],[77.26954236172017,28.66442022345017],[77.27044519913527,28.663593051314606],[77.27064971754656,28.663589620635538],[77.27075003174816,28.663497712150615]]},"properties":{"id":"L00273","strahler":1,"length_m":766.7,"drop_m":2.96,"gradient":0.00387,"area_ha":14.32,"on_drain_share":0.0,"downstream":"L00269"}},{"type":"Feature","geometry":{"type":"LineString","coordinates":[[77.1768892490817,28.665851819712593],[77.17607110547173,28.66586497512954],[77.17556722020537,28.666233990104573],[77.17454453599711,28.666250423820085]]},"properties":{"id":"L00255","strahler":2,"length_m":246.6,"drop_m":0.13,"gradient":0.00054,"area_ha":57.96,"on_drain_share":0.0,"downstream":"L00245"}},{"type":"Feature","geometry":{"type":"LineString","coordinates":[[77.21013344054836,28.665673993523104],[77.21084740470307,28.665572106106055],[77.21155378941096,28.665109428324005],[77.21206511338313,28.665101072989202],[77.21236622230111,28.66482546899493],[77.2127733847161,28.664728585887342],[77.21297222659268,28.664454652411795],[77.21348354689579,28.664446291895306],[77.21378465012323,28.664170685025805],[77.21419370505545,28.664163994373308],[77.21439443889714,28.66398025556306],[77.21480349292095,28.6639735631092],[77.21561400931445,28.66359938873993]]},"properties":{"id":"L00283","strahler":2,"length_m":637.0,"drop_m":2.24,"gradient":0.00351,"area_ha":27.38,"on_drain_share":0.0,"downstream":"L00304"}},{"type":"Feature","geometry":{"type":"LineString","coordinates":[[77.23038183119269,28.66534185484688],[77.23098394700986,28.66479056995465],[77.23129073643877,28.664785513018685],[77.23149908566148,28.664962532243926]]},"properties":{"id":"L00263","strahler":1,"length_m":143.1,"drop_m":-2.98,"gradient":0.0,"area_ha":8.52,"on_drain_share":0.0,"downstream":"L00224"}},{"type":"Feature","geometry":{"type":"LineString","coordinates":[[77.24183531420438,28.665152639369207],[77.24223668234337,28.664785084633817],[77.2430547809672,28.664771529952873],[77.24345614322917,28.664403971897777]]},"properties":{"id":"L00268","strahler":5,"length_m":193.1,"drop_m":0.0,"gradient":0.0,"area_ha":646.31,"on_drain_share":0.0,"downstream":"L00277"}},{"type":"Feature","geometry":{"type":"LineString","coordinates":[[77.17274268997991,28.663211576701634],[77.17345854922392,28.663200084545924],[77.17408331584743,28.663731424880638],[77.17428784792959,28.66372813971432],[77.17460023407519,28.663993808157965],[77.17461327324304,28.664625200579255],[77.17492379992622,28.664800669159632],[77.17492938910755,28.665071265828985],[77.17462817566238,28.665346791839085],[77.17463935283617,28.665887985228814],[77.17474534690507,28.66606673992558],[77.17454453599711,28.666250423820085]]},"properties":{"id":"L00258","strahler":1,"length_m":510.4,"drop_m":16.83,"gradient":0.03297,"area_ha":12.28,"on_drain_share":0.0,"downstream":"L00245"}},{"type":"Feature","geometry":{"type":"LineString","coordinates":[[77.24991018924162,28.664838204340697],[77.24980600020137,28.664749709806525]]},"properties":{"id":"L00260","strahler":1,"length_m":14.1,"drop_m":0.0,"gradient":0.0,"area_ha":4.29,"on_drain_share":0.0,"downstream":"L00290"}},{"type":"Feature","geometry":{"type":"LineString","coordinates":[[77.24980600020137,28.664749709806525],[77.24938924578875,28.664395730758795],[77.24908246130092,28.66440082863167],[77.24887408561499,28.664223838060497],[77.24846504013593,28.66423063347694],[77.24794410555198,28.663788153785852],[77.24794025459941,28.66360776488609],[77.24763347210029,28.66361285934894],[77.24742510034692,28.663435866303633],[77.24731706491723,28.66316698065554],[77.24801940939312,28.66252373314396]]},"properties":{"id":"L00290","strahler":2,"length_m":437.0,"drop_m":5.11,"gradient":0.01168,"area_ha":15.31,"on_drain_share":0.0,"downstream":"L00322"}},{"type":"Feature","geometry":{"type":"LineString","coordinates":[[77.17818887720287,28.66438725257986],[77.17829300950821,28.664475805595064],[77.17830047320558,28.664836600359298],[77.1787170057116,28.66519081139398],[77.1787188720414,28.66528101005199],[77.17851806988342,28.665464699409387],[77.17800673262536,28.66547292817266],[77.17770366113855,28.665658261934254],[77.17739685807918,28.665663197608936],[77.17719605279416,28.665846885158338],[77.1768892490817,28.665851819712593]]},"properties":{"id":"L00262","strahler":2,"length_m":325.6,"drop_m":5.35,"gradient":0.01642,"area_ha":48.9,"on_drain_share":0.0,"downstream":"L00255"}},{"type":"Feature","geometry":{"type":"LineString","coordinates":[[77.18619559402241,28.66570182934709],[77.1865971700944,28.665334428988956],[77.18700998391743,28.665508216524945],[77.18741905141825,28.665501606465178],[77.18761983718377,28.665317904733968],[77.18802890377862,28.66531129287201],[77.18893992774781,28.66484542145068],[77.18934899214636,28.664838805700505],[77.18945313371754,28.664927349585792],[77.19037165253985,28.664822260925288],[77.19078822302636,28.665176432589806],[77.1910950219222,28.665171466653405],[77.19380547100342,28.662691402361933],[77.19411226204161,28.662686429982706],[77.19471456502099,28.662135296762074],[77.1957371954908,28.662118712893605],[77.19594548316597,28.66229579051131],[77.19615000947142,28.662292472478832]]},"properties":{"id":"L00319","strahler":1,"length_m":1203.7,"drop_m":1.7,"gradient":0.00141,"area_ha":35.12,"on_drain_share":0.0,"downstream":"L00313"}},{"type":"Feature","geometry":{"type":"LineString","coordinates":[[77.20785522916701,28.664357757707428],[77.2075522180108,28.66454315533075],[77.20704089518647,28.66455149347814],[77.2068420370896,28.664825419087382],[77.20633071265007,28.664833754628116],[77.20612996236201,28.665017482311573],[77.20592543214103,28.66502081570418],[77.2058250565425,28.665112679304976],[77.20510919982301,28.66512434325273],[77.20460353881418,28.665403263605818],[77.20409221079753,28.665411590847484],[77.20326276145838,28.664883727375656],[77.20275143550114,28.66489204941742],[77.202647283495,28.664803516378033]]},"properties":{"id":"L00271","strahler":1,"length_m":590.4,"drop_m":3.63,"gradient":0.00614,"area_ha":13.52,"on_drain_share":0.0,"downstream":"L00279"}},{"type":"Feature","geometry":{"type":"LineString","coordinates":[[77.28856062177654,28.664009777098677],[77.28976418581104,28.662906721975393],[77.28996870013319,28.66290326219709]]},"properties":{"id":"L00280","strahler":1,"length_m":189.7,"drop_m":1.46,"gradient":0.00768,"area_ha":6.83,"on_drain_share":0.0,"downstream":null}},{"type":"Feature","geometry":{"type":"LineString","coordinates":[[77.23190049141463,28.664595006207602],[77.23149908566148,28.664962532243926]]},"properties":{"id":"L00264","strahler":1,"length_m":56.6,"drop_m":-1.77,"gradient":0.0,"area_ha":5.09,"on_drain_share":0.0,"downstream":"L00224"}},{"type":"Feature","geometry":{"type":"LineString","coordinates":[[77.24171192894521,28.664162190027195],[77.24222515843302,28.664243915876504],[77.24253770661184,28.664509417890972],[77.24345614322917,28.664403971897777]]},"properties":{"id":"L00270","strahler":1,"length_m":190.7,"drop_m":-1.95,"gradient":0.0,"area_ha":5.04,"on_drain_share":0.0,"downstream":"L00277"}},{"type":"Feature","geometry":{"type":"LineString","coordinates":[[77.24550330306306,28.664460252525373],[77.245188824891,28.66410456315553],[77.24518497860572,28.66392417392253],[77.24548791575329,28.66373869575549]]},"properties":{"id":"L00275","strahler":2,"length_m":110.7,"drop_m":2.95,"gradient":0.02663,"area_ha":101.36,"on_drain_share":0.0,"downstream":"L00284"}},{"type":"Feature","geometry":{"type":"LineString","coordinates":[[77.27075003174816,28.663497712150615],[77.27126132713838,28.663489133749657],[77.27178429762749,28.664021711195804],[77.2721933356979,28.66401484539113]]},"properties":{"id":"L00269","strahler":2,"length_m":170.7,"drop_m":0.55,"gradient":0.00324,"area_ha":23.76,"on_drain_share":0.0,"downstream":"L00208"}},{"type":"Feature","geometry":{"type":"LineString","coordinates":[[77.24345614322917,28.664403971897777],[77.24376292891266,28.664398886769945],[77.24386326875234,28.664306996879144],[77.24457910103119,28.66429512838565],[77.24518113235574,28.663743784684254],[77.24548791575329,28.66373869575549]]},"properties":{"id":"L00277","strahler":5,"length_m":229.0,"drop_m":0.5,"gradient":0.00217,"area_ha":654.08,"on_drain_share":0.0,"downstream":"L00284"}},{"type":"Feature","geometry":{"type":"LineString","coordinates":[[77.26880710722948,28.663530292490794],[77.26890936649501,28.66352857843014],[77.26911971580252,28.66379572946898],[77.26972744029794,28.66351486316851],[77.27075003174816,28.663497712150615]]},"properties":{"id":"L00274","strahler":1,"length_m":220.7,"drop_m":1.35,"gradient":0.00613,"area_ha":6.63,"on_drain_share":0.0,"downstream":"L00269"}},{"type":"Feature","geometry":{"type":"LineString","coordinates":[[77.202647283495,28.664803516378033],[77.20244086660378,28.66471664725809],[77.20182727606239,28.66472662969987],[77.20089180762713,28.664020019525182],[77.20058501410396,28.66402500747347],[77.20017030216613,28.663761064853155],[77.20006803786876,28.663762727021215],[77.19936537493689,28.66440574202155],[77.19936725888465,28.664495939442528]]},"properties":{"id":"L00279","strahler":2,"length_m":408.7,"drop_m":0.63,"gradient":0.00155,"area_ha":54.41,"on_drain_share":0.0,"downstream":"L00219"}},{"type":"Feature","geometry":{"type":"LineString","coordinates":[[77.20536499092431,28.6626840242035],[77.20506386830506,28.662959613362638],[77.20485934193204,28.66296294492724],[77.20465859226067,28.66314667041939],[77.20466048064183,28.663236867535456],[77.20415860300993,28.663696180134398],[77.20416237901078,28.6638765744114],[77.20315860905839,28.664795194752948],[77.202647283495,28.664803516378033]]},"properties":{"id":"L00272","strahler":2,"length_m":382.8,"drop_m":3.35,"gradient":0.00874,"area_ha":31.64,"on_drain_share":0.0,"downstream":"L00279"}},{"type":"Feature","geometry":{"type":"LineString","coordinates":[[77.19916272874401,28.664499262566316],[77.19936725888465,28.664495939442528]]},"properties":{"id":"L00276","strahler":1,"length_m":20.0,"drop_m":0.31,"gradient":0.0153,"area_ha":4.16,"on_drain_share":0.0,"downstream":"L00219"}},{"type":"Feature","geometry":{"type":"LineString","coordinates":[[77.24548791575329,28.66373869575549],[77.24578892818921,28.66346302237893],[77.24599344983262,28.66345962894927],[77.24649513276695,28.663000171297337]]},"properties":{"id":"L00284","strahler":5,"length_m":133.1,"drop_m":0.0,"gradient":0.0,"area_ha":755.9,"on_drain_share":0.0,"downstream":"L00289"}},{"type":"Feature","geometry":{"type":"LineString","coordinates":[[77.19800768841012,28.66307437405215],[77.19884086562531,28.663782667021408],[77.19884463253413,28.663963061942322],[77.19936725888465,28.664495939442528]]},"properties":{"id":"L00278","strahler":4,"length_m":213.8,"drop_m":0.75,"gradient":0.00353,"area_ha":784.35,"on_drain_share":0.0,"downstream":"L00219"}},{"type":"Feature","geometry":{"type":"LineString","coordinates":[[77.2513129284879,28.663461485739585],[77.25100036292402,28.663196005024616],[77.2509926507774,28.662835227947244],[77.25067816021625,28.662479552024923],[77.25148273746213,28.661834587594328],[77.25158499630705,28.66183288670674],[77.25248796277828,28.661005827470845]]},"properties":{"id":"L00321","strahler":1,"length_m":381.1,"drop_m":5.29,"gradient":0.01388,"area_ha":5.27,"on_drain_share":0.0,"downstream":"L00367"}},{"type":"Feature","geometry":{"type":"LineString","coordinates":[[77.24149396552092,28.663534213138163],[77.24343500515211,28.663411829914246],[77.24353534441603,28.663319940290776],[77.2439443877452,28.66331315996044],[77.24404857067033,28.66340165938087],[77.24507117916123,28.66338470232193],[77.24527185443465,28.66320092074315],[77.24568089681385,28.663194135193592],[77.24578123380337,28.663102244022244],[77.24649513276695,28.663000171297337]]},"properties":{"id":"L00286","strahler":1,"length_m":519.0,"drop_m":0.0,"gradient":0.0,"area_ha":13.2,"on_drain_share":0.0,"downstream":"L00289"}},{"type":"Feature","geometry":{"type":"LineString","coordinates":[[77.17621412461648,28.66288512574015],[77.17642238314141,28.663062235096646],[77.17642797576931,28.663332831565505],[77.1763275744009,28.663424674609107],[77.17643729698705,28.663783825654],[77.17685381920678,28.664138043040772],[77.17777234973018,28.664033039612004],[77.17818887720287,28.66438725257986]]},"properties":{"id":"L00281","strahler":1,"length_m":323.8,"drop_m":3.36,"gradient":0.01038,"area_ha":8.46,"on_drain_share":0.0,"downstream":"L00262"}},{"type":"Feature","geometry":{"type":"LineString","coordinates":[[77.17827808252471,28.663754216003557],[77.17818887720287,28.66438725257986]]},"properties":{"id":"L00282","strahler":2,"length_m":74.1,"drop_m":-2.56,"gradient":0.0,"area_ha":30.36,"on_drain_share":0.0,"downstream":"L00262"}},{"type":"Feature","geometry":{"type":"LineString","coordinates":[[77.21561400931445,28.66359938873993],[77.21643211358872,28.663585995392825],[77.21673320632748,28.663310382487452],[77.21826714601148,28.663285253466345],[77.21846787074564,28.663101509072746],[77.21867239550399,28.663098156941835],[77.21917800486369,28.662819186566587],[77.22009836309118,28.662804094857357],[77.22019872342165,28.66271222144219],[77.22040324718387,28.66270886673886],[77.22080849027842,28.662521764131753],[77.22120992691505,28.662154268149788]]},"properties":{"id":"L00304","strahler":2,"length_m":612.1,"drop_m":0.92,"gradient":0.00151,"area_ha":45.95,"on_drain_share":0.0,"downstream":"L00305"}},{"type":"Feature","geometry":{"type":"LineString","coordinates":[[77.26242825901035,28.66183254243614],[77.2622276179685,28.66201634767754],[77.26192084312753,28.66202147424592],[77.26151568381837,28.66220869584355],[77.26111439631269,28.66257630359682],[77.26070536068458,28.662583135626527],[77.26030213284616,28.662860547504565],[77.26009761438321,28.66286396247788],[77.25988728900163,28.662596795984186],[77.25988148219852,28.662326214813763],[77.25925631941652,28.661795294123323],[77.2592505144266,28.661524712802837],[77.25882987471144,28.66099037614587],[77.25882794013546,28.6609001823364],[77.25963051736333,28.6601649789972],[77.25973277401283,28.660163272048223],[77.25972696819181,28.65989269075168],[77.25982728922695,28.659800789982853],[77.25982535389255,28.65971059621972],[77.25899182725222,28.659002699455947],[77.25918859950973,28.6586385113109],[77.2591827954527,28.658367929851654]]},"properties":{"id":"L00370","strahler":1,"length_m":914.0,"drop_m":13.2,"gradient":0.01445,"area_ha":23.78,"on_drain_share":0.0,"downstream":"L00418"}},{"type":"Feature","geometry":{"type":"LineString","coordinates":[[77.18319431058983,28.664035928377746],[77.18339884202085,28.664032629419488],[77.18380229303611,28.663755435468264],[77.18431361998013,28.663747185272047],[77.18441775644037,28.663835733335528],[77.18493095510671,28.663917679096567],[77.18543666653794,28.663638829778304],[77.18574346205536,28.663633876207847],[77.18616001297595,28.663988063283302],[77.18636454390852,28.66398475985104],[77.18676985942862,28.663797755679276],[77.18707665513523,28.663792799063593],[77.18767900307604,28.663241694905437],[77.18839672985419,28.66332032188867],[77.18869789968394,28.663044767411524],[77.1889024284378,28.663041460245505],[77.18940437369685,28.662582200751082]]},"properties":{"id":"L00308","strahler":1,"length_m":730.1,"drop_m":-0.13,"gradient":0.0,"area_ha":12.82,"on_drain_share":0.0,"downstream":"L00324"}},{"type":"Feature","geometry":{"type":"LineString","coordinates":[[77.21273737277025,28.663014850230905],[77.2129400027016,28.662921310149176],[77.21345131557402,28.66291295016174],[77.21365963280132,28.663089998766846],[77.21457999683992,28.663074944429933],[77.21488109335316,28.66279933544153],[77.2150856180225,28.6627959887595],[77.21539999518406,28.663151754014457],[77.21540568794272,28.663422343392973],[77.21561400931445,28.66359938873993]]},"properties":{"id":"L00285","strahler":1,"length_m":365.6,"drop_m":7.98,"gradient":0.02183,"area_ha":8.96,"on_drain_share":0.0,"downstream":"L00304"}},{"type":"Feature","geometry":{"type":"LineString","coordinates":[[77.24649513276695,28.663000171297337],[77.24700450970028,28.662901490085336],[77.24740585066182,28.662533921383158]]},"properties":{"id":"L00289","strahler":5,"length_m":110.7,"drop_m":0.0,"gradient":0.0,"area_ha":769.63,"on_drain_share":0.0,"downstream":"L00294"}},{"type":"Feature","geometry":{"type":"LineString","coordinates":[[77.25600530534653,28.662842003203316],[77.25558853946931,28.662488043907153]]},"properties":{"id":"L00288","strahler":1,"length_m":56.6,"drop_m":-1.1,"gradient":0.0,"area_ha":7.5,"on_drain_share":0.0,"downstream":"L00366"}},{"type":"Feature","geometry":{"type":"LineString","coordinates":[[77.27448880564786,28.66135975171896],[77.27489198756244,28.661082299925017],[77.2754091161207,28.66134428485245],[77.27561362946068,28.66134084692277],[77.27623496733791,28.661691302134628],[77.27766656385731,28.66166722115423],[77.27829181254968,28.662198051576517],[77.27839406984738,28.662196330427015],[77.27879334018763,28.66173848233032],[77.27930462417754,28.66172987404403],[77.27960553721744,28.661454130648316],[77.28042749504282,28.661620736581344],[77.28084433527589,28.661974614874058],[77.28124554747218,28.661606952578786],[77.28123968605769,28.661336375384032],[77.28153863864166,28.660970435633907],[77.28153277662904,28.660699858469087],[77.2821345832402,28.660148362091054],[77.28233322943214,28.659874337090084],[77.2823293202319,28.65969395238576],[77.28273051880474,28.659326286358173]]},"properties":{"id":"L00339","strahler":2,"length_m":1118.8,"drop_m":6.18,"gradient":0.00552,"area_ha":34.59,"on_drain_share":0.0,"downstream":"L00368"}},{"type":"Feature","geometry":{"type":"LineString","coordinates":[[77.25558853946931,28.662488043907153],[77.25506951750467,28.662135786765052],[77.2542514461105,28.662149412885515],[77.25342179398044,28.661621869271226],[77.25633124711713,28.658956844896704],[77.2563254503207,28.658686262916035]]},"properties":{"id":"L00366","strahler":2,"length_m":691.5,"drop_m":4.75,"gradient":0.00687,"area_ha":30.89,"on_drain_share":0.0,"downstream":"L00386"}},{"type":"Feature","geometry":{"type":"LineString","coordinates":[[77.17774436928555,28.66268005850107],[77.17795262979237,28.66285716538956],[77.17796568843724,28.6634885565073],[77.17827808252471,28.663754216003557]]},"properties":{"id":"L00291","strahler":2,"length_m":140.7,"drop_m":4.82,"gradient":0.03424,"area_ha":21.88,"on_drain_share":0.0,"downstream":"L00282"}},{"type":"Feature","geometry":{"type":"LineString","coordinates":[[77.18039204538876,28.662096065251852],[77.18039764798822,28.662366661043308],[77.1801968541411,28.66255035250679],[77.17958326706645,28.6625602334828],[77.1793806046662,28.66265372517761],[77.17827808252471,28.663754216003557]]},"properties":{"id":"L00292","strahler":1,"length_m":308.0,"drop_m":9.33,"gradient":0.0303,"area_ha":8.12,"on_drain_share":0.0,"downstream":"L00282"}},{"type":"Feature","geometry":{"type":"LineString","coordinates":[[77.24679229161231,28.662544106845978],[77.24740585066182,28.662533921383158]]},"properties":{"id":"L00293","strahler":1,"length_m":60.0,"drop_m":0.0,"gradient":0.0,"area_ha":6.06,"on_drain_share":0.0,"downstream":"L00294"}},{"type":"Feature","geometry":{"type":"LineString","coordinates":[[77.24740585066182,28.662533921383158],[77.24801940939312,28.66252373314396]]},"properties":{"id":"L00294","strahler":5,"length_m":60.0,"drop_m":0.0,"gradient":0.0,"area_ha":778.6,"on_drain_share":0.0,"downstream":"L00322"}},{"type":"Feature","geometry":{"type":"LineString","coordinates":[[77.24801940939312,28.66252373314396],[77.2484284483705,28.662516939442057],[77.24893011582675,28.66205747354387],[77.24913463429988,28.662054075522224],[77.24933529967373,28.661870288419227],[77.24974433574384,28.661863490884148],[77.25004725845135,28.661678003233504],[77.25025177603061,28.661674603565842],[77.25045243865848,28.661490814945473],[77.25075921438349,28.66148571444086],[77.25146923916904,28.661203227777953],[77.25248796277828,28.661005827470845]]},"properties":{"id":"L00322","strahler":5,"length_m":506.3,"drop_m":0.0,"gradient":0.0,"area_ha":813.39,"on_drain_share":0.0,"downstream":"L00367"}},{"type":"Feature","geometry":{"type":"LineString","coordinates":[[77.20801247596677,28.66209949872104],[77.20760342733968,28.662106170265346],[77.20740268427468,28.662289899499473],[77.20741024698022,28.662650687333173],[77.20710345879314,28.662655689830526],[77.20680234107473,28.662931282606888],[77.20639328888394,28.662937950672458],[77.20618309376322,28.662670693157597],[77.20597856810555,28.662674026381847],[77.20587819465051,28.662765889926504],[77.20577404241317,28.662677359297586],[77.20536499092431,28.6626840242035]]},"properties":{"id":"L00297","strahler":1,"length_m":347.3,"drop_m":8.22,"gradient":0.02366,"area_ha":11.32,"on_drain_share":0.0,"downstream":"L00272"}},{"type":"Feature","geometry":{"type":"LineString","coordinates":[[77.19697187781547,28.662459592451864],[77.19727866752604,28.66245461293646],[77.19800768841012,28.66307437405215]]},"properties":{"id":"L00295","strahler":4,"length_m":129.0,"drop_m":-0.78,"gradient":0.0,"area_ha":729.18,"on_drain_share":0.0,"downstream":"L00278"}},{"type":"Feature","geometry":{"type":"LineString","coordinates":[[77.19860997185171,28.662523224508053],[77.19800768841012,28.66307437405215]]},"properties":{"id":"L00296","strahler":2,"length_m":84.9,"drop_m":1.27,"gradient":0.01492,"area_ha":53.1,"on_drain_share":0.0,"downstream":"L00278"}},{"type":"Feature","geometry":{"type":"LineString","coordinates":[[77.27378079779461,28.66173254865147],[77.27408756926933,28.66172739526596],[77.27448880564786,28.66135975171896]]},"properties":{"id":"L00303","strahler":1,"length_m":86.6,"drop_m":-3.28,"gradient":0.0,"area_ha":7.18,"on_drain_share":0.0,"downstream":"L00339"}},{"type":"Feature","geometry":{"type":"LineString","coordinates":[[77.22120992691505,28.662154268149788],[77.22141444945362,28.662150911978873],[77.22151861344491,28.662239429877392],[77.2224370616222,28.66213412649679],[77.22285181788551,28.662397998195782],[77.22326086341728,28.662391280534425],[77.22336122045235,28.662299404941745],[77.22417931032686,28.66228596535003],[77.22468108903362,28.661826583562778],[77.22509013183775,28.66181986049855],[77.22519429837256,28.661908375418207],[77.22580786278813,28.66189828800787],[77.22612036485728,28.662163830720193],[77.22632488673104,28.662160467132782]]},"properties":{"id":"L00305","strahler":2,"length_m":562.1,"drop_m":2.66,"gradient":0.00473,"area_ha":57.0,"on_drain_share":0.0,"downstream":"L00301"}},{"type":"Feature","geometry":{"type":"LineString","coordinates":[[77.22684000584938,28.66233244835945],[77.22694226690417,28.662330766051905]]},"properties":{"id":"L00298","strahler":1,"length_m":10.0,"drop_m":0.0,"gradient":0.0,"area_ha":5.27,"on_drain_share":0.0,"downstream":"L00299"}},{"type":"Feature","geometry":{"type":"LineString","coordinates":[[77.22694226690417,28.662330766051905],[77.22714678898744,28.66232740120546]]},"properties":{"id":"L00299","strahler":2,"length_m":20.0,"drop_m":-0.24,"gradient":0.0,"area_ha":69.88,"on_drain_share":0.0,"downstream":"L00323"}},{"type":"Feature","geometry":{"type":"LineString","coordinates":[[77.22714678898744,28.66232740120546],[77.2275558330489,28.66232067058706],[77.22765618604508,28.66222879201799],[77.22867879462362,28.662211959364683],[77.22888522528034,28.662298787555002],[77.22898557702626,28.66220690806478],[77.22990401384926,28.66210155441525],[77.23000436447614,28.66200967422639],[77.23072018793783,28.66199787984973],[77.23082435908671,28.662086390160237],[77.23194731287194,28.66197765212628],[77.23275009697383,28.661242597474363],[77.23315913525968,28.661235850164967],[77.23325948210102,28.66114396775364],[77.23377077927978,28.6611355315275],[77.23387495192176,28.661224039404406],[77.23417981686465,28.66112878115843],[77.23418173035945,28.66121897649308],[77.23470259737081,28.66166151326146],[77.23562293574703,28.66164631660975],[77.23622500267969,28.66109501080439],[77.23684047350564,28.661175068854075],[77.23704882387355,28.661352079497284],[77.23837436107759,28.66114971380966]]},"properties":{"id":"L00323","strahler":3,"length_m":1250.8,"drop_m":7.58,"gradient":0.00606,"area_ha":184.98,"on_drain_share":0.0,"downstream":"L00311"}},{"type":"Feature","geometry":{"type":"LineString","coordinates":[[77.1878666664988,28.66242660601339],[77.18838735762122,28.66286933137106],[77.18869415029205,28.662864371237465],[77.18889492898907,28.662680667941377],[77.18940437369685,28.662582200751082]]},"properties":{"id":"L00312","strahler":1,"length_m":183.1,"drop_m":0.21,"gradient":0.00113,"area_ha":7.02,"on_drain_share":0.0,"downstream":"L00324"}},{"type":"Feature","geometry":{"type":"LineString","coordinates":[[77.20583663014446,28.660781554561694],[77.2055260692151,28.660606159004544],[77.2052192865909,28.660611156908946],[77.20501854178278,28.660794882714494],[77.20450723627485,28.660803210303467],[77.20420611631033,28.66107879745263],[77.20431592944752,28.661437920953666],[77.20452422920182,28.661614984664368],[77.20452800550318,28.661795378952316],[77.20525706149549,28.662415098972964],[77.20526083917676,28.66259549315041],[77.20536499092431,28.6626840242035]]},"properties":{"id":"L00300","strahler":1,"length_m":414.6,"drop_m":8.94,"gradient":0.02157,"area_ha":12.8,"on_drain_share":0.0,"downstream":"L00272"}},{"type":"Feature","geometry":{"type":"LineString","coordinates":[[77.22632488673104,28.662160467132782],[77.22673393037347,28.662153739032476],[77.22694226690417,28.662330766051905]]},"properties":{"id":"L00301","strahler":2,"length_m":68.3,"drop_m":-0.26,"gradient":0.0,"area_ha":64.48,"on_drain_share":0.0,"downstream":"L00299"}},{"type":"Feature","geometry":{"type":"LineString","coordinates":[[77.22517142868237,28.660826024788946],[77.22548392587395,28.66109156927492],[77.22579070568236,28.661086525391685],[77.22599903848936,28.661263554093928],[77.22620355863248,28.661260190785974],[77.22651605962601,28.661525732656845],[77.22662594818533,28.66188483380849],[77.22714678898744,28.66232740120546]]},"properties":{"id":"L00302","strahler":2,"length_m":278.0,"drop_m":-0.02,"gradient":0.0,"area_ha":88.91,"on_drain_share":0.0,"downstream":"L00323"}},{"type":"Feature","geometry":{"type":"LineString","coordinates":[[77.18940437369685,28.662582200751082],[77.19052927594552,28.66256400191928],[77.1907375563522,28.662741087973668],[77.1919647231439,28.66272122205928],[77.19276780852009,28.661986389157967],[77.19307459771903,28.66198141924072],[77.19337575098592,28.66170585517321]]},"properties":{"id":"L00324","strahler":2,"length_m":443.8,"drop_m":-0.54,"gradient":0.0,"area_ha":25.65,"on_drain_share":0.0,"downstream":"L00320"}},{"type":"Feature","geometry":{"type":"LineString","coordinates":[[77.23879681967112,28.661774314858345],[77.23849387506644,28.661959778431587],[77.23828935528225,28.661963160374267]]},"properties":{"id":"L00306","strahler":1,"length_m":58.3,"drop_m":-0.58,"gradient":0.0,"area_ha":4.68,"on_drain_share":0.0,"downstream":"L00238"}},{"type":"Feature","geometry":{"type":"LineString","coordinates":[[77.27274265340152,28.66102817812664],[77.27315167957758,28.661021310080827],[77.27336008666445,28.661198261392514],[77.27376911332509,28.661191391444866],[77.27407977853845,28.661366623876912],[77.27448880564786,28.66135975171896]]},"properties":{"id":"L00307","strahler":1,"length_m":186.6,"drop_m":-0.83,"gradient":0.0,"area_ha":4.79,"on_drain_share":0.0,"downstream":"L00339"}},{"type":"Feature","geometry":{"type":"LineString","coordinates":[[77.2875775974409,28.66113919122356],[77.28888143600878,28.65994422480925],[77.28867300720242,28.659767298718364],[77.28866908716644,28.65958691481098],[77.28886967485221,28.65940307316432],[77.28917643631334,28.659397885985083],[77.28927476910316,28.65921577293038],[77.28957760843112,28.65903020105711]]},"properties":{"id":"L00342","strahler":1,"length_m":352.8,"drop_m":0.4,"gradient":0.00112,"area_ha":13.85,"on_drain_share":0.0,"downstream":"L00357"}},{"type":"Feature","geometry":{"type":"LineString","coordinates":[[77.22056783091155,28.660811392315228],[77.22088221930106,28.661167144232188],[77.22090124083975,28.662069105689252],[77.22100540434153,28.6621576240122],[77.22120992691505,28.662154268149788]]},"properties":{"id":"L00309","strahler":1,"length_m":186.6,"drop_m":5.32,"gradient":0.02849,"area_ha":6.63,"on_drain_share":0.0,"downstream":"L00305"}},{"type":"Feature","geometry":{"type":"LineString","coordinates":[[77.2239538351328,28.66129717020667],[77.2243628760841,28.661290449452018],[77.22488179929259,28.661642830386374],[77.22580405003669,28.661717896324607],[77.22632488673104,28.662160467132782]]},"properties":{"id":"L00310","strahler":1,"length_m":271.4,"drop_m":-0.01,"gradient":0.0,"area_ha":7.34,"on_drain_share":0.0,"downstream":"L00301"}},{"type":"Feature","geometry":{"type":"LineString","coordinates":[[77.23837436107759,28.66114971380966],[77.2387910672288,28.661503729727237],[77.23879298470077,28.661593924772266],[77.23828935528225,28.661963160374267]]},"properties":{"id":"L00311","strahler":4,"length_m":133.1,"drop_m":0.2,"gradient":0.00154,"area_ha":326.75,"on_drain_share":0.0,"downstream":"L00238"}},{"type":"Feature","geometry":{"type":"LineString","coordinates":[[77.26794241232372,28.66137936495479],[77.26865821281127,28.661367370301043],[77.26875852688124,28.661275463286582],[77.2687546406943,28.661095076914535],[77.26935846406167,28.660633826665634],[77.26935068987588,28.66027305403236],[77.26914229102806,28.660096096038192],[77.2691306311729,28.659554936956148],[77.26902643258903,28.659466457776062],[77.26932542475824,28.65910054282805],[77.26932153795092,28.65892015646909]]},"properties":{"id":"L00353","strahler":1,"length_m":399.7,"drop_m":8.59,"gradient":0.02149,"area_ha":9.88,"on_drain_share":0.0,"downstream":"L00365"}},{"type":"Feature","geometry":{"type":"LineString","coordinates":[[77.19615000947142,28.662292472478832],[77.19656282474709,28.662466230725883],[77.19697187781547,28.662459592451864]]},"properties":{"id":"L00313","strahler":2,"length_m":88.3,"drop_m":-0.25,"gradient":0.0,"area_ha":77.26,"on_drain_share":0.0,"downstream":"L00295"}},{"type":"Feature","geometry":{"type":"LineString","coordinates":[[77.19860620556932,28.662342829520323],[77.19860997185171,28.662523224508053]]},"properties":{"id":"L00314","strahler":1,"length_m":20.0,"drop_m":-0.24,"gradient":0.0,"area_ha":6.21,"on_drain_share":0.0,"downstream":"L00296"}},{"type":"Feature","geometry":{"type":"LineString","coordinates":[[77.2032423636033,28.659019243757005],[77.2030416179789,28.659202966691712],[77.20304916478536,28.659563755751517],[77.20284841783182,28.659747478461085],[77.2026438973884,28.659750806340153],[77.20214391198193,28.66030030855715],[77.20184090104468,28.660485693401593],[77.20153411800896,28.660490682939486],[77.2011326144887,28.66085812403372],[77.20092809165308,28.660861449439228],[77.2000190439277,28.66141759450045],[77.19981451985272,28.66142091828344],[77.19860997185171,28.662523224508053]]},"properties":{"id":"L00315","strahler":2,"length_m":646.7,"drop_m":5.18,"gradient":0.00801,"area_ha":46.58,"on_drain_share":0.0,"downstream":"L00296"}},{"type":"Feature","geometry":{"type":"LineString","coordinates":[[77.28307443115187,28.66103476682043],[77.2830626992884,28.660493613064443],[77.28316299922488,28.66040169611526],[77.28315908851874,28.660221311529536],[77.28345998680913,28.659945560319034]]},"properties":{"id":"L00329","strahler":1,"length_m":136.6,"drop_m":-0.8,"gradient":0.0,"area_ha":8.86,"on_drain_share":0.0,"downstream":"L00340"}},{"type":"Feature","geometry":{"type":"LineString","coordinates":[[77.17546100268603,28.66109265443117],[77.17546845564,28.66145345005621],[77.17609508462216,28.66207498010606],[77.17609881231934,28.662255377818887],[77.17620294074362,28.662343932677775],[77.17640746984367,28.662340644455245],[77.17692625077281,28.66269321775786],[77.17774436928555,28.66268005850107]]},"properties":{"id":"L00316","strahler":1,"length_m":335.6,"drop_m":7.04,"gradient":0.02098,"area_ha":8.71,"on_drain_share":0.0,"downstream":"L00291"}},{"type":"Feature","geometry":{"type":"LineString","coordinates":[[77.19582065145858,28.66121507735708],[77.19572215049567,28.661397131474356],[77.19697187781547,28.662459592451864]]},"properties":{"id":"L00317","strahler":4,"length_m":193.8,"drop_m":-0.69,"gradient":0.0,"area_ha":650.3,"on_drain_share":0.0,"downstream":"L00295"}},{"type":"Feature","geometry":{"type":"LineString","coordinates":[[77.17752491899176,28.66196175863344],[77.17742451986211,28.662053602386045],[77.17763277855195,28.662230709878216],[77.1776402392944,28.662591504920787],[77.17774436928555,28.66268005850107]]},"properties":{"id":"L00318","strahler":2,"length_m":96.6,"drop_m":3.05,"gradient":0.03155,"area_ha":12.4,"on_drain_share":0.0,"downstream":"L00291"}},{"type":"Feature","geometry":{"type":"LineString","coordinates":[[77.19337575098592,28.66170585517321],[77.1940915901313,28.661694254509925],[77.1945081592178,28.662048414863325],[77.19583757774826,28.662026856415913],[77.19615000947142,28.662292472478832]]},"properties":{"id":"L00320","strahler":2,"length_m":299.0,"drop_m":1.01,"gradient":0.00337,"area_ha":38.38,"on_drain_share":0.0,"downstream":"L00313"}},{"type":"Feature","geometry":{"type":"LineString","coordinates":[[77.25678858838643,28.66120487560575],[77.25678278987573,28.66093429380033],[77.25657247674799,28.660667121394802],[77.2591827954527,28.658367929851654]]},"properties":{"id":"L00369","strahler":1,"length_m":431.8,"drop_m":5.53,"gradient":0.0128,"area_ha":10.22,"on_drain_share":0.0,"downstream":"L00418"}},{"type":"Feature","geometry":{"type":"LineString","coordinates":[[77.28449622922543,28.660559653037435],[77.28439201752754,28.66047118649208],[77.28408525191477,28.660476363011558],[77.28345998680913,28.659945560319034]]},"properties":{"id":"L00330","strahler":1,"length_m":129.0,"drop_m":1.78,"gradient":0.01383,"area_ha":5.24,"on_drain_share":0.0,"downstream":"L00340"}},{"type":"Feature","geometry":{"type":"LineString","coordinates":[[77.25248796277828,28.661005827470845],[77.25289120613662,28.660728438060914],[77.25340249440862,28.660719927833668],[77.25380380388776,28.660352341753192],[77.25411057558952,28.660347233842142],[77.25451574274123,28.66016003404002],[77.25592029226287,28.658873467678216],[77.2563254503207,28.658686262916035]]},"properties":{"id":"L00367","strahler":5,"length_m":483.6,"drop_m":-0.05,"gradient":0.0,"area_ha":837.03,"on_drain_share":0.0,"downstream":"L00386"}},{"type":"Feature","geometry":{"type":"LineString","coordinates":[[77.19193843932186,28.661458451434886],[77.19245163012968,28.66154036900345],[77.19276405232418,28.661805993447864],[77.19296669985593,28.661712482426818],[77.19337575098592,28.66170585517321]]},"properties":{"id":"L00326","strahler":1,"length_m":160.7,"drop_m":-0.95,"gradient":0.0,"area_ha":7.91,"on_drain_share":0.0,"downstream":"L00320"}},{"type":"Feature","geometry":{"type":"LineString","coordinates":[[77.2116825416333,28.66149821905066],[77.21219384803477,28.661489864188642],[77.21259531287882,28.661122392281786],[77.21259341787045,28.66103219562124],[77.21279793942642,28.661028852581797],[77.21289830492947,28.660936984303195]]},"properties":{"id":"L00331","strahler":1,"length_m":150.7,"drop_m":2.27,"gradient":0.01506,"area_ha":6.04,"on_drain_share":0.0,"downstream":"L00362"}},{"type":"Feature","geometry":{"type":"LineString","coordinates":[[77.23836094171412,28.660518348244338],[77.23837052692973,28.660969323654733],[77.23827018497681,28.66106120960269],[77.23837436107759,28.66114971380966]]},"properties":{"id":"L00325","strahler":3,"length_m":78.3,"drop_m":4.12,"gradient":0.05259,"area_ha":140.1,"on_drain_share":0.0,"downstream":"L00311"}},{"type":"Feature","geometry":{"type":"LineString","coordinates":[[77.18345622223296,28.661866218179185],[77.1840529681752,28.661044534394097],[77.18425375220346,28.660860837689437],[77.18445827732602,28.66085753746416],[77.18455866888588,28.660765688870615],[77.18403987437526,28.66041314561346],[77.18403613336686,28.66023274880716],[77.1856423746629,28.658763168456282],[77.18553824255451,28.65867462105766],[77.18553449925041,28.65849422438577],[77.18583566408998,28.658218676441248]]},"properties":{"id":"L00390","strahler":1,"length_m":566.7,"drop_m":2.62,"gradient":0.00463,"area_ha":19.66,"on_drain_share":0.0,"downstream":"L00394"}},{"type":"Feature","geometry":{"type":"LineString","coordinates":[[77.26484365549638,28.65998763283621],[77.26505204736702,28.66016459787395],[77.26505592706548,28.660344984734078],[77.26516012345556,28.66043346710081],[77.26567334635534,28.660515104025922],[77.26617492499851,28.660055578806265],[77.26637943714945,28.660052154960987],[77.26668038166014,28.65977643861653],[77.26729391616558,28.65976616395682],[77.26749260193006,28.65949215859626],[77.26759485736976,28.659490445748002],[77.26809642254787,28.65903091408644],[77.2680944801973,28.65894072082973],[77.2682970473957,28.65884710096209]]},"properties":{"id":"L00355","strahler":1,"length_m":462.8,"drop_m":2.43,"gradient":0.00525,"area_ha":12.72,"on_drain_share":0.0,"downstream":"L00364"}},{"type":"Feature","geometry":{"type":"LineString","coordinates":[[77.2770237701878,28.66032465339063],[77.27701206974434,28.65978349729345],[77.27680365989967,28.659606551762664],[77.27629238532175,28.659615150027104],[77.2758892127422,28.659892605524462],[77.27537793645068,28.659901200415085],[77.27496112209504,28.659547303674987],[77.2748549707714,28.659368636434717],[77.27484133382038,28.65873728660735],[77.27514030295309,28.658371360028163],[77.27472349577542,28.658017462095042],[77.27420638568132,28.657755473408965],[77.27390352025283,28.65794101222885],[77.27359675976223,28.657946164577382],[77.27338835914023,28.657769213211147],[77.27308159903978,28.657774364364784],[77.27287319958745,28.657597412132752],[77.27266869312291,28.6576008455157]]},"properties":{"id":"L00382","strahler":1,"length_m":737.7,"drop_m":-0.55,"gradient":0.0,"area_ha":16.07,"on_drain_share":0.0,"downstream":"L00359"}},{"type":"Feature","geometry":{"type":"LineString","coordinates":[[77.1772998776118,28.660972861783083],[77.17731106648388,28.661514054559603],[77.1775193238642,28.661691162307527],[77.17752491899176,28.66196175863344]]},"properties":{"id":"L00327","strahler":1,"length_m":118.3,"drop_m":5.18,"gradient":0.04376,"area_ha":4.8,"on_drain_share":0.0,"downstream":"L00318"}},{"type":"Feature","geometry":{"type":"LineString","coordinates":[[77.17882822569071,28.66067758511437],[77.17883195785156,28.660857982535905],[77.17843036906008,28.6612253606105],[77.17822584240068,28.66122865177136],[77.17792464839542,28.661504184206276],[77.1776178574782,28.661509119730034],[77.17762531794656,28.661869914814627],[77.17752491899176,28.66196175863344]]},"properties":{"id":"L00328","strahler":1,"length_m":223.1,"drop_m":10.93,"gradient":0.049,"area_ha":6.51,"on_drain_share":0.0,"downstream":"L00318"}},{"type":"Feature","geometry":{"type":"LineString","coordinates":[[77.21289830492947,28.660936984303195],[77.21432805702392,28.660823376839303],[77.21484884389122,28.661265994786962],[77.21544912674905,28.660624579038114],[77.21534496922663,28.660536056077657],[77.21533927730442,28.660265466572707],[77.21554000207082,28.660081726483327],[77.21574452137362,28.66007837909536],[77.21594334727678,28.659804441986353],[77.21645274577523,28.659705875046807],[77.21675382807437,28.659430262562978]]},"properties":{"id":"L00362","strahler":2,"length_m":537.0,"drop_m":8.13,"gradient":0.01513,"area_ha":23.28,"on_drain_share":0.0,"downstream":"L00408"}},{"type":"Feature","geometry":{"type":"LineString","coordinates":[[77.28345998680913,28.659945560319034],[77.28273051880474,28.659326286358173]]},"properties":{"id":"L00340","strahler":2,"length_m":99.0,"drop_m":1.2,"gradient":0.01212,"area_ha":14.76,"on_drain_share":0.0,"downstream":"L00368"}},{"type":"Feature","geometry":{"type":"LineString","coordinates":[[77.21678610280608,28.660963601652618],[77.21675382807437,28.659430262562978]]},"properties":{"id":"L00363","strahler":1,"length_m":170.0,"drop_m":-1.26,"gradient":0.0,"area_ha":11.81,"on_drain_share":0.0,"downstream":"L00408"}},{"type":"Feature","geometry":{"type":"LineString","coordinates":[[77.22164131886875,28.658357640293172],[77.22205034905254,28.658350927150067],[77.22236283108901,28.65861647977541],[77.22236854065805,28.65888706805591],[77.22277757269464,28.65888035260363],[77.22298779988134,28.659147582570938],[77.22400847718485,28.659040590824162],[77.22484178421955,28.659748716183373],[77.22485131126788,28.660199695808238],[77.22516571145673,28.660555437101973],[77.22506726330145,28.660737509778382],[77.22517142868237,28.660826024788946]]},"properties":{"id":"L00332","strahler":1,"length_m":548.7,"drop_m":9.35,"gradient":0.01703,"area_ha":12.62,"on_drain_share":0.0,"downstream":"L00302"}},{"type":"Feature","geometry":{"type":"LineString","coordinates":[[77.226583994462,28.659900526104504],[77.22587771473631,28.66036327713353],[77.22567319628877,28.660366639853567],[77.22556903099537,28.660278125222003],[77.22526797090345,28.660553756153597],[77.22517142868237,28.660826024788946]]},"properties":{"id":"L00333","strahler":2,"length_m":201.4,"drop_m":-0.01,"gradient":0.0,"area_ha":74.33,"on_drain_share":0.0,"downstream":"L00302"}},{"type":"Feature","geometry":{"type":"LineString","coordinates":[[77.1918858767469,28.658932909413075],[77.19249943764936,28.658922973844355],[77.1931223891641,28.659364024851687],[77.19404273340315,28.659349111850887],[77.19477171366057,28.65996889287857],[77.19487773416198,28.66014763041338],[77.1948814937186,28.660328025911685],[77.19478111209352,28.660419881658473],[77.19582065145858,28.66121507735708]]},"properties":{"id":"L00334","strahler":4,"length_m":531.1,"drop_m":4.59,"gradient":0.00865,"area_ha":497.79,"on_drain_share":0.0,"downstream":"L00317"}},{"type":"Feature","geometry":{"type":"LineString","coordinates":[[77.19539656069902,28.66050013021892],[77.19582065145858,28.66121507735708]]},"properties":{"id":"L00335","strahler":3,"length_m":96.6,"drop_m":2.13,"gradient":0.02202,"area_ha":150.38,"on_drain_share":0.0,"downstream":"L00317"}},{"type":"Feature","geometry":{"type":"LineString","coordinates":[[77.2121578503453,28.659776127040423],[77.21247220834837,28.660131900285233],[77.21269188848734,28.660850130827498],[77.21289830492947,28.660936984303195]]},"properties":{"id":"L00336","strahler":1,"length_m":164.9,"drop_m":2.29,"gradient":0.01392,"area_ha":6.55,"on_drain_share":0.0,"downstream":"L00362"}},{"type":"Feature","geometry":{"type":"LineString","coordinates":[[77.23496726570352,28.65967215198924],[77.23497109381908,28.659852542598873],[77.23559421523399,28.660293387870386],[77.23631002430142,28.660281564593845],[77.23671331111137,28.66000422116328],[77.23722460155163,28.659995772204287],[77.23732877571202,28.660084277336704],[77.23784006632532,28.66007582603278],[77.23836094171412,28.660518348244338]]},"properties":{"id":"L00337","strahler":2,"length_m":408.0,"drop_m":2.92,"gradient":0.00717,"area_ha":15.01,"on_drain_share":0.0,"downstream":"L00325"}},{"type":"Feature","geometry":{"type":"LineString","coordinates":[[77.23861787076503,28.658168203110705],[77.23883963855667,28.658976576820297],[77.23967495641085,28.659774800339445],[77.23947427687499,28.659958573881443],[77.2392697611126,28.659961957089457],[77.23907099809482,28.66023592513075],[77.23845744891743,28.660246072091976],[77.2383571076895,28.66033795807095],[77.23836094171412,28.660518348244338]]},"properties":{"id":"L00338","strahler":3,"length_m":402.1,"drop_m":-1.09,"gradient":0.0,"area_ha":124.72,"on_drain_share":0.0,"downstream":"L00325"}},{"type":"Feature","geometry":{"type":"LineString","coordinates":[[77.24224099712593,28.660183454938537],[77.24264426668539,28.65990609471301],[77.24294911854649,28.659810817340556],[77.24324628530044,28.659354760126202],[77.24345079932655,28.65935137097896],[77.24375180569714,28.659075702372213],[77.24395631911068,28.659072312491706],[77.24415698876562,28.658888532808287],[77.24446568036184,28.658973641713352],[77.24486701673398,28.658606080687253],[77.24474553748252,28.657705829116036],[77.24484587044923,28.657613938815725],[77.24484202578493,28.657433549367376],[77.2450426908798,28.657249768589313],[77.24503500102873,28.656888989716727],[77.24472247096914,28.65662349228685],[77.24471862667382,28.656443102796835],[77.2445102745594,28.65626610402448]]},"properties":{"id":"L00411","strahler":1,"length_m":647.7,"drop_m":3.16,"gradient":0.00487,"area_ha":16.88,"on_drain_share":0.0,"downstream":"L00424"}},{"type":"Feature","geometry":{"type":"LineString","coordinates":[[77.17086100056348,28.661256728903687],[77.17085728198833,28.661076330535867],[77.17075315910492,28.660987771236854],[77.17054863186198,28.660991050779202],[77.1700298793889,28.660638451333313]]},"properties":{"id":"L00350","strahler":1,"length_m":120.7,"drop_m":0.15,"gradient":0.00124,"area_ha":8.67,"on_drain_share":0.0,"downstream":null}},{"type":"Feature","geometry":{"type":"LineString","coordinates":[[77.27881753148611,28.65812905807194],[77.27892173634812,28.658217529336422],[77.27922849649082,28.65821236488316],[77.27963360557345,28.658025092777887],[77.28067762048437,28.658999987180305],[77.28088212852316,28.658996541551662],[77.28139925970224,28.659258503390255],[77.28180827654137,28.659251609588654],[77.28191248492995,28.659340078330597],[77.28273051880474,28.659326286358173]]},"properties":{"id":"L00341","strahler":1,"length_m":460.4,"drop_m":3.84,"gradient":0.00834,"area_ha":11.76,"on_drain_share":0.0,"downstream":"L00368"}},{"type":"Feature","geometry":{"type":"LineString","coordinates":[[77.28273051880474,28.659326286358173],[77.28353290756158,28.658590951154714],[77.28363711660853,28.658679418530976],[77.283943877086,28.658674243322125],[77.28434506604196,28.65830657299509],[77.28475407834438,28.658299670506334],[77.28515721983409,28.6580221901974],[77.28567044083711,28.658103751070772]]},"properties":{"id":"L00368","strahler":3,"length_m":360.4,"drop_m":-3.64,"gradient":0.0,"area_ha":64.9,"on_drain_share":0.0,"downstream":"L00349"}},{"type":"Feature","geometry":{"type":"LineString","coordinates":[[77.22730552781265,28.66015933791575],[77.22710100995988,28.66016270277006],[77.22678851187796,28.659897162058947],[77.226583994462,28.659900526104504]]},"properties":{"id":"L00346","strahler":1,"length_m":82.4,"drop_m":0.79,"gradient":0.00964,"area_ha":4.44,"on_drain_share":0.0,"downstream":"L00333"}},{"type":"Feature","geometry":{"type":"LineString","coordinates":[[77.28732803098359,28.659068230475615],[77.28762891459802,28.658792470755355]]},"properties":{"id":"L00347","strahler":1,"length_m":42.4,"drop_m":0.74,"gradient":0.01751,"area_ha":4.13,"on_drain_share":0.0,"downstream":"L00343"}},{"type":"Feature","geometry":{"type":"LineString","coordinates":[[77.28957760843112,28.65903020105711],[77.28987848568443,28.658754436672837],[77.28987456374934,28.658574052890806],[77.28997681670225,28.658572323195088]]},"properties":{"id":"L00357","strahler":3,"length_m":72.4,"drop_m":0.49,"gradient":0.00682,"area_ha":131.5,"on_drain_share":0.0,"downstream":null}},{"type":"Feature","geometry":{"type":"LineString","coordinates":[[77.28762891459802,28.658792470755355],[77.28813038379351,28.658332869910392],[77.28823263663733,28.658331141544693],[77.288543314724,28.658506339942342],[77.28874782068013,28.65850288249129],[77.28916467390795,28.658856734408317],[77.28936918045513,28.658853275980558],[77.28957760843112,28.65903020105711]]},"properties":{"id":"L00343","strahler":3,"length_m":243.8,"drop_m":4.7,"gradient":0.01926,"area_ha":116.46,"on_drain_share":0.0,"downstream":"L00357"}},{"type":"Feature","geometry":{"type":"LineString","coordinates":[[77.19518263754493,28.660052458274745],[77.19539092001409,28.66022953706999],[77.19539656069902,28.66050013021892]]},"properties":{"id":"L00344","strahler":1,"length_m":58.3,"drop_m":-0.24,"gradient":0.0,"area_ha":5.1,"on_drain_share":0.0,"downstream":"L00335"}},{"type":"Feature","geometry":{"type":"LineString","coordinates":[[77.19589846458884,28.660040848671233],[77.19539656069902,28.66050013021892]]},"properties":{"id":"L00345","strahler":3,"length_m":70.7,"drop_m":-1.59,"gradient":0.0,"area_ha":144.76,"on_drain_share":0.0,"downstream":"L00335"}},{"type":"Feature","geometry":{"type":"LineString","coordinates":[[77.27126437676571,28.658887573523682],[77.27086119249243,28.659165014653507],[77.26963413319939,28.659185593123063],[77.26932153795092,28.65892015646909]]},"properties":{"id":"L00354","strahler":2,"length_m":214.9,"drop_m":-1.73,"gradient":0.0,"area_ha":32.77,"on_drain_share":0.0,"downstream":"L00365"}},{"type":"Feature","geometry":{"type":"LineString","coordinates":[[77.22942050521952,28.658590662253914],[77.2291194603361,28.658866300995616],[77.22850591496041,28.65887640243533],[77.22840556573938,28.65896828145903],[77.22748333863318,28.6588932319991],[77.22678088368441,28.659536378821596],[77.22678469776366,28.659716770442913],[77.226583994462,28.659900526104504]]},"properties":{"id":"L00348","strahler":2,"length_m":358.0,"drop_m":0.83,"gradient":0.00233,"area_ha":67.71,"on_drain_share":0.0,"downstream":"L00333"}},{"type":"Feature","geometry":{"type":"LineString","coordinates":[[77.28567044083711,28.658103751070772],[77.28608532502834,28.65836742103324],[77.28680305432003,28.658445523737036],[77.28762891459802,28.658792470755355]]},"properties":{"id":"L00349","strahler":3,"length_m":223.1,"drop_m":0.31,"gradient":0.00139,"area_ha":109.39,"on_drain_share":0.0,"downstream":"L00343"}},{"type":"Feature","geometry":{"type":"LineString","coordinates":[[77.23486117988355,28.65949344958611],[77.23496726570352,28.65967215198924]]},"properties":{"id":"L00351","strahler":1,"length_m":24.1,"drop_m":0.98,"gradient":0.04061,"area_ha":4.2,"on_drain_share":0.0,"downstream":"L00337"}},{"type":"Feature","geometry":{"type":"LineString","coordinates":[[77.23526063943079,28.65903571981026],[77.23505995303694,28.659219487172052],[77.23506760947706,28.659580268387277],[77.23496726570352,28.65967215198924]]},"properties":{"id":"L00352","strahler":1,"length_m":82.4,"drop_m":2.06,"gradient":0.02501,"area_ha":4.54,"on_drain_share":0.0,"downstream":"L00337"}},{"type":"Feature","geometry":{"type":"LineString","coordinates":[[77.27147083116141,28.658974335166807],[77.27126437676571,28.658887573523682]]},"properties":{"id":"L00356","strahler":1,"length_m":24.1,"drop_m":0.82,"gradient":0.03382,"area_ha":4.37,"on_drain_share":0.0,"downstream":"L00354"}},{"type":"Feature","geometry":{"type":"LineString","coordinates":[[77.26932153795092,28.65892015646909],[77.26931959456064,28.65882996328763],[77.26900894427538,28.65865471899439]]},"properties":{"id":"L00365","strahler":2,"length_m":48.3,"drop_m":-1.8,"gradient":0.0,"area_ha":43.1,"on_drain_share":0.0,"downstream":"L00460"}},{"type":"Feature","geometry":{"type":"LineString","coordinates":[[77.19833954660729,28.65936963280206],[77.19773727855409,28.659920780472845],[77.19773916075823,28.660010978052338],[77.19630750842393,28.66003421291537],[77.19620336658508,28.65994567429785],[77.19599884484234,28.659948992163432],[77.19589846458884,28.660040848671233]]},"properties":{"id":"L00361","strahler":2,"length_m":283.1,"drop_m":3.13,"gradient":0.01105,"area_ha":17.79,"on_drain_share":0.0,"downstream":"L00345"}},{"type":"Feature","geometry":{"type":"LineString","coordinates":[[77.2673592790163,28.658050778493095],[77.26808671088425,28.658579947789715],[77.26809253785567,28.658850527571715],[77.2682970473957,28.65884710096209]]},"properties":{"id":"L00358","strahler":1,"length_m":144.9,"drop_m":1.43,"gradient":0.00987,"area_ha":4.93,"on_drain_share":0.0,"downstream":"L00364"}},{"type":"Feature","geometry":{"type":"LineString","coordinates":[[77.2682970473957,28.65884710096209],[77.26849767154445,28.65866328757506],[77.26900894427538,28.65865471899439]]},"properties":{"id":"L00364","strahler":2,"length_m":78.3,"drop_m":0.93,"gradient":0.01186,"area_ha":18.26,"on_drain_share":0.0,"downstream":"L00460"}},{"type":"Feature","geometry":{"type":"LineString","coordinates":[[77.27266869312291,28.6576008455157],[77.27126437676571,28.658887573523682]]},"properties":{"id":"L00359","strahler":2,"length_m":198.0,"drop_m":2.01,"gradient":0.01013,"area_ha":23.06,"on_drain_share":0.0,"downstream":"L00354"}},{"type":"Feature","geometry":{"type":"LineString","coordinates":[[77.1955371544385,28.657430090576963],[77.19626612884952,28.658049863959704],[77.19629434174225,28.659402829225787],[77.19589282272231,28.659770255595188],[77.19589846458884,28.660040848671233]]},"properties":{"id":"L00360","strahler":3,"length_m":335.6,"drop_m":3.33,"gradient":0.00994,"area_ha":126.67,"on_drain_share":0.0,"downstream":"L00345"}},{"type":"Feature","geometry":{"type":"LineString","coordinates":[[77.23056061611081,28.659293698103824],[77.22972727692357,28.658585609855432],[77.22942050521952,28.658590662253914]]},"properties":{"id":"L00374","strahler":1,"length_m":143.1,"drop_m":-1.32,"gradient":0.0,"area_ha":6.56,"on_drain_share":0.0,"downstream":"L00348"}},{"type":"Feature","geometry":{"type":"LineString","coordinates":[[77.26900894427538,28.65865471899439],[77.26899145668449,28.6578429801056],[77.26878306350814,28.65766602119454],[77.26866138291403,28.656765802398354],[77.26855718762943,28.65667732264555],[77.26854747494087,28.656226356336376],[77.26791842593434,28.655515089048443],[77.26791454211254,28.655334702417825],[77.2680148515033,28.65524279616648],[77.26655616292733,28.65400406248625],[77.26654451929276,28.653462901946376]]},"properties":{"id":"L00460","strahler":3,"length_m":683.6,"drop_m":4.29,"gradient":0.00627,"area_ha":72.27,"on_drain_share":0.0,"downstream":"L00496"}},{"type":"Feature","geometry":{"type":"LineString","coordinates":[[77.21675382807437,28.659430262562978],[77.21693366469484,28.658254359895164],[77.21713058562426,28.65789022490503],[77.2171248897408,28.657619635622037],[77.21732370771585,28.657345696845525],[77.21731041658592,28.65671432186541]]},"properties":{"id":"L00408","strahler":2,"length_m":324.9,"drop_m":2.34,"gradient":0.0072,"area_ha":41.11,"on_drain_share":0.0,"downstream":"L00415"}},{"type":"Feature","geometry":{"type":"LineString","coordinates":[[77.2563254503207,28.658686262916035],[77.25702770844083,28.658042972991964],[77.25733253967732,28.657947664212134],[77.25783414554073,28.657488168400995]]},"properties":{"id":"L00386","strahler":5,"length_m":203.8,"drop_m":-0.41,"gradient":0.0,"area_ha":869.27,"on_drain_share":0.0,"downstream":"L00436"}},{"type":"Feature","geometry":{"type":"LineString","coordinates":[[77.28227459519816,28.65716856596918],[77.2832124605694,28.65796477920543],[77.2835153081372,28.65777922047004],[77.28525360173893,28.65774988751414],[77.28567044083711,28.658103751070772]]},"properties":{"id":"L00371","strahler":2,"length_m":392.1,"drop_m":-0.84,"gradient":0.0,"area_ha":40.48,"on_drain_share":0.0,"downstream":"L00349"}},{"type":"Feature","geometry":{"type":"LineString","coordinates":[[77.19994368005523,28.6578096965782],[77.20035836697556,28.65807364141962],[77.2004643945222,28.65825237420922],[77.20046816334755,28.658432769080285],[77.1999662877634,28.658892066175866],[77.19996817179533,28.658982263633785],[77.1995591330508,28.658988910223133],[77.19925800421379,28.65926448685117],[77.19854218406077,28.65927611392379],[77.19833954660729,28.65936963280206]]},"properties":{"id":"L00372","strahler":1,"length_m":353.8,"drop_m":2.48,"gradient":0.00702,"area_ha":8.09,"on_drain_share":0.0,"downstream":"L00361"}},{"type":"Feature","geometry":{"type":"LineString","coordinates":[[77.2591827954527,28.658367929851654],[77.25917312220203,28.65791696072647],[77.25927344199148,28.657825060422127],[77.25926570323688,28.657464285118326],[77.25936408779263,28.657282190944162],[77.2602650174859,28.656364891102566],[77.2602611466276,28.65618450353812],[77.26076273107599,28.655724997946336]]},"properties":{"id":"L00418","strahler":2,"length_m":356.3,"drop_m":0.0,"gradient":0.0,"area_ha":35.98,"on_drain_share":0.0,"downstream":"L00437"}},{"type":"Feature","geometry":{"type":"LineString","coordinates":[[77.19853276997608,28.658825126207823],[77.19874105514656,28.65900219970011],[77.19833766393923,28.659279435250458],[77.19833954660729,28.65936963280206]]},"properties":{"id":"L00373","strahler":1,"length_m":90.7,"drop_m":1.42,"gradient":0.01565,"area_ha":4.53,"on_drain_share":0.0,"downstream":"L00361"}},{"type":"Feature","geometry":{"type":"LineString","coordinates":[[77.26081693731629,28.658250422662768],[77.25998341671901,28.657542531593343],[77.25997180513032,28.65700136887279],[77.26047339455464,28.656541864115617],[77.26046952331127,28.656361476581875],[77.26077047439789,28.656085772969263],[77.26076273107599,28.655724997946336]]},"properties":{"id":"L00419","strahler":1,"length_m":346.3,"drop_m":5.51,"gradient":0.01592,"area_ha":13.88,"on_drain_share":0.0,"downstream":"L00437"}},{"type":"Feature","geometry":{"type":"LineString","coordinates":[[77.18728977967426,28.659277932351063],[77.18738829392487,28.659095883635597],[77.18737705441809,28.658554694307636],[77.18798124633102,28.6580937883252]]},"properties":{"id":"L00392","strahler":1,"length_m":164.9,"drop_m":0.64,"gradient":0.0039,"area_ha":6.63,"on_drain_share":0.0,"downstream":"L00406"}},{"type":"Feature","geometry":{"type":"LineString","coordinates":[[77.19137832912925,28.659121582887384],[77.1918858767469,28.658932909413075]]},"properties":{"id":"L00378","strahler":1,"length_m":58.3,"drop_m":-0.83,"gradient":0.0,"area_ha":4.39,"on_drain_share":0.0,"downstream":"L00334"}},{"type":"Feature","geometry":{"type":"LineString","coordinates":[[77.202825779718,28.658665111101385],[77.20292803887789,28.658663447120517],[77.2032423636033,28.659019243757005]]},"properties":{"id":"L00375","strahler":1,"length_m":62.4,"drop_m":0.33,"gradient":0.00534,"area_ha":4.31,"on_drain_share":0.0,"downstream":"L00315"}},{"type":"Feature","geometry":{"type":"LineString","coordinates":[[77.20324047676587,28.658929046498525],[77.2032423636033,28.659019243757005]]},"properties":{"id":"L00376","strahler":2,"length_m":10.0,"drop_m":0.0,"gradient":0.0,"area_ha":28.34,"on_drain_share":0.0,"downstream":"L00315"}},{"type":"Feature","geometry":{"type":"LineString","coordinates":[[77.23080434759521,28.656312188683426],[77.23162238683727,28.656298706696894],[77.23193488499058,28.656564236288954],[77.23163385250798,28.65683988001646],[77.23132899699878,28.65693513202012],[77.2307269251122,28.657486416451263],[77.23062466902267,28.657488101357053],[77.22942050521952,28.658590662253914]]},"properties":{"id":"L00377","strahler":2,"length_m":463.6,"drop_m":2.55,"gradient":0.00549,"area_ha":51.94,"on_drain_share":0.0,"downstream":"L00348"}},{"type":"Feature","geometry":{"type":"LineString","coordinates":[[77.25432854202786,28.6561931955954],[77.25641417960928,28.658053200585794],[77.25712416458758,28.65777068625512],[77.25742512873644,28.65749498942032],[77.25783414554073,28.657488168400995]]},"properties":{"id":"L00387","strahler":3,"length_m":457.7,"drop_m":4.44,"gradient":0.00969,"area_ha":252.16,"on_drain_share":0.0,"downstream":"L00436"}},{"type":"Feature","geometry":{"type":"LineString","coordinates":[[77.20411551056415,28.656749331691156],[77.20391477060542,28.656933055658335],[77.20392231969167,28.657293844626643],[77.20362120749797,28.65756943014075],[77.20363064286985,28.658020416394752],[77.20332952792208,28.65829600138775],[77.20324047676587,28.658929046498525]]},"properties":{"id":"L00379","strahler":2,"length_m":277.3,"drop_m":2.62,"gradient":0.00944,"area_ha":18.94,"on_drain_share":0.0,"downstream":"L00376"}},{"type":"Feature","geometry":{"type":"LineString","coordinates":[[77.20619654875162,28.658429764845337],[77.20578184698374,28.658165838789397],[77.20557166373199,28.6578985795434],[77.20526300051863,28.65781337997068],[77.20506226078392,28.65799710561517],[77.20465511524192,28.658093964565083],[77.20405288906473,28.658645138241127],[77.20354159365525,28.658653461615792],[77.20324047676587,28.658929046498525]]},"properties":{"id":"L00380","strahler":1,"length_m":374.6,"drop_m":4.61,"gradient":0.01231,"area_ha":9.38,"on_drain_share":0.0,"downstream":"L00376"}},{"type":"Feature","geometry":{"type":"LineString","coordinates":[[77.19115316713008,28.658132715429623],[77.1911587964431,28.658403309431897],[77.19178361656633,28.65893456507127],[77.1918858767469,28.658932909413075]]},"properties":{"id":"L00381","strahler":4,"length_m":124.9,"drop_m":-0.32,"gradient":0.0,"area_ha":489.07,"on_drain_share":0.0,"downstream":"L00334"}},{"type":"Feature","geometry":{"type":"LineString","coordinates":[[77.23776724415512,28.65664841038941],[77.23766690549361,28.656740295744502],[77.23767457007246,28.657101076448146],[77.2379870850225,28.657366591052014],[77.23809700670282,28.657725681160475],[77.23861787076503,28.658168203110705]]},"properties":{"id":"L00383","strahler":3,"length_m":211.4,"drop_m":0.95,"gradient":0.00447,"area_ha":111.49,"on_drain_share":0.0,"downstream":"L00338"}},{"type":"Feature","geometry":{"type":"LineString","coordinates":[[77.2397100833829,28.656616282397636],[77.23960782876595,28.656617974038515],[77.2388051284312,28.657353065232606],[77.23881087992069,28.657623650526915],[77.2386121196414,28.657897617802377],[77.23861787076503,28.658168203110705]]},"properties":{"id":"L00384","strahler":1,"length_m":221.4,"drop_m":0.52,"gradient":0.00234,"area_ha":8.4,"on_drain_share":0.0,"downstream":"L00338"}},{"type":"Feature","geometry":{"type":"LineString","coordinates":[[77.27286541434668,28.657236640218972],[77.2728693069492,28.657417026178504],[77.27266869312291,28.6576008455157]]},"properties":{"id":"L00385","strahler":1,"length_m":48.3,"drop_m":0.88,"gradient":0.01827,"area_ha":5.12,"on_drain_share":0.0,"downstream":"L00359"}},{"type":"Feature","geometry":{"type":"LineString","coordinates":[[77.18103317497938,28.65847658977315],[77.18144221681445,28.658469999240502],[77.18175460334207,28.658735651222703],[77.18236816725612,28.658725761611464],[77.18266934149592,28.658450220238947],[77.18307464372458,28.65826322779593],[77.18358407431195,28.658164783328058]]},"properties":{"id":"L00393","strahler":1,"length_m":287.3,"drop_m":16.72,"gradient":0.0582,"area_ha":8.78,"on_drain_share":0.0,"downstream":"L00399"}},{"type":"Feature","geometry":{"type":"LineString","coordinates":[[77.25783414554073,28.657488168400995],[77.2585499246064,28.6574762286487],[77.26065854308517,28.655636511666646],[77.26065273597587,28.65536593036253],[77.26105399951848,28.65499832506996]]},"properties":{"id":"L00436","strahler":5,"length_m":449.4,"drop_m":0.87,"gradient":0.00193,"area_ha":1128.55,"on_drain_share":0.0,"downstream":"L00461"}},{"type":"Feature","geometry":{"type":"LineString","coordinates":[[77.28154515413982,28.656549283897213],[77.28174965729877,28.656545837227174],[77.2822706865364,28.656988181185422],[77.28227459519816,28.65716856596918]]},"properties":{"id":"L00388","strahler":1,"length_m":110.7,"drop_m":1.41,"gradient":0.01276,"area_ha":4.73,"on_drain_share":0.0,"downstream":"L00371"}},{"type":"Feature","geometry":{"type":"LineString","coordinates":[[77.28699818891215,28.65329939132656],[77.28700210506757,28.653479775612368],[77.28670123388022,28.653755533368745],[77.28671102325063,28.654206494136684],[77.28702364456531,28.654471889089635],[77.28703343560578,28.654922849708143],[77.28663226865758,28.655290526912324],[77.28592043304121,28.655482998596423],[77.28541505242308,28.655762206784402],[77.28531280187029,28.655763932882014],[77.28489597373398,28.655410067517074],[77.28489010445182,28.65513949076485],[77.2845774860514,28.65487409071312],[77.2841665312226,28.654790799614748],[77.28323064404923,28.654084783827404],[77.28302614587729,28.654088232463657],[77.2826230126186,28.65436570603482],[77.28202319352776,28.655007395437412],[77.28202905541735,28.655277972736943],[77.28223746436097,28.655454910309672],[77.28224137271759,28.655635295138442],[77.28276239909792,28.656077637395946],[77.28236512092916,28.656625687759448],[77.28237489290818,28.657076649703306],[77.28227459519816,28.65716856596918]]},"properties":{"id":"L00389","strahler":1,"length_m":1165.4,"drop_m":1.91,"gradient":0.00164,"area_ha":27.05,"on_drain_share":0.0,"downstream":"L00371"}},{"type":"Feature","geometry":{"type":"LineString","coordinates":[[77.24719196516733,28.65730433564409],[77.24718426794077,28.656943557307336],[77.24738492782421,28.656759773322975],[77.24737723011067,28.656398995005095],[77.24767821768265,28.65612331859517],[77.24767244378342,28.655852734887898],[77.24817408506352,28.6553932729641],[77.24817023505621,28.655212883869332],[77.24806605749187,28.655124387265584],[77.24866802042497,28.65457303130115],[77.24887252440945,28.654569634483515],[77.24907317693769,28.65438584835279],[77.24927768050193,28.654382450943682],[77.24958058352277,28.65419696530507]]},"properties":{"id":"L00444","strahler":1,"length_m":477.0,"drop_m":0.8,"gradient":0.00168,"area_ha":12.13,"on_drain_share":0.0,"downstream":"L00434"}},{"type":"Feature","geometry":{"type":"LineString","coordinates":[[77.18521649052232,28.657957986515985],[77.1855288843587,28.658223629368074],[77.18583566408998,28.658218676441248]]},"properties":{"id":"L00391","strahler":3,"length_m":72.4,"drop_m":0.13,"gradient":0.00178,"area_ha":49.56,"on_drain_share":0.0,"downstream":"L00394"}},{"type":"Feature","geometry":{"type":"LineString","coordinates":[[77.18583566408998,28.658218676441248],[77.18614244374389,28.65821372282035],[77.18654586572568,28.65793652206772],[77.18746620155366,28.657921654430375],[77.18767446740375,28.658098746092065],[77.18798124633102,28.6580937883252]]},"properties":{"id":"L00394","strahler":3,"length_m":230.7,"drop_m":2.58,"gradient":0.01117,"area_ha":72.0,"on_drain_share":0.0,"downstream":"L00406"}},{"type":"Feature","geometry":{"type":"LineString","coordinates":[[77.17356255322133,28.658326053070926],[77.17325577066649,28.658330978215943],[77.1729434054979,28.658065305371963],[77.172937823038,28.657794708065246],[77.1723130991477,28.657263359795984],[77.17220525885716,28.65699440311887],[77.17199887962303,28.65690748526591],[77.1712830624341,28.656918967409414],[77.17086658802603,28.6565647299692],[77.17055981004904,28.656569648732408],[77.1704556921206,28.656481088896093],[77.17014891430337,28.656486006715586],[77.17004851324998,28.65657784512875]]},"properties":{"id":"L00435","strahler":1,"length_m":460.4,"drop_m":15.23,"gradient":0.03309,"area_ha":18.04,"on_drain_share":0.0,"downstream":null}},{"type":"Feature","geometry":{"type":"LineString","coordinates":[[77.18358407431195,28.658164783328058],[77.18470893378297,28.65814663538866],[77.18490971142296,28.65796293799935],[77.18521649052232,28.657957986515985]]},"properties":{"id":"L00399","strahler":2,"length_m":168.3,"drop_m":3.51,"gradient":0.02083,"area_ha":15.84,"on_drain_share":0.0,"downstream":"L00391"}},{"type":"Feature","geometry":{"type":"LineString","coordinates":[[77.18798124633102,28.6580937883252],[77.18828802518087,28.658088829864262],[77.18859105550823,28.65790347439063],[77.18940725554864,28.65780004857055],[77.18980879151954,28.657432640527553],[77.19011556806912,28.657427678031567],[77.19041859307035,28.657242318726166]]},"properties":{"id":"L00406","strahler":3,"length_m":277.3,"drop_m":0.36,"gradient":0.00129,"area_ha":87.19,"on_drain_share":0.0,"downstream":"L00395"}},{"type":"Feature","geometry":{"type":"LineString","coordinates":[[77.19041859307035,28.657242318726166],[77.19114941429781,28.65795231942154],[77.19115316713008,28.658132715429623]]},"properties":{"id":"L00395","strahler":4,"length_m":129.0,"drop_m":-1.87,"gradient":0.0,"area_ha":479.52,"on_drain_share":0.0,"downstream":"L00381"}},{"type":"Feature","geometry":{"type":"LineString","coordinates":[[77.1912404147543,28.657409476275024],[77.19125355006791,28.658040862292385],[77.19115316713008,28.658132715429623]]},"properties":{"id":"L00396","strahler":1,"length_m":84.1,"drop_m":-0.13,"gradient":0.0,"area_ha":7.29,"on_drain_share":0.0,"downstream":"L00381"}},{"type":"Feature","geometry":{"type":"LineString","coordinates":[[77.21006723232429,28.65764480828442],[77.21017138266178,28.657733335744012],[77.21078492902254,28.657723317723274],[77.21118259863667,28.65717545673214],[77.2117961413296,28.657165434308503],[77.21199686712258,28.656981699383252],[77.2126104083493,28.656971673332936],[77.21301185553175,28.656604200989293],[77.21331672960213,28.65650898939591],[77.21351745141078,28.656325252412714],[77.21412909223852,28.656225023053203],[77.2143298120376,28.65604128496534],[77.2147388352606,28.65603459439519],[77.21505129275592,28.65630016538598],[77.2169941556461,28.656268363579645],[77.21698846049563,28.655997774206828],[77.21708881763445,28.655905903221164]]},"properties":{"id":"L00431","strahler":1,"length_m":827.0,"drop_m":22.12,"gradient":0.02675,"area_ha":22.78,"on_drain_share":0.0,"downstream":"L00442"}},{"type":"Feature","geometry":{"type":"LineString","coordinates":[[77.21671586102741,28.65762633373488],[77.21681811821884,28.657624659322337],[77.21690898491872,28.65708180615633],[77.21731041658592,28.65671432186541]]},"properties":{"id":"L00407","strahler":1,"length_m":130.7,"drop_m":2.74,"gradient":0.02096,"area_ha":5.1,"on_drain_share":0.0,"downstream":"L00415"}},{"type":"Feature","geometry":{"type":"LineString","coordinates":[[77.24381371057977,28.657179917117684],[77.24391596544699,28.657178222271384],[77.24451796241569,28.656626883060287],[77.2445102745594,28.65626610402448]]},"properties":{"id":"L00410","strahler":1,"length_m":134.9,"drop_m":0.66,"gradient":0.0049,"area_ha":4.55,"on_drain_share":0.0,"downstream":"L00424"}},{"type":"Feature","geometry":{"type":"LineString","coordinates":[[77.18336833580922,28.657626891098055],[77.18337207527063,28.65780728805424],[77.18358407431195,28.658164783328058]]},"properties":{"id":"L00397","strahler":1,"length_m":68.3,"drop_m":1.66,"gradient":0.02427,"area_ha":5.55,"on_drain_share":0.0,"downstream":"L00399"}},{"type":"Feature","geometry":{"type":"LineString","coordinates":[[77.18735083010665,28.657291919025077],[77.18735644946003,28.65756251375017],[77.18798124633102,28.6580937883252]]},"properties":{"id":"L00398","strahler":1,"length_m":114.9,"drop_m":1.79,"gradient":0.0156,"area_ha":6.39,"on_drain_share":0.0,"downstream":"L00406"}},{"type":"Feature","geometry":{"type":"LineString","coordinates":[[77.25025382304106,28.656982796820042],[77.25055480417952,28.656707114359673],[77.25054516851586,28.65625614243927],[77.25144809896064,28.65542909173231]]},"properties":{"id":"L00429","strahler":1,"length_m":219.7,"drop_m":0.44,"gradient":0.002,"area_ha":8.55,"on_drain_share":0.0,"downstream":"L00428"}},{"type":"Feature","geometry":{"type":"LineString","coordinates":[[77.18426061422429,28.656259068688037],[77.18416957802579,28.65680190912509],[77.18500448658055,28.657600494068014],[77.18500822883875,28.65778089082764],[77.18521649052232,28.657957986515985]]},"properties":{"id":"L00400","strahler":2,"length_m":235.6,"drop_m":7.32,"gradient":0.03109,"area_ha":33.29,"on_drain_share":0.0,"downstream":"L00391"}},{"type":"Feature","geometry":{"type":"LineString","coordinates":[[77.19259318190078,28.65359798307549],[77.1921916699165,28.65396539825045],[77.19219542391293,28.654145794238612],[77.19179766190314,28.65469360441665],[77.19231832797654,28.655136316294676],[77.1924280936095,28.6554954522861],[77.19326117211772,28.656203785666136],[77.19337094228169,28.656562920604465],[77.19409989839241,28.657182706754497],[77.1942115516242,28.657632038577766],[77.19441794829825,28.657718921466575],[77.19472096585153,28.657533552899032],[77.19523225886239,28.657525263117382],[77.19533263748664,28.65743340717131],[77.1955371544385,28.657430090576963]]},"properties":{"id":"L00401","strahler":2,"length_m":725.0,"drop_m":2.98,"gradient":0.0041,"area_ha":70.4,"on_drain_share":0.0,"downstream":"L00360"}},{"type":"Feature","geometry":{"type":"LineString","coordinates":[[77.21844283374776,28.657056680119425],[77.21823832068394,28.6570600312601],[77.21803000890479,28.65688298932688],[77.21772323971564,28.656888014959492],[77.2173066191987,28.6565339290021]]},"properties":{"id":"L00416","strahler":1,"length_m":134.9,"drop_m":4.83,"gradient":0.0358,"area_ha":4.29,"on_drain_share":0.0,"downstream":"L00432"}},{"type":"Feature","geometry":{"type":"LineString","coordinates":[[77.22294211231754,28.65698287698986],[77.2231409134622,28.65670893054164]]},"properties":{"id":"L00403","strahler":1,"length_m":38.3,"drop_m":0.61,"gradient":0.01606,"area_ha":4.51,"on_drain_share":0.0,"downstream":"L00417"}},{"type":"Feature","geometry":{"type":"LineString","coordinates":[[77.1964405524626,28.65660338281184],[77.196139421361,28.656878952661575],[77.19583264764881,28.656883928714343],[77.19553151410985,28.657159497330944],[77.19543301593609,28.65734155115916],[77.1955371544385,28.657430090576963]]},"properties":{"id":"L00402","strahler":2,"length_m":153.1,"drop_m":1.38,"gradient":0.00904,"area_ha":52.79,"on_drain_share":0.0,"downstream":"L00360"}},{"type":"Feature","geometry":{"type":"LineString","coordinates":[[77.2413288830364,28.65577745102565],[77.24214691223568,28.655763905707474],[77.24224724587916,28.655672017286783],[77.24276043376486,28.655753743480584],[77.24286844884814,28.656022634111686],[77.24349349801545,28.656553637481164],[77.24380026083497,28.656548553537394],[77.24379833947816,28.656458358734927],[77.24440033325341,28.655907020188142]]},"properties":{"id":"L00423","strahler":1,"length_m":392.1,"drop_m":6.59,"gradient":0.01681,"area_ha":8.43,"on_drain_share":0.0,"downstream":"L00443"}},{"type":"Feature","geometry":{"type":"LineString","coordinates":[[77.26465994570052,28.656201217436646],[77.26465800651869,28.656111023927327],[77.26445156277416,28.656024251221293],[77.26444962378487,28.655934057696587],[77.26465218902662,28.655840443391426],[77.2646444324952,28.655479669325054],[77.26564755013442,28.654560626436783],[77.26584429147009,28.654196430151053],[77.26654451929276,28.653462901946376]]},"properties":{"id":"L00459","strahler":1,"length_m":407.0,"drop_m":4.12,"gradient":0.01013,"area_ha":8.7,"on_drain_share":0.0,"downstream":"L00496"}},{"type":"Feature","geometry":{"type":"LineString","coordinates":[[77.23397042068943,28.656079527669565],[77.23407076218449,28.655987644903615],[77.23447977970335,28.655980894733204],[77.23458394749203,28.65606940237625],[77.2348907107747,28.656064338688694],[77.23509904734787,28.656241353201477],[77.23683737379409,28.65621264302916],[77.23714030576355,28.656027183776565],[77.23776532795382,28.656558215215174],[77.23776724415512,28.65664841038941]]},"properties":{"id":"L00404","strahler":1,"length_m":429.7,"drop_m":4.69,"gradient":0.01091,"area_ha":10.68,"on_drain_share":0.0,"downstream":"L00383"}},{"type":"Feature","geometry":{"type":"LineString","coordinates":[[77.23741258393676,28.65439860046221],[77.23732374097969,28.655031656839235],[77.23742791000707,28.65512016222345],[77.23743748908694,28.65557113828135],[77.23786183382862,28.65628593945673],[77.23786758264185,28.65655652496847],[77.23776724415512,28.65664841038941]]},"properties":{"id":"L00405","strahler":3,"length_m":279.0,"drop_m":-0.21,"gradient":0.0,"area_ha":95.79,"on_drain_share":0.0,"downstream":"L00383"}},{"type":"Feature","geometry":{"type":"LineString","coordinates":[[77.22188530385176,28.65537613272808],[77.22198946110501,28.655464650693833],[77.22219397055166,28.655461294059528],[77.2226106019414,28.65581536434651],[77.22261250511356,28.655905560463417],[77.22281701532917,28.655902202841368],[77.22292117386692,28.655990720011527],[77.22283224241936,28.656623771629235],[77.22293640172612,28.656712288738852],[77.2231409134622,28.65670893054164]]},"properties":{"id":"L00409","strahler":1,"length_m":243.1,"drop_m":2.41,"gradient":0.00991,"area_ha":12.93,"on_drain_share":0.0,"downstream":"L00417"}},{"type":"Feature","geometry":{"type":"LineString","coordinates":[[77.2231409134622,28.65670893054164],[77.22682211872889,28.656648430250456],[77.2269224673478,28.656556552418042],[77.22855664508701,28.656439434446412],[77.22865699191419,28.65634755541958],[77.23080434759521,28.656312188683426]]},"properties":{"id":"L00417","strahler":2,"length_m":762.4,"drop_m":2.19,"gradient":0.00287,"area_ha":32.7,"on_drain_share":0.0,"downstream":"L00377"}},{"type":"Feature","geometry":{"type":"LineString","coordinates":[[77.25144809896064,28.65542909173231],[77.25238573011734,28.656225532834576],[77.25269249010532,28.656220428805117],[77.25339475641739,28.655577157201684],[77.25349700905537,28.65557545520899]]},"properties":{"id":"L00428","strahler":3,"length_m":266.3,"drop_m":-0.08,"gradient":0.0,"area_ha":221.94,"on_drain_share":0.0,"downstream":"L00412"}},{"type":"Feature","geometry":{"type":"LineString","coordinates":[[77.25349700905537,28.65557545520899],[77.25422628884918,28.656194898249257],[77.25432854202786,28.6561931955954]]},"properties":{"id":"L00412","strahler":3,"length_m":109.0,"drop_m":0.25,"gradient":0.00229,"area_ha":228.78,"on_drain_share":0.0,"downstream":"L00387"}},{"type":"Feature","geometry":{"type":"LineString","coordinates":[[77.2885828554826,28.655618467507914],[77.28878343627142,28.65543462631104],[77.28908822617184,28.65533924799699],[77.28928684535175,28.655065214148713],[77.29000259229595,28.655053109115745]]},"properties":{"id":"L00425","strahler":1,"length_m":170.7,"drop_m":1.23,"gradient":0.00718,"area_ha":8.32,"on_drain_share":0.0,"downstream":null}},{"type":"Feature","geometry":{"type":"LineString","coordinates":[[77.18853295901263,28.655107330779597],[77.18822993627937,28.65529268576236],[77.18763138045553,28.65602418683663],[77.18794190038729,28.656199625941966],[77.18804977905614,28.656468567971192],[77.18877495654218,28.656907988215288],[77.18969528201397,28.65689310591809],[77.18990354921874,28.65707019408016],[77.19021032469372,28.657065231426728],[77.19041859307035,28.657242318726166]]},"properties":{"id":"L00413","strahler":3,"length_m":482.8,"drop_m":1.56,"gradient":0.00322,"area_ha":391.42,"on_drain_share":0.0,"downstream":"L00395"}},{"type":"Feature","geometry":{"type":"LineString","coordinates":[[77.21731041658592,28.65671432186541],[77.2173066191987,28.6565339290021]]},"properties":{"id":"L00415","strahler":2,"length_m":20.0,"drop_m":-0.02,"gradient":0.0,"area_ha":46.77,"on_drain_share":0.0,"downstream":"L00432"}},{"type":"Feature","geometry":{"type":"LineString","coordinates":[[77.2445102745594,28.65626610402448],[77.24440033325341,28.655907020188142]]},"properties":{"id":"L00424","strahler":2,"length_m":44.1,"drop_m":0.65,"gradient":0.01484,"area_ha":22.04,"on_drain_share":0.0,"downstream":"L00443"}},{"type":"Feature","geometry":{"type":"LineString","coordinates":[[77.25229509177912,28.65198640052512],[77.25311115642462,28.65188259633425],[77.25352594062583,28.652146372333235],[77.25353558740254,28.652597343600878],[77.2533388047837,28.65296152428618],[77.25334652180742,28.65332230130608],[77.25428607661442,28.654208923909135],[77.25429379727957,28.654569700626915],[77.25450602197087,28.65492707196205],[77.25441921277157,28.655650327960537],[77.25421856789531,28.655834121601227],[77.25422435859741,28.65610470408923],[77.25432854202786,28.6561931955954]]},"properties":{"id":"L00414","strahler":1,"length_m":657.0,"drop_m":1.69,"gradient":0.00257,"area_ha":13.02,"on_drain_share":0.0,"downstream":"L00387"}},{"type":"Feature","geometry":{"type":"LineString","coordinates":[[77.2173066191987,28.6565339290021],[77.21709641150055,28.656266689029284],[77.21708881763445,28.655905903221164]]},"properties":{"id":"L00432","strahler":2,"length_m":78.3,"drop_m":-0.05,"gradient":0.0,"area_ha":52.25,"on_drain_share":0.0,"downstream":"L00442"}},{"type":"Feature","geometry":{"type":"LineString","coordinates":[[77.20447546049765,28.654397543906974],[77.2044830107104,28.65475833287388],[77.20428416240121,28.6550322544417],[77.20428793726208,28.65521264893416],[77.20449811155201,28.655479910744535],[77.20419889321879,28.655845694484682],[77.20421210531786,28.656477075145762],[77.20411173575813,28.656568937218644],[77.20411551056415,28.656749331691156]]},"properties":{"id":"L00420","strahler":1,"length_m":293.1,"drop_m":2.54,"gradient":0.00866,"area_ha":9.36,"on_drain_share":0.0,"downstream":"L00379"}},{"type":"Feature","geometry":{"type":"LineString","coordinates":[[77.20503016060378,28.656463753692698],[77.20441661919136,28.656473745245158],[77.20411551056415,28.656749331691156]]},"properties":{"id":"L00421","strahler":1,"length_m":102.4,"drop_m":3.46,"gradient":0.03378,"area_ha":5.29,"on_drain_share":0.0,"downstream":"L00379"}},{"type":"Feature","geometry":{"type":"LineString","coordinates":[[77.23057309792709,28.655052819600392],[77.23059601762459,28.656135167166457],[77.23080434759521,28.656312188683426]]},"properties":{"id":"L00422","strahler":1,"length_m":148.3,"drop_m":5.47,"gradient":0.03688,"area_ha":7.54,"on_drain_share":0.0,"downstream":"L00377"}},{"type":"Feature","geometry":{"type":"LineString","coordinates":[[77.26076273107599,28.655724997946336],[77.26075692367792,28.655454416665272],[77.26105787154364,28.65517871256707],[77.26105399951848,28.65499832506996]]},"properties":{"id":"L00437","strahler":2,"length_m":92.4,"drop_m":0.0,"gradient":0.0,"area_ha":50.62,"on_drain_share":0.0,"downstream":"L00461"}},{"type":"Feature","geometry":{"type":"LineString","coordinates":[[77.24440033325341,28.655907020188142],[77.24620627683261,28.654252990336065],[77.2464107805423,28.65424959726959],[77.246514955888,28.654338095284388],[77.2480487337624,28.65431263620498]]},"properties":{"id":"L00443","strahler":2,"length_m":438.7,"drop_m":0.74,"gradient":0.00168,"area_ha":42.2,"on_drain_share":0.0,"downstream":"L00456"}},{"type":"Feature","geometry":{"type":"LineString","coordinates":[[77.19831944563663,28.653505128982488],[77.19833262123346,28.654136512362086],[77.19773038116153,28.654687658765056],[77.19752586983314,28.654690978381648],[77.19721345876756,28.654425364178877],[77.19670218147651,28.65443366062175],[77.19660180679551,28.654525517400508],[77.19639729562658,28.654528835296063],[77.19559429035058,28.65526368601279],[77.19560557052206,28.655804872621623],[77.19581384475177,28.65598195128793],[77.19632889124355,28.656154053223926],[77.1964405524626,28.65660338281184]]},"properties":{"id":"L00426","strahler":2,"length_m":615.3,"drop_m":0.31,"gradient":0.0005,"area_ha":21.69,"on_drain_share":0.0,"downstream":"L00402"}},{"type":"Feature","geometry":{"type":"LineString","coordinates":[[77.20185498811047,28.651372431525704],[77.20217305660789,28.65190862723603],[77.20197420691109,28.6521825455501],[77.20291145738604,28.652979352096466],[77.20291334347691,28.653069549454163],[77.20241150312425,28.653528853976354],[77.201905887804,28.653807762033505],[77.20160477934631,28.65408334293471],[77.20160854947274,28.654263737778248],[77.20140780931224,28.654447458068372],[77.2012032989561,28.6544507832118],[77.20069956019447,28.654819884604642],[77.19988339892392,28.65492337672508],[77.19928304642171,28.655564727318993],[77.19846499494716,28.6555780136822],[77.19776049084275,28.65613082100073],[77.1968420581511,28.656235955420513],[77.1964405524626,28.65660338281184]]},"properties":{"id":"L00427","strahler":1,"length_m":1063.0,"drop_m":8.11,"gradient":0.00763,"area_ha":28.97,"on_drain_share":0.0,"downstream":"L00402"}},{"type":"Feature","geometry":{"type":"LineString","coordinates":[[77.25306484829184,28.65449993176223],[77.25327321013579,28.654676916794738],[77.25328864497273,28.655398470663343],[77.25349700905537,28.65557545520899]]},"properties":{"id":"L00430","strahler":1,"length_m":136.6,"drop_m":0.48,"gradient":0.00348,"area_ha":6.33,"on_drain_share":0.0,"downstream":"L00412"}},{"type":"Feature","geometry":{"type":"LineString","coordinates":[[77.26044823210829,28.65536934505178],[77.26115044282074,28.654726036090246],[77.2611446346676,28.65445545484185],[77.2613452642562,28.654271651720325],[77.26134139188467,28.654091264234943],[77.26244096634018,28.652899955100448]]},"properties":{"id":"L00465","strahler":1,"length_m":352.8,"drop_m":0.0,"gradient":0.0,"area_ha":4.85,"on_drain_share":0.0,"downstream":"L00474"}},{"type":"Feature","geometry":{"type":"LineString","coordinates":[[77.27599042448315,28.655108949784314],[77.27619102771743,28.654925126054778]]},"properties":{"id":"L00433","strahler":1,"length_m":28.3,"drop_m":0.38,"gradient":0.01353,"area_ha":8.44,"on_drain_share":0.0,"downstream":"L00475"}},{"type":"Feature","geometry":{"type":"LineString","coordinates":[[77.21708881763445,28.655905903221164],[77.21769475465689,28.655535068769893],[77.21778941371741,28.65517260805401]]},"properties":{"id":"L00442","strahler":2,"length_m":120.7,"drop_m":0.65,"gradient":0.00535,"area_ha":79.79,"on_drain_share":0.0,"downstream":"L00472"}},{"type":"Feature","geometry":{"type":"LineString","coordinates":[[77.24958058352277,28.65419696530507],[77.25031175845193,28.65490662581531],[77.25071884006914,28.654809632441086],[77.25144809896064,28.65542909173231]]},"properties":{"id":"L00434","strahler":3,"length_m":252.1,"drop_m":2.98,"gradient":0.01182,"area_ha":205.07,"on_drain_share":0.0,"downstream":"L00428"}},{"type":"Feature","geometry":{"type":"LineString","coordinates":[[77.27619102771743,28.654925126054778],[77.27719208367344,28.65391581071738],[77.27718818423706,28.65373542520746],[77.27738878280744,28.653551599933763],[77.27738488309322,28.653371214438863],[77.27728068453062,28.653282741588],[77.27727093588338,28.65283177778898],[77.27766822878046,28.652283741411438]]},"properties":{"id":"L00475","strahler":2,"length_m":360.4,"drop_m":-0.3,"gradient":0.0,"area_ha":21.51,"on_drain_share":0.0,"downstream":"L00511"}},{"type":"Feature","geometry":{"type":"LineString","coordinates":[[77.26892928443655,28.65495679652235],[77.26882314820321,28.65477812359943],[77.26881537773542,28.654417350520212],[77.26808603083926,28.65379799010288]]},"properties":{"id":"L00447","strahler":1,"length_m":163.1,"drop_m":-1.89,"gradient":0.0,"area_ha":7.58,"on_drain_share":0.0,"downstream":"L00497"}},{"type":"Feature","geometry":{"type":"LineString","coordinates":[[77.27525908497238,28.654399437890092],[77.27619102771743,28.654925126054778]]},"properties":{"id":"L00438","strahler":1,"length_m":114.9,"drop_m":-0.26,"gradient":0.0,"area_ha":6.47,"on_drain_share":0.0,"downstream":"L00475"}},{"type":"Feature","geometry":{"type":"LineString","coordinates":[[77.26105399951848,28.65499832506996],[77.26125269408516,28.654724328289007],[77.26124882179943,28.654543940804118],[77.26144945135249,28.65436013753105],[77.26144557878843,28.654179750061022],[77.26224421497177,28.65326414702688]]},"properties":{"id":"L00461","strahler":5,"length_m":239.7,"drop_m":0.0,"gradient":0.0,"area_ha":1180.52,"on_drain_share":0.0,"downstream":"L00466"}},{"type":"Feature","geometry":{"type":"LineString","coordinates":[[77.18405235760679,28.656081971217635],[77.18426061422429,28.656259068688037]]},"properties":{"id":"L00439","strahler":1,"length_m":28.3,"drop_m":-0.35,"gradient":0.0,"area_ha":4.2,"on_drain_share":0.0,"downstream":"L00400"}},{"type":"Feature","geometry":{"type":"LineString","coordinates":[[77.18339954873461,28.65419769892942],[77.18350741364324,28.654466645394873],[77.18371566601753,28.654643743966172],[77.18371940561136,28.654824140959935],[77.18403365615717,28.655179986564427],[77.18403739637839,28.655360383505574],[77.18434977926329,28.655626029754043],[77.18446138932232,28.65607537206936],[77.18426061422429,28.656259068688037]]},"properties":{"id":"L00440","strahler":2,"length_m":279.7,"drop_m":-0.93,"gradient":0.0,"area_ha":26.57,"on_drain_share":0.0,"downstream":"L00400"}},{"type":"Feature","geometry":{"type":"LineString","coordinates":[[77.17934475068911,28.655977375258203],[77.17788702738576,28.654737628988297],[77.17788329778843,28.654557231290138]]},"properties":{"id":"L00464","strahler":1,"length_m":218.0,"drop_m":-3.03,"gradient":0.0,"area_ha":13.94,"on_drain_share":0.0,"downstream":"L00525"}},{"type":"Feature","geometry":{"type":"LineString","coordinates":[[77.21450588054859,28.654684990549477],[77.2165509687067,28.65465152414646],[77.21675927347803,28.654828568790876],[77.2170660368731,28.654823545670375],[77.21758680303971,28.65526615444081],[77.21778941371741,28.65517260805401]]},"properties":{"id":"L00441","strahler":1,"length_m":353.1,"drop_m":9.82,"gradient":0.0278,"area_ha":7.45,"on_drain_share":0.0,"downstream":"L00472"}},{"type":"Feature","geometry":{"type":"LineString","coordinates":[[77.21778941371741,28.65517260805401],[77.21799012486673,28.65498886497137],[77.21798252834319,28.654628079313987],[77.2181832381642,28.65444433600693],[77.2181623467136,28.653452175448706],[77.21805819458076,28.653363654225355]]},"properties":{"id":"L00472","strahler":2,"length_m":220.7,"drop_m":-0.3,"gradient":0.0,"area_ha":93.03,"on_drain_share":0.0,"downstream":"L00507"}},{"type":"Feature","geometry":{"type":"LineString","coordinates":[[77.27964801717518,28.65396470524877],[77.27923316582888,28.653701013490707]]},"properties":{"id":"L00445","strahler":1,"length_m":52.4,"drop_m":-0.32,"gradient":0.0,"area_ha":4.21,"on_drain_share":0.0,"downstream":"L00476"}},{"type":"Feature","geometry":{"type":"LineString","coordinates":[[77.22616283629722,28.654493818941315],[77.22586179332258,28.654769450412108],[77.22524827043645,28.654779535781262],[77.22503995241776,28.654602504987572],[77.22503423700341,28.654331917027793],[77.22451154181671,28.653799142311556],[77.22450773256294,28.653618750253397],[77.22470842850912,28.653434997975744],[77.22469890474152,28.652984017856674],[77.22428227866531,28.65262995363258],[77.2240701583832,28.65227252882728],[77.22416288885437,28.65181986878731],[77.22426323563072,28.651727992992697]]},"properties":{"id":"L00491","strahler":1,"length_m":512.8,"drop_m":0.44,"gradient":0.00086,"area_ha":10.43,"on_drain_share":0.0,"downstream":"L00499"}},{"type":"Feature","geometry":{"type":"LineString","coordinates":[[77.2480487337624,28.65431263620498],[77.24855999261197,28.654304145990398],[77.24876064524632,28.65412036031432],[77.24937222848673,28.654019974174105]]},"properties":{"id":"L00456","strahler":3,"length_m":142.4,"drop_m":-1.36,"gradient":0.0,"area_ha":184.6,"on_drain_share":0.0,"downstream":"L00451"}},{"type":"Feature","geometry":{"type":"LineString","coordinates":[[77.25701014114759,28.65244924043461],[77.25658955188891,28.6519148934818],[77.2561805563618,28.651921709534975],[77.25577928571309,28.652289300824187],[77.25568089881288,28.652471392601257],[77.25568862369663,28.65283216906434],[77.25558830503046,28.652924066681717],[77.25559602974214,28.65328484314375],[77.25622112164005,28.653815785230723],[77.25673044299427,28.653717070269497],[77.25704299219079,28.653982538854542],[77.2576564970582,28.653972309736186],[77.2581638839865,28.653783395460916],[77.25856515111857,28.653415797321678],[77.25866740129464,28.65341409154307],[77.25876578363625,28.653231997857795],[77.25907253356034,28.653226879866263],[77.25938315227845,28.653402148934273],[77.25978634829926,28.65312474133465],[77.25999858774975,28.653482103242485],[77.260830138576,28.654099802633137],[77.26093238925552,28.65409809510768],[77.26133364724828,28.653730489248304],[77.26173102955278,28.653182494876866],[77.2624332183223,28.65253918032494]]},"properties":{"id":"L00473","strahler":1,"length_m":1202.0,"drop_m":5.46,"gradient":0.00454,"area_ha":21.53,"on_drain_share":0.0,"downstream":"L00488"}},{"type":"Feature","geometry":{"type":"LineString","coordinates":[[77.26175039437157,28.65408443212873],[77.26174845784966,28.653994238409485],[77.26214971244832,28.653626630306835],[77.26224421497177,28.65326414702688]]},"properties":{"id":"L00462","strahler":1,"length_m":110.7,"drop_m":0.0,"gradient":0.0,"area_ha":6.66,"on_drain_share":0.0,"downstream":"L00466"}},{"type":"Feature","geometry":{"type":"LineString","coordinates":[[77.27054391338119,28.653937243501314],[77.27013102659657,28.653763715732012]]},"properties":{"id":"L00453","strahler":1,"length_m":48.3,"drop_m":-0.32,"gradient":0.0,"area_ha":4.18,"on_drain_share":0.0,"downstream":"L00452"}},{"type":"Feature","geometry":{"type":"LineString","coordinates":[[77.28025565528077,28.65368379606918],[77.2800511574621,28.65368724017019],[77.27995086061178,28.653779154687687],[77.27923316582888,28.653701013490707]]},"properties":{"id":"L00448","strahler":1,"length_m":108.3,"drop_m":0.14,"gradient":0.00131,"area_ha":5.89,"on_drain_share":0.0,"downstream":"L00476"}},{"type":"Feature","geometry":{"type":"LineString","coordinates":[[77.24587644613231,28.65317574283566],[77.24629314237512,28.653529736383337],[77.24700890025005,28.653517859115635],[77.2480487337624,28.65431263620498]]},"properties":{"id":"L00446","strahler":3,"length_m":263.8,"drop_m":0.74,"gradient":0.00281,"area_ha":141.02,"on_drain_share":0.0,"downstream":"L00456"}},{"type":"Feature","geometry":{"type":"LineString","coordinates":[[77.27013102659657,28.653763715732012],[77.26971619780203,28.65349999339427],[77.26940944934512,28.653505135533184],[77.26859922247954,28.653879617694837],[77.26808603083926,28.65379799010288]]},"properties":{"id":"L00452","strahler":2,"length_m":233.1,"drop_m":3.55,"gradient":0.01524,"area_ha":10.56,"on_drain_share":0.0,"downstream":"L00497"}},{"type":"Feature","geometry":{"type":"LineString","coordinates":[[77.27923316582888,28.653701013490707],[77.27902671655372,28.65361426340832],[77.27841517362212,28.653714781877618],[77.27779192803571,28.653274141324278],[77.27778217720454,28.65282317768535],[77.27757378078257,28.652646232467603],[77.27766822878046,28.652283741411438]]},"properties":{"id":"L00476","strahler":2,"length_m":291.4,"drop_m":2.04,"gradient":0.00699,"area_ha":13.39,"on_drain_share":0.0,"downstream":"L00511"}},{"type":"Feature","geometry":{"type":"LineString","coordinates":[[77.23683237609491,28.651160018525037],[77.23693271055802,28.651068133973855],[77.23724328943081,28.65124345633127],[77.23724520476355,28.651333651608496],[77.23755578492035,28.651508973169843],[77.23787019789204,28.65186468442107],[77.2378816935349,28.652405855782757],[77.23738193348527,28.652955476686472],[77.23738959588701,28.65331625766206],[77.23759793061917,28.65349326846192],[77.23740108975353,28.65385742908588],[77.23741258393676,28.65439860046221]]},"properties":{"id":"L00449","strahler":2,"length_m":470.4,"drop_m":2.73,"gradient":0.0058,"area_ha":38.41,"on_drain_share":0.0,"downstream":"L00405"}},{"type":"Feature","geometry":{"type":"LineString","coordinates":[[77.23858786512692,28.651943047472734],[77.23768485544495,28.652770016706082],[77.23810152424309,28.653124037123845],[77.23811110541311,28.653575013106614],[77.23791043402798,28.653758783979217],[77.23781393013148,28.65403105973049],[77.23741258393676,28.65439860046221]]},"properties":{"id":"L00450","strahler":2,"length_m":352.8,"drop_m":0.03,"gradient":8e-05,"area_ha":49.3,"on_drain_share":0.0,"downstream":"L00405"}},{"type":"Feature","geometry":{"type":"LineString","coordinates":[[77.24937222848673,28.654019974174105],[77.24958058352277,28.65419696530507]]},"properties":{"id":"L00451","strahler":3,"length_m":28.3,"drop_m":-0.2,"gradient":0.0,"area_ha":190.17,"on_drain_share":0.0,"downstream":"L00434"}},{"type":"Feature","geometry":{"type":"LineString","coordinates":[[77.26808603083926,28.65379799010288],[77.26798378095774,28.653799703011977],[77.26746282452307,28.653357299561506],[77.26745505916892,28.652996526066016],[77.26765373299358,28.65272252095915],[77.26764985007406,28.652542134221047],[77.26864708706147,28.651352491769092],[77.26863349182076,28.650721138470175]]},"properties":{"id":"L00497","strahler":2,"length_m":420.4,"drop_m":2.62,"gradient":0.00622,"area_ha":22.61,"on_drain_share":0.0,"downstream":"L00504"}},{"type":"Feature","geometry":{"type":"LineString","coordinates":[[77.18682757238626,28.65179643034527],[77.18693169830281,28.65188497714538],[77.18693918767843,28.6522457704987],[77.18714931336089,28.65251306208718],[77.18715305850141,28.65269345872348],[77.18634999796889,28.65342825750845],[77.18635935781938,28.653879249269604],[77.18656761345434,28.654056343268316],[77.18657135783864,28.654236739933733],[77.18698787197363,28.654590926782845],[77.1869916171602,28.6547713233833],[77.18730400517245,28.655036962522765],[77.18771115870747,28.654940155522205],[77.18801230799241,28.654664603459807],[77.1883228243294,28.6548400419069],[77.18853295901263,28.655107330779597]]},"properties":{"id":"L00454","strahler":3,"length_m":606.0,"drop_m":7.63,"gradient":0.01259,"area_ha":378.48,"on_drain_share":0.0,"downstream":"L00413"}},{"type":"Feature","geometry":{"type":"LineString","coordinates":[[77.1900461811363,28.65409034836251],[77.19015031199038,28.65417889238749],[77.18974878889985,28.654546300868237],[77.18914275009531,28.65491701527469],[77.18873372415662,28.654923628316148],[77.18853295901263,28.655107330779597]]},"properties":{"id":"L00455","strahler":1,"length_m":215.6,"drop_m":1.8,"gradient":0.00835,"area_ha":6.45,"on_drain_share":0.0,"downstream":"L00413"}},{"type":"Feature","geometry":{"type":"LineString","coordinates":[[77.27023133253546,28.65367180801101],[77.27013102659657,28.653763715732012]]},"properties":{"id":"L00457","strahler":1,"length_m":14.1,"drop_m":0.0,"gradient":0.0,"area_ha":4.55,"on_drain_share":0.0,"downstream":"L00452"}},{"type":"Feature","geometry":{"type":"LineString","coordinates":[[77.24926805123081,28.653931478472018],[77.24937222848673,28.654019974174105]]},"properties":{"id":"L00458","strahler":1,"length_m":14.1,"drop_m":0.0,"gradient":0.0,"area_ha":4.53,"on_drain_share":0.0,"downstream":"L00451"}},{"type":"Feature","geometry":{"type":"LineString","coordinates":[[77.26654451929276,28.653462901946376],[77.26774821570073,28.65236003490184],[77.26794300433109,28.651905642733],[77.26854289747544,28.651264011637664],[77.26853318702598,28.650813044963687],[77.26863349182076,28.650721138470175]]},"properties":{"id":"L00496","strahler":3,"length_m":387.0,"drop_m":0.78,"gradient":0.00202,"area_ha":84.69,"on_drain_share":0.0,"downstream":"L00504"}},{"type":"Feature","geometry":{"type":"LineString","coordinates":[[77.17758212070939,28.6548327622309],[77.17788329778843,28.654557231290138]]},"properties":{"id":"L00463","strahler":1,"length_m":42.4,"drop_m":-0.91,"gradient":0.0,"area_ha":5.22,"on_drain_share":0.0,"downstream":"L00525"}},{"type":"Feature","geometry":{"type":"LineString","coordinates":[[77.21551135226893,28.65385649205047],[77.21755642295636,28.65382301134892],[77.21776472757118,28.654000054462543],[77.21796923476276,28.653996704362857],[77.21806958921006,28.653904832776742],[77.21805819458076,28.653363654225355]]},"properties":{"id":"L00471","strahler":1,"length_m":322.4,"drop_m":7.59,"gradient":0.02354,"area_ha":6.97,"on_drain_share":0.0,"downstream":"L00507"}},{"type":"Feature","geometry":{"type":"LineString","coordinates":[[77.26224421497177,28.65326414702688],[77.2624448404025,28.653080342480273],[77.26244096634018,28.652899955100448]]},"properties":{"id":"L00466","strahler":5,"length_m":48.3,"drop_m":0.0,"gradient":0.0,"area_ha":1188.09,"on_drain_share":0.0,"downstream":"L00474"}},{"type":"Feature","geometry":{"type":"LineString","coordinates":[[77.17788329778843,28.654557231290138],[77.17798368979854,28.65446538751087],[77.17818820336475,28.654462097423103],[77.17898946594875,28.653637144875663],[77.17897827210885,28.65309595207522],[77.17856551994694,28.65292213638251],[77.17804491961957,28.652479367719796],[77.17773815499899,28.652484302100234],[77.17638461766789,28.651333089723934],[77.17607785604409,28.651338020164765],[77.17576736889168,28.65116255186892]]},"properties":{"id":"L00525","strahler":2,"length_m":618.4,"drop_m":0.65,"gradient":0.00105,"area_ha":30.04,"on_drain_share":0.0,"downstream":null}},{"type":"Feature","geometry":{"type":"LineString","coordinates":[[77.20702616140437,28.65408530448985],[77.20722689052735,28.65390157642955],[77.20743139898691,28.653898242249955],[77.20742950896476,28.65380804517826],[77.20722122101124,28.653630985173265],[77.20721366177791,28.65327019681312],[77.2069012323109,28.653004606034138],[77.20678008519528,28.652104301434722]]},"properties":{"id":"L00487","strahler":1,"length_m":273.1,"drop_m":2.35,"gradient":0.00861,"area_ha":7.95,"on_drain_share":0.0,"downstream":"L00513"}},{"type":"Feature","geometry":{"type":"LineString","coordinates":[[77.2397452150183,28.653457763203317],[77.23973370930624,28.652916592616524],[77.23910870076932,28.65238556935768],[77.23910678375849,28.65229537420957],[77.23858786512692,28.651943047472734]]},"properties":{"id":"L00485","strahler":1,"length_m":221.4,"drop_m":1.96,"gradient":0.00887,"area_ha":6.27,"on_drain_share":0.0,"downstream":"L00450"}},{"type":"Feature","geometry":{"type":"LineString","coordinates":[[77.21019225979148,28.653853200640214],[77.21039298264384,28.653669468204306],[77.21100650525415,28.65365945047408],[77.21160866615871,28.653108249030986],[77.21159541159612,28.652476871210954],[77.21002945670442,28.650968568070766]]},"properties":{"id":"L00514","strahler":1,"length_m":475.3,"drop_m":3.11,"gradient":0.00655,"area_ha":19.51,"on_drain_share":0.0,"downstream":"L00544"}},{"type":"Feature","geometry":{"type":"LineString","coordinates":[[77.2454674426946,28.653182526815193],[77.24587644613231,28.65317574283566]]},"properties":{"id":"L00467","strahler":1,"length_m":40.0,"drop_m":0.55,"gradient":0.01364,"area_ha":4.52,"on_drain_share":0.0,"downstream":"L00446"}},{"type":"Feature","geometry":{"type":"LineString","coordinates":[[77.26244096634018,28.652899955100448],[77.2624332183223,28.65253918032494]]},"properties":{"id":"L00474","strahler":5,"length_m":40.0,"drop_m":0.0,"gradient":0.0,"area_ha":1193.63,"on_drain_share":0.0,"downstream":"L00488"}},{"type":"Feature","geometry":{"type":"LineString","coordinates":[[77.18266132954676,28.653126857440387],[77.18266880468963,28.65348765175757],[77.18339954873461,28.65419769892942]]},"properties":{"id":"L00468","strahler":1,"length_m":149.0,"drop_m":0.91,"gradient":0.00608,"area_ha":7.21,"on_drain_share":0.0,"downstream":"L00440"}},{"type":"Feature","geometry":{"type":"LineString","coordinates":[[77.18331729978253,28.65022896263771],[77.18351993512516,28.650135466372003],[77.18383230036643,28.65040111491659],[77.18383603950262,28.650581512009268],[77.1840461540272,28.65084880908518],[77.18446077585455,28.651112806560302],[77.18446638635046,28.65138340205527],[77.18540537631067,28.652270535986986],[77.1854091184288,28.652450932840193],[77.18510796785417,28.652726479218273],[77.18398877618212,28.65301522286071],[77.18318382069631,28.65365980562122],[77.18318755922739,28.653840202705286],[77.18339954873461,28.65419769892942]]},"properties":{"id":"L00469","strahler":1,"length_m":712.5,"drop_m":6.73,"gradient":0.00945,"area_ha":14.29,"on_drain_share":0.0,"downstream":"L00440"}},{"type":"Feature","geometry":{"type":"LineString","coordinates":[[77.24494657789324,28.65274003116403],[77.24536326938487,28.65309402786704],[77.24577227250843,28.653087244221123],[77.24587644613231,28.65317574283566]]},"properties":{"id":"L00470","strahler":3,"length_m":110.7,"drop_m":1.25,"gradient":0.01126,"area_ha":130.74,"on_drain_share":0.0,"downstream":"L00446"}},{"type":"Feature","geometry":{"type":"LineString","coordinates":[[77.21805819458076,28.653363654225355],[77.21795214364442,28.653184936473718],[77.21815285094856,28.6530011933241],[77.21813765817801,28.652279621856252],[77.218537168801,28.651821938503513],[77.21852387344369,28.65119056352856]]},"properties":{"id":"L00507","strahler":2,"length_m":269.0,"drop_m":0.61,"gradient":0.00227,"area_ha":106.35,"on_drain_share":0.0,"downstream":"L00577"}},{"type":"Feature","geometry":{"type":"LineString","coordinates":[[77.23564557551092,28.653074386227157],[77.23543533081647,28.652807176814658],[77.23542193369478,28.652175809201733]]},"properties":{"id":"L00484","strahler":1,"length_m":108.3,"drop_m":0.73,"gradient":0.00677,"area_ha":6.46,"on_drain_share":0.0,"downstream":"L00500"}},{"type":"Feature","geometry":{"type":"LineString","coordinates":[[77.2624332183223,28.65253918032494],[77.2626319049734,28.652265181888968],[77.26262803072179,28.6520847945108],[77.26282865334241,28.651900989529445],[77.26282284156095,28.651630408482525],[77.26302346301198,28.651446603268692],[77.26301765083984,28.65117602224013]]},"properties":{"id":"L00488","strahler":5,"length_m":174.9,"drop_m":0.0,"gradient":0.0,"area_ha":1219.96,"on_drain_share":0.0,"downstream":"L00527"}},{"type":"Feature","geometry":{"type":"LineString","coordinates":[[77.27766822878046,28.652283741411438],[77.27806746796657,28.651825896787432],[77.27805771654155,28.65137493313872],[77.27855724648134,28.65082517423427],[77.27854749336527,28.65037421067293],[77.27874808343769,28.65019038379635],[77.27874418194043,28.650009998382885]]},"properties":{"id":"L00511","strahler":3,"length_m":295.6,"drop_m":1.64,"gradient":0.00556,"area_ha":41.89,"on_drain_share":0.0,"downstream":"L00532"}},{"type":"Feature","geometry":{"type":"LineString","coordinates":[[77.19583713538185,28.652191986375144],[77.19584465533597,28.652552777557677],[77.19554353342518,28.65282834568728],[77.19523677138044,28.652833319749874],[77.1949356470328,28.65310888664652],[77.19442625418412,28.653207372015792],[77.1938202406941,28.653578106124982],[77.1934112212343,28.653584733008802],[77.19330708843582,28.65349619160351],[77.19269355945994,28.653506129116526],[77.19259318190078,28.65359798307549]]},"properties":{"id":"L00479","strahler":2,"length_m":413.8,"drop_m":4.3,"gradient":0.01038,"area_ha":47.52,"on_drain_share":0.0,"downstream":"L00401"}},{"type":"Feature","geometry":{"type":"LineString","coordinates":[[77.24237495446845,28.652060833108834],[77.24278395442208,28.65205405870833],[77.24309646552223,28.65231956180949],[77.24391446689118,28.652306007306645],[77.2441170458536,28.652212423070786],[77.2445337325235,28.652566422625853],[77.24494657789324,28.65274003116403]]},"properties":{"id":"L00477","strahler":1,"length_m":291.4,"drop_m":3.64,"gradient":0.01251,"area_ha":6.63,"on_drain_share":0.0,"downstream":"L00470"}},{"type":"Feature","geometry":{"type":"LineString","coordinates":[[77.19359131539065,28.652408846723823],[77.19258942730875,28.653417587120863],[77.19259318190078,28.65359798307549]]},"properties":{"id":"L00478","strahler":1,"length_m":171.4,"drop_m":1.11,"gradient":0.00648,"area_ha":5.35,"on_drain_share":0.0,"downstream":"L00401"}},{"type":"Feature","geometry":{"type":"LineString","coordinates":[[77.19706981823154,28.65244267409547],[77.19748635790388,28.65279682717688],[77.1977931193786,28.652791848025675],[77.19810552667634,28.653057461134075],[77.19811117265492,28.65332805407575],[77.19831944563663,28.653505128982488]]},"properties":{"id":"L00480","strahler":1,"length_m":187.3,"drop_m":0.12,"gradient":0.00066,"area_ha":6.19,"on_drain_share":0.0,"downstream":"L00426"}},{"type":"Feature","geometry":{"type":"LineString","coordinates":[[77.19901451631753,28.65250133168345],[77.19881000940805,28.652504653007973],[77.19860926721108,28.652688369273832],[77.19861679680902,28.653049159757508],[77.1985164251335,28.653141017810835],[77.19852018982687,28.653321413054517],[77.19831944563663,28.653505128982488]]},"properties":{"id":"L00481","strahler":1,"length_m":150.7,"drop_m":2.7,"gradient":0.01788,"area_ha":5.11,"on_drain_share":0.0,"downstream":"L00426"}},{"type":"Feature","geometry":{"type":"LineString","coordinates":[[77.24501423152779,28.651114829534563],[77.24461292238782,28.651482389752644],[77.24461676571227,28.651662779387838],[77.24441610977985,28.651846559122145],[77.24452988919725,28.652386033004426],[77.24494657789324,28.65274003116403]]},"properties":{"id":"L00482","strahler":3,"length_m":225.6,"drop_m":1.08,"gradient":0.00477,"area_ha":122.81,"on_drain_share":0.0,"downstream":"L00470"}},{"type":"Feature","geometry":{"type":"LineString","coordinates":[[77.17438794090033,28.65371112252757],[77.17407558757246,28.653445451543654],[77.1736665632313,28.653452018779845],[77.17346019009238,28.65336510280409],[77.17344158139213,28.65246311141988],[77.17364050872392,28.652189230994722],[77.17270347310225,28.651392209216944]]},"properties":{"id":"L00518","strahler":1,"length_m":372.1,"drop_m":4.43,"gradient":0.0119,"area_ha":8.98,"on_drain_share":0.0,"downstream":"L00524"}},{"type":"Feature","geometry":{"type":"LineString","coordinates":[[77.17724924990293,28.653574911439012],[77.1771488580094,28.653666754673285],[77.17684208974977,28.65367168721071],[77.17652973074618,28.653406022218928],[77.17601845132468,28.65341424032411],[77.17424659191006,28.651818583780766],[77.17353267121194,28.651920275091086],[77.17270347310225,28.651392209216944]]},"properties":{"id":"L00521","strahler":1,"length_m":566.0,"drop_m":3.55,"gradient":0.00627,"area_ha":12.01,"on_drain_share":0.0,"downstream":"L00524"}},{"type":"Feature","geometry":{"type":"LineString","coordinates":[[77.23139976699677,28.650618069098485],[77.23262675886036,28.650597842536474],[77.2326420497567,28.65131940706421],[77.2327462112094,28.65140791651984],[77.23325746133347,28.651399484841512],[77.2335699479186,28.651665011412096],[77.23387669859488,28.6516599507297],[77.23418727469507,28.651835280273282],[77.23429908939926,28.652284570226133],[77.23481990998442,28.6527271095069],[77.23492216116158,28.652725421689375],[77.23542193369478,28.652175809201733]]},"properties":{"id":"L00483","strahler":1,"length_m":590.4,"drop_m":9.68,"gradient":0.01639,"area_ha":13.4,"on_drain_share":0.0,"downstream":"L00500"}},{"type":"Feature","geometry":{"type":"LineString","coordinates":[[77.2647752494004,28.65204889408701],[77.26467106212131,28.65196041083809],[77.26385307514373,28.65197409053083],[77.26301765083984,28.65117602224013]]},"properties":{"id":"L00489","strahler":1,"length_m":217.3,"drop_m":5.66,"gradient":0.02604,"area_ha":5.12,"on_drain_share":0.0,"downstream":"L00527"}},{"type":"Feature","geometry":{"type":"LineString","coordinates":[[77.2248900748674,28.652349285262176],[77.22426323563072,28.651727992992697]]},"properties":{"id":"L00492","strahler":1,"length_m":94.9,"drop_m":-1.01,"gradient":0.0,"area_ha":6.74,"on_drain_share":0.0,"downstream":"L00499"}},{"type":"Feature","geometry":{"type":"LineString","coordinates":[[77.23542193369478,28.652175809201733],[77.23572294319113,28.65190015816032],[77.23592744380592,28.651896781173665],[77.23683237609491,28.651160018525037]]},"properties":{"id":"L00500","strahler":2,"length_m":185.6,"drop_m":1.13,"gradient":0.00607,"area_ha":23.3,"on_drain_share":0.0,"downstream":"L00449"}},{"type":"Feature","geometry":{"type":"LineString","coordinates":[[77.17130723433975,28.653128959400487],[77.17140577202296,28.652946920986395],[77.17139833560171,28.652586123933478],[77.17159912790872,28.65240244547451],[77.1715935502094,28.652131847699806],[77.17239113104053,28.651126533659614]]},"properties":{"id":"L00523","strahler":1,"length_m":265.6,"drop_m":6.73,"gradient":0.02534,"area_ha":9.38,"on_drain_share":0.0,"downstream":"L00538"}},{"type":"Feature","geometry":{"type":"LineString","coordinates":[[77.27098711124982,28.650771907822435],[77.27068620274895,28.65104763199941],[77.27038140530672,28.65114296915244],[77.26998019005737,28.65151059964141],[77.26872991200977,28.650448845252402]]},"properties":{"id":"L00505","strahler":1,"length_m":302.8,"drop_m":-0.75,"gradient":0.0,"area_ha":9.49,"on_drain_share":0.0,"downstream":"L00605"}},{"type":"Feature","geometry":{"type":"LineString","coordinates":[[77.20678008519528,28.652104301434722],[77.20770035757504,28.652089299090743],[77.20801278604912,28.652354888096113],[77.20831954406101,28.652349885177316],[77.2086206292517,28.65207429050201],[77.20892738632095,28.65206928625138],[77.2092284690745,28.65179369034421],[77.2095352252011,28.651788684761772],[77.20983630551753,28.651513087622806],[77.21003324076223,28.651148961971476],[77.21002945670442,28.650968568070766]]},"properties":{"id":"L00513","strahler":2,"length_m":418.0,"drop_m":4.47,"gradient":0.01069,"area_ha":23.27,"on_drain_share":0.0,"downstream":"L00544"}},{"type":"Feature","geometry":{"type":"LineString","coordinates":[[77.22355509343807,28.652100533849712],[77.22395648274518,28.651733031916734],[77.22405111744571,28.6513705680096]]},"properties":{"id":"L00498","strahler":1,"length_m":100.7,"drop_m":-2.86,"gradient":0.0,"area_ha":6.55,"on_drain_share":0.0,"downstream":"L00557"}},{"type":"Feature","geometry":{"type":"LineString","coordinates":[[77.23999060109438,28.650566445174366],[77.23978993854847,28.650750218408703],[77.23897194693916,28.650763747335862],[77.23887161463486,28.65085563328801],[77.23877511539807,28.651127909546602],[77.23847603284,28.651493762039625],[77.23858786512692,28.651943047472734]]},"properties":{"id":"L00486","strahler":2,"length_m":263.1,"drop_m":2.19,"gradient":0.00832,"area_ha":39.87,"on_drain_share":0.0,"downstream":"L00450"}},{"type":"Feature","geometry":{"type":"LineString","coordinates":[[77.28296164455548,28.651111883063656],[77.28223224428773,28.650492602037346],[77.28223029052904,28.65040240955459],[77.28343182512707,28.649209221350436],[77.28340250585258,28.647856334847486],[77.2831921566998,28.647589205685396]]},"properties":{"id":"L00552","strahler":1,"length_m":477.0,"drop_m":1.86,"gradient":0.0039,"area_ha":16.69,"on_drain_share":0.0,"downstream":"L00623"}},{"type":"Feature","geometry":{"type":"LineString","coordinates":[[77.28756271501376,28.65103422370818],[77.28868741835718,28.651015216570208],[77.28898827671169,28.65073945503472],[77.29001073046149,28.650722165606098]]},"properties":{"id":"L00493","strahler":1,"length_m":252.4,"drop_m":1.19,"gradient":0.00473,"area_ha":14.39,"on_drain_share":0.0,"downstream":null}},{"type":"Feature","geometry":{"type":"LineString","coordinates":[[77.2055322837045,28.651132125466823],[77.20574056376111,28.651309188558635],[77.205945067396,28.651305856897658],[77.20596017608673,28.65202743442417],[77.20616656988496,28.652114299528055],[77.20627260025935,28.65229302770052],[77.20657558012654,28.65210763444089],[77.20678008519528,28.652104301434722]]},"properties":{"id":"L00490","strahler":1,"length_m":234.9,"drop_m":4.95,"gradient":0.02109,"area_ha":7.81,"on_drain_share":0.0,"downstream":"L00513"}},{"type":"Feature","geometry":{"type":"LineString","coordinates":[[77.21504734031086,28.651247482438905],[77.21514769501026,28.651155612989346],[77.2157612010128,28.65114557452626],[77.21628194276185,28.651588189844365],[77.21628384018528,28.651678386405226],[77.2164883430777,28.65167503878843],[77.21680079098404,28.65194060636621],[77.21700719238335,28.65202745445304],[77.21762070268665,28.65201740729001],[77.2177248530635,28.65210592896],[77.21782710482886,28.65210425407967],[77.21792366001698,28.651831989754744],[77.21852387344369,28.65119056352856]]},"properties":{"id":"L00506","strahler":1,"length_m":454.6,"drop_m":11.18,"gradient":0.0246,"area_ha":10.64,"on_drain_share":0.0,"downstream":"L00577"}},{"type":"Feature","geometry":{"type":"LineString","coordinates":[[77.27539150437052,28.651058864374196],[77.27497472714256,28.650704965275512],[77.27456574152282,28.650711836573308],[77.27435540756015,28.650444692831638],[77.27434761955311,28.650083920909],[77.27465046252678,28.649898382217163],[77.27484911159652,28.649624367815534],[77.2749513569399,28.649622649952224],[77.27494356715856,28.649261878135466],[77.27473518267394,28.649084927791925],[77.27381497881713,28.64910038405429],[77.27340016083464,28.64883667232817],[77.27309342673361,28.64884182204588],[77.27278085594652,28.64857639177083],[77.2727711284492,28.64812542624588],[77.27225212803793,28.64777323358401]]},"properties":{"id":"L00551","strahler":1,"length_m":661.1,"drop_m":1.65,"gradient":0.0025,"area_ha":14.96,"on_drain_share":0.0,"downstream":"L00606"}},{"type":"Feature","geometry":{"type":"LineString","coordinates":[[77.26301765083984,28.65117602224013],[77.26311021131583,28.65072334484674],[77.26340726471707,28.650267249113032],[77.26339370147056,28.649635893419134]]},"properties":{"id":"L00527","strahler":5,"length_m":186.6,"drop_m":0.0,"gradient":0.0,"area_ha":1231.71,"on_drain_share":0.0,"downstream":"L00529"}},{"type":"Feature","geometry":{"type":"LineString","coordinates":[[77.22426323563072,28.651727992992697],[77.22425942712874,28.651547600848904],[77.22405111744571,28.6513705680096]]},"properties":{"id":"L00499","strahler":2,"length_m":48.3,"drop_m":-0.16,"gradient":0.0,"area_ha":17.93,"on_drain_share":0.0,"downstream":"L00557"}},{"type":"Feature","geometry":{"type":"LineString","coordinates":[[77.22814876536455,28.651664106567406],[77.22824910831375,28.651572228015326],[77.22845360933621,28.651568862346604],[77.22865429432595,28.651385104761516],[77.22896104521718,28.651380055255316],[77.22916172893127,28.6511962969818],[77.22967297928011,28.651187878888138],[77.23007434268914,28.6508203601343],[77.230068615247,28.650549772951972],[77.22923535255386,28.649841676813715],[77.23013840914399,28.649014761353513]]},"properties":{"id":"L00547","strahler":1,"length_m":497.7,"drop_m":2.23,"gradient":0.00447,"area_ha":13.0,"on_drain_share":0.0,"downstream":"L00633"}},{"type":"Feature","geometry":{"type":"LineString","coordinates":[[77.1956288690599,28.652014907246276],[77.19583713538185,28.652191986375144]]},"properties":{"id":"L00494","strahler":1,"length_m":28.3,"drop_m":-0.54,"gradient":0.0,"area_ha":4.78,"on_drain_share":0.0,"downstream":"L00479"}},{"type":"Feature","geometry":{"type":"LineString","coordinates":[[77.19713068891413,28.650456664761915],[77.19612509353422,28.651285033191293],[77.19613261419146,28.65164582435232],[77.19593186857648,28.651829536833127],[77.19583713538185,28.652191986375144]]},"properties":{"id":"L00495","strahler":2,"length_m":249.7,"drop_m":1.09,"gradient":0.00435,"area_ha":36.85,"on_drain_share":0.0,"downstream":"L00479"}},{"type":"Feature","geometry":{"type":"LineString","coordinates":[[77.24634346652199,28.651092782988083],[77.24572997363315,28.651102959936026],[77.24562964728352,28.651194850584623],[77.24501423152779,28.651114829534563]]},"properties":{"id":"L00501","strahler":1,"length_m":138.3,"drop_m":0.3,"gradient":0.00219,"area_ha":5.65,"on_drain_share":0.0,"downstream":"L00482"}},{"type":"Feature","geometry":{"type":"LineString","coordinates":[[77.26863349182076,28.650721138470175],[77.26862960754654,28.65054075180144],[77.26872991200977,28.650448845252402]]},"properties":{"id":"L00504","strahler":3,"length_m":34.1,"drop_m":-1.34,"gradient":0.0,"area_ha":107.75,"on_drain_share":0.0,"downstream":"L00605"}},{"type":"Feature","geometry":{"type":"LineString","coordinates":[[77.22405111744571,28.6513705680096],[77.2239469628663,28.651282051453574],[77.2237424617725,28.65128541028827],[77.22342999955428,28.651019859574642],[77.22342619259,28.650839467309716],[77.22372532811384,28.650473645258998],[77.22371771338176,28.650112860767287],[77.2235094075602,28.64993582685229],[77.22320265973268,28.649940863782277],[77.22267999668907,28.649408079955894],[77.22216875253724,28.649416471182853],[77.22185629991098,28.649150916242263],[77.22134505672004,28.64915930429214],[77.22124090658713,28.64907078538016],[77.22103640940685,28.649074139893862],[77.22072396052808,28.64880858211261],[77.22071065373355,28.648177207794586]]},"properties":{"id":"L00557","strahler":2,"length_m":617.0,"drop_m":9.75,"gradient":0.01581,"area_ha":32.08,"on_drain_share":0.0,"downstream":"L00586"}},{"type":"Feature","geometry":{"type":"LineString","coordinates":[[77.23507308517114,28.65019657441867],[77.23517533387583,28.650194886545844],[77.23611088619917,28.650901255082616],[77.2363153848217,28.650897877617588],[77.23662787703616,28.65116339679868],[77.23683237609491,28.651160018525037]]},"properties":{"id":"L00502","strahler":1,"length_m":215.6,"drop_m":1.09,"gradient":0.00506,"area_ha":6.59,"on_drain_share":0.0,"downstream":"L00449"}},{"type":"Feature","geometry":{"type":"LineString","coordinates":[[77.24646334840409,28.64712082179194],[77.24636879475068,28.64748329708278],[77.2461681495047,28.647667078905265],[77.24617199488283,28.647847468449275],[77.24587102523267,28.64812314071975],[77.24588063765482,28.648574114631632],[77.24568191191669,28.64884809065482],[77.24568575665094,28.649028480227674],[77.24548510738904,28.649212261229337],[77.24549664086145,28.649753429976148],[77.24489660786134,28.65039496639885],[77.24490237332974,28.650665550840362],[77.24521488504949,28.65093104903085],[77.24501423152779,28.651114829534563]]},"properties":{"id":"L00503","strahler":3,"length_m":527.0,"drop_m":-0.85,"gradient":0.0,"area_ha":114.71,"on_drain_share":0.0,"downstream":"L00482"}},{"type":"Feature","geometry":{"type":"LineString","coordinates":[[77.26239254356345,28.650645112406604],[77.26339370147056,28.649635893419134]]},"properties":{"id":"L00526","strahler":1,"length_m":151.4,"drop_m":0.0,"gradient":0.0,"area_ha":4.28,"on_drain_share":0.0,"downstream":"L00529"}},{"type":"Feature","geometry":{"type":"LineString","coordinates":[[77.26555832417435,28.650411725475042],[77.26515321531613,28.650598955387448],[77.26359044286777,28.649271700245706]]},"properties":{"id":"L00530","strahler":1,"length_m":260.4,"drop_m":4.01,"gradient":0.01541,"area_ha":8.51,"on_drain_share":0.0,"downstream":"L00580"}},{"type":"Feature","geometry":{"type":"LineString","coordinates":[[77.27916096807434,28.650363885342767],[77.27874418194043,28.650009998382885]]},"properties":{"id":"L00512","strahler":1,"length_m":56.6,"drop_m":3.05,"gradient":0.05385,"area_ha":4.07,"on_drain_share":0.0,"downstream":"L00532"}},{"type":"Feature","geometry":{"type":"LineString","coordinates":[[77.25114336822428,28.650742384288083],[77.25155236059632,28.650735583698435],[77.25175300133408,28.650551794167185],[77.25297997529132,28.65053138330024],[77.25308029424366,28.650439487587022],[77.25390020492225,28.650516067865738],[77.25409891124472,28.65024208085427],[77.25471239558793,28.650231866285022],[77.25491302957575,28.650048072417665],[77.25532201819087,28.650041260597295],[77.2559277760153,28.64967026400356],[77.25707374374599,28.650643655026272],[77.25727823892166,28.650640245944007],[77.2577798125154,28.650180751815075],[77.2579843066933,28.650177341717164]]},"properties":{"id":"L00517","strahler":1,"length_m":796.0,"drop_m":2.37,"gradient":0.00298,"area_ha":15.81,"on_drain_share":0.0,"downstream":"L00539"}},{"type":"Feature","geometry":{"type":"LineString","coordinates":[[77.26872991200977,28.650448845252402],[77.26890527044073,28.649092518678945],[77.26980799042886,28.648265356194106],[77.26978467563198,28.64718303659278],[77.26998527627046,28.64699922210675],[77.26998139028225,28.64681883550826],[77.27008169018268,28.646726928176925],[77.27004865939122,28.64519364196222],[77.27014895778412,28.645101734651295],[77.2701450718214,28.644921348022805]]},"properties":{"id":"L00605","strahler":3,"length_m":672.1,"drop_m":2.92,"gradient":0.00435,"area_ha":130.43,"on_drain_share":0.0,"downstream":"L00621"}},{"type":"Feature","geometry":{"type":"LineString","coordinates":[[77.18535860273417,28.65001557487851],[77.18567097194156,28.650281218950653],[77.18577883781633,28.650550163652515],[77.18588109027323,28.650548512968047],[77.18598708556156,28.65072725903587],[77.18599457134475,28.651088052678855],[77.18682757238626,28.65179643034527]]},"properties":{"id":"L00508","strahler":1,"length_m":263.8,"drop_m":5.32,"gradient":0.02018,"area_ha":9.14,"on_drain_share":0.0,"downstream":"L00454"}},{"type":"Feature","geometry":{"type":"LineString","coordinates":[[77.18732760442016,28.65124698193709],[77.18682570015984,28.651706231996194],[77.18682757238626,28.65179643034527]]},"properties":{"id":"L00509","strahler":3,"length_m":80.7,"drop_m":0.24,"gradient":0.00299,"area_ha":359.37,"on_drain_share":0.0,"downstream":"L00454"}},{"type":"Feature","geometry":{"type":"LineString","coordinates":[[77.21727788075754,28.65030869762151],[77.21768688091706,28.650301999369972],[77.21789517835163,28.650479042739445],[77.21800502379536,28.65083815369197],[77.21842162261304,28.65119223888616],[77.21852387344369,28.65119056352856]]},"properties":{"id":"L00510","strahler":1,"length_m":179.0,"drop_m":6.06,"gradient":0.03383,"area_ha":5.74,"on_drain_share":0.0,"downstream":"L00577"}},{"type":"Feature","geometry":{"type":"LineString","coordinates":[[77.21852387344369,28.65119056352856],[77.2188249272176,28.650914947754615],[77.21881922863041,28.65064435850418],[77.21901992980092,28.650460614354785],[77.21890628235448,28.649921111533114],[77.2186960851631,28.649653873300636],[77.21867329379923,28.64857151593162],[77.2191750368529,28.648112155983995],[77.21926588654988,28.647569301651334]]},"properties":{"id":"L00577","strahler":2,"length_m":458.0,"drop_m":0.12,"gradient":0.00027,"area_ha":127.09,"on_drain_share":0.0,"downstream":"L00618"}},{"type":"Feature","geometry":{"type":"LineString","coordinates":[[77.27874418194043,28.650009998382885],[77.27873832976171,28.649739420252768],[77.27923784882596,28.64918965935345],[77.27923394665238,28.64900927397495]]},"properties":{"id":"L00532","strahler":3,"length_m":130.7,"drop_m":0.3,"gradient":0.00226,"area_ha":47.7,"on_drain_share":0.0,"downstream":"L00631"}},{"type":"Feature","geometry":{"type":"LineString","coordinates":[[77.2579843066933,28.650177341717164],[77.25808848685126,28.65026583055106],[77.25849554198271,28.650168815123482],[77.25859585550377,28.65007691560546],[77.25859198851005,28.649896527665415],[77.25909355271024,28.649437029140152],[77.25909161883436,28.649346835193292],[77.25857072067943,28.648904393900704],[77.25847040817843,28.64899629335334]]},"properties":{"id":"L00539","strahler":3,"length_m":258.0,"drop_m":-0.27,"gradient":0.0,"area_ha":108.87,"on_drain_share":0.0,"downstream":null}},{"type":"Feature","geometry":{"type":"LineString","coordinates":[[77.21002945670442,28.650968568070766],[77.20999918549309,28.64952541667558]]},"properties":{"id":"L00544","strahler":2,"length_m":160.0,"drop_m":1.34,"gradient":0.00835,"area_ha":44.8,"on_drain_share":0.0,"downstream":"L00572"}},{"type":"Feature","geometry":{"type":"LineString","coordinates":[[77.23915344219853,28.649678023492747],[77.23967426817742,28.650120543828145],[77.23977651648629,28.650118852486536],[77.23978035131718,28.65029924275661],[77.23999060109438,28.650566445174366]]},"properties":{"id":"L00515","strahler":2,"length_m":139.0,"drop_m":2.07,"gradient":0.01493,"area_ha":29.22,"on_drain_share":0.0,"downstream":"L00486"}},{"type":"Feature","geometry":{"type":"LineString","coordinates":[[77.24212630574758,28.649989735362418],[77.24192564818311,28.650173511509845],[77.24131215878364,28.650183668153574],[77.24111149936635,28.650367443188458],[77.24009093210526,28.650474558458498],[77.23999060109438,28.650566445174366]]},"properties":{"id":"L00516","strahler":1,"length_m":234.9,"drop_m":2.66,"gradient":0.01131,"area_ha":7.97,"on_drain_share":0.0,"downstream":"L00486"}},{"type":"Feature","geometry":{"type":"LineString","coordinates":[[77.18742985744706,28.651245330047004],[77.18732760442016,28.65124698193709]]},"properties":{"id":"L00519","strahler":1,"length_m":10.0,"drop_m":0.0,"gradient":0.0,"area_ha":4.02,"on_drain_share":0.0,"downstream":"L00509"}},{"type":"Feature","geometry":{"type":"LineString","coordinates":[[77.25302436232046,28.64782385212099],[77.25385968689065,28.64862198821421],[77.25466414347457,28.647977010659652],[77.25528919754312,28.6485079594637],[77.25529112809853,28.64859815365859],[77.2553933738326,28.648596450612267],[77.25591425790033,28.649038904988885],[77.25652773447283,28.649028682589734],[77.25662804880199,28.64893678448094],[77.2579843066933,28.650177341717164]]},"properties":{"id":"L00520","strahler":3,"length_m":675.7,"drop_m":-0.02,"gradient":0.0,"area_ha":84.51,"on_drain_share":0.0,"downstream":"L00539"}},{"type":"Feature","geometry":{"type":"LineString","coordinates":[[77.17270347310225,28.651392209216944],[77.17239113104053,28.651126533659614]]},"properties":{"id":"L00524","strahler":2,"length_m":42.4,"drop_m":0.14,"gradient":0.0033,"area_ha":22.29,"on_drain_share":0.0,"downstream":"L00538"}},{"type":"Feature","geometry":{"type":"LineString","coordinates":[[77.1890396681329,28.649956114098355],[77.18853777754377,28.65041536984889],[77.18732760442016,28.65124698193709]]},"properties":{"id":"L00522","strahler":3,"length_m":228.0,"drop_m":-0.2,"gradient":0.0,"area_ha":354.71,"on_drain_share":0.0,"downstream":"L00509"}},{"type":"Feature","geometry":{"type":"LineString","coordinates":[[77.27863413395386,28.649650948261566],[77.27923394665238,28.64900927397495]]},"properties":{"id":"L00531","strahler":1,"length_m":94.9,"drop_m":2.19,"gradient":0.02309,"area_ha":4.32,"on_drain_share":0.0,"downstream":"L00631"}},{"type":"Feature","geometry":{"type":"LineString","coordinates":[[77.21973568017359,28.650448882344318],[77.21972997935856,28.65017829324262],[77.22002342517037,28.649541889652337],[77.22062551400586,28.648990651666782],[77.22061030683476,28.648269080983454],[77.22071065373355,28.648177207794586]]},"properties":{"id":"L00556","strahler":1,"length_m":291.4,"drop_m":-0.45,"gradient":0.0,"area_ha":6.13,"on_drain_share":0.0,"downstream":"L00586"}},{"type":"Feature","geometry":{"type":"LineString","coordinates":[[77.17239113104053,28.651126533659614],[77.17187056443262,28.650683739251487],[77.17124960782745,28.650332781583263]]},"properties":{"id":"L00538","strahler":2,"length_m":147.3,"drop_m":-1.73,"gradient":0.0,"area_ha":35.61,"on_drain_share":0.0,"downstream":"L00540"}},{"type":"Feature","geometry":{"type":"LineString","coordinates":[[77.26339370147056,28.649635893419134],[77.26359044286777,28.649271700245706]]},"properties":{"id":"L00529","strahler":5,"length_m":48.3,"drop_m":0.0,"gradient":0.0,"area_ha":1237.52,"on_drain_share":0.0,"downstream":"L00580"}},{"type":"Feature","geometry":{"type":"LineString","coordinates":[[77.17461837514503,28.65000803325563],[77.17400485881146,28.65001788502899],[77.1738040752077,28.650201566646004],[77.17339506338035,28.65020813238514],[77.17259005892768,28.6508526547174],[77.17176087392401,28.650324582281183],[77.17124960782745,28.650332781583263]]},"properties":{"id":"L00541","strahler":1,"length_m":392.1,"drop_m":-2.63,"gradient":0.0,"area_ha":6.44,"on_drain_share":0.0,"downstream":"L00540"}},{"type":"Feature","geometry":{"type":"LineString","coordinates":[[77.19945611276268,28.64915571601331],[77.1993557453363,28.649247574495487],[77.19884449389663,28.649255877657428],[77.19834265174381,28.649715167305132],[77.19803778100065,28.64981034491082],[77.19753781392558,28.65035982958837],[77.19713068891413,28.650456664761915]]},"properties":{"id":"L00528","strahler":2,"length_m":293.8,"drop_m":2.87,"gradient":0.00978,"area_ha":30.29,"on_drain_share":0.0,"downstream":"L00495"}},{"type":"Feature","geometry":{"type":"LineString","coordinates":[[77.2367557843258,28.647552205295113],[77.23716476836165,28.647545448829227],[77.2378938993552,28.648164989029663],[77.2378996463169,28.648435574859807],[77.23769898369522,28.648619345023814],[77.23749448968657,28.648622724332668],[77.23750406647305,28.649073700802507],[77.23781847141882,28.649429412705857],[77.23833737469675,28.649781743345898],[77.23854187083573,28.64977836264012],[77.23864220248586,28.649686476960056],[77.23915344219853,28.649678023492747]]},"properties":{"id":"L00535","strahler":2,"length_m":470.4,"drop_m":4.49,"gradient":0.00955,"area_ha":22.12,"on_drain_share":0.0,"downstream":"L00515"}},{"type":"Feature","geometry":{"type":"LineString","coordinates":[[77.17114549588672,28.650244221900866],[77.17083873636284,28.65024914030735],[77.17063794649731,28.650432817542317],[77.17064352135093,28.650703415556663],[77.17054312591952,28.650795254089214],[77.17003185712652,28.65080344891806]]},"properties":{"id":"L00533","strahler":3,"length_m":152.4,"drop_m":2.06,"gradient":0.01351,"area_ha":109.8,"on_drain_share":0.0,"downstream":null}},{"type":"Feature","geometry":{"type":"LineString","coordinates":[[77.1908914501258,28.650467534988625],[77.19005843462882,28.649759183125507],[77.18985393180964,28.649762490640544],[77.18965317794876,28.649946194254664],[77.1890396681329,28.649956114098355]]},"properties":{"id":"L00542","strahler":1,"length_m":221.4,"drop_m":-1.74,"gradient":0.0,"area_ha":7.43,"on_drain_share":0.0,"downstream":"L00522"}},{"type":"Feature","geometry":{"type":"LineString","coordinates":[[77.19691866270865,28.65009919199495],[77.19702091396431,28.650097532925816],[77.19702655646637,28.65036812618306],[77.19713068891413,28.650456664761915]]},"properties":{"id":"L00534","strahler":1,"length_m":54.1,"drop_m":1.0,"gradient":0.01845,"area_ha":4.41,"on_drain_share":0.0,"downstream":"L00495"}},{"type":"Feature","geometry":{"type":"LineString","coordinates":[[77.26359044286777,28.649271700245706],[77.26368881308235,28.64908960357365],[77.2636791242729,28.64863863523703],[77.26398004582234,28.64836292590769],[77.2639761698902,28.648182538594053],[77.26417484495975,28.64790853841764],[77.26416515454531,28.64745757015426],[77.26436576608454,28.64727376342445],[77.26435801328572,28.646912988830312],[77.26445638022372,28.646730891740308]]},"properties":{"id":"L00580","strahler":5,"length_m":317.3,"drop_m":0.0,"gradient":0.0,"area_ha":1254.64,"on_drain_share":0.0,"downstream":"L00644"}},{"type":"Feature","geometry":{"type":"LineString","coordinates":[[77.27923394665238,28.64900927397495],[77.27923004451465,28.64882888859117],[77.27943063057388,28.64864506089814],[77.27940526551448,28.64747255590673],[77.2793010715654,28.647384084306605],[77.27929521859407,28.647113506176705],[77.2790848810177,28.646846369928365],[77.27907707798752,28.646485599002837],[77.2788647917764,28.646128269538803],[77.27885698973151,28.64576749851967],[77.27915786143113,28.645491758036382],[77.27925425005276,28.645219458933983],[77.2794587315589,28.645216016962976],[77.2797596001149,28.644940275299483],[77.27996408100752,28.644936832596333],[77.28006436998433,28.64484491843608],[77.28026885064854,28.64484147528339],[77.28046942769313,28.644657646483612],[77.28067390793635,28.6446542027401],[77.28097086724841,28.644198073336895],[77.28137201574923,28.64383041363955],[77.28147425500877,28.64382869117053],[77.28207597194339,28.643277199234188],[77.28228044928018,28.643273753217315]]},"properties":{"id":"L00631","strahler":3,"length_m":864.3,"drop_m":2.8,"gradient":0.00324,"area_ha":70.66,"on_drain_share":0.0,"downstream":"L00625"}},{"type":"Feature","geometry":{"type":"LineString","coordinates":[[77.23964359219603,28.64867742137682],[77.2389431963881,28.64941081952501],[77.23915344219853,28.649678023492747]]},"properties":{"id":"L00536","strahler":1,"length_m":147.3,"drop_m":1.4,"gradient":0.00953,"area_ha":5.51,"on_drain_share":0.0,"downstream":"L00515"}},{"type":"Feature","geometry":{"type":"LineString","coordinates":[[77.2895586293138,28.648744857673528],[77.28975919607372,28.648561015699563],[77.28996368255939,28.64855755750628]]},"properties":{"id":"L00537","strahler":1,"length_m":48.3,"drop_m":0.72,"gradient":0.015,"area_ha":4.88,"on_drain_share":0.0,"downstream":null}},{"type":"Feature","geometry":{"type":"LineString","coordinates":[[77.23116852763468,28.64935869975627],[77.23096403127875,28.649362069286724],[77.2307633541687,28.649545829911517],[77.23025211216418,28.649554251680577],[77.23014604550423,28.6493755443252],[77.23013840914399,28.649014761353513]]},"properties":{"id":"L00548","strahler":1,"length_m":162.4,"drop_m":3.18,"gradient":0.01958,"area_ha":6.01,"on_drain_share":0.0,"downstream":"L00633"}},{"type":"Feature","geometry":{"type":"LineString","coordinates":[[77.17124960782745,28.650332781583263],[77.17114549588672,28.650244221900866]]},"properties":{"id":"L00540","strahler":2,"length_m":14.1,"drop_m":0.0,"gradient":0.0,"area_ha":42.06,"on_drain_share":0.0,"downstream":"L00533"}},{"type":"Feature","geometry":{"type":"LineString","coordinates":[[77.20079855222659,28.649765500590313],[77.20069441761703,28.649676964956846],[77.20068499806766,28.64922597725514],[77.20016433004099,28.648783297538525],[77.19985758072103,28.648788281424277],[77.19975344787598,28.648699744958805],[77.19965308113116,28.648791603629338],[77.19965684709129,28.64897199885085],[77.19945611276268,28.64915571601331]]},"properties":{"id":"L00550","strahler":1,"length_m":241.4,"drop_m":0.24,"gradient":0.00099,"area_ha":9.49,"on_drain_share":0.0,"downstream":"L00528"}},{"type":"Feature","geometry":{"type":"LineString","coordinates":[[77.20836507804256,28.649642305851522],[77.2089691230812,28.64918131340354],[77.20907137261597,28.649179645287482],[77.20959207775309,28.649622288548716],[77.20989882748528,28.649617282488553],[77.20999918549309,28.64952541667558]]},"properties":{"id":"L00543","strahler":1,"length_m":205.6,"drop_m":1.36,"gradient":0.00662,"area_ha":7.34,"on_drain_share":0.0,"downstream":"L00572"}},{"type":"Feature","geometry":{"type":"LineString","coordinates":[[77.1725528611463,28.649048670105042],[77.17245060923553,28.649050310650896],[77.17114549588672,28.650244221900866]]},"properties":{"id":"L00545","strahler":2,"length_m":193.8,"drop_m":-4.75,"gradient":0.0,"area_ha":65.0,"on_drain_share":0.0,"downstream":"L00533"}},{"type":"Feature","geometry":{"type":"LineString","coordinates":[[77.19053968824386,28.648307742426915],[77.19043931333259,28.64839959468601],[77.19023481320309,28.648402902633006],[77.19003406247252,28.648586606669248],[77.18982956192471,28.64858991402418],[77.18892617326111,28.649416577639172],[77.18893179482522,28.649687172393406],[77.18914004572655,28.64986426274996],[77.1890396681329,28.649956114098355]]},"properties":{"id":"L00546","strahler":3,"length_m":282.1,"drop_m":2.94,"gradient":0.01042,"area_ha":341.93,"on_drain_share":0.0,"downstream":"L00522"}},{"type":"Feature","geometry":{"type":"LineString","coordinates":[[77.20999918549309,28.64952541667558],[77.21110311204805,28.64851488837878],[77.21131139538076,28.648691942729187],[77.21201198936268,28.64795867718088],[77.21200820241907,28.64777828343673]]},"properties":{"id":"L00572","strahler":2,"length_m":312.8,"drop_m":-1.76,"gradient":0.0,"area_ha":58.89,"on_drain_share":0.0,"downstream":"L00616"}},{"type":"Feature","geometry":{"type":"LineString","coordinates":[[77.17891111554665,28.649848794279873],[77.17819348489823,28.64977011147377],[77.1780930972742,28.649861955215748],[77.17727507845369,28.649875111217604],[77.1771746898875,28.649966954325667],[77.17615216463216,28.649983391679772],[77.17532110822549,28.649365142530343],[77.1749121000563,28.64937171267503],[77.17471131928251,28.649555395502446],[77.17368879634276,28.649571814048056],[77.17306412057204,28.64904046621939],[77.1725528611463,28.649048670105042]]},"properties":{"id":"L00555","strahler":1,"length_m":694.6,"drop_m":1.05,"gradient":0.00152,"area_ha":17.91,"on_drain_share":0.0,"downstream":"L00545"}},{"type":"Feature","geometry":{"type":"LineString","coordinates":[[77.23013840914399,28.649014761353513],[77.23002661641583,28.648565466585747],[77.22981639517882,28.648298246988695],[77.22980494289453,28.647757072315482],[77.22970078758323,28.647668560214562],[77.22969506184776,28.647397972837396],[77.22999607447656,28.64712233428232],[77.2299884393424,28.646761551153734],[77.22915520894327,28.646053452466074],[77.22895071871771,28.646056818603544],[77.22801144234245,28.64517000319706],[77.22770089596575,28.644994657660924],[77.22729001286558,28.644911189036122],[77.22666511338406,28.644380101609887],[77.22665939621922,28.644109513541355],[77.22686007123863,28.643925759043363],[77.22726904397136,28.643919033227128],[77.22757005403756,28.643643400136547],[77.22756624115372,28.64346300818381]]},"properties":{"id":"L00633","strahler":2,"length_m":877.4,"drop_m":9.78,"gradient":0.01115,"area_ha":37.41,"on_drain_share":0.0,"downstream":"L00658"}},{"type":"Feature","geometry":{"type":"LineString","coordinates":[[77.27614907369934,28.648249136310376],[77.2758423418947,28.6482542921558],[77.2754275227729,28.647990586713217],[77.27469623976476,28.647281068081888],[77.27428726734917,28.64728793779093],[77.27418307760801,28.647199461994152]]},"properties":{"id":"L00561","strahler":1,"length_m":245.6,"drop_m":4.68,"gradient":0.01906,"area_ha":5.81,"on_drain_share":0.0,"downstream":"L00553"}},{"type":"Feature","geometry":{"type":"LineString","coordinates":[[77.22635332473287,28.648986822329313],[77.22583255703644,28.648544247239755],[77.22562806151642,28.648547608628352],[77.22552390865843,28.64845909317101],[77.22551819345641,28.648188505055032],[77.22530988884112,28.64801147382215],[77.22529845982645,28.647470297463716],[77.22488185499844,28.647116233725225],[77.2248780461656,28.646935841534617],[77.22466784097296,28.646668612977212],[77.22456559495535,28.64667029273079],[77.22456178673401,28.64648990048947],[77.22414899578723,28.64631622638639],[77.22362825075739,28.645873641410645],[77.22361112181945,28.645061875669917],[77.22391214509123,28.64478625004896],[77.22339140901391,28.6443436635965]]},"properties":{"id":"L00624","strahler":1,"length_m":690.1,"drop_m":5.23,"gradient":0.00759,"area_ha":24.51,"on_drain_share":0.0,"downstream":"L00742"}},{"type":"Feature","geometry":{"type":"LineString","coordinates":[[77.28585829247343,28.64790512453774],[77.28603538349758,28.64663898032331],[77.2863362375603,28.64636322483652],[77.28643847892123,28.64636149848243],[77.28693989838452,28.645901904340704],[77.28734886181202,28.645894996741067],[77.28745306050635,28.64598346186207],[77.28827098755637,28.645969642295913],[77.28867211528829,28.64560196210998],[77.28867015641649,28.64551176996832],[77.28897295925348,28.645326201282625]]},"properties":{"id":"L00599","strahler":1,"length_m":510.4,"drop_m":0.03,"gradient":6e-05,"area_ha":17.52,"on_drain_share":0.0,"downstream":"L00610"}},{"type":"Feature","geometry":{"type":"LineString","coordinates":[[77.26813130836979,28.646398707892825],[77.2679326465803,28.646672713194754],[77.26795011792777,28.647484454018475],[77.26714575197555,28.64812950581913],[77.2662255516068,28.648144910061372],[77.26445638022372,28.646730891740308]]},"properties":{"id":"L00581","strahler":1,"length_m":563.6,"drop_m":2.79,"gradient":0.00495,"area_ha":10.52,"on_drain_share":0.0,"downstream":"L00644"}},{"type":"Feature","geometry":{"type":"LineString","coordinates":[[77.24935315845998,28.648336020211257],[77.25045474646005,28.64723499785357]]},"properties":{"id":"L00569","strahler":1,"length_m":165.6,"drop_m":0.14,"gradient":0.00086,"area_ha":7.15,"on_drain_share":0.0,"downstream":"L00558"}},{"type":"Feature","geometry":{"type":"LineString","coordinates":[[77.19692688370833,28.645587643562948],[77.19632468159703,28.646138782087725],[77.19632656151829,28.646228979936364],[77.19705545810567,28.646848753992057],[77.19736220236047,28.646843776758136],[77.19766330321174,28.646568205549165],[77.19786779876249,28.646564886582404],[77.19818018665981,28.646830500742784],[77.19818583137356,28.647101093919574],[77.19860423414018,28.64754544246582],[77.19860799811113,28.647725837847837],[77.19913053695295,28.648258721911336],[77.19913430193576,28.648439117210472],[77.19944481593058,28.64861453027454],[77.19945611276268,28.64915571601331]]},"properties":{"id":"L00549","strahler":1,"length_m":644.3,"drop_m":1.59,"gradient":0.00247,"area_ha":16.52,"on_drain_share":0.0,"downstream":"L00528"}},{"type":"Feature","geometry":{"type":"LineString","coordinates":[[77.28186495303176,28.64770180384694],[77.2821658215259,28.647426056881013],[77.2823703068963,28.647422610273786],[77.2824705958524,28.647330694346067],[77.2831921566998,28.647589205685396]]},"properties":{"id":"L00554","strahler":1,"length_m":159.0,"drop_m":1.68,"gradient":0.01056,"area_ha":8.77,"on_drain_share":0.0,"downstream":"L00623"}},{"type":"Feature","geometry":{"type":"LineString","coordinates":[[77.27225212803793,28.64777323358401],[77.2716386654541,28.64778352677898],[77.27142834497678,28.647516377631536],[77.27112161429676,28.647521522668676],[77.2701839330549,28.646725214069757],[77.27015284378254,28.645282121274505],[77.27025314215759,28.645190213887837],[77.27024925600237,28.64500982727475],[77.2701450718214,28.644921348022805]]},"properties":{"id":"L00606","strahler":2,"length_m":463.8,"drop_m":2.86,"gradient":0.00617,"area_ha":42.41,"on_drain_share":0.0,"downstream":"L00621"}},{"type":"Feature","geometry":{"type":"LineString","coordinates":[[77.27418307760801,28.647199461994152],[77.27356961918677,28.647209763744915],[77.27316842974714,28.64757740241065],[77.27265721222496,28.647585983670037],[77.27245661549443,28.647769801902466],[77.27225212803793,28.64777323358401]]},"properties":{"id":"L00553","strahler":2,"length_m":214.9,"drop_m":0.13,"gradient":0.00062,"area_ha":22.13,"on_drain_share":0.0,"downstream":"L00606"}},{"type":"Feature","geometry":{"type":"LineString","coordinates":[[77.2831921566998,28.647589205685396],[77.2840947454935,28.646761954797746],[77.28378215537876,28.646496551081597],[77.28377824586543,28.646316166203693],[77.28315697986488,28.64596574118612],[77.28335559921427,28.64569171582327],[77.2833458276487,28.645240753430592],[77.2831374384353,28.64506381627899],[77.2830254281552,28.644614577535474],[77.28322599968683,28.64443074494135],[77.2836349584701,28.64442384887517],[77.28384139245884,28.64451059284073],[77.28403805268678,28.6441463742237],[77.28402827882806,28.64369541194324],[77.28433108561342,28.643509853431055]]},"properties":{"id":"L00623","strahler":2,"length_m":666.0,"drop_m":0.97,"gradient":0.00146,"area_ha":36.91,"on_drain_share":0.0,"downstream":"L00613"}},{"type":"Feature","geometry":{"type":"LineString","coordinates":[[77.21578378457185,28.647355643110966],[77.21588792861603,28.64744416659],[77.21670590733962,28.647430778466145],[77.21691419721022,28.647607823818667],[77.21793667140294,28.64759108006043],[77.21814496354492,28.647768123383187],[77.21805600659904,28.648401173772427],[77.2182605028878,28.648397823829395],[77.21836464997196,28.648486345218274],[77.21926588654988,28.647569301651334]]},"properties":{"id":"L00576","strahler":2,"length_m":496.3,"drop_m":8.01,"gradient":0.01614,"area_ha":20.96,"on_drain_share":0.0,"downstream":"L00618"}},{"type":"Feature","geometry":{"type":"LineString","coordinates":[[77.25045474646005,28.64723499785357],[77.25106243437307,28.646954217331245],[77.25147141207115,28.646947417805087],[77.25261730987367,28.64792085089504],[77.25292018870184,28.647735358984992],[77.25302436232046,28.64782385212099]]},"properties":{"id":"L00558","strahler":2,"length_m":320.4,"drop_m":2.62,"gradient":0.00819,"area_ha":19.57,"on_drain_share":0.0,"downstream":"L00520"}},{"type":"Feature","geometry":{"type":"LineString","coordinates":[[77.2583430311055,28.64782547666771],[77.25894489794855,28.647274079783145]]},"properties":{"id":"L00564","strahler":1,"length_m":84.9,"drop_m":-0.29,"gradient":0.0,"area_ha":4.42,"on_drain_share":0.0,"downstream":"L00640"}},{"type":"Feature","geometry":{"type":"LineString","coordinates":[[77.25946578901275,28.647716520097802],[77.25894489794855,28.647274079783145]]},"properties":{"id":"L00565","strahler":1,"length_m":70.7,"drop_m":0.14,"gradient":0.00193,"area_ha":4.39,"on_drain_share":0.0,"downstream":"L00640"}},{"type":"Feature","geometry":{"type":"LineString","coordinates":[[77.19248243593202,28.648276300204028],[77.19217943958898,28.648461662757065],[77.19187268955912,28.648466628511855],[77.19157156757157,28.64874218788612],[77.19116069056027,28.648658608834435],[77.1908464380856,28.648302779715475],[77.19053968824386,28.648307742426915]]},"properties":{"id":"L00567","strahler":2,"length_m":237.3,"drop_m":-2.5,"gradient":0.0,"area_ha":41.35,"on_drain_share":0.0,"downstream":"L00546"}},{"type":"Feature","geometry":{"type":"LineString","coordinates":[[77.25339862393147,28.64619354850611],[77.25341019658181,28.64673471454628],[77.25330988123218,28.646826610336845],[77.25331566744151,28.647097193354153],[77.25311503574738,28.64728098476822],[77.25312275018932,28.647641762146257],[77.25302436232046,28.64782385212099]]},"properties":{"id":"L00559","strahler":2,"length_m":196.6,"drop_m":2.56,"gradient":0.01303,"area_ha":48.24,"on_drain_share":0.0,"downstream":"L00520"}},{"type":"Feature","geometry":{"type":"LineString","coordinates":[[77.17476889134488,28.647388974412443],[77.17376313608719,28.64821718495475],[77.17355863403466,28.648220467709557],[77.17325560158547,28.648405789686542],[77.1725528611463,28.649048670105042]]},"properties":{"id":"L00560","strahler":2,"length_m":294.6,"drop_m":4.72,"gradient":0.01601,"area_ha":40.85,"on_drain_share":0.0,"downstream":"L00545"}},{"type":"Feature","geometry":{"type":"LineString","coordinates":[[77.22071065373355,28.648177207794586],[77.22070305004306,28.64781642244102],[77.2204947537778,28.64763938329939],[77.22048334965685,28.647098205138786]]},"properties":{"id":"L00586","strahler":2,"length_m":128.3,"drop_m":-0.27,"gradient":0.0,"area_ha":40.53,"on_drain_share":0.0,"downstream":"L00620"}},{"type":"Feature","geometry":{"type":"LineString","coordinates":[[77.27588030002958,28.64527620695297],[77.27548107362945,28.64573404466495],[77.27486957137234,28.645834544820627],[77.27488125405903,28.646375702839432],[77.27519771773136,28.64682151436127],[77.2747965357074,28.64718915746895],[77.27418307760801,28.647199461994152]]},"properties":{"id":"L00562","strahler":1,"length_m":369.7,"drop_m":1.52,"gradient":0.0041,"area_ha":11.34,"on_drain_share":0.0,"downstream":"L00553"}},{"type":"Feature","geometry":{"type":"LineString","coordinates":[[77.18141700000936,28.647372269229024],[77.18121250063868,28.647375563449007],[77.18071058540384,28.64783479151556],[77.17999483397882,28.647846316373887],[77.17978660170446,28.64766921084411],[77.17927535121734,28.647677439740995],[77.17917496646082,28.64776928415286],[77.17897046601415,28.647772575030093],[77.17856892447352,28.648139951448435],[77.17827149578989,28.648595880883093],[77.17806885810789,28.64868936940102]]},"properties":{"id":"L00563","strahler":1,"length_m":416.3,"drop_m":1.14,"gradient":0.00274,"area_ha":14.88,"on_drain_share":0.0,"downstream":null}},{"type":"Feature","geometry":{"type":"LineString","coordinates":[[77.19309968921318,28.648446761329996],[77.19278918528262,28.648271333098666],[77.19248243593202,28.648276300204028]]},"properties":{"id":"L00568","strahler":1,"length_m":68.3,"drop_m":3.26,"gradient":0.04776,"area_ha":4.28,"on_drain_share":0.0,"downstream":"L00567"}},{"type":"Feature","geometry":{"type":"LineString","coordinates":[[77.23655512116002,28.647735973802376],[77.2367557843258,28.647552205295113]]},"properties":{"id":"L00566","strahler":1,"length_m":28.3,"drop_m":0.17,"gradient":0.00594,"area_ha":4.21,"on_drain_share":0.0,"downstream":"L00535"}},{"type":"Feature","geometry":{"type":"LineString","coordinates":[[77.25894489794855,28.647274079783145],[77.26024892120341,28.64607937842094],[77.26044566805032,28.645715189405983],[77.26084689801154,28.645347586268603],[77.2608410928938,28.645077004588856],[77.2610397711775,28.644803008770527],[77.26090850422231,28.64345180733121],[77.26080432900545,28.643363320341003],[77.2608004593091,28.643182932497687],[77.26048793528355,28.642917470934453],[77.26027378377145,28.642469914213482]]},"properties":{"id":"L00640","strahler":2,"length_m":646.0,"drop_m":-0.25,"gradient":0.0,"area_ha":17.32,"on_drain_share":0.0,"downstream":"L00719"}},{"type":"Feature","geometry":{"type":"LineString","coordinates":[[77.22131653429881,28.647806359887017],[77.22121428694467,28.647808037172048],[77.22048334965685,28.647098205138786]]},"properties":{"id":"L00587","strahler":1,"length_m":119.0,"drop_m":0.35,"gradient":0.00295,"area_ha":7.93,"on_drain_share":0.0,"downstream":"L00620"}},{"type":"Feature","geometry":{"type":"LineString","coordinates":[[77.2501499382038,28.647330289890007],[77.2502502569277,28.647238396267323],[77.25045474646005,28.64723499785357]]},"properties":{"id":"L00575","strahler":1,"length_m":34.1,"drop_m":-1.66,"gradient":0.0,"area_ha":6.12,"on_drain_share":0.0,"downstream":"L00558"}},{"type":"Feature","geometry":{"type":"LineString","coordinates":[[77.18683622082298,28.647284860047918],[77.18766732264112,28.647903035879718],[77.18836995818064,28.647260082287293],[77.18920481607108,28.648058644734746],[77.19022731374086,28.648042109871312],[77.19053968824386,28.648307742426915]]},"properties":{"id":"L00570","strahler":3,"length_m":473.6,"drop_m":-2.49,"gradient":0.0,"area_ha":297.62,"on_drain_share":0.0,"downstream":"L00546"}},{"type":"Feature","geometry":{"type":"LineString","coordinates":[[77.19466054431875,28.64481233682664],[77.19445980817434,28.64499604672522],[77.19466805794771,28.64517312868729],[77.19467557171473,28.64553392052691],[77.19447483431088,28.645717630503196],[77.19448046925442,28.645988224398245],[77.19407899140582,28.64635564361645],[77.19418311732986,28.646444184863576],[77.19418687356419,28.64662458081092],[77.19450113137835,28.646980401912224],[77.19450488824032,28.64716079780677],[77.19400303537581,28.64762007198],[77.1937985372473,28.647623385224367],[77.19349742285627,28.6478989485101],[77.19248243593202,28.648276300204028]]},"properties":{"id":"L00571","strahler":2,"length_m":567.7,"drop_m":8.52,"gradient":0.01501,"area_ha":33.5,"on_drain_share":0.0,"downstream":"L00567"}},{"type":"Feature","geometry":{"type":"LineString","coordinates":[[77.21211234393762,28.64786680996792],[77.21200820241907,28.64777828343673]]},"properties":{"id":"L00573","strahler":1,"length_m":14.1,"drop_m":0.0,"gradient":0.0,"area_ha":4.04,"on_drain_share":0.0,"downstream":"L00616"}},{"type":"Feature","geometry":{"type":"LineString","coordinates":[[77.23654746338535,28.64737519232356],[77.2367557843258,28.647552205295113]]},"properties":{"id":"L00574","strahler":2,"length_m":28.3,"drop_m":-0.63,"gradient":0.0,"area_ha":10.14,"on_drain_share":0.0,"downstream":"L00535"}},{"type":"Feature","geometry":{"type":"LineString","coordinates":[[77.21200820241907,28.64777828343673],[77.2113757854986,28.646886334657097],[77.21136064296017,28.64616475922402],[77.21052942672421,28.64554673561537],[77.2103249348945,28.645550073585717],[77.21022458073189,28.64564193946662],[77.20961110445805,28.645651951102725],[77.20929869329225,28.645386364674554]]},"properties":{"id":"L00616","strahler":2,"length_m":450.4,"drop_m":2.27,"gradient":0.00504,"area_ha":71.65,"on_drain_share":0.0,"downstream":"L00630"}},{"type":"Feature","geometry":{"type":"LineString","coordinates":[[77.2051556814526,28.64779982302118],[77.20555712349709,28.647432372825655],[77.20554013259819,28.64662059733104],[77.20604003945503,28.64607108606237],[77.20624453288737,28.646067754504283]]},"properties":{"id":"L00604","strahler":1,"length_m":247.3,"drop_m":8.38,"gradient":0.03389,"area_ha":7.38,"on_drain_share":0.0,"downstream":"L00602"}},{"type":"Feature","geometry":{"type":"LineString","coordinates":[[77.21926588654988,28.647569301651334],[77.21926018762078,28.64729871234829],[77.21905189470974,28.647121670782973],[77.2190385988588,28.64649029559066],[77.21923929221916,28.646306551469088],[77.21923549316864,28.646126158564837],[77.2194342858464,28.645852217755053],[77.21973532282124,28.64557660072722],[77.21972582342592,28.64512561856006],[77.21941339005882,28.64486005678135]]},"properties":{"id":"L00618","strahler":3,"length_m":349.7,"drop_m":-0.12,"gradient":0.0,"area_ha":150.06,"on_drain_share":0.0,"downstream":"L00619"}},{"type":"Feature","geometry":{"type":"LineString","coordinates":[[77.2349096153247,28.647312007713758],[77.23644330317715,28.647286685701328],[77.23654746338535,28.64737519232356]]},"properties":{"id":"L00578","strahler":1,"length_m":164.1,"drop_m":4.47,"gradient":0.02723,"area_ha":5.67,"on_drain_share":0.0,"downstream":"L00574"}},{"type":"Feature","geometry":{"type":"LineString","coordinates":[[77.23632957208444,28.64674720203386],[77.23653789136483,28.64692421544537],[77.23654746338535,28.64737519232356]]},"properties":{"id":"L00579","strahler":1,"length_m":78.3,"drop_m":3.46,"gradient":0.04415,"area_ha":4.27,"on_drain_share":0.0,"downstream":"L00574"}},{"type":"Feature","geometry":{"type":"LineString","coordinates":[[77.21548083545638,28.647541055467062],[77.21578378457185,28.647355643110966]]},"properties":{"id":"L00584","strahler":1,"length_m":38.3,"drop_m":0.13,"gradient":0.00332,"area_ha":4.93,"on_drain_share":0.0,"downstream":"L00576"}},{"type":"Feature","geometry":{"type":"LineString","coordinates":[[77.24449763906777,28.646070698242177],[77.24592905486165,28.646046964534364],[77.24644988839559,28.646489458423517],[77.24646334840409,28.64712082179194]]},"properties":{"id":"L00582","strahler":2,"length_m":280.7,"drop_m":3.13,"gradient":0.01116,"area_ha":50.91,"on_drain_share":0.0,"downstream":"L00503"}},{"type":"Feature","geometry":{"type":"LineString","coordinates":[[77.24655054777128,28.64161554692189],[77.24614927814399,28.641983109853793],[77.24615312258427,28.642163499551465],[77.24595633057052,28.642527670355307],[77.24607010429575,28.643067143749217],[77.24617426763704,28.643155642794287],[77.24621079342633,28.644869344383057],[77.24631495876919,28.644957843192042],[77.24633033977176,28.645679401552115],[77.24664283915618,28.645944897249684],[77.24654444111867,28.646126983092284],[77.24656367035486,28.647028930731285],[77.24646334840409,28.64712082179194]]},"properties":{"id":"L00583","strahler":2,"length_m":668.0,"drop_m":1.01,"gradient":0.00151,"area_ha":46.68,"on_drain_share":0.0,"downstream":"L00503"}},{"type":"Feature","geometry":{"type":"LineString","coordinates":[[77.26445638022372,28.646730891740308],[77.26451985850397,28.64492530879217],[77.26441567890649,28.644836824852355],[77.26440598869524,28.64438585645979],[77.26398539872385,28.643851532207822],[77.26396021045073,28.64267901379842],[77.26385603365084,28.642590529249286],[77.26374410785992,28.642141269607418]]},"properties":{"id":"L00644","strahler":5,"length_m":543.1,"drop_m":0.0,"gradient":0.0,"area_ha":1288.32,"on_drain_share":0.0,"downstream":"L00695"}},{"type":"Feature","geometry":{"type":"LineString","coordinates":[[77.17671909556985,28.647718555317745],[77.17600334302982,28.647730059045454],[77.17580256720328,28.647913743261327],[77.1754958154109,28.647918671848206],[77.17487114148662,28.64738733220355],[77.17476889134488,28.647388974412443]]},"properties":{"id":"L00590","strahler":1,"length_m":223.1,"drop_m":0.16,"gradient":0.00072,"area_ha":5.95,"on_drain_share":0.0,"downstream":"L00560"}},{"type":"Feature","geometry":{"type":"LineString","coordinates":[[77.21474614515472,28.64665079676848],[77.21474993660624,28.64683119020814],[77.21506236517477,28.64709676300778],[77.21536910642234,28.647091744964083],[77.21578378457185,28.647355643110966]]},"properties":{"id":"L00585","strahler":1,"length_m":144.9,"drop_m":1.19,"gradient":0.00822,"area_ha":8.49,"on_drain_share":0.0,"downstream":"L00576"}},{"type":"Feature","geometry":{"type":"LineString","coordinates":[[77.20770244148424,28.647307185085833],[77.20840305338137,28.64657393721003],[77.20839738256751,28.646303345876092]]},"properties":{"id":"L00603","strahler":1,"length_m":139.0,"drop_m":2.64,"gradient":0.01901,"area_ha":6.1,"on_drain_share":0.0,"downstream":"L00615"}},{"type":"Feature","geometry":{"type":"LineString","coordinates":[[77.22048334965685,28.647098205138786],[77.22047954835304,28.646917812408056],[77.22027125432373,28.646740772781914],[77.22025605099478,28.646019201685323],[77.219837568114,28.645574924677344],[77.21982616834178,28.645033746110258],[77.21951183538373,28.644677988103673]]},"properties":{"id":"L00620","strahler":2,"length_m":307.3,"drop_m":-0.15,"gradient":0.0,"area_ha":54.03,"on_drain_share":0.0,"downstream":"L00690"}},{"type":"Feature","geometry":{"type":"LineString","coordinates":[[77.28919115479952,28.645954089388816],[77.2892914361276,28.64586216880497],[77.28928555788639,28.64559159250379],[77.28897295925348,28.645326201282625]]},"properties":{"id":"L00596","strahler":1,"length_m":86.6,"drop_m":0.25,"gradient":0.0029,"area_ha":7.01,"on_drain_share":0.0,"downstream":"L00610"}},{"type":"Feature","geometry":{"type":"LineString","coordinates":[[77.24092484626094,28.6464005517747],[77.24133958002965,28.646664368233925],[77.24225978327233,28.646649133746557]]},"properties":{"id":"L00588","strahler":1,"length_m":142.4,"drop_m":1.1,"gradient":0.0077,"area_ha":7.73,"on_drain_share":0.0,"downstream":"L00598"}},{"type":"Feature","geometry":{"type":"LineString","coordinates":[[77.24225978327233,28.646649133746557],[77.24266876226214,28.64664236085941],[77.24286941216278,28.64645858396852],[77.24317614573565,28.64645350306931],[77.24328031035792,28.64654200424997],[77.24348095894767,28.646358226519887],[77.24378769209979,28.646353144252323],[77.24408866280898,28.646077476527047],[77.24449763906777,28.646070698242177]]},"properties":{"id":"L00598","strahler":2,"length_m":253.1,"drop_m":5.05,"gradient":0.01997,"area_ha":41.79,"on_drain_share":0.0,"downstream":"L00582"}},{"type":"Feature","geometry":{"type":"LineString","coordinates":[[77.23219389984624,28.64464998840132],[77.2327051173912,28.64464156061885],[77.23300611429944,28.644365916138028],[77.23361957333383,28.644355798981653],[77.23393203860384,28.644621326080028],[77.23444516781394,28.64470308728511],[77.23464774206063,28.644609517474084],[77.23464200435535,28.64433893088905],[77.23494299507837,28.644063282418127],[77.23616990768454,28.644043027986196],[77.23677187749465,28.643491724171376],[77.236874119578,28.643490035376473],[77.23718467511151,28.643665359296786],[77.23710157921533,28.644569002156256],[77.23772652908004,28.645100038393522],[77.23802751327278,28.64482438341835],[77.23802368231064,28.644643992785905],[77.23822242162677,28.644370027185097],[77.23862947694245,28.644273071691444],[77.23893045641941,28.643997414939744],[77.23997013423468,28.644792263772963],[77.24037910666381,28.644785498197287],[77.24048326733927,28.644874001773836],[77.24048710254607,28.64505439209615],[77.24079958619723,28.645319902234174],[77.24131080397925,28.64531144180022],[77.24141496593823,28.645399944580735],[77.24141880282271,28.645580334773804],[77.24193961619908,28.646022847235262],[77.24194537303407,28.646293432400636],[77.24184504746275,28.646385320232103],[77.24225978327233,28.646649133746557]]},"properties":{"id":"L00589","strahler":1,"length_m":1480.2,"drop_m":4.51,"gradient":0.00305,"area_ha":31.52,"on_drain_share":0.0,"downstream":"L00598"}},{"type":"Feature","geometry":{"type":"LineString","coordinates":[[77.18559800465891,28.646763478854723],[77.18631561745742,28.646842123237306],[77.18683622082298,28.647284860047918]]},"properties":{"id":"L00591","strahler":1,"length_m":144.9,"drop_m":3.45,"gradient":0.02381,"area_ha":9.78,"on_drain_share":0.0,"downstream":"L00570"}},{"type":"Feature","geometry":{"type":"LineString","coordinates":[[77.187014511211,28.646018779680574],[77.18703135904207,28.64683056535386],[77.18683060519706,28.647014264818125],[77.18683622082298,28.647284860047918]]},"properties":{"id":"L00592","strahler":3,"length_m":148.3,"drop_m":-0.89,"gradient":0.0,"area_ha":274.78,"on_drain_share":0.0,"downstream":"L00570"}},{"type":"Feature","geometry":{"type":"LineString","coordinates":[[77.20401208186328,28.646916161088935],[77.20431505126162,28.646730773383734],[77.20451954621156,28.64672744435948]]},"properties":{"id":"L00597","strahler":1,"length_m":58.3,"drop_m":0.09,"gradient":0.00154,"area_ha":4.42,"on_drain_share":0.0,"downstream":"L00607"}},{"type":"Feature","geometry":{"type":"LineString","coordinates":[[77.25358189337494,28.645198007728908],[77.2535876798919,28.645468590760487],[77.25338705160003,28.6456523824184],[77.25339862393147,28.64619354850611]]},"properties":{"id":"L00593","strahler":2,"length_m":118.3,"drop_m":-0.23,"gradient":0.0,"area_ha":22.01,"on_drain_share":0.0,"downstream":"L00559"}},{"type":"Feature","geometry":{"type":"LineString","coordinates":[[77.25540096756636,28.639393231546705],[77.25541447720643,28.640024591683773],[77.25531416968256,28.64011648858814],[77.25541833718337,28.640204980282473],[77.25592952502639,28.640196466073228],[77.25624202975305,28.640461939359028],[77.2565487430584,28.640456829158353],[77.25758850724203,28.64125153754193],[77.2575962350619,28.641612314127173],[77.2570946987354,28.642071805868564],[77.25669732908214,28.64261978645454],[77.25449049855978,28.64464152504716],[77.2544962872751,28.644912107931393],[77.25389440832268,28.645463485755325],[77.25390019570534,28.645734068717996],[77.25339862393147,28.64619354850611]]},"properties":{"id":"L00594","strahler":1,"length_m":1072.0,"drop_m":1.04,"gradient":0.00097,"area_ha":20.28,"on_drain_share":0.0,"downstream":"L00559"}},{"type":"Feature","geometry":{"type":"LineString","coordinates":[[77.18032358637599,28.64396118209519],[77.18001311543036,28.64378572256928],[77.17950001851256,28.643703752407614],[77.17879734782728,28.644346661908852],[77.17860031247088,28.644710747621936],[77.17839768235089,28.644804236261685],[77.17778419784382,28.644814103517938],[77.1772804146516,28.64518312016803],[77.17697367110596,28.6451880516729],[77.17635087007,28.6447469172525],[77.17553288998825,28.64476006059608],[77.17523545622606,28.6452159837636],[77.17503282182821,28.6453094675728],[77.17431336280555,28.6451405631332],[77.17371103773432,28.645691607338087],[77.17371475882305,28.6458720057734],[77.174651749593,28.646669023390185],[77.17466105677988,28.647120019121324],[77.1748692798318,28.64729713307612],[77.17476889134488,28.647388974412443]]},"properties":{"id":"L00595","strahler":1,"length_m":1070.5,"drop_m":5.19,"gradient":0.00485,"area_ha":32.95,"on_drain_share":0.0,"downstream":"L00560"}},{"type":"Feature","geometry":{"type":"LineString","coordinates":[[77.20451954621156,28.64672744435948],[77.20503078343471,28.64671912044997],[77.205532581313,28.646259808188113],[77.20553069351337,28.646169610899097],[77.2058336579437,28.645984220039118],[77.2061403978692,28.64597922306743],[77.20624453288737,28.646067754504283]]},"properties":{"id":"L00607","strahler":2,"length_m":213.1,"drop_m":7.88,"gradient":0.03699,"area_ha":11.2,"on_drain_share":0.0,"downstream":"L00602"}},{"type":"Feature","geometry":{"type":"LineString","coordinates":[[77.25809601913173,28.64584461813552],[77.25830050485402,28.64584120803054],[77.25860143388353,28.6455655102158],[77.25880591899306,28.64556209937826],[77.25920908812624,28.64528469480156],[77.25917621741964,28.643751396708232],[77.25927652460072,28.64365949698163],[77.25926879037603,28.643298720924303],[77.26017154432328,28.642471620610685],[77.26027378377145,28.642469914213482]]},"properties":{"id":"L00642","strahler":1,"length_m":496.3,"drop_m":0.54,"gradient":0.00109,"area_ha":18.22,"on_drain_share":0.0,"downstream":"L00719"}},{"type":"Feature","geometry":{"type":"LineString","coordinates":[[77.28897295925348,28.645326201282625],[77.28886092407056,28.644876968815442],[77.28946064606961,28.644235253860327]]},"properties":{"id":"L00610","strahler":2,"length_m":149.0,"drop_m":0.54,"gradient":0.00361,"area_ha":26.85,"on_drain_share":0.0,"downstream":"L00614"}},{"type":"Feature","geometry":{"type":"LineString","coordinates":[[77.20420714367724,28.64646184568717],[77.20451954621156,28.64672744435948]]},"properties":{"id":"L00600","strahler":1,"length_m":42.4,"drop_m":-2.88,"gradient":0.0,"area_ha":4.83,"on_drain_share":0.0,"downstream":"L00607"}},{"type":"Feature","geometry":{"type":"LineString","coordinates":[[77.2438630485609,28.64508872083169],[77.24387841286651,28.645810280393246],[77.24418514434076,28.64580519731441],[77.24449763906777,28.646070698242177]]},"properties":{"id":"L00601","strahler":1,"length_m":152.4,"drop_m":3.34,"gradient":0.02192,"area_ha":5.18,"on_drain_share":0.0,"downstream":"L00582"}},{"type":"Feature","geometry":{"type":"LineString","coordinates":[[77.20624453288737,28.646067754504283],[77.20655127297083,28.64606275658907],[77.20696781573444,28.646416880429094],[77.20727455668386,28.64641188082079],[77.20757373935182,28.646046091861706],[77.20788236889675,28.64613128808813],[77.20819477906346,28.646396877833702],[77.20839738256751,28.646303345876092]]},"properties":{"id":"L00602","strahler":2,"length_m":269.7,"drop_m":1.58,"gradient":0.00586,"area_ha":22.83,"on_drain_share":0.0,"downstream":"L00615"}},{"type":"Feature","geometry":{"type":"LineString","coordinates":[[77.20839738256751,28.646303345876092],[77.20930058425411,28.64547656174444],[77.20929869329225,28.645386364674554]]},"properties":{"id":"L00615","strahler":2,"length_m":137.3,"drop_m":-0.93,"gradient":0.0,"area_ha":31.27,"on_drain_share":0.0,"downstream":"L00630"}},{"type":"Feature","geometry":{"type":"LineString","coordinates":[[77.19172353718072,28.64621333084694],[77.18974896420913,28.644711389787933],[77.18944222459099,28.6447163494479],[77.1890388590587,28.64499355617108],[77.18801451742394,28.64491988209497],[77.18701076734312,28.645838382849846],[77.187014511211,28.646018779680574]]},"properties":{"id":"L00612","strahler":1,"length_m":608.4,"drop_m":1.16,"gradient":0.0019,"area_ha":18.31,"on_drain_share":0.0,"downstream":"L00592"}},{"type":"Feature","geometry":{"type":"LineString","coordinates":[[77.2701450718214,28.644921348022805],[77.27014118589437,28.64474096138901],[77.27003700208056,28.644652482030505],[77.27002534509109,28.64411132205118],[77.27042653385173,28.643743692656713]]},"properties":{"id":"L00621","strahler":3,"length_m":150.7,"drop_m":-2.05,"gradient":0.0,"area_ha":180.13,"on_drain_share":0.0,"downstream":"L00656"}},{"type":"Feature","geometry":{"type":"LineString","coordinates":[[77.25120911766352,28.64424498313557],[77.25182064109258,28.644144589129876],[77.25233570466358,28.644316476300926],[77.25284691352576,28.64430797260933],[77.2535761069377,28.644927424685434],[77.25358189337494,28.645198007728908]]},"properties":{"id":"L00608","strahler":1,"length_m":301.4,"drop_m":0.43,"gradient":0.00143,"area_ha":12.92,"on_drain_share":0.0,"downstream":"L00593"}},{"type":"Feature","geometry":{"type":"LineString","coordinates":[[77.2540680264103,28.64401697290107],[77.25407960145272,28.644558138865236],[77.25367834923284,28.64492572313213],[77.25368220702347,28.645106111816425],[77.25358189337494,28.645198007728908]]},"properties":{"id":"L00609","strahler":1,"length_m":150.7,"drop_m":0.29,"gradient":0.00192,"area_ha":6.68,"on_drain_share":0.0,"downstream":"L00593"}},{"type":"Feature","geometry":{"type":"LineString","coordinates":[[77.2714722615398,28.64480886604338],[77.27043042010635,28.643924079281287],[77.27042653385173,28.643743692656713]]},"properties":{"id":"L00622","strahler":1,"length_m":161.4,"drop_m":-1.83,"gradient":0.0,"area_ha":6.17,"on_drain_share":0.0,"downstream":"L00656"}},{"type":"Feature","geometry":{"type":"LineString","coordinates":[[77.18602131046423,28.642515897319466],[77.18602318128978,28.642606095839426],[77.18675199455816,28.643225930359552],[77.18675948063235,28.643586724217347],[77.18605872860812,28.644319867469143],[77.18606059960554,28.64441006596283],[77.18637295285698,28.644675709425023],[77.18638230941205,28.645126701761868],[77.18659054674583,28.645303796875286],[77.18659803291212,28.645664590661408],[77.187014511211,28.646018779680574]]},"properties":{"id":"L00611","strahler":3,"length_m":485.3,"drop_m":2.35,"gradient":0.00484,"area_ha":254.35,"on_drain_share":0.0,"downstream":"L00592"}},{"type":"Feature","geometry":{"type":"LineString","coordinates":[[77.28433108561342,28.643509853431055],[77.2862736200878,28.643477071252033],[77.28658424960726,28.643652277175896],[77.2868909657234,28.643647097767534],[77.2869951616967,28.64373556341635],[77.28822202629203,28.643714837846197],[77.28832622337981,28.64380330240195],[77.28873517827043,28.64379639107888],[77.28915196962092,28.644150247053556],[77.28946064606961,28.644235253860327]]},"properties":{"id":"L00613","strahler":3,"length_m":537.3,"drop_m":1.2,"gradient":0.00224,"area_ha":136.14,"on_drain_share":0.0,"downstream":"L00614"}},{"type":"Feature","geometry":{"type":"LineString","coordinates":[[77.28946064606961,28.644235253860327],[77.28997184134836,28.64422661011493]]},"properties":{"id":"L00614","strahler":3,"length_m":50.0,"drop_m":0.65,"gradient":0.01292,"area_ha":164.03,"on_drain_share":0.0,"downstream":null}},{"type":"Feature","geometry":{"type":"LineString","coordinates":[[77.20929869329225,28.645386364674554],[77.20919455658635,28.64529783568353],[77.20919077488075,28.645117441524746],[77.2092911295317,28.645025576381837],[77.2092778932851,28.644394196818926]]},"properties":{"id":"L00630","strahler":3,"length_m":118.3,"drop_m":0.9,"gradient":0.00757,"area_ha":103.79,"on_drain_share":0.0,"downstream":"L00647"}},{"type":"Feature","geometry":{"type":"LineString","coordinates":[[77.21941528963225,28.644950253240086],[77.21941339005882,28.64486005678135]]},"properties":{"id":"L00617","strahler":1,"length_m":10.0,"drop_m":0.0,"gradient":0.0,"area_ha":4.57,"on_drain_share":0.0,"downstream":"L00619"}},{"type":"Feature","geometry":{"type":"LineString","coordinates":[[77.21941339005882,28.64486005678135],[77.21951183538373,28.644677988103673]]},"properties":{"id":"L00619","strahler":3,"length_m":24.1,"drop_m":-0.23,"gradient":0.0,"area_ha":154.66,"on_drain_share":0.0,"downstream":"L00690"}},{"type":"Feature","geometry":{"type":"LineString","coordinates":[[77.21951183538373,28.644677988103673],[77.21960458129823,28.644225330006144],[77.22060991617,28.643396800149546],[77.22040162931928,28.64321976026694],[77.22039212800185,28.64276877814705],[77.22028798531873,28.64268025803165],[77.22027088436165,28.641868490064837],[77.22047156720676,28.641684744604078],[77.22033132473693,28.639882491800126]]},"properties":{"id":"L00690","strahler":3,"length_m":606.3,"drop_m":1.69,"gradient":0.00279,"area_ha":217.39,"on_drain_share":0.0,"downstream":"L00749"}},{"type":"Feature","geometry":{"type":"LineString","coordinates":[[77.20713641611806,28.644699800653612],[77.20724055057866,28.64478833136295],[77.20764953210119,28.64478166458638],[77.20774988787781,28.64468980052599],[77.20795626815196,28.644776663694685],[77.20897872109029,28.644759989046],[77.2092778932851,28.644394196818926]]},"properties":{"id":"L00629","strahler":1,"length_m":244.9,"drop_m":0.88,"gradient":0.00358,"area_ha":7.42,"on_drain_share":0.0,"downstream":"L00647"}},{"type":"Feature","geometry":{"type":"LineString","coordinates":[[77.21480668624564,28.64466479637985],[77.21520997734784,28.64438751662723],[77.21643691021652,28.644367440683364],[77.21653725749857,28.644275570544504],[77.2169462344585,28.644268875813648],[77.21714692773025,28.644085134771494],[77.2176581477736,28.644076763915514],[77.21776228985372,28.64416528608352],[77.21776608607509,28.64434567922038],[77.21786833031088,28.644344004722203],[77.2182697130124,28.643976519804546],[77.21837195685528,28.643974844945976],[77.21857074820457,28.643700905424257],[77.21856125452852,28.643249922775627],[77.21835297120613,28.64307287953055],[77.21834347870855,28.642621896773466],[77.21925036648094,28.641975444898296],[77.21924466891245,28.641704855369028],[77.22024808418514,28.64078613260983],[77.22023098487743,28.63997436439411]]},"properties":{"id":"L00687","strahler":1,"length_m":962.5,"drop_m":6.35,"gradient":0.0066,"area_ha":23.51,"on_drain_share":0.0,"downstream":"L00689"}},{"type":"Feature","geometry":{"type":"LineString","coordinates":[[77.27042653385173,28.643743692656713],[77.27082966325463,28.643466255505146],[77.2713291983471,28.642916522680917],[77.27132531071716,28.64273613614218],[77.27152395663444,28.642462126629365],[77.2715064614111,28.641650387218856],[77.27140227977199,28.641561908766473],[77.27139839223526,28.64138152220084],[77.27097972482478,28.640937414102567],[77.27097583811147,28.64075702746734]]},"properties":{"id":"L00656","strahler":3,"length_m":402.1,"drop_m":0.13,"gradient":0.00033,"area_ha":192.93,"on_drain_share":0.0,"downstream":"L00663"}},{"type":"Feature","geometry":{"type":"LineString","coordinates":[[77.28228044928018,28.643273753217315],[77.28350926681959,28.643343263141006],[77.28361345982279,28.643431731575646],[77.28422689196559,28.643421385588493],[77.28433108561342,28.643509853431055]]},"properties":{"id":"L00625","strahler":3,"length_m":212.4,"drop_m":-2.55,"gradient":0.0,"area_ha":87.03,"on_drain_share":0.0,"downstream":"L00613"}},{"type":"Feature","geometry":{"type":"LineString","coordinates":[[77.22339140901391,28.6443436635965],[77.22318501854927,28.644256824616157],[77.22287067730318,28.643901074871817],[77.22286496998936,28.64363048608521],[77.22255253392342,28.643364931691682],[77.22254872966761,28.64318453911529],[77.22223439392332,28.642828787545554],[77.22233473447267,28.642736913448392],[77.22233093068846,28.642556520828563],[77.22283263002963,28.642097149403845],[77.22282311875733,28.641646167954523],[77.22322257097248,28.641188473453518],[77.22320925341913,28.64055709949806],[77.22340992849293,28.640373350068295],[77.22340422062969,28.640102761240083],[77.22350455766893,28.640010886441203],[77.22349504434546,28.639559905059187],[77.22317881490501,28.63911395878607],[77.22306326057368,28.63848426280129],[77.22316359648678,28.638392388303618],[77.22315598748737,28.638031603030786],[77.22345699323624,28.6377559792018],[77.22345318831758,28.637575586587083],[77.22355352306086,28.63748371185557],[77.2235440105243,28.6370327303204]]},"properties":{"id":"L00742","strahler":2,"length_m":952.5,"drop_m":2.65,"gradient":0.00279,"area_ha":46.12,"on_drain_share":0.0,"downstream":"L00750"}},{"type":"Feature","geometry":{"type":"LineString","coordinates":[[77.22400296848997,28.644243393795747],[77.22339140901391,28.6443436635965]]},"properties":{"id":"L00626","strahler":1,"length_m":64.1,"drop_m":-0.32,"gradient":0.0,"area_ha":5.48,"on_drain_share":0.0,"downstream":"L00742"}},{"type":"Feature","geometry":{"type":"LineString","coordinates":[[77.22850359045067,28.644259632028376],[77.2279828390947,28.643817064134968],[77.22788059607325,28.643818746237823],[77.22756624115372,28.64346300818381]]},"properties":{"id":"L00634","strahler":1,"length_m":133.1,"drop_m":5.55,"gradient":0.04166,"area_ha":5.73,"on_drain_share":0.0,"downstream":"L00658"}},{"type":"Feature","geometry":{"type":"LineString","coordinates":[[77.26531064725384,28.643648917378528],[77.26374410785992,28.642141269607418]]},"properties":{"id":"L00645","strahler":1,"length_m":232.1,"drop_m":0.0,"gradient":0.0,"area_ha":4.99,"on_drain_share":0.0,"downstream":"L00695"}},{"type":"Feature","geometry":{"type":"LineString","coordinates":[[77.19445229531311,28.64463525480468],[77.19466054431875,28.64481233682664]]},"properties":{"id":"L00627","strahler":1,"length_m":28.3,"drop_m":-0.5,"gradient":0.0,"area_ha":4.07,"on_drain_share":0.0,"downstream":"L00571"}},{"type":"Feature","geometry":{"type":"LineString","coordinates":[[77.1952973576738,28.641012421613475],[77.19540335769842,28.641191160191756],[77.19560784313154,28.641187845203195],[77.19561347992484,28.64145843907322],[77.19592772568888,28.641814257691042],[77.19613409167778,28.641901139763327],[77.19634797648763,28.642348813105187],[77.19655622368577,28.64252589233826],[77.19656374308919,28.64288668386116],[77.19636301389717,28.643070396249804],[77.19615852491711,28.643073712576612],[77.19575706366938,28.643441135994355],[77.1958649465122,28.643710071887458],[77.19566421456004,28.643893783371063],[77.19566985213011,28.644164377122785],[77.19536687322092,28.64434974596613],[77.19506013581088,28.64435471828791],[77.19466054431875,28.64481233682664]]},"properties":{"id":"L00628","strahler":1,"length_m":609.4,"drop_m":7.86,"gradient":0.0129,"area_ha":15.85,"on_drain_share":0.0,"downstream":"L00571"}},{"type":"Feature","geometry":{"type":"LineString","coordinates":[[77.2092778932851,28.644394196818926],[77.20927411157852,28.644213802646252],[77.20874776498255,28.64350056491195],[77.2087420940062,28.64322997351831],[77.20884244738956,28.64313810876164],[77.2088367762554,28.642867517370856],[77.20873264255258,28.642778987835943]]},"properties":{"id":"L00647","strahler":3,"length_m":209.0,"drop_m":0.97,"gradient":0.00462,"area_ha":114.45,"on_drain_share":0.0,"downstream":"L00711"}},{"type":"Feature","geometry":{"type":"LineString","coordinates":[[77.28073125338346,28.642578049417843],[77.28135639613147,28.643108872597637],[77.28196982736314,28.64309853693561],[77.28228044928018,28.643273753217315]]},"properties":{"id":"L00632","strahler":2,"length_m":183.1,"drop_m":2.78,"gradient":0.0152,"area_ha":10.7,"on_drain_share":0.0,"downstream":"L00625"}},{"type":"Feature","geometry":{"type":"LineString","coordinates":[[77.27901158199607,28.638727298651933],[77.27901743220606,28.638997877170194],[77.27932998748221,28.639263294104477],[77.2793572935708,28.640525993374247],[77.27895614934873,28.640893646949937],[77.2789600497351,28.641074032579418],[77.27855890209256,28.641441685146898],[77.27856085198579,28.641531877979986],[77.27785883634031,28.642175267484603],[77.27786468442831,28.642445846082666],[77.2779688720634,28.642534319192997],[77.27787053259688,28.64271642466882],[77.27736323826767,28.642905408123806],[77.27696012952953,28.643182863666034],[77.27583550053016,28.643201768728655],[77.27532041066073,28.643029972827154],[77.27480921595271,28.643038560964904],[77.27449665941539,28.642773133715075],[77.27449276638993,28.642592747569914],[77.27407797367816,28.64232903633619]]},"properties":{"id":"L00641","strahler":2,"length_m":966.7,"drop_m":4.51,"gradient":0.00467,"area_ha":67.0,"on_drain_share":0.0,"downstream":"L00657"}},{"type":"Feature","geometry":{"type":"LineString","coordinates":[[77.18166585998674,28.644571166522834],[77.181766239588,28.644479320505845],[77.1816527894145,28.64393977520024],[77.18225692876528,28.64347889704443],[77.18317714101102,28.64346406537018],[77.18337789527106,28.643280371257728],[77.18327004413494,28.643011423637873],[77.18487418105609,28.641451663982767]]},"properties":{"id":"L00669","strahler":1,"length_m":553.6,"drop_m":3.1,"gradient":0.00561,"area_ha":11.61,"on_drain_share":0.0,"downstream":"L00652"}},{"type":"Feature","geometry":{"type":"LineString","coordinates":[[77.22756624115372,28.64346300818381],[77.22753764564133,28.642110068370318],[77.22793898460858,28.64174255699722],[77.2281358395155,28.641378408977403]]},"properties":{"id":"L00658","strahler":2,"length_m":254.9,"drop_m":0.99,"gradient":0.00387,"area_ha":44.87,"on_drain_share":0.0,"downstream":"L00698"}},{"type":"Feature","geometry":{"type":"LineString","coordinates":[[77.28062706353663,28.642489578568664],[77.28073125338346,28.642578049417843]]},"properties":{"id":"L00635","strahler":1,"length_m":14.1,"drop_m":0.0,"gradient":0.0,"area_ha":4.95,"on_drain_share":0.0,"downstream":"L00632"}},{"type":"Feature","geometry":{"type":"LineString","coordinates":[[77.28113044486594,28.64212019798985],[77.28072930154926,28.642487856735222],[77.28073125338346,28.642578049417843]]},"properties":{"id":"L00636","strahler":1,"length_m":66.6,"drop_m":-0.72,"gradient":0.0,"area_ha":4.35,"on_drain_share":0.0,"downstream":"L00632"}},{"type":"Feature","geometry":{"type":"LineString","coordinates":[[77.17212339424539,28.64310043735676],[77.17191890189441,28.64310371710259],[77.17171812678357,28.64328739528371],[77.17141324600577,28.643382513286735],[77.17071052505037,28.64402538337932],[77.17071424074851,28.644205782218766],[77.17010075658773,28.64421561449658],[77.16999665195578,28.64412705347799]]},"properties":{"id":"L00638","strahler":1,"length_m":275.6,"drop_m":0.91,"gradient":0.00331,"area_ha":8.98,"on_drain_share":0.0,"downstream":null}},{"type":"Feature","geometry":{"type":"LineString","coordinates":[[77.20149030006206,28.643708968477508],[77.20148841591987,28.64361877090871]]},"properties":{"id":"L00637","strahler":1,"length_m":10.0,"drop_m":0.0,"gradient":0.0,"area_ha":6.47,"on_drain_share":0.0,"downstream":"L00648"}},{"type":"Feature","geometry":{"type":"LineString","coordinates":[[77.1987202798819,28.643302829565364],[77.19933374699461,28.643292867988496],[77.19963483287933,28.643017293095397],[77.19994156545516,28.64301231062857],[77.20024264890412,28.64273673450342],[77.20055503037335,28.643002343614075],[77.20086176271568,28.642997359066403],[77.20117414646501,28.643262966610926],[77.20117791416484,28.643443361794883],[77.20148841591987,28.64361877090871]]},"properties":{"id":"L00639","strahler":1,"length_m":348.0,"drop_m":10.94,"gradient":0.03143,"area_ha":10.83,"on_drain_share":0.0,"downstream":"L00648"}},{"type":"Feature","geometry":{"type":"LineString","coordinates":[[77.20148841591987,28.64361877090871],[77.20209246052615,28.64315780902002],[77.20208869130627,28.642977413939608],[77.20238976870833,28.64270183334912],[77.20269649979736,28.64269684469552],[77.20332127563712,28.643228050110732],[77.20342351978816,28.643226386572497],[77.2039253095257,28.64276708057844],[77.20391965109697,28.64249648827456],[77.2040200082845,28.64240462689242]]},"properties":{"id":"L00648","strahler":2,"length_m":382.8,"drop_m":5.52,"gradient":0.01443,"area_ha":23.1,"on_drain_share":0.0,"downstream":"L00672"}},{"type":"Feature","geometry":{"type":"LineString","coordinates":[[77.20833689874785,28.64341703757721],[77.2085376064226,28.643233308545188],[77.20853382616441,28.643052914251346],[77.20873264255258,28.642778987835943]]},"properties":{"id":"L00646","strahler":1,"length_m":86.6,"drop_m":0.28,"gradient":0.00319,"area_ha":4.13,"on_drain_share":0.0,"downstream":"L00711"}},{"type":"Feature","geometry":{"type":"LineString","coordinates":[[77.27407797367816,28.64232903633619],[77.2736690202945,28.6423359030973],[77.27325228512238,28.641981995996623],[77.27324061292221,28.64144083701353],[77.27303224753877,28.641263882823683],[77.27241882315975,28.6412741774198],[77.27211794397483,28.641549903393987],[77.27191346853296,28.641553333885657],[77.27097583811147,28.64075702746734]]},"properties":{"id":"L00657","strahler":2,"length_m":434.6,"drop_m":0.57,"gradient":0.0013,"area_ha":96.53,"on_drain_share":0.0,"downstream":"L00663"}},{"type":"Feature","geometry":{"type":"LineString","coordinates":[[77.26027378377145,28.642469914213482],[77.26097591527781,28.64182660979729],[77.26096430615401,28.641285446193034],[77.26045118042418,28.641203785721846],[77.2602234941517,28.64012487066853],[77.25939012954427,28.639416965920773],[77.25938046299933,28.63896599559892],[77.25927436050385,28.638787312981243],[77.2595752680053,28.638511614010405],[77.25936499698918,28.638244443015267],[77.2595656010314,28.63806064368603],[77.25977007145183,28.638057232207743]]},"properties":{"id":"L00719","strahler":2,"length_m":657.7,"drop_m":0.72,"gradient":0.00109,"area_ha":50.28,"on_drain_share":0.0,"downstream":"L00747"}},{"type":"Feature","geometry":{"type":"LineString","coordinates":[[77.27498939199012,28.63717085863985],[77.27550055819141,28.63716227142535],[77.27560473842422,28.637250746827185],[77.2756125265911,28.63761151911732],[77.27551223991802,28.63770342989894],[77.27562226200095,28.638062484450238],[77.27542363464882,28.63833649907143],[77.27543142254665,28.638697271349265],[77.27626488175852,28.63940507162899],[77.27626877730093,28.639585457636432],[77.27506531194531,28.64068838911454],[77.27507115250518,28.6409589682985],[77.27467193741666,28.641416803166006],[77.27488225245204,28.641683947717027],[77.27407797367816,28.64232903633619]]},"properties":{"id":"L00643","strahler":1,"length_m":787.4,"drop_m":4.69,"gradient":0.00595,"area_ha":25.26,"on_drain_share":0.0,"downstream":"L00657"}},{"type":"Feature","geometry":{"type":"LineString","coordinates":[[77.23021309640096,28.642878080213976],[77.23051218663267,28.64251224531896],[77.23050646003827,28.642241657885712],[77.23080745663789,28.64196601826606],[77.23069948864782,28.641697114981966],[77.23280450728849,28.6396774271496],[77.2327930437608,28.639136252891987]]},"properties":{"id":"L00701","strahler":1,"length_m":526.0,"drop_m":2.52,"gradient":0.0048,"area_ha":16.51,"on_drain_share":0.0,"downstream":"L00703"}},{"type":"Feature","geometry":{"type":"LineString","coordinates":[[77.20424147268473,28.64321307549213],[77.20423769977963,28.64303268067453],[77.20402755318811,28.64276541660878],[77.2040200082845,28.64240462689242]]},"properties":{"id":"L00649","strahler":1,"length_m":98.3,"drop_m":0.01,"gradient":5e-05,"area_ha":5.43,"on_drain_share":0.0,"downstream":"L00672"}},{"type":"Feature","geometry":{"type":"LineString","coordinates":[[77.2418667031545,28.642595434112856],[77.24217342570007,28.642590356107803],[77.24227374758922,28.64249846820266],[77.24226990973213,28.642318078033348],[77.24256895472985,28.64195221888154],[77.2425478446524,28.640960073006006],[77.24284880440331,28.640684408513494],[77.24282193527775,28.63942167737775],[77.24240530915768,28.639067668699035],[77.24229347841083,28.638618385777434]]},"properties":{"id":"L00710","strahler":1,"length_m":519.7,"drop_m":8.76,"gradient":0.01686,"area_ha":14.18,"on_drain_share":0.0,"downstream":"L00717"}},{"type":"Feature","geometry":{"type":"LineString","coordinates":[[77.21293029404366,28.642981143773515],[77.21313099244757,28.64279740840415],[77.21364220763935,28.642789053043398],[77.21374634521271,28.64287757857318],[77.21395083138576,28.642874235722843],[77.214356013466,28.64268715550451],[77.21475740325417,28.642319680593914],[77.21588017371128,28.642211086326032],[77.21618121081369,28.641935477128108],[77.21606000436313,28.641035183135124],[77.21585172961579,28.64085813551429],[77.21655603558482,28.64030524367463],[77.21696499714088,28.640298549732524],[77.21736826620119,28.640021264616372],[77.21735308696778,28.6392996913821],[77.21662413402669,28.638680029694747],[77.21651810199394,28.638501309512606],[77.21651430882652,28.638320916067443],[77.2166146506498,28.638229046116283]]},"properties":{"id":"L00729","strahler":1,"length_m":930.8,"drop_m":10.8,"gradient":0.0116,"area_ha":25.08,"on_drain_share":0.0,"downstream":"L00755"}},{"type":"Feature","geometry":{"type":"LineString","coordinates":[[77.26374410785992,28.642141269607418],[77.26361474923968,28.640880265844103],[77.26267137521327,28.639813316439465],[77.26255752217864,28.63927386133333],[77.2623472422717,28.63900669550985]]},"properties":{"id":"L00695","strahler":5,"length_m":403.8,"drop_m":0.0,"gradient":0.0,"area_ha":1304.33,"on_drain_share":0.0,"downstream":"L00733"}},{"type":"Feature","geometry":{"type":"LineString","coordinates":[[77.18941036922233,28.643182978416895],[77.18920587907,28.64318628426219],[77.18878940573872,28.642832101641247],[77.18878378613653,28.642561506587437],[77.1889807817539,28.642197408070658],[77.18897328851045,28.64183661467541],[77.18876505468845,28.64165952298936],[77.18875943542177,28.64138892788433],[77.18813473987419,28.640857650515297]]},"properties":{"id":"L00675","strahler":1,"length_m":338.0,"drop_m":0.2,"gradient":0.00059,"area_ha":10.9,"on_drain_share":0.0,"downstream":"L00691"}},{"type":"Feature","geometry":{"type":"LineString","coordinates":[[77.17611657544957,28.643307018017822],[77.17580425071934,28.643041349213664],[77.17558858745302,28.642503439640077],[77.17506805339386,28.642060655432633],[77.17506433057757,28.64188025705828],[77.17475387392957,28.641704784611985]]},"properties":{"id":"L00665","strahler":1,"length_m":239.7,"drop_m":2.74,"gradient":0.01141,"area_ha":6.85,"on_drain_share":0.0,"downstream":"L00671"}},{"type":"Feature","geometry":{"type":"LineString","coordinates":[[77.20873264255258,28.642778987835943],[77.20873075228789,28.64268879069552],[77.2083142196072,28.642334671617757],[77.20830477033418,28.6418836857454],[77.20850547533496,28.64169995687977],[77.20847523660305,28.640256802023785],[77.20857558758324,28.64016493757033],[77.20856991783249,28.63989434601202],[77.2091833610414,28.63988434092301],[77.20948441049853,28.63960874593579],[77.20978924020051,28.639513544595278],[77.21028909266434,28.63896402016455]]},"properties":{"id":"L00711","strahler":3,"length_m":566.3,"drop_m":4.61,"gradient":0.00814,"area_ha":128.46,"on_drain_share":0.0,"downstream":"L00715"}},{"type":"Feature","geometry":{"type":"LineString","coordinates":[[77.2668015708859,28.641638996011668],[77.26596815227956,28.640931135077167]]},"properties":{"id":"L00654","strahler":1,"length_m":113.1,"drop_m":-0.4,"gradient":0.0,"area_ha":7.91,"on_drain_share":0.0,"downstream":"L00696"}},{"type":"Feature","geometry":{"type":"LineString","coordinates":[[77.2040200082845,28.64240462689242],[77.20452179160236,28.64194531899198],[77.20482852004984,28.641940325631968],[77.20481342541626,28.641218746480202],[77.2050141356864,28.641035022511108],[77.20521673237144,28.64094149565714],[77.20562758700396,28.64102503315764]]},"properties":{"id":"L00672","strahler":2,"length_m":277.3,"drop_m":1.91,"gradient":0.00688,"area_ha":33.47,"on_drain_share":0.0,"downstream":"L00760"}},{"type":"Feature","geometry":{"type":"LineString","coordinates":[[77.23397692420423,28.64191377185234],[77.23396927709776,28.64155298942733],[77.23416993403822,28.641369225002986],[77.23457889481492,28.641362477670445],[77.2345750703017,28.641182086520136],[77.23487796526612,28.640996634131465],[77.23487222782906,28.64072604744476],[77.23517512096869,28.64054059448136],[77.23599303539214,28.640527092871427],[77.23640581992646,28.64070073115965],[77.23701925621172,28.640690599791185],[77.23721990597267,28.640506831210075],[77.23814005807715,28.640491627682508],[77.23824038183072,28.64039974265641],[77.23834453622582,28.640488248273243],[77.23895797046073,28.64047810819617],[77.23905829344544,28.640386222603997],[77.23956948791863,28.640377770067026],[77.23967364333438,28.640466274600325],[77.23987812121906,28.640462892879473],[77.2406826106463,28.639817996424128]]},"properties":{"id":"L00682","strahler":1,"length_m":837.0,"drop_m":4.88,"gradient":0.00583,"area_ha":17.47,"on_drain_share":0.0,"downstream":"L00709"}},{"type":"Feature","geometry":{"type":"LineString","coordinates":[[77.24829054341684,28.641676897926523],[77.24797805358752,28.64141140540432],[77.24726430150258,28.641513478007383],[77.24706366854119,28.641697260585158],[77.24665470996665,28.64170404567226],[77.24655054777128,28.64161554692189]]},"properties":{"id":"L00650","strahler":1,"length_m":199.0,"drop_m":-4.02,"gradient":0.0,"area_ha":9.2,"on_drain_share":0.0,"downstream":"L00583"}},{"type":"Feature","geometry":{"type":"LineString","coordinates":[[77.25124200014135,28.640996280560763],[77.25072310263175,28.640643998975715],[77.25051862591937,28.640647397082123],[77.24937475499485,28.639764134428265],[77.24876132930032,28.63977432143343],[77.24785657831373,28.640511154893538],[77.24775433988907,28.640512851815185],[77.24655054777128,28.64161554692189]]},"properties":{"id":"L00651","strahler":2,"length_m":600.8,"drop_m":-0.25,"gradient":0.0,"area_ha":21.19,"on_drain_share":0.0,"downstream":"L00583"}},{"type":"Feature","geometry":{"type":"LineString","coordinates":[[77.18487418105609,28.641451663982767],[77.18602131046423,28.642515897319466]]},"properties":{"id":"L00652","strahler":2,"length_m":165.6,"drop_m":-0.34,"gradient":0.0,"area_ha":19.43,"on_drain_share":0.0,"downstream":"L00611"}},{"type":"Feature","geometry":{"type":"LineString","coordinates":[[77.18690782445226,28.640877467945458],[77.1869115673745,28.641057864920697],[77.18641157772994,28.641607310048165],[77.18641531991643,28.641787707063862],[77.18611420067703,28.642063254284956],[77.18590971224499,28.64206655503788],[77.18580933862401,28.642158403837566],[77.18602131046423,28.642515897319466]]},"properties":{"id":"L00653","strahler":3,"length_m":245.6,"drop_m":1.75,"gradient":0.00713,"area_ha":225.79,"on_drain_share":0.0,"downstream":"L00611"}},{"type":"Feature","geometry":{"type":"LineString","coordinates":[[77.2285524305026,28.641732463626315],[77.2281358395155,28.641378408977403]]},"properties":{"id":"L00659","strahler":1,"length_m":56.6,"drop_m":-0.29,"gradient":0.0,"area_ha":5.14,"on_drain_share":0.0,"downstream":"L00698"}},{"type":"Feature","geometry":{"type":"LineString","coordinates":[[77.25155449634985,28.641261765170295],[77.25124200014135,28.640996280560763]]},"properties":{"id":"L00660","strahler":1,"length_m":42.4,"drop_m":0.79,"gradient":0.01856,"area_ha":5.34,"on_drain_share":0.0,"downstream":"L00651"}},{"type":"Feature","geometry":{"type":"LineString","coordinates":[[77.26984151847705,28.640324914440196],[77.26973733953548,28.640236434537293],[77.26881720970472,28.64025185251193],[77.26851632323752,28.640527570884093],[77.26800707903642,28.64062632617616],[77.2676058923977,28.640993948360578],[77.26709470481926,28.641002506837584],[77.26699052732064,28.64091402473609],[77.26647933991146,28.64092258086974],[77.26627680423047,28.641016196394222],[77.26617262735904,28.64092771362535],[77.26596815227956,28.640931135077167]]},"properties":{"id":"L00655","strahler":3,"length_m":429.7,"drop_m":2.54,"gradient":0.00592,"area_ha":313.46,"on_drain_share":0.0,"downstream":"L00696"}},{"type":"Feature","geometry":{"type":"LineString","coordinates":[[77.26596815227956,28.640931135077167],[77.2649263947367,28.640046300708917],[77.26421073716614,28.640058267524072],[77.26380760129604,28.64033568533441],[77.2623472422717,28.63900669550985]]},"properties":{"id":"L00696","strahler":3,"length_m":471.8,"drop_m":2.98,"gradient":0.00632,"area_ha":327.45,"on_drain_share":0.0,"downstream":"L00733"}},{"type":"Feature","geometry":{"type":"LineString","coordinates":[[77.23928193363982,28.641284794731455],[77.23969089265805,28.641278031987696],[77.23979121567656,28.641186145855425],[77.23978546558725,28.640915560086444],[77.24028707688277,28.640456128513122],[77.24058612425775,28.640090273560705],[77.2406826106463,28.639817996424128]]},"properties":{"id":"L00683","strahler":1,"length_m":241.4,"drop_m":6.34,"gradient":0.02627,"area_ha":5.74,"on_drain_share":0.0,"downstream":"L00709"}},{"type":"Feature","geometry":{"type":"LineString","coordinates":[[77.27097583811147,28.64075702746734],[77.27045688130414,28.640404825179576],[77.26984151847705,28.640324914440196]]},"properties":{"id":"L00663","strahler":3,"length_m":130.7,"drop_m":0.35,"gradient":0.00266,"area_ha":290.38,"on_drain_share":0.0,"downstream":"L00655"}},{"type":"Feature","geometry":{"type":"LineString","coordinates":[[77.2281358395155,28.641378408977403],[77.2259487826736,28.639519598209258]]},"properties":{"id":"L00698","strahler":2,"length_m":297.0,"drop_m":-1.46,"gradient":0.0,"area_ha":56.56,"on_drain_share":0.0,"downstream":"L00723"}},{"type":"Feature","geometry":{"type":"LineString","coordinates":[[77.25224704032578,28.640167530891148],[77.25225089490749,28.640347919880103],[77.25154871605855,28.640991181591534],[77.25124200014135,28.640996280560763]]},"properties":{"id":"L00661","strahler":1,"length_m":149.0,"drop_m":-0.72,"gradient":0.0,"area_ha":6.91,"on_drain_share":0.0,"downstream":"L00651"}},{"type":"Feature","geometry":{"type":"LineString","coordinates":[[77.17076818439425,28.641858958072586],[77.1704670216119,28.642134472701777],[77.1699557947912,28.642142664986757]]},"properties":{"id":"L00662","strahler":2,"length_m":92.4,"drop_m":3.04,"gradient":0.03287,"area_ha":55.19,"on_drain_share":0.0,"downstream":null}},{"type":"Feature","geometry":{"type":"LineString","coordinates":[[77.28661017139797,28.640133050375628],[77.2867104499467,28.64004113181871],[77.28669675293608,28.63940978541425],[77.28689339474948,28.6390455634969]]},"properties":{"id":"L00686","strahler":1,"length_m":132.4,"drop_m":-0.0,"gradient":0.0,"area_ha":10.22,"on_drain_share":0.0,"downstream":"L00737"}},{"type":"Feature","geometry":{"type":"LineString","coordinates":[[77.17342097300174,28.641545723727358],[77.17311423924961,28.641550645924696],[77.17281122432593,28.641735966082226],[77.1722907052175,28.641293170311048],[77.17218846081005,28.64129481025449],[77.1719876894263,28.641478488669577],[77.17157871094415,28.641485047104958],[77.17076818439425,28.641858958072586]]},"properties":{"id":"L00664","strahler":2,"length_m":313.8,"drop_m":5.42,"gradient":0.01727,"area_ha":48.84,"on_drain_share":0.0,"downstream":"L00662"}},{"type":"Feature","geometry":{"type":"LineString","coordinates":[[77.27109286267486,28.636694898361434],[77.27029053742727,28.637430157464845],[77.2700938390615,28.637794358414684],[77.27011132061668,28.638606099083844],[77.27042385370983,28.638871537934065],[77.2707325023672,28.63895658925046],[77.27083862384075,28.639135261776733],[77.27084833945118,28.6395862285058],[77.27095251858137,28.639674707544927],[77.27055134623969,28.640042337724335],[77.27034687349835,28.640045765687457],[77.27014628589501,28.640229580100918],[77.26994181273308,28.6402330074732],[77.26984151847705,28.640324914440196]]},"properties":{"id":"L00666","strahler":1,"length_m":555.3,"drop_m":0.36,"gradient":0.00065,"area_ha":16.82,"on_drain_share":0.0,"downstream":"L00655"}},{"type":"Feature","geometry":{"type":"LineString","coordinates":[[77.28384590628374,28.6399992441211],[77.28434926418593,28.63962985275965],[77.2859850226972,28.63960225175099],[77.28619144861977,28.639688992615117],[77.28679311725472,28.63913748213888]]},"properties":{"id":"L00677","strahler":1,"length_m":335.6,"drop_m":2.07,"gradient":0.00618,"area_ha":11.5,"on_drain_share":0.0,"downstream":"L00685"}},{"type":"Feature","geometry":{"type":"LineString","coordinates":[[77.17135378182583,28.64049613221544],[77.17105262431488,28.640771647906323],[77.17106377176457,28.64131284454581],[77.17116973232542,28.641491604307237],[77.17076818439425,28.641858958072586]]},"properties":{"id":"L00667","strahler":1,"length_m":183.1,"drop_m":5.99,"gradient":0.03271,"area_ha":5.58,"on_drain_share":0.0,"downstream":"L00662"}},{"type":"Feature","geometry":{"type":"LineString","coordinates":[[77.17475387392957,28.641704784611985],[77.1744434182868,28.64152931139344],[77.17413668479102,28.641534235902835],[77.17403257978751,28.64144567799628],[77.17342097300174,28.641545723727358]]},"properties":{"id":"L00671","strahler":2,"length_m":146.6,"drop_m":0.19,"gradient":0.0013,"area_ha":20.31,"on_drain_share":0.0,"downstream":"L00664"}},{"type":"Feature","geometry":{"type":"LineString","coordinates":[[77.1770868674048,28.64076501064451],[77.17698276088379,28.64067645509085],[77.17677827389464,28.640679741917406],[77.17607374228733,28.64123243822541],[77.1757670099879,28.641237366379002],[77.17546586271715,28.64151289135271],[77.17506060779549,28.641699858678674],[77.17475387392957,28.641704784611985]]},"properties":{"id":"L00668","strahler":1,"length_m":279.7,"drop_m":7.84,"gradient":0.02804,"area_ha":11.32,"on_drain_share":0.0,"downstream":"L00671"}},{"type":"Feature","geometry":{"type":"LineString","coordinates":[[77.18395585639134,28.641556704891563],[77.18487418105609,28.641451663982767]]},"properties":{"id":"L00670","strahler":1,"length_m":94.1,"drop_m":-2.43,"gradient":0.0,"area_ha":5.81,"on_drain_share":0.0,"downstream":"L00652"}},{"type":"Feature","geometry":{"type":"LineString","coordinates":[[77.21084569446914,28.641120405714208],[77.2104253786039,28.640585898990796],[77.21062607737065,28.64040216728665],[77.21060526917071,28.639409999591834],[77.21039700640527,28.639232942856857],[77.21028909266434,28.63896402016455]]},"properties":{"id":"L00712","strahler":1,"length_m":277.3,"drop_m":5.0,"gradient":0.01802,"area_ha":6.65,"on_drain_share":0.0,"downstream":"L00715"}},{"type":"Feature","geometry":{"type":"LineString","coordinates":[[77.22546615311403,28.640880941394386],[77.22545282229774,28.640249568374397],[77.2259487826736,28.639519598209258]]},"properties":{"id":"L00697","strahler":1,"length_m":170.7,"drop_m":0.19,"gradient":0.00111,"area_ha":7.16,"on_drain_share":0.0,"downstream":"L00723"}},{"type":"Feature","geometry":{"type":"LineString","coordinates":[[77.20562758700396,28.64102503315764],[77.20603089093947,28.64074778005918],[77.20602333981269,28.640386990723066],[77.2063225113808,28.64002120492883],[77.20663301038344,28.640196602405],[77.20704197426474,28.640189938435753],[77.20774254714945,28.63945669561034],[77.20773876884284,28.63927630111905],[77.20783911963,28.639184437215366],[77.20782967362214,28.638733450988596],[77.2079300238415,28.63864158704341],[77.20792246687688,28.63828079805788],[77.20760819393577,28.63792500875882],[77.2084128762364,28.637280294069587],[77.20891839635064,28.637001366363712],[77.20991997443255,28.635992519924898],[77.20991619294428,28.635812125606897]]},"properties":{"id":"L00760","strahler":3,"length_m":865.7,"drop_m":5.75,"gradient":0.00665,"area_ha":68.77,"on_drain_share":0.0,"downstream":"L00766"}},{"type":"Feature","geometry":{"type":"LineString","coordinates":[[77.17648811639839,28.636533867813228],[77.1763840147772,28.636445311494338],[77.17638029057636,28.636264913128542],[77.17617208824127,28.63608780018923],[77.1758709558776,28.63636332540532],[77.17474632217633,28.636381387429868],[77.17464594331814,28.636473228256015],[77.17444146416052,28.63647651111693],[77.17435596818035,28.63728994611389],[77.17466827143039,28.63755561958839],[77.17467571440798,28.63791641665719],[77.17457533411492,28.638008257494043],[77.17457905549746,28.638188656030174],[77.17468315752232,28.638277213705],[77.1746961833015,28.63890860848814],[77.17439503929899,28.639184130958732],[77.17440062119503,28.63945472874647],[77.17410133532458,28.639820449939332],[77.17412366094446,28.640902841129286],[77.17342097300174,28.641545723727358]]},"properties":{"id":"L00673","strahler":1,"length_m":887.7,"drop_m":6.02,"gradient":0.00678,"area_ha":25.16,"on_drain_share":0.0,"downstream":"L00664"}},{"type":"Feature","geometry":{"type":"LineString","coordinates":[[77.20500470103552,28.640584035547352],[77.20562758700396,28.64102503315764]]},"properties":{"id":"L00674","strahler":2,"length_m":80.7,"drop_m":-0.29,"gradient":0.0,"area_ha":20.08,"on_drain_share":0.0,"downstream":"L00760"}},{"type":"Feature","geometry":{"type":"LineString","coordinates":[[77.19110540549988,28.641080307281992],[77.19099566276658,28.640721168445985],[77.19068331102606,28.640455535505218],[77.1900698568563,28.640465457019133],[77.18996574043102,28.640376912024834],[77.18976125579631,28.64038021841321]]},"properties":{"id":"L00692","strahler":1,"length_m":180.7,"drop_m":0.63,"gradient":0.00349,"area_ha":9.31,"on_drain_share":0.0,"downstream":"L00676"}},{"type":"Feature","geometry":{"type":"LineString","coordinates":[[77.20296552531475,28.640887905290654],[77.20306588195022,28.640796044634172],[77.2032703655627,28.640792718123425],[77.20357143384537,28.64051713533289],[77.20397662777866,28.640330085614988],[77.20438559291077,28.640323429635025],[77.20448594773055,28.64023156801574],[77.20458818889594,28.640229903757245],[77.20469420329376,28.640408634258854],[77.20500470103552,28.640584035547352]]},"properties":{"id":"L00680","strahler":1,"length_m":251.4,"drop_m":1.69,"gradient":0.00671,"area_ha":7.4,"on_drain_share":0.0,"downstream":"L00674"}},{"type":"Feature","geometry":{"type":"LineString","coordinates":[[77.24310753526638,28.638424451857468],[77.24425134208188,28.639307771387344],[77.24425902365243,28.63966855139026],[77.24416062645547,28.639850635558137],[77.24447310238182,28.64011613774651],[77.24529100829987,28.640102580193673],[77.24589290641885,28.63955123942619],[77.24619961926213,28.6395461527993],[77.24680150936477,28.638994808392038],[77.24679189681964,28.63854383412811],[77.24729538802553,28.63817457360313],[77.24729154226696,28.637994183940947]]},"properties":{"id":"L00721","strahler":2,"length_m":674.3,"drop_m":3.62,"gradient":0.00537,"area_ha":70.15,"on_drain_share":0.0,"downstream":"L00781"}},{"type":"Feature","geometry":{"type":"LineString","coordinates":[[77.18118406936112,28.641060001388112],[77.18148706638844,28.640874663370504],[77.18179379646318,28.640869722324975],[77.18209305717075,28.64050398545962],[77.18269717579926,28.640043106294662],[77.18300390320745,28.64003816264053],[77.18320465167452,28.639854469036685],[77.18361175211393,28.63975767714962],[77.18391287211766,28.639482135411548],[77.18432183947044,28.639475540167002],[77.18452258449919,28.639291844777144]]},"properties":{"id":"L00713","strahler":1,"length_m":414.6,"drop_m":6.82,"gradient":0.01645,"area_ha":7.21,"on_drain_share":0.0,"downstream":"L00725"}},{"type":"Feature","geometry":{"type":"LineString","coordinates":[[77.18813473987419,28.640857650515297],[77.1874096800236,28.64041821972418]]},"properties":{"id":"L00691","strahler":2,"length_m":90.7,"drop_m":0.22,"gradient":0.00245,"area_ha":37.89,"on_drain_share":0.0,"downstream":"L00679"}},{"type":"Feature","geometry":{"type":"LineString","coordinates":[[77.18976125579631,28.64038021841321],[77.18894331691328,28.640393440884225],[77.18833922565744,28.640854346531377],[77.18813473987419,28.640857650515297]]},"properties":{"id":"L00676","strahler":2,"length_m":180.7,"drop_m":-0.95,"gradient":0.0,"area_ha":26.28,"on_drain_share":0.0,"downstream":"L00691"}},{"type":"Feature","geometry":{"type":"LineString","coordinates":[[77.18533303737472,28.638917855024907],[77.18543714862696,28.63900640389062],[77.1854408887433,28.639186801093135],[77.18605433737633,28.6391769009392],[77.18636480329928,28.63935234690858],[77.18637228684726,28.63971314106608],[77.18678873950589,28.640067332388135],[77.18690782445226,28.640877467945458]]},"properties":{"id":"L00678","strahler":2,"length_m":323.1,"drop_m":1.53,"gradient":0.00473,"area_ha":25.08,"on_drain_share":0.0,"downstream":"L00653"}},{"type":"Feature","geometry":{"type":"LineString","coordinates":[[77.1874096800236,28.64041821972418],[77.18690782445226,28.640877467945458]]},"properties":{"id":"L00679","strahler":3,"length_m":70.7,"drop_m":-1.43,"gradient":0.0,"area_ha":197.36,"on_drain_share":0.0,"downstream":"L00653"}},{"type":"Feature","geometry":{"type":"LineString","coordinates":[[77.20508241229348,28.63940980469969],[77.20510128155837,28.64031177870332],[77.20500092723584,28.640403640752634],[77.20500470103552,28.640584035547352]]},"properties":{"id":"L00681","strahler":2,"length_m":134.1,"drop_m":1.21,"gradient":0.00903,"area_ha":12.23,"on_drain_share":0.0,"downstream":"L00674"}},{"type":"Feature","geometry":{"type":"LineString","coordinates":[[77.22770018804643,28.640122392800773],[77.22645045175975,28.639060214854698],[77.22624597471871,28.63906357616194],[77.22551697459657,28.638443965149563],[77.22520645259227,28.638268612402076],[77.22489973905994,28.63827365130462],[77.22479940485817,28.638365527000882],[77.22469526332799,28.638277010187732]]},"properties":{"id":"L00724","strahler":1,"length_m":385.3,"drop_m":-9.57,"gradient":0.0,"area_ha":11.58,"on_drain_share":0.0,"downstream":"L00743"}},{"type":"Feature","geometry":{"type":"LineString","coordinates":[[77.23585635775841,28.638905261556804],[77.2350537558364,28.639640326227134],[77.23423393593302,28.639563626168147],[77.23352782271391,28.64002640899206],[77.23332334478691,28.640029781082916],[77.23290674595103,28.639675741553067],[77.2328971925528,28.63922476303974],[77.2327930437608,28.639136252891987]]},"properties":{"id":"L00702","strahler":2,"length_m":428.7,"drop_m":0.85,"gradient":0.00198,"area_ha":37.68,"on_drain_share":0.0,"downstream":"L00703"}},{"type":"Feature","geometry":{"type":"LineString","coordinates":[[77.28606574010733,28.638608409728477],[77.28669088292348,28.63913920836392],[77.28679311725472,28.63913748213888]]},"properties":{"id":"L00684","strahler":1,"length_m":94.9,"drop_m":-0.66,"gradient":0.0,"area_ha":4.63,"on_drain_share":0.0,"downstream":"L00685"}},{"type":"Feature","geometry":{"type":"LineString","coordinates":[[77.28679311725472,28.63913748213888],[77.28689339474948,28.6390455634969]]},"properties":{"id":"L00685","strahler":2,"length_m":14.1,"drop_m":0.0,"gradient":0.0,"area_ha":16.14,"on_drain_share":0.0,"downstream":"L00737"}},{"type":"Feature","geometry":{"type":"LineString","coordinates":[[77.2406826106463,28.639817996424128],[77.24128069718361,28.639086284499072],[77.24179188457671,28.6390778239275],[77.24229347841083,28.638618385777434]]},"properties":{"id":"L00709","strahler":2,"length_m":225.6,"drop_m":4.58,"gradient":0.0203,"area_ha":30.56,"on_drain_share":0.0,"downstream":"L00717"}},{"type":"Feature","geometry":{"type":"LineString","coordinates":[[77.28689339474948,28.6390455634969],[77.28809671106927,28.637942534684093],[77.2881891550029,28.637489846083373],[77.28848997869162,28.637214087271342],[77.28869444335531,28.63721063224105],[77.28889303285673,28.636936600181482],[77.28930196095683,28.63692968865746],[77.28940223416551,28.63683776837302],[77.28939831660477,28.63665738394735],[77.2895988621853,28.636473543202484],[77.2900058290153,28.636376437471462]]},"properties":{"id":"L00737","strahler":2,"length_m":471.1,"drop_m":0.05,"gradient":0.0001,"area_ha":39.59,"on_drain_share":0.0,"downstream":"L00738"}},{"type":"Feature","geometry":{"type":"LineString","coordinates":[[77.21919719222804,28.639449942164255],[77.22023098487743,28.63997436439411]]},"properties":{"id":"L00688","strahler":1,"length_m":124.9,"drop_m":2.22,"gradient":0.01776,"area_ha":4.74,"on_drain_share":0.0,"downstream":"L00689"}},{"type":"Feature","geometry":{"type":"LineString","coordinates":[[77.22023098487743,28.63997436439411],[77.22033132473693,28.639882491800126]]},"properties":{"id":"L00689","strahler":2,"length_m":14.1,"drop_m":0.0,"gradient":0.0,"area_ha":28.62,"on_drain_share":0.0,"downstream":"L00749"}},{"type":"Feature","geometry":{"type":"LineString","coordinates":[[77.21163902327797,28.63993448982762],[77.21123195384523,28.640031364642027],[77.21081353263469,28.6395870559636],[77.21028531007897,28.638783625970667]]},"properties":{"id":"L00716","strahler":1,"length_m":221.4,"drop_m":-0.66,"gradient":0.0,"area_ha":7.33,"on_drain_share":0.0,"downstream":"L00761"}},{"type":"Feature","geometry":{"type":"LineString","coordinates":[[77.22033132473693,28.639882491800126],[77.22103369886386,28.639239381797434],[77.22102609688379,28.638878596047206],[77.22141984533127,28.638150317554125],[77.22140844094675,28.637609138975943],[77.22281313835427,28.63632290656414]]},"properties":{"id":"L00749","strahler":3,"length_m":493.6,"drop_m":0.23,"gradient":0.00047,"area_ha":258.93,"on_drain_share":0.0,"downstream":"L00752"}},{"type":"Feature","geometry":{"type":"LineString","coordinates":[[77.18819578792123,28.638871633246676],[77.18821263985626,28.639683419134286],[77.18811414288993,28.639865467869495],[77.1874096800236,28.64041821972418]]},"properties":{"id":"L00693","strahler":3,"length_m":209.0,"drop_m":1.36,"gradient":0.00653,"area_ha":159.18,"on_drain_share":0.0,"downstream":"L00679"}},{"type":"Feature","geometry":{"type":"LineString","coordinates":[[77.19250678603639,28.63961397086495],[77.19230230322941,28.639617281007762],[77.1914731201912,28.639089329098933],[77.19127238836458,28.639273034122436],[77.19086529841586,28.639369848572997],[77.18976125579631,28.64038021841321]]},"properties":{"id":"L00694","strahler":1,"length_m":352.8,"drop_m":8.52,"gradient":0.02414,"area_ha":14.64,"on_drain_share":0.0,"downstream":"L00676"}},{"type":"Feature","geometry":{"type":"LineString","coordinates":[[77.19865442409034,28.640145907798637],[77.19865254265186,28.640055710010206],[77.19875478404853,28.640054050162632],[77.19945729886608,28.639411044862417],[77.19924717175373,28.639143772183264],[77.19944788861316,28.638960056101862],[77.19933623872453,28.638510727590297],[77.19953883635078,28.638417209193086]]},"properties":{"id":"L00730","strahler":1,"length_m":263.8,"drop_m":7.81,"gradient":0.02961,"area_ha":8.15,"on_drain_share":0.0,"downstream":"L00771"}},{"type":"Feature","geometry":{"type":"LineString","coordinates":[[77.2623472422717,28.63900669550985],[77.2622333920476,28.63846723992949],[77.2620250501743,28.63829026734867],[77.26201150193184,28.637658909934665],[77.26180316210345,28.637481936881986],[77.26179929164176,28.637301549006796],[77.26159095289643,28.637124575559085],[77.26158708285502,28.6369441876479]]},"properties":{"id":"L00733","strahler":5,"length_m":259.0,"drop_m":0.0,"gradient":0.0,"area_ha":1637.84,"on_drain_share":0.0,"downstream":"L00748"}},{"type":"Feature","geometry":{"type":"LineString","coordinates":[[77.2259487826736,28.639519598209258],[77.22469907048179,28.638457402631296],[77.22469526332799,28.638277010187732]]},"properties":{"id":"L00723","strahler":2,"length_m":189.7,"drop_m":-0.72,"gradient":0.0,"area_ha":67.03,"on_drain_share":0.0,"downstream":"L00743"}},{"type":"Feature","geometry":{"type":"LineString","coordinates":[[77.27927733069811,28.636828087637657],[77.27887619932326,28.637195740379443],[77.27857144981299,28.637291093473817],[77.27836308478585,28.6371141474338],[77.27806223321309,28.637389885227233],[77.27807002983124,28.637750656892266],[77.27900573186669,28.638456720121763],[77.27901158199607,28.638727298651933]]},"properties":{"id":"L00699","strahler":2,"length_m":354.6,"drop_m":-0.66,"gradient":0.0,"area_ha":30.94,"on_drain_share":0.0,"downstream":"L00641"}},{"type":"Feature","geometry":{"type":"LineString","coordinates":[[77.28275128167157,28.636679354616454],[77.28235016369975,28.637047016942407],[77.28193928073438,28.636963714833463],[77.28173872008766,28.63714754502817],[77.2816423438858,28.637419845416353],[77.28144178187839,28.637603675238253],[77.2817562908001,28.63795927919173],[77.2815557280453,28.638143109215974],[77.28135126055325,28.63814655357694],[77.28084984964858,28.638606126784477],[77.28033867835518,28.63861473457309],[77.27982165464023,28.638352762055387],[77.27951495240788,28.638357924590803],[77.2794146686869,28.638449838102268],[77.27910796608518,28.638454999732446],[77.27911186633706,28.63863538540774],[77.27901158199607,28.638727298651933]]},"properties":{"id":"L00700","strahler":1,"length_m":583.6,"drop_m":1.04,"gradient":0.00177,"area_ha":14.62,"on_drain_share":0.0,"downstream":"L00641"}},{"type":"Feature","geometry":{"type":"LineString","coordinates":[[77.20242039152771,28.63927266380552],[77.2029410186012,28.639715337471056],[77.20324397023181,28.6395299530118],[77.20344845136475,28.63952662636628],[77.20354880634048,28.639434765428685],[77.20406000854139,28.63942644711209],[77.20416036286258,28.63933458575421],[77.2046734508966,28.63941646258932],[77.20497639838291,28.639231074458767],[77.20508241229348,28.63940980469969]]},"properties":{"id":"L00705","strahler":1,"length_m":323.8,"drop_m":2.16,"gradient":0.00667,"area_ha":7.07,"on_drain_share":0.0,"downstream":"L00681"}},{"type":"Feature","geometry":{"type":"LineString","coordinates":[[77.26694203131119,28.638659185162762],[77.2657152073453,28.638679714735865],[77.26540268593483,28.63841426430467],[77.26437839648678,28.638341167541967],[77.26385753536178,28.63789874412578],[77.26335604453723,28.638358256774765],[77.26315157404056,28.638361673696828],[77.26158708285502,28.6369441876479]]},"properties":{"id":"L00734","strahler":1,"length_m":650.1,"drop_m":3.26,"gradient":0.00501,"area_ha":14.19,"on_drain_share":0.0,"downstream":"L00748"}},{"type":"Feature","geometry":{"type":"LineString","coordinates":[[77.2327930437608,28.639136252891987],[77.23278922265509,28.638955861462236]]},"properties":{"id":"L00703","strahler":2,"length_m":20.0,"drop_m":0.06,"gradient":0.00282,"area_ha":54.67,"on_drain_share":0.0,"downstream":"L00745"}},{"type":"Feature","geometry":{"type":"LineString","coordinates":[[77.23278922265509,28.638955861462236],[77.23133116059101,28.63771670963437],[77.23121937826859,28.63726741477673],[77.23069865290508,28.636824855627754]]},"properties":{"id":"L00745","strahler":2,"length_m":322.8,"drop_m":0.95,"gradient":0.00293,"area_ha":77.94,"on_drain_share":0.0,"downstream":"L00782"}},{"type":"Feature","geometry":{"type":"LineString","coordinates":[[77.2363675461737,28.638896821497465],[77.23585635775841,28.638905261556804]]},"properties":{"id":"L00704","strahler":1,"length_m":50.0,"drop_m":-3.8,"gradient":0.0,"area_ha":4.41,"on_drain_share":0.0,"downstream":"L00702"}},{"type":"Feature","geometry":{"type":"LineString","coordinates":[[77.20518276565488,28.63931794263324],[77.20508241229348,28.63940980469969]]},"properties":{"id":"L00706","strahler":1,"length_m":14.1,"drop_m":0.0,"gradient":0.0,"area_ha":4.27,"on_drain_share":0.0,"downstream":"L00681"}},{"type":"Feature","geometry":{"type":"LineString","coordinates":[[77.23445079274563,28.635319371264615],[77.23435811647221,28.63577203611814],[77.23325455138112,28.63678273614539],[77.23336825250759,28.637322224601757],[77.23316760128945,28.63750598758873],[77.2331771551635,28.637956966133107],[77.23307682889993,28.638048847552685],[77.23308065035393,28.63822923897113],[77.23329085759444,28.63849645451975],[77.23278922265509,28.638955861462236]]},"properties":{"id":"L00707","strahler":1,"length_m":495.3,"drop_m":-0.05,"gradient":0.0,"area_ha":16.82,"on_drain_share":0.0,"downstream":"L00745"}},{"type":"Feature","geometry":{"type":"LineString","coordinates":[[77.23684045540222,28.637084469951155],[77.23613819704983,28.63772765602563],[77.23603978696644,28.637909735017725],[77.23604744000139,28.63827051712581],[77.23594711611408,28.638362400546637],[77.23595285574702,28.63863298712877],[77.23605700649281,28.638721494731257],[77.23585635775841,28.638905261556804]]},"properties":{"id":"L00708","strahler":2,"length_m":249.7,"drop_m":-3.84,"gradient":0.0,"area_ha":27.88,"on_drain_share":0.0,"downstream":"L00702"}},{"type":"Feature","geometry":{"type":"LineString","coordinates":[[77.24229347841083,28.638618385777434],[77.24279506787988,28.63815894598345],[77.24310753526638,28.638424451857468]]},"properties":{"id":"L00717","strahler":2,"length_m":113.1,"drop_m":-2.35,"gradient":0.0,"area_ha":46.75,"on_drain_share":0.0,"downstream":"L00721"}},{"type":"Feature","geometry":{"type":"LineString","coordinates":[[77.18359493554269,28.638945888772785],[77.18411548685812,28.63938863926687],[77.18452258449919,28.639291844777144]]},"properties":{"id":"L00714","strahler":1,"length_m":114.9,"drop_m":-2.97,"gradient":0.0,"area_ha":5.97,"on_drain_share":0.0,"downstream":"L00725"}},{"type":"Feature","geometry":{"type":"LineString","coordinates":[[77.21028909266434,28.63896402016455],[77.21028531007897,28.638783625970667]]},"properties":{"id":"L00715","strahler":3,"length_m":20.0,"drop_m":-0.78,"gradient":0.0,"area_ha":135.14,"on_drain_share":0.0,"downstream":"L00761"}},{"type":"Feature","geometry":{"type":"LineString","coordinates":[[77.25977007145183,28.638057232207743],[77.25997647556295,28.638144014463393],[77.26027737939796,28.637868314113767],[77.26027351148397,28.63768792605844],[77.26117621215006,28.636860821555082],[77.26106237096447,28.636321364364743],[77.26085403543262,28.63614438958058],[77.26074599949699,28.635875514007274]]},"properties":{"id":"L00747","strahler":2,"length_m":340.4,"drop_m":3.3,"gradient":0.00971,"area_ha":57.02,"on_drain_share":0.0,"downstream":"L00775"}},{"type":"Feature","geometry":{"type":"LineString","coordinates":[[77.18452258449919,28.639291844777144],[77.18502631370231,28.638922803775102],[77.18533303737472,28.638917855024907]]},"properties":{"id":"L00725","strahler":2,"length_m":96.6,"drop_m":-1.12,"gradient":0.0,"area_ha":13.86,"on_drain_share":0.0,"downstream":"L00678"}},{"type":"Feature","geometry":{"type":"LineString","coordinates":[[77.24212985207298,28.635733833242227],[77.24244231026206,28.63599934123407],[77.24255797546459,28.636629014603002],[77.24287235648498,28.63698471648632],[77.2428953852499,28.638067057827392],[77.24310753526638,28.638424451857468]]},"properties":{"id":"L00718","strahler":1,"length_m":337.3,"drop_m":4.67,"gradient":0.01386,"area_ha":8.62,"on_drain_share":0.0,"downstream":"L00721"}},{"type":"Feature","geometry":{"type":"LineString","coordinates":[[77.21028531007897,28.638783625970667],[77.21017550599186,28.63842450602277],[77.20934247008447,28.637716273576594],[77.20933679894151,28.637445682060772],[77.20973818860897,28.637078221908023],[77.20972306342733,28.636356644631295],[77.21002410195781,28.636081048941936],[77.21002032027755,28.635900654638974],[77.20991619294428,28.635812125606897]]},"properties":{"id":"L00761","strahler":3,"length_m":400.4,"drop_m":3.27,"gradient":0.00816,"area_ha":146.37,"on_drain_share":0.0,"downstream":"L00766"}},{"type":"Feature","geometry":{"type":"LineString","coordinates":[[77.25429758701664,28.635622088772177],[77.25419342520418,28.635533595853378],[77.25398895888868,28.63553699864354],[77.25388865403652,28.635628894377845],[77.25337748761207,28.63563739965164],[77.25307657056602,28.63591308539997],[77.25308620893455,28.636364057887675],[77.2528855959133,28.63654784810827],[77.25289523371883,28.636998820613115],[77.25249400401258,28.637366400366286],[77.2521872988371,28.637371500887145],[77.25178221181378,28.63755868962451],[77.25148128521121,28.637834372294755],[77.25075215541183,28.63721490489666],[77.25043582288984,28.636769028199154],[77.24982241506389,28.6367792190369],[77.24901800736133,28.63742416566884],[77.24860906590679,28.637430955731652],[77.24820397153478,28.637618134126075],[77.2476020965694,28.63816948402456],[77.24729154226696,28.637994183940947]]},"properties":{"id":"L00722","strahler":1,"length_m":988.1,"drop_m":-0.07,"gradient":0.0,"area_ha":30.03,"on_drain_share":0.0,"downstream":"L00781"}},{"type":"Feature","geometry":{"type":"LineString","coordinates":[[77.259253096042,28.637795178057992],[77.25946143252702,28.637972155234408],[77.25966590279062,28.63796874392292],[77.25977007145183,28.638057232207743]]},"properties":{"id":"L00720","strahler":1,"length_m":62.4,"drop_m":0.33,"gradient":0.00522,"area_ha":4.32,"on_drain_share":0.0,"downstream":"L00747"}},{"type":"Feature","geometry":{"type":"LineString","coordinates":[[77.21345093826913,28.638551471042714],[77.21384852810709,28.638003605522456],[77.21405111037467,28.63791006615686],[77.21446006333717,28.6379033802846],[77.21466074986368,28.63771964319832],[77.21486522590868,28.63771629951661],[77.214965568718,28.63762443073296],[77.2153745203195,28.637617742161662],[77.21579105542813,28.637971839459254],[77.2166146506498,28.638229046116283]]},"properties":{"id":"L00731","strahler":1,"length_m":392.1,"drop_m":5.47,"gradient":0.01395,"area_ha":9.3,"on_drain_share":0.0,"downstream":"L00755"}},{"type":"Feature","geometry":{"type":"LineString","coordinates":[[77.24729154226696,28.637994183940947],[77.24718738346387,28.637905685461025],[77.24716815616216,28.637003736994526],[77.24706399849491,28.63691523834723],[77.24703708310184,28.635652510165524],[77.24682877098249,28.635475512384115],[77.24682108195701,28.635114732795024],[77.24650861624062,28.634849235348856],[77.24649131904481,28.634037480990063]]},"properties":{"id":"L00781","strahler":2,"length_m":469.0,"drop_m":3.24,"gradient":0.0069,"area_ha":112.51,"on_drain_share":0.0,"downstream":"L00802"}},{"type":"Feature","geometry":{"type":"LineString","coordinates":[[77.22469526332799,28.638277010187732],[77.2244831740568,28.637919583809687],[77.2235440105243,28.6370327303204]]},"properties":{"id":"L00743","strahler":2,"length_m":185.6,"drop_m":2.68,"gradient":0.01445,"area_ha":79.66,"on_drain_share":0.0,"downstream":"L00750"}},{"type":"Feature","geometry":{"type":"LineString","coordinates":[[77.18501696535102,28.638471810616384],[77.18522518659874,28.638648908830934],[77.18542966849733,28.638645609469833],[77.18543340854498,28.63882600668285],[77.18533303737472,28.638917855024907]]},"properties":{"id":"L00726","strahler":1,"length_m":82.4,"drop_m":2.02,"gradient":0.02447,"area_ha":4.97,"on_drain_share":0.0,"downstream":"L00678"}},{"type":"Feature","geometry":{"type":"LineString","coordinates":[[77.18640717862877,28.636464342549964],[77.18661539786099,28.636641438763142],[77.1866266232593,28.63718263011726],[77.18673260473842,28.637361376590043],[77.18756549541942,28.638069756673033],[77.1875729826772,28.638430550608923],[77.18778120786097,28.638607644663278],[77.18798568932986,28.638604341449327],[77.18819578792123,28.638871633246676]]},"properties":{"id":"L00727","strahler":3,"length_m":352.1,"drop_m":6.33,"gradient":0.01797,"area_ha":145.86,"on_drain_share":0.0,"downstream":"L00693"}},{"type":"Feature","geometry":{"type":"LineString","coordinates":[[77.19030536348556,28.63703296083228],[77.19030723754985,28.6371231591665],[77.19020499841454,28.637124812485762],[77.18980353638433,28.63749221843916],[77.18888338032653,28.637507092292914],[77.18848003948797,28.637784296202643],[77.1884968928516,28.638596082065988],[77.18819578792123,28.638871633246676]]},"properties":{"id":"L00728","strahler":1,"length_m":351.4,"drop_m":6.29,"gradient":0.01789,"area_ha":11.37,"on_drain_share":0.0,"downstream":"L00693"}},{"type":"Feature","geometry":{"type":"LineString","coordinates":[[77.2166146506498,28.638229046116283],[77.21792097614284,28.637124927408895],[77.21812545058273,28.63712157887092],[77.21822958573983,28.637210101120733],[77.21843026406107,28.6370263588629],[77.21822199399121,28.636849314575354],[77.21821440238206,28.636488528008915],[77.21851351959984,28.636122718011286],[77.21891676905045,28.635845429229057],[77.21912124087163,28.635842079324863],[77.21922157807673,28.635750207665456],[77.22014169997612,28.635735128645763],[77.22024583526446,28.63582364934325],[77.22044650738766,28.635639904400968],[77.22157109861226,28.63562146353979],[77.22198954590432,28.636065737570103],[77.22240229238776,28.63623942091806],[77.22270900052565,28.636234387994225],[77.2229096688253,28.63605063960445],[77.22311414048941,28.63604728365351]]},"properties":{"id":"L00755","strahler":2,"length_m":885.0,"drop_m":-1.15,"gradient":0.0,"area_ha":50.19,"on_drain_share":0.0,"downstream":"L00769"}},{"type":"Feature","geometry":{"type":"LineString","coordinates":[[77.19953883635078,28.638417209193086],[77.19984555556653,28.63841222767259],[77.20095512600773,28.63767237475828],[77.20094947639396,28.637401781709336],[77.2007393500244,28.637134511261188],[77.20071863764609,28.63614233646761],[77.2000920363066,28.63552091774577],[77.20039309930398,28.635245342195773]]},"properties":{"id":"L00771","strahler":2,"length_m":488.7,"drop_m":5.41,"gradient":0.01107,"area_ha":33.16,"on_drain_share":0.0,"downstream":"L00835"}},{"type":"Feature","geometry":{"type":"LineString","coordinates":[[77.17990677989005,28.63864438509108],[77.18010753159088,28.638460695897045],[77.18031201382348,28.63845740427848],[77.18061313948971,28.638181869566044],[77.18102210270148,28.638175284553135],[77.18142546613926,28.63789810173602],[77.18193666847992,28.637889867287],[77.18273778311615,28.637064899094735],[77.18344411915037,28.636602369944203]]},"properties":{"id":"L00754","strahler":1,"length_m":447.0,"drop_m":2.55,"gradient":0.0057,"area_ha":13.99,"on_drain_share":0.0,"downstream":"L00762"}},{"type":"Feature","geometry":{"type":"LineString","coordinates":[[77.19851455721619,28.63834361143334],[77.19943471462213,28.63832867178187],[77.19953883635078,28.638417209193086]]},"properties":{"id":"L00732","strahler":1,"length_m":104.1,"drop_m":-2.48,"gradient":0.0,"area_ha":9.65,"on_drain_share":0.0,"downstream":"L00771"}},{"type":"Feature","geometry":{"type":"LineString","coordinates":[[77.27615971563903,28.634534647428225],[77.2765783763175,28.634978740093178],[77.2776006861176,28.634961552949107],[77.27770486568596,28.635050026784207],[77.27862299502269,28.634944358102203],[77.2789355366012,28.635209776831033],[77.27863664117218,28.635575708483096],[77.27864054015262,28.635756094294308],[77.27895308432943,28.63602151281444],[77.27906311576349,28.636380564086288],[77.27927148034739,28.636557509081815],[77.27927733069811,28.636828087637657]]},"properties":{"id":"L00735","strahler":1,"length_m":534.6,"drop_m":3.07,"gradient":0.00574,"area_ha":16.59,"on_drain_share":0.0,"downstream":"L00699"}},{"type":"Feature","geometry":{"type":"LineString","coordinates":[[77.27997345188764,28.63591411436722],[77.28007958506849,28.636092779008198],[77.27927733069811,28.636828087637657]]},"properties":{"id":"L00736","strahler":1,"length_m":137.3,"drop_m":1.5,"gradient":0.01091,"area_ha":7.06,"on_drain_share":0.0,"downstream":"L00699"}},{"type":"Feature","geometry":{"type":"LineString","coordinates":[[77.22916892576279,28.63703049613642],[77.22968964619695,28.637473061458095],[77.23009859311642,28.63746632848288],[77.23040148645751,28.63728088617404],[77.23069865290508,28.636824855627754]]},"properties":{"id":"L00744","strahler":1,"length_m":211.4,"drop_m":0.92,"gradient":0.00437,"area_ha":8.16,"on_drain_share":0.0,"downstream":"L00782"}},{"type":"Feature","geometry":{"type":"LineString","coordinates":[[77.26158708285502,28.6369441876479],[77.26116653899226,28.63640985162023],[77.26116266979133,28.636229463637036],[77.26074599949699,28.635875514007274]]},"properties":{"id":"L00748","strahler":5,"length_m":153.1,"drop_m":0.0,"gradient":0.0,"area_ha":1652.99,"on_drain_share":0.0,"downstream":"L00775"}},{"type":"Feature","geometry":{"type":"LineString","coordinates":[[77.28660284243973,28.63508055117925],[77.28690953362312,28.63507537314096],[77.28721035443607,28.634799617284216],[77.2875170446722,28.634794437917318],[77.28782960668794,28.635059834866652],[77.28854521856825,28.635047745228697],[77.28875359521412,28.635224674903746],[77.28875751143966,28.635405059449],[77.28938264672173,28.63593584619172],[77.28938460542562,28.636026038415807],[77.2900058290153,28.636376437471462]]},"properties":{"id":"L00739","strahler":3,"length_m":434.6,"drop_m":3.34,"gradient":0.00769,"area_ha":82.82,"on_drain_share":0.0,"downstream":"L00738"}},{"type":"Feature","geometry":{"type":"LineString","coordinates":[[77.23611225563518,28.63168286523789],[77.23621639921869,28.63177137317601],[77.23622213797468,28.63204195997142],[77.23736773208353,28.63301554103894],[77.23737730213622,28.63346651858654],[77.23707634646766,28.633742170832996],[77.2370878294082,28.634283343936094],[77.23740218530187,28.63463906005604],[77.2374060136131,28.634819451031568],[77.23751016150088,28.634907957703607],[77.23752356153965,28.635539326023164],[77.23722260074328,28.6358149788249],[77.23723791371692,28.636536542658902],[77.23684045540222,28.637084469951155]]},"properties":{"id":"L00740","strahler":1,"length_m":707.7,"drop_m":6.06,"gradient":0.00857,"area_ha":18.67,"on_drain_share":0.0,"downstream":"L00708"}},{"type":"Feature","geometry":{"type":"LineString","coordinates":[[77.23724174204825,28.636716933604216],[77.23684045540222,28.637084469951155]]},"properties":{"id":"L00741","strahler":1,"length_m":56.6,"drop_m":4.59,"gradient":0.08114,"area_ha":4.26,"on_drain_share":0.0,"downstream":"L00708"}},{"type":"Feature","geometry":{"type":"LineString","coordinates":[[77.2235440105243,28.6370327303204],[77.22281504016313,28.636413102928095],[77.22281313835427,28.63632290656414]]},"properties":{"id":"L00750","strahler":3,"length_m":109.0,"drop_m":-1.95,"gradient":0.0,"area_ha":126.86,"on_drain_share":0.0,"downstream":"L00752"}},{"type":"Feature","geometry":{"type":"LineString","coordinates":[[77.23069865290508,28.636824855627754],[77.23028207575692,28.636470806672296],[77.23037286190124,28.63592794774261],[77.22933143623007,28.63504281936887],[77.22932952895697,28.634952623387033],[77.22849640175801,28.634244514083182],[77.22849449526204,28.63415431803935]]},"properties":{"id":"L00782","strahler":2,"length_m":395.3,"drop_m":1.35,"gradient":0.00342,"area_ha":92.15,"on_drain_share":0.0,"downstream":"L00807"}},{"type":"Feature","geometry":{"type":"LineString","coordinates":[[77.17047454177074,28.63753266011828],[77.16996333726033,28.637540851232504]]},"properties":{"id":"L00746","strahler":1,"length_m":50.0,"drop_m":0.53,"gradient":0.01056,"area_ha":4.57,"on_drain_share":0.0,"downstream":null}},{"type":"Feature","geometry":{"type":"LineString","coordinates":[[77.28600119436824,28.635632059853652],[77.28660284243973,28.63508055117925]]},"properties":{"id":"L00751","strahler":1,"length_m":84.9,"drop_m":-1.08,"gradient":0.0,"area_ha":5.4,"on_drain_share":0.0,"downstream":"L00739"}},{"type":"Feature","geometry":{"type":"LineString","coordinates":[[77.25727007176779,28.635933488238912],[77.25787188110672,28.635382098730414],[77.25807634657386,28.635378690098367],[77.25927994409093,28.63427590229414],[77.25927801127028,28.634185708157123]]},"properties":{"id":"L00774","strahler":1,"length_m":284.6,"drop_m":3.52,"gradient":0.01236,"area_ha":5.75,"on_drain_share":0.0,"downstream":"L00846"}},{"type":"Feature","geometry":{"type":"LineString","coordinates":[[77.26074599949699,28.635875514007274],[77.26074213110098,28.63569512595739],[77.2602193644187,28.6351624927291],[77.26021549703765,28.63498210459453],[77.25927801127028,28.634185708157123]]},"properties":{"id":"L00775","strahler":5,"length_m":248.0,"drop_m":0.0,"gradient":0.0,"area_ha":1715.5,"on_drain_share":0.0,"downstream":"L00846"}},{"type":"Feature","geometry":{"type":"LineString","coordinates":[[77.2681067537081,28.635752451084436],[77.26800064053653,28.635573775880488],[77.26799287906294,28.63521300157284],[77.26778453498679,28.635036037961854],[77.26776319378591,28.634043908337457],[77.26765902306772,28.63395542631064]]},"properties":{"id":"L00777","strahler":1,"length_m":216.6,"drop_m":-1.39,"gradient":0.0,"area_ha":11.62,"on_drain_share":0.0,"downstream":"L00791"}},{"type":"Feature","geometry":{"type":"LineString","coordinates":[[77.20359448087265,28.636727176516285],[77.20349035772509,28.6366386422996],[77.20347904605111,28.636097457031862],[77.20367974965885,28.635913735319903],[77.20418716307213,28.635725022422857],[77.20480058384615,28.63571503850023],[77.20562602600211,28.636062511973037],[77.2058267255794,28.63587878728553],[77.20623567294045,28.63587212666485],[77.20643448330594,28.63559820377208],[77.20704790241201,28.63558820971687],[77.20715202725607,28.63567674110262],[77.20745873692789,28.63567174278518],[77.20776922430869,28.635847138358464],[77.20868935419269,28.635832137053878],[77.20909263050994,28.635554876168264],[77.21001086622893,28.63544966885857]]},"properties":{"id":"L00768","strahler":1,"length_m":802.8,"drop_m":6.42,"gradient":0.008,"area_ha":15.43,"on_drain_share":0.0,"downstream":"L00788"}},{"type":"Feature","geometry":{"type":"LineString","coordinates":[[77.22281313835427,28.63632290656414],[77.22311414048941,28.63604728365351]]},"properties":{"id":"L00752","strahler":4,"length_m":42.4,"drop_m":-0.2,"gradient":0.0,"area_ha":385.98,"on_drain_share":0.0,"downstream":"L00769"}},{"type":"Feature","geometry":{"type":"LineString","coordinates":[[77.21095179908713,28.63642682058126],[77.2103270300059,28.635895649793977],[77.21001086622893,28.63544966885857]]},"properties":{"id":"L00767","strahler":1,"length_m":147.3,"drop_m":0.29,"gradient":0.00198,"area_ha":5.27,"on_drain_share":0.0,"downstream":"L00788"}},{"type":"Feature","geometry":{"type":"LineString","coordinates":[[77.2255716060202,28.636187380602042],[77.22657300871109,28.635178420050483],[77.22656729396222,28.634907831597573],[77.22615073783193,28.634553768645997],[77.22613359751506,28.633742002943368],[77.2266352400257,28.633282620108503],[77.22652348350364,28.632833319731382]]},"properties":{"id":"L00806","strahler":1,"length_m":452.8,"drop_m":1.02,"gradient":0.00226,"area_ha":10.4,"on_drain_share":0.0,"downstream":"L00810"}},{"type":"Feature","geometry":{"type":"LineString","coordinates":[[77.26196505412173,28.635494255452343],[77.26113171746353,28.63478635958132],[77.26092145079197,28.63451919067282],[77.26091758231335,28.634338802608717],[77.25998009766502,28.63354241094095],[77.25976210391083,28.63291446340764],[77.25903103231725,28.63220484684486],[77.25892300569419,28.63193596918415],[77.25861052149715,28.63167050074027],[77.258398335886,28.631313132863642],[77.25745896662723,28.630426526538756],[77.25734901523403,28.630067452918805],[77.25672406757887,28.62953650674256],[77.2566160499363,28.62926762665923],[77.25630357956496,28.629002152023222]]},"properties":{"id":"L00869","strahler":1,"length_m":953.7,"drop_m":0.0,"gradient":0.0,"area_ha":5.59,"on_drain_share":0.0,"downstream":"L00871"}},{"type":"Feature","geometry":{"type":"LineString","coordinates":[[77.28597576994493,28.634459557992056],[77.28597968129584,28.634639942908404],[77.28618609719231,28.634726684391826],[77.2865006120273,28.635082277037956],[77.28660284243973,28.63508055117925]]},"properties":{"id":"L00753","strahler":3,"length_m":106.6,"drop_m":-0.3,"gradient":0.0,"area_ha":71.75,"on_drain_share":0.0,"downstream":"L00739"}},{"type":"Feature","geometry":{"type":"LineString","coordinates":[[77.22311414048941,28.63604728365351],[77.22411746959172,28.635128536337447],[77.22422160736775,28.635217053832093]]},"properties":{"id":"L00769","strahler":4,"length_m":155.6,"drop_m":-0.45,"gradient":0.0,"area_ha":438.4,"on_drain_share":0.0,"downstream":null}},{"type":"Feature","geometry":{"type":"LineString","coordinates":[[77.17824270142229,28.632355124790333],[77.17865723392325,28.632619145444544],[77.17866282523407,28.6328897427263],[77.1788710247963,28.63306685202765],[77.17887475276306,28.633247250179174],[77.17929115474938,28.633601467635103],[77.17990830323289,28.633771995089997],[77.18042694757321,28.634124563332872],[77.18134707932539,28.634109748497064],[77.18135641029598,28.634560743051708],[77.18146051385808,28.634649295443815],[77.18146424649807,28.634829693241592],[77.18126536995621,28.63510358294247],[77.1812728347435,28.635464378555575],[77.18107209054054,28.63564806913372],[77.1810758226707,28.635828466951672],[77.18148850949379,28.636002278799136],[77.18169298677168,28.63599898535421],[77.18200530329239,28.636264641152568],[77.18261873633736,28.636254757471292],[77.183035162699,28.636608961937064],[77.18344411915037,28.636602369944203]]},"properties":{"id":"L00756","strahler":1,"length_m":890.1,"drop_m":8.71,"gradient":0.00978,"area_ha":19.24,"on_drain_share":0.0,"downstream":"L00762"}},{"type":"Feature","geometry":{"type":"LineString","coordinates":[[77.18344411915037,28.636602369944203],[77.18354448999989,28.63651052300412],[77.1842601627882,28.636498983553775],[77.18496461855125,28.635946248320806]]},"properties":{"id":"L00762","strahler":2,"length_m":179.0,"drop_m":-0.05,"gradient":0.0,"area_ha":34.71,"on_drain_share":0.0,"downstream":"L00758"}},{"type":"Feature","geometry":{"type":"LineString","coordinates":[[77.17337258110295,28.634237936415264],[77.1727684503133,28.634698774734638],[77.17225911876704,28.634797173215183],[77.17195797902086,28.63507269012847],[77.17216617259726,28.63524981006533],[77.17217174786515,28.635520408411228],[77.17187060594105,28.63579592522678],[77.17218289863142,28.636061605067617],[77.17218661562181,28.636242003942595],[77.17239481200518,28.63641912335391],[77.17209366829303,28.636694640738995],[77.17004886741788,28.63672741719662]]},"properties":{"id":"L00757","strahler":2,"length_m":611.1,"drop_m":9.0,"gradient":0.01473,"area_ha":40.8,"on_drain_share":0.0,"downstream":null}},{"type":"Feature","geometry":{"type":"LineString","coordinates":[[77.21523816560445,28.63599587164133],[77.21543884729387,28.635812133628228],[77.21543126553094,28.635451346325453],[77.21583262555731,28.635083869587064]]},"properties":{"id":"L00770","strahler":1,"length_m":124.9,"drop_m":-0.39,"gradient":0.0,"area_ha":6.31,"on_drain_share":0.0,"downstream":"L00814"}},{"type":"Feature","geometry":{"type":"LineString","coordinates":[[77.18496461855125,28.635946248320806],[77.1853679626717,28.635669054696546],[77.18557243877358,28.635665755432786],[77.18640717862877,28.636464342549964]]},"properties":{"id":"L00758","strahler":3,"length_m":195.6,"drop_m":-1.52,"gradient":0.0,"area_ha":132.22,"on_drain_share":0.0,"downstream":"L00727"}},{"type":"Feature","geometry":{"type":"LineString","coordinates":[[77.186401566621,28.636193746810402],[77.18640717862877,28.636464342549964]]},"properties":{"id":"L00759","strahler":1,"length_m":30.0,"drop_m":-1.49,"gradient":0.0,"area_ha":4.03,"on_drain_share":0.0,"downstream":"L00727"}},{"type":"Feature","geometry":{"type":"LineString","coordinates":[[77.2810296990052,28.632738432364683],[77.28155060035853,28.633180787372673],[77.2819614681306,28.633264091558573],[77.28258265255946,28.63361452714381],[77.28321165409476,28.63432573017985],[77.28372280357644,28.63431711272929],[77.28393703293385,28.634764628146442],[77.28414149350054,28.634761180254724],[77.28444427553258,28.634575622733028],[77.2844423211707,28.634485430177826],[77.28494565188339,28.634116037935954],[77.28515206598561,28.63420278110918],[77.28566321417814,28.634194156373383],[77.28597576994493,28.634459557992056]]},"properties":{"id":"L00763","strahler":2,"length_m":656.0,"drop_m":2.02,"gradient":0.00308,"area_ha":21.05,"on_drain_share":0.0,"downstream":"L00753"}},{"type":"Feature","geometry":{"type":"LineString","coordinates":[[77.18401831312603,28.634698306278253],[77.184023918672,28.634968902508717],[77.18382318043372,28.635152596867783],[77.18363365093144,28.635877483503872],[77.18415418633853,28.636320234849087],[77.18435866386874,28.636316937348493],[77.18476014182251,28.635949546696864],[77.18496461855125,28.635946248320806]]},"properties":{"id":"L00765","strahler":3,"length_m":313.8,"drop_m":1.63,"gradient":0.00518,"area_ha":93.21,"on_drain_share":0.0,"downstream":"L00758"}},{"type":"Feature","geometry":{"type":"LineString","coordinates":[[77.20991619294428,28.635812125606897],[77.20981017515044,28.635633399315516],[77.21001086622893,28.63544966885857]]},"properties":{"id":"L00766","strahler":4,"length_m":52.4,"drop_m":0.38,"gradient":0.00728,"area_ha":216.6,"on_drain_share":0.0,"downstream":"L00788"}},{"type":"Feature","geometry":{"type":"LineString","coordinates":[[77.28654415889258,28.632374778233704],[77.28624334268802,28.632650532406238],[77.28626876817928,28.633823034361303],[77.28596794735085,28.63409878814349],[77.28597576994493,28.634459557992056]]},"properties":{"id":"L00764","strahler":2,"length_m":254.9,"drop_m":0.27,"gradient":0.00105,"area_ha":50.19,"on_drain_share":0.0,"downstream":"L00753"}},{"type":"Feature","geometry":{"type":"LineString","coordinates":[[77.27266637080605,28.63378127483928],[77.2724657986348,28.63396509194511],[77.27246968680221,28.634145478574283],[77.27196047780382,28.634244246877078],[77.27186019074033,28.634336154993644],[77.27155349848728,28.63434129885152],[77.27135292325941,28.634525114464072],[77.27063730634313,28.634537113114156],[77.2700122680251,28.63400623387614]]},"properties":{"id":"L00776","strahler":1,"length_m":329.7,"drop_m":5.06,"gradient":0.01536,"area_ha":9.41,"on_drain_share":0.0,"downstream":"L00779"}},{"type":"Feature","geometry":{"type":"LineString","coordinates":[[77.20285431428691,28.63556624955562],[77.20305501810246,28.635382528752412],[77.20325949122059,28.635379202830915],[77.20385971184892,28.634737840445023],[77.20406229796383,28.634644315845808],[77.20467571250455,28.634634332831688],[77.20497676042537,28.63435874784872],[77.20496921490323,28.633997957915824],[77.20527592014554,28.633992964805547],[77.20547661668178,28.633809240767828],[77.20536494843476,28.633359918021775],[77.20556564367838,28.63317619391079],[77.20587234640792,28.633171199581255],[77.20627562103844,28.632893947139564],[77.2065747722466,28.632528161627956],[77.20635520581742,28.63180991284695],[77.20755933925427,28.630707556721973]]},"properties":{"id":"L00851","strahler":1,"length_m":843.3,"drop_m":8.41,"gradient":0.00998,"area_ha":19.75,"on_drain_share":0.0,"downstream":"L00858"}},{"type":"Feature","geometry":{"type":"LineString","coordinates":[[77.21001086622893,28.63544966885857],[77.21121499803446,28.634347280578975],[77.21152170299808,28.634342273277497],[77.21182273115754,28.63406667408695]]},"properties":{"id":"L00788","strahler":4,"length_m":242.1,"drop_m":-0.06,"gradient":0.0,"area_ha":242.75,"on_drain_share":0.0,"downstream":"L00819"}},{"type":"Feature","geometry":{"type":"LineString","coordinates":[[77.24507735300368,28.634872966726167],[77.24517766533813,28.634781077122952],[77.2457910635034,28.63477090795716],[77.24578914217724,28.634680712988157],[77.24649131904481,28.634037480990063]]},"properties":{"id":"L00780","strahler":1,"length_m":183.1,"drop_m":6.31,"gradient":0.03448,"area_ha":5.81,"on_drain_share":0.0,"downstream":"L00802"}},{"type":"Feature","geometry":{"type":"LineString","coordinates":[[77.2510705776987,28.63296896062979],[77.25086996698533,28.63315274778288],[77.2506655048165,28.633156145301093],[77.24976274623582,28.63398318296555],[77.24976659558124,28.63416357242778],[77.24936536437937,28.63453114305497],[77.248854201682,28.634539630969968],[77.24824657641634,28.634820398378032],[77.24772579704525,28.634377907899527],[77.24772002822417,28.63410732333278],[77.24719925465884,28.63366483046494],[77.24728033914658,28.632670990468114]]},"properties":{"id":"L00803","strahler":1,"length_m":660.1,"drop_m":1.59,"gradient":0.00241,"area_ha":14.07,"on_drain_share":0.0,"downstream":"L00817"}},{"type":"Feature","geometry":{"type":"LineString","coordinates":[[77.21419306945705,28.634930226030125],[77.21480648145906,28.634920197067682],[77.21510750205412,28.634644590975764],[77.21541989314774,28.634910165331796],[77.21583262555731,28.635083869587064]]},"properties":{"id":"L00772","strahler":1,"length_m":193.1,"drop_m":1.03,"gradient":0.00534,"area_ha":5.6,"on_drain_share":0.0,"downstream":"L00814"}},{"type":"Feature","geometry":{"type":"LineString","coordinates":[[77.21583262555731,28.635083869587064],[77.21683790993029,28.63425536988732],[77.21734908243327,28.63424700281424],[77.21795489924963,28.633876173015267],[77.21825401063491,28.63351036381986],[77.21835624433264,28.63350868953069],[77.21915892611938,28.63277371939949],[77.2194656248562,28.632768694370704],[77.2197761213799,28.632944061842807],[77.22008282048341,28.632939035389995],[77.22048415435961,28.632571546155617]]},"properties":{"id":"L00814","strahler":2,"length_m":594.3,"drop_m":2.44,"gradient":0.00411,"area_ha":29.17,"on_drain_share":0.0,"downstream":"L00828"}},{"type":"Feature","geometry":{"type":"LineString","coordinates":[[77.25233010366489,28.634481875171286],[77.25293578745112,28.634110895603964],[77.25290302314767,28.63257758834238],[77.25279886562326,28.632489094079528],[77.25279308424129,28.63221851038257],[77.25258477029284,28.632041521537907],[77.25257706267647,28.63168074319559],[77.25247290634854,28.631592248606136],[77.25235719018951,28.630962586280774],[77.2521488795597,28.630785596555008],[77.25214310025304,28.630515012668827],[77.25274490915646,28.629963645779245]]},"properties":{"id":"L00853","strahler":1,"length_m":590.4,"drop_m":0.49,"gradient":0.00083,"area_ha":16.26,"on_drain_share":0.0,"downstream":"L00968"}},{"type":"Feature","geometry":{"type":"LineString","coordinates":[[77.19946167897525,28.63471910004692],[77.20039309930398,28.635245342195773]]},"properties":{"id":"L00773","strahler":1,"length_m":114.9,"drop_m":-1.06,"gradient":0.0,"area_ha":4.79,"on_drain_share":0.0,"downstream":"L00835"}},{"type":"Feature","geometry":{"type":"LineString","coordinates":[[77.20039309930398,28.635245342195773],[77.20069604351781,28.63505996378409],[77.20069227795085,28.634879568318432],[77.2007926313317,28.634787709476722],[77.20068662966526,28.63460897511008],[77.20098768857622,28.634333398430858],[77.20098392262388,28.634153002981286],[77.2003592148491,28.633621782528746],[77.20035356771234,28.633351189209492],[77.20003180676248,28.632634588686685],[77.20063391608635,28.63208343792823]]},"properties":{"id":"L00835","strahler":2,"length_m":451.1,"drop_m":4.27,"gradient":0.00947,"area_ha":44.52,"on_drain_share":0.0,"downstream":"L00841"}},{"type":"Feature","geometry":{"type":"LineString","coordinates":[[77.26633390132146,28.63415805728189],[77.26633002364485,28.633977669884455],[77.26653060720243,28.633793861266238],[77.26641868222461,28.633344603414425]]},"properties":{"id":"L00785","strahler":1,"length_m":102.4,"drop_m":0.69,"gradient":0.00673,"area_ha":5.55,"on_drain_share":0.0,"downstream":"L00790"}},{"type":"Feature","geometry":{"type":"LineString","coordinates":[[77.24169214731877,28.634387673892792],[77.24179629811854,28.634476177095394],[77.24219755714034,28.63410862744074],[77.24219180256462,28.633838041835673],[77.24299431034605,28.633102939490403],[77.24360769967262,28.633092780749887],[77.24360578034695,28.6330025856233],[77.24410925848024,28.63263333752605],[77.24431372055764,28.632629949955792],[77.24492134535616,28.632349200238924],[77.24563696014602,28.6323373382141]]},"properties":{"id":"L00812","strahler":1,"length_m":512.8,"drop_m":7.8,"gradient":0.01521,"area_ha":13.92,"on_drain_share":0.0,"downstream":"L00832"}},{"type":"Feature","geometry":{"type":"LineString","coordinates":[[77.25927801127028,28.634185708157123],[77.25906002001135,28.63355775938781],[77.25832894809663,28.632848139080306],[77.25822092244685,28.632579260819263],[77.25790843787709,28.632313790785634],[77.2573818407478,28.63160075604398],[77.25675688328734,28.63106981064965],[77.25664693341626,28.630710736394285],[77.25633445843093,28.63044526212616]]},"properties":{"id":"L00846","strahler":5,"length_m":536.0,"drop_m":0.0,"gradient":0.0,"area_ha":1722.09,"on_drain_share":0.0,"downstream":"L00868"}},{"type":"Feature","geometry":{"type":"LineString","coordinates":[[77.2700122680251,28.63400623387614],[77.26929471259771,28.63392803173417],[77.26898219772917,28.633662589110493],[77.26867550682135,28.633667726344953],[77.26827240690888,28.63394515565526],[77.26765902306772,28.63395542631064]]},"properties":{"id":"L00779","strahler":2,"length_m":259.0,"drop_m":3.04,"gradient":0.01174,"area_ha":33.49,"on_drain_share":0.0,"downstream":"L00791"}},{"type":"Feature","geometry":{"type":"LineString","coordinates":[[77.27230525268813,28.631261006814306],[77.2719985694704,28.63126615117602],[77.2715974308951,28.631633782862814],[77.27160131720198,28.63181416966292],[77.27130046096795,28.632089892769937],[77.27131211869268,28.632631053229694],[77.27141629088493,28.632719532361758],[77.27091485807647,28.633179070092403],[77.2709168007663,28.633269263515345],[77.2701144985698,28.634004520514818],[77.2700122680251,28.63400623387614]]},"properties":{"id":"L00778","strahler":2,"length_m":427.0,"drop_m":3.14,"gradient":0.00734,"area_ha":21.93,"on_drain_share":0.0,"downstream":"L00779"}},{"type":"Feature","geometry":{"type":"LineString","coordinates":[[77.26765902306772,28.63395542631064],[77.26672149445879,28.633159083969907],[77.2667195553649,28.633068890282804]]},"properties":{"id":"L00791","strahler":2,"length_m":137.3,"drop_m":-0.2,"gradient":0.0,"area_ha":51.01,"on_drain_share":0.0,"downstream":"L00847"}},{"type":"Feature","geometry":{"type":"LineString","coordinates":[[77.17717957682962,28.63534977680363],[77.176973237669,28.635262864208958],[77.17615533148633,28.635276007344448],[77.1756329716781,28.634743023827625],[77.17511992154664,28.63466103439297],[77.17460129078569,28.63430844502441]]},"properties":{"id":"L00793","strahler":1,"length_m":305.6,"drop_m":3.06,"gradient":0.01,"area_ha":8.86,"on_drain_share":0.0,"downstream":"L00796"}},{"type":"Feature","geometry":{"type":"LineString","coordinates":[[77.24649131904481,28.634037480990063],[77.24648747532062,28.633857091118035],[77.24658778544655,28.633765200579706],[77.2465781758983,28.633314225901543],[77.24728033914658,28.632670990468114]]},"properties":{"id":"L00802","strahler":2,"length_m":183.1,"drop_m":-0.78,"gradient":0.0,"area_ha":120.44,"on_drain_share":0.0,"downstream":"L00817"}},{"type":"Feature","geometry":{"type":"LineString","coordinates":[[77.2643760142991,28.633468993356747],[77.26477912358023,28.633191575157085],[77.26498358382405,28.633188156341546],[77.265710823911,28.63371735053801],[77.26601751559393,28.633712220004817],[77.26641868222461,28.633344603414425]]},"properties":{"id":"L00784","strahler":1,"length_m":253.8,"drop_m":1.03,"gradient":0.00407,"area_ha":7.36,"on_drain_share":0.0,"downstream":"L00790"}},{"type":"Feature","geometry":{"type":"LineString","coordinates":[[77.19619011704357,28.634772185007677],[77.19629047448822,28.634680329293584],[77.19628295857633,28.63431953726753],[77.19576238593798,28.633876834680574],[77.19575487208262,28.633516042483723],[77.19605782042699,28.633330674234553],[77.19605406306185,28.63315027816003]]},"properties":{"id":"L00808","strahler":1,"length_m":223.1,"drop_m":9.18,"gradient":0.04116,"area_ha":9.32,"on_drain_share":0.0,"downstream":"L00830"}},{"type":"Feature","geometry":{"type":"LineString","coordinates":[[77.23032325067544,28.63358285375907],[77.22982162388128,28.634042249431232],[77.2295149236035,28.634047298101276],[77.22900757015469,28.634236103036997],[77.22859863545486,28.634242832028015],[77.22849449526204,28.63415431803935]]},"properties":{"id":"L00783","strahler":1,"length_m":213.1,"drop_m":2.33,"gradient":0.01092,"area_ha":9.59,"on_drain_share":0.0,"downstream":"L00807"}},{"type":"Feature","geometry":{"type":"LineString","coordinates":[[77.22306849404153,28.63388257087855],[77.22297006381267,28.634064641515256],[77.22266716505345,28.634250067487457],[77.22246269681106,28.6342534225721],[77.22215029118172,28.633987865318176],[77.22194582337573,28.633991219594975],[77.220487953412,28.632751939267674],[77.22048415435961,28.632571546155617]]},"properties":{"id":"L00815","strahler":1,"length_m":362.8,"drop_m":1.13,"gradient":0.00311,"area_ha":7.99,"on_drain_share":0.0,"downstream":"L00828"}},{"type":"Feature","geometry":{"type":"LineString","coordinates":[[77.22849449526204,28.63415431803935],[77.22734896466247,28.633180658165916],[77.22694003359192,28.633187381926124],[77.22652348350364,28.632833319731382]]},"properties":{"id":"L00807","strahler":2,"length_m":252.1,"drop_m":-1.26,"gradient":0.0,"area_ha":107.96,"on_drain_share":0.0,"downstream":"L00810"}},{"type":"Feature","geometry":{"type":"LineString","coordinates":[[77.209465660436,28.633834458929734],[77.20956978534338,28.633922988460462],[77.210387662693,28.633909644225252],[77.21080416658357,28.6342637587763],[77.21151981100928,28.634252076194915],[77.21182273115754,28.63406667408695]]},"properties":{"id":"L00789","strahler":1,"length_m":259.0,"drop_m":0.57,"gradient":0.00221,"area_ha":6.83,"on_drain_share":0.0,"downstream":"L00819"}},{"type":"Feature","geometry":{"type":"LineString","coordinates":[[77.26641868222461,28.633344603414425],[77.2667195553649,28.633068890282804]]},"properties":{"id":"L00790","strahler":2,"length_m":42.4,"drop_m":-0.28,"gradient":0.0,"area_ha":13.51,"on_drain_share":0.0,"downstream":"L00847"}},{"type":"Feature","geometry":{"type":"LineString","coordinates":[[77.18338621034893,28.6338062079168],[77.18411494460199,28.634426061530196],[77.18401457613831,28.6345179087847],[77.18401831312603,28.634698306278253]]},"properties":{"id":"L00786","strahler":2,"length_m":133.1,"drop_m":-0.05,"gradient":0.0,"area_ha":39.8,"on_drain_share":0.0,"downstream":"L00765"}},{"type":"Feature","geometry":{"type":"LineString","coordinates":[[77.18439175526909,28.632977935785213],[77.18450333476918,28.633427280751636],[77.18491975522404,28.633781479819465],[77.18401831312603,28.634698306278253]]},"properties":{"id":"L00787","strahler":2,"length_m":248.0,"drop_m":-3.34,"gradient":0.0,"area_ha":49.12,"on_drain_share":0.0,"downstream":"L00765"}},{"type":"Feature","geometry":{"type":"LineString","coordinates":[[77.2796043488892,28.633033105366486],[77.28021187042857,28.63275220241671],[77.28041242609541,28.632568374698025],[77.28061688290843,28.6325649323647],[77.28082524191481,28.632741875339818],[77.2810296990052,28.632738432364683]]},"properties":{"id":"L00792","strahler":1,"length_m":169.0,"drop_m":1.77,"gradient":0.01047,"area_ha":5.39,"on_drain_share":0.0,"downstream":"L00763"}},{"type":"Feature","geometry":{"type":"LineString","coordinates":[[77.21182273115754,28.63406667408695],[77.21262546523477,28.633331740011897],[77.21262167953678,28.633151345953298],[77.21322750846072,28.632780536687402],[77.21362886712004,28.6324130664863]]},"properties":{"id":"L00819","strahler":4,"length_m":266.3,"drop_m":1.38,"gradient":0.00517,"area_ha":254.13,"on_drain_share":0.0,"downstream":"L00843"}},{"type":"Feature","geometry":{"type":"LineString","coordinates":[[77.2667195553649,28.633068890282804],[77.26731741783148,28.632337074930813],[77.26730965973563,28.631976300279856],[77.26720355213752,28.631797624068685],[77.2674021906492,28.631523620756287],[77.26739249301623,28.631072652411685],[77.26769335739438,28.63079693753954],[77.26665363147225,28.630002304134994]]},"properties":{"id":"L00847","strahler":3,"length_m":437.0,"drop_m":0.44,"gradient":0.00102,"area_ha":71.5,"on_drain_share":0.0,"downstream":"L00826"}},{"type":"Feature","geometry":{"type":"LineString","coordinates":[[77.19362106620636,28.634182215566973],[77.19392214355855,28.633906653643926],[77.19443332227759,28.633898373102358],[77.19503546939076,28.633347245347732],[77.19502983597467,28.63307665104879],[77.19584771477774,28.633063394922697],[77.19605406306185,28.63315027816003]]},"properties":{"id":"L00811","strahler":1,"length_m":311.4,"drop_m":10.82,"gradient":0.03473,"area_ha":16.66,"on_drain_share":0.0,"downstream":"L00830"}},{"type":"Feature","geometry":{"type":"LineString","coordinates":[[77.22582499316513,28.63365684700402],[77.22642696491155,28.63310558870827],[77.22631520950686,28.632656288088793]]},"properties":{"id":"L00809","strahler":1,"length_m":139.0,"drop_m":-0.93,"gradient":0.0,"area_ha":5.93,"on_drain_share":0.0,"downstream":"L00836"}},{"type":"Feature","geometry":{"type":"LineString","coordinates":[[77.28706116702938,28.632636726000843],[77.28674861445434,28.632371326670924],[77.28654415889258,28.632374778233704]]},"properties":{"id":"L00797","strahler":1,"length_m":62.4,"drop_m":0.13,"gradient":0.00202,"area_ha":4.65,"on_drain_share":0.0,"downstream":"L00764"}},{"type":"Feature","geometry":{"type":"LineString","coordinates":[[77.28071716028761,28.63247301826586],[77.2810296990052,28.632738432364683]]},"properties":{"id":"L00794","strahler":1,"length_m":42.4,"drop_m":-1.11,"gradient":0.0,"area_ha":4.96,"on_drain_share":0.0,"downstream":"L00763"}},{"type":"Feature","geometry":{"type":"LineString","coordinates":[[77.17460129078569,28.63430844502441],[77.17439495557788,28.634221528261907],[77.17337258110295,28.634237936415264]]},"properties":{"id":"L00796","strahler":2,"length_m":124.1,"drop_m":0.66,"gradient":0.00529,"area_ha":20.16,"on_drain_share":0.0,"downstream":"L00757"}},{"type":"Feature","geometry":{"type":"LineString","coordinates":[[77.17599538347191,28.632481473532142],[77.17579463484547,28.632665156549336],[77.17580021882385,28.632935754345297],[77.17611065019307,28.633111225905363],[77.17611251181528,28.633201425147085],[77.17561063626933,28.63366063274102],[77.17520168908723,28.633667200478257],[77.17490056051444,28.633942723390042],[77.17490614249492,28.634213321296034],[77.17480576571856,28.634305162148788],[77.17460129078569,28.63430844502441]]},"properties":{"id":"L00795","strahler":1,"length_m":323.8,"drop_m":9.95,"gradient":0.03073,"area_ha":9.26,"on_drain_share":0.0,"downstream":"L00796"}},{"type":"Feature","geometry":{"type":"LineString","coordinates":[[77.2580222572938,28.632853252072824],[77.2574975875997,28.632230412296195],[77.25728154253612,28.631692653965715],[77.25665658496925,28.63116170811718],[77.25654663531562,28.630802633771047],[77.25633831844874,28.63062565086526],[77.25633445843093,28.63044526212616]]},"properties":{"id":"L00845","strahler":1,"length_m":336.3,"drop_m":0.0,"gradient":0.0,"area_ha":15.82,"on_drain_share":0.0,"downstream":"L00868"}},{"type":"Feature","geometry":{"type":"LineString","coordinates":[[77.25996463102929,28.632820858079075],[77.25965214159608,28.632555392366612]]},"properties":{"id":"L00800","strahler":1,"length_m":42.4,"drop_m":0.04,"gradient":0.00097,"area_ha":5.04,"on_drain_share":0.0,"downstream":"L00872"}},{"type":"Feature","geometry":{"type":"LineString","coordinates":[[77.27489013256657,28.632571008060975],[77.27436926051455,28.632128625630802],[77.27406062992685,28.632043581564606],[77.27395451118839,28.63186491129743],[77.27374810978358,28.63177815023907],[77.27303251269396,28.631790160487622],[77.27240748040951,28.631259291873032],[77.27230525268813,28.631261006814306]]},"properties":{"id":"L00827","strahler":1,"length_m":318.0,"drop_m":2.29,"gradient":0.00721,"area_ha":12.47,"on_drain_share":0.0,"downstream":"L00778"}},{"type":"Feature","geometry":{"type":"LineString","coordinates":[[77.17301195823804,28.631627073915627],[77.17301567596304,28.63180747280921],[77.17271826360053,28.632263389867198],[77.17272383959455,28.63253398823303],[77.17282793424218,28.63262254778928],[77.17273499181317,28.633075184929265],[77.17283908703578,28.633163744441],[77.17284466354786,28.633434342749148],[77.17336514371723,28.633877138837867],[77.17337258110295,28.634237936415264]]},"properties":{"id":"L00798","strahler":1,"length_m":335.6,"drop_m":4.61,"gradient":0.01372,"area_ha":9.18,"on_drain_share":0.0,"downstream":"L00757"}},{"type":"Feature","geometry":{"type":"LineString","coordinates":[[77.28525878071889,28.629689704690623],[77.2860765826709,28.629675905527016],[77.28680389492334,28.630204982022764],[77.2870083462428,28.63020153030648],[77.28751360450345,28.629922322405598],[77.28793033372938,28.630276186163602],[77.28793620476499,28.630546763333026],[77.28663269440297,28.631741705343792],[77.28653437908756,28.631923815960302],[77.28654415889258,28.632374778233704]]},"properties":{"id":"L00799","strahler":2,"length_m":601.8,"drop_m":0.04,"gradient":6e-05,"area_ha":42.34,"on_drain_share":0.0,"downstream":"L00764"}},{"type":"Feature","geometry":{"type":"LineString","coordinates":[[77.1825683189594,28.63381938914752],[77.18338621034893,28.6338062079168]]},"properties":{"id":"L00801","strahler":1,"length_m":80.0,"drop_m":1.08,"gradient":0.01345,"area_ha":4.39,"on_drain_share":0.0,"downstream":"L00786"}},{"type":"Feature","geometry":{"type":"LineString","coordinates":[[77.24001809330231,28.632610828874387],[77.24022830514096,28.63287803349855],[77.24053499977195,28.632872960770968],[77.24083594352179,28.632597301443898],[77.24082252529215,28.631965934283198],[77.24112346582321,28.631690274469026],[77.24111388046063,28.63123929796083],[77.24090750375802,28.63115248523558],[77.24120460769484,28.630696434733284],[77.2410870426166,28.62997656356249]]},"properties":{"id":"L00860","strahler":1,"length_m":443.8,"drop_m":9.14,"gradient":0.0206,"area_ha":11.53,"on_drain_share":0.0,"downstream":"L00886"}},{"type":"Feature","geometry":{"type":"LineString","coordinates":[[77.25965214159608,28.632555392366612],[77.2591313293649,28.632112947691517],[77.2590233026028,28.631844070116564],[77.25871081845901,28.631578601899797],[77.25849863272659,28.631221234184608],[77.2575592635491,28.630334628546034],[77.25744931193847,28.629975555016866],[77.25682436438974,28.629444609294794],[77.2567163466081,28.629175729297206],[77.25640387628997,28.62891025488828]]},"properties":{"id":"L00872","strahler":3,"length_m":538.4,"drop_m":0.91,"gradient":0.00168,"area_ha":131.04,"on_drain_share":0.0,"downstream":"L00939"}},{"type":"Feature","geometry":{"type":"LineString","coordinates":[[77.26085955939858,28.63163298101327],[77.2598566013325,28.632551981355277],[77.25965214159608,28.632555392366612]]},"properties":{"id":"L00804","strahler":3,"length_m":161.4,"drop_m":0.14,"gradient":0.00088,"area_ha":124.59,"on_drain_share":0.0,"downstream":"L00872"}},{"type":"Feature","geometry":{"type":"LineString","coordinates":[[77.17885584185107,28.62738266339794],[77.17906216648294,28.627469573968423],[77.17969046370142,28.628181299156825],[77.17969419231441,28.62836169733979],[77.17979828808193,28.628450251492996],[77.17980761024347,28.628901246890265],[77.1800158032605,28.62907835485045],[77.18002885598816,28.62970974824733],[77.17963111161697,28.630257522925966],[77.18035979919279,28.630877399583984],[77.1803709898184,28.631418593660268],[77.18027248563541,28.631600637211196],[77.18058665034518,28.63195649633714],[77.18130229364972,28.631944974177944],[77.18140639443178,28.63203352678598],[77.18171309881274,28.632028587312696],[77.18317053139783,28.633268310816863],[77.18317800213363,28.63362910606869],[77.18338621034893,28.6338062079168]]},"properties":{"id":"L00805","strahler":1,"length_m":1004.0,"drop_m":6.29,"gradient":0.00626,"area_ha":33.69,"on_drain_share":0.0,"downstream":"L00786"}},{"type":"Feature","geometry":{"type":"LineString","coordinates":[[77.24728033914658,28.632670990468114],[77.24726880468532,28.632129821020673]]},"properties":{"id":"L00817","strahler":2,"length_m":60.0,"drop_m":-0.95,"gradient":0.0,"area_ha":135.75,"on_drain_share":0.0,"downstream":"L00833"}},{"type":"Feature","geometry":{"type":"LineString","coordinates":[[77.22652348350364,28.632833319731382],[77.22631520950686,28.632656288088793]]},"properties":{"id":"L00810","strahler":2,"length_m":28.3,"drop_m":-0.09,"gradient":0.0,"area_ha":118.51,"on_drain_share":0.0,"downstream":"L00836"}},{"type":"Feature","geometry":{"type":"LineString","coordinates":[[77.2321443466677,28.632650582478394],[77.23152141035871,28.63220970978724],[77.23111248421588,28.632216445929682],[77.23058987765488,28.631683688707714],[77.2303854154905,28.631687055471232],[77.23038159968131,28.631506663546645],[77.2304819226146,28.63141478425794],[77.23099307660688,28.63140636648039],[77.23179946804322,28.630851718744584],[77.23241284898201,28.630841611398367],[77.23261348973347,28.630657849994506],[77.23281794959205,28.63065447997993],[77.233221138462,28.63037715162122],[77.23373228647043,28.630368723790603],[77.23383260529239,28.630276842226692]]},"properties":{"id":"L00852","strahler":1,"length_m":635.3,"drop_m":1.59,"gradient":0.0025,"area_ha":14.28,"on_drain_share":0.0,"downstream":"L00881"}},{"type":"Feature","geometry":{"type":"LineString","coordinates":[[77.19605406306185,28.63315027816003],[77.19685878647871,28.63250562986514],[77.19706137539107,28.632412115609945],[77.19757254578963,28.632403823621416],[77.1981765479015,28.63194288107977],[77.19827878146707,28.631941222019655],[77.19880123483111,28.632474112873016],[77.19900382175688,28.63238059580791],[77.20012839454304,28.632362334790738],[77.20032909768558,28.63217861802268]]},"properties":{"id":"L00830","strahler":2,"length_m":522.8,"drop_m":7.27,"gradient":0.01391,"area_ha":34.61,"on_drain_share":0.0,"downstream":"L00837"}},{"type":"Feature","geometry":{"type":"LineString","coordinates":[[77.22631520950686,28.632656288088793],[77.2251697150053,28.631682607557828]]},"properties":{"id":"L00836","strahler":2,"length_m":155.6,"drop_m":2.49,"gradient":0.01603,"area_ha":125.94,"on_drain_share":0.0,"downstream":"L00863"}},{"type":"Feature","geometry":{"type":"LineString","coordinates":[[77.24563696014602,28.6323373382141],[77.24664004790253,28.631418436379906]]},"properties":{"id":"L00832","strahler":2,"length_m":141.4,"drop_m":-0.67,"gradient":0.0,"area_ha":23.24,"on_drain_share":0.0,"downstream":"L00882"}},{"type":"Feature","geometry":{"type":"LineString","coordinates":[[77.17027945896734,28.63302432047074],[77.16997646210022,28.63320963344454],[77.16998203127953,28.63348023226553]]},"properties":{"id":"L00813","strahler":1,"length_m":68.3,"drop_m":-0.63,"gradient":0.0,"area_ha":5.09,"on_drain_share":0.0,"downstream":null}},{"type":"Feature","geometry":{"type":"LineString","coordinates":[[77.24437179427919,28.63055376881882],[77.24510276058015,28.631263470877023],[77.2451104425019,28.631624251097158],[77.2450120533374,28.63180633558236],[77.24563696014602,28.6323373382141]]},"properties":{"id":"L00816","strahler":1,"length_m":258.0,"drop_m":0.32,"gradient":0.00123,"area_ha":7.36,"on_drain_share":0.0,"downstream":"L00832"}},{"type":"Feature","geometry":{"type":"LineString","coordinates":[[77.24797864788809,28.631847362074357],[77.24787834075495,28.631939253497652],[77.24767388051715,28.631942646371307],[77.24737295749392,28.632218319822712],[77.24726880468532,28.632129821020673]]},"properties":{"id":"L00818","strahler":1,"length_m":90.7,"drop_m":0.33,"gradient":0.00365,"area_ha":5.98,"on_drain_share":0.0,"downstream":"L00833"}},{"type":"Feature","geometry":{"type":"LineString","coordinates":[[77.22048415435961,28.632571546155617],[77.22118648192242,28.631928437459802]]},"properties":{"id":"L00828","strahler":2,"length_m":99.0,"drop_m":-0.06,"gradient":0.0,"area_ha":40.25,"on_drain_share":0.0,"downstream":"L00878"}},{"type":"Feature","geometry":{"type":"LineString","coordinates":[[77.24726880468532,28.632129821020673],[77.24664389149913,28.631598826297914],[77.24664004790253,28.631418436379906]]},"properties":{"id":"L00833","strahler":2,"length_m":104.9,"drop_m":0.33,"gradient":0.00311,"area_ha":143.61,"on_drain_share":0.0,"downstream":"L00882"}},{"type":"Feature","geometry":{"type":"LineString","coordinates":[[77.18674504061059,28.63303019443776],[77.18643272305877,28.63276454958584],[77.18622825269841,28.63276784984304],[77.18539915380238,28.632239855644418],[77.18509618804138,28.63242520091698],[77.18468724823632,28.63243179701894],[77.18438801790919,28.632797538290898],[77.18439175526909,28.632977935785213]]},"properties":{"id":"L00821","strahler":1,"length_m":318.0,"drop_m":6.39,"gradient":0.0201,"area_ha":11.9,"on_drain_share":0.0,"downstream":"L00787"}},{"type":"Feature","geometry":{"type":"LineString","coordinates":[[77.18424093901558,28.630634416428446],[77.18404020890844,28.630818110749445],[77.18404768185985,28.631178905922052],[77.18384695042486,28.631362600017418],[77.18385442288398,28.63172339520764],[77.18406262817463,28.63190049620425],[77.18407757503869,28.632622086402417],[77.18439175526909,28.632977935785213]]},"properties":{"id":"L00820","strahler":2,"length_m":297.3,"drop_m":3.29,"gradient":0.01106,"area_ha":33.94,"on_drain_share":0.0,"downstream":"L00787"}},{"type":"Feature","geometry":{"type":"LineString","coordinates":[[77.21362886712004,28.6324130664863],[77.21443157605975,28.63167812292093],[77.21452433655827,28.63122546692924]]},"properties":{"id":"L00843","strahler":4,"length_m":167.3,"drop_m":-2.76,"gradient":0.0,"area_ha":300.06,"on_drain_share":0.0,"downstream":"L00895"}},{"type":"Feature","geometry":{"type":"LineString","coordinates":[[77.2109329814932,28.630652535655525],[77.21114122712272,28.630829592655893],[77.21144792187432,28.63082458608183],[77.21186441617098,28.631178697994308],[77.2123755754882,28.63117035049872],[77.21320857560339,28.6318785666361],[77.21321236210527,28.632058960656888],[77.21362886712004,28.6324130664863]]},"properties":{"id":"L00822","strahler":2,"length_m":354.6,"drop_m":2.44,"gradient":0.00688,"area_ha":44.41,"on_drain_share":0.0,"downstream":"L00843"}},{"type":"Feature","geometry":{"type":"LineString","coordinates":[[77.26052966887937,28.630555770334947],[77.26054513792775,28.631277323155963],[77.26085955939858,28.63163298101327]]},"properties":{"id":"L00823","strahler":1,"length_m":132.4,"drop_m":0.11,"gradient":0.00085,"area_ha":7.03,"on_drain_share":0.0,"downstream":"L00804"}},{"type":"Feature","geometry":{"type":"LineString","coordinates":[[77.26095985424524,28.631541080618096],[77.26085955939858,28.63163298101327]]},"properties":{"id":"L00824","strahler":3,"length_m":14.1,"drop_m":0.0,"gradient":0.0,"area_ha":114.18,"on_drain_share":0.0,"downstream":"L00804"}},{"type":"Feature","geometry":{"type":"LineString","coordinates":[[77.26167158635086,28.631348746161315],[77.26126654061032,28.631535961191403],[77.26095985424524,28.631541080618096]]},"properties":{"id":"L00825","strahler":1,"length_m":78.3,"drop_m":0.47,"gradient":0.00598,"area_ha":5.85,"on_drain_share":0.0,"downstream":"L00824"}},{"type":"Feature","geometry":{"type":"LineString","coordinates":[[77.26665363147225,28.630002304134994],[77.26553107278346,28.63011130956071],[77.26521857878396,28.629845856937695],[77.26440076363905,28.62985953031516],[77.26387994693118,28.629417104120165],[77.26326658754967,28.629427353417306],[77.26095985424524,28.631541080618096]]},"properties":{"id":"L00826","strahler":3,"length_m":692.5,"drop_m":1.76,"gradient":0.00254,"area_ha":108.16,"on_drain_share":0.0,"downstream":"L00824"}},{"type":"Feature","geometry":{"type":"LineString","coordinates":[[77.27270833135422,28.630983566571963],[77.27230525268813,28.631261006814306]]},"properties":{"id":"L00829","strahler":1,"length_m":52.4,"drop_m":0.64,"gradient":0.01217,"area_ha":4.2,"on_drain_share":0.0,"downstream":"L00778"}},{"type":"Feature","geometry":{"type":"LineString","coordinates":[[77.22015656512399,28.631584411041477],[77.22046326019527,28.631579383945176],[77.22087788618592,28.63184326970637],[77.22118648192242,28.631928437459802]]},"properties":{"id":"L00831","strahler":2,"length_m":116.6,"drop_m":-1.09,"gradient":0.0,"area_ha":19.3,"on_drain_share":0.0,"downstream":"L00878"}},{"type":"Feature","geometry":{"type":"LineString","coordinates":[[77.22118648192242,28.631928437459802],[77.22248888076327,28.630643887718488],[77.2224698704032,28.629741923051828],[77.2232724949382,28.629006931319783]]},"properties":{"id":"L00878","strahler":3,"length_m":407.0,"drop_m":-0.34,"gradient":0.0,"area_ha":68.51,"on_drain_share":0.0,"downstream":"L00900"}},{"type":"Feature","geometry":{"type":"LineString","coordinates":[[77.1977469335742,28.630957339013168],[77.19785292630718,28.631136076244395],[77.19907971940852,28.631116165879543],[77.19908160051529,28.63120636376102],[77.19970440540494,28.631647393583993],[77.1997100504778,28.631917987089516],[77.20002239669593,28.632183599649597],[77.20032909768558,28.63217861802268]]},"properties":{"id":"L00834","strahler":1,"length_m":343.1,"drop_m":5.34,"gradient":0.01557,"area_ha":7.35,"on_drain_share":0.0,"downstream":"L00837"}},{"type":"Feature","geometry":{"type":"LineString","coordinates":[[77.20032909768558,28.63217861802268],[77.20063391608635,28.63208343792823]]},"properties":{"id":"L00837","strahler":2,"length_m":34.1,"drop_m":0.84,"gradient":0.02473,"area_ha":42.12,"on_drain_share":0.0,"downstream":"L00841"}},{"type":"Feature","geometry":{"type":"LineString","coordinates":[[77.20124920018763,28.632163668982123],[77.20155025100206,28.631888091422415]]},"properties":{"id":"L00839","strahler":1,"length_m":42.4,"drop_m":0.44,"gradient":0.01042,"area_ha":4.15,"on_drain_share":0.0,"downstream":"L00874"}},{"type":"Feature","geometry":{"type":"LineString","coordinates":[[77.22558054454291,28.6317660857173],[77.2251697150053,28.631682607557828]]},"properties":{"id":"L00838","strahler":1,"length_m":44.1,"drop_m":0.86,"gradient":0.01951,"area_ha":5.72,"on_drain_share":0.0,"downstream":"L00863"}},{"type":"Feature","geometry":{"type":"LineString","coordinates":[[77.24664004790253,28.631418436379906],[77.2466323608153,28.631057656528068],[77.24683105373799,28.630783680456393],[77.24672690285915,28.630695181115474],[77.24671921570534,28.630334401246678],[77.2466150653854,28.630245901784235],[77.2465996922702,28.62952434192224],[77.24639139369131,28.62934734260229],[77.24628148075585,28.628988257767134],[77.24607126270782,28.62872106282477],[77.24657279067792,28.628261611960564]]},"properties":{"id":"L00882","strahler":3,"length_m":408.0,"drop_m":0.93,"gradient":0.00229,"area_ha":171.51,"on_drain_share":0.0,"downstream":"L00884"}},{"type":"Feature","geometry":{"type":"LineString","coordinates":[[77.20063391608635,28.63208343792823],[77.20073426702936,28.63199157923757],[77.20134766752027,28.63198161212928],[77.20155025100206,28.631888091422415]]},"properties":{"id":"L00841","strahler":3,"length_m":98.3,"drop_m":-0.34,"gradient":0.0,"area_ha":87.77,"on_drain_share":0.0,"downstream":"L00874"}},{"type":"Feature","geometry":{"type":"LineString","coordinates":[[77.2251697150053,28.631682607557828],[77.2243366413609,28.630974469357408],[77.22453539444635,28.630700522800392],[77.22453158879618,28.630520130130268],[77.22401092505605,28.63007754144588]]},"properties":{"id":"L00863","strahler":2,"length_m":242.1,"drop_m":-0.59,"gradient":0.0,"area_ha":135.36,"on_drain_share":0.0,"downstream":"L00879"}},{"type":"Feature","geometry":{"type":"LineString","coordinates":[[77.22005623249287,28.63167628318232],[77.22015656512399,28.631584411041477]]},"properties":{"id":"L00840","strahler":1,"length_m":14.1,"drop_m":0.0,"gradient":0.0,"area_ha":4.24,"on_drain_share":0.0,"downstream":"L00831"}},{"type":"Feature","geometry":{"type":"LineString","coordinates":[[77.27146022916855,28.630012015659585],[77.27146800082637,28.63037278937525],[77.27106686346079,28.630740419446855],[77.27086240882414,28.63074384717331],[77.27076212385408,28.630835754386037],[77.27014875915295,28.630846035293214],[77.26962985610308,28.6304938264491],[77.26942734294076,28.63058744553277],[77.26860952443467,28.630601144630052],[77.26829702165256,28.63033569965048],[77.26799034027081,28.630340834790662],[77.26736534082877,28.629809940871063],[77.26685420736477,28.62981849539605],[77.26665363147225,28.630002304134994]]},"properties":{"id":"L00849","strahler":1,"length_m":597.0,"drop_m":1.54,"gradient":0.00258,"area_ha":18.0,"on_drain_share":0.0,"downstream":"L00826"}},{"type":"Feature","geometry":{"type":"LineString","coordinates":[[77.28139372756473,28.63065711146578],[77.28087284007438,28.630214754957578],[77.28137226225617,28.62966499059802],[77.28157671330537,28.629661547134802],[77.28177726095385,28.62947771778534],[77.28208393688311,28.629472551589352],[77.28238475618112,28.629196806438532],[77.2823808518589,28.629016420924085],[77.28196414531368,28.628662538679755],[77.28196219355088,28.62857234588959],[77.28276827414986,28.62801741064714],[77.28338161701384,28.628007073557658],[77.28368242880204,28.627731325898395],[77.28378465229267,28.627729602568877],[77.28420136062516,28.6280834791163],[77.28442534672809,28.628981957926626],[77.28525878071889,28.629689704690623]]},"properties":{"id":"L00850","strahler":1,"length_m":854.0,"drop_m":4.47,"gradient":0.00524,"area_ha":25.63,"on_drain_share":0.0,"downstream":"L00799"}},{"type":"Feature","geometry":{"type":"LineString","coordinates":[[77.28548278012414,28.63058818084902],[77.28485965122925,28.630147565377076],[77.28485769687092,28.630057372789143],[77.28525878071889,28.629689704690623]]},"properties":{"id":"L00848","strahler":1,"length_m":147.3,"drop_m":0.9,"gradient":0.00609,"area_ha":7.92,"on_drain_share":0.0,"downstream":"L00799"}},{"type":"Feature","geometry":{"type":"LineString","coordinates":[[77.20155025100206,28.631888091422415],[77.201856950817,28.631883106384702],[77.20245904600591,28.63133194820905],[77.20317467457534,28.631320310783003],[77.20367641240809,28.630861008010093],[77.20367452739977,28.630770810403188],[77.20336406172726,28.63059540412269],[77.20336029229489,28.6304150088625],[77.20283971227713,28.629972333827087],[77.20283405963247,28.629701740814312]]},"properties":{"id":"L00874","strahler":3,"length_m":424.6,"drop_m":0.25,"gradient":0.00058,"area_ha":99.54,"on_drain_share":0.0,"downstream":"L00919"}},{"type":"Feature","geometry":{"type":"LineString","coordinates":[[77.2185699521924,28.62908402845185],[77.2181705209555,28.629541708561604],[77.21818380227577,28.630173085704975],[77.21828793019785,28.630261608369835],[77.2182917251312,28.63044200181242],[77.21964540649736,28.631592787994727],[77.22015656512399,28.631584411041477]]},"properties":{"id":"L00842","strahler":1,"length_m":404.6,"drop_m":3.22,"gradient":0.00795,"area_ha":14.32,"on_drain_share":0.0,"downstream":"L00831"}},{"type":"Feature","geometry":{"type":"LineString","coordinates":[[77.21095378522415,28.631644704412412],[77.21053351003033,28.631110195285906],[77.21052972825805,28.630929800912806],[77.2109329814932,28.630652535655525]]},"properties":{"id":"L00854","strahler":1,"length_m":149.0,"drop_m":0.57,"gradient":0.00379,"area_ha":7.66,"on_drain_share":0.0,"downstream":"L00822"}},{"type":"Feature","geometry":{"type":"LineString","coordinates":[[77.21462846270785,28.631313992508343],[77.21452433655827,28.63122546692924]]},"properties":{"id":"L00844","strahler":1,"length_m":14.1,"drop_m":0.0,"gradient":0.0,"area_ha":4.85,"on_drain_share":0.0,"downstream":"L00895"}},{"type":"Feature","geometry":{"type":"LineString","coordinates":[[77.21452433655827,28.63122546692924],[77.21442021058326,28.63113694125934],[77.21441452796248,28.630866350410773],[77.21451675936407,28.630864679158684],[77.21491810643207,28.630497205688094],[77.21512256844136,28.630493862386448],[77.21562424738937,28.630034518357775],[77.21562045708117,28.629854124577925],[77.21551633168154,28.62976559971065],[77.2155125416001,28.629585205910445],[77.21561287656924,28.62949333700242],[77.2156090863655,28.62931294320677],[77.2155049615417,28.629224418294235],[77.21559013586915,28.62841097414957],[77.21506951829383,28.627968348301717],[77.2150600457712,28.62751736353516]]},"properties":{"id":"L00895","strahler":4,"length_m":518.7,"drop_m":4.42,"gradient":0.00852,"area_ha":313.57,"on_drain_share":0.0,"downstream":"L00904"}},{"type":"Feature","geometry":{"type":"LineString","coordinates":[[77.19049776295904,28.63152590068623],[77.19049588916657,28.631435702289036],[77.19018544127557,28.631260264709876],[77.19037679259725,28.63062556976219]]},"properties":{"id":"L00862","strahler":1,"length_m":126.6,"drop_m":3.57,"gradient":0.02818,"area_ha":4.8,"on_drain_share":0.0,"downstream":"L00929"}},{"type":"Feature","geometry":{"type":"LineString","coordinates":[[77.25633445843093,28.63044526212616],[77.25623030045152,28.63035677052139],[77.25622451077966,28.63008618737985],[77.25601619592119,28.629909203851277],[77.25600268834285,28.62927784303418],[77.25630357956496,28.629002152023222]]},"properties":{"id":"L00868","strahler":5,"length_m":184.9,"drop_m":0.0,"gradient":0.0,"area_ha":1752.95,"on_drain_share":0.0,"downstream":"L00871"}},{"type":"Feature","geometry":{"type":"LineString","coordinates":[[77.23700554199381,28.63040493564845],[77.23740680425412,28.63003739992409],[77.23699023450058,28.629683371046923],[77.23668354839752,28.629688435238357],[77.23626315688465,28.62915401264473],[77.23626124415111,28.629063817011676],[77.23666250439241,28.628696283565976]]},"properties":{"id":"L00880","strahler":1,"length_m":286.3,"drop_m":2.96,"gradient":0.01034,"area_ha":7.9,"on_drain_share":0.0,"downstream":"L00908"}},{"type":"Feature","geometry":{"type":"LineString","coordinates":[[77.28078310539993,28.626065883030144],[77.27697460844553,28.629648757459524],[77.27677210417642,28.629742387081357],[77.27636125329632,28.629659066093627],[77.27635930624274,28.62956887296429],[77.27604873525237,28.629393639921446],[77.27593677629858,28.628944391699626],[77.27509951528224,28.628056197132242],[77.27509367777216,28.62778561743854],[77.27498950787603,28.627697140975954],[77.27498367073495,28.6274265612472],[77.27518422662548,28.627242741199108],[77.275178389095,28.626972161488894],[77.2749700510519,28.62679520850049],[77.27505865440098,28.626162139026427],[77.27474615042973,28.625896708948577],[77.27473642367204,28.62544574253121],[77.27442392271362,28.625180311517603],[77.27441419762187,28.62472934495144],[77.27349420603181,28.624744787063964],[77.27276505153387,28.624125439320125],[77.27275922096065,28.623854859030022],[77.27536636418296,28.621465221784167]]},"properties":{"id":"L00989","strahler":1,"length_m":1857.6,"drop_m":3.48,"gradient":0.00187,"area_ha":46.6,"on_drain_share":0.0,"downstream":"L00994"}},{"type":"Feature","geometry":{"type":"LineString","coordinates":[[77.20755933925427,28.630707556721973],[77.2085627645845,28.629788919365467],[77.20876722610056,28.629785585726868],[77.2089679086883,28.62960185718123],[77.20917236978585,28.629598522951266],[77.20989932485142,28.63012803416583],[77.21030824879374,28.63012136247585],[77.2109329814932,28.630652535655525]]},"properties":{"id":"L00858","strahler":2,"length_m":429.4,"drop_m":-1.52,"gradient":0.0,"area_ha":29.9,"on_drain_share":0.0,"downstream":"L00822"}},{"type":"Feature","geometry":{"type":"LineString","coordinates":[[77.23259439280332,28.629755891554126],[77.23301476914195,28.630290326397354],[77.23383260529239,28.630276842226692]]},"properties":{"id":"L00855","strahler":1,"length_m":156.6,"drop_m":3.88,"gradient":0.0248,"area_ha":5.37,"on_drain_share":0.0,"downstream":"L00881"}},{"type":"Feature","geometry":{"type":"LineString","coordinates":[[77.23383260529239,28.630276842226692],[77.23443642578343,28.629815747198855],[77.23545106695639,28.629438098042137],[77.23666250439241,28.628696283565976]]},"properties":{"id":"L00881","strahler":2,"length_m":350.4,"drop_m":0.4,"gradient":0.00115,"area_ha":24.19,"on_drain_share":0.0,"downstream":"L00908"}},{"type":"Feature","geometry":{"type":"LineString","coordinates":[[77.24037144160596,28.62998840067251],[77.240579732081,28.630165409733333],[77.24098864762473,28.63015864546603],[77.2410870426166,28.62997656356249]]},"properties":{"id":"L00859","strahler":1,"length_m":92.4,"drop_m":1.05,"gradient":0.01133,"area_ha":5.71,"on_drain_share":0.0,"downstream":"L00886"}},{"type":"Feature","geometry":{"type":"LineString","coordinates":[[77.2470839237589,28.62825313434491],[77.24749283006477,28.628246350866164],[77.24770112806303,28.628423348536085],[77.24821226153092,28.628414866621544],[77.2484147917919,28.628321278425855],[77.24872724145672,28.62858677252137],[77.24873108817077,28.628767162255777],[77.24914769093574,28.62912115304832],[77.24976105451688,28.629110967747213],[77.24986520611492,28.62919946471786],[77.25109000785088,28.629088890083487],[77.25150661936777,28.62944287308636],[77.25201775643575,28.629434376544687],[77.25264268129895,28.62996534581871],[77.25274490915646,28.629963645779245]]},"properties":{"id":"L00856","strahler":5,"length_m":661.1,"drop_m":-1.64,"gradient":0.0,"area_ha":2620.19,"on_drain_share":0.0,"downstream":"L00968"}},{"type":"Feature","geometry":{"type":"LineString","coordinates":[[77.25274490915646,28.629963645779245],[77.2536649594757,28.62994834195822],[77.25557062978666,28.62820231912631],[77.25543753968277,28.626760909758985],[77.25502092708375,28.626406938869994],[77.25500935591798,28.62586577180798],[77.25520994601314,28.625681979519936],[77.25519451703411,28.624960423443643],[77.25498428615288,28.624693243010594],[77.25496885934923,28.623971686716704],[77.25371714227938,28.622819568198004]]},"properties":{"id":"L00968","strahler":5,"length_m":1045.7,"drop_m":7.25,"gradient":0.00693,"area_ha":2649.34,"on_drain_share":0.0,"downstream":"L01019"}},{"type":"Feature","geometry":{"type":"LineString","coordinates":[[77.20703874120295,28.630264898898375],[77.20755933925427,28.630707556721973]]},"properties":{"id":"L00857","strahler":1,"length_m":70.7,"drop_m":2.3,"gradient":0.03253,"area_ha":4.12,"on_drain_share":0.0,"downstream":"L00858"}},{"type":"Feature","geometry":{"type":"LineString","coordinates":[[77.2410870426166,28.62997656356249],[77.24107745809056,28.62952558692902],[77.24127616343678,28.62925161830932],[77.24125891051175,28.62843986036379],[77.2418588513437,28.62779834388417],[77.24206330436674,28.6277949602298],[77.24216361319377,28.627703073000717]]},"properties":{"id":"L00886","strahler":2,"length_m":307.3,"drop_m":-0.15,"gradient":0.0,"area_ha":23.22,"on_drain_share":0.0,"downstream":"L00883"}},{"type":"Feature","geometry":{"type":"LineString","coordinates":[[77.17085202274708,28.631030100320057],[77.17064755362487,28.63103337688856],[77.17033528034158,28.630767692309533],[77.17002857730313,28.630772605836285]]},"properties":{"id":"L00865","strahler":1,"length_m":92.4,"drop_m":0.95,"gradient":0.01027,"area_ha":8.63,"on_drain_share":0.0,"downstream":null}},{"type":"Feature","geometry":{"type":"LineString","coordinates":[[77.1852670096763,28.63079832561922],[77.1850625429675,28.630801623911243],[77.18464426583232,28.63035722575985],[77.18424093901558,28.630634416428446]]},"properties":{"id":"L00867","strahler":1,"length_m":139.0,"drop_m":2.93,"gradient":0.02108,"area_ha":5.06,"on_drain_share":0.0,"downstream":"L00820"}},{"type":"Feature","geometry":{"type":"LineString","coordinates":[[77.1892484856515,28.630463351885176],[77.18986188198936,28.63045343724576],[77.19017420037584,28.630719074172543],[77.19037679259725,28.63062556976219]]},"properties":{"id":"L00861","strahler":1,"length_m":126.6,"drop_m":5.22,"gradient":0.04123,"area_ha":5.01,"on_drain_share":0.0,"downstream":"L00929"}},{"type":"Feature","geometry":{"type":"LineString","coordinates":[[77.19037679259725,28.63062556976219],[77.19047715171524,28.63053371824489],[77.19047340432826,28.630353321420298],[77.19077635408807,28.630167964899726],[77.19076885843896,28.62980717129817],[77.19106805786785,28.62944141743946],[77.19137100397936,28.62925605976482],[77.19136163225174,28.62880506787873],[77.19176493219086,28.628527857326873],[77.19196939357539,28.62852454916251],[77.19227046037558,28.628248991345433],[77.19257715152484,28.628244027883483],[77.19287821589128,28.627968468834595],[77.19318490610006,28.627963504041723],[77.19348596803277,28.627687943761092],[77.19348221594353,28.627507547224816],[77.19358256941476,28.627415693675637],[77.19399148734024,28.627409071789195],[77.1940918402534,28.627317217890617],[77.19408808718595,28.627136821417842],[77.19429254555617,28.627133509895472],[77.19469395406739,28.62676609311326],[77.19479618285604,28.626764436953152],[77.19458609452816,28.626497154554098],[77.19458046386379,28.62622655990003],[77.19416216815972,28.625782192074364]]},"properties":{"id":"L00929","strahler":2,"length_m":842.5,"drop_m":14.49,"gradient":0.0172,"area_ha":25.5,"on_drain_share":0.0,"downstream":"L00979"}},{"type":"Feature","geometry":{"type":"LineString","coordinates":[[77.22401092505605,28.63007754144588],[77.22369852890643,28.629811987145104],[77.22348456014981,28.629364361248232],[77.22327629819685,28.62918732418473],[77.2232724949382,28.629006931319783]]},"properties":{"id":"L00879","strahler":3,"length_m":149.0,"drop_m":-0.63,"gradient":0.0,"area_ha":158.49,"on_drain_share":0.0,"downstream":"L00900"}},{"type":"Feature","geometry":{"type":"LineString","coordinates":[[77.22757372599409,28.62929718062773],[77.22696035200956,28.629307265576834],[77.226337456452,28.62886636653239],[77.2260307704931,28.628871406486933],[77.22583012074776,28.629055158626425],[77.2254231087116,28.62915207322196],[77.2245125610698,28.629618166700688],[77.22401092505605,28.63007754144588]]},"properties":{"id":"L00864","strahler":2,"length_m":424.6,"drop_m":-1.43,"gradient":0.0,"area_ha":20.61,"on_drain_share":0.0,"downstream":"L00879"}},{"type":"Feature","geometry":{"type":"LineString","coordinates":[[77.18179812996341,28.62625256117051],[77.18180932582118,28.626793755096546],[77.18211974743245,28.62696921346321],[77.18213094527246,28.627510407215812],[77.18306595550885,28.62821717508561],[77.18306968989882,28.628397572861196],[77.18369428327955,28.62892887991112],[77.18370549010595,28.629470072938098],[77.18401592276463,28.629645526293388],[77.18402152713062,28.629916122726016],[77.18422972890154,28.630093223688082],[77.18424093901558,28.630634416428446]]},"properties":{"id":"L00866","strahler":1,"length_m":602.8,"drop_m":16.53,"gradient":0.02742,"area_ha":22.99,"on_drain_share":0.0,"downstream":"L00820"}},{"type":"Feature","geometry":{"type":"LineString","coordinates":[[77.19292323170473,28.630133227653342],[77.19352536705118,28.62958210707472],[77.19383206181737,28.62957714056242],[77.194235357555,28.62929992287356],[77.19464803695801,28.629473694968418],[77.1963859698441,28.629445527933566],[77.19690088432917,28.629617635346257],[77.1972000610336,28.62925186911643],[77.19740452307497,28.62924855267643],[77.19750863369894,28.629337092342684],[77.19802166910566,28.62941899744831],[77.19822989185543,28.629596075661688],[77.19843435442225,28.62959275763175],[77.19895303423039,28.62994525284109],[77.19987311810635,28.62993031420482],[77.19997723138482,28.630018851814125],[77.20018169453054,28.630015531103457],[77.20048274256145,28.629739956019872],[77.20099389883569,28.629731651832646],[77.20151258723244,28.6300841367228],[77.20192151331953,28.630077490347006],[77.20212974357972,28.630254562116278],[77.20233420688584,28.630251238133347],[77.2027337126696,28.629793600870702]]},"properties":{"id":"L00870","strahler":1,"length_m":1137.4,"drop_m":12.8,"gradient":0.01125,"area_ha":28.52,"on_drain_share":0.0,"downstream":"L00873"}},{"type":"Feature","geometry":{"type":"LineString","coordinates":[[77.2279883588572,28.629561044204085],[77.22757372599409,28.62929718062773]]},"properties":{"id":"L00875","strahler":1,"length_m":52.4,"drop_m":-1.02,"gradient":0.0,"area_ha":4.16,"on_drain_share":0.0,"downstream":"L00864"}},{"type":"Feature","geometry":{"type":"LineString","coordinates":[[77.25630357956496,28.629002152023222],[77.25640387628997,28.62891025488828]]},"properties":{"id":"L00871","strahler":5,"length_m":14.1,"drop_m":0.0,"gradient":0.0,"area_ha":1758.58,"on_drain_share":0.0,"downstream":"L00939"}},{"type":"Feature","geometry":{"type":"LineString","coordinates":[[77.28686895598888,28.628489599273234],[77.28635001389884,28.62813745692119],[77.28613774535886,28.627780137275675],[77.28612601393907,28.627238982022956],[77.28591570316895,28.62697185440012],[77.28591179317038,28.626791469271648],[77.28601010545398,28.6266093591914],[77.28721329907819,28.625506343916566],[77.28719960730804,28.624874996380477]]},"properties":{"id":"L00914","strahler":1,"length_m":497.0,"drop_m":2.34,"gradient":0.00471,"area_ha":12.48,"on_drain_share":0.0,"downstream":"L00959"}},{"type":"Feature","geometry":{"type":"LineString","coordinates":[[77.2027337126696,28.629793600870702],[77.20283405963247,28.629701740814312]]},"properties":{"id":"L00873","strahler":2,"length_m":14.1,"drop_m":0.0,"gradient":0.0,"area_ha":42.38,"on_drain_share":0.0,"downstream":"L00919"}},{"type":"Feature","geometry":{"type":"LineString","coordinates":[[77.25640387628997,28.62891025488828],[77.25730653896225,28.628083177719766],[77.2574049032262,28.62790108559101],[77.25740104182077,28.627720696912277],[77.25688026377576,28.6272782414132],[77.25687833356693,28.62718804703353],[77.25787934053717,28.62617887516453],[77.2578735476392,28.625908292164393],[77.25806833922083,28.625453912927515],[77.25805675288365,28.624912746928143],[77.25815704435159,28.624820848747447],[77.25814931999075,28.624460071408233],[77.25824767982438,28.624277978848948]]},"properties":{"id":"L00939","strahler":5,"length_m":630.1,"drop_m":0.0,"gradient":0.0,"area_ha":1907.22,"on_drain_share":0.0,"downstream":"L00965"}},{"type":"Feature","geometry":{"type":"LineString","coordinates":[[77.19800474886527,28.62860721567481],[77.19810885928975,28.62869575489429],[77.19901576691929,28.628049437127228],[77.19972949346797,28.627947621212687],[77.19993018948037,28.62776390534703],[77.20034663474833,28.62811805562713],[77.20075555353628,28.628111413184953],[77.20148434167595,28.628731170352992],[77.20179479881244,28.62890658146115],[77.20199925955234,28.6289032581261],[77.20210337342678,28.62899179407046],[77.20211090758313,28.629352584966988],[77.2027337126696,28.629793600870702]]},"properties":{"id":"L00876","strahler":1,"length_m":624.3,"drop_m":3.39,"gradient":0.00543,"area_ha":13.83,"on_drain_share":0.0,"downstream":"L00873"}},{"type":"Feature","geometry":{"type":"LineString","coordinates":[[77.20283405963247,28.629701740814312],[77.20303475303457,28.629518020503664],[77.20302909999612,28.629247427508325],[77.20353459873752,28.62896852093351],[77.20362928979797,28.628606067442934],[77.2033169463118,28.628340462992288],[77.20331129282553,28.62806987000142],[77.20279072527795,28.627627193989884],[77.20257684808651,28.627179529789853],[77.20307857023664,28.62672022990989],[77.20369193911162,28.62671025386472],[77.20429399647983,28.62615908928315],[77.20439056827747,28.625886833033416]]},"properties":{"id":"L00919","strahler":3,"length_m":616.0,"drop_m":3.54,"gradient":0.00575,"area_ha":153.49,"on_drain_share":0.0,"downstream":"L00941"}},{"type":"Feature","geometry":{"type":"LineString","coordinates":[[77.22878140977765,28.628375041439792],[77.22878331606226,28.628465237542883],[77.2278804128682,28.629292137113413],[77.22757372599409,28.62929718062773]]},"properties":{"id":"L00877","strahler":1,"length_m":167.3,"drop_m":2.8,"gradient":0.01674,"area_ha":8.78,"on_drain_share":0.0,"downstream":"L00864"}},{"type":"Feature","geometry":{"type":"LineString","coordinates":[[77.2232724949382,28.629006931319783],[77.22356967256424,28.628550915493353],[77.22437228048463,28.627815918046892],[77.22436657312333,28.627545328894552],[77.22363386431473,28.626745308888207]]},"properties":{"id":"L00900","strahler":4,"length_m":324.6,"drop_m":1.31,"gradient":0.00404,"area_ha":232.37,"on_drain_share":0.0,"downstream":"L00955"}},{"type":"Feature","geometry":{"type":"LineString","coordinates":[[77.23666250439241,28.628696283565976],[77.23706376184143,28.628328749068142],[77.23747267125167,28.62832199580394],[77.23817677663895,28.6277690014543],[77.23868791027854,28.627760555634506],[77.23878822219697,28.62766867074395],[77.23878439265712,28.627488279748878],[77.23918755303744,28.62721093504733],[77.23876716016326,28.62667652020576],[77.23946933266517,28.626033324514296],[77.23946358701139,28.625762738080702]]},"properties":{"id":"L00908","strahler":2,"length_m":533.6,"drop_m":3.0,"gradient":0.00562,"area_ha":42.84,"on_drain_share":0.0,"downstream":"L00910"}},{"type":"Feature","geometry":{"type":"LineString","coordinates":[[77.24216361319377,28.627703073000717],[77.24236806598945,28.627699688896886],[77.24257827283722,28.627966890264556],[77.2428849526971,28.6279618130124],[77.24308556895339,28.62777803733724],[77.24339224815755,28.627772958967743],[77.24370468427551,28.628038465472628],[77.24421581728275,28.628029998733425],[77.2443161243277,28.62793811000456],[77.24523424201402,28.62783266929138],[77.24544253560065,28.62800967070407],[77.24605589428326,28.62799950253074],[77.24636833738374,28.628265002467735],[77.24657279067792,28.628261611960564]]},"properties":{"id":"L00883","strahler":5,"length_m":498.0,"drop_m":2.49,"gradient":0.00501,"area_ha":2358.71,"on_drain_share":0.0,"downstream":"L00884"}},{"type":"Feature","geometry":{"type":"LineString","coordinates":[[77.24657279067792,28.628261611960564],[77.2470839237589,28.62825313434491]]},"properties":{"id":"L00884","strahler":5,"length_m":50.0,"drop_m":1.02,"gradient":0.02036,"area_ha":2530.86,"on_drain_share":0.0,"downstream":"L00856"}},{"type":"Feature","geometry":{"type":"LineString","coordinates":[[77.21212002285779,28.6287383679684],[77.21242103438509,28.628462768202827],[77.21293218035109,28.62845441932953],[77.21313285287042,28.62827068511502],[77.2134433260997,28.628446068530746],[77.21385224254207,28.628439386505367],[77.21425358342807,28.628071915264144],[77.21445804082938,28.628068573222983],[77.2150600457712,28.62751736353516]]},"properties":{"id":"L00894","strahler":1,"length_m":360.4,"drop_m":1.87,"gradient":0.00519,"area_ha":14.28,"on_drain_share":0.0,"downstream":"L00904"}},{"type":"Feature","geometry":{"type":"LineString","coordinates":[[77.24663466633483,28.626365821296773],[77.24674842010444,28.62690529608896],[77.24655357631406,28.627359661829637],[77.24656318338566,28.627810636911587],[77.2470839237589,28.62825313434491]]},"properties":{"id":"L00885","strahler":3,"length_m":243.1,"drop_m":2.0,"gradient":0.00824,"area_ha":71.09,"on_drain_share":0.0,"downstream":"L00856"}},{"type":"Feature","geometry":{"type":"LineString","coordinates":[[77.20598246341814,28.62865799652508],[77.2068874312071,28.627921431224152],[77.20739857646323,28.62791310336351],[77.20779993932805,28.627545650101833],[77.20820696521852,28.627448787918834],[77.20900967887263,28.62671387600473],[77.20900590039467,28.626533481328757],[77.20930691466403,28.626257888302817],[77.20930313574932,28.62607749365095],[77.20919901926838,28.62598896338213],[77.2091895726132,28.625537976691827],[77.20928802043774,28.625355914990887]]},"properties":{"id":"L00934","strahler":1,"length_m":557.7,"drop_m":0.94,"gradient":0.00168,"area_ha":18.79,"on_drain_share":0.0,"downstream":"L00947"}},{"type":"Feature","geometry":{"type":"LineString","coordinates":[[77.24069219922666,28.625832649930906],[77.24100462288638,28.626098163437263],[77.24101037257184,28.62636874957163],[77.24132279866646,28.62663426219107],[77.24133813385372,28.62735582497517],[77.24175470749668,28.62770984028424],[77.24216361319377,28.627703073000717]]},"properties":{"id":"L00887","strahler":5,"length_m":291.4,"drop_m":-2.24,"gradient":0.0,"area_ha":2324.83,"on_drain_share":0.0,"downstream":"L00883"}},{"type":"Feature","geometry":{"type":"LineString","coordinates":[[77.27241835495757,28.627018487983257],[77.2713766928649,28.626133696880558],[77.27137280785699,28.625953309901128],[77.2712686427997,28.625864830274413],[77.27085975244354,28.625871684964356],[77.27025806596117,28.62642312604096],[77.26923389297379,28.626350059519453],[77.26913361039946,28.626441965424817],[77.26892916381779,28.626445389766307],[77.26872859776108,28.626629201097845],[77.2684219272448,28.6266343366088],[77.26832164366624,28.626726241964334],[77.2676060781433,28.626738221633723],[77.26740550911661,28.626922031159275],[77.26638326997508,28.626939137014713]]},"properties":{"id":"L00891","strahler":1,"length_m":709.4,"drop_m":1.97,"gradient":0.00277,"area_ha":18.6,"on_drain_share":0.0,"downstream":"L00890"}},{"type":"Feature","geometry":{"type":"LineString","coordinates":[[77.28354114562617,28.62592919488523],[77.28385367037149,28.626194603397682],[77.28425865123066,28.626007324080323],[77.28498788258734,28.62662660519126],[77.2851923272325,28.626623156607288],[77.28550290339766,28.626798368339],[77.28710521029285,28.625237492183082],[77.28709934268001,28.62496691464436],[77.28719960730804,28.624874996380477]]},"properties":{"id":"L00913","strahler":1,"length_m":528.4,"drop_m":2.21,"gradient":0.00419,"area_ha":14.02,"on_drain_share":0.0,"downstream":"L00959"}},{"type":"Feature","geometry":{"type":"LineString","coordinates":[[77.17570902347913,28.62851598886578],[77.17600827414013,28.628150265590104],[77.17599524631608,28.62751887035617],[77.17568297143649,28.62725319815016],[77.17567180678827,28.626712002050457],[77.17494317553528,28.626092096754633],[77.17473871653866,28.62609537897961],[77.17442644909181,28.625829703424174],[77.17441901069435,28.625468905652138],[77.17472011792717,28.62519338473292],[77.17471453851033,28.624922786433345],[77.17491527532069,28.62473910551885],[77.17490969550848,28.624468507236273],[77.17480560775203,28.62437994884095]]},"properties":{"id":"L00956","strahler":1,"length_m":571.1,"drop_m":9.01,"gradient":0.01578,"area_ha":14.98,"on_drain_share":0.0,"downstream":"L00977"}},{"type":"Feature","geometry":{"type":"LineString","coordinates":[[77.26566963974929,28.627041300366034],[77.26556547802075,28.626952816154724]]},"properties":{"id":"L00888","strahler":1,"length_m":14.1,"drop_m":0.0,"gradient":0.0,"area_ha":4.29,"on_drain_share":0.0,"downstream":"L00898"}},{"type":"Feature","geometry":{"type":"LineString","coordinates":[[77.22181278322986,28.62767746494962],[77.22139627234336,28.627323384555332],[77.22119181734874,28.627326736983406],[77.22077530988265,28.626972654469917],[77.22087563766173,28.626880782019]]},"properties":{"id":"L00899","strahler":1,"length_m":147.3,"drop_m":-0.32,"gradient":0.0,"area_ha":7.02,"on_drain_share":0.0,"downstream":null}},{"type":"Feature","geometry":{"type":"LineString","coordinates":[[77.26556547802075,28.626952816154724],[77.26473412732065,28.62633513308818],[77.26401662643396,28.626256899721977]]},"properties":{"id":"L00898","strahler":2,"length_m":183.1,"drop_m":0.03,"gradient":0.00018,"area_ha":38.29,"on_drain_share":0.0,"downstream":"L00923"}},{"type":"Feature","geometry":{"type":"LineString","coordinates":[[77.2661788220399,28.62694255726175],[77.26556547802075,28.626952816154724]]},"properties":{"id":"L00889","strahler":2,"length_m":60.0,"drop_m":-0.57,"gradient":0.0,"area_ha":31.01,"on_drain_share":0.0,"downstream":"L00898"}},{"type":"Feature","geometry":{"type":"LineString","coordinates":[[77.26638326997508,28.626939137014713],[77.2661788220399,28.62694255726175]]},"properties":{"id":"L00890","strahler":2,"length_m":20.0,"drop_m":-0.13,"gradient":0.0,"area_ha":26.64,"on_drain_share":0.0,"downstream":"L00889"}},{"type":"Feature","geometry":{"type":"LineString","coordinates":[[77.26698110318934,28.626207324366195],[77.2661788220399,28.62694255726175]]},"properties":{"id":"L00892","strahler":1,"length_m":113.1,"drop_m":1.8,"gradient":0.01592,"area_ha":4.15,"on_drain_share":0.0,"downstream":"L00889"}},{"type":"Feature","geometry":{"type":"LineString","coordinates":[[77.26919702130799,28.624636380505084],[77.26899645896113,28.624820192058067],[77.26900422052309,28.62518096666751],[77.26780082802676,28.626283830720652],[77.26708526524547,28.6262958074718],[77.26638326997508,28.626939137014713]]},"properties":{"id":"L00893","strahler":1,"length_m":407.0,"drop_m":4.48,"gradient":0.01101,"area_ha":7.95,"on_drain_share":0.0,"downstream":"L00890"}},{"type":"Feature","geometry":{"type":"LineString","coordinates":[[77.2150600457712,28.62751736353516],[77.21616560053181,28.626597003183324],[77.2168811903535,28.626585295146025],[77.21718218292996,28.626309685737866]]},"properties":{"id":"L00904","strahler":4,"length_m":263.8,"drop_m":-2.27,"gradient":0.0,"area_ha":336.1,"on_drain_share":0.0,"downstream":"L00935"}},{"type":"Feature","geometry":{"type":"LineString","coordinates":[[77.23560580876463,28.62708963611224],[77.23570612293662,28.626997753383115],[77.23611502756854,28.626991004500837],[77.23631374202836,28.626717042618495],[77.23630417919836,28.626266064293553],[77.23670542932561,28.625898531181146],[77.23670160362742,28.625718139881705],[77.23680191556609,28.625626256449166]]},"properties":{"id":"L00915","strahler":1,"length_m":233.1,"drop_m":4.4,"gradient":0.01889,"area_ha":7.84,"on_drain_share":0.0,"downstream":"L00922"}},{"type":"Feature","geometry":{"type":"LineString","coordinates":[[77.26402437143142,28.62661767550099],[77.26401662643396,28.626256899721977]]},"properties":{"id":"L00896","strahler":1,"length_m":40.0,"drop_m":0.05,"gradient":0.00132,"area_ha":4.82,"on_drain_share":0.0,"downstream":"L00923"}},{"type":"Feature","geometry":{"type":"LineString","coordinates":[[77.17079074767118,28.62805351328372],[77.17038182091338,28.628060065307007],[77.1699673261128,28.62779601705913]]},"properties":{"id":"L00897","strahler":1,"length_m":92.4,"drop_m":4.43,"gradient":0.04792,"area_ha":5.57,"on_drain_share":0.0,"downstream":null}},{"type":"Feature","geometry":{"type":"LineString","coordinates":[[77.24388418883906,28.62686254162714],[77.24459976692414,28.626850687149137],[77.24480037803173,28.62666690918985],[77.24510513354946,28.626571632000672],[77.2460078715965,28.62574462606776]]},"properties":{"id":"L00906","strahler":1,"length_m":259.7,"drop_m":3.42,"gradient":0.01316,"area_ha":6.65,"on_drain_share":0.0,"downstream":"L00902"}},{"type":"Feature","geometry":{"type":"LineString","coordinates":[[77.26401662643396,28.626256899721977],[77.26235009361535,28.624841118965186]]},"properties":{"id":"L00923","strahler":2,"length_m":226.3,"drop_m":-0.49,"gradient":0.0,"area_ha":53.66,"on_drain_share":0.0,"downstream":"L00946"}},{"type":"Feature","geometry":{"type":"LineString","coordinates":[[77.22588285120483,28.626708375398508],[77.22578252820772,28.62680025131182],[77.22537362143113,28.626806968981175],[77.22506313531134,28.62663161371624],[77.2238364159218,28.626651756408616],[77.22363386431473,28.626745308888207]]},"properties":{"id":"L00901","strahler":1,"length_m":236.6,"drop_m":2.06,"gradient":0.00871,"area_ha":8.3,"on_drain_share":0.0,"downstream":"L00955"}},{"type":"Feature","geometry":{"type":"LineString","coordinates":[[77.22363386431473,28.626745308888207],[77.22321735161403,28.62639123418615],[77.22270621921044,28.626399621297537],[77.22239383769498,28.6261340630684],[77.22248846110615,28.6257715999607],[77.22228020824582,28.625594560793157],[77.22227640725642,28.62541416771039],[77.22185230405908,28.62469930192261],[77.22164405444438,28.62452226157449],[77.22153233085162,28.624072954850043],[77.22173297967431,28.623889209065553],[77.22152473194411,28.62371216841481]]},"properties":{"id":"L00955","strahler":4,"length_m":477.0,"drop_m":-0.14,"gradient":0.0,"area_ha":247.69,"on_drain_share":0.0,"downstream":"L01027"}},{"type":"Feature","geometry":{"type":"LineString","coordinates":[[77.2460078715965,28.62574462606776],[77.2461100958315,28.62574293126052],[77.24652667768744,28.6260969314247],[77.24653052024247,28.626277321498378],[77.24663466633483,28.626365821296773]]},"properties":{"id":"L00902","strahler":2,"length_m":100.7,"drop_m":-3.15,"gradient":0.0,"area_ha":14.52,"on_drain_share":0.0,"downstream":"L00885"}},{"type":"Feature","geometry":{"type":"LineString","coordinates":[[77.2482532859202,28.620744902889772],[77.24825905291397,28.621015487890634],[77.24846733695243,28.621192485283],[77.24826674236262,28.62137626787332],[77.24817221175007,28.62173874405814],[77.24757618694842,28.622560675015254],[77.24749318430854,28.623464320954827],[77.2478075387048,28.623820013277403],[77.24760693822304,28.624003795168292],[77.24761462639489,28.62436457515379],[77.24701474047507,28.625006114393127],[77.24692788939385,28.625729370030445],[77.2466289022273,28.626095236207185],[77.24663466633483,28.626365821296773]]},"properties":{"id":"L00903","strahler":2,"length_m":731.8,"drop_m":1.47,"gradient":0.002,"area_ha":53.1,"on_drain_share":0.0,"downstream":"L00885"}},{"type":"Feature","geometry":{"type":"LineString","coordinates":[[77.18733345864993,28.626885134237337],[77.18743194643831,28.626703086333322],[77.187943092479,28.626694832165622],[77.1879393500207,28.626514434932645],[77.18823855115782,28.626148687136823],[77.18844113679705,28.626055185949376],[77.1885433653256,28.626053534542763],[77.18895976762326,28.62640772238699],[77.18957314050176,28.626397810333835],[77.18988544547331,28.626663448768184]]},"properties":{"id":"L00909","strahler":1,"length_m":339.7,"drop_m":7.32,"gradient":0.02155,"area_ha":8.64,"on_drain_share":0.0,"downstream":"L00958"}},{"type":"Feature","geometry":{"type":"LineString","coordinates":[[77.20808585180662,28.626548480344038],[77.20928802043774,28.625355914990887]]},"properties":{"id":"L00933","strahler":1,"length_m":179.7,"drop_m":-0.39,"gradient":0.0,"area_ha":5.98,"on_drain_share":0.0,"downstream":"L00947"}},{"type":"Feature","geometry":{"type":"LineString","coordinates":[[77.21614096164551,28.625424443355953],[77.21615233325633,28.625965624842376],[77.21667294459607,28.626408246941793],[77.21718218292996,28.626309685737866]]},"properties":{"id":"L00905","strahler":1,"length_m":184.9,"drop_m":1.7,"gradient":0.0092,"area_ha":5.12,"on_drain_share":0.0,"downstream":"L00935"}},{"type":"Feature","geometry":{"type":"LineString","coordinates":[[77.23200688586921,28.62615647859437],[77.23189893396088,28.62588757495836],[77.23250083052513,28.62533629329137]]},"properties":{"id":"L00921","strahler":1,"length_m":119.0,"drop_m":1.17,"gradient":0.00987,"area_ha":5.16,"on_drain_share":0.0,"downstream":"L00925"}},{"type":"Feature","geometry":{"type":"LineString","coordinates":[[77.25112292286579,28.625840180890723],[77.25109789631216,28.624667648947245],[77.25068130610744,28.624313663322937],[77.25067360746732,28.623952884096184]]},"properties":{"id":"L00944","strahler":1,"length_m":226.6,"drop_m":2.49,"gradient":0.01099,"area_ha":5.32,"on_drain_share":0.0,"downstream":"L01016"}},{"type":"Feature","geometry":{"type":"LineString","coordinates":[[77.21718218292996,28.626309685737866],[77.2174850703778,28.62612427256441],[77.2178939767016,28.626117578839487],[77.21799810014767,28.626206102010702],[77.21881591300529,28.626192710198332],[77.21951631347677,28.625459414671305],[77.21940839356925,28.625190499248074]]},"properties":{"id":"L00935","strahler":4,"length_m":315.6,"drop_m":1.87,"gradient":0.00593,"area_ha":346.45,"on_drain_share":0.0,"downstream":"L00954"}},{"type":"Feature","geometry":{"type":"LineString","coordinates":[[77.18978321644576,28.626665101219103],[77.18988544547331,28.626663448768184]]},"properties":{"id":"L00907","strahler":1,"length_m":10.0,"drop_m":0.0,"gradient":0.0,"area_ha":4.05,"on_drain_share":0.0,"downstream":"L00958"}},{"type":"Feature","geometry":{"type":"LineString","coordinates":[[77.18988544547331,28.626663448768184],[77.19019213250435,28.626658490953297],[77.19039097052467,28.62638458994999],[77.19079988532962,28.62637797790965],[77.19100059503816,28.626194274555857],[77.19098935231787,28.62565308390976],[77.19108970643846,28.62556123216292],[77.19046509930511,28.62502995992899],[77.19026064448592,28.62503326545635],[77.1901565440651,28.62494471960043],[77.19015279809429,28.62476432258834],[77.18994085260665,28.624406833527477],[77.19003746090893,28.62413458551422]]},"properties":{"id":"L00958","strahler":2,"length_m":432.1,"drop_m":5.91,"gradient":0.01368,"area_ha":21.57,"on_drain_share":0.0,"downstream":"L00978"}},{"type":"Feature","geometry":{"type":"LineString","coordinates":[[77.22934520364306,28.626019850383464],[77.23025760496436,28.62564392312851],[77.230463962941,28.625730753241307],[77.2314862156452,28.62571391894183],[77.23158653240257,28.625622039121286],[77.23199543285475,28.625615302962352],[77.23229638092774,28.625339662257264],[77.23250083052513,28.62533629329137]]},"properties":{"id":"L00924","strahler":1,"length_m":347.3,"drop_m":3.31,"gradient":0.00953,"area_ha":8.99,"on_drain_share":0.0,"downstream":"L00925"}},{"type":"Feature","geometry":{"type":"LineString","coordinates":[[77.26001250941984,28.62551172010976],[77.25999124971545,28.624519583749738],[77.26019182819782,28.624335784678344],[77.26028245285512,28.62379291399417]]},"properties":{"id":"L00945","strahler":1,"length_m":202.4,"drop_m":0.68,"gradient":0.00337,"area_ha":8.81,"on_drain_share":0.0,"downstream":"L00975"}},{"type":"Feature","geometry":{"type":"LineString","coordinates":[[77.23946358701139,28.625762738080702],[77.23966420568509,28.625578967321385],[77.24037977713735,28.625567135606246],[77.24069219922666,28.625832649930906]]},"properties":{"id":"L00910","strahler":3,"length_m":140.7,"drop_m":2.69,"gradient":0.01913,"area_ha":109.09,"on_drain_share":0.0,"downstream":"L00887"}},{"type":"Feature","geometry":{"type":"LineString","coordinates":[[77.24057656152765,28.625202972759773],[77.24069219922666,28.625832649930906]]},"properties":{"id":"L00911","strahler":5,"length_m":74.1,"drop_m":3.2,"gradient":0.04314,"area_ha":2212.06,"on_drain_share":0.0,"downstream":"L00887"}},{"type":"Feature","geometry":{"type":"LineString","coordinates":[[77.24548714859462,28.62530212339951],[77.2460078715965,28.62574462606776]]},"properties":{"id":"L00912","strahler":1,"length_m":70.7,"drop_m":2.43,"gradient":0.03439,"area_ha":6.75,"on_drain_share":0.0,"downstream":"L00902"}},{"type":"Feature","geometry":{"type":"LineString","coordinates":[[77.23884066526034,28.62532189809453],[77.23946358701139,28.625762738080702]]},"properties":{"id":"L00916","strahler":3,"length_m":80.7,"drop_m":-1.86,"gradient":0.0,"area_ha":65.22,"on_drain_share":0.0,"downstream":"L00910"}},{"type":"Feature","geometry":{"type":"LineString","coordinates":[[77.2539774802115,28.62543181069375],[77.25386369200828,28.62489234385019],[77.25375954179063,28.62480384985351],[77.25374605057225,28.62417248757787],[77.25364190120169,28.624083993436606],[77.25371714227938,28.622819568198004]]},"properties":{"id":"L00967","strahler":1,"length_m":306.6,"drop_m":0.0,"gradient":0.0,"area_ha":14.96,"on_drain_share":0.0,"downstream":"L01019"}},{"type":"Feature","geometry":{"type":"LineString","coordinates":[[77.28719960730804,28.624874996380477],[77.28900042611117,28.623040071599803],[77.28940342733598,28.622762585617654],[77.28960786386322,28.622759130798343],[77.29001282048527,28.62257183551306]]},"properties":{"id":"L00959","strahler":2,"length_m":395.3,"drop_m":-2.66,"gradient":0.0,"area_ha":106.24,"on_drain_share":0.0,"downstream":null}},{"type":"Feature","geometry":{"type":"LineString","coordinates":[[77.19826255630295,28.626257091718816],[77.19916568150101,28.6254303780031],[77.19916192005302,28.62524998209532],[77.19895370493717,28.62507290482637],[77.19894430242726,28.624621914958965],[77.19873232840837,28.624264441266156]]},"properties":{"id":"L00952","strahler":1,"length_m":273.8,"drop_m":-0.03,"gradient":0.0,"area_ha":8.52,"on_drain_share":0.0,"downstream":"L00953"}},{"type":"Feature","geometry":{"type":"LineString","coordinates":[[77.23270528008743,28.62533292401745],[77.23321831367414,28.625414695355648],[77.23342658333235,28.62559171670322],[77.23363103326021,28.62558834600553],[77.23373134792274,28.6254964647046],[77.23403802246067,28.62549140786832],[77.2341421579263,28.625579917913665],[77.23536885622958,28.625559682638542],[77.2354691692597,28.625467800135297],[77.23587806802904,28.625461052296505],[77.23608634195952,28.625638069297878],[77.23680191556609,28.625626256449166]]},"properties":{"id":"L00917","strahler":3,"length_m":433.1,"drop_m":1.03,"gradient":0.00237,"area_ha":44.87,"on_drain_share":0.0,"downstream":"L00922"}},{"type":"Feature","geometry":{"type":"LineString","coordinates":[[77.23680191556609,28.625626256449166],[77.2377219381418,28.625611062956377],[77.23792255976704,28.625427294621176],[77.23884066526034,28.62532189809453]]},"properties":{"id":"L00922","strahler":3,"length_m":212.4,"drop_m":1.25,"gradient":0.00589,"area_ha":55.92,"on_drain_share":0.0,"downstream":"L00916"}},{"type":"Feature","geometry":{"type":"LineString","coordinates":[[77.28571965469975,28.622644334442686],[77.28542472492617,28.62319066362998],[77.28543058781325,28.623461241556594],[77.2863681567632,28.62425745225031],[77.2863701119427,28.624347644820123],[77.28719960730804,28.624874996380477]]},"properties":{"id":"L00918","strahler":2,"length_m":344.6,"drop_m":3.09,"gradient":0.00896,"area_ha":67.53,"on_drain_share":0.0,"downstream":"L00959"}},{"type":"Feature","geometry":{"type":"LineString","coordinates":[[77.25008721278608,28.625225799587177],[77.25007951588604,28.624865020261375],[77.25027626461383,28.624500845227107],[77.25057715899244,28.624225166689428],[77.25057330984686,28.6240447770634],[77.25067360746732,28.623952884096184]]},"properties":{"id":"L00943","strahler":1,"length_m":164.9,"drop_m":0.69,"gradient":0.00418,"area_ha":5.39,"on_drain_share":0.0,"downstream":"L01016"}},{"type":"Feature","geometry":{"type":"LineString","coordinates":[[77.27686945208379,28.624778328656582],[77.27645278060436,28.624424427245174],[77.27635055979276,28.62442614486416],[77.27582777861899,28.623893572394596],[77.27592026794355,28.623440889019953],[77.27622108829748,28.623165157401388],[77.27621719548699,28.622984770950982],[77.27641774120424,28.622800949564667],[77.27640606204804,28.622259790242637],[77.27567496400981,28.621550264688697],[77.27566718081272,28.621189491559452]]},"properties":{"id":"L00995","strahler":1,"length_m":501.1,"drop_m":2.1,"gradient":0.0042,"area_ha":16.8,"on_drain_share":0.0,"downstream":"L01003"}},{"type":"Feature","geometry":{"type":"LineString","coordinates":[[77.20346298473382,28.625541009662008],[77.20377720447796,28.625896811978638],[77.20439056827747,28.625886833033416]]},"properties":{"id":"L00920","strahler":1,"length_m":112.4,"drop_m":1.17,"gradient":0.01038,"area_ha":5.08,"on_drain_share":0.0,"downstream":"L00941"}},{"type":"Feature","geometry":{"type":"LineString","coordinates":[[77.20439056827747,28.625886833033416],[77.2046915936106,28.625611249684003],[77.20448148377261,28.625343983845877],[77.20447771325041,28.625163588581866],[77.20457805447798,28.625071727499584],[77.20488473385305,28.62506673669257],[77.20518764145844,28.624881350007357],[77.20539209393087,28.624878021980372],[77.20560031875837,28.62505508878086],[77.20580477151047,28.625051760112992]]},"properties":{"id":"L00941","strahler":3,"length_m":251.4,"drop_m":1.33,"gradient":0.00528,"area_ha":161.72,"on_drain_share":0.0,"downstream":"L00948"}},{"type":"Feature","geometry":{"type":"LineString","coordinates":[[77.19416592114307,28.62596258857422],[77.19416216815972,28.625782192074364]]},"properties":{"id":"L00928","strahler":1,"length_m":20.0,"drop_m":-0.06,"gradient":0.0,"area_ha":4.18,"on_drain_share":0.0,"downstream":"L00979"}},{"type":"Feature","geometry":{"type":"LineString","coordinates":[[77.23250083052513,28.62533629329137],[77.23270528008743,28.62533292401745]]},"properties":{"id":"L00925","strahler":2,"length_m":20.0,"drop_m":0.02,"gradient":0.00097,"area_ha":14.24,"on_drain_share":0.0,"downstream":"L00917"}},{"type":"Feature","geometry":{"type":"LineString","coordinates":[[77.2365573003158,28.623735522811575],[77.23747539322069,28.62363013626311],[77.2382043503736,28.62424968591342],[77.23851102034952,28.624244619157796],[77.23913010448383,28.624505070125007],[77.23913584898293,28.624775656670636],[77.23883492138809,28.62505131151599],[77.23884066526034,28.62532189809453]]},"properties":{"id":"L00926","strahler":1,"length_m":398.0,"drop_m":2.49,"gradient":0.00626,"area_ha":8.72,"on_drain_share":0.0,"downstream":"L00916"}},{"type":"Feature","geometry":{"type":"LineString","coordinates":[[77.26235009361535,28.624841118965186],[77.26203762368438,28.62457565747856],[77.26162486761142,28.624402095800733],[77.26111375831094,28.624410627207716],[77.26091124796082,28.624504233396806],[77.26049462766065,28.624150279775144],[77.26028245285512,28.62379291399417]]},"properties":{"id":"L00946","strahler":2,"length_m":269.7,"drop_m":-0.28,"gradient":0.0,"area_ha":62.8,"on_drain_share":0.0,"downstream":"L00975"}},{"type":"Feature","geometry":{"type":"LineString","coordinates":[[77.26377733189837,28.62463682482872],[77.26357482378171,28.62473043489055],[77.26285733432194,28.624652194699646],[77.26265676021092,28.624835997484674],[77.26235009361535,28.624841118965186]]},"properties":{"id":"L00927","strahler":1,"length_m":156.6,"drop_m":0.89,"gradient":0.00568,"area_ha":5.35,"on_drain_share":0.0,"downstream":"L00946"}},{"type":"Feature","geometry":{"type":"LineString","coordinates":[[77.23113374756475,28.62355426586494],[77.23207284302994,28.62444107144625],[77.23238715109599,28.62479680226026],[77.23239287837394,28.625067390042464],[77.23270528008743,28.62533292401745]]},"properties":{"id":"L00930","strahler":2,"length_m":262.1,"drop_m":2.25,"gradient":0.00858,"area_ha":21.69,"on_drain_share":0.0,"downstream":"L00917"}},{"type":"Feature","geometry":{"type":"LineString","coordinates":[[77.24061747176266,28.622315028212945],[77.24062321955381,28.622585614570138],[77.24094521410954,28.62330210602059],[77.24106276751894,28.624021978438225],[77.24086215420138,28.62420575100798],[77.24086598677198,28.624386141833526],[77.24056698107965,28.624751995650872],[77.24057656152765,28.625202972759773]]},"properties":{"id":"L00931","strahler":3,"length_m":357.3,"drop_m":-3.82,"gradient":0.0,"area_ha":82.09,"on_drain_share":0.0,"downstream":"L00911"}},{"type":"Feature","geometry":{"type":"LineString","coordinates":[[77.24097395923545,28.624655037186876],[77.24057656152765,28.625202972759773]]},"properties":{"id":"L00932","strahler":5,"length_m":76.6,"drop_m":-0.28,"gradient":0.0,"area_ha":2129.65,"on_drain_share":0.0,"downstream":"L00911"}},{"type":"Feature","geometry":{"type":"LineString","coordinates":[[77.19416216815972,28.625782192074364],[77.194360993961,28.625508285860416],[77.19433847500125,28.624425906851695],[77.19402616655118,28.62416027885833],[77.19402053786803,28.62388968400925],[77.19492367934095,28.623062997612998],[77.19584370569946,28.62304808959747],[77.19636046562256,28.623310399130148],[77.19666714157593,28.623305427194886],[77.19708167910633,28.623569391186983],[77.1975890481909,28.62338070530691],[77.19789572409526,28.62337573058089],[77.19799606980952,28.623283874133428],[77.19850719566469,28.623275581029137],[77.19860754072506,28.623183724161578]]},"properties":{"id":"L00979","strahler":2,"length_m":759.4,"drop_m":4.4,"gradient":0.0058,"area_ha":44.19,"on_drain_share":0.0,"downstream":"L01039"}},{"type":"Feature","geometry":{"type":"LineString","coordinates":[[77.20580477151047,28.625051760112992],[77.20642567723428,28.625402562317944],[77.20663013054573,28.62539923236829],[77.20683835841025,28.625576297081476],[77.20703903706459,28.62539257154486],[77.20724349027198,28.625389240671073],[77.2074441678446,28.62520551458757],[77.20764862063363,28.62520218312253],[77.20855354802354,28.62446560860478],[77.20957580368744,28.624448940224884]]},"properties":{"id":"L00948","strahler":3,"length_m":444.6,"drop_m":0.52,"gradient":0.00116,"area_ha":175.03,"on_drain_share":0.0,"downstream":"L00949"}},{"type":"Feature","geometry":{"type":"LineString","coordinates":[[77.21276749845883,28.62547958488937],[77.21151808705707,28.624417249087553],[77.2105980584833,28.624432264144247],[77.20997903603957,28.624171678788475]]},"properties":{"id":"L00950","strahler":1,"length_m":332.1,"drop_m":-0.51,"gradient":0.0,"area_ha":10.18,"on_drain_share":0.0,"downstream":"L00973"}},{"type":"Feature","geometry":{"type":"LineString","coordinates":[[77.20928802043774,28.625355914990887],[77.20948869417332,28.62517218607531],[77.20927857365007,28.624904928285606],[77.20927479499578,28.62472453359428],[77.20957580368744,28.624448940224884]]},"properties":{"id":"L00947","strahler":2,"length_m":129.0,"drop_m":0.1,"gradient":0.00075,"area_ha":27.32,"on_drain_share":0.0,"downstream":"L00949"}},{"type":"Feature","geometry":{"type":"LineString","coordinates":[[77.21940839356925,28.625190499248074],[77.22051198599,28.6241799098702],[77.22071643498187,28.62417655880331],[77.22091708549706,28.623992814141115],[77.22122375834363,28.623987786538677],[77.22152473194411,28.62371216841481]]},"properties":{"id":"L00954","strahler":4,"length_m":276.3,"drop_m":-2.33,"gradient":0.0,"area_ha":356.41,"on_drain_share":0.0,"downstream":"L01027"}},{"type":"Feature","geometry":{"type":"LineString","coordinates":[[77.24128446316382,28.62483035486161],[77.24097395923545,28.624655037186876]]},"properties":{"id":"L00937","strahler":1,"length_m":38.3,"drop_m":-0.04,"gradient":0.0,"area_ha":4.54,"on_drain_share":0.0,"downstream":"L00932"}},{"type":"Feature","geometry":{"type":"LineString","coordinates":[[77.25753598699275,28.62447029315801],[77.25764013982197,28.624558784094063],[77.257946806596,28.62455367331564],[77.25824767982438,28.624277978848948]]},"properties":{"id":"L00938","strahler":1,"length_m":86.6,"drop_m":0.0,"gradient":0.0,"area_ha":4.56,"on_drain_share":0.0,"downstream":"L00965"}},{"type":"Feature","geometry":{"type":"LineString","coordinates":[[77.21848646594636,28.625115371453195],[77.21858679418767,28.625023500662625],[77.21879124508129,28.62502015240964],[77.21889536808258,28.625108674922274],[77.21930427007935,28.625101977159225],[77.21940839356925,28.625190499248074]]},"properties":{"id":"L00936","strahler":1,"length_m":102.4,"drop_m":0.47,"gradient":0.00463,"area_ha":4.65,"on_drain_share":0.0,"downstream":"L00954"}},{"type":"Feature","geometry":{"type":"LineString","coordinates":[[77.22624987113834,28.624717337755595],[77.22594890795665,28.624992965821026],[77.22472220835688,28.625013115479305],[77.22440982644993,28.624747561905192],[77.22379457586199,28.62466743461849],[77.22285744466662,28.623870764427522],[77.22265299656478,28.6238741186911],[77.22213237501487,28.623431520129383],[77.22223079810725,28.623249450306382],[77.22222319707126,28.62288866399865],[77.22242384250913,28.622704917351765],[77.22241814135276,28.62243432763673],[77.22210197282539,28.621988374714253],[77.22209817270883,28.621807981513662]]},"properties":{"id":"L01001","strahler":1,"length_m":691.8,"drop_m":0.47,"gradient":0.00068,"area_ha":12.97,"on_drain_share":0.0,"downstream":"L01035"}},{"type":"Feature","geometry":{"type":"LineString","coordinates":[[77.24357037510565,28.621724799138477],[77.24357613032714,28.621995384971047],[77.24126912994892,28.624108791782145],[77.24097395923545,28.624655037186876]]},"properties":{"id":"L00940","strahler":5,"length_m":427.7,"drop_m":-0.25,"gradient":0.0,"area_ha":2122.9,"on_drain_share":0.0,"downstream":"L00932"}},{"type":"Feature","geometry":{"type":"LineString","coordinates":[[77.25824767982438,28.624277978848948],[77.25823223097258,28.62355642413682],[77.25833252107287,28.623464525890242],[77.25822643779952,28.623285841097992],[77.2582167826885,28.62283486934019]]},"properties":{"id":"L00965","strahler":5,"length_m":168.3,"drop_m":0.0,"gradient":0.0,"area_ha":1914.06,"on_drain_share":0.0,"downstream":"L01076"}},{"type":"Feature","geometry":{"type":"LineString","coordinates":[[77.17268297589507,28.62558698701953],[77.17257703071348,28.625408227328208],[77.1725677408048,28.624957229527134],[77.17286885179374,28.62468171252318],[77.1728651354177,28.624501313422346],[77.17326475517329,28.62404375699674],[77.17325732129832,28.62368295885086]]},"properties":{"id":"L00976","strahler":1,"length_m":243.1,"drop_m":4.47,"gradient":0.0184,"area_ha":7.81,"on_drain_share":0.0,"downstream":"L00988"}},{"type":"Feature","geometry":{"type":"LineString","coordinates":[[77.19793331556218,28.62517969145749],[77.19823999662373,28.62517471566764],[77.19864514406125,28.624987684225527],[77.1988439563968,28.624713772116877],[77.19873232840837,28.624264441266156]]},"properties":{"id":"L00951","strahler":1,"length_m":170.7,"drop_m":2.84,"gradient":0.01662,"area_ha":5.6,"on_drain_share":0.0,"downstream":"L00953"}},{"type":"Feature","geometry":{"type":"LineString","coordinates":[[77.20433024520833,28.62300050823236],[77.20568368266419,28.624151448817276],[77.20569122755003,28.62451223910032],[77.20538832192479,28.62469762681479],[77.20580477151047,28.625051760112992]]},"properties":{"id":"L00942","strahler":1,"length_m":318.7,"drop_m":-0.22,"gradient":0.0,"area_ha":7.89,"on_drain_share":0.0,"downstream":"L00948"}},{"type":"Feature","geometry":{"type":"LineString","coordinates":[[77.25067360746732,28.623952884096184],[77.2506620597724,28.623411715216474],[77.25106324662823,28.6230441428112],[77.25126768914632,28.62304074578636],[77.25136798523198,28.622948852379555],[77.25259463844466,28.62292846291495],[77.25279522778679,28.622744674208455],[77.25309225732053,28.622288601296706],[77.25349343119085,28.62192102234834],[77.2534818700093,28.62137985435804],[77.25408169545719,28.62073828950727],[77.25407591360187,28.620467705580626]]},"properties":{"id":"L01016","strahler":2,"length_m":602.8,"drop_m":4.4,"gradient":0.00729,"area_ha":19.51,"on_drain_share":0.0,"downstream":"L01018"}},{"type":"Feature","geometry":{"type":"LineString","coordinates":[[77.26028245285512,28.62379291399417],[77.25996419346353,28.623256864515003],[77.25995646342545,28.62289608754325],[77.26005481877783,28.622713993889743],[77.25953598866882,28.622361741813293],[77.25933541248071,28.622545539815572]]},"properties":{"id":"L00975","strahler":2,"length_m":231.4,"drop_m":0.5,"gradient":0.00216,"area_ha":77.63,"on_drain_share":0.0,"downstream":"L00966"}},{"type":"Feature","geometry":{"type":"LineString","coordinates":[[77.18514365668513,28.624845207102855],[77.18544660149591,28.62465986272038],[77.18594465285284,28.624020225208607],[77.18593343707461,28.62347903255666],[77.18613228117823,28.623205137412842]]},"properties":{"id":"L00984","strahler":1,"length_m":227.3,"drop_m":4.02,"gradient":0.01767,"area_ha":5.93,"on_drain_share":0.0,"downstream":"L00970"}},{"type":"Feature","geometry":{"type":"LineString","coordinates":[[77.20957580368744,28.624448940224884],[77.20978025471607,28.624445605624814],[77.20997903603957,28.624171678788475]]},"properties":{"id":"L00949","strahler":3,"length_m":58.3,"drop_m":-0.56,"gradient":0.0,"area_ha":202.62,"on_drain_share":0.0,"downstream":"L00973"}},{"type":"Feature","geometry":{"type":"LineString","coordinates":[[77.17563087237752,28.62472761594748],[77.17542083499727,28.624460300876386],[77.17521451904531,28.624373384239586],[77.17480560775203,28.62437994884095]]},"properties":{"id":"L00960","strahler":1,"length_m":102.4,"drop_m":0.87,"gradient":0.00848,"area_ha":6.62,"on_drain_share":0.0,"downstream":"L00977"}},{"type":"Feature","geometry":{"type":"LineString","coordinates":[[77.20997903603957,28.624171678788475],[77.20945846270244,28.623729028659316],[77.20894544946843,28.623647165797653],[77.20842488293717,28.623204511281923]]},"properties":{"id":"L00973","strahler":3,"length_m":195.6,"drop_m":0.23,"gradient":0.00117,"area_ha":216.74,"on_drain_share":0.0,"downstream":"L01065"}},{"type":"Feature","geometry":{"type":"LineString","coordinates":[[77.22960611903609,28.623850097049306],[77.22970834258393,28.62384841471359],[77.23051087162983,28.6231133847593],[77.23061309440092,28.62311170178073],[77.23113374756475,28.62355426586494]]},"properties":{"id":"L00961","strahler":1,"length_m":203.8,"drop_m":1.23,"gradient":0.00602,"area_ha":8.26,"on_drain_share":0.0,"downstream":"L00930"}},{"type":"Feature","geometry":{"type":"LineString","coordinates":[[77.2832410295955,28.621513195086006],[77.28334519946604,28.621601665227498],[77.28324493417372,28.621693580691712],[77.28325274343779,28.622054351887254],[77.28295194557522,28.622330097948215],[77.28295584979155,28.622510483568615],[77.28306197270321,28.62268914667564],[77.28337253361357,28.62286436424793],[77.28357697120062,28.6228609185132],[77.2839760812531,28.622403062406338],[77.28418051786029,28.622399615811947],[77.28438104779106,28.62221578346631],[77.28478796647256,28.622118696091214],[77.28498849477955,28.6219348629294],[77.28519293033509,28.621931414859503],[77.2856096187342,28.622285288384763],[77.28571965469975,28.622644334442686]]},"properties":{"id":"L00963","strahler":1,"length_m":521.1,"drop_m":7.55,"gradient":0.01448,"area_ha":17.74,"on_drain_share":0.0,"downstream":"L00918"}},{"type":"Feature","geometry":{"type":"LineString","coordinates":[[77.18839247774241,28.62371002207169],[77.18880138273067,28.623703416623044],[77.1891136774235,28.623969057476085],[77.18911742149443,28.62414945463494],[77.18922152026609,28.62423800138975],[77.18963042707314,28.62423139332909],[77.18983675309276,28.62431828736976],[77.19003746090893,28.62413458551422]]},"properties":{"id":"L00957","strahler":2,"length_m":209.0,"drop_m":5.74,"gradient":0.02745,"area_ha":33.95,"on_drain_share":0.0,"downstream":"L00978"}},{"type":"Feature","geometry":{"type":"LineString","coordinates":[[77.25933541248071,28.622545539815572],[77.25863339032702,28.6231888307568],[77.25853116944847,28.62319053487036],[77.2582167826885,28.62283486934019]]},"properties":{"id":"L00966","strahler":2,"length_m":161.4,"drop_m":3.78,"gradient":0.0234,"area_ha":88.02,"on_drain_share":0.0,"downstream":"L01076"}},{"type":"Feature","geometry":{"type":"LineString","coordinates":[[77.28020179663494,28.622827540779145],[77.27957678708185,28.62229670365418],[77.27956704113384,28.621845738515304],[77.27925064241532,28.621399932495475],[77.27924089822325,28.620948967194355],[77.27913673225228,28.620860493655126],[77.27922530798145,28.620227422643804],[77.28001964738999,28.619131347662275],[77.28000990082874,28.61868038245218]]},"properties":{"id":"L01048","strahler":1,"length_m":538.7,"drop_m":-0.03,"gradient":0.0,"area_ha":16.58,"on_drain_share":0.0,"downstream":"L01082"}},{"type":"Feature","geometry":{"type":"LineString","coordinates":[[77.1877903453579,28.624261119898726],[77.18839247774241,28.62371002207169]]},"properties":{"id":"L00969","strahler":1,"length_m":84.9,"drop_m":0.99,"gradient":0.01161,"area_ha":5.84,"on_drain_share":0.0,"downstream":"L00957"}},{"type":"Feature","geometry":{"type":"LineString","coordinates":[[77.22152473194411,28.62371216841481],[77.221004115672,28.623269565198797],[77.2207996684773,28.623272916602847],[77.22027715878131,28.622740113584076],[77.22016354493152,28.62220060848193],[77.22066516367343,28.62174124864356],[77.22066136605171,28.621560855260213],[77.21941192949903,28.620498593560033]]},"properties":{"id":"L01027","strahler":5,"length_m":496.0,"drop_m":0.56,"gradient":0.00113,"area_ha":608.9,"on_drain_share":0.0,"downstream":"L01051"}},{"type":"Feature","geometry":{"type":"LineString","coordinates":[[77.17480560775203,28.62437994884095],[77.17449520507539,28.624204472570188],[77.17428517158737,28.623937155506027],[77.17407885750553,28.623850237026442],[77.17346549309167,28.623860078163503],[77.17325732129832,28.62368295885086]]},"properties":{"id":"L00977","strahler":2,"length_m":189.0,"drop_m":1.81,"gradient":0.00955,"area_ha":25.58,"on_drain_share":0.0,"downstream":"L00988"}},{"type":"Feature","geometry":{"type":"LineString","coordinates":[[77.19003746090893,28.62413458551422],[77.19023816802708,28.623950883394638],[77.19044262075226,28.623947578015066],[77.19155024338649,28.623117606971537],[77.191862542724,28.623383241222626],[77.19227332017927,28.623466823771807]]},"properties":{"id":"L00978","strahler":3,"length_m":282.1,"drop_m":7.41,"gradient":0.02627,"area_ha":61.56,"on_drain_share":0.0,"downstream":"L01024"}},{"type":"Feature","geometry":{"type":"LineString","coordinates":[[77.23314574613215,28.621987251346546],[77.23293748446862,28.621810229058198],[77.23253623495155,28.622177751073593],[77.23264227486628,28.62235645851269],[77.23224102231413,28.622723979798455],[77.23203657774152,28.622727348092358],[77.23183595003465,28.62291110805776],[77.23142896813084,28.62300803916867],[77.23112802387459,28.62328367778967],[77.23113374756475,28.62355426586494]]},"properties":{"id":"L00962","strahler":1,"length_m":330.4,"drop_m":1.25,"gradient":0.00379,"area_ha":10.84,"on_drain_share":0.0,"downstream":"L00930"}},{"type":"Feature","geometry":{"type":"LineString","coordinates":[[77.2864195429142,28.62191071997338],[77.28571965469975,28.622644334442686]]},"properties":{"id":"L00964","strahler":2,"length_m":109.0,"drop_m":0.02,"gradient":0.00015,"area_ha":44.94,"on_drain_share":0.0,"downstream":"L00918"}},{"type":"Feature","geometry":{"type":"LineString","coordinates":[[77.19954073212837,28.623800176777788],[77.19913182971314,28.623806814643842],[77.19871728651414,28.623542857268994],[77.19861318100524,28.623454318204686],[77.19860754072506,28.623183724161578]]},"properties":{"id":"L00980","strahler":1,"length_m":136.6,"drop_m":-2.02,"gradient":0.0,"area_ha":6.45,"on_drain_share":0.0,"downstream":"L01039"}},{"type":"Feature","geometry":{"type":"LineString","coordinates":[[77.20729286406092,28.622862045842773],[77.20750108765418,28.623039109812098],[77.2075124138332,28.623580294653475],[77.20761652646704,28.623668826456914],[77.20792320113594,28.623663828998314],[77.20842488293717,28.623204511281923]]},"properties":{"id":"L00972","strahler":1,"length_m":203.1,"drop_m":1.25,"gradient":0.00617,"area_ha":6.88,"on_drain_share":0.0,"downstream":"L01065"}},{"type":"Feature","geometry":{"type":"LineString","coordinates":[[77.2582167826885,28.62283486934019],[77.25819554222491,28.62184273135686],[77.25798724156648,28.621665749933797],[77.2578753691132,28.621216481505652],[77.25756292111028,28.620951008323516],[77.25755906054715,28.62077061947954],[77.25745491175391,28.620682128221496],[77.2574471911184,28.62032135048704],[77.25734304288392,28.62023285910733],[77.25732760280718,28.619511303513725],[77.25669307479761,28.618529380437824],[77.25575384071182,28.61764275353907]]},"properties":{"id":"L01076","strahler":5,"length_m":675.3,"drop_m":0.0,"gradient":0.0,"area_ha":2015.84,"on_drain_share":0.0,"downstream":"L01084"}},{"type":"Feature","geometry":{"type":"LineString","coordinates":[[77.25371714227938,28.622819568198004],[77.25379430976186,28.62164533744783],[77.25419355131332,28.621187562034905],[77.25417620480297,28.62037581033577]]},"properties":{"id":"L01019","strahler":5,"length_m":290.7,"drop_m":0.0,"gradient":0.0,"area_ha":2673.72,"on_drain_share":0.0,"downstream":"L01075"}},{"type":"Feature","geometry":{"type":"LineString","coordinates":[[77.1777627621614,28.623971530515274],[77.17682968605577,28.623354920972258],[77.17682596311329,28.623174522311615],[77.17619957738331,28.622552980057016]]},"properties":{"id":"L01000","strahler":1,"length_m":233.8,"drop_m":7.68,"gradient":0.03286,"area_ha":6.62,"on_drain_share":0.0,"downstream":"L01012"}},{"type":"Feature","geometry":{"type":"LineString","coordinates":[[77.18613228117823,28.623205137412842],[77.18693512767835,28.622470349316178],[77.18713957798747,28.622467049074285],[77.18724367344372,28.62255559755096],[77.18725302514562,28.623006591096942],[77.18777350744026,28.623449331934513],[77.18787573349005,28.623447681168372],[77.18787947536386,28.62362807849064],[77.18798357261659,28.623716626288203],[77.18839247774241,28.62371002207169]]},"properties":{"id":"L00970","strahler":2,"length_m":352.1,"drop_m":5.67,"gradient":0.0161,"area_ha":25.7,"on_drain_share":0.0,"downstream":"L00957"}},{"type":"Feature","geometry":{"type":"LineString","coordinates":[[77.19217296901775,28.623558676257332],[77.19227332017927,28.623466823771807]]},"properties":{"id":"L00971","strahler":1,"length_m":14.1,"drop_m":0.0,"gradient":0.0,"area_ha":4.39,"on_drain_share":0.0,"downstream":"L01024"}},{"type":"Feature","geometry":{"type":"LineString","coordinates":[[77.21353798477573,28.623211297684225],[77.21424219234287,28.622658422376094],[77.21444853283788,28.622745277986088],[77.21485742691041,28.622738594140895],[77.21535907256151,28.62227925257825],[77.21535717823885,28.622189055569585]]},"properties":{"id":"L00996","strahler":1,"length_m":239.7,"drop_m":0.14,"gradient":0.00057,"area_ha":7.42,"on_drain_share":0.0,"downstream":null}},{"type":"Feature","geometry":{"type":"LineString","coordinates":[[77.22569687540806,28.622741416071232],[77.22528988718966,28.62283832900707],[77.22508924681219,28.623022079635593],[77.22478257757834,28.623027115828773],[77.22436988097974,28.622853436781025],[77.22406321208578,28.622858471319677],[77.22354829435406,28.622686467678154],[77.22313940289635,28.62269317772837],[77.22209817270883,28.621807981513662]]},"properties":{"id":"L01002","strahler":1,"length_m":420.4,"drop_m":2.09,"gradient":0.00498,"area_ha":10.04,"on_drain_share":0.0,"downstream":"L01035"}},{"type":"Feature","geometry":{"type":"LineString","coordinates":[[77.26020321378581,28.620094950138483],[77.26021094376972,28.620455727197722],[77.26011259052065,28.62063782088699],[77.25930836628982,28.621282819640555],[77.25931416175573,28.621553402556984],[77.25941831292016,28.621641892238284],[77.25933541248071,28.622545539815572]]},"properties":{"id":"L00974","strahler":1,"length_m":321.4,"drop_m":2.52,"gradient":0.00783,"area_ha":8.56,"on_drain_share":0.0,"downstream":"L00966"}},{"type":"Feature","geometry":{"type":"LineString","coordinates":[[77.18172536440959,28.622734799499533],[77.18376987820011,28.62270186151997],[77.18408215788017,28.622967514865348],[77.18510628437414,28.623041230665766],[77.18552266325365,28.62339543050203],[77.18552453217097,28.623485629306536],[77.18573085374037,28.623572529876512],[77.18613228117823,28.623205137412842]]},"properties":{"id":"L00983","strahler":1,"length_m":493.8,"drop_m":8.13,"gradient":0.01646,"area_ha":14.49,"on_drain_share":0.0,"downstream":"L00970"}},{"type":"Feature","geometry":{"type":"LineString","coordinates":[[77.19227332017927,28.623466823771807],[77.19287354832808,28.622825509104857],[77.19286229757301,28.62228431886966],[77.19305737044495,28.621830017870426],[77.19335654087317,28.621464260222886],[77.19335091453597,28.621193665144563]]},"properties":{"id":"L01024","strahler":3,"length_m":295.6,"drop_m":2.06,"gradient":0.00696,"area_ha":68.08,"on_drain_share":0.0,"downstream":"L01078"}},{"type":"Feature","geometry":{"type":"LineString","coordinates":[[77.20842488293717,28.623204511281923],[77.20872588992411,28.62292891986126],[77.20871644648909,28.62247793282316],[77.20951723167879,28.621652822291956],[77.20950967460783,28.621292032789192],[77.20930145151677,28.621114971862315],[77.20928822831948,28.62048359007647],[77.20938856093635,28.62039172584522],[77.20938478280098,28.62021133104722],[77.20928067239767,28.620122800455622],[77.20927689448882,28.61994240563731],[77.20896267624735,28.6195866158393],[77.20894945591445,28.618955233766535]]},"properties":{"id":"L01065","strahler":3,"length_m":544.6,"drop_m":2.76,"gradient":0.00508,"area_ha":237.55,"on_drain_share":0.0,"downstream":"L01108"}},{"type":"Feature","geometry":{"type":"LineString","coordinates":[[77.28855437081553,28.621333322443043],[77.28845802405975,28.62160562644581],[77.28815528534703,28.621791190751427],[77.2876441981292,28.621799821479446],[77.2875439366423,28.62189173992249],[77.28733950149986,28.621895191533696],[77.28702698210319,28.621629790687514],[77.28672033002624,28.621634966776217],[77.2864195429142,28.62191071997338]]},"properties":{"id":"L00982","strahler":1,"length_m":271.4,"drop_m":-0.28,"gradient":0.0,"area_ha":9.06,"on_drain_share":0.0,"downstream":"L00964"}},{"type":"Feature","geometry":{"type":"LineString","coordinates":[[77.17325732129832,28.62368295885086],[77.17263281010632,28.623151598739934]]},"properties":{"id":"L00988","strahler":2,"length_m":84.9,"drop_m":-0.64,"gradient":0.0,"area_ha":33.71,"on_drain_share":0.0,"downstream":"L01006"}},{"type":"Feature","geometry":{"type":"LineString","coordinates":[[77.21266153975444,28.620428543893926],[77.21266910732935,28.620789332673276],[77.21257066922594,28.620971396390427],[77.21361560145378,28.622037065080185],[77.21382194024754,28.62212392174786],[77.21433305502414,28.622115569276755],[77.21473437161369,28.621748097711325],[77.21503914521533,28.62165288742015],[77.21523980173065,28.62146915082746],[77.21565058515431,28.621552661867526],[77.21585881913552,28.621729712385022],[77.21667659848988,28.6217163353868],[77.21823648817325,28.62295399588392],[77.21853936437476,28.62276858090113],[77.218849828867,28.62294395244772],[77.21895015483985,28.62285208149219],[77.21894635997481,28.62267168792827],[77.21954831120581,28.62212046087156],[77.21954451543344,28.621940067361447],[77.2190239162159,28.6214974554817],[77.21901632669474,28.621136668294564],[77.21941572481795,28.620678987124755],[77.21941192949903,28.620498593560033]]},"properties":{"id":"L01026","strahler":1,"length_m":1192.0,"drop_m":-1.79,"gradient":0.0,"area_ha":21.57,"on_drain_share":0.0,"downstream":"L01051"}},{"type":"Feature","geometry":{"type":"LineString","coordinates":[[77.2862801829811,28.62019878523907],[77.28597939846989,28.620474537344585],[77.28598330756022,28.620654922632607],[77.2861916499693,28.620831858459958],[77.28620728822884,28.621553399435104],[77.28641563287472,28.621730334773822],[77.2864195429142,28.62191071997338]]},"properties":{"id":"L00981","strahler":2,"length_m":219.0,"drop_m":-0.98,"gradient":0.0,"area_ha":34.7,"on_drain_share":0.0,"downstream":"L00964"}},{"type":"Feature","geometry":{"type":"LineString","coordinates":[[77.19860754072506,28.623183724161578],[77.19881011056432,28.62309020823454],[77.19880446986433,28.622819614212755],[77.19870036504388,28.622731075171657],[77.19879694905195,28.622458822165306],[77.20012586472056,28.62243724880474],[77.20033407616147,28.622614324511986],[77.20094742230522,28.622604362188905],[77.20134879009423,28.62223692766067],[77.2014472491815,28.62205487100548],[77.20141901386248,28.620701902973625],[77.20131302701425,28.620523168036065],[77.2015137068756,28.620339450561534]]},"properties":{"id":"L01039","strahler":2,"length_m":603.8,"drop_m":0.9,"gradient":0.00149,"area_ha":60.48,"on_drain_share":0.0,"downstream":"L01066"}},{"type":"Feature","geometry":{"type":"LineString","coordinates":[[77.17263838377556,28.62342219748489],[77.17273875284573,28.62333035856031],[77.17263281010632,28.623151598739934]]},"properties":{"id":"L00987","strahler":1,"length_m":38.3,"drop_m":0.13,"gradient":0.0034,"area_ha":4.5,"on_drain_share":0.0,"downstream":"L01006"}},{"type":"Feature","geometry":{"type":"LineString","coordinates":[[77.23979012513072,28.621877572359168],[77.23999839768975,28.622054583457352],[77.24030506090983,28.62204951299709],[77.24061747176266,28.622315028212945]]},"properties":{"id":"L00985","strahler":2,"length_m":100.7,"drop_m":1.78,"gradient":0.01763,"area_ha":27.28,"on_drain_share":0.0,"downstream":"L00931"}},{"type":"Feature","geometry":{"type":"LineString","coordinates":[[77.2407720989284,28.61996656508953],[77.24068520640019,28.62068981937669],[77.2404845983101,28.620873591153693],[77.24050567142308,28.62186574137338],[77.24060980816435,28.621954246384895],[77.24061747176266,28.622315028212945]]},"properties":{"id":"L00986","strahler":3,"length_m":276.6,"drop_m":3.29,"gradient":0.01189,"area_ha":47.86,"on_drain_share":0.0,"downstream":"L00931"}},{"type":"Feature","geometry":{"type":"LineString","coordinates":[[77.17263281010632,28.623151598739934],[77.17159197207945,28.622265991312126]]},"properties":{"id":"L01006","strahler":2,"length_m":141.4,"drop_m":1.4,"gradient":0.0099,"area_ha":39.35,"on_drain_share":0.0,"downstream":"L01008"}},{"type":"Feature","geometry":{"type":"LineString","coordinates":[[77.27464889290553,28.621387043287584],[77.2748552739806,28.621473804204115],[77.27536636418296,28.621465221784167]]},"properties":{"id":"L00990","strahler":3,"length_m":74.1,"drop_m":-2.54,"gradient":0.0,"area_ha":80.26,"on_drain_share":0.0,"downstream":"L00994"}},{"type":"Feature","geometry":{"type":"LineString","coordinates":[[77.27536636418296,28.621465221784167],[77.27566718081272,28.621189491559452]]},"properties":{"id":"L00994","strahler":3,"length_m":42.4,"drop_m":1.73,"gradient":0.04079,"area_ha":129.25,"on_drain_share":0.0,"downstream":"L01003"}},{"type":"Feature","geometry":{"type":"LineString","coordinates":[[77.26657364357393,28.621522377413648],[77.26708473695292,28.621513826205195],[77.26899002889901,28.61976763356864]]},"properties":{"id":"L01025","strahler":1,"length_m":318.7,"drop_m":1.14,"gradient":0.00357,"area_ha":4.63,"on_drain_share":0.0,"downstream":"L01029"}},{"type":"Feature","geometry":{"type":"LineString","coordinates":[[77.27403558478393,28.6213973386888],[77.27464889290553,28.621387043287584]]},"properties":{"id":"L00991","strahler":1,"length_m":60.0,"drop_m":-0.34,"gradient":0.0,"area_ha":11.55,"on_drain_share":0.0,"downstream":"L00990"}},{"type":"Feature","geometry":{"type":"LineString","coordinates":[[77.23876791539385,28.62189446722296],[77.23907074929534,28.621709008458783],[77.23927519091141,28.62170562966519],[77.23948346230203,28.621882641626737],[77.23979012513072,28.621877572359168]]},"properties":{"id":"L00992","strahler":1,"length_m":116.6,"drop_m":-0.01,"gradient":0.0,"area_ha":5.8,"on_drain_share":0.0,"downstream":"L00985"}},{"type":"Feature","geometry":{"type":"LineString","coordinates":[[77.26299211374113,28.621401793832018],[77.26483205133036,28.62137104920546],[77.26543955208086,28.621090213677878],[77.2664617352346,28.621073118123412],[77.266878361334,28.62142705308747],[77.26698057991366,28.62142534277517],[77.26878559522682,28.61977105696613],[77.26899002889901,28.61976763356864]]},"properties":{"id":"L01028","strahler":1,"length_m":693.6,"drop_m":5.08,"gradient":0.00733,"area_ha":10.38,"on_drain_share":0.0,"downstream":"L01029"}},{"type":"Feature","geometry":{"type":"LineString","coordinates":[[77.27094185520674,28.620186063925107],[77.27104601405017,28.62027454420406],[77.27176153403651,28.620262548842398],[77.27217428785738,28.620436079687416],[77.27268537398787,28.62042750765894],[77.27289369508783,28.620604465244963],[77.27360921639155,28.62059246000459],[77.27464889290553,28.621387043287584]]},"properties":{"id":"L00993","strahler":3,"length_m":418.0,"drop_m":-0.22,"gradient":0.0,"area_ha":65.15,"on_drain_share":0.0,"downstream":"L00990"}},{"type":"Feature","geometry":{"type":"LineString","coordinates":[[77.18944956710045,28.620444705110003],[77.19027858764188,28.620972679301712],[77.19089192838858,28.62096276299623],[77.19130831676554,28.621316944529866],[77.19133080174569,28.622399326235634],[77.19153899928135,28.622576416279262],[77.19194789901495,28.622569801577317],[77.19325244175303,28.62137571665366],[77.19335091453597,28.621193665144563]]},"properties":{"id":"L01023","strahler":2,"length_m":617.7,"drop_m":4.44,"gradient":0.00719,"area_ha":29.84,"on_drain_share":0.0,"downstream":"L01078"}},{"type":"Feature","geometry":{"type":"LineString","coordinates":[[77.23535830154376,28.620236445553488],[77.23597353107334,28.62031652128898],[77.23628401420906,28.620491851709595],[77.23740843184052,28.62047328836912],[77.23761861094398,28.62074049920331],[77.23853859041193,28.62072530253089],[77.23979012513072,28.621877572359168]]},"properties":{"id":"L00997","strahler":2,"length_m":520.4,"drop_m":6.54,"gradient":0.01256,"area_ha":20.82,"on_drain_share":0.0,"downstream":"L00985"}},{"type":"Feature","geometry":{"type":"LineString","coordinates":[[77.27566718081272,28.621189491559452],[77.27596799587258,28.620913760745115]]},"properties":{"id":"L01003","strahler":3,"length_m":42.4,"drop_m":0.63,"gradient":0.01476,"area_ha":149.2,"on_drain_share":0.0,"downstream":"L01081"}},{"type":"Feature","geometry":{"type":"LineString","coordinates":[[77.24361312693622,28.618927052283507],[77.24351282725294,28.619018940159997],[77.24353009077598,28.61983069797816],[77.24363422775708,28.619919200658547],[77.24364190104724,28.62027998184628],[77.24344513553842,28.620644148289113],[77.24386360624257,28.621088353794278],[77.24386744344805,28.621268744331257],[77.24356653833537,28.621544408576842],[77.24357037510565,28.621724799138477]]},"properties":{"id":"L00998","strahler":5,"length_m":355.6,"drop_m":-0.33,"gradient":0.0,"area_ha":2092.29,"on_drain_share":0.0,"downstream":"L00940"}},{"type":"Feature","geometry":{"type":"LineString","coordinates":[[77.25043501977916,28.612768717596126],[77.24981982843184,28.61268870563667],[77.24741285869683,28.614894093540087],[77.24721803632217,28.615348459579295],[77.24691715629105,28.615624130059505],[77.24692483943488,28.615984910662032],[77.2467242512485,28.616168690693865],[77.24683030764429,28.61634738616381],[77.24662971863881,28.616531166094298],[77.2466374010892,28.616891946719853],[77.24624006038238,28.617439896217626],[77.24625350293906,28.618071262382994],[77.24585615615142,28.61861921102611],[77.2458638366228,28.618979991732395],[77.2457635389738,28.61907188116869],[77.24576737910564,28.61925227152391],[77.24546840448565,28.619618134659316],[77.24547608394971,28.619978915408574],[77.24537770486387,28.62016099980612],[77.24457530679285,28.620896111149786],[77.24426864782266,28.62090119108411],[77.24397158220093,28.62135724663974],[77.24357037510565,28.621724799138477]]},"properties":{"id":"L00999","strahler":1,"length_m":1341.0,"drop_m":-0.29,"gradient":0.0,"area_ha":25.55,"on_drain_share":0.0,"downstream":"L00940"}},{"type":"Feature","geometry":{"type":"LineString","coordinates":[[77.17619957738331,28.622552980057016],[77.17527954325529,28.62256775450745],[77.17496914541105,28.622392279033654],[77.17496728560002,28.622302079579452],[77.17476283394976,28.622305361444848],[77.17455466336683,28.622128244040955],[77.1738390834237,28.62213972698044],[77.17332052112988,28.62178712853825]]},"properties":{"id":"L01012","strahler":2,"length_m":323.1,"drop_m":2.98,"gradient":0.00922,"area_ha":17.82,"on_drain_share":0.0,"downstream":"L01007"}},{"type":"Feature","geometry":{"type":"LineString","coordinates":[[77.17762515394207,28.622259387298897],[77.17650253300702,28.622367655133093],[77.17619957738331,28.622552980057016]]},"properties":{"id":"L01004","strahler":1,"length_m":152.4,"drop_m":8.62,"gradient":0.05657,"area_ha":5.23,"on_drain_share":0.0,"downstream":"L01012"}},{"type":"Feature","geometry":{"type":"LineString","coordinates":[[77.22209817270883,28.621807981513662],[77.22084871951287,28.62074573406958],[77.22084302285789,28.620475143986614],[77.22053066434772,28.620209580014592]]},"properties":{"id":"L01035","strahler":2,"length_m":242.1,"drop_m":-0.81,"gradient":0.0,"area_ha":26.46,"on_drain_share":0.0,"downstream":"L01046"}},{"type":"Feature","geometry":{"type":"LineString","coordinates":[[77.27368227376313,28.619237843278082],[77.27545107185462,28.62065176537162],[77.27596799587258,28.620913760745115]]},"properties":{"id":"L01005","strahler":1,"length_m":298.7,"drop_m":0.31,"gradient":0.00104,"area_ha":9.8,"on_drain_share":0.0,"downstream":"L01081"}},{"type":"Feature","geometry":{"type":"LineString","coordinates":[[77.27596799587258,28.620913760745115],[77.27697070140101,28.619994653772643],[77.2774642589349,28.61917432504521],[77.2780639191494,28.618532662705604],[77.27826055801701,28.618168452813265],[77.27825276707377,28.61780768015401],[77.27741752980351,28.617009687891994]]},"properties":{"id":"L01081","strahler":3,"length_m":558.4,"drop_m":-0.71,"gradient":0.0,"area_ha":173.52,"on_drain_share":0.0,"downstream":"L01105"}},{"type":"Feature","geometry":{"type":"LineString","coordinates":[[77.25203539170097,28.62068209107934],[77.25233819680003,28.62049660410947],[77.2528589214792,28.62093908043632],[77.25286084775307,28.621029275149272],[77.25306721257195,28.621116070330245],[77.25356867437957,28.62065659680664],[77.25387533067632,28.62065149587344],[77.25407591360187,28.620467705580626]]},"properties":{"id":"L01015","strahler":1,"length_m":272.1,"drop_m":6.53,"gradient":0.024,"area_ha":7.81,"on_drain_share":0.0,"downstream":"L01018"}},{"type":"Feature","geometry":{"type":"LineString","coordinates":[[77.19806446264532,28.621658650627026],[77.19837677276372,28.62192426924537],[77.19899011570507,28.62191431599738],[77.19929114538748,28.62163874435356],[77.19959781587865,28.62163376605268],[77.1999991851954,28.62126633542118],[77.19999166078313,28.62090554358116],[77.20069404816991,28.620262537573637],[77.20130738049751,28.620252574367754],[77.2015137068756,28.620339450561534]]},"properties":{"id":"L01042","strahler":1,"length_m":454.6,"drop_m":-0.66,"gradient":0.0,"area_ha":12.48,"on_drain_share":0.0,"downstream":"L01066"}},{"type":"Feature","geometry":{"type":"LineString","coordinates":[[77.17036525933243,28.62228564731588],[77.1700530141608,28.62201996033022],[77.17004930300808,28.621839560821048]]},"properties":{"id":"L01017","strahler":1,"length_m":62.4,"drop_m":0.37,"gradient":0.00592,"area_ha":4.8,"on_drain_share":0.0,"downstream":null}},{"type":"Feature","geometry":{"type":"LineString","coordinates":[[77.17159197207945,28.622265991312126],[77.171383806568,28.622088868740196]]},"properties":{"id":"L01008","strahler":3,"length_m":28.3,"drop_m":-0.3,"gradient":0.0,"area_ha":65.94,"on_drain_share":0.0,"downstream":"L01055"}},{"type":"Feature","geometry":{"type":"LineString","coordinates":[[77.17332052112988,28.62178712853825],[77.17311607025326,28.621790407866104],[77.17271459981052,28.622157763975974],[77.17159197207945,28.622265991312126]]},"properties":{"id":"L01007","strahler":2,"length_m":190.7,"drop_m":0.89,"gradient":0.00469,"area_ha":25.98,"on_drain_share":0.0,"downstream":"L01008"}},{"type":"Feature","geometry":{"type":"LineString","coordinates":[[77.22331723292724,28.62142707153976],[77.22290644557656,28.621343584066445],[77.22238773651249,28.620991182289757],[77.22218329392379,28.620994535537477],[77.2215585688962,28.62046341354094],[77.22125190636069,28.620468441336758],[77.22114778636886,28.620379920436484],[77.2209433447919,28.62038327174893],[77.22073510564557,28.620206229343058],[77.22053066434772,28.620209580014592]]},"properties":{"id":"L01036","strahler":1,"length_m":328.0,"drop_m":0.3,"gradient":0.00091,"area_ha":9.21,"on_drain_share":0.0,"downstream":"L01046"}},{"type":"Feature","geometry":{"type":"LineString","coordinates":[[77.22952604840243,28.620061859132438],[77.2300466813244,28.620504428669747],[77.23015652897845,28.620863530667823],[77.2295508305191,28.62123440921216],[77.2291419463592,28.62124113705801],[77.22872925072518,28.621067471266226],[77.22832036698293,28.621074196598162],[77.22706896024101,28.619921813134223],[77.22712928908301,28.617935813667795],[77.22732610825632,28.61757166795061],[77.22731849159388,28.617210882592193],[77.22751911751168,28.61702712934254],[77.22751340463594,28.616756540339562],[77.22740928361647,28.616668024297322]]},"properties":{"id":"L01095","strahler":2,"length_m":884.3,"drop_m":3.89,"gradient":0.0044,"area_ha":28.46,"on_drain_share":0.0,"downstream":"L01161"}},{"type":"Feature","geometry":{"type":"LineString","coordinates":[[77.171383806568,28.622088868740196],[77.17096747763897,28.621734622509994],[77.17095448343643,28.621103224561825],[77.1706422405829,28.620837538782975],[77.17063481666112,28.620476739837635],[77.17043036795808,28.620480014978117],[77.17001590416811,28.620215965002444]]},"properties":{"id":"L01055","strahler":3,"length_m":281.4,"drop_m":2.74,"gradient":0.00975,"area_ha":76.98,"on_drain_share":0.0,"downstream":null}},{"type":"Feature","geometry":{"type":"LineString","coordinates":[[77.17278709940797,28.620712931093028],[77.17279453076017,28.62107372950978],[77.17239306168673,28.621441084615387],[77.171383806568,28.622088868740196]]},"properties":{"id":"L01009","strahler":1,"length_m":225.6,"drop_m":1.15,"gradient":0.00508,"area_ha":7.86,"on_drain_share":0.0,"downstream":"L01055"}},{"type":"Feature","geometry":{"type":"LineString","coordinates":[[77.28524043767682,28.619404295454622],[77.28555294586936,28.619669701135855],[77.28585959248672,28.6196645280117],[77.28617210295303,28.61992993212194],[77.2862801829811,28.62019878523907]]},"properties":{"id":"L01010","strahler":1,"length_m":149.0,"drop_m":6.43,"gradient":0.04315,"area_ha":5.05,"on_drain_share":0.0,"downstream":"L00981"}},{"type":"Feature","geometry":{"type":"LineString","coordinates":[[77.28745788186332,28.617923267421155],[77.2873576236438,28.61801518557406],[77.28705098213953,28.618020361815034],[77.28675607066424,28.61856669311728],[77.28675998077271,28.618747078358037],[77.28707249046553,28.61901248044888],[77.28708031194446,28.61937325082148],[77.28718448257564,28.619461717971785],[77.2862801829811,28.62019878523907]]},"properties":{"id":"L01011","strahler":2,"length_m":356.3,"drop_m":1.15,"gradient":0.00323,"area_ha":27.66,"on_drain_share":0.0,"downstream":"L00981"}},{"type":"Feature","geometry":{"type":"LineString","coordinates":[[77.24793701799325,28.62029901599735],[77.24814530002455,28.620476014011796],[77.2482532859202,28.620744902889772]]},"properties":{"id":"L01013","strahler":1,"length_m":62.4,"drop_m":-1.35,"gradient":0.0,"area_ha":6.23,"on_drain_share":0.0,"downstream":"L00903"}},{"type":"Feature","geometry":{"type":"LineString","coordinates":[[77.24985416719552,28.619094245526124],[77.24925240021837,28.619645597754587],[77.24915595114096,28.619917879479996],[77.2482532859202,28.620744902889772]]},"properties":{"id":"L01014","strahler":2,"length_m":246.3,"drop_m":-0.04,"gradient":0.0,"area_ha":27.41,"on_drain_share":0.0,"downstream":"L00903"}},{"type":"Feature","geometry":{"type":"LineString","coordinates":[[77.23352980469913,28.62080796451872],[77.23434565663815,28.620704285448046],[77.23474689422223,28.620336758658798],[77.23494942287202,28.620243190702382],[77.23535830154376,28.620236445553488]]},"properties":{"id":"L01030","strahler":1,"length_m":204.9,"drop_m":-2.66,"gradient":0.0,"area_ha":7.24,"on_drain_share":0.0,"downstream":"L00997"}},{"type":"Feature","geometry":{"type":"LineString","coordinates":[[77.25407591360187,28.620467705580626],[77.25417620480297,28.62037581033577]]},"properties":{"id":"L01018","strahler":2,"length_m":14.1,"drop_m":0.0,"gradient":0.0,"area_ha":27.39,"on_drain_share":0.0,"downstream":"L01075"}},{"type":"Feature","geometry":{"type":"LineString","coordinates":[[77.26939889613642,28.619760785849884],[77.26960721068757,28.619937748894667],[77.27001607840873,28.619930899277314],[77.27043076962606,28.620194629314273],[77.27094185520674,28.620186063925107]]},"properties":{"id":"L01020","strahler":3,"length_m":170.7,"drop_m":-0.15,"gradient":0.0,"area_ha":55.28,"on_drain_share":0.0,"downstream":"L00993"}},{"type":"Feature","geometry":{"type":"LineString","coordinates":[[77.17362162155516,28.621511610336448],[77.17332052112988,28.62178712853825]]},"properties":{"id":"L01021","strahler":1,"length_m":42.4,"drop_m":0.2,"gradient":0.00463,"area_ha":5.04,"on_drain_share":0.0,"downstream":"L01007"}},{"type":"Feature","geometry":{"type":"LineString","coordinates":[[77.25417620480297,28.62037581033577],[77.25427456840553,28.62019372039046],[77.25527746829502,28.619274763726146],[77.25526011482421,28.618463012405048],[77.25576155470218,28.61800353183791],[77.25575384071182,28.61764275353907]]},"properties":{"id":"L01075","strahler":5,"length_m":366.3,"drop_m":1.82,"gradient":0.00497,"area_ha":2709.42,"on_drain_share":0.0,"downstream":"L01084"}},{"type":"Feature","geometry":{"type":"LineString","coordinates":[[77.2695936273929,28.61930639309036],[77.27021857119514,28.619837280362663],[77.27073353804315,28.620009103093995],[77.27094185520674,28.620186063925107]]},"properties":{"id":"L01022","strahler":1,"length_m":171.4,"drop_m":-0.34,"gradient":0.0,"area_ha":4.33,"on_drain_share":0.0,"downstream":"L00993"}},{"type":"Feature","geometry":{"type":"LineString","coordinates":[[77.19335091453597,28.621193665144563],[77.19385265262608,28.620734398437445],[77.19425779225571,28.620547380516975],[77.19446223783609,28.620544069433212],[77.19498273558507,28.62098678171947],[77.19518718191709,28.620983469496025],[77.19518342796273,28.6208030729874],[77.19538411964253,28.620619363991455],[77.19537848830402,28.62034876924781],[77.19516653559496,28.61999128863355],[77.19546757073054,28.619715725171833],[77.19545818520452,28.619264733891026],[77.19514213674124,28.61881871104567],[77.19513462969479,28.618457917897047]]},"properties":{"id":"L01078","strahler":3,"length_m":551.1,"drop_m":2.22,"gradient":0.00403,"area_ha":105.68,"on_drain_share":0.0,"downstream":"L01097"}},{"type":"Feature","geometry":{"type":"LineString","coordinates":[[77.26899002889901,28.61976763356864],[77.26939889613642,28.619760785849884]]},"properties":{"id":"L01029","strahler":2,"length_m":40.0,"drop_m":-0.23,"gradient":0.0,"area_ha":15.43,"on_drain_share":0.0,"downstream":"L01020"}},{"type":"Feature","geometry":{"type":"LineString","coordinates":[[77.21941192949903,28.620498593560033],[77.21889133834974,28.62005598065973],[77.21887995548042,28.619514799707353]]},"properties":{"id":"L01051","strahler":5,"length_m":130.7,"drop_m":2.93,"gradient":0.0224,"area_ha":632.98,"on_drain_share":0.0,"downstream":"L01056"}},{"type":"Feature","geometry":{"type":"LineString","coordinates":[[77.26734486580806,28.619344042986913],[77.2683670306994,28.61932693401638],[77.26878365544493,28.61968086323009],[77.26898808894269,28.619677439845358]]},"properties":{"id":"L01031","strahler":1,"length_m":176.6,"drop_m":1.18,"gradient":0.00667,"area_ha":11.87,"on_drain_share":0.0,"downstream":"L01032"}},{"type":"Feature","geometry":{"type":"LineString","coordinates":[[77.26898808894269,28.619677439845358],[77.2692947391225,28.619672304190896],[77.26939889613642,28.619760785849884]]},"properties":{"id":"L01032","strahler":2,"length_m":44.1,"drop_m":-0.35,"gradient":0.0,"area_ha":31.51,"on_drain_share":0.0,"downstream":"L01020"}},{"type":"Feature","geometry":{"type":"LineString","coordinates":[[77.23525417072291,28.620147936142388],[77.23535830154376,28.620236445553488]]},"properties":{"id":"L01033","strahler":1,"length_m":14.1,"drop_m":0.0,"gradient":0.0,"area_ha":5.05,"on_drain_share":0.0,"downstream":"L00997"}},{"type":"Feature","geometry":{"type":"LineString","coordinates":[[77.26107677756727,28.61791493908276],[77.26108257675727,28.618185521802662],[77.2613950243378,28.61845098692513],[77.26262355119654,28.618520703792857],[77.26332551847699,28.61787739487295],[77.2635299492555,28.617873979915526],[77.2642319066446,28.617230666794],[77.26443633604222,28.617227250540115],[77.26473910783552,28.61704173753495],[77.26494547308359,28.617128514548227],[77.26586540374747,28.61711313418899],[77.26898808894269,28.619677439845358]]},"properties":{"id":"L01034","strahler":1,"length_m":1007.1,"drop_m":7.99,"gradient":0.00793,"area_ha":18.91,"on_drain_share":0.0,"downstream":"L01032"}},{"type":"Feature","geometry":{"type":"LineString","coordinates":[[77.22053066434772,28.620209580014592],[77.21990785005028,28.619768646382806]]},"properties":{"id":"L01046","strahler":2,"length_m":80.7,"drop_m":0.23,"gradient":0.00286,"area_ha":35.9,"on_drain_share":0.0,"downstream":"L01057"}},{"type":"Feature","geometry":{"type":"LineString","coordinates":[[77.23910213465561,28.618370082783084],[77.2407720989284,28.61996656508953]]},"properties":{"id":"L01037","strahler":2,"length_m":252.1,"drop_m":1.12,"gradient":0.00444,"area_ha":18.69,"on_drain_share":0.0,"downstream":"L00986"}},{"type":"Feature","geometry":{"type":"LineString","coordinates":[[77.23999336710898,28.61700194388382],[77.24009749835169,28.617090449639736],[77.24010324356503,28.61736103630189],[77.24031150714976,28.617538047495348],[77.24034598354912,28.619161566944978],[77.2404501173313,28.619250072268276],[77.24045394841036,28.61943046327664],[77.24076635137963,28.61969597865542],[77.2407720989284,28.61996656508953]]},"properties":{"id":"L01038","strahler":2,"length_m":359.0,"drop_m":-1.95,"gradient":0.0,"area_ha":22.96,"on_drain_share":0.0,"downstream":"L00986"}},{"type":"Feature","geometry":{"type":"LineString","coordinates":[[77.2294162038895,28.619702756418153],[77.22931779645478,28.619884830681617],[77.22952604840243,28.620061859132438]]},"properties":{"id":"L01040","strahler":1,"length_m":52.4,"drop_m":-0.0,"gradient":0.0,"area_ha":5.38,"on_drain_share":0.0,"downstream":"L01095"}},{"type":"Feature","geometry":{"type":"LineString","coordinates":[[77.22982508201306,28.6196960280746],[77.22952604840243,28.620061859132438]]},"properties":{"id":"L01041","strahler":1,"length_m":52.4,"drop_m":1.56,"gradient":0.0297,"area_ha":4.55,"on_drain_share":0.0,"downstream":"L01095"}},{"type":"Feature","geometry":{"type":"LineString","coordinates":[[77.2015137068756,28.620339450561534],[77.20161404654458,28.620247591725374],[77.20212515645007,28.620239285781494],[77.2022254954652,28.62014742652537],[77.20283882649106,28.62013745642705],[77.20324017850588,28.61977001704405],[77.20374940133331,28.619671507345384],[77.20405041183872,28.619395926068627],[77.20507262150585,28.619379294334934],[77.20567651783796,28.61891832339829],[77.20608728565198,28.619001864443234]]},"properties":{"id":"L01066","strahler":2,"length_m":516.3,"drop_m":4.47,"gradient":0.00866,"area_ha":86.42,"on_drain_share":0.0,"downstream":"L01064"}},{"type":"Feature","geometry":{"type":"LineString","coordinates":[[77.21735802802895,28.620081082214515],[77.21756246951831,28.62007773634144],[77.21766279412995,28.619985866392483],[77.21837833839675,28.619974152916168],[77.21887995548042,28.619514799707353]]},"properties":{"id":"L01050","strahler":1,"length_m":174.9,"drop_m":1.54,"gradient":0.00882,"area_ha":6.18,"on_drain_share":0.0,"downstream":"L01056"}},{"type":"Feature","geometry":{"type":"LineString","coordinates":[[77.18730288159546,28.620479376638485],[77.18944956710045,28.620444705110003]]},"properties":{"id":"L01043","strahler":1,"length_m":210.0,"drop_m":9.71,"gradient":0.04624,"area_ha":5.42,"on_drain_share":0.0,"downstream":"L01023"}},{"type":"Feature","geometry":{"type":"LineString","coordinates":[[77.18869657881038,28.618652292788237],[77.18921704400331,28.619095029180933],[77.18901821523683,28.61936892815066],[77.18902383004044,28.61963952408787],[77.1891279240201,28.619728071216063],[77.18913166745715,28.61990846848604],[77.18933985632317,28.620085562440696],[77.18934547211825,28.620356158291013],[77.18944956710045,28.620444705110003]]},"properties":{"id":"L01044","strahler":1,"length_m":245.6,"drop_m":-0.57,"gradient":0.0,"area_ha":7.02,"on_drain_share":0.0,"downstream":"L01023"}},{"type":"Feature","geometry":{"type":"LineString","coordinates":[[77.19004979738368,28.619803402697176],[77.18944956710045,28.620444705110003]]},"properties":{"id":"L01045","strahler":1,"length_m":94.9,"drop_m":-0.85,"gradient":0.0,"area_ha":5.36,"on_drain_share":0.0,"downstream":"L01023"}},{"type":"Feature","geometry":{"type":"LineString","coordinates":[[77.20608728565198,28.619001864443234],[77.20743879924977,28.62006259233828],[77.20774546347646,28.62005759585545],[77.20894945591445,28.618955233766535]]},"properties":{"id":"L01064","strahler":3,"length_m":379.4,"drop_m":1.9,"gradient":0.00501,"area_ha":115.56,"on_drain_share":0.0,"downstream":"L01108"}},{"type":"Feature","geometry":{"type":"LineString","coordinates":[[77.21990785005028,28.619768646382806],[77.21949896888512,28.619775344829357],[77.21908060109277,28.619331057963006]]},"properties":{"id":"L01057","strahler":2,"length_m":106.6,"drop_m":-0.18,"gradient":0.0,"area_ha":48.94,"on_drain_share":0.0,"downstream":"L01088"}},{"type":"Feature","geometry":{"type":"LineString","coordinates":[[77.22396242833106,28.61807805671572],[77.2236500700052,28.617812499894622],[77.22324119745784,28.61781920921069],[77.22263928966477,28.618370450583893],[77.22173071763585,28.618926718220226],[77.2212291163391,28.61938608118611],[77.2210246766985,28.61938943251517],[77.22072371325147,28.619665049080425],[77.21990785005028,28.619768646382806]]},"properties":{"id":"L01047","strahler":1,"length_m":499.4,"drop_m":0.09,"gradient":0.00019,"area_ha":12.08,"on_drain_share":0.0,"downstream":"L01057"}},{"type":"Feature","geometry":{"type":"LineString","coordinates":[[77.28113621543356,28.61875165048887],[77.28103205028376,28.61866317834847],[77.28052097566821,28.618671781362526],[77.28041681108402,28.618583308714058],[77.28000990082874,28.61868038245218]]},"properties":{"id":"L01049","strahler":1,"length_m":122.4,"drop_m":6.25,"gradient":0.05107,"area_ha":6.38,"on_drain_share":0.0,"downstream":"L01082"}},{"type":"Feature","geometry":{"type":"LineString","coordinates":[[77.28000990082874,28.61868038245218],[77.27958934731086,28.618146103488783],[77.279784031102,28.617691698629645],[77.2792632179523,28.61724933113255],[77.27905879061892,28.61725276974691],[77.27885825964246,28.617436594324648],[77.27844940409909,28.617443470065165],[77.2778263839608,28.617002815358425],[77.27741752980351,28.617009687891994]]},"properties":{"id":"L01082","strahler":2,"length_m":414.6,"drop_m":1.65,"gradient":0.00399,"area_ha":30.78,"on_drain_share":0.0,"downstream":"L01105"}},{"type":"Feature","geometry":{"type":"LineString","coordinates":[[77.2501588959262,28.618998958342594],[77.2500586022326,28.619090850751785],[77.24985416719552,28.619094245526124]]},"properties":{"id":"L01052","strahler":1,"length_m":34.1,"drop_m":-0.24,"gradient":0.0,"area_ha":6.27,"on_drain_share":0.0,"downstream":"L01014"}},{"type":"Feature","geometry":{"type":"LineString","coordinates":[[77.28051122715077,28.618220816279614],[77.28000990082874,28.61868038245218]]},"properties":{"id":"L01053","strahler":1,"length_m":70.7,"drop_m":-0.57,"gradient":0.0,"area_ha":4.26,"on_drain_share":0.0,"downstream":"L01082"}},{"type":"Feature","geometry":{"type":"LineString","coordinates":[[77.21887995548042,28.619514799707353],[77.21908060109277,28.619331057963006]]},"properties":{"id":"L01056","strahler":5,"length_m":28.3,"drop_m":-0.3,"gradient":0.0,"area_ha":639.5,"on_drain_share":0.0,"downstream":"L01088"}},{"type":"Feature","geometry":{"type":"LineString","coordinates":[[77.25045592789334,28.618542890934147],[77.24985416719552,28.619094245526124]]},"properties":{"id":"L01054","strahler":2,"length_m":84.9,"drop_m":0.22,"gradient":0.00264,"area_ha":17.18,"on_drain_share":0.0,"downstream":"L01014"}},{"type":"Feature","geometry":{"type":"LineString","coordinates":[[77.17962493490242,28.620061731123403],[77.18002637236623,28.619694356156117],[77.18033304116635,28.61968942174439],[77.18043712836499,28.61977797594683],[77.18103927749969,28.619226909784643],[77.18165261189192,28.619217035832325],[77.18175856501634,28.619395788077192],[77.18196301007698,28.61939249596526],[77.18217118659118,28.619569601664093],[77.1825726129018,28.619202219706636],[77.18339039099426,28.619189044581432],[77.18369145659611,28.618913505719366],[77.18430478808075,28.61890361986625],[77.18440514235762,28.618811773021715],[77.1847118076967,28.618806828843162],[77.18470993983638,28.618716629927402],[77.18491438317841,28.61871333343569],[77.18533074334567,28.61906753503609],[77.18533261176367,28.61915773390974]]},"properties":{"id":"L01071","strahler":1,"length_m":697.7,"drop_m":16.68,"gradient":0.0239,"area_ha":17.95,"on_drain_share":0.0,"downstream":"L01106"}},{"type":"Feature","geometry":{"type":"LineString","coordinates":[[77.23789082943239,28.619111912573292],[77.23809335268027,28.619018340184876],[77.23808569875706,28.618657557557395],[77.23838852507676,28.618472100688226],[77.23889961361517,28.61846365656938],[77.23910213465561,28.618370082783084]]},"properties":{"id":"L01069","strahler":1,"length_m":176.6,"drop_m":1.63,"gradient":0.00923,"area_ha":7.51,"on_drain_share":0.0,"downstream":"L01037"}},{"type":"Feature","geometry":{"type":"LineString","coordinates":[[77.21908060109277,28.619331057963006],[77.21947809506207,28.61878318008212],[77.21874738398796,28.618073324108092],[77.21863947489567,28.61780440727526],[77.21822491173704,28.61754051079622]]},"properties":{"id":"L01088","strahler":5,"length_m":272.1,"drop_m":2.76,"gradient":0.01015,"area_ha":691.0,"on_drain_share":0.0,"downstream":"L01087"}},{"type":"Feature","geometry":{"type":"LineString","coordinates":[[77.24264715072673,28.616777593243462],[77.24265481964379,28.617138374842796],[77.24296722058668,28.617403885296344],[77.24287650905282,28.61794674954408],[77.24360545417483,28.61856627101666],[77.24361312693622,28.618927052283507]]},"properties":{"id":"L01058","strahler":1,"length_m":285.6,"drop_m":0.96,"gradient":0.00338,"area_ha":6.42,"on_drain_share":0.0,"downstream":"L00998"}},{"type":"Feature","geometry":{"type":"LineString","coordinates":[[77.2440992742185,28.617746049560527],[77.24400089449,28.617928133029537],[77.2440085684,28.618288914232387],[77.2437076716256,28.61856457840814],[77.24371342644507,28.61883516434133],[77.24361312693622,28.618927052283507]]},"properties":{"id":"L01059","strahler":5,"length_m":150.7,"drop_m":-1.05,"gradient":0.0,"area_ha":2076.33,"on_drain_share":0.0,"downstream":"L00998"}},{"type":"Feature","geometry":{"type":"LineString","coordinates":[[77.2582185987006,28.618143057575473],[77.25781745574318,28.618510648981584],[77.25730637362818,28.618519164434566],[77.25710387042672,28.61861276455794],[77.25710194072012,28.618522570076912],[77.25626877698076,28.6178146332653],[77.25574419842322,28.61719178063583]]},"properties":{"id":"L01085","strahler":1,"length_m":344.6,"drop_m":5.82,"gradient":0.01688,"area_ha":7.31,"on_drain_share":0.0,"downstream":"L01100"}},{"type":"Feature","geometry":{"type":"LineString","coordinates":[[77.24969424962245,28.616390094268766],[77.24980992778013,28.617019761905503],[77.2496093430906,28.617203546014053],[77.24962088241656,28.617744715781555],[77.25045400387306,28.618452696038673],[77.25045592789334,28.618542890934147]]},"properties":{"id":"L01060","strahler":1,"length_m":285.6,"drop_m":-0.16,"gradient":0.0,"area_ha":12.55,"on_drain_share":0.0,"downstream":"L01054"}},{"type":"Feature","geometry":{"type":"LineString","coordinates":[[77.2505562207325,28.618450998272383],[77.25045592789334,28.618542890934147]]},"properties":{"id":"L01061","strahler":1,"length_m":14.1,"drop_m":0.0,"gradient":0.0,"area_ha":4.03,"on_drain_share":0.0,"downstream":"L01054"}},{"type":"Feature","geometry":{"type":"LineString","coordinates":[[77.2851564318004,28.61552600786577],[77.28744810401176,28.617472304474823],[77.28745788186332,28.617923267421155]]},"properties":{"id":"L01062","strahler":1,"length_m":361.1,"drop_m":2.26,"gradient":0.00627,"area_ha":10.67,"on_drain_share":0.0,"downstream":"L01011"}},{"type":"Feature","geometry":{"type":"LineString","coordinates":[[77.28847610575353,28.617725622530013],[77.2876583977792,28.617739430919045],[77.28745788186332,28.617923267421155]]},"properties":{"id":"L01063","strahler":1,"length_m":108.3,"drop_m":-0.26,"gradient":0.0,"area_ha":5.93,"on_drain_share":0.0,"downstream":"L01011"}},{"type":"Feature","geometry":{"type":"LineString","coordinates":[[77.19513462969479,28.618457917897047],[77.1951308762233,28.618277521314848],[77.19553788124476,28.618180698416197],[77.19605837085638,28.618623407101396],[77.1960602484073,28.618713605332342],[77.1967757944892,28.618702006354475],[77.19687989358088,28.61879054722991],[77.19718655629379,28.61878557483502],[77.19760295534816,28.61913973643214],[77.19790961892649,28.61913476234628],[77.19821252358415,28.618949391376837],[77.19872362837359,28.618941098600807],[77.19882772924608,28.619029637873535],[77.1989280702289,28.618937780951455],[77.19943917471605,28.618929485480706],[77.19973831448893,28.61856371524819],[77.19972891116363,28.618112725185902],[77.19962481054249,28.61802418658678],[77.20072853381514,28.61701375117568],[77.2008307527427,28.617012090979593]]},"properties":{"id":"L01097","strahler":3,"length_m":794.3,"drop_m":4.29,"gradient":0.0054,"area_ha":149.82,"on_drain_share":0.0,"downstream":"L01086"}},{"type":"Feature","geometry":{"type":"LineString","coordinates":[[77.20894945591445,28.618955233766535],[77.20894190162939,28.61859444398174],[77.20883779326648,28.618505912921886],[77.20893812453892,28.618414049081455],[77.20893434748317,28.618233654175903],[77.20983731967168,28.61740687673545],[77.21024430476876,28.617310010547833],[77.21074594756895,28.616850686050967],[77.21074216766854,28.616670291324347],[77.21105260177848,28.616845682598395],[77.211563691954,28.616837341971102],[77.21177001879876,28.616924202480487],[77.21207099974443,28.616648604854248],[77.21206721761126,28.616468210283994],[77.21276949928045,28.615825146919683]]},"properties":{"id":"L01108","strahler":4,"length_m":624.3,"drop_m":3.84,"gradient":0.00616,"area_ha":365.49,"on_drain_share":0.0,"downstream":"L01127"}},{"type":"Feature","geometry":{"type":"LineString","coordinates":[[77.18533448019028,28.619247932782095],[77.18533261176367,28.61915773390974]]},"properties":{"id":"L01067","strahler":1,"length_m":10.0,"drop_m":0.0,"gradient":0.0,"area_ha":5.49,"on_drain_share":0.0,"downstream":"L01106"}},{"type":"Feature","geometry":{"type":"LineString","coordinates":[[77.1933077818602,28.619119102484728],[77.19380951090976,28.618659836335716],[77.19421839484676,28.618653215610266],[77.19453068646261,28.61891884422439],[77.19473325241675,28.618825334592188]]},"properties":{"id":"L01072","strahler":1,"length_m":177.3,"drop_m":0.92,"gradient":0.00521,"area_ha":6.79,"on_drain_share":0.0,"downstream":"L01077"}},{"type":"Feature","geometry":{"type":"LineString","coordinates":[[77.20604956445727,28.61719791183368],[77.2055478984248,28.61765722012514],[77.20567086051047,28.618647730462023],[77.20608728565198,28.619001864443234]]},"properties":{"id":"L01068","strahler":2,"length_m":241.4,"drop_m":-1.36,"gradient":0.0,"area_ha":21.18,"on_drain_share":0.0,"downstream":"L01064"}},{"type":"Feature","geometry":{"type":"LineString","coordinates":[[77.18533261176367,28.61915773390974],[77.18553705587499,28.61915443643267],[77.18563740923805,28.61906258872342],[77.18583624661244,28.618788694259976],[77.18572468135869,28.618339348958635],[77.18622270377553,28.617699711586376],[77.18682854886465,28.617329019445805],[77.18682480976396,28.61714862182904],[77.18732655995727,28.616689378549417],[77.18732282010465,28.616508980975752]]},"properties":{"id":"L01106","strahler":2,"length_m":404.6,"drop_m":5.72,"gradient":0.01415,"area_ha":29.56,"on_drain_share":0.0,"downstream":"L01111"}},{"type":"Feature","geometry":{"type":"LineString","coordinates":[[77.21426111068865,28.618688079556268],[77.21384276846277,28.61824377498562],[77.21383709035878,28.617973183516558],[77.21373297880173,28.61788465640529]]},"properties":{"id":"L01083","strahler":1,"length_m":110.7,"drop_m":2.85,"gradient":0.02578,"area_ha":5.34,"on_drain_share":0.0,"downstream":"L01109"}},{"type":"Feature","geometry":{"type":"LineString","coordinates":[[77.23591235829616,28.617430256043246],[77.23651418746812,28.616878959750377],[77.2367205322448,28.616965781098504],[77.23723161407354,28.616957343672823],[77.23775226096538,28.617399882823317],[77.23775608714001,28.617580274214344],[77.23796434750165,28.617757289207965],[77.23827482578055,28.61793261535997],[77.23847926019333,28.617929238172852],[77.23910213465561,28.618370082783084]]},"properties":{"id":"L01070","strahler":1,"length_m":417.0,"drop_m":2.67,"gradient":0.00641,"area_ha":10.21,"on_drain_share":0.0,"downstream":"L01037"}},{"type":"Feature","geometry":{"type":"LineString","coordinates":[[77.19203427146412,28.616883990969978],[77.19204551545518,28.617425181936877],[77.19214960949353,28.61751372674987],[77.19256223840163,28.617687508186602],[77.19317555911907,28.617677582586772],[77.19380013287899,28.618208844482513],[77.19380575967159,28.61847943959837],[77.1942146429108,28.618472818922267],[77.19463103131409,28.618826990286333],[77.19473325241675,28.618825334592188]]},"properties":{"id":"L01073","strahler":2,"length_m":403.8,"drop_m":5.71,"gradient":0.01413,"area_ha":18.61,"on_drain_share":0.0,"downstream":"L01077"}},{"type":"Feature","geometry":{"type":"LineString","coordinates":[[77.19473325241675,28.618825334592188],[77.19513462969479,28.618457917897047]]},"properties":{"id":"L01077","strahler":2,"length_m":56.6,"drop_m":-1.18,"gradient":0.0,"area_ha":26.02,"on_drain_share":0.0,"downstream":"L01097"}},{"type":"Feature","geometry":{"type":"LineString","coordinates":[[77.17100473328621,28.618575994338038],[77.17018695319743,28.618589094490787],[77.16998621862895,28.618772768362593],[77.16999363980916,28.619133567554023]]},"properties":{"id":"L01074","strahler":1,"length_m":148.3,"drop_m":1.81,"gradient":0.01217,"area_ha":7.15,"on_drain_share":0.0,"downstream":null}},{"type":"Feature","geometry":{"type":"LineString","coordinates":[[77.23326808098892,28.61810545622037],[77.23366931331334,28.61773793283502],[77.23365976534058,28.617286953097203],[77.233447693975,28.616929539083355],[77.23271881663642,28.61630995883829],[77.23241216849988,28.616315011212777],[77.23231186078367,28.616406891229943],[77.23210742845686,28.6164102589533],[77.23200330419506,28.616321746634405],[77.23180268782046,28.616505506037367],[77.23149603892399,28.616510556371104],[77.23128779132418,28.61633353065863],[77.23126871705823,28.615431569495875],[77.23095634984553,28.615166030018198],[77.23094681448059,28.61471504927359],[77.23032208764273,28.614183967638123],[77.23032018117179,28.614093771439727],[77.23082553066371,28.61381477040319],[77.23162798006155,28.61307973749327],[77.23224125778923,28.613069636639757],[77.23338468976831,28.61395307139939],[77.23348499431125,28.61386119073846]]},"properties":{"id":"L01134","strahler":1,"length_m":1107.1,"drop_m":4.27,"gradient":0.00386,"area_ha":21.97,"on_drain_share":0.0,"downstream":"L01169"}},{"type":"Feature","geometry":{"type":"LineString","coordinates":[[77.2008307527427,28.617012090979593],[77.20124715582767,28.61736624116975],[77.20125280151436,28.617636834964234],[77.20146100467863,28.617813909470243],[77.20227876165241,28.61780062098909],[77.20248696677156,28.617977693801528],[77.20249261577973,28.618248287345583],[77.20311158631556,28.61850891006237],[77.20422093224602,28.617769041099052],[77.2047320292513,28.617760725982436],[77.20494212322883,28.61802799250278],[77.20524878206109,28.618023001991254]]},"properties":{"id":"L01086","strahler":3,"length_m":587.0,"drop_m":2.11,"gradient":0.0036,"area_ha":186.04,"on_drain_share":0.0,"downstream":null}},{"type":"Feature","geometry":{"type":"LineString","coordinates":[[77.25575384071182,28.61764275353907],[77.25574419842322,28.61719178063583]]},"properties":{"id":"L01084","strahler":6,"length_m":50.0,"drop_m":0.33,"gradient":0.00667,"area_ha":4726.38,"on_drain_share":0.0,"downstream":"L01100"}},{"type":"Feature","geometry":{"type":"LineString","coordinates":[[77.21822491173704,28.61754051079622],[77.2177138204639,28.617548876723266],[77.21711188347166,28.61810009505733],[77.21627707953998,28.617301700031785],[77.21484602477369,28.617325099038133],[77.21373297880173,28.61788465640529]]},"properties":{"id":"L01087","strahler":5,"length_m":532.8,"drop_m":-1.15,"gradient":0.0,"area_ha":711.51,"on_drain_share":0.0,"downstream":"L01109"}},{"type":"Feature","geometry":{"type":"LineString","coordinates":[[77.24442563703595,28.6138608793319],[77.24443522964238,28.614311855971124],[77.24453936155024,28.614400358283888],[77.24454895485708,28.61485133485202],[77.24444865966159,28.614943223210673],[77.2445873302882,28.61665524079489],[77.2442883581044,28.617021101271536],[77.24429411404414,28.617291687158435],[77.24409543717722,28.61756565895853],[77.2440992742185,28.617746049560527]]},"properties":{"id":"L01079","strahler":5,"length_m":463.1,"drop_m":2.96,"gradient":0.00638,"area_ha":2044.44,"on_drain_share":0.0,"downstream":"L01059"}},{"type":"Feature","geometry":{"type":"LineString","coordinates":[[77.24779097056427,28.613444190073533],[77.24678805324221,28.614363092565927],[77.24689986973365,28.614812373626688],[77.24479368038045,28.616742049496914],[77.24469722167765,28.61701432864909],[77.2440992742185,28.617746049560527]]},"properties":{"id":"L01080","strahler":2,"length_m":631.5,"drop_m":2.01,"gradient":0.00319,"area_ha":29.78,"on_drain_share":0.0,"downstream":"L01059"}},{"type":"Feature","geometry":{"type":"LineString","coordinates":[[77.27741752980351,28.617009687891994],[77.27595735434609,28.61568083210972],[77.27595346319404,28.615500445427067],[77.27615399611129,28.615316625024587],[77.27604983846705,28.615228148580783]]},"properties":{"id":"L01105","strahler":3,"length_m":270.4,"drop_m":-0.17,"gradient":0.0,"area_ha":215.63,"on_drain_share":0.0,"downstream":"L01119"}},{"type":"Feature","geometry":{"type":"LineString","coordinates":[[77.21373297880173,28.61788465640529],[77.21310831312249,28.61735349183204],[77.21300609471182,28.617355161303532],[77.212896308992,28.616996041793385],[77.21247987085704,28.616641929476824],[77.21247608802618,28.616461534956315],[77.21267484847714,28.61618760507729],[77.21276949928045,28.615825146919683]]},"properties":{"id":"L01109","strahler":5,"length_m":298.0,"drop_m":1.8,"gradient":0.00605,"area_ha":722.93,"on_drain_share":0.0,"downstream":"L01127"}},{"type":"Feature","geometry":{"type":"LineString","coordinates":[[77.25574419842322,28.61719178063583],[77.25571527288633,28.615838861728133]]},"properties":{"id":"L01100","strahler":6,"length_m":150.0,"drop_m":0.0,"gradient":0.0,"area_ha":4740.31,"on_drain_share":0.0,"downstream":"L01128"}},{"type":"Feature","geometry":{"type":"LineString","coordinates":[[77.17866580706064,28.618182342901815],[77.17886466175884,28.617908457749635],[77.17958021061987,28.617896949830826],[77.17977906236263,28.61762306348315],[77.17998350425971,28.617619774542227],[77.18068786472712,28.617067065763408],[77.18068413616142,28.616886667399463],[77.18158546729072,28.61596986759865],[77.18189212495113,28.61596493024546],[77.18187720334362,28.615243337220885],[77.18167276630734,28.61524662876853],[77.18125643362693,28.614892414249063]]},"properties":{"id":"L01125","strahler":1,"length_m":605.3,"drop_m":8.72,"gradient":0.01441,"area_ha":12.25,"on_drain_share":0.0,"downstream":"L01159"}},{"type":"Feature","geometry":{"type":"LineString","coordinates":[[77.25315799495023,28.615791181742182],[77.25357455718564,28.61614516157811],[77.25368062477905,28.616323851034252],[77.25368833126181,28.616684629919323],[77.25399497599372,28.61667952936052],[77.2543074021706,28.616945012144857],[77.25461404752795,28.616939910143486],[77.25571527288633,28.615838861728133]]},"properties":{"id":"L01099","strahler":1,"length_m":388.7,"drop_m":8.92,"gradient":0.02295,"area_ha":7.74,"on_drain_share":0.0,"downstream":"L01128"}},{"type":"Feature","geometry":{"type":"LineString","coordinates":[[77.22077466912162,28.617228062066943],[77.22046421924749,28.617052694044265],[77.21964647812833,28.617066091903226],[77.21954615794746,28.617157963109737],[77.21852587643949,28.61726489967923],[77.21822491173704,28.61754051079622]]},"properties":{"id":"L01089","strahler":1,"length_m":279.0,"drop_m":1.29,"gradient":0.00462,"area_ha":11.8,"on_drain_share":0.0,"downstream":"L01087"}},{"type":"Feature","geometry":{"type":"LineString","coordinates":[[77.23871509964054,28.61458693275043],[77.23892335523483,28.614763946580954],[77.23912778342027,28.614760568756687],[77.23903131124317,28.615032844661144],[77.23883071015295,28.61521661369038],[77.23905045151882,28.615934801088265],[77.23957684388222,28.616647919951294],[77.23999336710898,28.61700194388382]]},"properties":{"id":"L01090","strahler":1,"length_m":356.3,"drop_m":2.75,"gradient":0.00773,"area_ha":5.96,"on_drain_share":0.0,"downstream":"L01038"}},{"type":"Feature","geometry":{"type":"LineString","coordinates":[[77.23998187749584,28.616460770478223],[77.23999336710898,28.61700194388382]]},"properties":{"id":"L01091","strahler":1,"length_m":60.0,"drop_m":1.32,"gradient":0.02199,"area_ha":5.17,"on_drain_share":0.0,"downstream":"L01038"}},{"type":"Feature","geometry":{"type":"LineString","coordinates":[[77.20181529584633,28.615191526489845],[77.20243801196202,28.61563254925759],[77.20294909923737,28.615624241427952],[77.2030531999589,28.61571277747744],[77.20306261655075,28.61616376668948],[77.20418701345572,28.616145481434362],[77.20428734692203,28.61605362091111],[77.2043914491441,28.616142155841757],[77.20490253821352,28.616133840513058],[77.20510320362953,28.61595011840967],[77.20561240602512,28.615851602761108],[77.20561429152374,28.6159418004486],[77.20613480900467,28.61638446882572],[77.20604956445727,28.61719791183368]]},"properties":{"id":"L01093","strahler":1,"length_m":640.4,"drop_m":3.77,"gradient":0.00588,"area_ha":12.63,"on_drain_share":0.0,"downstream":"L01068"}},{"type":"Feature","geometry":{"type":"LineString","coordinates":[[77.20614989714048,28.617106049977696],[77.20604956445727,28.61719791183368]]},"properties":{"id":"L01094","strahler":1,"length_m":14.1,"drop_m":0.0,"gradient":0.0,"area_ha":4.5,"on_drain_share":0.0,"downstream":"L01068"}},{"type":"Feature","geometry":{"type":"LineString","coordinates":[[77.22679027202302,28.61640751529881],[77.22720485010011,28.616671384655817],[77.22740928361647,28.616668024297322]]},"properties":{"id":"L01096","strahler":1,"length_m":72.4,"drop_m":0.16,"gradient":0.0022,"area_ha":4.32,"on_drain_share":0.0,"downstream":"L01161"}},{"type":"Feature","geometry":{"type":"LineString","coordinates":[[77.22740928361647,28.616668024297322],[77.22760990840082,28.616484270965564],[77.2274886497509,28.6155839878564],[77.2281908261821,28.614940849964682],[77.22818701677116,28.61476045732445],[77.22776673137844,28.61422600156816],[77.22927136272786,28.61284784292853]]},"properties":{"id":"L01161","strahler":2,"length_m":540.1,"drop_m":4.37,"gradient":0.00809,"area_ha":46.13,"on_drain_share":0.0,"downstream":"L01139"}},{"type":"Feature","geometry":{"type":"LineString","coordinates":[[77.27493911959844,28.61587838312553],[77.27544823751548,28.615779608548404],[77.27604983846705,28.615228148580783]]},"properties":{"id":"L01104","strahler":1,"length_m":139.0,"drop_m":-0.22,"gradient":0.0,"area_ha":6.5,"on_drain_share":0.0,"downstream":"L01119"}},{"type":"Feature","geometry":{"type":"LineString","coordinates":[[77.19926926603002,28.615684014845993],[77.19957591922511,28.61567903753839],[77.19988821413517,28.6159446536486],[77.19999795494536,28.616303786247006],[77.2008307527427,28.617012090979593]]},"properties":{"id":"L01098","strahler":2,"length_m":229.7,"drop_m":0.4,"gradient":0.00173,"area_ha":23.82,"on_drain_share":0.0,"downstream":"L01086"}},{"type":"Feature","geometry":{"type":"LineString","coordinates":[[77.28962437410415,28.6140972017681],[77.28963807425873,28.61472854923576],[77.289439524396,28.6150025807223],[77.28995840807134,28.615354714953757]]},"properties":{"id":"L01101","strahler":1,"length_m":174.9,"drop_m":-0.25,"gradient":0.0,"area_ha":11.93,"on_drain_share":0.0,"downstream":null}},{"type":"Feature","geometry":{"type":"LineString","coordinates":[[77.25571527288633,28.615838861728133],[77.25569213389197,28.614756526388167],[77.25589270298181,28.614572734063522],[77.25578663373982,28.61439404640903],[77.25577892081814,28.614033267924388],[77.25618005540952,28.613665682890876]]},"properties":{"id":"L01128","strahler":6,"length_m":269.0,"drop_m":0.0,"gradient":0.0,"area_ha":4756.55,"on_drain_share":0.0,"downstream":"L01144"}},{"type":"Feature","geometry":{"type":"LineString","coordinates":[[77.187943617961,28.616859874445797],[77.18763508873185,28.616774626863155],[77.18732282010465,28.616508980975752]]},"properties":{"id":"L01107","strahler":1,"length_m":76.6,"drop_m":0.54,"gradient":0.00701,"area_ha":7.34,"on_drain_share":0.0,"downstream":"L01111"}},{"type":"Feature","geometry":{"type":"LineString","coordinates":[[77.19119965683471,28.61608543028594],[77.19203239749574,28.616793792470897],[77.19203427146412,28.616883990969978]]},"properties":{"id":"L01102","strahler":1,"length_m":123.1,"drop_m":-2.6,"gradient":0.0,"area_ha":7.78,"on_drain_share":0.0,"downstream":"L01073"}},{"type":"Feature","geometry":{"type":"LineString","coordinates":[[77.19211962467294,28.616070550852676],[77.19212524665892,28.61634114635901],[77.19202490170834,28.616432998461445],[77.19213461680772,28.61679213884329],[77.19203427146412,28.616883990969978]]},"properties":{"id":"L01103","strahler":1,"length_m":102.4,"drop_m":-3.48,"gradient":0.0,"area_ha":5.76,"on_drain_share":0.0,"downstream":"L01073"}},{"type":"Feature","geometry":{"type":"LineString","coordinates":[[77.17546903591396,28.61688026468387],[77.17536681537835,28.61688190575016],[77.17515679565241,28.616614589100216],[77.17495235504468,28.616617870657176],[77.17475163278253,28.616801550990772],[77.17454719175758,28.61680483195628],[77.17444683017332,28.61689667188222],[77.1740379476379,28.61690323260585],[77.17382793109148,28.616635913715765],[77.17299902152958,28.616107832180422],[77.17259385627008,28.6162947877297],[77.17238570166799,28.616117666006932],[77.17126128112405,28.616135687490523],[77.17105312895085,28.61595856357767],[77.17084868905583,28.615961838877844],[77.17074461338827,28.61587327661948],[77.17054017361653,28.615876551445524],[77.17023907973409,28.616152062573686],[77.1700346393538,28.616155336666463]]},"properties":{"id":"L01112","strahler":1,"length_m":645.3,"drop_m":7.6,"gradient":0.01178,"area_ha":21.16,"on_drain_share":0.0,"downstream":null}},{"type":"Feature","geometry":{"type":"LineString","coordinates":[[77.27604983846705,28.615228148580783],[77.27563320963387,28.614874241894714],[77.27522436309606,28.614881107348655],[77.27512409625075,28.614973016922143],[77.27481162734225,28.61470758472401],[77.27479801586801,28.614076230717302],[77.27458970547988,28.613899275355152],[77.27458581695211,28.61371888845333]]},"properties":{"id":"L01119","strahler":3,"length_m":271.4,"drop_m":0.02,"gradient":6e-05,"area_ha":227.13,"on_drain_share":0.0,"downstream":null}},{"type":"Feature","geometry":{"type":"LineString","coordinates":[[77.18732282010465,28.616508980975752],[77.18659419941298,28.61588913740096]]},"properties":{"id":"L01111","strahler":2,"length_m":99.0,"drop_m":-0.41,"gradient":0.0,"area_ha":39.26,"on_drain_share":0.0,"downstream":"L01171"}},{"type":"Feature","geometry":{"type":"LineString","coordinates":[[77.1791433806686,28.616550537187152],[77.1797455197092,28.6159994771675],[77.18015439718934,28.615992899418917],[77.18115980901479,28.61516465711353]]},"properties":{"id":"L01117","strahler":1,"length_m":262.1,"drop_m":6.32,"gradient":0.02413,"area_ha":5.82,"on_drain_share":0.0,"downstream":"L01124"}},{"type":"Feature","geometry":{"type":"LineString","coordinates":[[77.18465204042283,28.615920462887704],[77.18495869731149,28.61591551860585],[77.18547726517386,28.616268072217775],[77.18568170366862,28.61626477482595],[77.1857820543237,28.61617292712961],[77.1863953690271,28.616163032681435],[77.18659419941298,28.61588913740096]]},"properties":{"id":"L01110","strahler":1,"length_m":229.0,"drop_m":4.26,"gradient":0.0186,"area_ha":6.77,"on_drain_share":0.0,"downstream":"L01171"}},{"type":"Feature","geometry":{"type":"LineString","coordinates":[[77.21276949928045,28.615825146919683],[77.21274869212336,28.614832977066836],[77.21243258796952,28.61438699759237]]},"properties":{"id":"L01127","strahler":5,"length_m":172.4,"drop_m":-0.94,"gradient":0.0,"area_ha":1090.59,"on_drain_share":0.0,"downstream":"L01131"}},{"type":"Feature","geometry":{"type":"LineString","coordinates":[[77.26847255722193,28.614723628088587],[77.26825068315817,28.61391530558871],[77.26804238336457,28.613738339511897],[77.2680346287708,28.613377564052712],[77.2682351725757,28.613193754772354],[77.26852823095857,28.61255726498113],[77.26872877239367,28.612373455085933],[77.26902376514558,28.61182715827926],[77.26901988646144,28.61164677062436],[77.26952123242602,28.611187243883315],[77.26951347359939,28.61082646865881],[77.26930517830472,28.610649504225215],[77.26929742038932,28.610288728917975],[77.26919327338784,28.610200246533836]]},"properties":{"id":"L01189","strahler":1,"length_m":591.1,"drop_m":0.05,"gradient":8e-05,"area_ha":15.41,"on_drain_share":0.0,"downstream":"L01214"}},{"type":"Feature","geometry":{"type":"LineString","coordinates":[[77.18260952504215,28.616043606139417],[77.1829087183119,28.615677870207122],[77.1831131560146,28.61567457675051],[77.18310382484141,28.615223581468435],[77.18370406818217,28.614582306242887],[77.18369660154502,28.614221510104166],[77.18348843381767,28.614044406186363],[77.18348096808401,28.613683609967037],[77.18337688486508,28.61359505784248]]},"properties":{"id":"L01160","strahler":1,"length_m":339.7,"drop_m":7.47,"gradient":0.02198,"area_ha":8.18,"on_drain_share":0.0,"downstream":"L01173"}},{"type":"Feature","geometry":{"type":"LineString","coordinates":[[77.22114366494714,28.61532722893302],[77.2222699388637,28.615398990887027],[77.22317087708777,28.61448193468095]]},"properties":{"id":"L01118","strahler":1,"length_m":251.4,"drop_m":-0.24,"gradient":0.0,"area_ha":6.06,"on_drain_share":0.0,"downstream":"L01148"}},{"type":"Feature","geometry":{"type":"LineString","coordinates":[[77.280838191762,28.614425827225908],[77.28194105394932,28.61341477513167]]},"properties":{"id":"L01121","strahler":1,"length_m":155.6,"drop_m":2.79,"gradient":0.01791,"area_ha":9.06,"on_drain_share":0.0,"downstream":"L01130"}},{"type":"Feature","geometry":{"type":"LineString","coordinates":[[77.18659419941298,28.61588913740096],[77.18617784856944,28.61553493907949],[77.18606628629098,28.615085593751495],[77.18636733351691,28.614810049802887],[77.18646020611916,28.61435740622318],[77.18666090241989,28.6141737098341],[77.18664221113808,28.61327172117683],[77.18734463719379,28.612628782074644]]},"properties":{"id":"L01171","strahler":2,"length_m":434.6,"drop_m":1.95,"gradient":0.00449,"area_ha":56.96,"on_drain_share":0.0,"downstream":"L01208"}},{"type":"Feature","geometry":{"type":"LineString","coordinates":[[77.19906483052341,28.615687332666155],[77.19926926603002,28.615684014845993]]},"properties":{"id":"L01113","strahler":1,"length_m":20.0,"drop_m":0.44,"gradient":0.02193,"area_ha":5.02,"on_drain_share":0.0,"downstream":"L01098"}},{"type":"Feature","geometry":{"type":"LineString","coordinates":[[77.25855409205694,28.614708854857064],[77.2575319649387,28.614725887330973],[77.25732368024347,28.614548903863316],[77.25691482977454,28.614555714031294],[77.2563941226547,28.614113252103852],[77.25618391247927,28.613846072095658],[77.25618005540952,28.613665682890876]]},"properties":{"id":"L01129","strahler":1,"length_m":297.3,"drop_m":5.35,"gradient":0.01799,"area_ha":5.52,"on_drain_share":0.0,"downstream":"L01144"}},{"type":"Feature","geometry":{"type":"LineString","coordinates":[[77.19517304311506,28.615389519440516],[77.19506519605486,28.615120580275878],[77.19516553703029,28.6150287261169],[77.19536997179738,28.615025414246098],[77.19577133318829,28.61465799638424],[77.19659094653983,28.61473494180775],[77.19721363966234,28.615175989970012],[77.19741807443323,28.61517267499532],[77.19812232171346,28.614619881224392],[77.19843460987309,28.614885501097238],[77.19843836846226,28.615065897369067],[77.19926926603002,28.615684014845993]]},"properties":{"id":"L01114","strahler":1,"length_m":576.0,"drop_m":0.17,"gradient":0.0003,"area_ha":16.5,"on_drain_share":0.0,"downstream":"L01098"}},{"type":"Feature","geometry":{"type":"LineString","coordinates":[[77.26344868109322,28.614085826999197],[77.26324425763917,28.614089241422185],[77.26274093555662,28.61445855287948],[77.26243429912934,28.61446367285858],[77.2621237952965,28.61428840369797],[77.26181715923242,28.614293522253526],[77.26150665684465,28.614118251587804],[77.26109587646597,28.614034879984896],[77.26057515569238,28.613592434945197],[77.26037073278712,28.613595844981905],[77.26026465731198,28.61341716118256],[77.25985581205697,28.613423979973742],[77.25955304081114,28.6136094820502],[77.25934861772839,28.61361289054764],[77.2583071986564,28.61272798364632],[77.25820112754043,28.61254929796381]]},"properties":{"id":"L01155","strahler":1,"length_m":646.0,"drop_m":2.39,"gradient":0.0037,"area_ha":19.54,"on_drain_share":0.0,"downstream":"L01181"}},{"type":"Feature","geometry":{"type":"LineString","coordinates":[[77.27102008882758,28.6143200516084],[77.27132089849586,28.61404433128198]]},"properties":{"id":"L01115","strahler":1,"length_m":42.4,"drop_m":-0.72,"gradient":0.0,"area_ha":4.72,"on_drain_share":0.0,"downstream":"L01196"}},{"type":"Feature","geometry":{"type":"LineString","coordinates":[[77.27132478149737,28.614224718584765],[77.27132089849586,28.61404433128198]]},"properties":{"id":"L01116","strahler":1,"length_m":20.0,"drop_m":0.01,"gradient":0.00069,"area_ha":4.41,"on_drain_share":0.0,"downstream":"L01196"}},{"type":"Feature","geometry":{"type":"LineString","coordinates":[[77.28083039321893,28.614065055016184],[77.28163637490412,28.61351013137662],[77.28194105394932,28.61341477513167]]},"properties":{"id":"L01123","strahler":1,"length_m":139.0,"drop_m":2.15,"gradient":0.01548,"area_ha":5.64,"on_drain_share":0.0,"downstream":"L01130"}},{"type":"Feature","geometry":{"type":"LineString","coordinates":[[77.27132089849586,28.61404433128198],[77.27141534336639,28.613681843426583],[77.27110094598434,28.613326208203983],[77.27130148402351,28.613142394688776],[77.27150590450141,28.61313896822048],[77.27160617306724,28.613047061223458],[77.27232552833505,28.6132154528703],[77.27295044664884,28.61374632923669],[77.27315292503182,28.613652706673868],[77.27356176740177,28.61364584773497],[77.2739667222009,28.613458600578234],[77.27657359641496,28.61106895280756],[77.27688021997172,28.611063801406395],[77.27828386861827,28.609777046694084],[77.2783860751071,28.609775328418785]]},"properties":{"id":"L01196","strahler":2,"length_m":1040.2,"drop_m":1.33,"gradient":0.00128,"area_ha":27.42,"on_drain_share":0.0,"downstream":"L01138"}},{"type":"Feature","geometry":{"type":"LineString","coordinates":[[77.28409526625788,28.613739384535588],[77.28418576152147,28.613196504554605],[77.28428601840254,28.61310458879342],[77.28427820850486,28.6127438173822],[77.28487779133164,28.61210212873776],[77.28486412113433,28.6114707789221],[77.2854636935337,28.610829088186936]]},"properties":{"id":"L01174","strahler":1,"length_m":378.0,"drop_m":0.06,"gradient":0.00015,"area_ha":12.55,"on_drain_share":0.0,"downstream":"L01179"}},{"type":"Feature","geometry":{"type":"LineString","coordinates":[[77.20527182079154,28.614233034815665],[77.20598733206316,28.614221388878207],[77.20609331949052,28.614400120223937],[77.20619553551757,28.614398456121307],[77.20669718405651,28.613939146232248],[77.20833263164084,28.613912504459776],[77.20864494163997,28.614178099516632],[77.20936045090909,28.614166435797895],[77.20967276412686,28.614432028291496],[77.20987719573967,28.614428694608534],[77.21028983762979,28.614602421161],[77.21039016408697,28.61451055646955],[77.21069681157248,28.614505554194526],[77.21100912900319,28.614771143353433],[77.21141799313787,28.614764471577438],[77.21152209961099,28.614853000782865],[77.21193096392078,28.614846327442475],[77.21243258796952,28.61438699759237]]},"properties":{"id":"L01126","strahler":1,"length_m":809.4,"drop_m":11.42,"gradient":0.01411,"area_ha":15.85,"on_drain_share":0.0,"downstream":"L01131"}},{"type":"Feature","geometry":{"type":"LineString","coordinates":[[77.21284901651478,28.61474111066246],[77.21253291225605,28.614295131424786]]},"properties":{"id":"L01132","strahler":1,"length_m":62.4,"drop_m":0.5,"gradient":0.00802,"area_ha":8.02,"on_drain_share":0.0,"downstream":"L01142"}},{"type":"Feature","geometry":{"type":"LineString","coordinates":[[77.18095537203297,28.615167947571155],[77.18115980901479,28.61516465711353]]},"properties":{"id":"L01120","strahler":1,"length_m":20.0,"drop_m":0.51,"gradient":0.0255,"area_ha":4.88,"on_drain_share":0.0,"downstream":"L01124"}},{"type":"Feature","geometry":{"type":"LineString","coordinates":[[77.18115980901479,28.61516465711353],[77.1812601628623,28.615072812597166],[77.18125643362693,28.614892414249063]]},"properties":{"id":"L01124","strahler":2,"length_m":34.1,"drop_m":0.05,"gradient":0.00153,"area_ha":11.05,"on_drain_share":0.0,"downstream":"L01159"}},{"type":"Feature","geometry":{"type":"LineString","coordinates":[[77.22317087708777,28.61448193468095],[77.22457716503031,28.613285894718242]]},"properties":{"id":"L01148","strahler":2,"length_m":193.8,"drop_m":3.38,"gradient":0.01745,"area_ha":16.3,"on_drain_share":0.0,"downstream":"L01162"}},{"type":"Feature","geometry":{"type":"LineString","coordinates":[[77.2225537876504,28.614311601614165],[77.22286043202809,28.614306571859352],[77.22317087708777,28.61448193468095]]},"properties":{"id":"L01122","strahler":1,"length_m":68.3,"drop_m":-0.8,"gradient":0.0,"area_ha":4.64,"on_drain_share":0.0,"downstream":"L01148"}},{"type":"Feature","geometry":{"type":"LineString","coordinates":[[77.28194105394932,28.61341477513167],[77.2821415720803,28.613230946627255]]},"properties":{"id":"L01130","strahler":2,"length_m":28.3,"drop_m":-1.36,"gradient":0.0,"area_ha":15.2,"on_drain_share":0.0,"downstream":"L01133"}},{"type":"Feature","geometry":{"type":"LineString","coordinates":[[77.18125643362693,28.614892414249063],[77.18125270442582,28.6147120158957],[77.18205739163571,28.614067456680736],[77.18338621657469,28.614046053150613],[77.18337688486508,28.61359505784248]]},"properties":{"id":"L01159","strahler":2,"length_m":309.0,"drop_m":7.21,"gradient":0.02334,"area_ha":27.93,"on_drain_share":0.0,"downstream":"L01173"}},{"type":"Feature","geometry":{"type":"LineString","coordinates":[[77.21243258796952,28.61438699759237],[77.21253291225605,28.614295131424786]]},"properties":{"id":"L01131","strahler":5,"length_m":14.1,"drop_m":0.0,"gradient":0.0,"area_ha":1106.51,"on_drain_share":0.0,"downstream":"L01142"}},{"type":"Feature","geometry":{"type":"LineString","coordinates":[[77.25566899617326,28.613674190858163],[77.25627069571047,28.613122813458546],[77.25626683860813,28.612942424245325]]},"properties":{"id":"L01143","strahler":1,"length_m":104.9,"drop_m":0.0,"gradient":0.0,"area_ha":4.45,"on_drain_share":0.0,"downstream":"L01180"}},{"type":"Feature","geometry":{"type":"LineString","coordinates":[[77.25618005540952,28.613665682890876],[77.25648090452209,28.61338999342693],[77.25647704701784,28.613209604247007],[77.25626683860813,28.612942424245325]]},"properties":{"id":"L01144","strahler":6,"length_m":100.7,"drop_m":0.0,"gradient":0.0,"area_ha":4763.56,"on_drain_share":0.0,"downstream":"L01180"}},{"type":"Feature","geometry":{"type":"LineString","coordinates":[[77.2821415720803,28.613230946627255],[77.28224183088426,28.613139032276862]]},"properties":{"id":"L01133","strahler":2,"length_m":14.1,"drop_m":0.0,"gradient":0.0,"area_ha":24.5,"on_drain_share":0.0,"downstream":"L01215"}},{"type":"Feature","geometry":{"type":"LineString","coordinates":[[77.21253291225605,28.614295131424786],[77.2133373921878,28.6136503969606]]},"properties":{"id":"L01142","strahler":5,"length_m":109.0,"drop_m":2.16,"gradient":0.01984,"area_ha":1114.89,"on_drain_share":0.0,"downstream":"L01152"}},{"type":"Feature","geometry":{"type":"LineString","coordinates":[[77.24051856110518,28.61284280834028],[77.24286943776146,28.61280391949104],[77.24307194434274,28.612710340498253],[77.24442563703595,28.6138608793319]]},"properties":{"id":"L01135","strahler":5,"length_m":438.0,"drop_m":-0.74,"gradient":0.0,"area_ha":2028.74,"on_drain_share":0.0,"downstream":"L01079"}},{"type":"Feature","geometry":{"type":"LineString","coordinates":[[77.24511426003946,28.612586292755804],[77.24441412619909,28.613319707321292],[77.24441796310946,28.61350009799677],[77.24452209415325,28.61358860037818],[77.24452593129088,28.61376899103312],[77.24442563703595,28.6138608793319]]},"properties":{"id":"L01136","strahler":1,"length_m":177.3,"drop_m":-2.15,"gradient":0.0,"area_ha":9.96,"on_drain_share":0.0,"downstream":"L01079"}},{"type":"Feature","geometry":{"type":"LineString","coordinates":[[77.27844838954933,28.61266151225114],[77.27874917417776,28.61238577672957],[77.279057749064,28.612470813380657],[77.27937022090981,28.612736235631292],[77.27988126720018,28.612727638580683],[77.28059088374354,28.612445020208483],[77.28079920047978,28.612621965965722],[77.28141440472818,28.612701835885304],[77.2821415720803,28.613230946627255]]},"properties":{"id":"L01137","strahler":1,"length_m":438.7,"drop_m":0.6,"gradient":0.00137,"area_ha":8.87,"on_drain_share":0.0,"downstream":"L01133"}},{"type":"Feature","geometry":{"type":"LineString","coordinates":[[77.28224183088426,28.613139032276862],[77.28244234796908,28.61295520337974],[77.28243844617657,28.61277481744044],[77.28274117115329,28.612589266589488],[77.28273531780093,28.612318687720414],[77.2828355752459,28.61222677299772],[77.28279850440178,28.610513106647335],[77.28459917703327,28.608678246415725]]},"properties":{"id":"L01215","strahler":3,"length_m":595.3,"drop_m":2.88,"gradient":0.00484,"area_ha":86.59,"on_drain_share":0.0,"downstream":"L01229"}},{"type":"Feature","geometry":{"type":"LineString","coordinates":[[77.23348499431125,28.61386119073846],[77.23539074749442,28.612115445693064]]},"properties":{"id":"L01169","strahler":5,"length_m":268.7,"drop_m":-0.14,"gradient":0.0,"area_ha":1933.73,"on_drain_share":0.0,"downstream":"L01192"}},{"type":"Feature","geometry":{"type":"LineString","coordinates":[[77.2783860751071,28.609775328418785],[77.28224183088426,28.613139032276862]]},"properties":{"id":"L01138","strahler":3,"length_m":533.3,"drop_m":-1.59,"gradient":0.0,"area_ha":53.94,"on_drain_share":0.0,"downstream":"L01215"}},{"type":"Feature","geometry":{"type":"LineString","coordinates":[[77.22927136272786,28.61284784292853],[77.23018937240805,28.61274251048626],[77.23029349149806,28.612831024523864],[77.2307023427609,28.612824295006934],[77.2309105820915,28.613001322143777],[77.2323415626035,28.612977756806032],[77.23348499431125,28.61386119073846]]},"properties":{"id":"L01139","strahler":5,"length_m":468.0,"drop_m":0.04,"gradient":8e-05,"area_ha":1903.89,"on_drain_share":0.0,"downstream":"L01169"}},{"type":"Feature","geometry":{"type":"LineString","coordinates":[[77.24708934889982,28.609305382354773],[77.24709318974183,28.6094857728054],[77.24649145867117,28.610037111226088],[77.24619443024915,28.610493170085533],[77.24620978846993,28.611214732173945],[77.2464199687623,28.61148192946936],[77.24643532915418,28.612203491340704],[77.24778904922745,28.61335399494481],[77.24779097056427,28.613444190073533]]},"properties":{"id":"L01140","strahler":1,"length_m":559.4,"drop_m":0.4,"gradient":0.00072,"area_ha":14.36,"on_drain_share":0.0,"downstream":"L01080"}},{"type":"Feature","geometry":{"type":"LineString","coordinates":[[77.24865514208201,28.610813270292535],[77.24725109685976,28.612099738815406],[77.24725301763709,28.612189933994188],[77.24798194455674,28.612809433180438],[77.24798963044259,28.613170213668532],[77.24779097056427,28.613444190073533]]},"properties":{"id":"L01141","strahler":1,"length_m":385.3,"drop_m":-3.41,"gradient":0.0,"area_ha":9.91,"on_drain_share":0.0,"downstream":"L01080"}},{"type":"Feature","geometry":{"type":"LineString","coordinates":[[77.21773641211414,28.61375893186358],[77.21823800451439,28.61329958212077]]},"properties":{"id":"L01149","strahler":1,"length_m":70.7,"drop_m":1.51,"gradient":0.02142,"area_ha":6.27,"on_drain_share":0.0,"downstream":"L01150"}},{"type":"Feature","geometry":{"type":"LineString","coordinates":[[77.21292853289899,28.613657074288156],[77.21313296256078,28.61365373577832]]},"properties":{"id":"L01145","strahler":1,"length_m":20.0,"drop_m":-0.22,"gradient":0.0,"area_ha":4.24,"on_drain_share":0.0,"downstream":"L01146"}},{"type":"Feature","geometry":{"type":"LineString","coordinates":[[77.21313296256078,28.61365373577832],[77.2133373921878,28.6136503969606]]},"properties":{"id":"L01146","strahler":4,"length_m":20.0,"drop_m":-0.18,"gradient":0.0,"area_ha":665.8,"on_drain_share":0.0,"downstream":"L01152"}},{"type":"Feature","geometry":{"type":"LineString","coordinates":[[77.2133373921878,28.6136503969606],[77.2140528956085,28.61363870867394],[77.21415321773273,28.613546841413584],[77.2157886509885,28.61352011003499],[77.21588897140401,28.613428241576873],[77.2171155437332,28.613408179262812],[77.21721965325996,28.61349670391469],[77.21742408201659,28.613493358951686],[77.21762471960437,28.613309619705944],[77.21823800451439,28.61329958212077]]},"properties":{"id":"L01152","strahler":5,"length_m":500.7,"drop_m":-0.32,"gradient":0.0,"area_ha":1785.9,"on_drain_share":0.0,"downstream":"L01150"}},{"type":"Feature","geometry":{"type":"LineString","coordinates":[[77.23950218203287,28.613130290778887],[77.24011737151268,28.61321034989852],[77.24051856110518,28.61284280834028]]},"properties":{"id":"L01154","strahler":1,"length_m":120.7,"drop_m":0.28,"gradient":0.0023,"area_ha":5.74,"on_drain_share":0.0,"downstream":"L01135"}},{"type":"Feature","geometry":{"type":"LineString","coordinates":[[77.25626683860813,28.612942424245325],[77.25634204977776,28.611677997843206],[77.25673545871454,28.61094963322672]]},"properties":{"id":"L01180","strahler":6,"length_m":240.7,"drop_m":0.0,"gradient":0.0,"area_ha":4773.37,"on_drain_share":0.0,"downstream":"L01201"}},{"type":"Feature","geometry":{"type":"LineString","coordinates":[[77.2123001155817,28.612945509459742],[77.21313296256078,28.61365373577832]]},"properties":{"id":"L01147","strahler":4,"length_m":113.1,"drop_m":0.72,"gradient":0.00637,"area_ha":661.35,"on_drain_share":0.0,"downstream":"L01146"}},{"type":"Feature","geometry":{"type":"LineString","coordinates":[[77.21823800451439,28.61329958212077],[77.21844243274803,28.613296235643283],[77.21854654319921,28.613384759221045],[77.21967089872454,28.613366347176196],[77.21977501021338,28.613454869747912],[77.22018386682048,28.613448171816923],[77.22028418311203,28.61335630031716],[77.22120410910465,28.613341224833114],[77.22140473943809,28.613157480363096],[77.22191770738561,28.613239298420314],[77.22202182050493,28.613327819168894],[77.22427052397543,28.613290928192313]]},"properties":{"id":"L01150","strahler":5,"length_m":619.0,"drop_m":1.31,"gradient":0.00211,"area_ha":1819.52,"on_drain_share":0.0,"downstream":"L01151"}},{"type":"Feature","geometry":{"type":"LineString","coordinates":[[77.22457716503031,28.613285894718242],[77.22518854488915,28.613185629165944],[77.22539677632368,28.613362665246253],[77.22560120368448,28.61335930796801],[77.22600435016355,28.61308200306006],[77.22753754980671,28.61305680932324],[77.22784038097892,28.61287137576462],[77.2285558720678,28.612859611232267],[77.22865998999879,28.61294812659403],[77.2290688421708,28.612941401977906],[77.22927136272786,28.61284784292853]]},"properties":{"id":"L01162","strahler":5,"length_m":501.4,"drop_m":0.76,"gradient":0.00152,"area_ha":1849.68,"on_drain_share":0.0,"downstream":"L01139"}},{"type":"Feature","geometry":{"type":"LineString","coordinates":[[77.26133486177848,28.610872962728696],[77.26123265301672,28.610874668210553],[77.25962821234369,28.612345056125783],[77.25942379171983,28.612348464599307],[77.25882018308965,28.612809660442384],[77.25861576145202,28.61281306774805],[77.25820112754043,28.61254929796381]]},"properties":{"id":"L01158","strahler":3,"length_m":409.4,"drop_m":-0.18,"gradient":0.0,"area_ha":120.96,"on_drain_share":0.0,"downstream":"L01181"}},{"type":"Feature","geometry":{"type":"LineString","coordinates":[[77.22427052397543,28.613290928192313],[77.22457716503031,28.613285894718242]]},"properties":{"id":"L01151","strahler":5,"length_m":30.0,"drop_m":-0.14,"gradient":0.0,"area_ha":1824.09,"on_drain_share":0.0,"downstream":"L01162"}},{"type":"Feature","geometry":{"type":"LineString","coordinates":[[77.22354362428649,28.61276149049524],[77.22427052397543,28.613290928192313]]},"properties":{"id":"L01153","strahler":1,"length_m":94.9,"drop_m":2.61,"gradient":0.02756,"area_ha":4.23,"on_drain_share":0.0,"downstream":"L01151"}},{"type":"Feature","geometry":{"type":"LineString","coordinates":[[77.21771745565924,28.61285696203855],[77.21823800451439,28.61329958212077]]},"properties":{"id":"L01156","strahler":2,"length_m":70.7,"drop_m":1.74,"gradient":0.02464,"area_ha":17.71,"on_drain_share":0.0,"downstream":"L01150"}},{"type":"Feature","geometry":{"type":"LineString","coordinates":[[77.24047451658357,28.610768309502237],[77.24059779185322,28.611758771310082],[77.24039911438861,28.612032737847713],[77.24040294423422,28.61221312905439],[77.2402023506922,28.612396899753836],[77.24020809505629,28.612667486583845],[77.24051856110518,28.61284280834028]]},"properties":{"id":"L01157","strahler":5,"length_m":269.0,"drop_m":0.1,"gradient":0.00039,"area_ha":2015.26,"on_drain_share":0.0,"downstream":"L01135"}},{"type":"Feature","geometry":{"type":"LineString","coordinates":[[77.25820112754043,28.61254929796381],[77.25788870603024,28.6122838238234],[77.25747600545745,28.61211024611924],[77.25664289314487,28.611402308287055],[77.25673545871454,28.61094963322672]]},"properties":{"id":"L01181","strahler":3,"length_m":258.0,"drop_m":3.22,"gradient":0.01249,"area_ha":143.65,"on_drain_share":0.0,"downstream":"L01201"}},{"type":"Feature","geometry":{"type":"LineString","coordinates":[[77.18337688486508,28.61359505784248],[77.18335822208897,28.6126930671278],[77.18376148606524,28.612415882010893],[77.18488585762286,28.612397758999037],[77.18489332775948,28.612758554948023],[77.18520557889154,28.613024207510946],[77.18611057503341,28.612287778901493],[77.18662352071502,28.612369732388284],[77.18672760520462,28.61245828194998],[77.18713646706252,28.61245168388797],[77.18734463719379,28.612628782074644]]},"properties":{"id":"L01173","strahler":2,"length_m":604.6,"drop_m":4.37,"gradient":0.00723,"area_ha":50.0,"on_drain_share":0.0,"downstream":"L01208"}},{"type":"Feature","geometry":{"type":"LineString","coordinates":[[77.20901981607918,28.612547879768123],[77.20985075021426,28.613165930218695],[77.21087289554964,28.613149258055252],[77.21167548767177,28.612414335910408],[77.2123001155817,28.612945509459742]]},"properties":{"id":"L01163","strahler":1,"length_m":407.0,"drop_m":2.33,"gradient":0.00571,"area_ha":11.53,"on_drain_share":0.0,"downstream":"L01147"}},{"type":"Feature","geometry":{"type":"LineString","coordinates":[[77.2301607796732,28.611389566961872],[77.23109784480795,28.612186191054935],[77.23140448122703,28.612181142317198],[77.23192508024796,28.61262370683041],[77.2339693288678,28.612590022552993],[77.2340734507635,28.612678533518295],[77.23458451276235,28.61267010722238],[77.23498572089018,28.612302581069244]]},"properties":{"id":"L01167","strahler":1,"length_m":548.7,"drop_m":2.08,"gradient":0.0038,"area_ha":10.08,"on_drain_share":0.0,"downstream":"L01170"}},{"type":"Feature","geometry":{"type":"LineString","coordinates":[[77.21163201064502,28.61033979618408],[77.211637681301,28.61061038836175],[77.2118458860718,28.6107874468757],[77.21195566031572,28.611146568094654],[77.21237207379774,28.611500683580726],[77.21238152855061,28.611951670233825],[77.21228120620937,28.61204353620315],[77.2123001155817,28.612945509459742]]},"properties":{"id":"L01164","strahler":4,"length_m":323.1,"drop_m":0.47,"gradient":0.00145,"area_ha":645.02,"on_drain_share":0.0,"downstream":"L01147"}},{"type":"Feature","geometry":{"type":"LineString","coordinates":[[77.21657226352373,28.61188318987155],[77.21771745565924,28.61285696203855]]},"properties":{"id":"L01165","strahler":1,"length_m":155.6,"drop_m":-2.19,"gradient":0.0,"area_ha":8.49,"on_drain_share":0.0,"downstream":"L01156"}},{"type":"Feature","geometry":{"type":"LineString","coordinates":[[77.21880766950898,28.611215012396652],[77.21871493913082,28.61166767057393],[77.21801461761066,28.61240095858659],[77.21771745565924,28.61285696203855]]},"properties":{"id":"L01166","strahler":1,"length_m":225.6,"drop_m":0.81,"gradient":0.00359,"area_ha":8.87,"on_drain_share":0.0,"downstream":"L01156"}},{"type":"Feature","geometry":{"type":"LineString","coordinates":[[77.19510924579122,28.612322775519914],[77.19551059851923,28.611955358807442],[77.19622609905791,28.6119437652262],[77.19653649689693,28.61211919197489],[77.19654212928216,28.61238978683642],[77.1969584995464,28.612743952223873],[77.19716480767956,28.612830836132854],[77.19788031335574,28.612819233498563],[77.19808850114009,28.61299631413678],[77.19828917355224,28.61281260172842],[77.19828541556916,28.61263220537854],[77.19888554822748,28.61199086848192],[77.19888178935345,28.611810472182555]]},"properties":{"id":"L01184","strahler":1,"length_m":537.0,"drop_m":3.91,"gradient":0.00727,"area_ha":13.29,"on_drain_share":0.0,"downstream":"L01244"}},{"type":"Feature","geometry":{"type":"LineString","coordinates":[[77.23374008412388,28.611420844166283],[77.23478129688468,28.612305952383974],[77.23498572089018,28.612302581069244]]},"properties":{"id":"L01168","strahler":1,"length_m":161.4,"drop_m":-0.78,"gradient":0.0,"area_ha":10.01,"on_drain_share":0.0,"downstream":"L01170"}},{"type":"Feature","geometry":{"type":"LineString","coordinates":[[77.23498572089018,28.612302581069244],[77.23539074749442,28.612115445693064]]},"properties":{"id":"L01170","strahler":2,"length_m":48.3,"drop_m":0.99,"gradient":0.02056,"area_ha":20.5,"on_drain_share":0.0,"downstream":"L01192"}},{"type":"Feature","geometry":{"type":"LineString","coordinates":[[77.23539074749442,28.612115445693064],[77.23590180630715,28.612107014582932],[77.23610814102746,28.612193837468386],[77.23791352266548,28.610539942864026],[77.23832427595181,28.61062338661364]]},"properties":{"id":"L01192","strahler":5,"length_m":372.8,"drop_m":-3.51,"gradient":0.0,"area_ha":1964.87,"on_drain_share":0.0,"downstream":"L01190"}},{"type":"Feature","geometry":{"type":"LineString","coordinates":[[77.26380528294048,28.611643755526234],[77.26349865491447,28.61164887745344],[77.26318622378278,28.61138341610261],[77.2628795963814,28.61138853658735],[77.26267324418112,28.61130175562947],[77.26267131030176,28.61121156139856]]},"properties":{"id":"L01176","strahler":1,"length_m":136.6,"drop_m":-0.27,"gradient":0.0,"area_ha":5.13,"on_drain_share":0.0,"downstream":null}},{"type":"Feature","geometry":{"type":"LineString","coordinates":[[77.28690436342815,28.611255912317418],[77.28680020162653,28.61116744437835],[77.28659578714613,28.611170893689827],[77.28638746437866,28.61099395720478],[77.28556980734899,28.61100775003865],[77.2854636935337,28.610829088186936]]},"properties":{"id":"L01175","strahler":1,"length_m":166.6,"drop_m":3.82,"gradient":0.0229,"area_ha":8.91,"on_drain_share":0.0,"downstream":"L01179"}},{"type":"Feature","geometry":{"type":"LineString","coordinates":[[77.20370279087992,28.61254421881373],[77.20400943403905,28.612539231976573],[77.2042100947053,28.612355511396256],[77.20441640725304,28.612442383977147],[77.20462083573887,28.61243905843082],[77.20472116550555,28.612347197753845],[77.2053344501801,28.61233721884295],[77.20563355149513,28.61197143740502],[77.20561658496482,28.611159657705507],[77.2059156822056,28.610793875822726],[77.206012238457,28.61052161884691],[77.20621289183399,28.61033789565077],[77.20641731599731,28.61033456761882]]},"properties":{"id":"L01204","strahler":1,"length_m":453.8,"drop_m":3.23,"gradient":0.00712,"area_ha":11.66,"on_drain_share":0.0,"downstream":"L01218"}},{"type":"Feature","geometry":{"type":"LineString","coordinates":[[77.25368458966086,28.611722218638157],[77.25418600688535,28.61126274489702],[77.25418022703387,28.61099216061172],[77.25550894819864,28.610970052374093],[77.2556130852858,28.61105854587608],[77.25591392902498,28.610782857908312],[77.25601035364747,28.610510572478024],[77.25630926646534,28.610144689111436],[77.2570112225618,28.609501413159958]]},"properties":{"id":"L01200","strahler":1,"length_m":472.8,"drop_m":6.28,"gradient":0.01328,"area_ha":10.21,"on_drain_share":0.0,"downstream":"L01238"}},{"type":"Feature","geometry":{"type":"LineString","coordinates":[[77.224130289071,28.61148867384235],[77.22444262866297,28.611754230754737],[77.22445023377492,28.61211501711018],[77.22455244631767,28.61211333928981]]},"properties":{"id":"L01172","strahler":1,"length_m":92.4,"drop_m":-1.76,"gradient":0.0,"area_ha":5.98,"on_drain_share":0.0,"downstream":null}},{"type":"Feature","geometry":{"type":"LineString","coordinates":[[77.26829860738076,28.611388166602243],[77.26920103091891,28.61056102187187],[77.26919327338784,28.610200246533836]]},"properties":{"id":"L01188","strahler":1,"length_m":167.3,"drop_m":0.22,"gradient":0.00129,"area_ha":9.36,"on_drain_share":0.0,"downstream":"L01214"}},{"type":"Feature","geometry":{"type":"LineString","coordinates":[[77.17722525031579,28.61279173859392],[77.17712117294734,28.612703181318047],[77.17711559026509,28.61243258295254]]},"properties":{"id":"L01178","strahler":1,"length_m":44.1,"drop_m":0.05,"gradient":0.0011,"area_ha":4.63,"on_drain_share":0.0,"downstream":"L01224"}},{"type":"Feature","geometry":{"type":"LineString","coordinates":[[77.18734463719379,28.612628782074644],[77.18794296967144,28.611897291220572],[77.1879261392096,28.61108550185897],[77.18842785731977,28.61062625595002],[77.18863228448603,28.61062295470196],[77.1888329701263,28.61043925559327]]},"properties":{"id":"L01208","strahler":3,"length_m":313.8,"drop_m":1.26,"gradient":0.00402,"area_ha":110.48,"on_drain_share":0.0,"downstream":"L01265"}},{"type":"Feature","geometry":{"type":"LineString","coordinates":[[77.17681452378591,28.61270810736785],[77.17711559026509,28.61243258295254]]},"properties":{"id":"L01177","strahler":1,"length_m":42.4,"drop_m":-0.59,"gradient":0.0,"area_ha":7.64,"on_drain_share":0.0,"downstream":"L01224"}},{"type":"Feature","geometry":{"type":"LineString","coordinates":[[77.2854636935337,28.610829088186936],[77.28545978692338,28.610648702571975],[77.28535562688946,28.610560233411398]]},"properties":{"id":"L01179","strahler":2,"length_m":34.1,"drop_m":-0.62,"gradient":0.0,"area_ha":21.66,"on_drain_share":0.0,"downstream":"L01216"}},{"type":"Feature","geometry":{"type":"LineString","coordinates":[[77.17711559026509,28.61243258295254],[77.1773163003792,28.612248899678754],[77.17731071730199,28.611978301330296],[77.17781434976602,28.611609291488968],[77.17780690417568,28.6112484937741],[77.17790725762728,28.61115665173679],[77.17788492073359,28.610074258523976]]},"properties":{"id":"L01224","strahler":2,"length_m":299.0,"drop_m":7.99,"gradient":0.02672,"area_ha":14.68,"on_drain_share":0.0,"downstream":"L01240"}},{"type":"Feature","geometry":{"type":"LineString","coordinates":[[77.2723772399581,28.61086870499863],[77.27164625200588,28.610159150592093],[77.2714418373172,28.610162576946816],[77.26987962739095,28.608835357759986],[77.26906197766968,28.6088490501013],[77.2688556261849,28.608762278540397]]},"properties":{"id":"L01223","strahler":1,"length_m":445.3,"drop_m":-0.06,"gradient":0.0,"area_ha":7.31,"on_drain_share":0.0,"downstream":"L01246"}},{"type":"Feature","geometry":{"type":"LineString","coordinates":[[77.26154121216027,28.610959745840255],[77.26133486177848,28.610872962728696]]},"properties":{"id":"L01182","strahler":1,"length_m":24.1,"drop_m":0.2,"gradient":0.0084,"area_ha":4.27,"on_drain_share":0.0,"downstream":"L01158"}},{"type":"Feature","geometry":{"type":"LineString","coordinates":[[77.28535562688946,28.610560233411398],[77.28525146702987,28.6104717641597],[77.28504705367486,28.610475211059885],[77.28442209911655,28.60994439263581],[77.28459917703327,28.608678246415725]]},"properties":{"id":"L01216","strahler":2,"length_m":267.3,"drop_m":4.25,"gradient":0.01589,"area_ha":30.52,"on_drain_share":0.0,"downstream":"L01229"}},{"type":"Feature","geometry":{"type":"LineString","coordinates":[[77.2863601076262,28.609731258635556],[77.28556004036496,28.61055678603667],[77.28535562688946,28.610560233411398]]},"properties":{"id":"L01183","strahler":1,"length_m":143.1,"drop_m":0.08,"gradient":0.00058,"area_ha":5.54,"on_drain_share":0.0,"downstream":"L01216"}},{"type":"Feature","geometry":{"type":"LineString","coordinates":[[77.17046781448542,28.61235875802114],[77.17016116496741,28.61236366896896],[77.16995302240962,28.61218654277174]]},"properties":{"id":"L01186","strahler":1,"length_m":58.3,"drop_m":1.34,"gradient":0.02296,"area_ha":4.32,"on_drain_share":0.0,"downstream":null}},{"type":"Feature","geometry":{"type":"LineString","coordinates":[[77.25673545871454,28.61094963322672],[77.25683573900059,28.610857736531326],[77.25682802362515,28.61049695811987],[77.2569283034236,28.610405061378987],[77.25691287247159,28.609683504532907],[77.2570112225618,28.609501413159958]]},"properties":{"id":"L01201","strahler":6,"length_m":172.4,"drop_m":0.0,"gradient":0.0,"area_ha":4922.52,"on_drain_share":0.0,"downstream":"L01238"}},{"type":"Feature","geometry":{"type":"LineString","coordinates":[[77.26646227077416,28.606817344055866],[77.26626173500878,28.60700115036033],[77.2649330736659,28.60702336116474],[77.26372982944731,28.608126182477406],[77.26374143679705,28.608667347692563],[77.26324007528244,28.609126853938715],[77.26324587790313,28.6093974366041],[77.26304533160729,28.609581238673982],[77.2630550020367,28.61003220980695],[77.26285445426068,28.610216011665052],[77.26234728112937,28.61040493238149],[77.26184590545407,28.6108644341651],[77.26133486177848,28.610872962728696]]},"properties":{"id":"L01185","strahler":3,"length_m":774.3,"drop_m":1.03,"gradient":0.00133,"area_ha":111.39,"on_drain_share":0.0,"downstream":"L01158"}},{"type":"Feature","geometry":{"type":"LineString","coordinates":[[77.19888178935345,28.611810472182555],[77.19958412722882,28.61116747407832],[77.1995747274455,28.610716483477304],[77.19926244968245,28.610450865563656],[77.19925117195231,28.609909676664135],[77.19935150442477,28.60981781980895],[77.19934774509338,28.609637423508335],[77.19924365363828,28.609548884038183],[77.19923237642631,28.609007695059834],[77.1999346945737,28.608364696030236],[77.20013911578219,28.608361377672345]]},"properties":{"id":"L01244","strahler":2,"length_m":478.7,"drop_m":-1.0,"gradient":0.0,"area_ha":33.66,"on_drain_share":0.0,"downstream":"L01242"}},{"type":"Feature","geometry":{"type":"LineString","coordinates":[[77.19816253337675,28.611641683337915],[77.19867360280365,28.611633392679916],[77.19888178935345,28.611810472182555]]},"properties":{"id":"L01187","strahler":1,"length_m":78.3,"drop_m":2.77,"gradient":0.03538,"area_ha":4.25,"on_drain_share":0.0,"downstream":"L01244"}},{"type":"Feature","geometry":{"type":"LineString","coordinates":[[77.1919274690068,28.611742674426456],[77.19264296982539,28.611731099832422],[77.19284365003699,28.611547395074574],[77.19314841803421,28.61145223445229],[77.19314466904649,28.61127183744315],[77.19324500836755,28.611179984767432],[77.19416493219795,28.61116509378131],[77.19436748410244,28.611071585392782],[77.19436373309105,28.61089118852113],[77.19466287041074,28.610525429382356],[77.19414242863583,28.61008271234036],[77.19404021595761,28.61008436712824],[77.19403646565893,28.609903970190693],[77.19423714004502,28.60972026364452],[77.19474445006968,28.609531591427537],[77.19504545843265,28.609256030080957]]},"properties":{"id":"L01233","strahler":1,"length_m":582.8,"drop_m":3.71,"gradient":0.00637,"area_ha":14.48,"on_drain_share":0.0,"downstream":"L01250"}},{"type":"Feature","geometry":{"type":"LineString","coordinates":[[77.23832427595181,28.61062338661364],[77.23874077000487,28.610977416249796],[77.23904740131053,28.61097235042183],[77.23914769797028,28.61088046596191],[77.23914195674938,28.610609878863958],[77.239442844977,28.61033422513486],[77.24005610347841,28.610324089818445],[77.24047260170994,28.610678113884774],[77.24047451658357,28.610768309502237]]},"properties":{"id":"L01190","strahler":5,"length_m":299.7,"drop_m":5.93,"gradient":0.01978,"area_ha":1979.23,"on_drain_share":0.0,"downstream":"L01157"}},{"type":"Feature","geometry":{"type":"LineString","coordinates":[[77.18027124076767,28.61175024553815],[77.17975830139093,28.611668267553338],[77.17788492073359,28.610074258523976]]},"properties":{"id":"L01225","strahler":1,"length_m":308.7,"drop_m":-0.71,"gradient":0.0,"area_ha":13.92,"on_drain_share":0.0,"downstream":"L01240"}},{"type":"Feature","geometry":{"type":"LineString","coordinates":[[77.26715105824474,28.610324653257525],[77.26745380588255,28.610139135395624]]},"properties":{"id":"L01193","strahler":1,"length_m":38.3,"drop_m":-0.4,"gradient":0.0,"area_ha":4.21,"on_drain_share":0.0,"downstream":"L01213"}},{"type":"Feature","geometry":{"type":"LineString","coordinates":[[77.27634583452921,28.609990066089896],[77.27655413946839,28.610167019115128],[77.27696296737277,28.61016015068232],[77.27766673636938,28.609606968105876],[77.2781777681207,28.609598378332358]]},"properties":{"id":"L01198","strahler":1,"length_m":213.1,"drop_m":0.41,"gradient":0.00193,"area_ha":6.59,"on_drain_share":0.0,"downstream":"L01197"}},{"type":"Feature","geometry":{"type":"LineString","coordinates":[[77.24125963378751,28.60922146390325],[77.24126538010461,28.60949205066381],[77.24096449917566,28.60976770807406],[77.24087186580935,28.610220376154786],[77.24047451658357,28.610768309502237]]},"properties":{"id":"L01191","strahler":2,"length_m":203.1,"drop_m":-0.37,"gradient":0.0,"area_ha":29.74,"on_drain_share":0.0,"downstream":"L01157"}},{"type":"Feature","geometry":{"type":"LineString","coordinates":[[77.26745380588255,28.610139135395624],[77.26766015914495,28.61022590898928],[77.26806317462749,28.60994848563292],[77.26816150509363,28.609766387240132],[77.26906391681825,28.60893924396398]]},"properties":{"id":"L01213","strahler":2,"length_m":228.0,"drop_m":3.18,"gradient":0.01396,"area_ha":9.3,"on_drain_share":0.0,"downstream":"L01221"}},{"type":"Feature","geometry":{"type":"LineString","coordinates":[[77.26919327338784,28.610200246533836],[77.26908136955647,28.609750988668694],[77.26948243971871,28.609383367549427],[77.26948050017691,28.609293173718857],[77.26906391681825,28.60893924396398]]},"properties":{"id":"L01214","strahler":2,"length_m":177.3,"drop_m":-0.61,"gradient":0.0,"area_ha":30.86,"on_drain_share":0.0,"downstream":"L01221"}},{"type":"Feature","geometry":{"type":"LineString","coordinates":[[77.23491504539905,28.608965330557915],[77.2357460902641,28.609583215585154],[77.23645964385673,28.609481214687918],[77.23739482326656,28.610187597887005],[77.2378036623085,28.610180847524116],[77.23832427595181,28.61062338661364]]},"properties":{"id":"L01194","strahler":1,"length_m":417.0,"drop_m":0.68,"gradient":0.00163,"area_ha":11.94,"on_drain_share":0.0,"downstream":"L01190"}},{"type":"Feature","geometry":{"type":"LineString","coordinates":[[77.26703722532606,28.609785199251853],[77.26745380588255,28.610139135395624]]},"properties":{"id":"L01195","strahler":1,"length_m":56.6,"drop_m":-0.23,"gradient":0.0,"area_ha":4.5,"on_drain_share":0.0,"downstream":"L01213"}},{"type":"Feature","geometry":{"type":"LineString","coordinates":[[77.2781777681207,28.609598378332358],[77.2783860751071,28.609775328418785]]},"properties":{"id":"L01197","strahler":2,"length_m":28.3,"drop_m":-0.17,"gradient":0.0,"area_ha":19.47,"on_drain_share":0.0,"downstream":"L01138"}},{"type":"Feature","geometry":{"type":"LineString","coordinates":[[77.18915083638389,28.61097549525078],[77.18914709430037,28.610795097745452],[77.1888329701263,28.61043925559327]]},"properties":{"id":"L01209","strahler":1,"length_m":72.4,"drop_m":0.35,"gradient":0.00483,"area_ha":4.71,"on_drain_share":0.0,"downstream":"L01265"}},{"type":"Feature","geometry":{"type":"LineString","coordinates":[[77.20641731599731,28.61033456761882],[77.20683370868663,28.6106887013717],[77.20703813344346,28.610685372366564],[77.20783884942264,28.6098602746305]]},"properties":{"id":"L01218","strahler":3,"length_m":199.7,"drop_m":1.46,"gradient":0.00732,"area_ha":129.54,"on_drain_share":0.0,"downstream":"L01205"}},{"type":"Feature","geometry":{"type":"LineString","coordinates":[[77.27776115623989,28.609244477066582],[77.2781777681207,28.609598378332358]]},"properties":{"id":"L01199","strahler":2,"length_m":56.6,"drop_m":-0.08,"gradient":0.0,"area_ha":12.25,"on_drain_share":0.0,"downstream":"L01197"}},{"type":"Feature","geometry":{"type":"LineString","coordinates":[[77.25170025711897,28.609770212701484],[77.25179476765494,28.609407734743098],[77.25199725905222,28.60931414316902],[77.25198378703271,28.608682778684052],[77.25228270973636,28.608316903620697],[77.25227501072955,28.607956123940834]]},"properties":{"id":"L01237","strahler":1,"length_m":230.7,"drop_m":-0.0,"gradient":0.0,"area_ha":7.57,"on_drain_share":0.0,"downstream":"L01287"}},{"type":"Feature","geometry":{"type":"LineString","coordinates":[[77.17115549359049,28.610994299087594],[77.17074663302003,28.611000848653234],[77.17033220740835,28.610736797333253],[77.17012221322199,28.610469471299385]]},"properties":{"id":"L01217","strahler":1,"length_m":130.7,"drop_m":1.58,"gradient":0.01212,"area_ha":5.18,"on_drain_share":0.0,"downstream":"L01219"}},{"type":"Feature","geometry":{"type":"LineString","coordinates":[[77.17371086906412,28.61095333640021],[77.17350643922248,28.610956615185536],[77.17256979276392,28.610159568120448],[77.17164986442569,28.610174312115102],[77.17134878885996,28.61044982488914],[77.17063328655364,28.610461286642092],[77.17042514722937,28.610284160964323],[77.17011850372796,28.610289071491177],[77.17012221322199,28.610469471299385]]},"properties":{"id":"L01222","strahler":1,"length_m":428.0,"drop_m":2.89,"gradient":0.00675,"area_ha":12.59,"on_drain_share":0.0,"downstream":"L01219"}},{"type":"Feature","geometry":{"type":"LineString","coordinates":[[77.18546552742917,28.61076428842731],[77.18597659696172,28.610756045859482],[77.18607694243792,28.610664198174586],[77.18607133727576,28.61039360134542],[77.18627202723339,28.61020990580665],[77.18627015870595,28.610119706870638],[77.18543751010914,28.609411303630086]]},"properties":{"id":"L01231","strahler":1,"length_m":245.6,"drop_m":0.86,"gradient":0.00351,"area_ha":7.38,"on_drain_share":0.0,"downstream":"L01264"}},{"type":"Feature","geometry":{"type":"LineString","coordinates":[[77.20147349693433,28.608610394957154],[77.2023062396145,28.609318694146438],[77.20230812177823,28.609408892121937],[77.20281917897131,28.609400586428425],[77.20292327307943,28.609489122995875],[77.20353465867831,28.609388955225157],[77.20374284816835,28.60956602710524],[77.2035440748576,28.609839944711396],[77.203549724669,28.61011053838737],[77.20365570347714,28.610289272194528],[77.20396610741332,28.610464681544585],[77.20529486746607,28.610443065764958],[77.20569806101078,28.610165818869298],[77.20610690877858,28.610159164086408],[77.20641731599731,28.61033456761882]]},"properties":{"id":"L01210","strahler":3,"length_m":671.1,"drop_m":3.39,"gradient":0.00506,"area_ha":115.84,"on_drain_share":0.0,"downstream":"L01218"}},{"type":"Feature","geometry":{"type":"LineString","coordinates":[[77.27693572426814,28.608897443649226],[77.27714402783954,28.6090743958596],[77.27776115623989,28.609244477066582]]},"properties":{"id":"L01202","strahler":1,"length_m":96.6,"drop_m":0.0,"gradient":2e-05,"area_ha":6.39,"on_drain_share":0.0,"downstream":"L01199"}},{"type":"Feature","geometry":{"type":"LineString","coordinates":[[77.28317806246518,28.609153324871347],[77.28347882462383,28.608877579983893]]},"properties":{"id":"L01211","strahler":1,"length_m":42.4,"drop_m":0.14,"gradient":0.00331,"area_ha":5.13,"on_drain_share":0.0,"downstream":"L01228"}},{"type":"Feature","geometry":{"type":"LineString","coordinates":[[77.28981944675151,28.608951046803917],[77.29002581353431,28.60903778541915]]},"properties":{"id":"L01203","strahler":1,"length_m":24.1,"drop_m":-0.24,"gradient":0.0,"area_ha":4.65,"on_drain_share":0.0,"downstream":null}},{"type":"Feature","geometry":{"type":"LineString","coordinates":[[77.20783884942264,28.6098602746305],[77.20814548393088,28.609855278866007],[77.20814359674586,28.60976508125172],[77.20854677973747,28.609487826403527],[77.20917137453435,28.610019016415652],[77.2098868553634,28.610007351463956],[77.20998717810404,28.609915487234563],[77.21060800370353,28.610266275121063],[77.21081242712103,28.610262940470324],[77.21101307117345,28.610079210642827],[77.2113197056594,28.61007420766502],[77.21163201064502,28.61033979618408]]},"properties":{"id":"L01205","strahler":4,"length_m":458.7,"drop_m":4.09,"gradient":0.00892,"area_ha":611.92,"on_drain_share":0.0,"downstream":"L01164"}},{"type":"Feature","geometry":{"type":"LineString","coordinates":[[77.21341885386705,28.60778423485203],[77.21181375012858,28.609254091301842],[77.2118288726127,28.609975670442765],[77.21162823025112,28.610159401392387],[77.21163201064502,28.61033979618408]]},"properties":{"id":"L01206","strahler":2,"length_m":354.6,"drop_m":2.03,"gradient":0.00572,"area_ha":29.39,"on_drain_share":0.0,"downstream":"L01164"}},{"type":"Feature","geometry":{"type":"LineString","coordinates":[[77.2570112225618,28.609501413159958],[77.25710185651106,28.608958543305082],[77.25739497390879,28.608322074120572],[77.25738725743392,28.607961295713572],[77.25748753446366,28.607869398689743]]},"properties":{"id":"L01238","strahler":6,"length_m":200.7,"drop_m":0.0,"gradient":0.0,"area_ha":4942.97,"on_drain_share":0.0,"downstream":"L01308"}},{"type":"Feature","geometry":{"type":"LineString","coordinates":[[77.2771362436484,28.60871362243577],[77.27776115623989,28.609244477066582]]},"properties":{"id":"L01207","strahler":1,"length_m":84.9,"drop_m":-0.42,"gradient":0.0,"area_ha":5.46,"on_drain_share":0.0,"downstream":"L01199"}},{"type":"Feature","geometry":{"type":"LineString","coordinates":[[77.27367408015371,28.604621346285246],[77.27502603036213,28.605681374011912],[77.27574339406921,28.605759556712115],[77.27605583701688,28.606024988451917],[77.27687540648645,28.606101448582585],[77.27697955520604,28.606189924972682],[77.2773883675918,28.606183056127406],[77.27780496546447,28.606536959443773],[77.27821961932068,28.606800667987848],[77.27842402653692,28.60679723178295],[77.27904698557295,28.607237887628727],[77.27955605739332,28.607139100075038],[77.27985682424826,28.60686336294437],[77.28006123135245,28.606859924264633],[77.28026953554435,28.60703687164748],[77.28047394292554,28.6070334323266],[77.28286949484335,28.60906829720803],[77.2830739057858,28.609064853745053],[77.28347882462383,28.608877579983893]]},"properties":{"id":"L01212","strahler":3,"length_m":1202.7,"drop_m":-0.18,"gradient":0.0,"area_ha":96.97,"on_drain_share":0.0,"downstream":"L01228"}},{"type":"Feature","geometry":{"type":"LineString","coordinates":[[77.1888329701263,28.61043925559327],[77.18882922866906,28.610258858035277],[77.18892957107045,28.61016700839165],[77.1889183464335,28.609625815715184],[77.18808381534302,28.60882723061981],[77.18806511605037,28.60792524211039],[77.18744063385904,28.607393948124926]]},"properties":{"id":"L01265","strahler":3,"length_m":402.1,"drop_m":0.6,"gradient":0.00149,"area_ha":124.94,"on_drain_share":0.0,"downstream":"L01279"}},{"type":"Feature","geometry":{"type":"LineString","coordinates":[[77.22654911990973,28.60982485493692],[77.22663800933863,28.609191800253928],[77.22683481608861,28.60882765562698],[77.22713573368114,28.60855202766955],[77.2271205074934,28.607830455878254],[77.22680817392119,28.607564904729298],[77.22619492589294,28.60757497924064],[77.2260946202026,28.607666854601593],[77.22558167755001,28.607585050981758],[77.22474690209062,28.606786705964048]]},"properties":{"id":"L01268","strahler":1,"length_m":538.7,"drop_m":1.4,"gradient":0.0026,"area_ha":14.96,"on_drain_share":0.0,"downstream":"L01273"}},{"type":"Feature","geometry":{"type":"LineString","coordinates":[[77.28347882462383,28.608877579983893],[77.28418254890536,28.608324365877404],[77.28448916286409,28.608319197720782],[77.28458941513793,28.608227281952782]]},"properties":{"id":"L01228","strahler":3,"length_m":139.0,"drop_m":0.01,"gradient":0.00011,"area_ha":104.63,"on_drain_share":0.0,"downstream":"L01318"}},{"type":"Feature","geometry":{"type":"LineString","coordinates":[[77.19291775013198,28.610192763249817],[77.19342131584168,28.60982369871994],[77.19403271539471,28.609723573247898],[77.19464036234123,28.609443048201197],[77.19484103479203,28.60925934085405]]},"properties":{"id":"L01232","strahler":1,"length_m":231.4,"drop_m":1.29,"gradient":0.00556,"area_ha":5.99,"on_drain_share":0.0,"downstream":"L01235"}},{"type":"Feature","geometry":{"type":"LineString","coordinates":[[77.26906391681825,28.60893924396398],[77.2688556261849,28.608762278540397]]},"properties":{"id":"L01221","strahler":3,"length_m":28.3,"drop_m":0.13,"gradient":0.00467,"area_ha":40.75,"on_drain_share":0.0,"downstream":"L01246"}},{"type":"Feature","geometry":{"type":"LineString","coordinates":[[77.28459917703327,28.608678246415725],[77.28458941513793,28.608227281952782]]},"properties":{"id":"L01229","strahler":3,"length_m":50.0,"drop_m":-1.21,"gradient":0.0,"area_ha":117.9,"on_drain_share":0.0,"downstream":"L01318"}},{"type":"Feature","geometry":{"type":"LineString","coordinates":[[77.17012221322199,28.610469471299385],[77.17001999853008,28.610471107999935]]},"properties":{"id":"L01219","strahler":2,"length_m":10.0,"drop_m":0.0,"gradient":0.0,"area_ha":18.26,"on_drain_share":0.0,"downstream":null}},{"type":"Feature","geometry":{"type":"LineString","coordinates":[[77.20675638447666,28.60699059528601],[77.20654819564233,28.606813527974506],[77.2055468410441,28.607822340044436],[77.20566036028363,28.6083618634351],[77.2071177096864,28.609601335687728],[77.20721992099695,28.6095996710672],[77.20732590524796,28.60977840170151],[77.20783884942264,28.6098602746305]]},"properties":{"id":"L01220","strahler":4,"length_m":530.1,"drop_m":2.85,"gradient":0.00537,"area_ha":470.8,"on_drain_share":0.0,"downstream":"L01205"}},{"type":"Feature","geometry":{"type":"LineString","coordinates":[[77.24259026104555,28.609289679030965],[77.24186330542793,28.608760342957567],[77.24165888924327,28.608763724260395],[77.24125963378751,28.60922146390325]]},"properties":{"id":"L01227","strahler":1,"length_m":181.4,"drop_m":8.17,"gradient":0.04505,"area_ha":5.44,"on_drain_share":0.0,"downstream":"L01191"}},{"type":"Feature","geometry":{"type":"LineString","coordinates":[[77.26036861904181,28.608723643873983],[77.259448757976,28.608738982834872],[77.25914792948863,28.60901467788464],[77.25873910096516,28.60902149235276],[77.25748946364739,28.60795959328845],[77.25748753446366,28.607869398689743]]},"properties":{"id":"L01239","strahler":1,"length_m":352.1,"drop_m":3.15,"gradient":0.00895,"area_ha":11.14,"on_drain_share":0.0,"downstream":"L01308"}},{"type":"Feature","geometry":{"type":"LineString","coordinates":[[77.2688556261849,28.608762278540397],[77.26666861663298,28.606904119612306],[77.26646227077416,28.606817344055866]]},"properties":{"id":"L01246","strahler":3,"length_m":321.1,"drop_m":-0.69,"gradient":0.0,"area_ha":55.43,"on_drain_share":0.0,"downstream":"L01185"}},{"type":"Feature","geometry":{"type":"LineString","coordinates":[[77.23984478734322,28.60518462476072],[77.24025934910577,28.605448455195944],[77.24026892057496,28.605899433683817],[77.23996804645913,28.6061750885889],[77.23990412237112,28.607980691757717],[77.24001015836377,28.6081593938727],[77.240947262578,28.60895594762231],[77.24115167923453,28.608952567371613],[77.24125580295343,28.609041072722956],[77.24125963378751,28.60922146390325]]},"properties":{"id":"L01226","strahler":1,"length_m":554.6,"drop_m":6.97,"gradient":0.01258,"area_ha":20.09,"on_drain_share":0.0,"downstream":"L01191"}},{"type":"Feature","geometry":{"type":"LineString","coordinates":[[77.17788492073359,28.610074258523976],[77.17747048257151,28.60981022978336],[77.17746676062445,28.609629830839353],[77.17726047307004,28.60954291566291],[77.17765815959235,28.60899514996207]]},"properties":{"id":"L01240","strahler":2,"length_m":173.1,"drop_m":1.19,"gradient":0.00686,"area_ha":34.47,"on_drain_share":0.0,"downstream":"L01277"}},{"type":"Feature","geometry":{"type":"LineString","coordinates":[[77.28458941513793,28.608227281952782],[77.28589267883574,28.60703237101579],[77.2859909752226,28.606850261506818],[77.28585165998172,28.60513832130279],[77.28522673522997,28.604607504638402],[77.28521501974436,28.60406634719154],[77.28479645687031,28.603622274464012],[77.28479255256703,28.603441888573204]]},"properties":{"id":"L01318","strahler":4,"length_m":633.6,"drop_m":0.1,"gradient":0.00016,"area_ha":231.33,"on_drain_share":0.0,"downstream":"L01327"}},{"type":"Feature","geometry":{"type":"LineString","coordinates":[[77.18513647473495,28.60968684500909],[77.18543751010914,28.609411303630086]]},"properties":{"id":"L01230","strahler":1,"length_m":42.4,"drop_m":-0.27,"gradient":0.0,"area_ha":4.99,"on_drain_share":0.0,"downstream":"L01264"}},{"type":"Feature","geometry":{"type":"LineString","coordinates":[[77.25044106051098,28.608257270172636],[77.25054134422625,28.608165377940363],[77.25084796488053,28.60816028588151],[77.25126641180665,28.608604470292235],[77.25187965527935,28.60859428206033],[77.25208022047404,28.608410495512736],[77.25227501072955,28.607956123940834]]},"properties":{"id":"L01236","strahler":1,"length_m":257.3,"drop_m":0.87,"gradient":0.0034,"area_ha":6.52,"on_drain_share":0.0,"downstream":"L01287"}},{"type":"Feature","geometry":{"type":"LineString","coordinates":[[77.21610280208466,28.609003568799437],[77.21740689788628,28.607809273226305],[77.21740310802383,28.607628879073218],[77.21780625695581,28.607351598371743]]},"properties":{"id":"L01256","strahler":1,"length_m":256.3,"drop_m":-0.07,"gradient":0.0,"area_ha":9.27,"on_drain_share":0.0,"downstream":"L01263"}},{"type":"Feature","geometry":{"type":"LineString","coordinates":[[77.18543751010914,28.609411303630086],[77.18573854391398,28.609135761657175],[77.1859429685625,28.60913246462034],[77.18644468712556,28.608673225970918],[77.18664911078207,28.60866992791806],[77.18755219148696,28.607843292917696],[77.18744063385904,28.607393948124926]]},"properties":{"id":"L01264","strahler":2,"length_m":334.6,"drop_m":1.64,"gradient":0.00489,"area_ha":17.66,"on_drain_share":0.0,"downstream":"L01279"}},{"type":"Feature","geometry":{"type":"LineString","coordinates":[[77.19473882295881,28.60926099612514],[77.19484103479203,28.60925934085405]]},"properties":{"id":"L01234","strahler":1,"length_m":10.0,"drop_m":0.0,"gradient":0.0,"area_ha":6.07,"on_drain_share":0.0,"downstream":"L01235"}},{"type":"Feature","geometry":{"type":"LineString","coordinates":[[77.19484103479203,28.60925934085405],[77.19504545843265,28.609256030080957]]},"properties":{"id":"L01235","strahler":2,"length_m":20.0,"drop_m":-0.09,"gradient":0.0,"area_ha":12.16,"on_drain_share":0.0,"downstream":"L01250"}},{"type":"Feature","geometry":{"type":"LineString","coordinates":[[77.19504545843265,28.609256030080957],[77.19545430561041,28.609249407611244],[77.19676052939442,28.608145496233984],[77.19696495061505,28.608142182684567],[77.19746661391821,28.607682906021914],[77.19777700058356,28.607858330602717],[77.19798142110855,28.607855015551213]]},"properties":{"id":"L01250","strahler":2,"length_m":368.7,"drop_m":0.41,"gradient":0.00112,"area_ha":31.28,"on_drain_share":0.0,"downstream":"L01260"}},{"type":"Feature","geometry":{"type":"LineString","coordinates":[[77.22039372164792,28.60884310846521],[77.21988267323017,28.608851480249655],[77.21967445989493,28.608674434577622],[77.21936593453147,28.608589259281406],[77.21853119491134,28.607790873900328],[77.21822456855448,28.607795892821756],[77.21780815220524,28.60744179542796],[77.21780625695581,28.607351598371743]]},"properties":{"id":"L01257","strahler":1,"length_m":332.1,"drop_m":1.86,"gradient":0.00561,"area_ha":10.66,"on_drain_share":0.0,"downstream":"L01263"}},{"type":"Feature","geometry":{"type":"LineString","coordinates":[[77.25227501072955,28.607956123940834],[77.25227308599996,28.607865929017574],[77.25247557405969,28.607772336898464],[77.2537792187092,28.606577714727024],[77.25408968642742,28.606753005258458],[77.2540935388209,28.606933394907323],[77.254297949714,28.606929995056774],[77.25449658094885,28.606656010499204],[77.25469906455065,28.606562415281424],[77.25449080140568,28.60638542608807],[77.25458722657334,28.606113141527537],[77.25437896454505,28.605936152091072],[77.25437318547579,28.605665567629277],[77.25426905501111,28.605577072751682],[77.25456988787643,28.605301388244317]]},"properties":{"id":"L01287","strahler":2,"length_m":536.0,"drop_m":0.85,"gradient":0.00159,"area_ha":20.9,"on_drain_share":0.0,"downstream":"L01336"}},{"type":"Feature","geometry":{"type":"LineString","coordinates":[[77.25748753446366,28.607869398689743],[77.25768422934617,28.607505215264105],[77.2576668658418,28.606693463883076],[77.2578674169586,28.606509669486986],[77.25795225675326,28.605696215438343],[77.25815280557158,28.605512420729283],[77.25814508740693,28.605151642361708],[77.25844590838777,28.604875949866717],[77.25844204888895,28.604695560705178],[77.25874286783147,28.604419867650318],[77.25883928037413,28.604147580707657]]},"properties":{"id":"L01308","strahler":6,"length_m":468.0,"drop_m":0.5,"gradient":0.00107,"area_ha":4967.17,"on_drain_share":0.0,"downstream":"L01312"}},{"type":"Feature","geometry":{"type":"LineString","coordinates":[[77.20013911578219,28.608361377672345],[77.2005554804937,28.608715532405792],[77.20127095665023,28.60870391340097],[77.20147349693433,28.608610394957154]]},"properties":{"id":"L01242","strahler":3,"length_m":150.7,"drop_m":0.94,"gradient":0.00623,"area_ha":95.49,"on_drain_share":0.0,"downstream":"L01210"}},{"type":"Feature","geometry":{"type":"LineString","coordinates":[[77.2716843932365,28.6071810452189],[77.2705601437451,28.607199884890022],[77.27015908532199,28.60756750862852],[77.2691350964489,28.607494430824843],[77.26903095250391,28.607405948118704],[77.26841772320608,28.607416213530733],[77.26810529382549,28.60715076336649],[77.2676945372171,28.607067410463884],[77.26748625265303,28.606890442550743],[77.26728184370143,28.60689386227778],[77.2667630731149,28.606541634107764]]},"properties":{"id":"L01258","strahler":1,"length_m":546.3,"drop_m":-2.08,"gradient":0.0,"area_ha":10.67,"on_drain_share":0.0,"downstream":"L01253"}},{"type":"Feature","geometry":{"type":"LineString","coordinates":[[77.17518646173308,28.60813254779037],[77.1754986754667,28.60839822496976],[77.17590752466748,28.60839166161856],[77.17620858211956,28.608116139595825],[77.17620486258976,28.607935740455112],[77.17630707440705,28.60793409922461],[77.1765152180689,28.608111215636708],[77.17652823852322,28.60874261245939],[77.17673266366728,28.608739329349525],[77.17694080968134,28.60891644496323],[77.17714523510574,28.60891316121317],[77.1772493085316,28.60900171871809],[77.17765815959235,28.60899514996207]]},"properties":{"id":"L01241","strahler":2,"length_m":375.6,"drop_m":3.5,"gradient":0.00931,"area_ha":22.88,"on_drain_share":0.0,"downstream":"L01277"}},{"type":"Feature","geometry":{"type":"LineString","coordinates":[[77.17765815959235,28.60899514996207],[77.17796479779814,28.60899022258692],[77.17886795316868,28.60816364168132],[77.17907237687315,28.60816035510464],[77.17927307576565,28.60797666944933],[77.17989566014887,28.60841780375554],[77.18030450822745,28.60841122714235],[77.18080811327816,28.60804220748084],[77.18101440035825,28.608129117272455],[77.18152545865637,28.608120892172654],[77.1821256746719,28.60747962499395],[77.18283182446118,28.607017107780333]]},"properties":{"id":"L01277","strahler":3,"length_m":658.4,"drop_m":7.13,"gradient":0.01083,"area_ha":73.87,"on_drain_share":0.0,"downstream":"L01284"}},{"type":"Feature","geometry":{"type":"LineString","coordinates":[[77.2021739161884,28.607877187162337],[77.20187104955089,28.6080625651496],[77.20147349693433,28.608610394957154]]},"properties":{"id":"L01243","strahler":1,"length_m":114.9,"drop_m":0.09,"gradient":0.00078,"area_ha":4.9,"on_drain_share":0.0,"downstream":"L01210"}},{"type":"Feature","geometry":{"type":"LineString","coordinates":[[77.22998805112597,28.608053986779048],[77.23048956157069,28.607594595762563],[77.23027942832181,28.607327370924995]]},"properties":{"id":"L01249","strahler":1,"length_m":109.0,"drop_m":1.57,"gradient":0.01444,"area_ha":7.16,"on_drain_share":0.0,"downstream":"L01296"}},{"type":"Feature","geometry":{"type":"LineString","coordinates":[[77.1993082741995,28.60774326203462],[77.20013911578219,28.608361377672345]]},"properties":{"id":"L01245","strahler":2,"length_m":109.0,"drop_m":-0.66,"gradient":0.0,"area_ha":59.2,"on_drain_share":0.0,"downstream":"L01242"}},{"type":"Feature","geometry":{"type":"LineString","coordinates":[[77.19122990782105,28.607693653714932],[77.19133211837783,28.607692001171422],[77.19143807443514,28.607870745862346],[77.19185253661357,28.608134730444917],[77.19215354925194,28.607859175278005],[77.19306407414288,28.607393300476126],[77.19326287158583,28.60711939692271],[77.19356950114472,28.60711443455486],[77.19397084101028,28.606747022933316],[77.19396521653144,28.606476427379256],[77.19375704886262,28.606299339163485],[77.19405992618933,28.606113978772292],[77.1946600515504,28.6054726606506],[77.1943459267828,28.60511683117532],[77.19454284171283,28.604752727564208],[77.19453909138474,28.604572330545718],[77.19432905183655,28.60430504448699],[77.19432155208442,28.603944250369146],[77.19421559570974,28.60376550788935],[77.19461879640293,28.603488293525142],[77.19502762136875,28.60348167355839]]},"properties":{"id":"L01341","strahler":1,"length_m":871.5,"drop_m":3.58,"gradient":0.00411,"area_ha":20.41,"on_drain_share":0.0,"downstream":"L01346"}},{"type":"Feature","geometry":{"type":"LineString","coordinates":[[77.21328638274436,28.606342746670514],[77.21308574953753,28.606526479349917],[77.21310466145596,28.60742845284898],[77.21341885386705,28.60778423485203]]},"properties":{"id":"L01247","strahler":1,"length_m":180.7,"drop_m":0.46,"gradient":0.00257,"area_ha":6.91,"on_drain_share":0.0,"downstream":"L01206"}},{"type":"Feature","geometry":{"type":"LineString","coordinates":[[77.21402075626216,28.60723303433868],[77.21341885386705,28.60778423485203]]},"properties":{"id":"L01248","strahler":1,"length_m":84.9,"drop_m":-0.45,"gradient":0.0,"area_ha":6.46,"on_drain_share":0.0,"downstream":"L01206"}},{"type":"Feature","geometry":{"type":"LineString","coordinates":[[77.23355197273904,28.607363706182394],[77.23365227127029,28.607271825671564],[77.23251082137209,28.60647858463131],[77.2317972825813,28.6065805638485],[77.23139226938828,28.606767687792097],[77.23079046574553,28.607318960363926],[77.23027942832181,28.607327370924995]]},"properties":{"id":"L01251","strahler":1,"length_m":418.7,"drop_m":2.06,"gradient":0.00493,"area_ha":13.92,"on_drain_share":0.0,"downstream":"L01296"}},{"type":"Feature","geometry":{"type":"LineString","coordinates":[[77.17283743850409,28.608260457200874],[77.17345071253982,28.60825062379179],[77.17375177641206,28.607975106898966],[77.17374620345844,28.607704507737882],[77.17414947652718,28.607427350716133],[77.17455832233613,28.607420791635917],[77.17487053235689,28.607686470488872],[77.17487610818748,28.60795706944826],[77.17518646173308,28.60813254779037]]},"properties":{"id":"L01259","strahler":1,"length_m":335.6,"drop_m":4.88,"gradient":0.01454,"area_ha":11.01,"on_drain_share":0.0,"downstream":"L01241"}},{"type":"Feature","geometry":{"type":"LineString","coordinates":[[77.17457504747398,28.608232588679147],[77.1746754012195,28.608140749001574],[77.17518646173308,28.60813254779037]]},"properties":{"id":"L01254","strahler":1,"length_m":64.1,"drop_m":0.08,"gradient":0.00126,"area_ha":4.62,"on_drain_share":0.0,"downstream":"L01241"}},{"type":"Feature","geometry":{"type":"LineString","coordinates":[[77.19798142110855,28.607855015551213],[77.19808363135812,28.607853357910024],[77.1985834093872,28.607303879199115],[77.198787828728,28.607300562990467],[77.1993082741995,28.60774326203462]]},"properties":{"id":"L01260","strahler":2,"length_m":181.4,"drop_m":3.23,"gradient":0.01783,"area_ha":36.79,"on_drain_share":0.0,"downstream":"L01245"}},{"type":"Feature","geometry":{"type":"LineString","coordinates":[[77.23027942832181,28.607327370924995],[77.22975886348318,28.60688479793136],[77.2294522421,28.606889842096372],[77.22872346029425,28.606270234344258],[77.22841684047891,28.606275276069287],[77.22771281577117,28.606828216161492],[77.22740619412447,28.60683325569083],[77.22719797320818,28.606656222014884],[77.22708815370267,28.606297115541977],[77.22677582502178,28.60603156400664],[77.22676821388325,28.605670777898954],[77.22655619126827,28.605313349935514]]},"properties":{"id":"L01296","strahler":2,"length_m":557.7,"drop_m":0.25,"gradient":0.00045,"area_ha":28.68,"on_drain_share":0.0,"downstream":"L01331"}},{"type":"Feature","geometry":{"type":"LineString","coordinates":[[77.26569069465702,28.604213676936098],[77.26561172295146,28.60529771495186],[77.26613629278363,28.60592053041578],[77.26614984787116,28.606551888981166],[77.26646227077416,28.606817344055866]]},"properties":{"id":"L01252","strahler":1,"length_m":327.3,"drop_m":-0.99,"gradient":0.0,"area_ha":8.27,"on_drain_share":0.0,"downstream":"L01185"}},{"type":"Feature","geometry":{"type":"LineString","coordinates":[[77.2667630731149,28.606541634107764],[77.26646227077416,28.606817344055866]]},"properties":{"id":"L01253","strahler":2,"length_m":42.4,"drop_m":-0.91,"gradient":0.0,"area_ha":29.98,"on_drain_share":0.0,"downstream":"L01185"}},{"type":"Feature","geometry":{"type":"LineString","coordinates":[[77.1977732442474,28.607677934058902],[77.19798142110855,28.607855015551213]]},"properties":{"id":"L01255","strahler":1,"length_m":28.3,"drop_m":0.16,"gradient":0.00562,"area_ha":4.05,"on_drain_share":0.0,"downstream":"L01260"}},{"type":"Feature","geometry":{"type":"LineString","coordinates":[[77.24733643694823,28.606504245845425],[77.24734027776618,28.606684636339917],[77.24765265687402,28.606950137434435],[77.24795927460933,28.60694505210461],[77.24826012861881,28.60666938052102],[77.24866702944405,28.606572402992086],[77.24906816383384,28.606204838851962],[77.24885798860453,28.60593764526129],[77.24885222368064,28.60566705977028],[77.24925335416957,28.60529949526529],[77.24924951030454,28.605119104971383],[77.24934979233436,28.60502721369111],[77.24933057275594,28.604125262192454],[77.24972785156336,28.603577306339876],[77.2497201627969,28.603216525772996],[77.25001907958554,28.60285065586142],[77.24989957733133,28.602040596093293]]},"properties":{"id":"L01356","strahler":3,"length_m":757.7,"drop_m":0.19,"gradient":0.00025,"area_ha":74.89,"on_drain_share":0.0,"downstream":"L01359"}},{"type":"Feature","geometry":{"type":"LineString","coordinates":[[77.19658511282819,28.604629416845242],[77.19708676225262,28.60417014219234],[77.19718896899735,28.604168485420033],[77.19739713760106,28.604345568327897],[77.19760155137875,28.60434225421994],[77.19791380606291,28.604607877403414],[77.19821667078507,28.604422508339663],[77.19842108459903,28.60441919298822],[77.19873334145528,28.60468481415422],[77.19915532379807,28.605309569108687],[77.1991647196829,28.60576056019657],[77.19926880711397,28.605849099981537],[77.19876903919312,28.60639858075794],[77.19888440117283,28.60702831013329],[77.19909257842062,28.607205389901544],[77.19930451526537,28.607562865673568],[77.1993082741995,28.60774326203462]]},"properties":{"id":"L01261","strahler":1,"length_m":674.3,"drop_m":3.29,"gradient":0.00488,"area_ha":21.6,"on_drain_share":0.0,"downstream":"L01245"}},{"type":"Feature","geometry":{"type":"LineString","coordinates":[[77.21780625695581,28.607351598371743],[77.21851034055146,28.606798706747593],[77.21881696395339,28.606793687339394],[77.21892106789261,28.606882211044947],[77.21963652274133,28.606870495816928],[77.21984473224111,28.607047541791175],[77.22045608237488,28.606947299268544],[77.22075701262806,28.60667168478717],[77.22147246515809,28.606659959950914],[77.22188509234225,28.606833651981976],[77.22229392272524,28.60682694910153],[77.22250213630417,28.60700399074975],[77.22270655175708,28.607000638515046],[77.2228068599847,28.606908765526605]]},"properties":{"id":"L01263","strahler":2,"length_m":564.6,"drop_m":0.75,"gradient":0.00133,"area_ha":32.62,"on_drain_share":0.0,"downstream":"L01275"}},{"type":"Feature","geometry":{"type":"LineString","coordinates":[[77.24284705205355,28.606939521671006],[77.24284513545754,28.60684932614939],[77.24384802247585,28.605930453989213],[77.2439502276768,28.60592876187887],[77.24414888518221,28.60565479106101]]},"properties":{"id":"L01280","strahler":1,"length_m":199.7,"drop_m":1.0,"gradient":0.00498,"area_ha":8.84,"on_drain_share":0.0,"downstream":"L01270"}},{"type":"Feature","geometry":{"type":"LineString","coordinates":[[77.26736467309014,28.605990212442595],[77.2667630731149,28.606541634107764]]},"properties":{"id":"L01262","strahler":2,"length_m":84.9,"drop_m":0.07,"gradient":0.00085,"area_ha":17.01,"on_drain_share":0.0,"downstream":"L01253"}},{"type":"Feature","geometry":{"type":"LineString","coordinates":[[77.2840315487913,28.606071264862212],[77.28402569371474,28.605800685977055],[77.2843264445995,28.605524939751255],[77.28451718408193,28.60489014389938],[77.28511867670912,28.604338649049662],[77.28500866640763,28.60397960040828],[77.28469620887184,28.603714190183503],[77.28467864049301,28.602902453587348]]},"properties":{"id":"L01326","strahler":1,"length_m":412.1,"drop_m":0.33,"gradient":0.0008,"area_ha":6.82,"on_drain_share":0.0,"downstream":"L01357"}},{"type":"Feature","geometry":{"type":"LineString","coordinates":[[77.22475070436565,28.606967099239174],[77.22474690209062,28.606786705964048]]},"properties":{"id":"L01267","strahler":1,"length_m":20.0,"drop_m":-0.38,"gradient":0.0,"area_ha":4.16,"on_drain_share":0.0,"downstream":"L01273"}},{"type":"Feature","geometry":{"type":"LineString","coordinates":[[77.20696457400834,28.607167662234815],[77.20675638447666,28.60699059528601]]},"properties":{"id":"L01269","strahler":1,"length_m":28.3,"drop_m":-0.19,"gradient":0.0,"area_ha":4.6,"on_drain_share":0.0,"downstream":"L01220"}},{"type":"Feature","geometry":{"type":"LineString","coordinates":[[77.22156138397659,28.606026906787655],[77.2214610753827,28.606118778878376],[77.22208570984365,28.606649907090272],[77.22229012466904,28.606646555521134],[77.22260244472358,28.60691211790271],[77.2228068599847,28.606908765526605]]},"properties":{"id":"L01266","strahler":3,"length_m":181.4,"drop_m":0.84,"gradient":0.00461,"area_ha":183.31,"on_drain_share":0.0,"downstream":"L01275"}},{"type":"Feature","geometry":{"type":"LineString","coordinates":[[77.2228068599847,28.606908765526605],[77.22310968334263,28.606723342907532],[77.22423396444897,28.606704896935277],[77.22433427100286,28.606613022901154],[77.22474309985051,28.606606312683653]]},"properties":{"id":"L01275","strahler":3,"length_m":202.4,"drop_m":1.45,"gradient":0.00714,"area_ha":219.38,"on_drain_share":0.0,"downstream":"L01295"}},{"type":"Feature","geometry":{"type":"LineString","coordinates":[[77.18744063385904,28.607393948124926],[77.18722686720155,28.606946252647724],[77.18722125995697,28.606675655878398],[77.1873216006514,28.606583807490434]]},"properties":{"id":"L01279","strahler":3,"length_m":102.4,"drop_m":0.54,"gradient":0.00524,"area_ha":143.88,"on_drain_share":0.0,"downstream":"L01311"}},{"type":"Feature","geometry":{"type":"LineString","coordinates":[[77.22474690209062,28.606786705964048],[77.22474309985051,28.606606312683653]]},"properties":{"id":"L01273","strahler":2,"length_m":20.0,"drop_m":0.37,"gradient":0.01861,"area_ha":19.19,"on_drain_share":0.0,"downstream":"L01295"}},{"type":"Feature","geometry":{"type":"LineString","coordinates":[[77.24414888518221,28.60565479106101],[77.24455195094495,28.605377435007874],[77.24485856476755,28.605372356943803],[77.2451728524023,28.60572805976989],[77.24568387687455,28.60571959351065],[77.24599624905497,28.60598509885344],[77.24640506941411,28.60597832346205],[77.24733643694823,28.606504245845425]]},"properties":{"id":"L01270","strahler":2,"length_m":382.1,"drop_m":1.59,"gradient":0.00417,"area_ha":42.21,"on_drain_share":0.0,"downstream":"L01356"}},{"type":"Feature","geometry":{"type":"LineString","coordinates":[[77.24689497521379,28.60497770431272],[77.24679469095884,28.605069593893116],[77.24679853062293,28.605249984492957],[77.24700677933252,28.605426986390434],[77.24741559724711,28.60542020807296],[77.24761808560015,28.60532662320649],[77.24762576785837,28.60568740418296],[77.24742519926453,28.605871184346825],[77.24733643694823,28.606504245845425]]},"properties":{"id":"L01271","strahler":2,"length_m":269.0,"drop_m":0.28,"gradient":0.00106,"area_ha":13.15,"on_drain_share":0.0,"downstream":"L01356"}},{"type":"Feature","geometry":{"type":"LineString","coordinates":[[77.20877224714347,28.60560433213855],[77.20857160691494,28.60578805850516],[77.20816277675117,28.605794719792417],[77.20685859328512,28.606988931076256],[77.20675638447666,28.60699059528601]]},"properties":{"id":"L01272","strahler":4,"length_m":262.1,"drop_m":-0.16,"gradient":0.0,"area_ha":452.49,"on_drain_share":0.0,"downstream":"L01220"}},{"type":"Feature","geometry":{"type":"LineString","coordinates":[[77.26787569100023,28.605981662481934],[77.26736467309014,28.605990212442595]]},"properties":{"id":"L01274","strahler":1,"length_m":50.0,"drop_m":0.02,"gradient":0.00049,"area_ha":6.07,"on_drain_share":0.0,"downstream":"L01262"}},{"type":"Feature","geometry":{"type":"LineString","coordinates":[[77.22474309985051,28.606606312683653],[77.22534493321145,28.606055065401332],[77.22564965119032,28.60595983406401],[77.2258502601838,28.605776084029614],[77.22625908536942,28.6057693694205],[77.22655999640148,28.605493743027562],[77.22655619126827,28.605313349935514]]},"properties":{"id":"L01295","strahler":3,"length_m":249.7,"drop_m":0.15,"gradient":0.0006,"area_ha":242.41,"on_drain_share":0.0,"downstream":"L01331"}},{"type":"Feature","geometry":{"type":"LineString","coordinates":[[77.2675652050208,28.605806404696764],[77.26736467309014,28.605990212442595]]},"properties":{"id":"L01276","strahler":1,"length_m":28.3,"drop_m":-0.27,"gradient":0.0,"area_ha":4.92,"on_drain_share":0.0,"downstream":"L01262"}},{"type":"Feature","geometry":{"type":"LineString","coordinates":[[77.28841451529074,28.605455975872584],[77.28830840309277,28.605277316071497],[77.28800179878513,28.605282492362775],[77.28779348617005,28.60510555737113],[77.28748688225053,28.60511073246985],[77.28603066998475,28.603962366685266],[77.28552162111929,28.60406117740154],[77.28479255256703,28.603441888573204]]},"properties":{"id":"L01319","strahler":1,"length_m":459.4,"drop_m":2.84,"gradient":0.00619,"area_ha":18.68,"on_drain_share":0.0,"downstream":"L01327"}},{"type":"Feature","geometry":{"type":"LineString","coordinates":[[77.18096780604665,28.605874134865008],[77.18190447161116,28.606671122944213],[77.18200668181599,28.606669477483667],[77.18232077195061,28.607025337514454],[77.18283182446118,28.607017107780333]]},"properties":{"id":"L01278","strahler":2,"length_m":239.7,"drop_m":1.15,"gradient":0.00482,"area_ha":18.18,"on_drain_share":0.0,"downstream":"L01284"}},{"type":"Feature","geometry":{"type":"LineString","coordinates":[[77.18283182446118,28.607017107780333],[77.18323506927013,28.606739925119808],[77.18364390994104,28.60673333878963],[77.18394494155548,28.606457800863044],[77.18435378094024,28.60645121245178],[77.18456006736186,28.606538116872528]]},"properties":{"id":"L01284","strahler":3,"length_m":199.0,"drop_m":3.22,"gradient":0.01619,"area_ha":94.34,"on_drain_share":0.0,"downstream":"L01281"}},{"type":"Feature","geometry":{"type":"LineString","coordinates":[[77.18456006736186,28.606538116872528],[77.18487229819856,28.60680377147709],[77.1852848735283,28.606977578275607],[77.18548555885314,28.60679388409549],[77.18558216592345,28.606521638857014],[77.18618421572455,28.605970554395252],[77.18649084340213,28.605965608215424],[77.18721939089262,28.60658545695266],[77.1873216006514,28.606583807490434]]},"properties":{"id":"L01281","strahler":4,"length_m":377.0,"drop_m":-0.33,"gradient":0.0,"area_ha":191.65,"on_drain_share":0.0,"downstream":"L01311"}},{"type":"Feature","geometry":{"type":"LineString","coordinates":[[77.25182000166275,28.605798238327118],[77.25222881965995,28.60579144541845],[77.25242937923097,28.605607658616634],[77.25314480904161,28.605595767075766],[77.25314288375758,28.605505572175183],[77.25354592340412,28.605228190708004],[77.25375225685427,28.605314986734133],[77.25405886855395,28.60530988787749],[77.25415914630713,28.605217993263544],[77.25456988787643,28.605301388244317]]},"properties":{"id":"L01293","strahler":1,"length_m":313.1,"drop_m":1.06,"gradient":0.00339,"area_ha":8.35,"on_drain_share":0.0,"downstream":"L01336"}},{"type":"Feature","geometry":{"type":"LineString","coordinates":[[77.26121505106414,28.605280912381897],[77.26070596591094,28.605379631483977],[77.26009853849968,28.60566044199056],[77.2588470005888,28.60450835895556],[77.25903982480267,28.60396378489897]]},"properties":{"id":"L01313","strahler":2,"length_m":374.6,"drop_m":3.76,"gradient":0.01004,"area_ha":20.62,"on_drain_share":0.0,"downstream":"L01385"}},{"type":"Feature","geometry":{"type":"LineString","coordinates":[[77.26193820545362,28.605629752029966],[77.26162579691506,28.605364285636615],[77.26131918666024,28.605369401611505],[77.26121505106414,28.605280912381897]]},"properties":{"id":"L01283","strahler":1,"length_m":86.6,"drop_m":0.45,"gradient":0.0052,"area_ha":4.26,"on_drain_share":0.0,"downstream":"L01313"}},{"type":"Feature","geometry":{"type":"LineString","coordinates":[[77.1873216006514,28.606583807490434],[77.18742007194997,28.606401760120455],[77.18882481982538,28.60511587490681]]},"properties":{"id":"L01311","strahler":4,"length_m":222.1,"drop_m":0.51,"gradient":0.00228,"area_ha":342.23,"on_drain_share":0.0,"downstream":"L01416"}},{"type":"Feature","geometry":{"type":"LineString","coordinates":[[77.2366879027569,28.605778122764992],[77.23668408027893,28.6055977309281],[77.23657996375063,28.605509221617343]]},"properties":{"id":"L01292","strahler":1,"length_m":34.1,"drop_m":0.08,"gradient":0.00238,"area_ha":4.68,"on_drain_share":0.0,"downstream":"L01368"}},{"type":"Feature","geometry":{"type":"LineString","coordinates":[[77.24225938114148,28.603340154415022],[77.24319645580327,28.604136694567238],[77.24331591053928,28.604946762763863],[77.2437323964663,28.605300777639414],[77.24373623093648,28.60548116861263],[77.24394447532967,28.605658175474677],[77.24414888518221,28.60565479106101]]},"properties":{"id":"L01282","strahler":2,"length_m":346.3,"drop_m":1.15,"gradient":0.00333,"area_ha":27.4,"on_drain_share":0.0,"downstream":"L01270"}},{"type":"Feature","geometry":{"type":"LineString","coordinates":[[77.22031213409085,28.604964641470474],[77.22031592850351,28.60514503533813],[77.22052413545812,28.605322080434878],[77.22093296036766,28.605315381980265],[77.22134747948914,28.605579272890985],[77.2215575872977,28.605846513096132],[77.22156138397659,28.606026906787655]]},"properties":{"id":"L01285","strahler":3,"length_m":199.0,"drop_m":1.36,"gradient":0.00685,"area_ha":178.01,"on_drain_share":0.0,"downstream":"L01266"}},{"type":"Feature","geometry":{"type":"LineString","coordinates":[[77.2217620006414,28.605843162408885],[77.22156138397659,28.606026906787655]]},"properties":{"id":"L01286","strahler":1,"length_m":28.3,"drop_m":-0.47,"gradient":0.0,"area_ha":4.12,"on_drain_share":0.0,"downstream":"L01266"}},{"type":"Feature","geometry":{"type":"LineString","coordinates":[[77.2365837860367,28.605689613469444],[77.23657996375063,28.605509221617343]]},"properties":{"id":"L01291","strahler":1,"length_m":20.0,"drop_m":0.07,"gradient":0.00366,"area_ha":4.03,"on_drain_share":0.0,"downstream":"L01368"}},{"type":"Feature","geometry":{"type":"LineString","coordinates":[[77.26321850644257,28.603352714420268],[77.26261689750373,28.603904118240653],[77.26252049508348,28.60417640731976],[77.26131725441302,28.60527920721717],[77.26121505106414,28.605280912381897]]},"properties":{"id":"L01288","strahler":1,"length_m":298.7,"drop_m":-0.14,"gradient":0.0,"area_ha":11.29,"on_drain_share":0.0,"downstream":"L01313"}},{"type":"Feature","geometry":{"type":"LineString","coordinates":[[77.28042912415854,28.60495898904324],[77.28052937720958,28.604867076219126]]},"properties":{"id":"L01289","strahler":1,"length_m":14.1,"drop_m":0.0,"gradient":0.0,"area_ha":4.69,"on_drain_share":0.0,"downstream":"L01317"}},{"type":"Feature","geometry":{"type":"LineString","coordinates":[[77.17905169487115,28.60220554909039],[77.17946610545195,28.602469574673787],[77.1796705180534,28.602466287791625],[77.17977458672691,28.60255484366443],[77.17987493062064,28.60246300060169],[77.18007934315365,28.60245971310398],[77.1803803732147,28.60218418309487],[77.18068699108858,28.60217925063391],[77.18098801871943,28.60190371939353],[77.1813968412828,28.601897140852007],[77.18191719020234,28.60233991247303],[77.18304518620782,28.602502209034576],[77.1843981275198,28.603653392583954],[77.18440932621432,28.604194587373843],[77.18451340041757,28.60428313927611],[77.18451713357585,28.604463537514],[77.18472528288831,28.6046406410171],[77.18452646662162,28.604914533085775],[77.18453206655201,28.605185130413094],[77.18474208424844,28.60545243288852],[77.18444105752556,28.60572797235533],[77.18444479078396,28.605908370563515],[77.18414562842673,28.606274108582053],[77.18456006736186,28.606538116872528]]},"properties":{"id":"L01290","strahler":3,"length_m":1044.7,"drop_m":4.37,"gradient":0.00419,"area_ha":89.04,"on_drain_share":0.0,"downstream":"L01281"}},{"type":"Feature","geometry":{"type":"LineString","coordinates":[[77.25456988787643,28.605301388244317],[77.25477429554346,28.60529798785248],[77.25527182512833,28.60465812209843],[77.25547430425135,28.604564525950174],[77.25547044987792,28.60438413641015],[77.25515806045509,28.60411865393103],[77.25515420669309,28.603938264339778],[77.2556517280545,28.603298397561385],[77.25533741466438,28.602942720508068]]},"properties":{"id":"L01336","strahler":2,"length_m":360.4,"drop_m":-0.19,"gradient":0.0,"area_ha":35.23,"on_drain_share":0.0,"downstream":null}},{"type":"Feature","geometry":{"type":"LineString","coordinates":[[77.28009914039919,28.603881828723775],[77.27979838215039,28.604157565985673],[77.2798042259977,28.604428145735085],[77.28011667429384,28.604693567798982],[77.28052937720958,28.604867076219126]]},"properties":{"id":"L01294","strahler":2,"length_m":163.1,"drop_m":0.31,"gradient":0.00191,"area_ha":17.53,"on_drain_share":0.0,"downstream":"L01317"}},{"type":"Feature","geometry":{"type":"LineString","coordinates":[[77.28052937720958,28.604867076219126],[77.28103063985043,28.60440751111706],[77.28122529623337,28.60395310513008],[77.2821275527595,28.603125882784138],[77.28233195230604,28.60312244109125],[77.28285270338388,28.603564800866152],[77.28336370404774,28.60355619320416],[77.28367420674275,28.603731413713238],[77.28407715306344,28.603453946255417]]},"properties":{"id":"L01317","strahler":2,"length_m":487.7,"drop_m":-0.04,"gradient":0.0,"area_ha":32.24,"on_drain_share":0.0,"downstream":"L01325"}},{"type":"Feature","geometry":{"type":"LineString","coordinates":[[77.23657996375063,28.605509221617343],[77.23657231928384,28.60514843789733],[77.23594380504737,28.60443698798371],[77.23573557575654,28.60425996790853],[77.235531167425,28.60426333949001],[77.23521882526624,28.60399780819673],[77.23491221340849,28.60400286424293],[77.23459796422537,28.603647135309533],[77.2346963491196,28.60346505815476],[77.23468871173517,28.603104273861113],[77.23437828424353,28.602928936372415],[77.23437637519834,28.602838740274237],[77.23457696252156,28.60265497841119],[77.234573144144,28.60247458623073],[77.23487402335144,28.602198942973278],[77.23486829514557,28.60192835473738],[77.23403540992084,28.601220263897435]]},"properties":{"id":"L01368","strahler":2,"length_m":664.3,"drop_m":2.72,"gradient":0.00409,"area_ha":24.3,"on_drain_share":0.0,"downstream":"L01466"}},{"type":"Feature","geometry":{"type":"LineString","coordinates":[[77.26838231238702,28.60101073143021],[77.26868890848795,28.601005600197748],[77.26890105939185,28.601362954893958],[77.26870247607032,28.60163695810246],[77.26871604408909,28.60226831594245],[77.26923673739924,28.602710731590168],[77.26954721639311,28.602885985975185],[77.27036481967173,28.60287229330925],[77.27119600591062,28.60348995235869],[77.27191335323195,28.603568156372102],[77.27222578029227,28.603833597939357],[77.27253238376873,28.603828457555494],[77.27336553214185,28.60453629573005],[77.27367408015371,28.604621346285246]]},"properties":{"id":"L01297","strahler":1,"length_m":778.4,"drop_m":1.87,"gradient":0.0024,"area_ha":17.35,"on_drain_share":0.0,"downstream":"L01212"}},{"type":"Feature","geometry":{"type":"LineString","coordinates":[[77.22655619126827,28.605313349935514],[77.22582743691555,28.604693724920153],[77.22581602575333,28.604152545294337],[77.22621533385914,28.603694848203148],[77.22631183148982,28.603422579745857]]},"properties":{"id":"L01331","strahler":3,"length_m":259.7,"drop_m":0.97,"gradient":0.00373,"area_ha":273.65,"on_drain_share":0.0,"downstream":"L01361"}},{"type":"Feature","geometry":{"type":"LineString","coordinates":[[77.27252850037841,28.603648070127626],[77.27367408015371,28.604621346285246]]},"properties":{"id":"L01298","strahler":3,"length_m":155.6,"drop_m":0.38,"gradient":0.00246,"area_ha":53.64,"on_drain_share":0.0,"downstream":"L01212"}},{"type":"Feature","geometry":{"type":"LineString","coordinates":[[77.20751746432038,28.604271348260124],[77.20835020865533,28.60497961036199],[77.20835398263799,28.60516000569135],[77.20877035975582,28.60551413450594],[77.20877224714347,28.60560433213855]]},"properties":{"id":"L01299","strahler":4,"length_m":199.7,"drop_m":-0.64,"gradient":0.0,"area_ha":445.62,"on_drain_share":0.0,"downstream":"L01272"}},{"type":"Feature","geometry":{"type":"LineString","coordinates":[[77.20897288667469,28.605420605508566],[77.20877224714347,28.60560433213855]]},"properties":{"id":"L01300","strahler":1,"length_m":28.3,"drop_m":-0.38,"gradient":0.0,"area_ha":4.38,"on_drain_share":0.0,"downstream":"L01272"}},{"type":"Feature","geometry":{"type":"LineString","coordinates":[[77.24616035403821,28.604087609176155],[77.24657492570145,28.60435141967879],[77.24668288821901,28.60462031154674],[77.24689113542834,28.604797313717594],[77.24689497521379,28.60497770431272]]},"properties":{"id":"L01301","strahler":1,"length_m":134.9,"drop_m":2.83,"gradient":0.02099,"area_ha":5.59,"on_drain_share":0.0,"downstream":"L01271"}},{"type":"Feature","geometry":{"type":"LineString","coordinates":[[77.24729419028014,28.60451995005795],[77.24689497521379,28.60497770431272]]},"properties":{"id":"L01302","strahler":1,"length_m":66.6,"drop_m":1.53,"gradient":0.02297,"area_ha":4.85,"on_drain_share":0.0,"downstream":"L01271"}},{"type":"Feature","geometry":{"type":"LineString","coordinates":[[77.25833791625273,28.604607069082135],[77.25883928037413,28.604147580707657]]},"properties":{"id":"L01307","strahler":1,"length_m":70.7,"drop_m":0.0,"gradient":0.0,"area_ha":5.96,"on_drain_share":0.0,"downstream":"L01312"}},{"type":"Feature","geometry":{"type":"LineString","coordinates":[[77.27744386616507,28.60401669746288],[77.2775421751552,28.60383459334261],[77.27784877749977,28.60382944093854],[77.27847171589465,28.60427010073854],[77.27898272153355,28.60426150939186],[77.27978669469746,28.603616406451163]]},"properties":{"id":"L01314","strahler":1,"length_m":293.8,"drop_m":0.57,"gradient":0.00196,"area_ha":6.71,"on_drain_share":0.0,"downstream":"L01309"}},{"type":"Feature","geometry":{"type":"LineString","coordinates":[[77.18044744239057,28.605431360541424],[77.18096780604665,28.605874134865008]]},"properties":{"id":"L01303","strahler":1,"length_m":70.7,"drop_m":-0.1,"gradient":0.0,"area_ha":4.17,"on_drain_share":0.0,"downstream":"L01278"}},{"type":"Feature","geometry":{"type":"LineString","coordinates":[[77.18155496510366,28.604601475442816],[77.18155869325783,28.604781874028742],[77.1816627658349,28.6048704282127],[77.18136173214603,28.605145961204858],[77.1811573145888,28.60514925091706],[77.18095662420829,28.605332938965216],[77.18096780604665,28.605874134865008]]},"properties":{"id":"L01304","strahler":1,"length_m":184.9,"drop_m":0.94,"gradient":0.00511,"area_ha":8.92,"on_drain_share":0.0,"downstream":"L01278"}},{"type":"Feature","geometry":{"type":"LineString","coordinates":[[77.21777581342619,28.60103612904613],[77.21808242025148,28.601031112220006],[77.21859911775154,28.601293340577122],[77.21880352269395,28.601289994834982],[77.21921991641923,28.601644090622916],[77.21933539204025,28.602273796551398],[77.21903636549966,28.60263960459643],[77.21904774120775,28.603180786838077],[77.21915184154751,28.603269310596193],[77.21915942591059,28.60363009870077],[77.21947172912604,28.603895669340098],[77.21907238965119,28.60435334819916],[77.21907618185008,28.604533742234974],[77.21938848770624,28.60479931289724],[77.22010392821699,28.60478759598053],[77.22031213409085,28.604964641470474]]},"properties":{"id":"L01305","strahler":3,"length_m":679.4,"drop_m":-0.4,"gradient":0.0,"area_ha":151.36,"on_drain_share":0.0,"downstream":"L01285"}},{"type":"Feature","geometry":{"type":"LineString","coordinates":[[77.22075105977572,28.601528785804497],[77.22075675172124,28.60179937666038],[77.2210709505698,28.60215514068724],[77.22077003323255,28.602430755278075],[77.22068490587066,28.603244202200358],[77.22089880218233,28.603691837703334],[77.22131521253533,28.604045926021158],[77.221322804533,28.604406713554155],[77.22092157399197,28.604774200601994],[77.22071336756035,28.60459715608003],[77.22050895648267,28.60460050505358],[77.22030833971304,28.604784247597554],[77.22031213409085,28.604964641470474]]},"properties":{"id":"L01306","strahler":2,"length_m":527.0,"drop_m":-1.72,"gradient":0.0,"area_ha":23.07,"on_drain_share":0.0,"downstream":"L01285"}},{"type":"Feature","geometry":{"type":"LineString","coordinates":[[77.20323986000112,28.605062777476792],[77.20424309693415,28.60414418023686],[77.20413147419399,28.603694852641144]]},"properties":{"id":"L01334","strahler":1,"length_m":195.6,"drop_m":-1.77,"gradient":0.0,"area_ha":7.84,"on_drain_share":0.0,"downstream":"L01328"}},{"type":"Feature","geometry":{"type":"LineString","coordinates":[[77.25883928037413,28.604147580707657],[77.25903982480267,28.60396378489897]]},"properties":{"id":"L01312","strahler":6,"length_m":28.3,"drop_m":0.0,"gradient":0.0,"area_ha":4973.17,"on_drain_share":0.0,"downstream":"L01385"}},{"type":"Feature","geometry":{"type":"LineString","coordinates":[[77.27978669469746,28.603616406451163],[77.27988889511684,28.603614687380453],[77.28009914039919,28.603881828723775]]},"properties":{"id":"L01309","strahler":2,"length_m":48.3,"drop_m":-0.02,"gradient":0.0,"area_ha":11.08,"on_drain_share":0.0,"downstream":"L01294"}},{"type":"Feature","geometry":{"type":"LineString","coordinates":[[77.28017406632713,28.602617404051834],[77.280299645027,28.603698003555333],[77.28009914039919,28.603881828723775]]},"properties":{"id":"L01310","strahler":1,"length_m":152.4,"drop_m":0.06,"gradient":0.00038,"area_ha":5.8,"on_drain_share":0.0,"downstream":"L01294"}},{"type":"Feature","geometry":{"type":"LineString","coordinates":[[77.18634379739515,28.603802481007005],[77.18655568478941,28.60415997962325],[77.18686791287278,28.604425629823677],[77.18707232824923,28.60442233157908],[77.18728048149075,28.604599430927546],[77.18748489714716,28.60459613204276],[77.18810936199846,28.60512742691758],[77.18831564844916,28.60521432560691],[77.18882481982538,28.60511587490681]]},"properties":{"id":"L01315","strahler":1,"length_m":322.1,"drop_m":0.64,"gradient":0.00198,"area_ha":6.96,"on_drain_share":0.0,"downstream":"L01416"}},{"type":"Feature","geometry":{"type":"LineString","coordinates":[[77.18882481982538,28.60511587490681],[77.18912957390496,28.605020724059628],[77.1895309227014,28.604653325079557],[77.18952718094964,28.604472927451983],[77.18982819024515,28.604197377553493],[77.18970727323925,28.60329704064664],[77.18990420169487,28.60293294300004],[77.19030554019939,28.602565542200168],[77.19070313253577,28.602017742794537],[77.19080533763567,28.60201609094681],[77.19080159411656,28.60183569340317],[77.1905934411207,28.601658599423516],[77.190589698019,28.60147820184474],[77.19027747040693,28.601212560151204],[77.19027185668058,28.600941963705967],[77.19057098302649,28.600576213872102],[77.19035909051338,28.600218721710757],[77.19034786318277,28.599677528758782],[77.18982749506043,28.59923479057229],[77.18982188294726,28.59896419396656],[77.1897196807329,28.598965844912556]]},"properties":{"id":"L01416","strahler":4,"length_m":860.8,"drop_m":5.25,"gradient":0.0061,"area_ha":365.93,"on_drain_share":0.0,"downstream":"L01415"}},{"type":"Feature","geometry":{"type":"LineString","coordinates":[[77.22469937660068,28.604531789580673],[77.22479968079293,28.604439915311563],[77.22551321464165,28.604337973356838],[77.22571382100388,28.604154223641643],[77.2258103202902,28.603881955463663],[77.22631183148982,28.603422579745857]]},"properties":{"id":"L01330","strahler":1,"length_m":221.4,"drop_m":2.41,"gradient":0.01088,"area_ha":6.0,"on_drain_share":0.0,"downstream":"L01361"}},{"type":"Feature","geometry":{"type":"LineString","coordinates":[[77.2583244089582,28.603975706921506],[77.2589260420934,28.60342432088666]]},"properties":{"id":"L01323","strahler":1,"length_m":84.9,"drop_m":0.0,"gradient":0.0,"area_ha":5.66,"on_drain_share":0.0,"downstream":"L01339"}},{"type":"Feature","geometry":{"type":"LineString","coordinates":[[77.25903982480267,28.60396378489897],[77.26295030182497,28.600379714227593],[77.26314696517896,28.60001552434598]]},"properties":{"id":"L01385","strahler":6,"length_m":599.8,"drop_m":0.0,"gradient":0.0,"area_ha":5003.01,"on_drain_share":0.0,"downstream":"L01418"}},{"type":"Feature","geometry":{"type":"LineString","coordinates":[[77.27947814576953,28.60353136992214],[77.27958229383185,28.60361984436181],[77.27978669469746,28.603616406451163]]},"properties":{"id":"L01316","strahler":1,"length_m":34.1,"drop_m":-0.23,"gradient":0.0,"area_ha":4.06,"on_drain_share":0.0,"downstream":"L01309"}},{"type":"Feature","geometry":{"type":"LineString","coordinates":[[77.25204002456765,28.60173436919883],[77.2519628360865,28.60290860240979],[77.2520669619488,28.602997099348844],[77.2521787850822,28.603446376161784],[77.25249116538943,28.60371186606897],[77.25289997512132,28.603705071588497],[77.25321235793676,28.603970559678263],[77.25341676321942,28.603967161476827],[77.2536153918116,28.603693178285738],[77.25361154075244,28.6035127884912],[77.25401264599152,28.603145211172794],[77.25400494272667,28.602784431648136],[77.2541032924152,28.6026023422952],[77.25470494165104,28.60205097410725],[77.25470108899337,28.601870584404605],[77.25490163703134,28.601686794504104],[77.25489393119597,28.601326015123128],[77.25549556924872,28.60077464396842],[77.25580216739932,28.600769541908118],[77.25620518228716,28.600492153758033],[77.25641343577085,28.600669140949226],[77.25642692979073,28.60130050425105],[77.25663518531533,28.601477490971273],[77.25704398523025,28.601470684482752],[77.2573563707634,28.60173616288187],[77.25756077113735,28.601732758676434],[77.2576668290048,28.601911445795817],[77.25768033121223,28.602542808435466],[77.2588238403705,28.603426024148508],[77.2589260420934,28.60342432088666]]},"properties":{"id":"L01324","strahler":4,"length_m":1351.2,"drop_m":8.05,"gradient":0.00596,"area_ha":256.12,"on_drain_share":0.0,"downstream":"L01339"}},{"type":"Feature","geometry":{"type":"LineString","coordinates":[[77.28345614917124,28.60310350628016],[77.28376860187483,28.60336891966802],[77.28407715306344,28.603453946255417]]},"properties":{"id":"L01320","strahler":1,"length_m":76.6,"drop_m":-0.34,"gradient":0.0,"area_ha":4.44,"on_drain_share":0.0,"downstream":"L01325"}},{"type":"Feature","geometry":{"type":"LineString","coordinates":[[77.28407715306344,28.603453946255417],[77.28467864049301,28.602902453587348]]},"properties":{"id":"L01325","strahler":2,"length_m":84.9,"drop_m":0.49,"gradient":0.0058,"area_ha":36.87,"on_drain_share":0.0,"downstream":"L01357"}},{"type":"Feature","geometry":{"type":"LineString","coordinates":[[77.28479255256703,28.603441888573204],[77.28478279196574,28.60299092382306],[77.28467864049301,28.602902453587348]]},"properties":{"id":"L01327","strahler":4,"length_m":64.1,"drop_m":-0.06,"gradient":0.0,"area_ha":250.28,"on_drain_share":0.0,"downstream":"L01357"}},{"type":"Feature","geometry":{"type":"LineString","coordinates":[[77.27051684499133,28.60043363498388],[77.27083119891834,28.600789274469534],[77.27052848341,28.600974798264783],[77.2704340436545,28.60133728565683],[77.2720983422476,28.60266279253906],[77.2721061072772,28.603023567549833],[77.2720077892699,28.603205668233088],[77.27252850037841,28.603648070127626]]},"properties":{"id":"L01321","strahler":2,"length_m":491.8,"drop_m":0.38,"gradient":0.00078,"area_ha":36.82,"on_drain_share":0.0,"downstream":"L01298"}},{"type":"Feature","geometry":{"type":"LineString","coordinates":[[77.27403625578312,28.602449840850415],[77.27393599886872,28.602541749089035],[77.27394571297559,28.60299271728083],[77.27364494001365,28.60326844167993],[77.27282927744892,28.6033723479955],[77.27252850037841,28.603648070127626]]},"properties":{"id":"L01322","strahler":2,"length_m":233.1,"drop_m":0.32,"gradient":0.00135,"area_ha":15.47,"on_drain_share":0.0,"downstream":"L01298"}},{"type":"Feature","geometry":{"type":"LineString","coordinates":[[77.17624756378909,28.60504771245568],[77.17645012207873,28.604954230559375],[77.1768589576871,28.604947665059697],[77.17705965493931,28.60476398272578],[77.17726407230937,28.60476069923091],[77.17776581143198,28.60430149153242],[77.17765988180282,28.60412273460519],[77.17764313580463,28.603310938737476],[77.17864287047453,28.602212120626824],[77.17905169487115,28.60220554909039]]},"properties":{"id":"L01367","strahler":1,"length_m":498.7,"drop_m":5.99,"gradient":0.012,"area_ha":13.13,"on_drain_share":0.0,"downstream":"L01290"}},{"type":"Feature","geometry":{"type":"LineString","coordinates":[[77.20466134069024,28.60458852061236],[77.2043490701722,28.604322913911613],[77.20433965270963,28.603871924303327],[77.20413147419399,28.603694852641144]]},"properties":{"id":"L01335","strahler":1,"length_m":120.7,"drop_m":-1.86,"gradient":0.0,"area_ha":6.17,"on_drain_share":0.0,"downstream":"L01328"}},{"type":"Feature","geometry":{"type":"LineString","coordinates":[[77.23072374946439,28.60416209044985],[77.23061963911304,28.604073576183275],[77.2303130260719,28.604078621842817],[77.22969027413299,28.60363772921655],[77.2292814581551,28.603644453713596],[77.22824228301353,28.60284949133584]]},"properties":{"id":"L01342","strahler":1,"length_m":302.1,"drop_m":2.33,"gradient":0.0077,"area_ha":9.63,"on_drain_share":0.0,"downstream":"L01351"}},{"type":"Feature","geometry":{"type":"LineString","coordinates":[[77.2589260420934,28.60342432088666],[77.26002901987933,28.602413440360372]]},"properties":{"id":"L01339","strahler":4,"length_m":155.6,"drop_m":0.0,"gradient":0.0,"area_ha":264.06,"on_drain_share":0.0,"downstream":"L01384"}},{"type":"Feature","geometry":{"type":"LineString","coordinates":[[77.20413147419399,28.603694852641144],[77.20432646862557,28.603240538796527],[77.20472775499468,28.602873097968555],[77.20513657479724,28.602866447656627],[77.20586331737202,28.603395993703494],[77.20616993351993,28.603391003434343],[77.2064822054024,28.603656605870814],[77.20689291339036,28.603740147875637],[77.20751746432038,28.604271348260124]]},"properties":{"id":"L01328","strahler":2,"length_m":451.1,"drop_m":3.84,"gradient":0.00852,"area_ha":23.55,"on_drain_share":0.0,"downstream":"L01299"}},{"type":"Feature","geometry":{"type":"LineString","coordinates":[[77.20254945780961,28.601374624959938],[77.20285606877502,28.60136964250437],[77.20345987792342,28.6009086854431],[77.20386869047242,28.600902039369355],[77.20427373652967,28.600714996125433],[77.20448002568105,28.600801869994157],[77.20489825614102,28.601246210513654],[77.20490955875349,28.601787398045232],[77.2051177345012,28.6019644686927],[77.2053240267725,28.602051341088977],[77.2057328432299,28.60204468915367],[77.20614731418708,28.60230862950043],[77.20771055837409,28.603726832598607],[77.20771621742811,28.603997425757594],[77.20751746432038,28.604271348260124]]},"properties":{"id":"L01329","strahler":4,"length_m":785.0,"drop_m":3.85,"gradient":0.00491,"area_ha":416.81,"on_drain_share":0.0,"downstream":"L01299"}},{"type":"Feature","geometry":{"type":"LineString","coordinates":[[77.28467864049301,28.602902453587348],[77.2846747365075,28.602722067662537],[77.28537646281869,28.602078656645283],[77.28568305838898,28.602073486817684],[77.28618233162057,28.601523711616316],[77.28679551911307,28.601513367807904],[77.2868033339723,28.601874139181362],[77.28721994324538,28.602228012917298],[77.28783313438133,28.60221766418509],[77.28803362174435,28.6020338284731],[77.28812800058168,28.601671332245623],[77.28852701642633,28.601213467096837]]},"properties":{"id":"L01357","strahler":4,"length_m":585.3,"drop_m":1.2,"gradient":0.00206,"area_ha":304.72,"on_drain_share":0.0,"downstream":"L01381"}},{"type":"Feature","geometry":{"type":"LineString","coordinates":[[77.2128283897999,28.60400429018547],[77.21313122430276,28.60381888929442],[77.21364035930115,28.60372034693479],[77.21394129982707,28.60344474700026],[77.21435011929564,28.603438068791306],[77.21515261662842,28.60270313047418],[77.21535891756925,28.602789987044577],[77.21586993822427,28.602781633923236]]},"properties":{"id":"L01353","strahler":1,"length_m":362.1,"drop_m":-0.89,"gradient":0.0,"area_ha":10.28,"on_drain_share":0.0,"downstream":"L01352"}},{"type":"Feature","geometry":{"type":"LineString","coordinates":[[77.17419223480518,28.604539320127532],[77.17429258561376,28.604447480859324],[77.17449700274778,28.604444201568707],[77.1745954950878,28.604262162376283],[77.17458434665014,28.60372096404978]]},"properties":{"id":"L01340","strahler":1,"length_m":118.3,"drop_m":1.62,"gradient":0.01369,"area_ha":7.99,"on_drain_share":0.0,"downstream":"L01373"}},{"type":"Feature","geometry":{"type":"LineString","coordinates":[[77.17183957734294,28.604486808338287],[77.17214063561295,28.60421129523801],[77.17213321168893,28.6038504957672],[77.17233391570154,28.603666820075137],[77.17335599480695,28.603650435714265],[77.17365704664762,28.60337491955563],[77.17396366935161,28.603370002109354],[77.17437993092781,28.603724243396517],[77.17458434665014,28.60372096404978]]},"properties":{"id":"L01344","strahler":1,"length_m":359.7,"drop_m":4.37,"gradient":0.01214,"area_ha":11.17,"on_drain_share":0.0,"downstream":"L01373"}},{"type":"Feature","geometry":{"type":"LineString","coordinates":[[77.2281553097034,28.603572743261587],[77.22803406912514,28.602672458490662]]},"properties":{"id":"L01350","strahler":1,"length_m":104.1,"drop_m":1.24,"gradient":0.01195,"area_ha":8.07,"on_drain_share":0.0,"downstream":"L01362"}},{"type":"Feature","geometry":{"type":"LineString","coordinates":[[77.23927636353599,28.60248719543377],[77.23988000804933,28.602026084570777],[77.24008441144237,28.602022706674845],[77.2405008749895,28.6023767328775],[77.24090968292354,28.602369974830818],[77.24111025734122,28.602186203965264],[77.24131466087171,28.602182824197808],[77.24204539742286,28.602892557625633],[77.24205114424495,28.60316314449285],[77.24225938114148,28.603340154415022]]},"properties":{"id":"L01332","strahler":1,"length_m":412.8,"drop_m":3.58,"gradient":0.00868,"area_ha":13.15,"on_drain_share":0.0,"downstream":"L01282"}},{"type":"Feature","geometry":{"type":"LineString","coordinates":[[77.24293839015878,28.60161460148723],[77.24294605524993,28.60197538382112],[77.24264519901284,28.60225104380506],[77.24265477939984,28.60270202176755],[77.24276081395104,28.602880721893676],[77.24225938114148,28.603340154415022]]},"properties":{"id":"L01333","strahler":1,"length_m":227.3,"drop_m":3.72,"gradient":0.01635,"area_ha":6.02,"on_drain_share":0.0,"downstream":"L01282"}},{"type":"Feature","geometry":{"type":"LineString","coordinates":[[77.22631183148982,28.603422579745857],[77.22630802710732,28.603242186568238],[77.22609601146715,28.602884757409043],[77.22719931770317,28.601874126926113]]},"properties":{"id":"L01361","strahler":3,"length_m":223.8,"drop_m":-0.85,"gradient":0.0,"area_ha":287.89,"on_drain_share":0.0,"downstream":"L01386"}},{"type":"Feature","geometry":{"type":"LineString","coordinates":[[77.27400711362849,28.6010969361529],[77.27391462861917,28.60154961895082],[77.27422705403234,28.601815056028023],[77.27423288303962,28.602085636921245],[77.27403625578312,28.602449840850415]]},"properties":{"id":"L01337","strahler":1,"length_m":174.9,"drop_m":0.12,"gradient":0.00068,"area_ha":6.49,"on_drain_share":0.0,"downstream":"L01322"}},{"type":"Feature","geometry":{"type":"LineString","coordinates":[[77.2753609631853,28.60224715698877],[77.27494633456655,28.60198343811031],[77.2745375377411,28.601990298675382],[77.27403625578312,28.602449840850415]]},"properties":{"id":"L01338","strahler":1,"length_m":163.1,"drop_m":0.33,"gradient":0.002,"area_ha":7.23,"on_drain_share":0.0,"downstream":"L01322"}},{"type":"Feature","geometry":{"type":"LineString","coordinates":[[77.19553677646282,28.60338319840345],[77.19574494082934,28.60356028410587],[77.19594935331418,28.60355697257128],[77.19625034238861,28.60328140942612],[77.19603842517884,28.602923927629288],[77.19602529123648,28.60229253850565],[77.19571117230818,28.60193671177582],[77.19651567316185,28.601292075671044],[77.19672008115116,28.60128876321408],[77.19682416198683,28.601377305285425],[77.197232978176,28.601370679115814],[77.19733330491206,28.601278823996715],[77.1984594259154,28.601350793221112],[77.19877355178136,28.60170661319467],[77.19877918746595,28.601977208064596],[77.19858041366676,28.602251118593067],[77.19848760067559,28.602703767809448],[77.19942436027748,28.603500629394073],[77.19983318397014,28.60349399493733],[77.20033293337575,28.602944511073925],[77.20063954935621,28.602939533380663],[77.20154058703751,28.60202261501459],[77.20164279139776,28.602020954999045],[77.20214440588234,28.60156166333787],[77.20234881361901,28.60155834236849],[77.20254945780961,28.601374624959938]]},"properties":{"id":"L01374","strahler":4,"length_m":1292.0,"drop_m":3.39,"gradient":0.00262,"area_ha":389.83,"on_drain_share":0.0,"downstream":"L01329"}},{"type":"Feature","geometry":{"type":"LineString","coordinates":[[77.19502762136875,28.60348167355839],[77.19553677646282,28.60338319840345]]},"properties":{"id":"L01346","strahler":2,"length_m":54.1,"drop_m":-1.08,"gradient":0.0,"area_ha":27.38,"on_drain_share":0.0,"downstream":"L01374"}},{"type":"Feature","geometry":{"type":"LineString","coordinates":[[77.2159797156767,28.603140751977193],[77.21607623983637,28.60286848935914]]},"properties":{"id":"L01349","strahler":1,"length_m":34.1,"drop_m":-0.25,"gradient":0.0,"area_ha":5.57,"on_drain_share":0.0,"downstream":"L01382"}},{"type":"Feature","geometry":{"type":"LineString","coordinates":[[77.25917860190623,28.600893762728482],[77.2588777935615,28.601169456253658],[77.2588835830927,28.601440040053166],[77.25909377281168,28.601707217327576],[77.25992681921251,28.60241514439859],[77.26002901987933,28.602413440360372]]},"properties":{"id":"L01343","strahler":1,"length_m":233.8,"drop_m":4.83,"gradient":0.02067,"area_ha":6.51,"on_drain_share":0.0,"downstream":"L01384"}},{"type":"Feature","geometry":{"type":"LineString","coordinates":[[77.26002901987933,28.602413440360372],[77.26253570915355,28.60011595512602],[77.26294643535356,28.600199325508562],[77.26314696517896,28.60001552434598]]},"properties":{"id":"L01384","strahler":4,"length_m":426.0,"drop_m":0.0,"gradient":0.0,"area_ha":278.29,"on_drain_share":0.0,"downstream":"L01418"}},{"type":"Feature","geometry":{"type":"LineString","coordinates":[[77.17458434665014,28.60372096404978],[77.17498574447673,28.603353605620203],[77.17497831109775,28.602992806786478],[77.17518086682531,28.602899326914713],[77.17516971601837,28.602358128690284],[77.17577180119154,28.601807088532098]]},"properties":{"id":"L01373","strahler":2,"length_m":265.6,"drop_m":1.42,"gradient":0.00536,"area_ha":23.61,"on_drain_share":0.0,"downstream":"L01369"}},{"type":"Feature","geometry":{"type":"LineString","coordinates":[[77.19369331670026,28.603232588216265],[77.19420434696633,28.603224316620434],[77.19451471509221,28.603399749797497],[77.19492353974387,28.603393130163198],[77.19502762136875,28.60348167355839]]},"properties":{"id":"L01345","strahler":1,"length_m":142.4,"drop_m":-1.21,"gradient":0.0,"area_ha":6.48,"on_drain_share":0.0,"downstream":"L01346"}},{"type":"Feature","geometry":{"type":"LineString","coordinates":[[77.22824228301353,28.60284949133584],[77.22803406912514,28.602672458490662]]},"properties":{"id":"L01351","strahler":2,"length_m":28.3,"drop_m":0.34,"gradient":0.01195,"area_ha":18.62,"on_drain_share":0.0,"downstream":"L01362"}},{"type":"Feature","geometry":{"type":"LineString","coordinates":[[77.230483131017,28.602451724170514],[77.2303809282386,28.60245340594418],[77.22996449610832,28.602099346758166],[77.22955568616139,28.602106071752278],[77.229254792463,28.602381703957175],[77.2287475868021,28.602570500309618],[77.22844668962632,28.602846130892683],[77.22824228301353,28.60284949133584]]},"properties":{"id":"L01347","strahler":1,"length_m":269.7,"drop_m":1.58,"gradient":0.00584,"area_ha":6.3,"on_drain_share":0.0,"downstream":"L01351"}},{"type":"Feature","geometry":{"type":"LineString","coordinates":[[77.19346828935359,28.602243711725396],[77.19419684797636,28.60286352241489],[77.19553677646282,28.60338319840345]]},"properties":{"id":"L01348","strahler":4,"length_m":253.8,"drop_m":-0.87,"gradient":0.0,"area_ha":341.77,"on_drain_share":0.0,"downstream":"L01374"}},{"type":"Feature","geometry":{"type":"LineString","coordinates":[[77.24877152308966,28.601878861649965],[77.24939625940283,28.602409857956772],[77.24949846080706,28.60240816185491],[77.24989957733133,28.602040596093293]]},"properties":{"id":"L01355","strahler":1,"length_m":151.4,"drop_m":0.3,"gradient":0.00201,"area_ha":5.33,"on_drain_share":0.0,"downstream":"L01359"}},{"type":"Feature","geometry":{"type":"LineString","coordinates":[[77.21586993822427,28.602781633923236],[77.21607623983637,28.60286848935914]]},"properties":{"id":"L01352","strahler":3,"length_m":24.1,"drop_m":1.7,"gradient":0.07042,"area_ha":120.3,"on_drain_share":0.0,"downstream":"L01382"}},{"type":"Feature","geometry":{"type":"LineString","coordinates":[[77.21607623983637,28.60286848935914],[77.2164774814967,28.602501016036534],[77.21647369405588,28.602320621628525],[77.21687493229994,28.601953147292576],[77.21686546228129,28.601502161347835],[77.2170660795732,28.601318423834297],[77.21737268736557,28.601313408567638],[77.21777581342619,28.60103612904613]]},"properties":{"id":"L01382","strahler":3,"length_m":293.8,"drop_m":-0.66,"gradient":0.0,"area_ha":131.28,"on_drain_share":0.0,"downstream":"L01305"}},{"type":"Feature","geometry":{"type":"LineString","coordinates":[[77.22803406912514,28.602672458490662],[77.22720122054322,28.601964323479002],[77.22719931770317,28.601874126926113]]},"properties":{"id":"L01362","strahler":2,"length_m":123.1,"drop_m":-3.75,"gradient":0.0,"area_ha":28.06,"on_drain_share":0.0,"downstream":"L01386"}},{"type":"Feature","geometry":{"type":"LineString","coordinates":[[77.21463024319415,28.602170296974993],[77.21545922883827,28.60269811931249],[77.21576584096984,28.602693107458368],[77.21586993822427,28.602781633923236]]},"properties":{"id":"L01354","strahler":3,"length_m":149.0,"drop_m":1.38,"gradient":0.00927,"area_ha":109.94,"on_drain_share":0.0,"downstream":"L01352"}},{"type":"Feature","geometry":{"type":"LineString","coordinates":[[77.24989957733133,28.602040596093293],[77.25009821216221,28.60176661767938],[77.2500943674175,28.601586227396428],[77.25079823345742,28.60103317908191],[77.25100263339561,28.601029784837017],[77.25131500334477,28.601295278111202],[77.25151940371741,28.60129188305909],[77.25204002456765,28.60173436919883]]},"properties":{"id":"L01359","strahler":3,"length_m":306.3,"drop_m":0.44,"gradient":0.00143,"area_ha":84.4,"on_drain_share":0.0,"downstream":"L01324"}},{"type":"Feature","geometry":{"type":"LineString","coordinates":[[77.21268837315715,28.602202010234073],[77.21300065665729,28.60246759697673],[77.21340758150247,28.6023707244199],[77.21380883124763,28.602003258569063],[77.21411544170503,28.601998250557283],[77.21463024319415,28.602170296974993]]},"properties":{"id":"L01363","strahler":1,"length_m":231.4,"drop_m":-0.38,"gradient":0.0,"area_ha":8.27,"on_drain_share":0.0,"downstream":"L01354"}},{"type":"Feature","geometry":{"type":"LineString","coordinates":[[77.28852701642633,28.601213467096837],[77.28912846723034,28.600661956553022],[77.28943505788331,28.600656778476655],[77.29003258800253,28.599924878988052]]},"properties":{"id":"L01381","strahler":4,"length_m":219.7,"drop_m":0.21,"gradient":0.00094,"area_ha":316.74,"on_drain_share":0.0,"downstream":null}},{"type":"Feature","geometry":{"type":"LineString","coordinates":[[77.28799452761555,28.600229972990046],[77.28800625547697,28.600771129690518],[77.28852701642633,28.601213467096837]]},"properties":{"id":"L01358","strahler":1,"length_m":130.7,"drop_m":-0.46,"gradient":0.0,"area_ha":5.18,"on_drain_share":0.0,"downstream":"L01381"}},{"type":"Feature","geometry":{"type":"LineString","coordinates":[[77.25232545948975,28.60073712970453],[77.25212683242388,28.60101111098994],[77.25213645280027,28.601462086094315],[77.25203617651181,28.60155397915629],[77.25204002456765,28.60173436919883]]},"properties":{"id":"L01360","strahler":4,"length_m":122.4,"drop_m":-0.22,"gradient":0.0,"area_ha":143.28,"on_drain_share":0.0,"downstream":"L01324"}},{"type":"Feature","geometry":{"type":"LineString","coordinates":[[77.19296101084507,28.60243237756094],[77.193161673915,28.602248673094483],[77.19346828935359,28.602243711725396]]},"properties":{"id":"L01365","strahler":1,"length_m":58.3,"drop_m":-0.89,"gradient":0.0,"area_ha":4.25,"on_drain_share":0.0,"downstream":"L01348"}},{"type":"Feature","geometry":{"type":"LineString","coordinates":[[77.21231938966187,28.5992304982576],[77.21367258532058,28.600381374723092],[77.21368204126699,28.60083236171843],[77.2135817300162,28.600924228145345],[77.21472677019403,28.601898035139364],[77.21463024319415,28.602170296974993]]},"properties":{"id":"L01364","strahler":3,"length_m":437.7,"drop_m":-2.37,"gradient":0.0,"area_ha":100.78,"on_drain_share":0.0,"downstream":"L01354"}},{"type":"Feature","geometry":{"type":"LineString","coordinates":[[77.22719931770317,28.601874126926113],[77.22750021574389,28.601598499050414],[77.22779540233724,28.60105228100561],[77.22849748635976,28.600409145718984],[77.22859968729149,28.600407465474195]]},"properties":{"id":"L01386","strahler":3,"length_m":223.8,"drop_m":1.2,"gradient":0.00538,"area_ha":318.53,"on_drain_share":0.0,"downstream":"L01480"}},{"type":"Feature","geometry":{"type":"LineString","coordinates":[[77.1919887257183,28.599921692404],[77.19199247096759,28.600102089854953],[77.19230469913843,28.600367727579645],[77.19230844499663,28.6005481249805],[77.19272849908911,28.601082704621426],[77.1928438173319,28.60171244188735],[77.19346828935359,28.602243711725396]]},"properties":{"id":"L01366","strahler":4,"length_m":318.0,"drop_m":-1.39,"gradient":0.0,"area_ha":332.86,"on_drain_share":0.0,"downstream":"L01348"}},{"type":"Feature","geometry":{"type":"LineString","coordinates":[[77.17577180119154,28.601807088532098],[77.17617318782084,28.601439727106204],[77.17647980439352,28.601434804274323],[77.17689606579273,28.601789037879374],[77.1774070948151,28.60178082995958],[77.1777062699151,28.601415106022188],[77.17852391291227,28.601401967698894],[77.1788361134164,28.601667638054735],[77.17884169801468,28.601938236539517],[77.17905169487115,28.60220554909039]]},"properties":{"id":"L01369","strahler":3,"length_m":436.3,"drop_m":4.53,"gradient":0.01038,"area_ha":55.22,"on_drain_share":0.0,"downstream":"L01290"}},{"type":"Feature","geometry":{"type":"LineString","coordinates":[[77.22052578676309,28.600539967797268],[77.22075105977572,28.601528785804497]]},"properties":{"id":"L01370","strahler":1,"length_m":118.3,"drop_m":1.67,"gradient":0.01415,"area_ha":6.23,"on_drain_share":0.0,"downstream":"L01306"}},{"type":"Feature","geometry":{"type":"LineString","coordinates":[[77.22330042260641,28.601216310653083],[77.22329852315633,28.601126113850665],[77.22288211880083,28.600772031219424],[77.22257551372738,28.600777058855307],[77.22207399703191,28.60123642110989],[77.22146078377355,28.60124647218401],[77.22125258387848,28.60106942807062],[77.22075105977572,28.601528785804497]]},"properties":{"id":"L01371","strahler":1,"length_m":326.3,"drop_m":2.74,"gradient":0.0084,"area_ha":8.29,"on_drain_share":0.0,"downstream":"L01306"}},{"type":"Feature","geometry":{"type":"LineString","coordinates":[[77.23403540992084,28.601220263897435],[77.23351295418173,28.60068750799127],[77.23350532171904,28.60032672325801],[77.23318345774528,28.599610205158694],[77.23317964222959,28.599429812725425],[77.23327993405535,28.59933793279244],[77.23325704075727,28.598255578141746],[77.23242228944018,28.597457278536172],[77.23262287081204,28.59727351981172],[77.23313385877638,28.597265103115372],[77.23344426706744,28.597440444633378],[77.23385305787289,28.597433708918576],[77.23435450328368,28.596974306670063],[77.2325847305028,28.595469593929693],[77.23196392955983,28.595118905284]]},"properties":{"id":"L01466","strahler":3,"length_m":1034.7,"drop_m":0.18,"gradient":0.00017,"area_ha":67.85,"on_drain_share":0.0,"downstream":"L01516"}},{"type":"Feature","geometry":{"type":"LineString","coordinates":[[77.23706895627036,28.59963636519515],[77.23645575857272,28.599646483555333],[77.2358540209616,28.600197775426814],[77.2358559310594,28.600287971468962],[77.23575373074982,28.60028965717554],[77.23515198581956,28.60084094628868],[77.23484156456227,28.600665609479808],[77.23463716306175,28.60066897932777],[77.23403540992084,28.601220263897435]]},"properties":{"id":"L01372","strahler":2,"length_m":392.8,"drop_m":2.8,"gradient":0.00713,"area_ha":26.29,"on_drain_share":0.0,"downstream":"L01466"}},{"type":"Feature","geometry":{"type":"LineString","coordinates":[[77.24639978791285,28.60092569016258],[77.24680091062734,28.600558133213994],[77.24690311042237,28.600556439168002],[77.24689927132707,28.600376048456305],[77.24720011077547,28.600100379874085],[77.24750286866862,28.5999149060279],[77.24780946601224,28.599909822176414],[77.24790974474753,28.59981793210415]]},"properties":{"id":"L01388","strahler":1,"length_m":211.4,"drop_m":7.13,"gradient":0.03372,"area_ha":7.1,"on_drain_share":0.0,"downstream":"L01392"}},{"type":"Feature","geometry":{"type":"LineString","coordinates":[[77.17194007581463,28.59943233811969],[77.17329286198209,28.600583641768154],[77.17329657540465,28.600764041453992],[77.17360876158507,28.60102972469569],[77.1738131721975,28.601026446792833],[77.17422942350724,28.60138068918411],[77.17423313865213,28.60156108873637],[77.1743372021067,28.601649649093165],[77.17454161381976,28.601646370027595],[77.17495787001005,28.602000609885557],[77.17577180119154,28.601807088532098]]},"properties":{"id":"L01379","strahler":2,"length_m":521.8,"drop_m":1.96,"gradient":0.00375,"area_ha":21.42,"on_drain_share":0.0,"downstream":"L01369"}},{"type":"Feature","geometry":{"type":"LineString","coordinates":[[77.28359811632805,28.60021388518594],[77.28307933028569,28.599861720415884],[77.28306762810689,28.59932056177816],[77.28286128586475,28.599233811039127],[77.28264909407497,28.59887648054383],[77.2830520257037,28.59859901685383],[77.28304227449296,28.598148051233146],[77.28404471259293,28.59722890483033],[77.28454982791156,28.596949715276065],[77.28453421691967,28.596228170846945],[77.28442812149396,28.596049506879826]]},"properties":{"id":"L01439","strahler":1,"length_m":609.4,"drop_m":0.49,"gradient":0.0008,"area_ha":15.42,"on_drain_share":0.0,"downstream":"L01443"}},{"type":"Feature","geometry":{"type":"LineString","coordinates":[[77.20795492202627,28.600745313184916],[77.2086665667886,28.60055326268762],[77.20960337806768,28.601350050940095],[77.20970558122102,28.601348384883824],[77.21020715550802,28.600889065429055],[77.21019960258458,28.60052827498988],[77.21060085762167,28.600160818319633],[77.21059708058432,28.599980423131342],[77.211399581038,28.599245506710027],[77.21231938966187,28.5992304982576]]},"properties":{"id":"L01409","strahler":1,"length_m":606.0,"drop_m":0.8,"gradient":0.00132,"area_ha":15.56,"on_drain_share":0.0,"downstream":"L01364"}},{"type":"Feature","geometry":{"type":"LineString","coordinates":[[77.25138450582665,28.599760264336258],[77.25232161110561,28.600556739670957],[77.25232545948975,28.60073712970453]]},"properties":{"id":"L01375","strahler":3,"length_m":147.3,"drop_m":-2.15,"gradient":0.0,"area_ha":83.53,"on_drain_share":0.0,"downstream":"L01360"}},{"type":"Feature","geometry":{"type":"LineString","coordinates":[[77.2542404310453,28.594660090201177],[77.25424428176436,28.594840480152897],[77.25404566988009,28.595114463568894],[77.2540552960942,28.59556543846868],[77.25385475735767,28.595749226698747],[77.25387015850806,28.59647078655006],[77.25367539293022,28.596925159550707],[77.25368309319776,28.597285939469007],[77.25348255071948,28.59746972732504],[77.2532993308459,28.59846526983834],[77.2531990582925,28.59855716358199],[77.25310648441372,28.599009837230135],[77.25280758874543,28.59937571293538],[77.25281336229698,28.59964629794023],[77.25261473839923,28.59992027979546],[77.25252408555427,28.600463148175514],[77.25232545948975,28.60073712970453]]},"properties":{"id":"L01376","strahler":3,"length_m":752.8,"drop_m":-0.44,"gradient":0.0,"area_ha":58.19,"on_drain_share":0.0,"downstream":"L01360"}},{"type":"Feature","geometry":{"type":"LineString","coordinates":[[77.26999228016052,28.599810835940414],[77.2704088281554,28.60016476514049],[77.27041270736491,28.600345152926764],[77.27051684499133,28.60043363498388]]},"properties":{"id":"L01377","strahler":1,"length_m":90.7,"drop_m":0.13,"gradient":0.00147,"area_ha":4.74,"on_drain_share":0.0,"downstream":"L01321"}},{"type":"Feature","geometry":{"type":"LineString","coordinates":[[77.27398498915163,28.595322825268568],[77.27298441638226,28.596332095194374],[77.27298635787307,28.596422288977642],[77.27361117366726,28.59695316894883],[77.27361699992176,28.597223750151947],[77.27271277825545,28.59796072361411],[77.27250838732674,28.59796415024482],[77.27230787845444,28.598147964174984],[77.27231564274567,28.598508739373315],[77.27181436595195,28.598968273154437],[77.27160997294615,28.598971698541195],[77.27110869083616,28.599431229980365],[77.27111257112277,28.599611617698418],[77.2705110259023,28.60016305332559],[77.27051684499133,28.60043363498388]]},"properties":{"id":"L01378","strahler":1,"length_m":784.0,"drop_m":0.17,"gradient":0.00022,"area_ha":22.81,"on_drain_share":0.0,"downstream":"L01321"}},{"type":"Feature","geometry":{"type":"LineString","coordinates":[[77.27869071006738,28.60020624566934],[77.27959295779614,28.599379040477107],[77.28000174307577,28.59937216524503],[77.28240765880076,28.59716625205866],[77.28240181004549,28.596895672511284],[77.28260229802392,28.59671184474242],[77.28290497865183,28.59652629575696],[77.28362033182529,28.596514246918566],[77.28382276761481,28.596420610600607],[77.28402130122382,28.596146587817334],[77.28442812149396,28.596049506879826]]},"properties":{"id":"L01440","strahler":1,"length_m":779.8,"drop_m":-0.09,"gradient":0.0,"area_ha":20.04,"on_drain_share":0.0,"downstream":"L01443"}},{"type":"Feature","geometry":{"type":"LineString","coordinates":[[77.20212371083157,28.600569484277667],[77.20182274525422,28.60084505931109],[77.20182838854875,28.601115653659882],[77.20214064306802,28.601381267156928],[77.20254945780961,28.601374624959938]]},"properties":{"id":"L01380","strahler":2,"length_m":154.9,"drop_m":-0.99,"gradient":0.0,"area_ha":16.65,"on_drain_share":0.0,"downstream":"L01329"}},{"type":"Feature","geometry":{"type":"LineString","coordinates":[[77.21652476827536,28.599883625488083],[77.21652666184364,28.599973822722028],[77.21746352317781,28.60077055368968],[77.21746541761735,28.60086075085439],[77.21777581342619,28.60103612904613]]},"properties":{"id":"L01383","strahler":1,"length_m":185.6,"drop_m":-0.55,"gradient":0.0,"area_ha":9.87,"on_drain_share":0.0,"downstream":"L01305"}},{"type":"Feature","geometry":{"type":"LineString","coordinates":[[77.22531594546147,28.599829818308443],[77.22542004721197,28.59991833718174],[77.2254238495536,28.60009873055687],[77.22604846486671,28.600629841799943],[77.22645727007769,28.60062312769422],[77.22686036783253,28.60034582257945],[77.22726726894832,28.600248909516797],[77.22787095765972,28.599787849824523],[77.22807535839952,28.599784490268814]]},"properties":{"id":"L01395","strahler":1,"length_m":356.3,"drop_m":2.05,"gradient":0.00575,"area_ha":7.33,"on_drain_share":0.0,"downstream":"L01387"}},{"type":"Feature","geometry":{"type":"LineString","coordinates":[[77.22859968729149,28.600407465474195],[77.22880789732613,28.600584497700027],[77.22921670159266,28.60057777528605],[77.22941538982198,28.600303824309005],[77.22941158063145,28.600123431430088],[77.2297143727016,28.599937995597717],[77.22980895349251,28.599575528777244],[77.22990924856099,28.599483651170804],[77.23011364842802,28.59948028857569],[77.23031423765866,28.599296532883073],[77.23030471130849,28.598845550885535],[77.2297841907592,28.598402975159114],[77.22978038123922,28.598222582275035],[77.22946807157592,28.597957035704418],[77.22944902737738,28.597055070977557],[77.22964961352649,28.59687131640012],[77.22964389996739,28.596600726986086],[77.2294356969591,28.596423695590424],[77.22942998405395,28.596153106119047],[77.22973086066527,28.595877474302842],[77.2297194336807,28.59533629541364],[77.22992001627678,28.59515254060042],[77.22991430243248,28.594881951167757],[77.22960200294044,28.594616404254495],[77.22959438575425,28.594255618234836]]},"properties":{"id":"L01480","strahler":3,"length_m":914.3,"drop_m":2.45,"gradient":0.00268,"area_ha":352.39,"on_drain_share":0.0,"downstream":"L01492"}},{"type":"Feature","geometry":{"type":"LineString","coordinates":[[77.26314696517896,28.60001552434598],[77.26374855047315,28.599464119285816],[77.26405320896059,28.59936880447941],[77.2643539981566,28.599093100445028],[77.26496137631202,28.598812273373632],[77.26556294513506,28.5982608610872],[77.26607005482553,28.598071931634916],[77.26697239057104,28.597244805700605]]},"properties":{"id":"L01418","strahler":6,"length_m":504.3,"drop_m":-0.3,"gradient":0.0,"area_ha":5290.91,"on_drain_share":0.0,"downstream":"L01457"}},{"type":"Feature","geometry":{"type":"LineString","coordinates":[[77.18771862072944,28.601073424323964],[77.18688603867552,28.6003650257529],[77.18678009850987,28.600186276486724],[77.18677262582274,28.599825480324196]]},"properties":{"id":"L01400","strahler":1,"length_m":177.3,"drop_m":-2.06,"gradient":0.0,"area_ha":9.41,"on_drain_share":0.0,"downstream":"L01414"}},{"type":"Feature","geometry":{"type":"LineString","coordinates":[[77.22807535839952,28.599784490268814],[77.22849177491345,28.600138556233446],[77.22849558253557,28.60031894922512],[77.22859968729149,28.600407465474195]]},"properties":{"id":"L01387","strahler":2,"length_m":90.7,"drop_m":0.69,"gradient":0.00766,"area_ha":13.68,"on_drain_share":0.0,"downstream":"L01480"}},{"type":"Feature","geometry":{"type":"LineString","coordinates":[[77.26641149205051,28.599690301042244],[77.26651175339468,28.599598398120104],[77.26650788096681,28.599418009825513],[77.26711138111285,28.598956785095503],[77.26710363445096,28.59859600861696],[77.2677051902377,28.59804458750251],[77.26770325312519,28.597954393409896],[77.26708039531957,28.597513679054604],[77.26697239057104,28.597244805700605]]},"properties":{"id":"L01419","strahler":1,"length_m":364.6,"drop_m":3.1,"gradient":0.00851,"area_ha":11.5,"on_drain_share":0.0,"downstream":"L01457"}},{"type":"Feature","geometry":{"type":"LineString","coordinates":[[77.24543778385826,28.598956630625665],[77.24575013421354,28.599222137935016],[77.24677211957949,28.59920520265298],[77.24760314769176,28.599823016167463],[77.24790974474753,28.59981793210415]]},"properties":{"id":"L01389","strahler":2,"length_m":281.4,"drop_m":4.07,"gradient":0.01448,"area_ha":44.12,"on_drain_share":0.0,"downstream":"L01392"}},{"type":"Feature","geometry":{"type":"LineString","coordinates":[[77.24790974474753,28.59981793210415],[77.2482125005044,28.599632456779993],[77.24861937470727,28.59953548081853],[77.24932131462927,28.59889224512142],[77.25013889843089,28.598878676125324],[77.25023917409797,28.598786784484304],[77.25138450582665,28.599760264336258]]},"properties":{"id":"L01392","strahler":2,"length_m":431.1,"drop_m":-0.16,"gradient":0.0,"area_ha":62.12,"on_drain_share":0.0,"downstream":"L01375"}},{"type":"Feature","geometry":{"type":"LineString","coordinates":[[77.20047530375766,28.599964652414556],[77.20089163440242,28.60031880827504],[77.2010960399065,28.600315489325347],[77.20139700608233,28.60003991586529],[77.2017036134116,28.600034936227047],[77.20211994820744,28.60038908806782],[77.20212371083157,28.600569484277667]]},"properties":{"id":"L01390","strahler":1,"length_m":225.6,"drop_m":2.67,"gradient":0.01184,"area_ha":7.32,"on_drain_share":0.0,"downstream":"L01380"}},{"type":"Feature","geometry":{"type":"LineString","coordinates":[[77.20178888712071,28.599221492970038],[77.20179264899726,28.599401889251176],[77.20220898142514,28.59975604096955],[77.20222403234212,28.600477625801453],[77.20212371083157,28.600569484277667]]},"properties":{"id":"L01391","strahler":1,"length_m":170.7,"drop_m":1.91,"gradient":0.0112,"area_ha":7.28,"on_drain_share":0.0,"downstream":"L01380"}},{"type":"Feature","geometry":{"type":"LineString","coordinates":[[77.251058679532,28.59886340512044],[77.25106252548923,28.599043795356025],[77.25137873590786,28.599489679069517],[77.25138450582665,28.599760264336258]]},"properties":{"id":"L01393","strahler":2,"length_m":112.4,"drop_m":-1.67,"gradient":0.0,"area_ha":19.69,"on_drain_share":0.0,"downstream":"L01375"}},{"type":"Feature","geometry":{"type":"LineString","coordinates":[[77.18093771069339,28.599468336079752],[77.18114211728624,28.59946504729392],[77.18124618398016,28.59955360216625],[77.18125177426258,28.599824200300343],[77.18145804512008,28.599911110366996],[77.18239465806833,28.600708098381887],[77.1827012712451,28.600703161598894],[77.18279974597104,28.600521117306183],[77.18331076684662,28.60051288747248],[77.18340550970902,28.600150444317432],[77.18360805181034,28.60005695251024],[77.18360432088681,28.599876554045544],[77.18370465886446,28.599784708431976],[77.18369533131283,28.599333712271402],[77.18359126292455,28.59924515937778],[77.18368040767601,28.598612118346267],[77.18398141749911,28.598336581297964]]},"properties":{"id":"L01423","strahler":1,"length_m":602.8,"drop_m":2.69,"gradient":0.00447,"area_ha":14.36,"on_drain_share":0.0,"downstream":"L01436"}},{"type":"Feature","geometry":{"type":"LineString","coordinates":[[77.23727717797141,28.599813383715805],[77.23706895627036,28.59963636519515]]},"properties":{"id":"L01394","strahler":1,"length_m":28.3,"drop_m":-0.19,"gradient":0.0,"area_ha":4.22,"on_drain_share":0.0,"downstream":"L01372"}},{"type":"Feature","geometry":{"type":"LineString","coordinates":[[77.2410432468477,28.599029353951078],[77.24073090816394,28.598763835088082],[77.24062105351375,28.59840474130817],[77.2401004948358,28.597962207484816],[77.23969935657732,28.598329745474604],[77.23940424007424,28.598875985806984],[77.23829917499853,28.599796511964033],[77.2378903762931,28.599803261587827],[77.23757804259269,28.599537735168433],[77.23706895627036,28.59963636519515]]},"properties":{"id":"L01396","strahler":1,"length_m":574.3,"drop_m":-0.6,"gradient":0.0,"area_ha":13.19,"on_drain_share":0.0,"downstream":"L01372"}},{"type":"Feature","geometry":{"type":"LineString","coordinates":[[77.27467780742977,28.599010479078345],[77.27597913993124,28.59772546853089],[77.27700303447084,28.59779849979191],[77.27720353403821,28.59761467940457],[77.27751011840158,28.59760952878704],[77.27831989178227,28.597235016686213],[77.2786264748053,28.59722986360752],[77.278826970361,28.597046041024925],[77.27903135861406,28.597042604972582],[77.27933210006469,28.59676687018503],[77.27953648770567,28.596763433402046],[77.27983917436578,28.59657789095342],[77.28025573963414,28.59693178887988],[77.28066451525501,28.596924912186395]]},"properties":{"id":"L01422","strahler":1,"length_m":728.4,"drop_m":0.3,"gradient":0.00041,"area_ha":19.51,"on_drain_share":0.0,"downstream":"L01433"}},{"type":"Feature","geometry":{"type":"LineString","coordinates":[[77.22745073885655,28.599253388598882],[77.22807535839952,28.599784490268814]]},"properties":{"id":"L01397","strahler":1,"length_m":84.9,"drop_m":0.33,"gradient":0.00387,"area_ha":5.09,"on_drain_share":0.0,"downstream":"L01387"}},{"type":"Feature","geometry":{"type":"LineString","coordinates":[[77.17145131718786,28.60052292438561],[77.17113913768273,28.600257235778606],[77.17113357320554,28.599986635839628],[77.17173566803245,28.59943561303295],[77.17194007581463,28.59943233811969]]},"properties":{"id":"L01412","strahler":1,"length_m":177.3,"drop_m":1.4,"gradient":0.00792,"area_ha":5.13,"on_drain_share":0.0,"downstream":"L01379"}},{"type":"Feature","geometry":{"type":"LineString","coordinates":[[77.20884832733024,28.599467559582163],[77.20916248047808,28.59982335394002],[77.20926468218472,28.599821688297038],[77.2096659381603,28.599454234329336],[77.21068795091718,28.599437570839797],[77.21078826351727,28.599345706476164]]},"properties":{"id":"L01403","strahler":1,"length_m":233.1,"drop_m":2.69,"gradient":0.01154,"area_ha":7.6,"on_drain_share":0.0,"downstream":"L01410"}},{"type":"Feature","geometry":{"type":"LineString","coordinates":[[77.18544958392495,28.60011750470111],[77.18565025673144,28.59993381083046],[77.18667229063817,28.599917328066343],[77.18677262582274,28.599825480324196]]},"properties":{"id":"L01399","strahler":1,"length_m":142.4,"drop_m":3.1,"gradient":0.02178,"area_ha":5.36,"on_drain_share":0.0,"downstream":"L01414"}},{"type":"Feature","geometry":{"type":"LineString","coordinates":[[77.2888712796597,28.598230204219433],[77.28897347421885,28.598228478598422],[77.28897542951348,28.598318671349926]]},"properties":{"id":"L01398","strahler":1,"length_m":20.0,"drop_m":0.02,"gradient":0.00117,"area_ha":4.21,"on_drain_share":0.0,"downstream":null}},{"type":"Feature","geometry":{"type":"LineString","coordinates":[[77.18677262582274,28.599825480324196],[77.18697142736158,28.599551585607802],[77.18717396481816,28.599458088696082],[77.18769432368651,28.59990083760886],[77.18820533988864,28.599892589495123],[77.18860667383743,28.59952519388379],[77.18860293445982,28.599344796008143],[77.18890393262016,28.599069248636294],[77.18951714671277,28.599059345462102],[77.1897196807329,28.598965844912556]]},"properties":{"id":"L01414","strahler":2,"length_m":386.3,"drop_m":3.68,"gradient":0.00954,"area_ha":20.51,"on_drain_share":0.0,"downstream":"L01415"}},{"type":"Feature","geometry":{"type":"LineString","coordinates":[[77.1912433535959,28.598490078706863],[77.19145337305345,28.598757370821517],[77.19146460561927,28.599298563445814],[77.19167275505009,28.599475656318308],[77.19167649969049,28.599656053819345],[77.1919887257183,28.599921692404]]},"properties":{"id":"L01401","strahler":4,"length_m":189.0,"drop_m":0.04,"gradient":0.00019,"area_ha":319.09,"on_drain_share":0.0,"downstream":"L01366"}},{"type":"Feature","geometry":{"type":"LineString","coordinates":[[77.19381525902654,28.599260541578307],[77.19321141364819,28.599721457543513],[77.19300700821013,28.599724764546878],[77.19238442706,28.599283690170363],[77.19198310790891,28.599651096217723],[77.1919887257183,28.599921692404]]},"properties":{"id":"L01402","strahler":1,"length_m":268.0,"drop_m":2.34,"gradient":0.00872,"area_ha":8.74,"on_drain_share":0.0,"downstream":"L01366"}},{"type":"Feature","geometry":{"type":"LineString","coordinates":[[77.24347301606149,28.597906434592957],[77.24398400328975,28.597897976847683],[77.24408811765304,28.5979864806317],[77.24409578551729,28.5983472628738],[77.24481308785244,28.5984256135538],[77.24543778385826,28.598956630625665]]},"properties":{"id":"L01404","strahler":1,"length_m":263.1,"drop_m":4.29,"gradient":0.01629,"area_ha":9.58,"on_drain_share":0.0,"downstream":"L01389"}},{"type":"Feature","geometry":{"type":"LineString","coordinates":[[77.24571176666085,28.597418228796265],[77.2460241128281,28.59768373574567],[77.2460356244505,28.598224908405307],[77.24543778385826,28.598956630625665]]},"properties":{"id":"L01405","strahler":2,"length_m":207.3,"drop_m":0.82,"gradient":0.00396,"area_ha":30.62,"on_drain_share":0.0,"downstream":"L01389"}},{"type":"Feature","geometry":{"type":"LineString","coordinates":[[77.25042050114573,28.597701049329398],[77.25052269792212,28.597699352710222],[77.25135565702809,28.59840733788384],[77.251058679532,28.59886340512044]]},"properties":{"id":"L01406","strahler":1,"length_m":185.6,"drop_m":-1.81,"gradient":0.0,"area_ha":7.1,"on_drain_share":0.0,"downstream":"L01393"}},{"type":"Feature","geometry":{"type":"LineString","coordinates":[[77.25212706526307,28.59622907510799],[77.25213476002082,28.5965898554484],[77.25153889536841,28.59741179696839],[77.25166032573915,28.59831205047861],[77.251058679532,28.59886340512044]]},"properties":{"id":"L01407","strahler":1,"length_m":343.8,"drop_m":0.13,"gradient":0.00038,"area_ha":11.52,"on_drain_share":0.0,"downstream":"L01393"}},{"type":"Feature","geometry":{"type":"LineString","coordinates":[[77.21078826351727,28.599345706476164],[77.21119140111668,28.599068445935472],[77.212215298908,28.59914196866395],[77.21231938966187,28.5992304982576]]},"properties":{"id":"L01410","strahler":2,"length_m":170.7,"drop_m":-0.86,"gradient":0.0,"area_ha":54.13,"on_drain_share":0.0,"downstream":"L01364"}},{"type":"Feature","geometry":{"type":"LineString","coordinates":[[77.19906777204325,28.596197884334646],[77.20029415821445,28.59617798512759],[77.20123086917813,28.596974837357585],[77.20143526816518,28.5969715182503],[77.20173622447918,28.596695944482367],[77.20214502120037,28.596689304495943],[77.20276762392528,28.597130332776104],[77.2035833377279,28.597026847109877],[77.20472259676731,28.59773015259156],[77.20552324064333,28.596905071490685],[77.20582983802112,28.596900083022323],[77.20603800499265,28.597077152818645],[77.20675151467391,28.596975311334017],[77.20695968324938,28.597152379619107],[77.20716408179017,28.597149051859464],[77.20747445079081,28.59732445528804],[77.20757665019646,28.59732279104966],[77.20797790351563,28.596955342155894],[77.2083866995189,28.596948683301736],[77.20848701202989,28.59685682063088],[77.20931781319207,28.59747488264453],[77.20933291124169,28.598196464256905],[77.21078826351727,28.599345706476164]]},"properties":{"id":"L01408","strahler":2,"length_m":1503.4,"drop_m":6.53,"gradient":0.00434,"area_ha":44.52,"on_drain_share":0.0,"downstream":"L01410"}},{"type":"Feature","geometry":{"type":"LineString","coordinates":[[77.21126904525518,28.597894210346176],[77.21127660100586,28.598255000664444],[77.21231749974436,28.599140300756638],[77.21231938966187,28.5992304982576]]},"properties":{"id":"L01411","strahler":2,"length_m":191.4,"drop_m":1.76,"gradient":0.00921,"area_ha":21.02,"on_drain_share":0.0,"downstream":"L01364"}},{"type":"Feature","geometry":{"type":"LineString","coordinates":[[77.17173381275205,28.599345413079426],[77.17194007581463,28.59943233811969]]},"properties":{"id":"L01413","strahler":1,"length_m":24.1,"drop_m":0.3,"gradient":0.01229,"area_ha":5.25,"on_drain_share":0.0,"downstream":"L01379"}},{"type":"Feature","geometry":{"type":"LineString","coordinates":[[77.1979961545519,28.598741670658168],[77.19798113359762,28.59802008358779],[77.19808145666259,28.597928228082626],[77.19807394607852,28.597567434535378],[77.1979679907156,28.597388694832272],[77.1981667578952,28.597114785434986],[77.19816112491577,28.596844190259596],[77.19876117530622,28.596202857405725],[77.19906777204325,28.596197884334646]]},"properties":{"id":"L01461","strahler":1,"length_m":351.4,"drop_m":2.13,"gradient":0.00606,"area_ha":11.7,"on_drain_share":0.0,"downstream":"L01408"}},{"type":"Feature","geometry":{"type":"LineString","coordinates":[[77.26002888998656,28.5976314255136],[77.26103153633333,28.596712438297022],[77.26113373140487,28.59671073373604],[77.26155023866514,28.597064692692314],[77.26206121545435,28.597056167068423],[77.26296357644786,28.596229066440532],[77.26305803894535,28.595866582814736],[77.26335882158058,28.595590881275115],[77.26315056785738,28.59541390473074],[77.26314670184038,28.595233515904674],[77.263447482545,28.59495781425928],[77.26343781648467,28.59450684224664]]},"properties":{"id":"L01471","strahler":1,"length_m":612.5,"drop_m":0.73,"gradient":0.00119,"area_ha":20.07,"on_drain_share":0.0,"downstream":"L01485"}},{"type":"Feature","geometry":{"type":"LineString","coordinates":[[77.28986779664221,28.597040439411348],[77.289971946028,28.597128905809267]]},"properties":{"id":"L01417","strahler":1,"length_m":14.1,"drop_m":0.03,"gradient":0.00245,"area_ha":6.02,"on_drain_share":0.0,"downstream":null}},{"type":"Feature","geometry":{"type":"LineString","coordinates":[[77.224151838027,28.597954136849875],[77.22414993810698,28.597863940056342],[77.22475172813489,28.597312697343664]]},"properties":{"id":"L01435","strahler":1,"length_m":94.9,"drop_m":1.13,"gradient":0.01191,"area_ha":5.31,"on_drain_share":0.0,"downstream":"L01453"}},{"type":"Feature","geometry":{"type":"LineString","coordinates":[[77.26697239057104,28.597244805700605],[77.26787471220442,28.59641767446176],[77.26807910079913,28.5964142549826],[77.26928217205497,28.595311403387687]]},"properties":{"id":"L01457","strahler":6,"length_m":317.0,"drop_m":0.5,"gradient":0.00158,"area_ha":5309.36,"on_drain_share":0.0,"downstream":"L01497"}},{"type":"Feature","geometry":{"type":"LineString","coordinates":[[77.28066451525501,28.596924912186395],[77.28086890301172,28.596921473378213],[77.2809730452333,28.59700994713232],[77.2812737812087,28.59673420832636],[77.28158036214653,28.596729048652882],[77.28188304478529,28.596543501846305]]},"properties":{"id":"L01433","strahler":2,"length_m":144.9,"drop_m":0.08,"gradient":0.00056,"area_ha":33.35,"on_drain_share":0.0,"downstream":null}},{"type":"Feature","geometry":{"type":"LineString","coordinates":[[77.18398141749911,28.598336581297964],[77.18428242575374,28.598061043655992],[77.1853044424766,28.59804457218286],[77.18561664843816,28.598310226646205],[77.18582105215114,28.598306930930015],[77.18602919064442,28.598484033120652],[77.18633579662088,28.598479088470967],[77.18643613083572,28.59838724101852],[77.18694900834203,28.598469197094516],[77.18704934198256,28.59837734921737],[77.18735594744007,28.598372402278258],[77.18765694645451,28.59809685761411],[77.18765320892024,28.597916459585758],[77.18785387374434,28.597732762832635]]},"properties":{"id":"L01436","strahler":3,"length_m":466.3,"drop_m":3.5,"gradient":0.0075,"area_ha":131.75,"on_drain_share":0.0,"downstream":"L01447"}},{"type":"Feature","geometry":{"type":"LineString","coordinates":[[77.19050174503133,28.597238857232014],[77.19050361617371,28.597329056083755],[77.19091990448042,28.597683245115082],[77.19092739066765,28.598044040389382],[77.19103146356292,28.598132587390946],[77.1910352068996,28.598312985005283],[77.1912433535959,28.598490078706863]]},"properties":{"id":"L01420","strahler":4,"length_m":169.0,"drop_m":1.75,"gradient":0.01034,"area_ha":301.95,"on_drain_share":0.0,"downstream":"L01401"}},{"type":"Feature","geometry":{"type":"LineString","coordinates":[[77.19489260858111,28.59698737848095],[77.19437223667232,28.596544657905604],[77.19406751209296,28.596639819062485],[77.1938668606756,28.59682352434254],[77.19356026105126,28.59682848575582],[77.1929564276516,28.597289400038072],[77.19264982648791,28.5972943594669],[77.19224851539626,28.597661765936717],[77.19194191300626,28.597666723824066],[77.19123960987625,28.598309681122416],[77.1912433535959,28.598490078706863]]},"properties":{"id":"L01421","strahler":1,"length_m":479.4,"drop_m":2.44,"gradient":0.0051,"area_ha":12.71,"on_drain_share":0.0,"downstream":"L01401"}},{"type":"Feature","geometry":{"type":"LineString","coordinates":[[77.27993163085718,28.596125205494165],[77.27993942053095,28.596485978884406],[77.28035598572774,28.596839876508533],[77.28056037336397,28.596836438174613],[77.28066451525501,28.596924912186395]]},"properties":{"id":"L01424","strahler":2,"length_m":130.7,"drop_m":-0.06,"gradient":0.0,"area_ha":11.7,"on_drain_share":0.0,"downstream":"L01433"}},{"type":"Feature","geometry":{"type":"LineString","coordinates":[[77.18121823372405,28.598200611318756],[77.1817217890948,28.597831590565843],[77.18284600692449,28.597813492879983],[77.18326413823125,28.598257905990305],[77.18347040738048,28.59834481308787],[77.18398141749911,28.598336581297964]]},"properties":{"id":"L01425","strahler":3,"length_m":317.3,"drop_m":1.55,"gradient":0.00489,"area_ha":106.23,"on_drain_share":0.0,"downstream":"L01436"}},{"type":"Feature","geometry":{"type":"LineString","coordinates":[[77.24300291643824,28.59502693864875],[77.24430652778827,28.593832408382454],[77.24532846203174,28.593815486885653],[77.24574298959413,28.5940793026773],[77.24594737678919,28.594075916801998],[77.24625971301329,28.594341423849396],[77.24606875393198,28.594976178619508],[77.2458682014815,28.595159955758398],[77.24588930269154,28.596152106073593],[77.24538791421021,28.59661154804738],[77.24559806076266,28.59687874889286],[77.24560765162023,28.597329726298085],[77.24571176666085,28.597418228796265]]},"properties":{"id":"L01426","strahler":1,"length_m":788.4,"drop_m":2.31,"gradient":0.00293,"area_ha":22.35,"on_drain_share":0.0,"downstream":"L01405"}},{"type":"Feature","geometry":{"type":"LineString","coordinates":[[77.24649288193423,28.595690968985405],[77.24619397085765,28.596056831021347],[77.2462016452995,28.596417612844125],[77.2457002570826,28.596877055951825],[77.24571176666085,28.597418228796265]]},"properties":{"id":"L01427","strahler":1,"length_m":223.1,"drop_m":1.24,"gradient":0.00554,"area_ha":5.63,"on_drain_share":0.0,"downstream":"L01405"}},{"type":"Feature","geometry":{"type":"LineString","coordinates":[[77.25725802487922,28.597136232021867],[77.25724452822318,28.59650486869482],[77.25744313381999,28.596230880960604]]},"properties":{"id":"L01444","strahler":1,"length_m":108.3,"drop_m":1.28,"gradient":0.01184,"area_ha":5.09,"on_drain_share":0.0,"downstream":"L01520"}},{"type":"Feature","geometry":{"type":"LineString","coordinates":[[77.2861790665368,28.596651570492806],[77.28638150003077,28.596557930467124]]},"properties":{"id":"L01428","strahler":1,"length_m":24.1,"drop_m":-0.11,"gradient":0.0,"area_ha":4.1,"on_drain_share":0.0,"downstream":"L01464"}},{"type":"Feature","geometry":{"type":"LineString","coordinates":[[77.17662099175928,28.598364733845084],[77.17661169499826,28.59791373545891],[77.17741443154051,28.597179008105584],[77.17730293095072,28.596729651351005],[77.17709480983356,28.59655253472779]]},"properties":{"id":"L01460","strahler":1,"length_m":245.6,"drop_m":1.41,"gradient":0.00573,"area_ha":7.66,"on_drain_share":0.0,"downstream":"L01472"}},{"type":"Feature","geometry":{"type":"LineString","coordinates":[[77.18111789486375,28.598292455146385],[77.18121823372405,28.598200611318756]]},"properties":{"id":"L01429","strahler":1,"length_m":14.1,"drop_m":0.0,"gradient":0.0,"area_ha":4.42,"on_drain_share":0.0,"downstream":"L01425"}},{"type":"Feature","geometry":{"type":"LineString","coordinates":[[77.21032092654646,28.596556246316617],[77.21063129847018,28.596731642334227],[77.2107391622389,28.597000568633742],[77.21115551270897,28.597354691843087],[77.21126148964338,28.597533420006872],[77.21126904525518,28.597894210346176]]},"properties":{"id":"L01430","strahler":1,"length_m":193.1,"drop_m":2.38,"gradient":0.01233,"area_ha":9.57,"on_drain_share":0.0,"downstream":"L01411"}},{"type":"Feature","geometry":{"type":"LineString","coordinates":[[77.21350420088477,28.59722613361196],[77.21277557743333,28.59660643037591],[77.21267337908,28.596608098493725],[77.21126904525518,28.597894210346176]]},"properties":{"id":"L01431","strahler":1,"length_m":307.0,"drop_m":-1.17,"gradient":0.0,"area_ha":10.24,"on_drain_share":0.0,"downstream":"L01411"}},{"type":"Feature","geometry":{"type":"LineString","coordinates":[[77.28638150003077,28.596557930467124],[77.28658198004679,28.596374097231045],[77.2865780738685,28.59619371137277],[77.28687488550605,28.595737575226046],[77.28666659467066,28.59556063709093],[77.2865468257344,28.594750624316127],[77.2862324409722,28.594395022995688]]},"properties":{"id":"L01464","strahler":2,"length_m":285.6,"drop_m":0.37,"gradient":0.0013,"area_ha":58.05,"on_drain_share":0.0,"downstream":"L01509"}},{"type":"Feature","geometry":{"type":"LineString","coordinates":[[77.17830819359219,28.595901436774117],[77.17872257661391,28.59616546630435],[77.17873374275706,28.59670666374208],[77.17883780467716,28.59679522075531],[77.17904220638412,28.596791935414284],[77.17945845643577,28.59714616189798],[77.1799750485771,28.59740854399917],[77.18059943296225,28.597939878384476],[77.18101382958824,28.598203900086798],[77.18121823372405,28.598200611318756]]},"properties":{"id":"L01432","strahler":3,"length_m":422.8,"drop_m":5.27,"gradient":0.01245,"area_ha":96.94,"on_drain_share":0.0,"downstream":"L01425"}},{"type":"Feature","geometry":{"type":"LineString","coordinates":[[77.28462860422317,28.595865676383212],[77.28544614457427,28.595851895875178],[77.28638150003077,28.596557930467124]]},"properties":{"id":"L01434","strahler":2,"length_m":203.1,"drop_m":0.06,"gradient":0.00031,"area_ha":50.44,"on_drain_share":0.0,"downstream":"L01464"}},{"type":"Feature","geometry":{"type":"LineString","coordinates":[[77.23691325214065,28.597112563780595],[77.23681296564763,28.59720444613739],[77.23660857111979,28.597207818584646],[77.23608803443047,28.596765268003196],[77.23608421440545,28.59658487585255],[77.23587600133294,28.59640785495395],[77.23587409152539,28.59631765886145],[77.23607657446077,28.596224091535458],[77.2360689346565,28.59586330719728],[77.23575661761045,28.595597775530763],[77.2353478344409,28.595604516588587],[77.23503742891704,28.595429179263835],[77.23432205906794,28.59544097145089],[77.23421795502288,28.595352459533913],[77.23319599813365,28.595369298146135],[77.23299351392251,28.595462861228484],[77.23257900975874,28.595199005001955],[77.23227242288596,28.59520405366384],[77.23216832069545,28.59511554006034]]},"properties":{"id":"L01467","strahler":1,"length_m":652.8,"drop_m":2.84,"gradient":0.00436,"area_ha":14.28,"on_drain_share":0.0,"downstream":"L01468"}},{"type":"Feature","geometry":{"type":"LineString","coordinates":[[77.22475172813489,28.597312697343664],[77.22555410508112,28.59657770337932],[77.22555220407239,28.596487506653602],[77.22565440141533,28.59648582883802],[77.22605558500977,28.59611833001563]]},"properties":{"id":"L01453","strahler":2,"length_m":189.7,"drop_m":-1.79,"gradient":0.0,"area_ha":40.91,"on_drain_share":0.0,"downstream":"L01454"}},{"type":"Feature","geometry":{"type":"LineString","coordinates":[[77.21911754492247,28.596773448209138],[77.21953581665477,28.597217741263417],[77.22004680890512,28.59720937388831],[77.22014711088538,28.597117503133582],[77.22025120574428,28.59720602639983],[77.22372594667364,28.597149072021598],[77.22392654355914,28.596965325357935],[77.22433533517977,28.596958618431735],[77.22475172813489,28.597312697343664]]},"properties":{"id":"L01437","strahler":2,"length_m":609.7,"drop_m":4.13,"gradient":0.00678,"area_ha":32.74,"on_drain_share":0.0,"downstream":"L01453"}},{"type":"Feature","geometry":{"type":"LineString","coordinates":[[77.1873372624686,28.59747041193895],[77.18785387374434,28.597732762832635]]},"properties":{"id":"L01438","strahler":1,"length_m":62.4,"drop_m":0.3,"gradient":0.00489,"area_ha":4.33,"on_drain_share":0.0,"downstream":"L01447"}},{"type":"Feature","geometry":{"type":"LineString","coordinates":[[77.18785387374434,28.597732762832635],[77.18877368377724,28.597717914786884],[77.18897247632864,28.597444017554615],[77.18998138904745,28.59679611886812],[77.19008358914482,28.596794467839068],[77.19050174503133,28.597238857232014]]},"properties":{"id":"L01447","strahler":3,"length_m":333.8,"drop_m":3.08,"gradient":0.00924,"area_ha":139.89,"on_drain_share":0.0,"downstream":"L01420"}},{"type":"Feature","geometry":{"type":"LineString","coordinates":[[77.25663328475187,28.596605272060412],[77.25693987056097,28.596600168106196],[77.25734093895188,28.59623258271477],[77.25744313381999,28.596230880960604]]},"properties":{"id":"L01446","strahler":1,"length_m":96.6,"drop_m":1.99,"gradient":0.02056,"area_ha":5.87,"on_drain_share":0.0,"downstream":"L01520"}},{"type":"Feature","geometry":{"type":"LineString","coordinates":[[77.28442812149396,28.596049506879826],[77.28462860422317,28.595865676383212]]},"properties":{"id":"L01443","strahler":2,"length_m":28.3,"drop_m":-0.12,"gradient":0.0,"area_ha":35.67,"on_drain_share":0.0,"downstream":"L01434"}},{"type":"Feature","geometry":{"type":"LineString","coordinates":[[77.27961142156343,28.59549900772324],[77.2799257886958,28.59585462543761],[77.27993163085718,28.596125205494165]]},"properties":{"id":"L01441","strahler":1,"length_m":82.4,"drop_m":0.24,"gradient":0.00291,"area_ha":4.92,"on_drain_share":0.0,"downstream":"L01424"}},{"type":"Feature","geometry":{"type":"LineString","coordinates":[[77.28083188759163,28.595207800807696],[77.28063529489948,28.59557201263598],[77.28023431500912,28.595939662289986],[77.28002992906131,28.595943100034308],[77.27993163085718,28.596125205494165]]},"properties":{"id":"L01442","strahler":1,"length_m":149.0,"drop_m":0.15,"gradient":0.00101,"area_ha":5.91,"on_drain_share":0.0,"downstream":"L01424"}},{"type":"Feature","geometry":{"type":"LineString","coordinates":[[77.28170094933559,28.59284729856456],[77.28171069267766,28.593298264960076],[77.28192091990474,28.59356540475595],[77.28192481770635,28.59374579127132],[77.28244551804457,28.59418815590254],[77.28255745665071,28.594637401384862],[77.28307816413573,28.595079763129863],[77.28358717324208,28.594980963811025],[77.28379545804472,28.595157907053956],[77.28379935930431,28.59533829329077],[77.28442421904572,28.5958691207412],[77.28462860422317,28.595865676383212]]},"properties":{"id":"L01445","strahler":1,"length_m":511.1,"drop_m":0.23,"gradient":0.00045,"area_ha":13.38,"on_drain_share":0.0,"downstream":"L01434"}},{"type":"Feature","geometry":{"type":"LineString","coordinates":[[77.25744313381999,28.596230880960604],[77.25743734922881,28.595960296683987],[77.25763402505471,28.595596113979806],[77.25752604614766,28.595327231558073],[77.2579271078535,28.59495964475454],[77.25791939383708,28.59459886576942],[77.25811992301884,28.59441507201467],[77.25811413713014,28.594144487792143],[77.2587176481764,28.59368329975769],[77.25881984048151,28.593681597104567],[77.25923632780442,28.59403556443088],[77.25964509818792,28.59402875171736],[77.25984562316802,28.593844955624135],[77.25983597292706,28.593393982413378],[77.25993623476465,28.593302084293647],[77.25993044449183,28.593031500366454],[77.2602292979476,28.592665611029506],[77.2602215768048,28.592304832496556],[77.25970290308432,28.591952571218744],[77.25969711373313,28.59168198719407],[77.25999789455254,28.59140629313677],[77.25999403456012,28.591225903810578],[77.26009429432845,28.59113400567052],[77.26029867380437,28.591130598489876],[77.2609176043459,28.59139095892229],[77.26173512355888,28.591377323280707],[77.26225573249454,28.5918197710991],[77.26256230322612,28.591814655216023],[77.26336436168357,28.59107945387219]]},"properties":{"id":"L01520","strahler":2,"length_m":1228.8,"drop_m":1.16,"gradient":0.00094,"area_ha":41.52,"on_drain_share":0.0,"downstream":"L01487"}},{"type":"Feature","geometry":{"type":"LineString","coordinates":[[77.17414769895782,28.597411897707673],[77.17454721842311,28.596954341655767],[77.17515856810488,28.596854304276913],[77.17576248241966,28.596393465204336],[77.17606908442957,28.59638854409243],[77.17658938364335,28.59683133919837],[77.17679378572646,28.596828057242053],[77.17709480983356,28.59655253472779]]},"properties":{"id":"L01459","strahler":1,"length_m":374.6,"drop_m":3.62,"gradient":0.00967,"area_ha":10.52,"on_drain_share":0.0,"downstream":"L01472"}},{"type":"Feature","geometry":{"type":"LineString","coordinates":[[77.19049800277234,28.597058459524604],[77.19050174503133,28.597238857232014]]},"properties":{"id":"L01448","strahler":3,"length_m":20.0,"drop_m":0.25,"gradient":0.01248,"area_ha":160.74,"on_drain_share":0.0,"downstream":"L01420"}},{"type":"Feature","geometry":{"type":"LineString","coordinates":[[77.21737070630341,28.596350891007546],[77.21778707486607,28.596704992780847],[77.2178892729589,28.596703320804686],[77.21849298643268,28.596242301536094],[77.21911754492247,28.596773448209138]]},"properties":{"id":"L01449","strahler":1,"length_m":232.1,"drop_m":1.33,"gradient":0.00573,"area_ha":7.01,"on_drain_share":0.0,"downstream":"L01437"}},{"type":"Feature","geometry":{"type":"LineString","coordinates":[[77.21650390059278,28.594019131671168],[77.21879389357564,28.59596669241765],[77.21879768398009,28.596147086710626],[77.21900586972518,28.596324135480646],[77.21911754492247,28.596773448209138]]},"properties":{"id":"L01450","strahler":1,"length_m":413.6,"drop_m":0.31,"gradient":0.00075,"area_ha":13.25,"on_drain_share":0.0,"downstream":"L01437"}},{"type":"Feature","geometry":{"type":"LineString","coordinates":[[77.22656847152125,28.596200135039297],[77.22698486830673,28.596554206874398],[77.22718926291341,28.596550849000188],[77.22738985234014,28.596367097590825],[77.22759424652841,28.59636373912633],[77.2276983464389,28.59645225637434],[77.22851592346919,28.596438818774374],[77.22951885038773,28.595520049964072],[77.22951313748376,28.595249460472],[77.22930493750819,28.595072428682506],[77.22929541713518,28.594621446093573],[77.22959438575425,28.594255618234836]]},"properties":{"id":"L01479","strahler":2,"length_m":521.1,"drop_m":-0.88,"gradient":0.0,"area_ha":65.01,"on_drain_share":0.0,"downstream":"L01492"}},{"type":"Feature","geometry":{"type":"LineString","coordinates":[[77.18847581606761,28.593211265112792],[77.18858735882368,28.59366061050142],[77.1887973613745,28.593927907801188],[77.18880296969151,28.59419850479354],[77.1891151718402,28.59446415147452],[77.18911891133541,28.594644549418078],[77.1892229792582,28.59473309811574],[77.18923419852437,28.59527429187012],[77.1901764351725,28.596341822329574],[77.19018391840419,28.596702617855016],[77.19049800277234,28.597058459524604]]},"properties":{"id":"L01451","strahler":3,"length_m":508.7,"drop_m":-0.22,"gradient":0.0,"area_ha":138.03,"on_drain_share":0.0,"downstream":"L01448"}},{"type":"Feature","geometry":{"type":"LineString","coordinates":[[77.1927942908576,28.594404693885085],[77.1927980366253,28.594585091385277],[77.19199168751884,28.595139505660843],[77.19128940044979,28.595782462504467],[77.19108500236956,28.595785766196304],[77.19098654620602,28.595967815609423],[77.19099777508083,28.59650900862568],[77.19049613165575,28.596968260668927],[77.19049800277234,28.597058459524604]]},"properties":{"id":"L01452","strahler":2,"length_m":408.7,"drop_m":2.57,"gradient":0.00629,"area_ha":22.66,"on_drain_share":0.0,"downstream":"L01448"}},{"type":"Feature","geometry":{"type":"LineString","coordinates":[[77.22236889596032,28.595817905382816],[77.22289127263001,28.596350709080614],[77.22330006216042,28.596344005406053],[77.22349875917894,28.596070062539177],[77.2244185326025,28.596054973556157],[77.2245226296998,28.596143493412768],[77.22513391144302,28.596043233373273],[77.22544430400829,28.59621859418842],[77.22564679711928,28.596125041946983],[77.22605558500977,28.59611833001563]]},"properties":{"id":"L01455","strahler":1,"length_m":429.7,"drop_m":3.14,"gradient":0.0073,"area_ha":9.32,"on_drain_share":0.0,"downstream":"L01454"}},{"type":"Feature","geometry":{"type":"LineString","coordinates":[[77.26949237360334,28.595578563952696],[77.26928217205497,28.595311403387687]]},"properties":{"id":"L01458","strahler":1,"length_m":38.3,"drop_m":2.47,"gradient":0.06446,"area_ha":4.14,"on_drain_share":0.0,"downstream":"L01497"}},{"type":"Feature","geometry":{"type":"LineString","coordinates":[[77.22605558500977,28.59611833001563],[77.22656847152125,28.596200135039297]]},"properties":{"id":"L01454","strahler":2,"length_m":54.1,"drop_m":1.88,"gradient":0.03479,"area_ha":50.71,"on_drain_share":0.0,"downstream":"L01479"}},{"type":"Feature","geometry":{"type":"LineString","coordinates":[[77.2257337852353,28.595401790284303],[77.22656847152125,28.596200135039297]]},"properties":{"id":"L01456","strahler":1,"length_m":123.1,"drop_m":1.62,"gradient":0.01319,"area_ha":6.36,"on_drain_share":0.0,"downstream":"L01479"}},{"type":"Feature","geometry":{"type":"LineString","coordinates":[[77.26485303943691,28.5937613931145],[77.2649571658133,28.59384988015495],[77.26485884249138,28.59403197609048],[77.26517122300702,28.59429743686978],[77.26547780030819,28.594292313992874],[77.26558386274426,28.59447099476044],[77.26568605532552,28.594469286891364],[77.26683147037629,28.59544263132947],[77.26693366380893,28.5954409224675],[77.26743688417123,28.595071600421523],[77.267641270224,28.595068181748804],[77.2680461678972,28.59488095525781],[77.26834693407473,28.59460524350076],[77.26895815112589,28.594504788538362],[77.26986237297423,28.5937678399835],[77.27057771397138,28.59375586098878],[77.27098066138106,28.593478432320552]]},"properties":{"id":"L01483","strahler":3,"length_m":797.4,"drop_m":4.29,"gradient":0.00538,"area_ha":162.76,"on_drain_share":0.0,"downstream":"L01498"}},{"type":"Feature","geometry":{"type":"LineString","coordinates":[[77.26928217205497,28.595311403387687],[77.2706876628242,28.594114925236475],[77.27089204656501,28.594111501769618],[77.27149355747017,28.59356006606152],[77.27200063295183,28.59337111616583],[77.2726021337678,28.592819676046943]]},"properties":{"id":"L01497","strahler":6,"length_m":441.8,"drop_m":0.0,"gradient":0.0,"area_ha":5325.13,"on_drain_share":0.0,"downstream":"L01578"}},{"type":"Feature","geometry":{"type":"LineString","coordinates":[[77.17709480983356,28.59655253472779],[77.17779905351045,28.595999846186544],[77.17830819359219,28.595901436774117]]},"properties":{"id":"L01472","strahler":2,"length_m":149.0,"drop_m":1.14,"gradient":0.00764,"area_ha":19.62,"on_drain_share":0.0,"downstream":"L01432"}},{"type":"Feature","geometry":{"type":"LineString","coordinates":[[77.19814422644343,28.596032404662505],[77.1982483029026,28.59612094592169],[77.1989636948604,28.596109343747745],[77.19906777204325,28.596197884334646]]},"properties":{"id":"L01462","strahler":1,"length_m":98.3,"drop_m":-0.39,"gradient":0.0,"area_ha":4.76,"on_drain_share":0.0,"downstream":"L01408"}},{"type":"Feature","geometry":{"type":"LineString","coordinates":[[77.24045570031357,28.59542996909747],[77.24053301782921,28.594255734394384],[77.2403248026588,28.59407872043699],[77.24031523564287,28.593627741180494],[77.23958266598791,28.592827797384146],[77.23957501528871,28.59246701373154],[77.24047561327727,28.591549858818173]]},"properties":{"id":"L01517","strahler":1,"length_m":508.7,"drop_m":0.98,"gradient":0.00194,"area_ha":8.86,"on_drain_share":0.0,"downstream":"L01528"}},{"type":"Feature","geometry":{"type":"LineString","coordinates":[[77.18843343201009,28.596099283174834],[77.18853563153935,28.596097633348837],[77.18853750091458,28.596187832334557]]},"properties":{"id":"L01463","strahler":1,"length_m":20.0,"drop_m":0.12,"gradient":0.00601,"area_ha":4.35,"on_drain_share":0.0,"downstream":null}},{"type":"Feature","geometry":{"type":"LineString","coordinates":[[77.2622192312268,28.594888089215868],[77.26252001358432,28.59461238953564],[77.26282659236246,28.594607272599816],[77.26303677676114,28.594874444208674],[77.26313896991299,28.59487273823671],[77.26343781648467,28.59450684224664]]},"properties":{"id":"L01470","strahler":1,"length_m":173.1,"drop_m":0.57,"gradient":0.00328,"area_ha":5.3,"on_drain_share":0.0,"downstream":"L01485"}},{"type":"Feature","geometry":{"type":"LineString","coordinates":[[77.28599877289996,28.59304557462467],[77.28600853466531,28.593496539652485],[77.28571367690272,28.594042866908296],[77.28613024992505,28.594396746340767],[77.2862324409722,28.594395022995688]]},"properties":{"id":"L01465","strahler":1,"length_m":189.0,"drop_m":0.36,"gradient":0.00192,"area_ha":10.08,"on_drain_share":0.0,"downstream":"L01509"}},{"type":"Feature","geometry":{"type":"LineString","coordinates":[[77.2862324409722,28.594395022995688],[77.28933779272349,28.591455391620254],[77.28974654456177,28.591448488759326],[77.28995483159356,28.59162542242606],[77.28996069841084,28.591896000753927]]},"properties":{"id":"L01509","strahler":2,"length_m":546.7,"drop_m":-0.1,"gradient":0.0,"area_ha":85.31,"on_drain_share":0.0,"downstream":null}},{"type":"Feature","geometry":{"type":"LineString","coordinates":[[77.17115231580057,28.595925998620952],[77.17094606035765,28.59583907193378],[77.1706450211533,28.59611458157189],[77.17033841883263,28.59611949037953],[77.17012845629431,28.595852162248775],[77.17002625574806,28.595853798191992]]},"properties":{"id":"L01477","strahler":1,"length_m":144.9,"drop_m":2.65,"gradient":0.01829,"area_ha":6.84,"on_drain_share":0.0,"downstream":null}},{"type":"Feature","geometry":{"type":"LineString","coordinates":[[77.23196392955983,28.595118905284],[77.23175953838914,28.595122270200026],[77.23123903161697,28.594679699157286],[77.23123522020137,28.594499306353324],[77.23133550944334,28.594407427964533],[77.23133169790609,28.5942270351652],[77.23213400431665,28.593492005769644],[77.23213209793438,28.593401809407656],[77.2307788089898,28.592251122427758],[77.23066709098617,28.591801821523323]]},"properties":{"id":"L01516","strahler":3,"length_m":506.0,"drop_m":-0.94,"gradient":0.0,"area_ha":96.31,"on_drain_share":0.0,"downstream":"L01532"}},{"type":"Feature","geometry":{"type":"LineString","coordinates":[[77.23216832069545,28.59511554006034],[77.23196392955983,28.595118905284]]},"properties":{"id":"L01468","strahler":2,"length_m":20.0,"drop_m":0.29,"gradient":0.01465,"area_ha":20.44,"on_drain_share":0.0,"downstream":"L01516"}},{"type":"Feature","geometry":{"type":"LineString","coordinates":[[77.23368026726487,28.594098132318702],[77.23257710286157,28.595108808690085],[77.23216832069545,28.59511554006034]]},"properties":{"id":"L01469","strahler":1,"length_m":195.6,"drop_m":-1.09,"gradient":0.0,"area_ha":6.13,"on_drain_share":0.0,"downstream":"L01468"}},{"type":"Feature","geometry":{"type":"LineString","coordinates":[[77.26343781648467,28.59450684224664],[77.26353807598004,28.59441494159238],[77.26353420946165,28.594234552788162],[77.2644365356733,28.59340744404325]]},"properties":{"id":"L01485","strahler":2,"length_m":161.4,"drop_m":0.24,"gradient":0.00148,"area_ha":26.8,"on_drain_share":0.0,"downstream":"L01481"}},{"type":"Feature","geometry":{"type":"LineString","coordinates":[[77.17296593985785,28.594633725460064],[77.17316662591983,28.594450049329854],[77.17347322281964,28.594445134390444],[77.1734713664399,28.594354934474755],[77.17377424974495,28.59416961906275],[77.17417190268813,28.59362186460285],[77.17479623598675,28.59415322880749],[77.17562497364693,28.594681309785372],[77.17583123011939,28.594768229277125],[77.17603376972232,28.594674748921463],[77.17644256566106,28.59466818682685],[77.17654662365193,28.59475674583795],[77.1765559189178,28.595207744453564],[77.17686809537088,28.595473420832654],[77.17820413302177,28.5958128792713]]},"properties":{"id":"L01473","strahler":1,"length_m":714.3,"drop_m":10.52,"gradient":0.01473,"area_ha":16.71,"on_drain_share":0.0,"downstream":"L01474"}},{"type":"Feature","geometry":{"type":"LineString","coordinates":[[77.17820413302177,28.5958128792713],[77.17830819359219,28.595901436774117]]},"properties":{"id":"L01474","strahler":2,"length_m":14.1,"drop_m":0.0,"gradient":0.0,"area_ha":66.89,"on_drain_share":0.0,"downstream":"L01432"}},{"type":"Feature","geometry":{"type":"LineString","coordinates":[[77.2533940133877,28.593320756529156],[77.25382395675537,28.59430610674286],[77.2542404310453,28.594660090201177]]},"properties":{"id":"L01475","strahler":2,"length_m":183.1,"drop_m":0.86,"gradient":0.0047,"area_ha":29.66,"on_drain_share":0.0,"downstream":"L01376"}},{"type":"Feature","geometry":{"type":"LineString","coordinates":[[77.25451812853184,28.593302067450995],[77.25462224633537,28.593390562953445],[77.25463187432202,28.59384153778846],[77.25453160710343,28.593933432264365],[77.25453738376686,28.594204017164607],[77.2542404310453,28.594660090201177]]},"properties":{"id":"L01476","strahler":2,"length_m":170.7,"drop_m":0.42,"gradient":0.00244,"area_ha":15.82,"on_drain_share":0.0,"downstream":"L01376"}},{"type":"Feature","geometry":{"type":"LineString","coordinates":[[77.17504896046492,28.59153251486521],[77.17619355988309,28.59250667374494],[77.17620099417904,28.592867472844553],[77.17683090984906,28.59366942661929],[77.17683834668001,28.594030225503914],[77.17714866060177,28.594205701728512],[77.17725643787931,28.594474659573144],[77.17746455490986,28.594651776206007],[77.17757977325856,28.595281532354406],[77.17820413302177,28.5958128792713]]},"properties":{"id":"L01478","strahler":2,"length_m":610.1,"drop_m":2.35,"gradient":0.00385,"area_ha":50.1,"on_drain_share":0.0,"downstream":"L01474"}},{"type":"Feature","geometry":{"type":"LineString","coordinates":[[77.23727235502845,28.59476072140956],[77.23747674472925,28.594757348225055],[77.2385798559223,28.593746634728063],[77.23857603212137,28.59356624280488],[77.23877659521486,28.593382475881082],[77.2387689470919,28.59302169205871],[77.23906978948585,28.592746041240435],[77.2391662453002,28.592473765623787],[77.24046795993495,28.59118907531842]]},"properties":{"id":"L01527","strahler":1,"length_m":534.3,"drop_m":4.62,"gradient":0.00865,"area_ha":11.57,"on_drain_share":0.0,"downstream":"L01556"}},{"type":"Feature","geometry":{"type":"LineString","coordinates":[[77.22775677872897,28.594376055055225],[77.22807097613855,28.59473180312365],[77.22858195339735,28.59472340425721],[77.22868605236606,28.594811920809875],[77.22898692746415,28.594536290699935],[77.22898311991635,28.594355897614918],[77.22918370213056,28.59417214389961],[77.22928018499339,28.59389987388282],[77.22968134600752,28.593532365440698]]},"properties":{"id":"L01491","strahler":1,"length_m":298.0,"drop_m":1.1,"gradient":0.0037,"area_ha":6.65,"on_drain_share":0.0,"downstream":"L01515"}},{"type":"Feature","geometry":{"type":"LineString","coordinates":[[77.27692135086676,28.5940103711175],[77.27802794480975,28.593179745115858],[77.27823232569746,28.59317631069084]]},"properties":{"id":"L01486","strahler":1,"length_m":167.3,"drop_m":0.48,"gradient":0.00287,"area_ha":6.64,"on_drain_share":0.0,"downstream":"L01519"}},{"type":"Feature","geometry":{"type":"LineString","coordinates":[[77.21048567359722,28.594658762711237],[77.21069006682664,28.59465542990266],[77.21089068334568,28.594471701487475],[77.21150386167618,28.59446170036747],[77.21192020392682,28.594815821759944],[77.21243307687377,28.594897681267266],[77.21313522188899,28.594254622147016],[77.21312577085627,28.593803634547335],[77.2129157096188,28.59353637832284],[77.21291192966707,28.593355983240997]]},"properties":{"id":"L01500","strahler":1,"length_m":426.3,"drop_m":-0.31,"gradient":0.0,"area_ha":7.62,"on_drain_share":0.0,"downstream":"L01526"}},{"type":"Feature","geometry":{"type":"LineString","coordinates":[[77.20312749425011,28.59477853892372],[77.20310679578972,28.59378635952875],[77.20289675886448,28.59351908637275],[77.2028929960208,28.593338690069395]]},"properties":{"id":"L01508","strahler":1,"length_m":168.3,"drop_m":1.13,"gradient":0.00674,"area_ha":7.29,"on_drain_share":0.0,"downstream":"L01567"}},{"type":"Feature","geometry":{"type":"LineString","coordinates":[[77.26944972997917,28.5935942953504],[77.26954998310715,28.5935023905803],[77.27016313115266,28.59349212460024],[77.27047358329419,28.593667378528302],[77.27077627887742,28.59348185585186],[77.27098066138106,28.593478432320552]]},"properties":{"id":"L01484","strahler":1,"length_m":170.7,"drop_m":0.0,"gradient":0.0,"area_ha":6.67,"on_drain_share":0.0,"downstream":"L01498"}},{"type":"Feature","geometry":{"type":"LineString","coordinates":[[77.22959438575425,28.594255618234836],[77.22969277194193,28.594073544487873],[77.22968134600752,28.593532365440698]]},"properties":{"id":"L01492","strahler":3,"length_m":84.1,"drop_m":-1.42,"gradient":0.0,"area_ha":418.23,"on_drain_share":0.0,"downstream":"L01515"}},{"type":"Feature","geometry":{"type":"LineString","coordinates":[[77.2644365356733,28.59340744404325],[77.26485303943691,28.5937613931145]]},"properties":{"id":"L01481","strahler":3,"length_m":56.6,"drop_m":-0.22,"gradient":0.0,"area_ha":126.88,"on_drain_share":0.0,"downstream":"L01483"}},{"type":"Feature","geometry":{"type":"LineString","coordinates":[[77.26702962489199,28.590386629364176],[77.2669332439084,28.590658920744488],[77.2666324843087,28.59093462908423],[77.2666402269004,28.591295406088115],[77.26654190863138,28.591477503010008],[77.26544103854548,28.59257862241203],[77.26544490805357,28.592759011021936],[77.26524439535154,28.59294281476372],[77.26524826458238,28.59312320338853],[77.26484723646246,28.593490810126653],[77.26485303943691,28.5937613931145]]},"properties":{"id":"L01482","strahler":2,"length_m":461.1,"drop_m":0.11,"gradient":0.00023,"area_ha":24.86,"on_drain_share":0.0,"downstream":"L01483"}},{"type":"Feature","geometry":{"type":"LineString","coordinates":[[77.27098066138106,28.593478432320552],[77.27148967750706,28.59337967823031],[77.27229556225586,28.592824814785512],[77.2726021337678,28.592819676046943]]},"properties":{"id":"L01498","strahler":3,"length_m":189.0,"drop_m":0.0,"gradient":0.0,"area_ha":171.66,"on_drain_share":0.0,"downstream":"L01578"}},{"type":"Feature","geometry":{"type":"LineString","coordinates":[[77.18370426620872,28.594822102743272],[77.18380646482586,28.594820456547737],[77.1851107840206,28.593626459179852],[77.18520924871683,28.59344441354508],[77.18582243167873,28.593434528848373],[77.1860286929575,28.593521432506808],[77.18632781543145,28.593155692015557],[77.18653220907497,28.5931523957691],[77.1868331964335,28.59287685343247],[77.18734231085749,28.592778411306956],[77.18786076692095,28.593130962668162],[77.18826768474962,28.593034166210238],[77.18847581606761,28.593211265112792]]},"properties":{"id":"L01510","strahler":1,"length_m":610.1,"drop_m":3.62,"gradient":0.00593,"area_ha":19.26,"on_drain_share":0.0,"downstream":"L01451"}},{"type":"Feature","geometry":{"type":"LineString","coordinates":[[77.20608367383674,28.59436955191243],[77.20638461034312,28.5940939687948],[77.20637707260097,28.5937331770623],[77.20605917974095,28.593196978514374],[77.20604033912451,28.5922949988263],[77.2071437454685,28.591284525735446],[77.2071399757234,28.591104129889594],[77.20774559459008,28.59073335523859],[77.20804463121642,28.590367571223528],[77.2080427456423,28.59027737334396],[77.20783647512432,28.590190503805452]]},"properties":{"id":"L01555","strahler":1,"length_m":593.6,"drop_m":0.1,"gradient":0.00017,"area_ha":19.45,"on_drain_share":0.0,"downstream":null}},{"type":"Feature","geometry":{"type":"LineString","coordinates":[[77.25002742651745,28.59364735369737],[77.25001397501975,28.593015986897477],[77.2505153261728,28.59255652966345],[77.2507197097513,28.592553136761627],[77.25175893490433,28.59334792403237],[77.25196331983851,28.59334452917108],[77.25236824231807,28.59315734830114],[77.25266904738272,28.59288166925789],[77.25297562322561,28.592876574869255],[77.25297754735861,28.592966769948156],[77.2533940133877,28.593320756529156]]},"properties":{"id":"L01493","strahler":1,"length_m":505.3,"drop_m":2.97,"gradient":0.00587,"area_ha":10.84,"on_drain_share":0.0,"downstream":"L01475"}},{"type":"Feature","geometry":{"type":"LineString","coordinates":[[77.27823232569746,28.59317631069084],[77.2788337909008,28.59262484479926],[77.27932916743974,28.591894707763817],[77.27973403006943,28.591707448126314],[77.28014278562728,28.591700574149915],[77.28054569836712,28.591423118827006],[77.28115493353633,28.591232417151854],[77.28155589333186,28.590864765736825]]},"properties":{"id":"L01519","strahler":2,"length_m":451.1,"drop_m":-0.02,"gradient":0.0,"area_ha":19.47,"on_drain_share":0.0,"downstream":"L01564"}},{"type":"Feature","geometry":{"type":"LineString","coordinates":[[77.22028702770855,28.594047455481064],[77.22098911669102,28.593404358539775]]},"properties":{"id":"L01499","strahler":1,"length_m":99.0,"drop_m":-0.79,"gradient":0.0,"area_ha":6.48,"on_drain_share":0.0,"downstream":"L01513"}},{"type":"Feature","geometry":{"type":"LineString","coordinates":[[77.26336436168357,28.59107945387219],[77.26367672941267,28.59134491890905],[77.26357647276839,28.591436819532973],[77.26358420508753,28.591797597274333],[77.26379245191443,28.591974573600595],[77.2637963185112,28.59215496243263],[77.26410869063375,28.59242042619389],[77.26412029236481,28.592961592520044],[77.26402003469673,28.59305349351685],[77.2644365356733,28.59340744404325]]},"properties":{"id":"L01487","strahler":3,"length_m":318.0,"drop_m":0.31,"gradient":0.00096,"area_ha":99.48,"on_drain_share":0.0,"downstream":"L01481"}},{"type":"Feature","geometry":{"type":"LineString","coordinates":[[77.27689218197132,28.59265746745463],[77.27739729715832,28.59237830456434],[77.2777116471411,28.592733928518623],[77.2777155376223,28.592914315585812],[77.27823232569746,28.59317631069084]]},"properties":{"id":"L01488","strahler":1,"length_m":197.3,"drop_m":0.65,"gradient":0.0033,"area_ha":6.4,"on_drain_share":0.0,"downstream":"L01519"}},{"type":"Feature","geometry":{"type":"LineString","coordinates":[[77.19264902140695,28.59233177505956],[77.19275308968493,28.592420321036524],[77.19276432595528,28.592961513694593],[77.19226270645608,28.593420771160755],[77.19206580183,28.593784871295995],[77.19248208022896,28.594139056175923],[77.19268647493197,28.594135750552198],[77.19269022047382,28.594316148072583],[77.1927942908576,28.594404693885085]]},"properties":{"id":"L01489","strahler":1,"length_m":303.8,"drop_m":-0.18,"gradient":0.0,"area_ha":11.37,"on_drain_share":0.0,"downstream":"L01452"}},{"type":"Feature","geometry":{"type":"LineString","coordinates":[[77.19298932089187,28.593950394051095],[77.19278679942546,28.594043898868964],[77.1927942908576,28.594404693885085]]},"properties":{"id":"L01490","strahler":1,"length_m":64.1,"drop_m":0.36,"gradient":0.00565,"area_ha":4.6,"on_drain_share":0.0,"downstream":"L01452"}},{"type":"Feature","geometry":{"type":"LineString","coordinates":[[77.1980026024148,28.594139894788544],[77.19870483591356,28.593496905838187]]},"properties":{"id":"L01503","strahler":1,"length_m":99.0,"drop_m":-1.39,"gradient":0.0,"area_ha":5.24,"on_drain_share":0.0,"downstream":"L01506"}},{"type":"Feature","geometry":{"type":"LineString","coordinates":[[77.24705039525449,28.59306513917394],[77.24775230512161,28.592421912914844],[77.24846956818875,28.592500246400174],[77.24977116346402,28.591215473034485],[77.24976732096,28.591035082430338],[77.25058484371209,28.591021514143858],[77.25120759782773,28.591462310757223],[77.25212731369005,28.59144703611557],[77.2525437706915,28.591801025880077],[77.25255338917259,28.59225200146714],[77.25286573519159,28.592517492721587],[77.2533940133877,28.593320756529156]]},"properties":{"id":"L01494","strahler":1,"length_m":897.4,"drop_m":5.45,"gradient":0.00607,"area_ha":17.89,"on_drain_share":0.0,"downstream":"L01475"}},{"type":"Feature","geometry":{"type":"LineString","coordinates":[[77.25404775985382,28.59042262377522],[77.25420000063194,28.592765995389595],[77.25451812853184,28.593302067450995]]},"properties":{"id":"L01495","strahler":1,"length_m":336.6,"drop_m":1.44,"gradient":0.00427,"area_ha":7.6,"on_drain_share":0.0,"downstream":"L01476"}},{"type":"Feature","geometry":{"type":"LineString","coordinates":[[77.25521228753239,28.5922980252072],[77.25451042668558,28.59294128752862],[77.25451812853184,28.593302067450995]]},"properties":{"id":"L01496","strahler":1,"length_m":139.0,"drop_m":-0.62,"gradient":0.0,"area_ha":5.2,"on_drain_share":0.0,"downstream":"L01476"}},{"type":"Feature","geometry":{"type":"LineString","coordinates":[[77.22968134600752,28.593532365440698],[77.22967182463617,28.593081382865197],[77.22997078790924,28.592715554413925],[77.22996697896936,28.592535161401578],[77.23066709098617,28.591801821523323]]},"properties":{"id":"L01515","strahler":3,"length_m":231.4,"drop_m":0.99,"gradient":0.00429,"area_ha":429.29,"on_drain_share":0.0,"downstream":"L01532"}},{"type":"Feature","geometry":{"type":"LineString","coordinates":[[77.2726021337678,28.592819676046943],[77.27330387679454,28.592176326263974],[77.27370681071937,28.591898890175152],[77.27401143724126,28.591803554619663],[77.27461291856302,28.591252106557164],[77.27522022246337,28.590971237289907],[77.2754207132229,28.59078741993014],[77.27602995574559,28.590596740967392],[77.27803675557043,28.588848738290025],[77.2781389418299,28.58884702134638],[77.27914328891445,28.58801810616672]]},"properties":{"id":"L01578","strahler":6,"length_m":865.4,"drop_m":0.5,"gradient":0.00058,"area_ha":5498.96,"on_drain_share":0.0,"downstream":"L01595"}},{"type":"Feature","geometry":{"type":"LineString","coordinates":[[77.213226076198,28.593711768720112],[77.21291192966707,28.593355983240997]]},"properties":{"id":"L01501","strahler":1,"length_m":52.4,"drop_m":0.21,"gradient":0.00393,"area_ha":8.01,"on_drain_share":0.0,"downstream":"L01526"}},{"type":"Feature","geometry":{"type":"LineString","coordinates":[[77.20126726119145,28.5938162400562],[77.2016685253245,28.593448809199202]]},"properties":{"id":"L01504","strahler":1,"length_m":56.6,"drop_m":-0.67,"gradient":0.0,"area_ha":5.53,"on_drain_share":0.0,"downstream":"L01507"}},{"type":"Feature","geometry":{"type":"LineString","coordinates":[[77.2016685253245,28.593448809199202],[77.20207730950074,28.593442170103938],[77.20228734427346,28.593709444655403],[77.20249173679781,28.59370612430153],[77.2028929960208,28.593338690069395]]},"properties":{"id":"L01507","strahler":2,"length_m":154.9,"drop_m":3.5,"gradient":0.02258,"area_ha":23.22,"on_drain_share":0.0,"downstream":"L01567"}},{"type":"Feature","geometry":{"type":"LineString","coordinates":[[77.22098911669102,28.593404358539775],[77.22139220374652,28.59312707015408],[77.22159090045312,28.592853130026302],[77.22189748273608,28.592848105885317],[77.22269984903029,28.592113129157234],[77.22269795080997,28.59202293219694],[77.22341330318909,28.592011202596616],[77.22351359744283,28.591919329720188]]},"properties":{"id":"L01513","strahler":2,"length_m":328.0,"drop_m":3.88,"gradient":0.01183,"area_ha":17.41,"on_drain_share":0.0,"downstream":"L01512"}},{"type":"Feature","geometry":{"type":"LineString","coordinates":[[77.27000859650086,28.59105859717417],[77.27001247356209,28.59123898525274],[77.2711578886387,28.59221229326565],[77.27146639847719,28.592297351132114],[77.27177878905644,28.59256279608886],[77.27228974044834,28.592554233158253],[77.2724902394339,28.592370419715184],[77.27289899961883,28.592363567422552],[77.27360267953895,28.59181041014225],[77.27390730592236,28.591715074828898],[77.27481146832451,28.59097809627312],[77.27511609107067,28.59088275842911],[77.27551901514849,28.590605317451818],[77.27592582411171,28.59050826274199],[77.27783238302467,28.58885217194668]]},"properties":{"id":"L01560","strahler":1,"length_m":1017.8,"drop_m":0.5,"gradient":0.00049,"area_ha":13.19,"on_drain_share":0.0,"downstream":"L01584"}},{"type":"Feature","geometry":{"type":"LineString","coordinates":[[77.22057275189132,28.59305026632195],[77.22098911669102,28.593404358539775]]},"properties":{"id":"L01502","strahler":1,"length_m":56.6,"drop_m":-1.25,"gradient":0.0,"area_ha":6.07,"on_drain_share":0.0,"downstream":"L01513"}},{"type":"Feature","geometry":{"type":"LineString","coordinates":[[77.21291192966707,28.593355983240997],[77.2128078445915,28.593267453739628],[77.2128002851754,28.59290666353003],[77.21299900470183,28.592632734786147],[77.21299144483207,28.5922719445895],[77.21277949749764,28.591914490345186],[77.21246724762663,28.59164890095812]]},"properties":{"id":"L01526","strahler":2,"length_m":223.1,"drop_m":2.95,"gradient":0.01323,"area_ha":18.52,"on_drain_share":0.0,"downstream":"L01530"}},{"type":"Feature","geometry":{"type":"LineString","coordinates":[[77.19727408670326,28.593520101755136],[77.19767911842331,28.59333307895175],[77.1980879032496,28.593326451903973],[77.19839824693942,28.59350187766085],[77.19870483591356,28.593496905838187]]},"properties":{"id":"L01505","strahler":1,"length_m":156.6,"drop_m":1.26,"gradient":0.00806,"area_ha":6.56,"on_drain_share":0.0,"downstream":"L01506"}},{"type":"Feature","geometry":{"type":"LineString","coordinates":[[77.19870483591356,28.593496905838187],[77.19900579051395,28.59322133815719],[77.19931237854874,28.593216365005755],[77.19981396462887,28.592757083159267],[77.2000183556515,28.59275376663316],[77.20022650483263,28.59293084644292],[77.2008396786349,28.592920894021688],[77.20146413318453,28.593452128285367],[77.2016685253245,28.593448809199202]]},"properties":{"id":"L01506","strahler":2,"length_m":356.3,"drop_m":1.73,"gradient":0.00486,"area_ha":16.81,"on_drain_share":0.0,"downstream":"L01507"}},{"type":"Feature","geometry":{"type":"LineString","coordinates":[[77.2028929960208,28.593338690069395],[77.20287982634018,28.592707302966257],[77.20298014016115,28.59261544427777],[77.20295568228686,28.59144286812173],[77.20284972580387,28.591264132203108],[77.20295003836952,28.591172273592658],[77.20294251326743,28.590811480868833],[77.20344407191358,28.59035218692667],[77.20342901898641,28.589630601611113]]},"properties":{"id":"L01567","strahler":2,"length_m":443.1,"drop_m":0.62,"gradient":0.0014,"area_ha":38.82,"on_drain_share":0.0,"downstream":"L01581"}},{"type":"Feature","geometry":{"type":"LineString","coordinates":[[77.18091323402668,28.593333129930258],[77.1812235519423,28.59350859658203],[77.18173453943646,28.593500374525224],[77.18203554099365,28.593224842124208],[77.18275092111654,28.593213326527906],[77.1829534509812,28.59311983630325],[77.18315411593552,28.592936146441748],[77.18315038688888,28.59275574773297],[77.18304632580066,28.592667193963376],[77.18334732150561,28.592391658932236],[77.18324326064301,28.592303105298935],[77.18323953154213,28.592122706584075],[77.1829273505737,28.591857045096546]]},"properties":{"id":"L01536","strahler":1,"length_m":406.3,"drop_m":3.4,"gradient":0.00837,"area_ha":10.44,"on_drain_share":0.0,"downstream":"L01565"}},{"type":"Feature","geometry":{"type":"LineString","coordinates":[[77.18815240665283,28.59240442229499],[77.1882564714763,28.59249297192683],[77.18826207807432,28.59276356907444],[77.18847207789267,28.593030867053425],[77.18847581606761,28.593211265112792]]},"properties":{"id":"L01511","strahler":3,"length_m":102.4,"drop_m":0.09,"gradient":0.00083,"area_ha":108.37,"on_drain_share":0.0,"downstream":"L01451"}},{"type":"Feature","geometry":{"type":"LineString","coordinates":[[77.24069530481889,28.592268047987897],[77.24048518015303,28.592000838163216],[77.24047561327727,28.591549858818173]]},"properties":{"id":"L01518","strahler":1,"length_m":88.3,"drop_m":-0.63,"gradient":0.0,"area_ha":6.14,"on_drain_share":0.0,"downstream":"L01528"}},{"type":"Feature","geometry":{"type":"LineString","coordinates":[[77.211257920127,28.592480686293083],[77.21146230903634,28.592477352552233],[77.21236505404703,28.591650568580086],[77.21236316468469,28.591560370981124]]},"properties":{"id":"L01529","strahler":1,"length_m":157.3,"drop_m":0.42,"gradient":0.00267,"area_ha":7.43,"on_drain_share":0.0,"downstream":"L01568"}},{"type":"Feature","geometry":{"type":"LineString","coordinates":[[77.22351359744283,28.591919329720188],[77.22371418542768,28.59173558377019],[77.22370848828466,28.591464993057016],[77.22401126752423,28.591279570574457],[77.22421565234146,28.59127621774515],[77.22494619970438,28.591986055049997],[77.22658128715511,28.591959211928753],[77.22678186954688,28.591775461730045],[77.22730044149975,28.59212785522916],[77.2276070204868,28.59212281829976],[77.22770731096811,28.592030942516953],[77.22781140643447,28.592119459962326]]},"properties":{"id":"L01512","strahler":2,"length_m":538.7,"drop_m":0.88,"gradient":0.00163,"area_ha":29.23,"on_drain_share":0.0,"downstream":null}},{"type":"Feature","geometry":{"type":"LineString","coordinates":[[77.22361958850881,28.592098047494176],[77.22351359744283,28.591919329720188]]},"properties":{"id":"L01514","strahler":1,"length_m":24.1,"drop_m":0.51,"gradient":0.02098,"area_ha":4.26,"on_drain_share":0.0,"downstream":"L01512"}},{"type":"Feature","geometry":{"type":"LineString","coordinates":[[77.27275022799293,28.59020062786804],[77.27275216879008,28.590290821747523],[77.27379346585796,28.591175625955017],[77.27430440982633,28.59116705581432],[77.27521245068307,28.590610462419825],[77.275821692652,28.590419784425592],[77.27742752719014,28.589039425543834]]},"properties":{"id":"L01554","strahler":1,"length_m":606.7,"drop_m":0.5,"gradient":0.00082,"area_ha":9.91,"on_drain_share":0.0,"downstream":"L01562"}},{"type":"Feature","geometry":{"type":"LineString","coordinates":[[77.23066709098617,28.591801821523323],[77.2312688125986,28.59125055321607]]},"properties":{"id":"L01532","strahler":4,"length_m":84.9,"drop_m":2.1,"gradient":0.0248,"area_ha":526.44,"on_drain_share":0.0,"downstream":"L01558"}},{"type":"Feature","geometry":{"type":"LineString","coordinates":[[77.2312688125986,28.59125055321607],[77.23167758006345,28.591243825385668],[77.23219235172444,28.591415806640764],[77.2326011195707,28.591409075991848],[77.23291341604859,28.591674616216064],[77.23331455573843,28.59130709807868],[77.23402989809293,28.591295312758444],[77.23413399774545,28.591383825100433],[77.2346449566987,28.59137540429174],[77.23474905691704,28.59146391612706],[77.23648822699265,28.591525465703242],[77.23689126321356,28.59124813379782],[77.23811756044462,28.591227895788013],[77.23821784042588,28.591136012770683],[77.23872879675285,28.591127576645466],[77.2389312672237,28.59103400568314],[77.24003432727778,28.59002328277935],[77.24064746762426,28.590013151346973],[77.24074774419066,28.589921266629318],[77.24095212404406,28.58991788872887],[77.24135322780097,28.589550348637392],[77.24145541733095,28.589548659289452]]},"properties":{"id":"L01558","strahler":4,"length_m":1136.7,"drop_m":3.23,"gradient":0.00285,"area_ha":597.52,"on_drain_share":0.0,"downstream":"L01569"}},{"type":"Feature","geometry":{"type":"LineString","coordinates":[[77.24047561327727,28.591549858818173],[77.24046795993495,28.59118907531842]]},"properties":{"id":"L01528","strahler":2,"length_m":40.0,"drop_m":0.62,"gradient":0.0156,"area_ha":15.83,"on_drain_share":0.0,"downstream":"L01556"}},{"type":"Feature","geometry":{"type":"LineString","coordinates":[[77.28114714141017,28.590871643788258],[77.28155589333186,28.590864765736825]]},"properties":{"id":"L01521","strahler":1,"length_m":40.0,"drop_m":-0.1,"gradient":0.0,"area_ha":4.4,"on_drain_share":0.0,"downstream":"L01564"}},{"type":"Feature","geometry":{"type":"LineString","coordinates":[[77.28155589333186,28.590864765736825],[77.28176026923899,28.590861326249783],[77.28216122547967,28.590493673224806],[77.28277435068128,28.59048335122705],[77.28287458872985,28.590391437384522],[77.28307896353333,28.590387995962587],[77.28358210022192,28.590018618266807],[77.28449983205387,28.58991293168909],[77.28500296124122,28.589543549104924],[77.2858145968239,28.58925918991112],[77.28602092106308,28.58934593724134],[77.28734934057957,28.58932353243575],[77.28765003842534,28.589047781383407],[77.28805487392336,28.58886049827089],[77.28836143056336,28.588855324567945],[77.28876235527234,28.58848765365163],[77.28937546600466,28.58847730247927],[77.289583746228,28.588654237157876],[77.28998662105323,28.588376755720844]]},"properties":{"id":"L01564","strahler":2,"length_m":962.5,"drop_m":0.74,"gradient":0.00077,"area_ha":45.66,"on_drain_share":0.0,"downstream":null}},{"type":"Feature","geometry":{"type":"LineString","coordinates":[[77.18711923927071,28.591879717520534],[77.18721956689093,28.59178786978402],[77.18742395776665,28.591784572337573],[77.18815240665283,28.59240442229499]]},"properties":{"id":"L01522","strahler":1,"length_m":133.1,"drop_m":2.58,"gradient":0.01938,"area_ha":4.69,"on_drain_share":0.0,"downstream":"L01511"}},{"type":"Feature","geometry":{"type":"LineString","coordinates":[[77.18666937440952,28.58990192953333],[77.18719154915635,28.5904348827891],[77.18729747905252,28.590613632467285],[77.18730868654019,28.59115482724806],[77.18814866915517,28.592224024175096],[77.18815240665283,28.59240442229499]]},"properties":{"id":"L01523","strahler":3,"length_m":338.0,"drop_m":1.56,"gradient":0.00462,"area_ha":102.67,"on_drain_share":0.0,"downstream":"L01511"}},{"type":"Feature","geometry":{"type":"LineString","coordinates":[[77.18966103526387,28.591207086246236],[77.18967038513297,28.591658081146896],[77.18936940887531,28.59193362923865],[77.18917249638847,28.592297725636413],[77.18896623531802,28.59221082676015]]},"properties":{"id":"L01524","strahler":2,"length_m":164.9,"drop_m":1.53,"gradient":0.00926,"area_ha":20.46,"on_drain_share":0.0,"downstream":null}},{"type":"Feature","geometry":{"type":"LineString","coordinates":[[77.19782532377752,28.59053361277327],[77.19812815001482,28.590348245754196],[77.1985369231708,28.590341617983782],[77.19884913615348,28.590607241659256],[77.19885852500322,28.59105823381757],[77.19875820876499,28.591150089589576],[77.19886791406869,28.59150922594306],[77.19938827731038,28.591951929882658],[77.19980081366418,28.59212569469251],[77.20000520346731,28.592122378252967],[77.20080960569551,28.591477721320306],[77.201116188299,28.59147274436834],[77.20131681682516,28.591289029466388],[77.20213436852247,28.591275753079263],[77.20213248792213,28.59118555485207],[77.20253373950649,28.590818122014714],[77.2025262159363,28.590457329170825],[77.20342901898641,28.589630601611113]]},"properties":{"id":"L01566","strahler":2,"length_m":849.1,"drop_m":6.58,"gradient":0.00775,"area_ha":38.75,"on_drain_share":0.0,"downstream":"L01581"}},{"type":"Feature","geometry":{"type":"LineString","coordinates":[[77.26149598164152,28.58975723024217],[77.26201658115862,28.590199679583897],[77.26232314724086,28.590194564505488],[77.26336436168357,28.59107945387219]]},"properties":{"id":"L01525","strahler":2,"length_m":242.1,"drop_m":0.04,"gradient":0.00018,"area_ha":50.6,"on_drain_share":0.0,"downstream":"L01487"}},{"type":"Feature","geometry":{"type":"LineString","coordinates":[[77.18053401523822,28.589820279970564],[77.18043368320546,28.589912122996186],[77.18043740717455,28.590092522107767],[77.18075143903225,28.590448389552183],[77.18077006234653,28.591350384795085],[77.18067159146979,28.591532427566055],[77.18108782466679,28.59188665012852],[77.18170100027737,28.591876784553243],[77.18191098226892,28.592144093734262],[77.18221757069121,28.59213915939171],[77.18232163057702,28.59222771387034],[77.18252602297282,28.592224423758],[77.1829273505737,28.591857045096546]]},"properties":{"id":"L01535","strahler":2,"length_m":486.3,"drop_m":1.41,"gradient":0.00291,"area_ha":31.49,"on_drain_share":0.0,"downstream":"L01565"}},{"type":"Feature","geometry":{"type":"LineString","coordinates":[[77.22892220391054,28.591469607538652],[77.2292249731733,28.591284173912634],[77.22963374133842,28.59127745223406],[77.22983431688283,28.591093697866377]]},"properties":{"id":"L01537","strahler":1,"length_m":106.6,"drop_m":-0.95,"gradient":0.0,"area_ha":6.16,"on_drain_share":0.0,"downstream":"L01534"}},{"type":"Feature","geometry":{"type":"LineString","coordinates":[[77.21246724762663,28.59164890095812],[77.21236316468469,28.591560370981124]]},"properties":{"id":"L01530","strahler":2,"length_m":14.1,"drop_m":0.0,"gradient":0.0,"area_ha":36.9,"on_drain_share":0.0,"downstream":"L01568"}},{"type":"Feature","geometry":{"type":"LineString","coordinates":[[77.21643386238294,28.590681830158253],[77.21623326283118,28.59086556594638],[77.21582449253386,28.590872247155055],[77.21458116023912,28.5900805060978],[77.21407965417636,28.5905398385425],[77.21408343567992,28.590720233556553],[77.21418751909282,28.5908087621883],[77.21368600797811,28.5912680934158],[77.21348351200983,28.59136162791321],[77.21307473903188,28.591368300941117],[77.21246724762663,28.59164890095812]]},"properties":{"id":"L01531","strahler":1,"length_m":537.7,"drop_m":2.04,"gradient":0.0038,"area_ha":18.26,"on_drain_share":0.0,"downstream":"L01530"}},{"type":"Feature","geometry":{"type":"LineString","coordinates":[[77.24046795993495,28.59118907531842],[77.2403523763485,28.59055939279143],[77.24145541733095,28.589548659289452]]},"properties":{"id":"L01556","strahler":2,"length_m":229.7,"drop_m":2.88,"gradient":0.01253,"area_ha":34.11,"on_drain_share":0.0,"downstream":"L01569"}},{"type":"Feature","geometry":{"type":"LineString","coordinates":[[77.28972308040701,28.590366175142663],[77.29002964105656,28.590360997421318]]},"properties":{"id":"L01533","strahler":1,"length_m":30.0,"drop_m":0.26,"gradient":0.00878,"area_ha":5.16,"on_drain_share":0.0,"downstream":null}},{"type":"Feature","geometry":{"type":"LineString","coordinates":[[77.21236316468469,28.591560370981124],[77.21215499932342,28.591383310755166],[77.21195061262603,28.591386645423487],[77.21174244827523,28.591209584502465],[77.21173867069125,28.59102918921547],[77.2113223448462,28.590675066225415],[77.21101576666912,28.59068006611774],[77.21059944455217,28.59032594068003],[77.21029286723804,28.590330938882918],[77.20987843596497,28.59006700876943],[77.20946966699773,28.59007367065846],[77.20884519594752,28.589542474162183]]},"properties":{"id":"L01568","strahler":2,"length_m":447.0,"drop_m":-0.69,"gradient":0.0,"area_ha":52.1,"on_drain_share":0.0,"downstream":"L01614"}},{"type":"Feature","geometry":{"type":"LineString","coordinates":[[77.22983431688283,28.591093697866377],[77.23065185125951,28.591080249688044],[77.23075594803949,28.59116876479746],[77.2312688125986,28.59125055321607]]},"properties":{"id":"L01534","strahler":2,"length_m":148.3,"drop_m":2.32,"gradient":0.01567,"area_ha":53.77,"on_drain_share":0.0,"downstream":"L01558"}},{"type":"Feature","geometry":{"type":"LineString","coordinates":[[77.1829273505737,28.591857045096546],[77.18352933674856,28.59130597512589],[77.18373372719658,28.591302683290458],[77.18382659757792,28.590850040572345],[77.18361661374564,28.590582734436627],[77.18431891795561,28.589939816245302]]},"properties":{"id":"L01565","strahler":2,"length_m":296.3,"drop_m":2.44,"gradient":0.00823,"area_ha":45.7,"on_drain_share":0.0,"downstream":"L01573"}},{"type":"Feature","geometry":{"type":"LineString","coordinates":[[77.22631416150364,28.58898607539492],[77.22839792137124,28.59084663046274],[77.22901107137352,28.590836551362518],[77.22921926202565,28.591013584197366],[77.22983431688283,28.591093697866377]]},"properties":{"id":"L01538","strahler":2,"length_m":445.3,"drop_m":-1.69,"gradient":0.0,"area_ha":43.29,"on_drain_share":0.0,"downstream":"L01534"}},{"type":"Feature","geometry":{"type":"LineString","coordinates":[[77.27694187069878,28.59022052399526],[77.27824501883781,28.58902569142984],[77.27834720525354,28.589023974319623],[77.28045806790975,28.58736441565572],[77.28076267443919,28.58726906595135],[77.28106338509929,28.586993328794126],[77.28157041014843,28.586804345676754],[77.28207353635914,28.586434974074734],[77.28248032206751,28.586337900885745],[77.28308172734067,28.585786419101396],[77.28348850944525,28.585689343072058],[77.28479932919662,28.58485522698783],[77.28510392401722,28.584759868126778],[77.28540461596523,28.58448412229347],[77.28570920909338,28.584388762159133],[77.28631058609191,28.583837267490917],[77.28661712853683,28.583832098557675],[77.28761940672628,28.582912933437427],[77.2881283524972,28.582814120479895],[77.2886314359867,28.58244472671902],[77.28883579460147,28.582441277497615],[77.28924060325993,28.582253992239856],[77.29004239661533,28.581518646711668]]},"properties":{"id":"L01713","strahler":1,"length_m":1689.4,"drop_m":1.58,"gradient":0.00093,"area_ha":6.18,"on_drain_share":0.0,"downstream":null}},{"type":"Feature","geometry":{"type":"LineString","coordinates":[[77.19549174498978,28.59138348126033],[77.1960008419504,28.591285007414786],[77.19641337076864,28.59145878300253],[77.196719954224,28.591453815989784],[77.1976228134465,28.590627124270114],[77.19782532377752,28.59053361277327]]},"properties":{"id":"L01549","strahler":1,"length_m":283.8,"drop_m":4.24,"gradient":0.01493,"area_ha":9.12,"on_drain_share":0.0,"downstream":"L01566"}},{"type":"Feature","geometry":{"type":"LineString","coordinates":[[77.26556029221467,28.588606656824872],[77.26566441374604,28.588695143637366],[77.26567602165069,28.589236309677176],[77.26588426638747,28.589413282937095],[77.26619082936693,28.58940815924627],[77.26660538635853,28.589671909404316],[77.26681363346235,28.589848881088763],[77.26681750487525,28.590029269599544],[77.26702962489199,28.590386629364176]]},"properties":{"id":"L01539","strahler":1,"length_m":281.4,"drop_m":4.14,"gradient":0.0147,"area_ha":6.87,"on_drain_share":0.0,"downstream":"L01482"}},{"type":"Feature","geometry":{"type":"LineString","coordinates":[[77.26832902021592,28.589011497353905],[77.2670257530596,28.59020624088943],[77.26702962489199,28.590386629364176]]},"properties":{"id":"L01540","strahler":1,"length_m":203.8,"drop_m":-0.05,"gradient":0.0,"area_ha":9.33,"on_drain_share":0.0,"downstream":"L01482"}},{"type":"Feature","geometry":{"type":"LineString","coordinates":[[77.23534502736834,28.590642042361903],[77.23585598231166,28.59063361719068],[77.23635738828091,28.590174209388486],[77.23676615016032,28.590167466455213],[77.23686643044819,28.590075584415416],[77.2370708111435,28.590072212346207],[77.23727137081323,28.58988844778729],[77.23747575108997,28.589885075128084],[77.23810035896635,28.590416131533797],[77.23830282874201,28.590322561546593],[77.23881378110602,28.590314125320003]]},"properties":{"id":"L01545","strahler":1,"length_m":402.1,"drop_m":-2.72,"gradient":0.0,"area_ha":7.62,"on_drain_share":0.0,"downstream":"L01572"}},{"type":"Feature","geometry":{"type":"LineString","coordinates":[[77.24443999252152,28.590491786882982],[77.24494135822131,28.590032349430114],[77.24473122813544,28.58976514646137],[77.24452684910749,28.589768530039162],[77.2446252051303,28.589586447008195],[77.2448295837923,28.589583063301856],[77.24523067203518,28.589215512541074],[77.24604818326213,28.589201972381588],[77.24615229014022,28.589290475067187],[77.24635666801535,28.589287089092032],[77.2466574794391,28.58901142298878],[77.24706431516118,28.588914453770236],[77.247266773244,28.588820870974253],[77.24726485431583,28.588730675485593],[77.24787414524381,28.588540120884694],[77.24807468223803,28.58835634151091],[77.24796481640405,28.58799725396879],[77.24816535226739,28.587813474513865]]},"properties":{"id":"L01597","strahler":1,"length_m":633.6,"drop_m":3.7,"gradient":0.00584,"area_ha":21.96,"on_drain_share":0.0,"downstream":"L01609"}},{"type":"Feature","geometry":{"type":"LineString","coordinates":[[77.17368142942067,28.589659622392194],[77.17409948941246,28.590104068127413],[77.17411062907166,28.590645267714933],[77.17421653776493,28.590824028805983],[77.17504896046492,28.59153251486521]]},"properties":{"id":"L01541","strahler":2,"length_m":263.8,"drop_m":4.61,"gradient":0.01746,"area_ha":27.45,"on_drain_share":0.0,"downstream":"L01478"}},{"type":"Feature","geometry":{"type":"LineString","coordinates":[[77.17552464118144,28.589810519605223],[77.17511586378545,28.58981707791779],[77.1747182288942,28.590364834391004],[77.17473122903071,28.590996233620988],[77.17504338798902,28.591261915281684],[77.17504896046492,28.59153251486521]]},"properties":{"id":"L01542","strahler":1,"length_m":259.0,"drop_m":3.53,"gradient":0.01361,"area_ha":6.47,"on_drain_share":0.0,"downstream":"L01478"}},{"type":"Feature","geometry":{"type":"LineString","coordinates":[[77.27642121267466,28.589778135551633],[77.27722315418885,28.589042858303507]]},"properties":{"id":"L01553","strahler":1,"length_m":113.1,"drop_m":0.5,"gradient":0.00442,"area_ha":6.65,"on_drain_share":0.0,"downstream":"L01557"}},{"type":"Feature","geometry":{"type":"LineString","coordinates":[[77.17208156207873,28.591399626893335],[77.17218190313282,28.59130778960034],[77.17217448304042,28.590946989453084],[77.17247550421442,28.590671477235585],[77.17267989494097,28.590668202122195],[77.17287686334082,28.590304126688192],[77.17297905832582,28.590302488886753],[77.17368142942067,28.589659622392194]]},"properties":{"id":"L01579","strahler":1,"length_m":273.8,"drop_m":3.19,"gradient":0.01166,"area_ha":6.35,"on_drain_share":0.0,"downstream":"L01541"}},{"type":"Feature","geometry":{"type":"LineString","coordinates":[[77.18852381010052,28.590593843210538],[77.18893258684172,28.5905872443307],[77.18966103526387,28.591207086246236]]},"properties":{"id":"L01543","strahler":1,"length_m":139.0,"drop_m":-0.52,"gradient":0.0,"area_ha":5.3,"on_drain_share":0.0,"downstream":"L01524"}},{"type":"Feature","geometry":{"type":"LineString","coordinates":[[77.19082937446376,28.588391108420698],[77.1907234412742,28.58821236165402],[77.19011029062578,28.58822226685754],[77.1899096468848,28.58840596599076],[77.18992273672593,28.589037358998],[77.18972209118922,28.58922105793541],[77.18973144054856,28.589672052949638],[77.1902517583347,28.590114794678676],[77.18995078780351,28.59039034379699],[77.18995639825107,28.590660940721357],[77.18965729537636,28.59102668827679],[77.18966103526387,28.591207086246236]]},"properties":{"id":"L01544","strahler":1,"length_m":476.3,"drop_m":3.34,"gradient":0.00702,"area_ha":10.56,"on_drain_share":0.0,"downstream":"L01524"}},{"type":"Feature","geometry":{"type":"LineString","coordinates":[[77.23881378110602,28.590314125320003],[77.23901816199012,28.59031075029111],[77.23972393181525,28.589847955577316],[77.24043926115411,28.589836137006635],[77.2405395377557,28.58974425244013],[77.24074391729592,28.589740874872437],[77.24114502119355,28.589373335385535],[77.24165405378989,28.58927469287986],[77.24205706716603,28.58899734676041]]},"properties":{"id":"L01572","strahler":2,"length_m":378.0,"drop_m":1.82,"gradient":0.00482,"area_ha":37.87,"on_drain_share":0.0,"downstream":"L01599"}},{"type":"Feature","geometry":{"type":"LineString","coordinates":[[77.25860191845881,28.588271614702716],[77.25922468634221,28.588712373661444],[77.25942906125762,28.588708968053954],[77.2596372951109,28.5888859515771],[77.25965080179687,28.589517314569182],[77.26017139283591,28.589959771517744],[77.26037577002991,28.589956364348474],[77.2607768021431,28.58958877054845],[77.26139186226058,28.58966874010107],[77.26149598164152,28.58975723024217]]},"properties":{"id":"L01547","strahler":2,"length_m":424.6,"drop_m":2.29,"gradient":0.0054,"area_ha":31.44,"on_drain_share":0.0,"downstream":"L01525"}},{"type":"Feature","geometry":{"type":"LineString","coordinates":[[77.23098631900773,28.5875558608279],[77.23286193272118,28.589239314624447],[77.23316850216459,28.589234265590097],[77.23367182165865,28.588865063693255],[77.23428495795586,28.58885496139245],[77.23470134819836,28.58920901003807],[77.23735636614974,28.589074996667907],[77.23881378110602,28.590314125320003]]},"properties":{"id":"L01546","strahler":2,"length_m":939.8,"drop_m":3.07,"gradient":0.00327,"area_ha":23.01,"on_drain_share":0.0,"downstream":"L01572"}},{"type":"Feature","geometry":{"type":"LineString","coordinates":[[77.25260556457556,28.58990523028759],[77.25280994273177,28.589901834523246],[77.25311073790661,28.589626154962883],[77.25310304203951,28.589265374494854],[77.25320330643652,28.58917348119704],[77.25319753439433,28.588902895847205],[77.25309342240459,28.58881439888015],[77.25308187913443,28.588273228098984],[77.25318214267084,28.588181334856312],[77.25316867537698,28.58754996892005],[77.25306456482599,28.58746147183823],[77.25306071729914,28.587281081543555],[77.253160979975,28.587189188356028],[77.25315328471447,28.58682840777092],[77.25242259676376,28.586118730658594],[77.25241682745175,28.58584814504132],[77.25261735127691,28.5856643596077],[77.25230502736194,28.585398866359615],[77.25230118146062,28.585218475915664],[77.2524014430086,28.585126583337242]]},"properties":{"id":"L01645","strahler":1,"length_m":637.0,"drop_m":5.52,"gradient":0.00867,"area_ha":12.67,"on_drain_share":0.0,"downstream":"L01678"}},{"type":"Feature","geometry":{"type":"LineString","coordinates":[[77.26287444642686,28.5872981077691],[77.26267780262546,28.58766229660166],[77.26197601885583,28.588305593704156],[77.26199533374992,28.589207539433755],[77.26159430749375,28.589575136538766],[77.26149211935598,28.58957684105908],[77.26149598164152,28.58975723024217]]},"properties":{"id":"L01548","strahler":1,"length_m":333.8,"drop_m":0.48,"gradient":0.00144,"area_ha":12.03,"on_drain_share":0.0,"downstream":"L01525"}},{"type":"Feature","geometry":{"type":"LineString","coordinates":[[77.19648930458966,28.59019434736718],[77.19689995365552,28.59027792312605],[77.19721216258434,28.59054355081176],[77.19762093674763,28.590536925760375]]},"properties":{"id":"L01550","strahler":1,"length_m":126.6,"drop_m":-1.46,"gradient":0.0,"area_ha":4.56,"on_drain_share":0.0,"downstream":"L01551"}},{"type":"Feature","geometry":{"type":"LineString","coordinates":[[77.19762093674763,28.590536925760375],[77.19782532377752,28.59053361277327]]},"properties":{"id":"L01551","strahler":2,"length_m":20.0,"drop_m":0.7,"gradient":0.03505,"area_ha":21.19,"on_drain_share":0.0,"downstream":"L01566"}},{"type":"Feature","geometry":{"type":"LineString","coordinates":[[77.25801578922523,28.58954455419247],[77.25800229229202,28.588913190489418],[77.25860191845881,28.588271614702716]]},"properties":{"id":"L01583","strahler":1,"length_m":164.9,"drop_m":0.9,"gradient":0.00546,"area_ha":5.41,"on_drain_share":0.0,"downstream":"L01547"}},{"type":"Feature","geometry":{"type":"LineString","coordinates":[[77.19468080356165,28.58679492942781],[77.19488518375859,28.58679162126537],[77.19571395294614,28.58731957757634],[77.19612271505098,28.58731295772018],[77.19664304559755,28.587755674219682],[77.19676399423082,28.588656004587435],[77.1965671133256,28.589020110165574],[77.19657461610268,28.589380904532934],[77.1968868214537,28.589646533190933],[77.19689244948846,28.58991712888529],[77.19762093674763,28.590536925760375]]},"properties":{"id":"L01552","strahler":1,"length_m":599.4,"drop_m":4.75,"gradient":0.00792,"area_ha":16.61,"on_drain_share":0.0,"downstream":"L01551"}},{"type":"Feature","geometry":{"type":"LineString","coordinates":[[77.27722315418885,28.589042858303507],[77.27742752719014,28.589039425543834]]},"properties":{"id":"L01557","strahler":2,"length_m":20.0,"drop_m":0.0,"gradient":0.0,"area_ha":16.22,"on_drain_share":0.0,"downstream":"L01562"}},{"type":"Feature","geometry":{"type":"LineString","coordinates":[[77.27742752719014,28.589039425543834],[77.27762801044317,28.588855605295812],[77.27783238302467,28.58885217194668]]},"properties":{"id":"L01562","strahler":2,"length_m":48.3,"drop_m":0.0,"gradient":0.0,"area_ha":26.99,"on_drain_share":0.0,"downstream":"L01584"}},{"type":"Feature","geometry":{"type":"LineString","coordinates":[[77.22244801384721,28.58986155507764],[77.22130304552617,28.588887808462673],[77.22150173527515,28.58861386873629]]},"properties":{"id":"L01593","strahler":1,"length_m":193.8,"drop_m":-0.76,"gradient":0.0,"area_ha":8.72,"on_drain_share":0.0,"downstream":"L01563"}},{"type":"Feature","geometry":{"type":"LineString","coordinates":[[77.24145541733095,28.589548659289452],[77.24205706716603,28.58899734676041]]},"properties":{"id":"L01569","strahler":4,"length_m":84.9,"drop_m":-3.93,"gradient":0.0,"area_ha":632.88,"on_drain_share":0.0,"downstream":"L01599"}},{"type":"Feature","geometry":{"type":"LineString","coordinates":[[77.27462964364159,28.587281866095754],[77.27523109748665,28.586730416594037],[77.27564760706328,28.587084332244654],[77.27565926531014,28.587625494659136],[77.2757633937156,28.587713973298026],[77.2757672800613,28.58789436074352],[77.27722315418885,28.589042858303507]]},"properties":{"id":"L01559","strahler":1,"length_m":429.4,"drop_m":0.5,"gradient":0.00116,"area_ha":9.16,"on_drain_share":0.0,"downstream":"L01557"}},{"type":"Feature","geometry":{"type":"LineString","coordinates":[[77.18431891795561,28.589939816245302],[77.1845214401892,28.589846324052463],[77.18493767843555,28.59020053452894],[77.18493954428249,28.590290733810225],[77.18514393257422,28.59028743995652],[77.18524799282403,28.590375992175858],[77.1854523812385,28.590372697848455],[77.18565303669682,28.590189004738164],[77.18595961868013,28.59018406224572],[77.18595215189417,28.58982326535316],[77.18615280545347,28.58963957159326],[77.18635719231996,28.58963627597991],[77.18666937440952,28.58990192953333]]},"properties":{"id":"L01573","strahler":2,"length_m":333.8,"drop_m":4.05,"gradient":0.01214,"area_ha":54.99,"on_drain_share":0.0,"downstream":"L01523"}},{"type":"Feature","geometry":{"type":"LineString","coordinates":[[77.20354061967966,28.5900799316295],[77.20351992137482,28.589087751823705]]},"properties":{"id":"L01587","strahler":1,"length_m":110.0,"drop_m":0.16,"gradient":0.00143,"area_ha":5.91,"on_drain_share":0.0,"downstream":"L01620"}},{"type":"Feature","geometry":{"type":"LineString","coordinates":[[77.22540965331157,28.589722748473598],[77.22550994368974,28.58963087430765]]},"properties":{"id":"L01561","strahler":1,"length_m":14.1,"drop_m":0.0,"gradient":0.0,"area_ha":4.23,"on_drain_share":0.0,"downstream":"L01577"}},{"type":"Feature","geometry":{"type":"LineString","coordinates":[[77.27783238302467,28.58885217194668],[77.27893891813265,28.588021541399485],[77.27914328891445,28.58801810616672]]},"properties":{"id":"L01584","strahler":2,"length_m":167.3,"drop_m":0.0,"gradient":0.0,"area_ha":46.57,"on_drain_share":0.0,"downstream":"L01595"}},{"type":"Feature","geometry":{"type":"LineString","coordinates":[[77.22150173527515,28.58861386873629],[77.22200319853512,28.58815451099232],[77.22199750661918,28.58788391982142],[77.22178933383556,28.58770687480087],[77.22168145371275,28.58743795798869],[77.22208261982782,28.587070471616084],[77.22218480830476,28.58706879691759],[77.22270523978419,28.58751140739073],[77.22342056162103,28.58749967943883],[77.2237233305337,28.58731425810179],[77.22424566853044,28.587847059148487],[77.22436875038201,28.588837548767156],[77.22499329004967,28.589368669679597],[77.22550994368974,28.58963087430765]]},"properties":{"id":"L01563","strahler":2,"length_m":750.8,"drop_m":7.63,"gradient":0.01017,"area_ha":28.33,"on_drain_share":0.0,"downstream":"L01577"}},{"type":"Feature","geometry":{"type":"LineString","coordinates":[[77.22550994368974,28.58963087430765],[77.22621197146005,28.588987753306476],[77.22631416150364,28.58898607539492]]},"properties":{"id":"L01577","strahler":2,"length_m":109.0,"drop_m":-5.76,"gradient":0.0,"area_ha":33.43,"on_drain_share":0.0,"downstream":"L01538"}},{"type":"Feature","geometry":{"type":"LineString","coordinates":[[77.25718671744198,28.589016997434015],[77.2573853105081,28.588743010289647],[77.25737181779027,28.58811164623702],[77.25756848117948,28.58774746404927],[77.25817196022777,28.587286279968417]]},"properties":{"id":"L01603","strahler":1,"length_m":237.3,"drop_m":0.69,"gradient":0.00292,"area_ha":5.95,"on_drain_share":0.0,"downstream":"L01590"}},{"type":"Feature","geometry":{"type":"LineString","coordinates":[[77.18421672409384,28.58994146257082],[77.18431891795561,28.589939816245302]]},"properties":{"id":"L01570","strahler":1,"length_m":10.0,"drop_m":0.0,"gradient":0.0,"area_ha":4.09,"on_drain_share":0.0,"downstream":"L01573"}},{"type":"Feature","geometry":{"type":"LineString","coordinates":[[77.202918057641,28.589638904371263],[77.20341961118797,28.589179610746196]]},"properties":{"id":"L01580","strahler":1,"length_m":70.7,"drop_m":0.02,"gradient":0.00026,"area_ha":5.62,"on_drain_share":0.0,"downstream":"L01586"}},{"type":"Feature","geometry":{"type":"LineString","coordinates":[[77.20342901898641,28.589630601611113],[77.20341961118797,28.589179610746196]]},"properties":{"id":"L01581","strahler":3,"length_m":50.0,"drop_m":-0.12,"gradient":0.0,"area_ha":77.92,"on_drain_share":0.0,"downstream":"L01586"}},{"type":"Feature","geometry":{"type":"LineString","coordinates":[[77.20884519594752,28.589542474162183],[77.20833423689612,28.5895507973001],[77.2073956607116,28.58866379475847],[77.20728593052071,28.588304666601495],[77.20676555535336,28.587861993603635],[77.20696428259447,28.587588073182598]]},"properties":{"id":"L01614","strahler":2,"length_m":340.4,"drop_m":2.04,"gradient":0.00601,"area_ha":67.65,"on_drain_share":0.0,"downstream":"L01630"}},{"type":"Feature","geometry":{"type":"LineString","coordinates":[[77.20945268640291,28.589261890441684],[77.20924830343493,28.58926522081304],[77.20884519594752,28.589542474162183]]},"properties":{"id":"L01571","strahler":1,"length_m":72.4,"drop_m":-3.53,"gradient":0.0,"area_ha":8.01,"on_drain_share":0.0,"downstream":"L01614"}},{"type":"Feature","geometry":{"type":"LineString","coordinates":[[77.24205706716603,28.58899734676041],[77.24356116432352,28.587619055105517]]},"properties":{"id":"L01599","strahler":4,"length_m":212.1,"drop_m":-0.84,"gradient":0.0,"area_ha":676.13,"on_drain_share":0.0,"downstream":"L01624"}},{"type":"Feature","geometry":{"type":"LineString","coordinates":[[77.18591482002324,28.58801928057554],[77.18592601922423,28.588560476063922],[77.18602821163378,28.58855882852322],[77.18654850906906,28.58900158568617],[77.18656157915213,28.589632980058948],[77.18666563983149,28.58972153116784],[77.18666937440952,28.58990192953333]]},"properties":{"id":"L01574","strahler":3,"length_m":244.9,"drop_m":2.75,"gradient":0.01124,"area_ha":43.92,"on_drain_share":0.0,"downstream":"L01523"}},{"type":"Feature","geometry":{"type":"LineString","coordinates":[[77.24951299537338,28.58869339507042],[77.24878615700662,28.588164088666147],[77.24878231667029,28.587983697858572],[77.24857410170392,28.587806696509304],[77.24816535226739,28.587813474513865]]},"properties":{"id":"L01598","strahler":1,"length_m":183.1,"drop_m":-1.6,"gradient":0.0,"area_ha":7.17,"on_drain_share":0.0,"downstream":"L01609"}},{"type":"Feature","geometry":{"type":"LineString","coordinates":[[77.18011593074532,28.589375855480245],[77.18053029114627,28.58963988086337],[77.18053401523822,28.589820279970564]]},"properties":{"id":"L01575","strahler":2,"length_m":72.4,"drop_m":0.99,"gradient":0.01368,"area_ha":14.99,"on_drain_share":0.0,"downstream":"L01535"}},{"type":"Feature","geometry":{"type":"LineString","coordinates":[[77.18062317445239,28.58918723957058],[77.18063434709678,28.58972843687898],[77.18053401523822,28.589820279970564]]},"properties":{"id":"L01576","strahler":1,"length_m":74.1,"drop_m":1.16,"gradient":0.01561,"area_ha":4.31,"on_drain_share":0.0,"downstream":"L01535"}},{"type":"Feature","geometry":{"type":"LineString","coordinates":[[77.2262100704883,28.58889755652026],[77.22631416150364,28.58898607539492]]},"properties":{"id":"L01582","strahler":1,"length_m":14.1,"drop_m":0.0,"gradient":0.0,"area_ha":4.32,"on_drain_share":0.0,"downstream":"L01538"}},{"type":"Feature","geometry":{"type":"LineString","coordinates":[[77.27914328891445,28.58801810616672],[77.27974666818044,28.587556831261118]]},"properties":{"id":"L01595","strahler":6,"length_m":80.7,"drop_m":0.0,"gradient":0.0,"area_ha":5545.63,"on_drain_share":0.0,"downstream":"L01665"}},{"type":"Feature","geometry":{"type":"LineString","coordinates":[[77.17118241358565,28.5874439170678],[77.17149455305447,28.58770960808569],[77.17149826142476,28.587890008329534],[77.17160230845396,28.587978571806513],[77.17150567826755,28.58825080880151],[77.17181782102512,28.588516498872234],[77.17182153007136,28.588696899055872],[77.17213182015612,28.588872388199423],[77.17213738462442,28.58914298840225],[77.17234548247723,28.589320114062133],[77.17265206466026,28.589315201782174],[77.17306826339913,28.589669451020725],[77.17347704078094,28.589662898909317],[77.17357737900322,28.589571060716267]]},"properties":{"id":"L01585","strahler":1,"length_m":410.4,"drop_m":5.24,"gradient":0.01276,"area_ha":13.18,"on_drain_share":0.0,"downstream":"L01588"}},{"type":"Feature","geometry":{"type":"LineString","coordinates":[[77.20341961118797,28.589179610746196],[77.20351992137482,28.589087751823705]]},"properties":{"id":"L01586","strahler":3,"length_m":14.1,"drop_m":0.0,"gradient":0.0,"area_ha":83.63,"on_drain_share":0.0,"downstream":"L01620"}},{"type":"Feature","geometry":{"type":"LineString","coordinates":[[77.28588360100552,28.58772418480018],[77.28619015481527,28.5877190161912],[77.28629038725543,28.58762710010596],[77.28700567849195,28.58761503683453],[77.28721395320237,28.58779197550035],[77.2877229226528,28.58769316276805],[77.28862694945622,28.586956099062608],[77.28893740915038,28.58713131018763],[77.28914177678254,28.587127859989817],[77.29004383319253,28.586300594760136],[77.29004187796077,28.586210401916375]]},"properties":{"id":"L01622","strahler":1,"length_m":515.3,"drop_m":-0.42,"gradient":0.0,"area_ha":14.59,"on_drain_share":0.0,"downstream":null}},{"type":"Feature","geometry":{"type":"LineString","coordinates":[[77.17357737900322,28.589571060716267],[77.17368142942067,28.589659622392194]]},"properties":{"id":"L01588","strahler":2,"length_m":14.1,"drop_m":0.0,"gradient":0.0,"area_ha":18.87,"on_drain_share":0.0,"downstream":"L01541"}},{"type":"Feature","geometry":{"type":"LineString","coordinates":[[77.17960682387593,28.589474269972655],[77.18001559872266,28.589467698198682],[77.18011593074532,28.589375855480245]]},"properties":{"id":"L01589","strahler":1,"length_m":54.1,"drop_m":-0.37,"gradient":0.0,"area_ha":7.0,"on_drain_share":0.0,"downstream":"L01575"}},{"type":"Feature","geometry":{"type":"LineString","coordinates":[[77.20351992137482,28.589087751823705],[77.20462332193432,28.58807729933211],[77.20482770324334,28.588073976054893],[77.20492801114858,28.587982116201182],[77.20605210667625,28.587963831901043],[77.20645333234299,28.587596388717596],[77.20696428259447,28.587588073182598]]},"properties":{"id":"L01620","strahler":3,"length_m":406.3,"drop_m":-0.83,"gradient":0.0,"area_ha":98.58,"on_drain_share":0.0,"downstream":"L01630"}},{"type":"Feature","geometry":{"type":"LineString","coordinates":[[77.22017705596323,28.58881602252106],[77.22067852623388,28.58835666932],[77.22088290586137,28.588353321824204],[77.22119516519396,28.588618891304847],[77.22150173527515,28.58861386873629]]},"properties":{"id":"L01594","strahler":1,"length_m":163.1,"drop_m":1.14,"gradient":0.00698,"area_ha":5.82,"on_drain_share":0.0,"downstream":"L01563"}},{"type":"Feature","geometry":{"type":"LineString","coordinates":[[77.25817196022777,28.587286279968417],[77.25859034724199,28.587730445936003],[77.25859613281052,28.588001030325298],[77.25849587443642,28.588092927301773],[77.25860191845881,28.588271614702716]]},"properties":{"id":"L01590","strahler":2,"length_m":134.9,"drop_m":-0.1,"gradient":0.0,"area_ha":18.68,"on_drain_share":0.0,"downstream":"L01547"}},{"type":"Feature","geometry":{"type":"LineString","coordinates":[[77.1739768737428,28.589113507329053],[77.17357737900322,28.589571060716267]]},"properties":{"id":"L01591","strahler":1,"length_m":66.6,"drop_m":-0.37,"gradient":0.0,"area_ha":4.15,"on_drain_share":0.0,"downstream":"L01588"}},{"type":"Feature","geometry":{"type":"LineString","coordinates":[[77.17874648362194,28.58741281726412],[77.1787557854437,28.587863815706857],[77.17825412404753,28.588323023629943],[77.17825598404482,28.588413223338616],[77.17856814321775,28.588678896906117],[77.17918130124647,28.588669043728526],[77.17939313119705,28.58902655725722],[77.17980934991006,28.589380784638397],[77.18011593074532,28.589375855480245]]},"properties":{"id":"L01592","strahler":1,"length_m":368.0,"drop_m":1.69,"gradient":0.0046,"area_ha":7.55,"on_drain_share":0.0,"downstream":"L01575"}},{"type":"Feature","geometry":{"type":"LineString","coordinates":[[77.21822975623093,28.588577209843418],[77.21667040347131,28.58733951539866],[77.21656253654105,28.58707059375568],[77.2162484006633,28.58671481521959]]},"properties":{"id":"L01632","strahler":1,"length_m":294.6,"drop_m":-3.55,"gradient":0.0,"area_ha":7.97,"on_drain_share":0.0,"downstream":"L01679"}},{"type":"Feature","geometry":{"type":"LineString","coordinates":[[77.27181633441309,28.584802691130918],[77.27263379648451,28.584788992682316],[77.27273403886309,28.58469708607668],[77.27528860175774,28.58465424495421],[77.27590752516596,28.584914537198642],[77.27631625554184,28.58490767623906],[77.27673276087697,28.585261588843213],[77.2768349437611,28.585259873078073],[77.27944011346132,28.58756198528267],[77.27974666818044,28.587556831261118]]},"properties":{"id":"L01596","strahler":5,"length_m":916.7,"drop_m":0.32,"gradient":0.00035,"area_ha":2652.68,"on_drain_share":0.0,"downstream":"L01665"}},{"type":"Feature","geometry":{"type":"LineString","coordinates":[[77.27974666818044,28.587556831261118],[77.2802498046613,28.58718746590225],[77.28055441091408,28.587092116682125],[77.28085512168155,28.586816379978234],[77.28136214633365,28.586627397662767],[77.28186527253139,28.58625802683174],[77.28227205780694,28.586160954293565],[77.28287346329506,28.585609473415815],[77.28328024496687,28.585512398037284],[77.28459106441612,28.5846782839792],[77.28489565896022,28.584582925602394],[77.28519635101584,28.58430718022235],[77.28550094386752,28.584211820572254],[77.28610232108129,28.58366032681055]]},"properties":{"id":"L01665","strahler":6,"length_m":804.0,"drop_m":0.0,"gradient":0.0,"area_ha":8201.53,"on_drain_share":0.0,"downstream":"L01714"}},{"type":"Feature","geometry":{"type":"LineString","coordinates":[[77.23028242660492,28.588108807999994],[77.23098631900773,28.5875558608279]]},"properties":{"id":"L01606","strahler":1,"length_m":94.9,"drop_m":-0.2,"gradient":0.0,"area_ha":4.37,"on_drain_share":0.0,"downstream":"L01546"}},{"type":"Feature","geometry":{"type":"LineString","coordinates":[[77.24816535226739,28.587813474513865],[77.24815575428144,28.587362497269105],[77.24845655559662,28.587086827669978]]},"properties":{"id":"L01609","strahler":2,"length_m":92.4,"drop_m":4.9,"gradient":0.05304,"area_ha":29.46,"on_drain_share":0.0,"downstream":"L01612"}},{"type":"Feature","geometry":{"type":"LineString","coordinates":[[77.23956628337667,28.587233960599903],[77.24089471909123,28.587212012200148],[77.24139608660936,28.58675258766891],[77.24180483384372,28.586745830289438],[77.24222123882566,28.58709985498431],[77.24242561301627,28.58709647516782],[77.24305022665285,28.587627508487788],[77.24325460174754,28.58762412736553]]},"properties":{"id":"L01600","strahler":2,"length_m":422.1,"drop_m":3.33,"gradient":0.00788,"area_ha":15.45,"on_drain_share":0.0,"downstream":"L01601"}},{"type":"Feature","geometry":{"type":"LineString","coordinates":[[77.24325460174754,28.58762412736553],[77.243458976807,28.58762074593574]]},"properties":{"id":"L01601","strahler":4,"length_m":20.0,"drop_m":-0.16,"gradient":0.0,"area_ha":1016.79,"on_drain_share":0.0,"downstream":"L01602"}},{"type":"Feature","geometry":{"type":"LineString","coordinates":[[77.243458976807,28.58762074593574],[77.24356116432352,28.587619055105517]]},"properties":{"id":"L01602","strahler":5,"length_m":10.0,"drop_m":0.0,"gradient":0.0,"area_ha":1517.79,"on_drain_share":0.0,"downstream":"L01624"}},{"type":"Feature","geometry":{"type":"LineString","coordinates":[[77.24356116432352,28.587619055105517],[77.24446360380969,28.586792073028523],[77.24477016371772,28.586786998171007]]},"properties":{"id":"L01624","strahler":5,"length_m":157.3,"drop_m":0.1,"gradient":0.00063,"area_ha":2196.28,"on_drain_share":0.0,"downstream":"L01611"}},{"type":"Feature","geometry":{"type":"LineString","coordinates":[[77.24003131881877,28.585060817159835],[77.24232151135301,28.587007969296664],[77.24252588535187,28.587004589339017],[77.24325460174754,28.58762412736553]]},"properties":{"id":"L01604","strahler":4,"length_m":430.1,"drop_m":1.62,"gradient":0.00377,"area_ha":1000.06,"on_drain_share":0.0,"downstream":"L01601"}},{"type":"Feature","geometry":{"type":"LineString","coordinates":[[77.23970946561953,28.58434431294848],[77.243458976807,28.58762074593574]]},"properties":{"id":"L01605","strahler":4,"length_m":519.1,"drop_m":3.58,"gradient":0.0069,"area_ha":500.98,"on_drain_share":0.0,"downstream":"L01602"}},{"type":"Feature","geometry":{"type":"LineString","coordinates":[[77.25816424783083,28.586925500636298],[77.25817196022777,28.587286279968417]]},"properties":{"id":"L01607","strahler":1,"length_m":40.0,"drop_m":-0.33,"gradient":0.0,"area_ha":4.54,"on_drain_share":0.0,"downstream":"L01590"}},{"type":"Feature","geometry":{"type":"LineString","coordinates":[[77.21565229554817,28.58753661243614],[77.21596454001538,28.587802194861357],[77.21616891922461,28.587798854526735],[77.2165701069703,28.58743138335577],[77.2164622401794,28.587162461627386],[77.21614810432786,28.58680668285966],[77.2162484006633,28.58671481521959]]},"properties":{"id":"L01631","strahler":4,"length_m":219.7,"drop_m":-0.03,"gradient":0.0,"area_ha":701.3,"on_drain_share":0.0,"downstream":"L01679"}},{"type":"Feature","geometry":{"type":"LineString","coordinates":[[77.2542850300776,28.587170504861543],[77.25427540623521,28.586719529475193],[77.25437566729077,28.586627635471203],[77.2544605292328,28.585814180795214],[77.25456078931433,28.585722286700307],[77.25454924001204,28.585181116220173],[77.2547439837131,28.584726742666227],[77.25453384143769,28.58445955550616],[77.25452806711827,28.584188970216644],[77.25502935826593,28.583729499185758]]},"properties":{"id":"L01676","strahler":1,"length_m":429.7,"drop_m":4.44,"gradient":0.01034,"area_ha":11.4,"on_drain_share":0.0,"downstream":"L01686"}},{"type":"Feature","geometry":{"type":"LineString","coordinates":[[77.27104346801686,28.586890847725726],[77.27083522048922,28.58671388254234],[77.27082940389614,28.58644330039671],[77.27051897334194,28.58626804594309],[77.27061728034057,28.586085946668785],[77.27061340307593,28.58590555852901],[77.27050928059336,28.58581707556505],[77.27049377265888,28.585095522891525],[77.2706942617415,28.58491171254486],[77.27171609109263,28.58489459710727],[77.27181633441309,28.584802691130918]]},"properties":{"id":"L01646","strahler":1,"length_m":377.3,"drop_m":4.57,"gradient":0.01211,"area_ha":10.72,"on_drain_share":0.0,"downstream":"L01596"}},{"type":"Feature","geometry":{"type":"LineString","coordinates":[[77.21494075218573,28.587728694428648],[77.21524353796602,28.587543291185316],[77.21565229554817,28.58753661243614]]},"properties":{"id":"L01615","strahler":1,"length_m":78.3,"drop_m":-1.93,"gradient":0.0,"area_ha":5.43,"on_drain_share":0.0,"downstream":"L01631"}},{"type":"Feature","geometry":{"type":"LineString","coordinates":[[77.23088222582633,28.587467345664532],[77.23098631900773,28.5875558608279]]},"properties":{"id":"L01608","strahler":1,"length_m":14.1,"drop_m":0.0,"gradient":0.0,"area_ha":5.34,"on_drain_share":0.0,"downstream":"L01546"}},{"type":"Feature","geometry":{"type":"LineString","coordinates":[[77.23875069527953,28.587337656884817],[77.23895315869976,28.58724408624821],[77.23956628337667,28.587233960599903]]},"properties":{"id":"L01610","strahler":1,"length_m":84.1,"drop_m":-0.13,"gradient":0.0,"area_ha":8.64,"on_drain_share":0.0,"downstream":"L01600"}},{"type":"Feature","geometry":{"type":"LineString","coordinates":[[77.20022347926081,28.587878080240827],[77.20072879562697,28.58759919301933],[77.20113003963708,28.58723176463872]]},"properties":{"id":"L01626","strahler":1,"length_m":119.0,"drop_m":0.5,"gradient":0.00421,"area_ha":4.46,"on_drain_share":0.0,"downstream":"L01642"}},{"type":"Feature","geometry":{"type":"LineString","coordinates":[[77.24477016371772,28.586786998171007],[77.2452791796506,28.586688342898604],[77.24547971815244,28.586504567263106],[77.24711469782312,28.5864774813628],[77.24721880268532,28.586565983362167],[77.24742317514198,28.5865625960744],[77.2476313857018,28.58673959946787],[77.24783575843618,28.586736211539797],[77.24825218227151,28.587090216571163],[77.24845655559662,28.587086827669978]]},"properties":{"id":"L01611","strahler":5,"length_m":401.4,"drop_m":3.17,"gradient":0.0079,"area_ha":2210.61,"on_drain_share":0.0,"downstream":"L01612"}},{"type":"Feature","geometry":{"type":"LineString","coordinates":[[77.24845655559662,28.587086827669978],[77.24886530214093,28.587080048945037]]},"properties":{"id":"L01612","strahler":5,"length_m":40.0,"drop_m":0.75,"gradient":0.01864,"area_ha":2241.79,"on_drain_share":0.0,"downstream":"L01648"}},{"type":"Feature","geometry":{"type":"LineString","coordinates":[[77.24886530214093,28.587080048945037],[77.24968279480596,28.58706648780485],[77.25008385618519,28.58669892403463],[77.25049260077147,28.586692140490477],[77.25229925852322,28.585128280691702],[77.2524014430086,28.585126583337242]]},"properties":{"id":"L01648","strahler":5,"length_m":437.0,"drop_m":-4.86,"gradient":0.0,"area_ha":2269.91,"on_drain_share":0.0,"downstream":"L01678"}},{"type":"Feature","geometry":{"type":"LineString","coordinates":[[77.18233064480694,28.587716096887497],[77.18253130129376,28.58753240831247],[77.18284346777953,28.58779807161963],[77.18325223525974,28.587791490444058],[77.18356440425542,28.588057151940543],[77.1839731725408,28.58805056853825],[77.18407349965487,28.58795872313225],[77.18509541881167,28.58794225853621]]},"properties":{"id":"L01618","strahler":1,"length_m":307.3,"drop_m":7.2,"gradient":0.02344,"area_ha":7.88,"on_drain_share":0.0,"downstream":"L01613"}},{"type":"Feature","geometry":{"type":"LineString","coordinates":[[77.18509541881167,28.58794225853621],[77.18591482002324,28.58801928057554]]},"properties":{"id":"L01613","strahler":2,"length_m":84.1,"drop_m":-1.64,"gradient":0.0,"area_ha":16.58,"on_drain_share":0.0,"downstream":"L01574"}},{"type":"Feature","geometry":{"type":"LineString","coordinates":[[77.23915562174534,28.587150515327913],[77.2394621838094,28.587145452407313],[77.23956628337667,28.587233960599903]]},"properties":{"id":"L01616","strahler":1,"length_m":44.1,"drop_m":0.98,"gradient":0.02221,"area_ha":4.15,"on_drain_share":0.0,"downstream":"L01600"}},{"type":"Feature","geometry":{"type":"LineString","coordinates":[[77.24873047558441,28.585548421440226],[77.24863788971335,28.586001093271076],[77.24843735793887,28.586184873231616],[77.24864940914107,28.586542265889907],[77.24844887642764,28.586726045910453],[77.24886530214093,28.587080048945037]]},"properties":{"id":"L01617","strahler":2,"length_m":215.6,"drop_m":14.39,"gradient":0.06676,"area_ha":18.49,"on_drain_share":0.0,"downstream":"L01648"}},{"type":"Feature","geometry":{"type":"LineString","coordinates":[[77.18621206192059,28.587563341649105],[77.18591108702488,28.587838882068915],[77.18591482002324,28.58801928057554]]},"properties":{"id":"L01619","strahler":2,"length_m":62.4,"drop_m":-0.97,"gradient":0.0,"area_ha":23.24,"on_drain_share":0.0,"downstream":"L01574"}},{"type":"Feature","geometry":{"type":"LineString","coordinates":[[77.20696428259447,28.587588073182598],[77.20776672173827,28.586853180829767]]},"properties":{"id":"L01630","strahler":3,"length_m":113.1,"drop_m":-0.05,"gradient":0.0,"area_ha":167.48,"on_drain_share":0.0,"downstream":"L01688"}},{"type":"Feature","geometry":{"type":"LineString","coordinates":[[77.21389428132696,28.586572815406967],[77.21409865844564,28.586569478322165],[77.21430681679101,28.58674653602221],[77.2147155715512,28.586739860265098],[77.21565229554817,28.58753661243614]]},"properties":{"id":"L01621","strahler":4,"length_m":215.6,"drop_m":0.82,"gradient":0.00381,"area_ha":691.87,"on_drain_share":0.0,"downstream":"L01631"}},{"type":"Feature","geometry":{"type":"LineString","coordinates":[[77.18322240887305,28.58634829962714],[77.18332646350031,28.58643685366894],[77.18353084455926,28.586433562650083],[77.18404925626872,28.586786131291426],[77.18405485076774,28.58705672942821],[77.1838560626289,28.587330619463717],[77.18386165675965,28.587601217613724],[77.18406976980887,28.58777832440193],[77.1849913612235,28.587853706032597],[77.18509541881167,28.58794225853621]]},"properties":{"id":"L01623","strahler":1,"length_m":335.6,"drop_m":7.48,"gradient":0.0223,"area_ha":7.24,"on_drain_share":0.0,"downstream":"L01613"}},{"type":"Feature","geometry":{"type":"LineString","coordinates":[[77.24503455385015,28.584797617983288],[77.24494003571698,28.585160092505365],[77.24424198500786,28.58598369451698],[77.24445018937348,28.586160703175118],[77.24445593836472,28.586431290263057],[77.24477016371772,28.586786998171007]]},"properties":{"id":"L01625","strahler":1,"length_m":273.8,"drop_m":2.58,"gradient":0.00941,"area_ha":7.02,"on_drain_share":0.0,"downstream":"L01611"}},{"type":"Feature","geometry":{"type":"LineString","coordinates":[[77.20634172279237,28.587147061483016],[77.20644579639787,28.5872355966563],[77.20685455522306,28.58722894448131],[77.20746015391119,28.58685817207791],[77.20776672173827,28.586853180829767]]},"properties":{"id":"L01633","strahler":1,"length_m":160.7,"drop_m":-1.11,"gradient":0.0,"area_ha":5.99,"on_drain_share":0.0,"downstream":"L01688"}},{"type":"Feature","geometry":{"type":"LineString","coordinates":[[77.18600394595643,28.587386238318572],[77.18621206192059,28.587563341649105]]},"properties":{"id":"L01627","strahler":1,"length_m":28.3,"drop_m":1.08,"gradient":0.03829,"area_ha":4.03,"on_drain_share":0.0,"downstream":"L01619"}},{"type":"Feature","geometry":{"type":"LineString","coordinates":[[77.18881670783786,28.58499490159745],[77.18942423251657,28.58471440601314],[77.18973640640768,28.584980053052345],[77.18984794330551,28.585429398090614],[77.18995200217435,28.585517946802305],[77.18985355233512,28.585699995231494],[77.18986103116157,28.586060791400953],[77.18925910800343,28.586611886463725],[77.18865157226827,28.586892381854785],[77.18834500038615,28.58689732991204],[77.18772625251158,28.586636626473236],[77.18701091928759,28.5866481658904],[77.18640897723103,28.587199249242758],[77.18641271098018,28.587379647706296],[77.18621206192059,28.587563341649105]]},"properties":{"id":"L01628","strahler":1,"length_m":710.1,"drop_m":3.22,"gradient":0.00453,"area_ha":18.81,"on_drain_share":0.0,"downstream":"L01619"}},{"type":"Feature","geometry":{"type":"LineString","coordinates":[[77.19875150490434,28.585916921266723],[77.19885369387859,28.58591526420397],[77.19906370452277,28.586182545295948],[77.19937027212569,28.58617757312942],[77.19968247401759,28.586443195595983],[77.19988685284706,28.586439879935437],[77.20082346933957,28.58723674094918],[77.20113003963708,28.58723176463872]]},"properties":{"id":"L01629","strahler":1,"length_m":298.0,"drop_m":6.36,"gradient":0.02135,"area_ha":8.77,"on_drain_share":0.0,"downstream":"L01642"}},{"type":"Feature","geometry":{"type":"LineString","coordinates":[[77.20113003963708,28.58723176463872],[77.20153504036942,28.587044731845843],[77.20183596992894,28.586769159049954],[77.20214065840572,28.586673982238924],[77.20254189391777,28.58630655009396],[77.20274627208939,28.58630323014007],[77.20314750404913,28.5859357963764]]},"properties":{"id":"L01642","strahler":2,"length_m":258.0,"drop_m":0.93,"gradient":0.00362,"area_ha":15.45,"on_drain_share":0.0,"downstream":"L01709"}},{"type":"Feature","geometry":{"type":"LineString","coordinates":[[77.23566024860624,28.586215688167353],[77.23596680869247,28.586210633296243],[77.23627909676786,28.58647616633614],[77.2364834705846,28.586472795538672],[77.2366840249488,28.586289032083307],[77.2381146379991,28.586265425913634],[77.23881656339519,28.585622244834767]]},"properties":{"id":"L01638","strahler":1,"length_m":359.7,"drop_m":-0.69,"gradient":0.0,"area_ha":8.84,"on_drain_share":0.0,"downstream":"L01652"}},{"type":"Feature","geometry":{"type":"LineString","coordinates":[[77.20776672173827,28.586853180829767],[77.20857103543386,28.586208482168978],[77.20897978969985,28.586201823808416],[77.21158759579983,28.583813373424622]]},"properties":{"id":"L01688","strahler":3,"length_m":516.7,"drop_m":1.07,"gradient":0.00207,"area_ha":188.66,"on_drain_share":0.0,"downstream":"L01669"}},{"type":"Feature","geometry":{"type":"LineString","coordinates":[[77.2162484006633,28.58671481521959],[77.21654928862473,28.58643921190491],[77.21685585335042,28.586434200183966],[77.21805749234846,28.58524158113045],[77.21897717492831,28.585226534241748],[77.21947863479403,28.584767185910945],[77.21968300764712,28.584763840605774],[77.22028285705281,28.584122422379]]},"properties":{"id":"L01679","strahler":4,"length_m":527.7,"drop_m":4.27,"gradient":0.00808,"area_ha":721.84,"on_drain_share":0.0,"downstream":"L01707"}},{"type":"Feature","geometry":{"type":"LineString","coordinates":[[77.28019529356487,28.584662048812266],[77.28039965767164,28.58465861205487],[77.28154508630494,28.585631831742624],[77.282056000711,28.585623233923563],[77.28235670340881,28.585347494293224]]},"properties":{"id":"L01635","strahler":1,"length_m":268.0,"drop_m":0.0,"gradient":0.0,"area_ha":5.87,"on_drain_share":0.0,"downstream":"L01653"}},{"type":"Feature","geometry":{"type":"LineString","coordinates":[[77.21338144854425,28.586490959169293],[77.21389428132696,28.586572815406967]]},"properties":{"id":"L01634","strahler":1,"length_m":54.1,"drop_m":-1.3,"gradient":0.0,"area_ha":6.26,"on_drain_share":0.0,"downstream":"L01621"}},{"type":"Feature","geometry":{"type":"LineString","coordinates":[[77.2820521039988,28.585442847208764],[77.2821523382493,28.585350934074203],[77.28235670340881,28.585347494293224]]},"properties":{"id":"L01637","strahler":1,"length_m":34.1,"drop_m":0.0,"gradient":0.0,"area_ha":4.78,"on_drain_share":0.0,"downstream":"L01653"}},{"type":"Feature","geometry":{"type":"LineString","coordinates":[[77.21347229772019,28.5859481054407],[77.21347796735316,28.586218698254257],[77.21389428132696,28.586572815406967]]},"properties":{"id":"L01636","strahler":4,"length_m":86.6,"drop_m":0.19,"gradient":0.00225,"area_ha":683.0,"on_drain_share":0.0,"downstream":"L01621"}},{"type":"Feature","geometry":{"type":"LineString","coordinates":[[77.28235670340881,28.585347494293224],[77.2825591197635,28.58525386087614],[77.28296784955516,28.585246979802452],[77.28397602374386,28.584598419028772],[77.28428256889664,28.58459325524511],[77.28488785621587,28.584222152828044]]},"properties":{"id":"L01653","strahler":2,"length_m":299.7,"drop_m":0.0,"gradient":0.0,"area_ha":19.58,"on_drain_share":0.0,"downstream":"L01666"}},{"type":"Feature","geometry":{"type":"LineString","coordinates":[[77.2857287233667,28.585290693515148],[77.28602941499189,28.58501494632202],[77.28633400894941,28.58491958473493],[77.28693538530209,28.584368087347144],[77.28724192915239,28.58436291691467],[77.2882442062649,28.583443747261953],[77.2887531538017,28.583344931852203],[77.2892562373286,28.58297553577866],[77.28946059688008,28.582972085557746]]},"properties":{"id":"L01684","strahler":1,"length_m":473.6,"drop_m":0.5,"gradient":0.00106,"area_ha":4.61,"on_drain_share":0.0,"downstream":"L01692"}},{"type":"Feature","geometry":{"type":"LineString","coordinates":[[77.19995335427517,28.58472445175049],[77.20026555298509,28.584990073081602],[77.2006743048294,28.584983440003434],[77.20223532659553,28.586311529448135],[77.20264220236038,28.586214691893165],[77.20284281872313,28.58603097529411],[77.20314750404913,28.5859357963764]]},"properties":{"id":"L01647","strahler":2,"length_m":401.1,"drop_m":3.91,"gradient":0.00975,"area_ha":32.48,"on_drain_share":0.0,"downstream":"L01709"}},{"type":"Feature","geometry":{"type":"LineString","coordinates":[[77.23511687367424,28.584690774599494],[77.23542342945163,28.584685721201964],[77.23667256690716,28.585747855000616],[77.23789880050093,28.585727622516167],[77.23819962588146,28.5854519743891],[77.23850618321973,28.58544691390291],[77.23881656339519,28.585622244834767]]},"properties":{"id":"L01639","strahler":4,"length_m":430.4,"drop_m":2.2,"gradient":0.00511,"area_ha":977.66,"on_drain_share":0.0,"downstream":"L01652"}},{"type":"Feature","geometry":{"type":"LineString","coordinates":[[77.26375159666469,28.585298477191074],[77.2637380678478,28.584667115598265],[77.26443981763714,28.584023811022146],[77.26494686308865,28.583834889155753]]},"properties":{"id":"L01668","strahler":1,"length_m":227.3,"drop_m":0.58,"gradient":0.00255,"area_ha":5.8,"on_drain_share":0.0,"downstream":"L01662"}},{"type":"Feature","geometry":{"type":"LineString","coordinates":[[77.23881656339519,28.585622244834767],[77.23952995250613,28.58552023663012],[77.24003131881877,28.585060817159835]]},"properties":{"id":"L01652","strahler":4,"length_m":144.9,"drop_m":0.21,"gradient":0.00146,"area_ha":988.94,"on_drain_share":0.0,"downstream":"L01604"}},{"type":"Feature","geometry":{"type":"LineString","coordinates":[[77.24779545608527,28.58484210616023],[77.24831213717148,28.585104222081622],[77.24873047558441,28.585548421440226]]},"properties":{"id":"L01640","strahler":1,"length_m":129.0,"drop_m":-3.0,"gradient":0.0,"area_ha":5.67,"on_drain_share":0.0,"downstream":"L01617"}},{"type":"Feature","geometry":{"type":"LineString","coordinates":[[77.24929365776065,28.583193171234676],[77.25022867114136,28.583899476592112],[77.25033661808988,28.584168366947573],[77.24873047558441,28.585548421440226]]},"properties":{"id":"L01641","strahler":1,"length_m":379.4,"drop_m":1.83,"gradient":0.00482,"area_ha":10.9,"on_drain_share":0.0,"downstream":"L01617"}},{"type":"Feature","geometry":{"type":"LineString","coordinates":[[77.22021668633789,28.58583784243585],[77.21990254270996,28.585482072789457],[77.2203037084431,28.585114591654047],[77.22029802159574,28.584844000049358],[77.22019393962745,28.58475547599747],[77.22028285705281,28.584122422379]]},"properties":{"id":"L01680","strahler":1,"length_m":227.3,"drop_m":1.55,"gradient":0.00682,"area_ha":6.72,"on_drain_share":0.0,"downstream":"L01707"}},{"type":"Feature","geometry":{"type":"LineString","coordinates":[[77.26701760418631,28.58506345877964],[77.26711978756906,28.58506175034277],[77.2671159164381,28.584881361737747],[77.26751690563559,28.58451375014859],[77.26751303391495,28.584333361578704],[77.26761328062273,28.584241458527906]]},"properties":{"id":"L01658","strahler":1,"length_m":120.7,"drop_m":3.29,"gradient":0.02723,"area_ha":4.62,"on_drain_share":0.0,"downstream":"L01649"}},{"type":"Feature","geometry":{"type":"LineString","coordinates":[[77.21242586116676,28.584792212936808],[77.2124315278489,28.5850628059882],[77.21347229772019,28.5859481054407]]},"properties":{"id":"L01643","strahler":4,"length_m":171.4,"drop_m":-3.91,"gradient":0.0,"area_ha":670.76,"on_drain_share":0.0,"downstream":"L01636"}},{"type":"Feature","geometry":{"type":"LineString","coordinates":[[77.21597780469645,28.583561244386345],[77.21578100028934,28.58392537396138],[77.21527196203655,28.584023919251965],[77.2148707816077,28.584391386284754],[77.21487456349693,28.584571781365568],[77.21347040785992,28.585857907833557],[77.21347229772019,28.5859481054407]]},"properties":{"id":"L01644","strahler":1,"length_m":387.0,"drop_m":1.68,"gradient":0.00434,"area_ha":11.89,"on_drain_share":0.0,"downstream":"L01636"}},{"type":"Feature","geometry":{"type":"LineString","coordinates":[[77.20314750404913,28.5859357963764],[77.20335000019789,28.58584227732519],[77.20508532228254,28.585723839863718],[77.2060883702351,28.584805237514406],[77.2071102437874,28.584788608751296],[77.20911815422204,28.583041568091314],[77.21065093551255,28.583016589236937]]},"properties":{"id":"L01709","strahler":3,"length_m":868.4,"drop_m":1.14,"gradient":0.00132,"area_ha":52.3,"on_drain_share":0.0,"downstream":"L01700"}},{"type":"Feature","geometry":{"type":"LineString","coordinates":[[77.2524014430086,28.585126583337242],[77.25370867537877,28.584112364158162],[77.25431985109738,28.584011977725755],[77.25442010971052,28.58392008380172],[77.25462447603755,28.583916685951927],[77.25482499235788,28.58373289762517],[77.25502935826593,28.583729499185758]]},"properties":{"id":"L01678","strahler":5,"length_m":322.1,"drop_m":2.54,"gradient":0.00789,"area_ha":2286.84,"on_drain_share":0.0,"downstream":"L01686"}},{"type":"Feature","geometry":{"type":"LineString","coordinates":[[77.26761328062273,28.584241458527906],[77.26822637576447,28.584231204330415],[77.26864091612143,28.584494949307857],[77.26946031514422,28.584571464288917],[77.26956443550178,28.584659948193178],[77.26976880111691,28.58465652745004],[77.26997704266695,28.58483349465272],[77.27038577441556,28.584826651578013]]},"properties":{"id":"L01649","strahler":5,"length_m":299.0,"drop_m":0.0,"gradient":0.0,"area_ha":2621.6,"on_drain_share":0.0,"downstream":"L01650"}},{"type":"Feature","geometry":{"type":"LineString","coordinates":[[77.27038577441556,28.584826651578013],[77.27181633441309,28.584802691130918]]},"properties":{"id":"L01650","strahler":5,"length_m":140.0,"drop_m":0.0,"gradient":0.0,"area_ha":2626.97,"on_drain_share":0.0,"downstream":"L01596"}},{"type":"Feature","geometry":{"type":"LineString","coordinates":[[77.26996929076154,28.584472718140834],[77.27038577441556,28.584826651578013]]},"properties":{"id":"L01651","strahler":1,"length_m":56.6,"drop_m":2.57,"gradient":0.04547,"area_ha":4.1,"on_drain_share":0.0,"downstream":"L01650"}},{"type":"Feature","geometry":{"type":"LineString","coordinates":[[77.28734606319766,28.58445138632219],[77.28834834013067,28.583532215914058],[77.28905969429472,28.583339757481262],[77.28946059688008,28.582972085557746]]},"properties":{"id":"L01683","strahler":1,"length_m":276.3,"drop_m":0.5,"gradient":0.00181,"area_ha":6.79,"on_drain_share":0.0,"downstream":"L01692"}},{"type":"Feature","geometry":{"type":"LineString","coordinates":[[77.22766112923405,28.58499392085151],[77.22858080364999,28.58497880897877],[77.22940590500662,28.585326157537217],[77.23052995361417,28.5853076719729],[77.23103136052902,28.58484828366417],[77.23123763687185,28.58493511747791]]},"properties":{"id":"L01660","strahler":2,"length_m":391.4,"drop_m":2.82,"gradient":0.0072,"area_ha":16.42,"on_drain_share":0.0,"downstream":"L01661"}},{"type":"Feature","geometry":{"type":"LineString","coordinates":[[77.22705371672878,28.585274582329323],[77.22735457093806,28.58499895675861],[77.22766112923405,28.58499392085151]]},"properties":{"id":"L01656","strahler":1,"length_m":72.4,"drop_m":0.62,"gradient":0.00856,"area_ha":5.14,"on_drain_share":0.0,"downstream":"L01660"}},{"type":"Feature","geometry":{"type":"LineString","coordinates":[[77.17708167172377,28.585995883155757],[77.17749043380509,28.585989319718976],[77.17768923682685,28.585715438211285],[77.1779958074631,28.58571051442009],[77.17829679856428,28.585434990707306],[77.17860336826294,28.585430065587193],[77.17890621724369,28.585244740355613],[77.179314975923,28.58523817157867],[77.17971629049958,28.58487080291286],[77.1800228582717,28.584865874673685],[77.18012690883891,28.58495443141565],[77.18084223389077,28.58494292891877],[77.18104288818725,28.58475924262385],[77.18134945536445,28.584754311404485],[77.18175262339733,28.58447713672495],[77.18205732667246,28.58438200441394]]},"properties":{"id":"L01687","strahler":1,"length_m":574.6,"drop_m":5.14,"gradient":0.00895,"area_ha":11.74,"on_drain_share":0.0,"downstream":"L01727"}},{"type":"Feature","geometry":{"type":"LineString","coordinates":[[77.23930263886866,28.584441259537662],[77.24003131881877,28.585060817159835]]},"properties":{"id":"L01654","strahler":1,"length_m":99.0,"drop_m":1.0,"gradient":0.01014,"area_ha":7.8,"on_drain_share":0.0,"downstream":"L01604"}},{"type":"Feature","geometry":{"type":"LineString","coordinates":[[77.28321786872873,28.582626212387048],[77.28312348502547,28.582988706121274],[77.2846834935936,28.584225596298385],[77.28488785621587,28.584222152828044]]},"properties":{"id":"L01655","strahler":2,"length_m":272.1,"drop_m":3.77,"gradient":0.01384,"area_ha":18.76,"on_drain_share":0.0,"downstream":"L01666"}},{"type":"Feature","geometry":{"type":"LineString","coordinates":[[77.28488785621587,28.584222152828044],[77.28519440008205,28.58421698704604],[77.2858979597188,28.58366377204857],[77.28610232108129,28.58366032681055]]},"properties":{"id":"L01666","strahler":3,"length_m":144.9,"drop_m":0.0,"gradient":0.0,"area_ha":42.91,"on_drain_share":0.0,"downstream":"L01714"}},{"type":"Feature","geometry":{"type":"LineString","coordinates":[[77.2310351700709,28.585028676749854],[77.23123763687185,28.58493511747791]]},"properties":{"id":"L01657","strahler":1,"length_m":24.1,"drop_m":0.38,"gradient":0.01579,"area_ha":4.02,"on_drain_share":0.0,"downstream":"L01661"}},{"type":"Feature","geometry":{"type":"LineString","coordinates":[[77.23123763687185,28.58493511747791],[77.23195293711301,28.58492334550213],[77.23225568261392,28.584737906278693],[77.2324619596085,28.58482473818599],[77.23368627900298,28.584714347972998],[77.23379037150218,28.584802861035733],[77.23440539182408,28.584882955843916],[77.2345056696007,28.584791075650365],[77.2350165965509,28.584782655211658],[77.23511687367424,28.584690774599494]]},"properties":{"id":"L01661","strahler":2,"length_m":413.1,"drop_m":-1.17,"gradient":0.0,"area_ha":25.59,"on_drain_share":0.0,"downstream":"L01639"}},{"type":"Feature","geometry":{"type":"LineString","coordinates":[[77.19545333644662,28.584616926018537],[77.19637302763246,28.584602032662442],[77.19667396495825,28.58432647088127],[77.19738927783288,28.584314881369536],[77.19759740525281,28.58449196657553],[77.1979058447241,28.584577196563345],[77.19832210297784,28.58493136486208],[77.19832397983863,28.585021563403807],[77.19883867506057,28.585193676185575],[77.199046806591,28.585370758916042],[77.19925118343417,28.58536744432649],[77.19964866898275,28.584819623468253],[77.19995335427517,28.58472445175049]]},"properties":{"id":"L01673","strahler":1,"length_m":548.7,"drop_m":4.4,"gradient":0.00802,"area_ha":12.3,"on_drain_share":0.0,"downstream":"L01647"}},{"type":"Feature","geometry":{"type":"LineString","coordinates":[[77.22670723547087,28.583385483777395],[77.22671293838083,28.58365607426029],[77.22692111041174,28.5838331117997],[77.2267224434055,28.58410705837212],[77.22672814652515,28.584377648823427],[77.2271444943491,28.584731723297043],[77.22766112923405,28.58499392085151]]},"properties":{"id":"L01659","strahler":1,"length_m":245.6,"drop_m":-0.64,"gradient":0.0,"area_ha":7.67,"on_drain_share":0.0,"downstream":"L01660"}},{"type":"Feature","geometry":{"type":"LineString","coordinates":[[77.26494686308865,28.583834889155753],[77.26515509537282,28.584011864336933],[77.26699437897891,28.583981126993848],[77.26740891550429,28.584244875978783],[77.26761328062273,28.584241458527906]]},"properties":{"id":"L01662","strahler":5,"length_m":280.7,"drop_m":6.51,"gradient":0.0232,"area_ha":2600.29,"on_drain_share":0.0,"downstream":"L01649"}},{"type":"Feature","geometry":{"type":"LineString","coordinates":[[77.2873343466536,28.583910228069897],[77.28803593905567,28.583266809684613],[77.28874729215647,28.58307435295445],[77.2890479695183,28.582798599789633],[77.28925232875754,28.582795149901887],[77.2896571378968,28.5826078633735],[77.28995781149506,28.582332108383834]]},"properties":{"id":"L01698","strahler":1,"length_m":330.4,"drop_m":0.5,"gradient":0.00151,"area_ha":4.41,"on_drain_share":0.0,"downstream":null}},{"type":"Feature","geometry":{"type":"LineString","coordinates":[[77.23242193593677,28.582930612312357],[77.23450376188269,28.584700879318888],[77.23511687367424,28.584690774599494]]},"properties":{"id":"L01663","strahler":4,"length_m":342.8,"drop_m":-0.88,"gradient":0.0,"area_ha":949.67,"on_drain_share":0.0,"downstream":"L01639"}},{"type":"Feature","geometry":{"type":"LineString","coordinates":[[77.26737988017284,28.582891961420923],[77.2673934297451,28.583523321584888],[77.26719293702214,28.58370712725823],[77.26719874364618,28.583977710196148],[77.26761328062273,28.584241458527906]]},"properties":{"id":"L01664","strahler":1,"length_m":180.7,"drop_m":2.96,"gradient":0.0164,"area_ha":6.28,"on_drain_share":0.0,"downstream":"L01649"}},{"type":"Feature","geometry":{"type":"LineString","coordinates":[[77.22334462954173,28.58389179931643],[77.22344871307676,28.583980320859578],[77.22345440778588,28.584250911919085],[77.22407891437695,28.58478203913736],[77.2245803487294,28.584322673246344],[77.22446297032259,28.58360277392809],[77.2245632561398,28.58351090066293],[77.22465594499002,28.583058239502762],[77.22495300112058,28.582602225282418],[77.22474103635226,28.582244790443696],[77.22473533882373,28.581974199541133],[77.22483562294367,28.581882326152964],[77.22471444855795,28.580982032797117]]},"properties":{"id":"L01731","strahler":1,"length_m":611.1,"drop_m":-0.74,"gradient":0.0,"area_ha":15.19,"on_drain_share":0.0,"downstream":"L01749"}},{"type":"Feature","geometry":{"type":"LineString","coordinates":[[77.28610232108129,28.58366032681055],[77.28640886305776,28.58365515837704],[77.28721068728915,28.58291982801212],[77.28802421955575,28.582725651599194],[77.28852730303902,28.58235625822376],[77.28873166149765,28.58235280916893],[77.28913647003591,28.582165524228827],[77.2900384869391,28.58133826089553]]},"properties":{"id":"L01714","strahler":6,"length_m":493.6,"drop_m":0.5,"gradient":0.00101,"area_ha":8251.32,"on_drain_share":0.0,"downstream":null}},{"type":"Feature","geometry":{"type":"LineString","coordinates":[[77.2393990880168,28.58416898390439],[77.23970946561953,28.58434431294848]]},"properties":{"id":"L01667","strahler":1,"length_m":38.3,"drop_m":0.57,"gradient":0.0149,"area_ha":4.12,"on_drain_share":0.0,"downstream":"L01605"}},{"type":"Feature","geometry":{"type":"LineString","coordinates":[[77.25830691979678,28.58403586180974],[77.2585074295245,28.583852068384836],[77.25871372345026,28.583938859227253],[77.25922270903499,28.583840153041855],[77.25932296296627,28.583748255737515],[77.25983580541259,28.583829936892833],[77.26033900010586,28.583460642347486],[77.26095402399567,28.583540615984933],[77.26105813661819,28.58362910689757],[77.26126057098863,28.583535504393215],[77.26146493560621,28.583532096281058],[77.26156904861963,28.583620586777585]]},"properties":{"id":"L01681","strahler":1,"length_m":378.0,"drop_m":0.08,"gradient":0.00022,"area_ha":8.66,"on_drain_share":0.0,"downstream":"L01672"}},{"type":"Feature","geometry":{"type":"LineString","coordinates":[[77.26156904861963,28.583620586777585],[77.26177727516878,28.58379756749792],[77.26331001218726,28.58377199311101],[77.26362042433134,28.58394726523042],[77.2641313369642,28.58393873537474],[77.2647386315009,28.583657913610907],[77.26494686308865,28.583834889155753]]},"properties":{"id":"L01672","strahler":5,"length_m":367.3,"drop_m":1.7,"gradient":0.00463,"area_ha":2589.59,"on_drain_share":0.0,"downstream":"L01662"}},{"type":"Feature","geometry":{"type":"LineString","coordinates":[[77.17236605978756,28.585349673476703],[77.17266521051712,28.584983961425344],[77.17264480640752,28.58399176036387],[77.17294766282409,28.58380644806858],[77.17294024242693,28.583445647706068],[77.17354038337086,28.582804421177936],[77.17353667229798,28.582624021043767],[77.1741386611084,28.582072992292016],[77.17412938121929,28.581621992077622],[77.17422785565478,28.58143995370342],[77.17453255831444,28.58134483837936],[77.17503420581461,28.580885644715455],[77.17492830692139,28.580706883554946],[77.17491902418965,28.58025588348672],[77.17532033723927,28.579888527785815],[77.17531662357811,28.579708127787768]]},"properties":{"id":"L01773","strahler":1,"length_m":770.1,"drop_m":5.33,"gradient":0.00692,"area_ha":20.35,"on_drain_share":0.0,"downstream":"L01775"}},{"type":"Feature","geometry":{"type":"LineString","coordinates":[[77.21158759579983,28.583813373424622],[77.21242208342208,28.584611817562642],[77.21242586116676,28.584792212936808]]},"properties":{"id":"L01669","strahler":4,"length_m":143.1,"drop_m":-0.42,"gradient":0.0,"area_ha":664.11,"on_drain_share":0.0,"downstream":"L01643"}},{"type":"Feature","geometry":{"type":"LineString","coordinates":[[77.21251482554662,28.58415916184455],[77.2125261591468,28.5847003479534],[77.21242586116676,28.584792212936808]]},"properties":{"id":"L01670","strahler":1,"length_m":74.1,"drop_m":0.46,"gradient":0.00625,"area_ha":4.64,"on_drain_share":0.0,"downstream":"L01643"}},{"type":"Feature","geometry":{"type":"LineString","coordinates":[[77.2396034569358,28.584165608654953],[77.23970946561953,28.58434431294848]]},"properties":{"id":"L01671","strahler":4,"length_m":24.1,"drop_m":-0.08,"gradient":0.0,"area_ha":485.97,"on_drain_share":0.0,"downstream":"L01605"}},{"type":"Feature","geometry":{"type":"LineString","coordinates":[[77.20506273062793,28.58464146231867],[77.20679802960113,28.584523004095722],[77.2085050411597,28.583051554789886]]},"properties":{"id":"L01705","strahler":1,"length_m":410.4,"drop_m":1.2,"gradient":0.00291,"area_ha":8.42,"on_drain_share":0.0,"downstream":"L01710"}},{"type":"Feature","geometry":{"type":"LineString","coordinates":[[77.2363765499165,28.581421807033557],[77.2396034569358,28.584165608654953]]},"properties":{"id":"L01674","strahler":4,"length_m":438.4,"drop_m":0.24,"gradient":0.00055,"area_ha":478.17,"on_drain_share":0.0,"downstream":"L01671"}},{"type":"Feature","geometry":{"type":"LineString","coordinates":[[77.2394745062407,28.582904551759526],[77.2394821535621,28.58326533594546],[77.23928160973189,28.583449103025522],[77.23928734484556,28.583719691181003],[77.23959963290767,28.583985216603555],[77.2396034569358,28.584165608654953]]},"properties":{"id":"L01675","strahler":1,"length_m":160.7,"drop_m":-0.63,"gradient":0.0,"area_ha":7.75,"on_drain_share":0.0,"downstream":"L01671"}},{"type":"Feature","geometry":{"type":"LineString","coordinates":[[77.1982864442615,28.58321759231981],[77.1985930034254,28.58321262237958],[77.19889393090551,28.58293705615078],[77.19909830306416,28.582933742048716],[77.19950329187219,28.58274671592521],[77.20002361183029,28.583189420176712],[77.19994771961682,28.584453856406203],[77.19984741025445,28.584545712671382],[77.19995335427517,28.58472445175049]]},"properties":{"id":"L01677","strahler":1,"length_m":393.8,"drop_m":2.48,"gradient":0.00629,"area_ha":14.22,"on_drain_share":0.0,"downstream":"L01647"}},{"type":"Feature","geometry":{"type":"LineString","coordinates":[[77.25502935826593,28.583729499185758],[77.2556309018975,28.583178131786738]]},"properties":{"id":"L01686","strahler":5,"length_m":84.9,"drop_m":0.06,"gradient":0.00076,"area_ha":2298.78,"on_drain_share":0.0,"downstream":"L01702"}},{"type":"Feature","geometry":{"type":"LineString","coordinates":[[77.26134923974354,28.58290243757437],[77.26155939511874,28.583169613424893],[77.26156904861963,28.583620586777585]]},"properties":{"id":"L01682","strahler":5,"length_m":88.3,"drop_m":0.15,"gradient":0.00168,"area_ha":2569.89,"on_drain_share":0.0,"downstream":"L01672"}},{"type":"Feature","geometry":{"type":"LineString","coordinates":[[77.22028285705281,28.584122422379],[77.22027906600418,28.583942027948254],[77.2205761439359,28.58348602219229],[77.22057235248687,28.58330562778058],[77.22046827191173,28.583217103849602],[77.22056287401678,28.58285464172827]]},"properties":{"id":"L01707","strahler":4,"length_m":160.7,"drop_m":-0.03,"gradient":0.0,"area_ha":732.43,"on_drain_share":0.0,"downstream":"L01730"}},{"type":"Feature","geometry":{"type":"LineString","coordinates":[[77.25139721246758,28.58117326337324],[77.25160157391021,28.581169870374225],[77.25170567673162,28.58125836907303],[77.25172297614948,28.582070126836147],[77.25182708000793,28.582158625375303],[77.25183092461194,28.582339015959533],[77.25203913323466,28.58251601273474],[77.2522454198638,28.582602813885703],[77.25316505797586,28.582587536523356],[77.25347737508436,28.582853028236396],[77.25419265031888,28.582841139791753],[77.2541984234568,28.58311172519762],[77.25482114242196,28.583552507450385],[77.25512769074842,28.583547409713997],[77.25552871952331,28.583179831468062]]},"properties":{"id":"L01685","strahler":1,"length_m":610.4,"drop_m":8.71,"gradient":0.01427,"area_ha":14.95,"on_drain_share":0.0,"downstream":"L01690"}},{"type":"Feature","geometry":{"type":"LineString","coordinates":[[77.28946059688008,28.582972085557746],[77.28996172119487,28.582512494183746]]},"properties":{"id":"L01692","strahler":2,"length_m":70.7,"drop_m":0.0,"gradient":0.0,"area_ha":13.77,"on_drain_share":0.0,"downstream":null}},{"type":"Feature","geometry":{"type":"LineString","coordinates":[[77.18205732667246,28.58438200441394],[77.18226170393133,28.584378715522583],[77.18246235460781,28.584195027304382],[77.18297329664877,28.584186803023005],[77.18307362124759,28.584094958461264],[77.18327799781272,28.584091668069032],[77.18398026378948,28.583448753300544],[77.18449120170499,28.583440523498393],[77.18469184660322,28.583256832263853],[77.18581404110996,28.58314851905511],[77.1861150037596,28.58287297938907],[77.18672812501762,28.58286309393001],[77.18743222844445,28.582310362002165],[77.18804534589879,28.58230047076787],[77.18834630011662,28.582024926564046],[77.18906160141407,28.58201338180753],[77.1892603664692,28.58173948521923],[77.1897712943179,28.581731235981824],[77.18987161046772,28.5816393868065],[77.19007598135575,28.58163608643197],[77.19018003644219,28.58172463520815],[77.19048659294518,28.58171968382071],[77.19090094567467,28.58198367799366],[77.19130968846555,28.581977073763596]]},"properties":{"id":"L01727","strahler":2,"length_m":1052.5,"drop_m":6.92,"gradient":0.00657,"area_ha":53.34,"on_drain_share":0.0,"downstream":"L01738"}},{"type":"Feature","geometry":{"type":"LineString","coordinates":[[77.25465929284537,28.58075815796221],[77.25445878149465,28.580941945816786],[77.25446263039522,28.581122336106052],[77.25436237430235,28.581214229945115],[77.25415801316292,28.58121762710733],[77.25416763430772,28.58166860289586],[77.25448187542884,28.582024287473278],[77.25468816280811,28.582111084852656],[77.25448764911138,28.582294872857737],[77.25479996840691,28.582560361394847],[77.25480574303214,28.58283094669855],[77.25522217234767,28.58318493005082],[77.25552871952331,28.583179831468062]]},"properties":{"id":"L01689","strahler":3,"length_m":396.3,"drop_m":4.74,"gradient":0.01196,"area_ha":203.39,"on_drain_share":0.0,"downstream":"L01690"}},{"type":"Feature","geometry":{"type":"LineString","coordinates":[[77.25552871952331,28.583179831468062],[77.2556309018975,28.583178131786738]]},"properties":{"id":"L01690","strahler":3,"length_m":10.0,"drop_m":0.0,"gradient":0.0,"area_ha":218.39,"on_drain_share":0.0,"downstream":"L01702"}},{"type":"Feature","geometry":{"type":"LineString","coordinates":[[77.2556309018975,28.583178131786738],[77.25663346068853,28.58225918088107],[77.25694000488092,28.582254079260135],[77.25725232980672,28.582519561806524],[77.26062431840131,28.58246339008092]]},"properties":{"id":"L01702","strahler":5,"length_m":543.8,"drop_m":-0.96,"gradient":0.0,"area_ha":2526.67,"on_drain_share":0.0,"downstream":"L01696"}},{"type":"Feature","geometry":{"type":"LineString","coordinates":[[77.17771891707085,28.582196004926168],[77.17896748021681,28.583258704451254],[77.17917185572516,28.583255420332236],[77.1795861888778,28.58351945025677],[77.18019931655967,28.58350959409914],[77.18070280926058,28.58314058000696],[77.18111155931317,28.583134006257968],[77.1815277588138,28.583488229595947],[77.1816411217763,28.584027783033928],[77.18205732667246,28.58438200441394]]},"properties":{"id":"L01691","strahler":1,"length_m":586.0,"drop_m":6.56,"gradient":0.01119,"area_ha":12.53,"on_drain_share":0.0,"downstream":"L01727"}},{"type":"Feature","geometry":{"type":"LineString","coordinates":[[77.22997142691243,28.583061160237555],[77.23049186795213,28.583503740331246],[77.23129791405846,28.58294911215054],[77.23242193593677,28.582930612312357]]},"properties":{"id":"L01701","strahler":1,"length_m":285.6,"drop_m":0.09,"gradient":0.00031,"area_ha":8.23,"on_drain_share":0.0,"downstream":"L01663"}},{"type":"Feature","geometry":{"type":"LineString","coordinates":[[77.27320419766309,28.582794449034516],[77.2737151013248,28.58278588340256],[77.27391558035877,28.582602068798327],[77.2748352046604,28.582586644549963],[77.27543663240192,28.58203519536226],[77.27584535177844,28.58202833645114],[77.27624629858889,28.58166070122404],[77.2765489501956,28.58147516787546],[77.27675330866079,28.581471736959468],[77.27745495442451,28.580828370399697]]},"properties":{"id":"L01722","strahler":1,"length_m":507.0,"drop_m":0.53,"gradient":0.00105,"area_ha":17.08,"on_drain_share":0.0,"downstream":"L01774"}},{"type":"Feature","geometry":{"type":"LineString","coordinates":[[77.21127537413692,28.583547779510965],[77.21158759579983,28.583813373424622]]},"properties":{"id":"L01693","strahler":4,"length_m":42.4,"drop_m":-0.55,"gradient":0.0,"area_ha":474.3,"on_drain_share":0.0,"downstream":"L01669"}},{"type":"Feature","geometry":{"type":"LineString","coordinates":[[77.28063611270717,28.581406491143568],[77.28084436444877,28.581583441053734],[77.28085215253928,28.58194421498742],[77.28158104180608,28.582563536590012],[77.28168322173654,28.58256181732107],[77.2823848423568,28.58191842662651],[77.28321786872873,28.582626212387048]]},"properties":{"id":"L01694","strahler":1,"length_m":389.4,"drop_m":0.43,"gradient":0.0011,"area_ha":9.44,"on_drain_share":0.0,"downstream":"L01655"}},{"type":"Feature","geometry":{"type":"LineString","coordinates":[[77.28339493931134,28.581360064832044],[77.28329665883403,28.581542171991163],[77.28321786872873,28.582626212387048]]},"properties":{"id":"L01695","strahler":1,"length_m":148.3,"drop_m":0.19,"gradient":0.00128,"area_ha":7.26,"on_drain_share":0.0,"downstream":"L01655"}},{"type":"Feature","geometry":{"type":"LineString","coordinates":[[77.26062431840131,28.58246339008092],[77.26093086234029,28.582458279409728],[77.26123354552543,28.582272778637208],[77.26144176872783,28.582449760087105],[77.26134923974354,28.58290243757437]]},"properties":{"id":"L01696","strahler":5,"length_m":150.7,"drop_m":-0.57,"gradient":0.0,"area_ha":2532.62,"on_drain_share":0.0,"downstream":"L01682"}},{"type":"Feature","geometry":{"type":"LineString","coordinates":[[77.26254258490887,28.581348675268426],[77.26274887666695,28.581435460086194],[77.26275467136868,28.58170604394812],[77.26255610472312,28.58198003769269],[77.2620548561001,28.58243953436345],[77.26174831245389,28.582444647571165],[77.26134923974354,28.58290243757437]]},"properties":{"id":"L01697","strahler":2,"length_m":259.7,"drop_m":0.58,"gradient":0.00224,"area_ha":36.52,"on_drain_share":0.0,"downstream":"L01682"}},{"type":"Feature","geometry":{"type":"LineString","coordinates":[[77.19145116137062,28.58386960123054],[77.19165553635408,28.58386629824183],[77.19185429756486,28.58359239809541],[77.19164430999979,28.583325104455742],[77.19183745681448,28.58278060747401]]},"properties":{"id":"L01715","strahler":1,"length_m":164.9,"drop_m":3.06,"gradient":0.01854,"area_ha":10.85,"on_drain_share":0.0,"downstream":"L01724"}},{"type":"Feature","geometry":{"type":"LineString","coordinates":[[77.21107100247023,28.583551112021333],[77.21127537413692,28.583547779510965]]},"properties":{"id":"L01699","strahler":1,"length_m":20.0,"drop_m":0.06,"gradient":0.00291,"area_ha":5.87,"on_drain_share":0.0,"downstream":"L01693"}},{"type":"Feature","geometry":{"type":"LineString","coordinates":[[77.21065093551255,28.583016589236937],[77.21127537413692,28.583547779510965]]},"properties":{"id":"L01700","strahler":4,"length_m":84.9,"drop_m":-0.27,"gradient":0.0,"area_ha":467.06,"on_drain_share":0.0,"downstream":"L01693"}},{"type":"Feature","geometry":{"type":"LineString","coordinates":[[77.20533163730873,28.582832514217053],[77.2059560497495,28.583363730548125],[77.20718228129523,28.583343777223025],[77.20738288418096,28.583160054565084],[77.20758725560113,28.583156727651932],[77.20768755659134,28.583064866082935],[77.2085050411597,28.583051554789886]]},"properties":{"id":"L01708","strahler":1,"length_m":347.3,"drop_m":1.55,"gradient":0.00446,"area_ha":15.15,"on_drain_share":0.0,"downstream":"L01710"}},{"type":"Feature","geometry":{"type":"LineString","coordinates":[[77.21797039034288,28.581092502307268],[77.21800825851746,28.582896449963563],[77.21821641531479,28.5830735017846],[77.21842078506839,28.583070158561437],[77.21852486388495,28.58315868416975],[77.22026200671662,28.583130252944812],[77.22056287401678,28.58285464172827]]},"properties":{"id":"L01706","strahler":1,"length_m":474.9,"drop_m":1.64,"gradient":0.00346,"area_ha":11.57,"on_drain_share":0.0,"downstream":"L01730"}},{"type":"Feature","geometry":{"type":"LineString","coordinates":[[77.22785737693509,28.5797574716525],[77.22826229692286,28.579570362996733],[77.22846665850753,28.57956700501612],[77.23242193593677,28.582930612312357]]},"properties":{"id":"L01703","strahler":4,"length_m":605.7,"drop_m":1.1,"gradient":0.00182,"area_ha":931.89,"on_drain_share":0.0,"downstream":"L01663"}},{"type":"Feature","geometry":{"type":"LineString","coordinates":[[77.26041609644975,28.582286407299545],[77.26062431840131,28.58246339008092]]},"properties":{"id":"L01704","strahler":1,"length_m":28.3,"drop_m":0.3,"gradient":0.01075,"area_ha":4.09,"on_drain_share":0.0,"downstream":"L01696"}},{"type":"Feature","geometry":{"type":"LineString","coordinates":[[77.24294298706495,28.582576543573442],[77.2425342562723,28.58258330348352],[77.24222196571442,28.582317784953904],[77.24252085570173,28.58195193240226],[77.24272521989695,28.581948552689184],[77.2428235728038,28.581766471005807],[77.24312628881728,28.581581008987925],[77.24312245918783,28.58140061730366],[77.24228969406084,28.580692569275254],[77.24218368526445,28.58051386695049],[77.24217602959669,28.580153083286575],[77.2418560931294,28.579526779614994],[77.24185417955715,28.579436583667608],[77.24235742211508,28.57906735331978]]},"properties":{"id":"L01764","strahler":1,"length_m":573.6,"drop_m":0.08,"gradient":0.00014,"area_ha":17.71,"on_drain_share":0.0,"downstream":"L01761"}},{"type":"Feature","geometry":{"type":"LineString","coordinates":[[77.17590741632426,28.583578529079087],[77.17507876839571,28.583050444377292],[77.17506948411929,28.582599444509988],[77.17647595278723,28.581403892109602],[77.17668032504893,28.581400611937852],[77.17708349411548,28.581123451051536],[77.17759442314352,28.581115247831082],[77.17789540309086,28.580839725491085],[77.17912162844472,28.580820027373594],[77.17932041827082,28.5805461440379],[77.18034226900915,28.580529719130134],[77.18064510121206,28.580344390818265],[77.18095165566741,28.58033946119182]]},"properties":{"id":"L01754","strahler":1,"length_m":846.0,"drop_m":5.34,"gradient":0.00631,"area_ha":17.89,"on_drain_share":0.0,"downstream":"L01746"}},{"type":"Feature","geometry":{"type":"LineString","coordinates":[[77.2085050411597,28.583051554789886],[77.20901596873331,28.583043232733264],[77.20911626830495,28.58295137017979],[77.21054686301792,28.582928057207447]]},"properties":{"id":"L01710","strahler":2,"length_m":204.1,"drop_m":-0.74,"gradient":0.0,"area_ha":28.97,"on_drain_share":0.0,"downstream":"L01711"}},{"type":"Feature","geometry":{"type":"LineString","coordinates":[[77.22056287401678,28.58285464172827],[77.22054960452456,28.582223261199825],[77.22064989272796,28.582131390697374],[77.22064420569839,28.58186079903737],[77.220842885297,28.58158686065213],[77.22083530212099,28.581226071787857],[77.22163759368092,28.580491104667058],[77.22194414009728,28.580486082400352],[77.22246453622407,28.580928696048737],[77.22266890124135,28.580925346655498],[77.22276918633688,28.58083347473891],[77.22359993214921,28.58145145288155],[77.22380429801925,28.581448101722255],[77.22400486686912,28.581264356210582],[77.22441359773822,28.58125765240465],[77.22471444855795,28.580982032797117]]},"properties":{"id":"L01730","strahler":4,"length_m":680.1,"drop_m":0.59,"gradient":0.00087,"area_ha":755.85,"on_drain_share":0.0,"downstream":"L01749"}},{"type":"Feature","geometry":{"type":"LineString","coordinates":[[77.21054686301792,28.582928057207447],[77.21065093551255,28.583016589236937]]},"properties":{"id":"L01711","strahler":4,"length_m":14.1,"drop_m":0.0,"gradient":0.0,"area_ha":409.61,"on_drain_share":0.0,"downstream":"L01700"}},{"type":"Feature","geometry":{"type":"LineString","coordinates":[[77.20905592353454,28.580065036317283],[77.20905969482267,28.58024543222311],[77.20886098570897,28.580519354931383],[77.21011170772736,28.581671949564242],[77.21011548106864,28.581852345298575],[77.20981458752533,28.5821279347054],[77.20981836043097,28.582308330463857],[77.21054686301792,28.582928057207447]]},"properties":{"id":"L01712","strahler":4,"length_m":419.4,"drop_m":3.99,"gradient":0.00952,"area_ha":379.65,"on_drain_share":0.0,"downstream":"L01711"}},{"type":"Feature","geometry":{"type":"LineString","coordinates":[[77.27747050712654,28.581549920031854],[77.27745495442451,28.580828370399697]]},"properties":{"id":"L01723","strahler":1,"length_m":80.0,"drop_m":-0.05,"gradient":0.0,"area_ha":5.52,"on_drain_share":0.0,"downstream":"L01774"}},{"type":"Feature","geometry":{"type":"LineString","coordinates":[[77.19235026040792,28.582862547189997],[77.19194151447844,28.58286915474151],[77.19183745681448,28.58278060747401]]},"properties":{"id":"L01716","strahler":1,"length_m":54.1,"drop_m":0.59,"gradient":0.01085,"area_ha":5.19,"on_drain_share":0.0,"downstream":"L01724"}},{"type":"Feature","geometry":{"type":"LineString","coordinates":[[77.2896278198061,28.58125496947549],[77.28993435405084,28.581249793473262],[77.29003457729878,28.5811578750741]]},"properties":{"id":"L01717","strahler":1,"length_m":44.1,"drop_m":0.0,"gradient":0.0,"area_ha":7.86,"on_drain_share":0.0,"downstream":"L01719"}},{"type":"Feature","geometry":{"type":"LineString","coordinates":[[77.19183745681448,28.58278060747401],[77.19131530043349,28.58224767077703],[77.19120937334104,28.582068923948377],[77.19130968846555,28.581977073763596]]},"properties":{"id":"L01724","strahler":2,"length_m":119.0,"drop_m":-0.23,"gradient":0.0,"area_ha":18.17,"on_drain_share":0.0,"downstream":"L01738"}},{"type":"Feature","geometry":{"type":"LineString","coordinates":[[77.28526415782282,28.577990211335965],[77.2858889153756,28.57852103871017],[77.28609326679809,28.578517594050737],[77.28630347245152,28.578784728627465],[77.28713454487114,28.579402297394296],[77.2874371693856,28.57921674112941],[77.28972804334211,28.581163051287596],[77.29003457729878,28.5811578750741]]},"properties":{"id":"L01718","strahler":2,"length_m":631.5,"drop_m":4.21,"gradient":0.00667,"area_ha":72.88,"on_drain_share":0.0,"downstream":"L01719"}},{"type":"Feature","geometry":{"type":"LineString","coordinates":[[77.26054520308855,28.57876540456756],[77.26106574135258,28.57920786150329],[77.26116791949663,28.579206157867514],[77.26137806639979,28.579473334574175],[77.2615959361742,28.580101289745183],[77.26180415539807,28.58027827089774],[77.26181380878492,28.580729244366182],[77.26254258490887,28.581348675268426]]},"properties":{"id":"L01720","strahler":2,"length_m":374.6,"drop_m":4.84,"gradient":0.01292,"area_ha":24.33,"on_drain_share":0.0,"downstream":"L01697"}},{"type":"Feature","geometry":{"type":"LineString","coordinates":[[77.26354313147867,28.580339482782957],[77.26334263728403,28.580523282876253],[77.26293392017786,28.580530103795528],[77.2627314930411,28.580623708429183],[77.26253292816499,28.580897702068647],[77.26254258490887,28.581348675268426]]},"properties":{"id":"L01721","strahler":1,"length_m":180.7,"drop_m":4.29,"gradient":0.02376,"area_ha":6.27,"on_drain_share":0.0,"downstream":"L01697"}},{"type":"Feature","geometry":{"type":"LineString","coordinates":[[77.27745495442451,28.580828370399697],[77.28026145218656,28.578254872128557],[77.28067015557376,28.578247999511344],[77.28118687571207,28.578509987532755],[77.28138733335722,28.578326162968427],[77.28230886366688,28.578400883621867],[77.28281389759786,28.57812170469122],[77.28333257068847,28.57847387764706],[77.28353692238503,28.57847043684284],[77.28383955125807,28.578284888380313],[77.28435042933808,28.578276283936393],[77.2846530561174,28.57809073376546],[77.28506175761639,28.578083847956286],[77.28526415782282,28.577990211335965]]},"properties":{"id":"L01774","strahler":2,"length_m":960.5,"drop_m":0.48,"gradient":0.0005,"area_ha":46.36,"on_drain_share":0.0,"downstream":"L01718"}},{"type":"Feature","geometry":{"type":"LineString","coordinates":[[77.19343311682334,28.580859994756764],[77.19374341542593,28.581035433901803],[77.19374903340412,28.581306030510955],[77.19468368475955,28.58201274073554],[77.1947858702389,28.58201108694279],[77.19498461985279,28.581737182770997],[77.19496963004782,28.581015592431505],[77.19506994076976,28.5809237396838],[77.19515526080866,28.58011029652446],[77.19596148273372,28.579555869473193],[77.1965633311836,28.57900474822381]]},"properties":{"id":"L01787","strahler":4,"length_m":617.7,"drop_m":1.93,"gradient":0.00312,"area_ha":235.78,"on_drain_share":0.0,"downstream":"L01755"}},{"type":"Feature","geometry":{"type":"LineString","coordinates":[[77.23491929191128,28.58018264222917],[77.2363765499165,28.581421807033557]]},"properties":{"id":"L01725","strahler":3,"length_m":198.0,"drop_m":0.25,"gradient":0.00124,"area_ha":66.22,"on_drain_share":0.0,"downstream":"L01674"}},{"type":"Feature","geometry":{"type":"LineString","coordinates":[[77.2364520048501,28.580157374187962],[77.23646918635097,28.58096914058555],[77.23636891377886,28.581061021982325],[77.2363765499165,28.581421807033557]]},"properties":{"id":"L01726","strahler":3,"length_m":144.1,"drop_m":0.53,"gradient":0.00366,"area_ha":408.71,"on_drain_share":0.0,"downstream":"L01674"}},{"type":"Feature","geometry":{"type":"LineString","coordinates":[[77.26568502200074,28.580123260910394],[77.26630970109423,28.580654183258734],[77.26641188026498,28.580652475595173],[77.26651792885133,28.58083115664755],[77.2669247110413,28.580734130496072],[77.2677305300476,28.580179297351982],[77.26803706585406,28.580174170998305],[77.26823755075466,28.579990364450264],[77.26822593419053,28.57944919863466],[77.26912616664164,28.578531871941166],[77.2691164829449,28.578080900612747],[77.26992033289861,28.57743586180668]]},"properties":{"id":"L01794","strahler":1,"length_m":682.5,"drop_m":5.91,"gradient":0.00865,"area_ha":16.12,"on_drain_share":0.0,"downstream":"L01812"}},{"type":"Feature","geometry":{"type":"LineString","coordinates":[[77.19130968846555,28.581977073763596],[77.19191157555605,28.58142597127168],[77.1917015925452,28.58115867741411],[77.19169785073454,28.580978279424254],[77.1917981644392,28.58088642894406],[77.19343311682334,28.580859994756764]]},"properties":{"id":"L01738","strahler":3,"length_m":317.3,"drop_m":0.71,"gradient":0.00224,"area_ha":76.22,"on_drain_share":0.0,"downstream":"L01787"}},{"type":"Feature","geometry":{"type":"LineString","coordinates":[[77.23381436913742,28.581103125425283],[77.2344160163312,28.580551846647793]]},"properties":{"id":"L01733","strahler":1,"length_m":84.9,"drop_m":-0.52,"gradient":0.0,"area_ha":6.33,"on_drain_share":0.0,"downstream":"L01739"}},{"type":"Feature","geometry":{"type":"LineString","coordinates":[[77.25454364138294,28.580128490752575],[77.25465929284537,28.58075815796221]]},"properties":{"id":"L01728","strahler":3,"length_m":74.1,"drop_m":0.23,"gradient":0.00312,"area_ha":191.11,"on_drain_share":0.0,"downstream":"L01689"}},{"type":"Feature","geometry":{"type":"LineString","coordinates":[[77.25678773550304,28.579910709941586],[77.25648505026095,28.580096200902048],[77.25607633286789,28.58010300107105],[77.25577557125006,28.580378685611176],[77.25557121192509,28.58038208481142],[77.25526852305838,28.58056757323905],[77.25485980349976,28.580574369845614],[77.25465929284537,28.58075815796221]]},"properties":{"id":"L01729","strahler":1,"length_m":247.3,"drop_m":2.33,"gradient":0.00944,"area_ha":6.94,"on_drain_share":0.0,"downstream":"L01689"}},{"type":"Feature","geometry":{"type":"LineString","coordinates":[[77.22471444855795,28.580982032797117],[77.22511558054686,28.58061453906758],[77.2251098824451,28.58034394816901],[77.22581185507839,28.57970083171759]]},"properties":{"id":"L01749","strahler":4,"length_m":185.6,"drop_m":0.45,"gradient":0.00243,"area_ha":774.0,"on_drain_share":0.0,"downstream":"L01748"}},{"type":"Feature","geometry":{"type":"LineString","coordinates":[[77.24677797396895,28.5802573726952],[77.24647718617791,28.580533037979816],[77.24617064476638,28.58053811568215],[77.24533786776307,28.579830087065176],[77.24533595119625,28.579739891337415],[77.245233771421,28.579741583079457],[77.24543238105402,28.579467612346235],[77.2457370026374,28.579372340777358],[77.24593752731352,28.579188565104015]]},"properties":{"id":"L01758","strahler":1,"length_m":306.3,"drop_m":2.17,"gradient":0.0071,"area_ha":13.32,"on_drain_share":0.0,"downstream":"L01781"}},{"type":"Feature","geometry":{"type":"LineString","coordinates":[[77.27079588450741,28.5801280026887],[77.27099636422733,28.579944192334864],[77.27098861041601,28.57958341581853],[77.27128738908799,28.57921750574074],[77.27128351178486,28.57903711750238],[77.27158422685211,28.578761400998683],[77.27157453257847,28.578310430455623],[77.27187524490746,28.578034713439227]]},"properties":{"id":"L01776","strahler":1,"length_m":275.6,"drop_m":-0.78,"gradient":0.0,"area_ha":7.83,"on_drain_share":0.0,"downstream":"L01801"}},{"type":"Feature","geometry":{"type":"LineString","coordinates":[[77.18291738947667,28.5814808180241],[77.18301771172042,28.58138897360707]]},"properties":{"id":"L01732","strahler":1,"length_m":14.1,"drop_m":0.0,"gradient":0.0,"area_ha":4.07,"on_drain_share":0.0,"downstream":"L01786"}},{"type":"Feature","geometry":{"type":"LineString","coordinates":[[77.19904010894936,28.58013758724095],[77.1989398025862,28.58022944270691],[77.19894355663816,28.58040983983909],[77.1992557394505,28.58067546449198],[77.19967010793775,28.58093943091524],[77.19997102637778,28.580663862718623],[77.19996727053297,28.58048346571794],[77.2000694541711,28.580481808026633],[77.2002794559851,28.580749087856816],[77.20028509062644,28.581019683288407],[77.20069758428002,28.58119344788947],[77.20099850055522,28.580917877528407],[77.20109504783754,28.580645623750375],[77.20189748092977,28.579910766110004],[77.20210184682462,28.57990744780375],[77.20240463571699,28.57972207304309],[77.20290614756502,28.579262783161017],[77.20279832462253,28.57899384788176]]},"properties":{"id":"L01783","strahler":4,"length_m":670.8,"drop_m":2.56,"gradient":0.00381,"area_ha":309.47,"on_drain_share":0.0,"downstream":"L01800"}},{"type":"Feature","geometry":{"type":"LineString","coordinates":[[77.1820868639824,28.580862577466583],[77.18209058937454,28.581042976619713],[77.18240273449578,28.581308642282135],[77.18301771172042,28.58138897360707]]},"properties":{"id":"L01734","strahler":2,"length_m":126.6,"drop_m":1.49,"gradient":0.01176,"area_ha":74.33,"on_drain_share":0.0,"downstream":"L01786"}},{"type":"Feature","geometry":{"type":"LineString","coordinates":[[77.18301771172042,28.58138897360707],[77.18382028340208,28.580654215897876],[77.18402465321316,28.58065092474196],[77.18472875783293,28.580098206725353],[77.18554623207574,28.58008503501667],[77.18565028198776,28.58017358758008],[77.18718491287557,28.58023907540032],[77.18759738463011,28.58041288123795],[77.18870086184867,28.579402553820984],[77.18869525723485,28.57913195622003]]},"properties":{"id":"L01786","strahler":2,"length_m":710.1,"drop_m":3.65,"gradient":0.00514,"area_ha":95.19,"on_drain_share":0.0,"downstream":"L01796"}},{"type":"Feature","geometry":{"type":"LineString","coordinates":[[77.23349638409283,28.580566995938643],[77.2344160163312,28.580551846647793]]},"properties":{"id":"L01735","strahler":1,"length_m":90.0,"drop_m":-0.23,"gradient":0.0,"area_ha":5.41,"on_drain_share":0.0,"downstream":"L01739"}},{"type":"Feature","geometry":{"type":"LineString","coordinates":[[77.2344160163312,28.580551846647793],[77.23481711097853,28.580184326150356],[77.23491929191128,28.58018264222917]]},"properties":{"id":"L01739","strahler":2,"length_m":66.6,"drop_m":1.18,"gradient":0.01773,"area_ha":11.85,"on_drain_share":0.0,"downstream":"L01725"}},{"type":"Feature","geometry":{"type":"LineString","coordinates":[[77.23194080009387,28.579509872306808],[77.2320448857832,28.57959838714012],[77.23245360797075,28.57959165947097],[77.23349447757026,28.580476799488792],[77.2343119277875,28.580463333810155],[77.23471302250498,28.5800958136149],[77.23481520335945,28.58009412977686]]},"properties":{"id":"L01741","strahler":2,"length_m":342.1,"drop_m":0.75,"gradient":0.00219,"area_ha":45.86,"on_drain_share":0.0,"downstream":"L01742"}},{"type":"Feature","geometry":{"type":"LineString","coordinates":[[77.27385540821358,28.5798060570149],[77.27229364701697,28.578478836469827],[77.27188106214795,28.57830529572345],[77.27187524490746,28.578034713439227]]},"properties":{"id":"L01777","strahler":1,"length_m":290.4,"drop_m":-0.09,"gradient":0.0,"area_ha":7.0,"on_drain_share":0.0,"downstream":"L01801"}},{"type":"Feature","geometry":{"type":"LineString","coordinates":[[77.25288569223342,28.579073317556684],[77.25319799765444,28.579338810663934],[77.25371081537283,28.57942051651898],[77.25454364138294,28.580128490752575]]},"properties":{"id":"L01736","strahler":3,"length_m":209.7,"drop_m":2.61,"gradient":0.01245,"area_ha":177.14,"on_drain_share":0.0,"downstream":"L01728"}},{"type":"Feature","geometry":{"type":"LineString","coordinates":[[77.25572551072372,28.57803361330695],[77.25541320346532,28.577768126117352],[77.25490039301114,28.57768642630865],[77.25440105223116,28.57823609084487],[77.25440682479932,28.578506676395463],[77.25411183474539,28.579052942863562],[77.2541195307946,28.579413723623592],[77.25443184018114,28.579679213644233],[77.25454364138294,28.580128490752575]]},"properties":{"id":"L01737","strahler":1,"length_m":416.3,"drop_m":3.02,"gradient":0.00725,"area_ha":12.96,"on_drain_share":0.0,"downstream":"L01728"}},{"type":"Feature","geometry":{"type":"LineString","coordinates":[[77.17197604618839,28.5812955777321],[77.17237737378163,28.580928230028906],[77.17268393161808,28.580923318991093],[77.17298492462443,28.58064780688402],[77.17339366713999,28.58064125690813],[77.17399564615738,28.580090229214413],[77.17430220123393,28.580085314651548],[77.17440253017399,28.579993476259432],[77.1743988180628,28.579813076153986],[77.17470165965405,28.579627760649636]]},"properties":{"id":"L01779","strahler":1,"length_m":356.3,"drop_m":2.41,"gradient":0.00677,"area_ha":10.34,"on_drain_share":0.0,"downstream":"L01772"}},{"type":"Feature","geometry":{"type":"LineString","coordinates":[[77.19042115098108,28.578562715929856],[77.19094141346342,28.579005458514796],[77.19124422122363,28.57882010773443],[77.19176448827874,28.579262846886397],[77.19186667130029,28.579261195437102],[77.19197820939333,28.579710538908003],[77.1915750876555,28.579987741731042],[77.19157882910287,28.58016813976208],[77.1916828838358,28.580256687412323],[77.19188912280902,28.580343583448865],[77.19280877901764,28.580328716280825],[77.19343311682334,28.580859994756764]]},"properties":{"id":"L01740","strahler":3,"length_m":529.4,"drop_m":0.44,"gradient":0.00084,"area_ha":147.18,"on_drain_share":0.0,"downstream":"L01787"}},{"type":"Feature","geometry":{"type":"LineString","coordinates":[[77.23481520335945,28.58009412977686],[77.23491929191128,28.58018264222917]]},"properties":{"id":"L01742","strahler":2,"length_m":14.1,"drop_m":0.0,"gradient":0.0,"area_ha":51.35,"on_drain_share":0.0,"downstream":"L01725"}},{"type":"Feature","geometry":{"type":"LineString","coordinates":[[77.23584186640569,28.575475589215255],[77.23594595093253,28.57556410114058],[77.2359917507542,28.577728813511918],[77.23630401227655,28.5779943481963],[77.23632500871162,28.578986507528917],[77.23622473776561,28.579078388745824],[77.23623619034437,28.57961956652627],[77.23634027951294,28.57970807785258],[77.23634791512418,28.580068862982817],[77.2364520048501,28.580157374187962]]},"properties":{"id":"L01743","strahler":3,"length_m":549.0,"drop_m":5.68,"gradient":0.01034,"area_ha":348.57,"on_drain_share":0.0,"downstream":"L01726"}},{"type":"Feature","geometry":{"type":"LineString","coordinates":[[77.23893581392642,28.576777965194513],[77.23863501367389,28.577053613794746],[77.2386483883167,28.577684987013818],[77.23694381464934,28.57924698518968],[77.2367490009242,28.579701337220662],[77.23644818683532,28.579976981640684],[77.2364520048501,28.580157374187962]]},"properties":{"id":"L01744","strahler":2,"length_m":473.6,"drop_m":3.08,"gradient":0.0065,"area_ha":58.81,"on_drain_share":0.0,"downstream":"L01726"}},{"type":"Feature","geometry":{"type":"LineString","coordinates":[[77.2136616905527,28.580350847779687],[77.21446402883758,28.57961592064658],[77.21466839242711,28.57961258344383]]},"properties":{"id":"L01763","strahler":1,"length_m":133.1,"drop_m":-2.57,"gradient":0.0,"area_ha":9.36,"on_drain_share":0.0,"downstream":"L01770"}},{"type":"Feature","geometry":{"type":"LineString","coordinates":[[77.23428713473905,28.579290780495146],[77.23470348497627,28.57964483169625],[77.2347111149817,28.58000561723381],[77.23481520335945,28.58009412977686]]},"properties":{"id":"L01745","strahler":1,"length_m":110.7,"drop_m":2.07,"gradient":0.0187,"area_ha":5.45,"on_drain_share":0.0,"downstream":"L01742"}},{"type":"Feature","geometry":{"type":"LineString","coordinates":[[77.18095165566741,28.58033946119182],[77.18167626064366,28.580778954074567],[77.18198281614815,28.58077402204999],[77.1820868639824,28.580862577466583]]},"properties":{"id":"L01746","strahler":2,"length_m":134.9,"drop_m":0.22,"gradient":0.0016,"area_ha":68.57,"on_drain_share":0.0,"downstream":"L01734"}},{"type":"Feature","geometry":{"type":"LineString","coordinates":[[77.1819697782147,28.580142624920608],[77.18217973544614,28.580409935346513],[77.18218718644167,28.580770733649235],[77.1820868639824,28.580862577466583]]},"properties":{"id":"L01747","strahler":1,"length_m":92.4,"drop_m":-0.04,"gradient":0.0,"area_ha":5.1,"on_drain_share":0.0,"downstream":"L01734"}},{"type":"Feature","geometry":{"type":"LineString","coordinates":[[77.22581185507839,28.57970083171759],[77.22601811733735,28.579787674334245],[77.22703992857446,28.579770898141092],[77.22735217546482,28.58003645429369],[77.22755653807724,28.580033097633986],[77.22785737693509,28.5797574716525]]},"properties":{"id":"L01748","strahler":4,"length_m":229.0,"drop_m":1.11,"gradient":0.00483,"area_ha":919.59,"on_drain_share":0.0,"downstream":"L01703"}},{"type":"Feature","geometry":{"type":"LineString","coordinates":[[77.2273859145573,28.576787689333877],[77.2286348773495,28.577849908056972],[77.22883923555675,28.57784654969947],[77.22915148064108,28.57811210184091],[77.22915338327158,28.578202298589645],[77.22865199718605,28.57866167906565],[77.22866150851235,28.579112662913303],[77.22897375714976,28.579378215235135],[77.22917811826385,28.579374856203522],[77.22948846590626,28.579550210501385],[77.22989718862085,28.579543490543386],[77.23020944151374,28.579809039758985],[77.2305121763323,28.579623604946786],[77.23081871838002,28.579618562768946],[77.23091899479498,28.579526685268128],[77.23194080009387,28.579509872306808]]},"properties":{"id":"L01757","strahler":2,"length_m":728.4,"drop_m":2.36,"gradient":0.00323,"area_ha":33.03,"on_drain_share":0.0,"downstream":"L01741"}},{"type":"Feature","geometry":{"type":"LineString","coordinates":[[77.2056575348066,28.578857147802],[77.20596972855078,28.57912275636994],[77.20597349442552,28.579303152676875],[77.20701226957095,28.580098310454478],[77.20752318338667,28.580089994802673],[77.20802655799554,28.57972088515354],[77.20874371957714,28.579799435473504],[77.20905592353454,28.580065036317283]]},"properties":{"id":"L01750","strahler":4,"length_m":432.8,"drop_m":1.35,"gradient":0.00313,"area_ha":353.63,"on_drain_share":0.0,"downstream":"L01712"}},{"type":"Feature","geometry":{"type":"LineString","coordinates":[[77.22263285378577,28.579211601323163],[77.2234635854248,28.5798295811898],[77.22397449224366,28.57982120366182],[77.22417505789082,28.57963745804532],[77.22581185507839,28.57970083171759]]},"properties":{"id":"L01752","strahler":3,"length_m":351.4,"drop_m":-0.7,"gradient":0.0,"area_ha":143.51,"on_drain_share":0.0,"downstream":"L01748"}},{"type":"Feature","geometry":{"type":"LineString","coordinates":[[77.2087135551141,28.578356267676707],[77.20912982127993,28.57871040243526],[77.20943636513246,28.57870540871157],[77.20995670293236,28.579148073875356],[77.20995858926884,28.579238271786178],[77.20905592353454,28.580065036317283]]},"properties":{"id":"L01751","strahler":1,"length_m":294.6,"drop_m":0.52,"gradient":0.00178,"area_ha":15.67,"on_drain_share":0.0,"downstream":"L01712"}},{"type":"Feature","geometry":{"type":"LineString","coordinates":[[77.21287841477262,28.57711540309739],[77.21350282687818,28.577646584842874],[77.21351038390675,28.578007375692252],[77.21341009277936,28.57809924108987],[77.21342142811255,28.578640427353946],[77.21261531183978,28.579194952909276],[77.21355006058614,28.579901527306475],[77.21395878908777,28.579894855285957],[77.21435995690693,28.57952739149572],[77.21456432033976,28.57952405445914],[77.21466839242711,28.57961258344383]]},"properties":{"id":"L01766","strahler":1,"length_m":557.7,"drop_m":0.48,"gradient":0.00087,"area_ha":15.03,"on_drain_share":0.0,"downstream":"L01770"}},{"type":"Feature","geometry":{"type":"LineString","coordinates":[[77.2273407681643,28.579495273263145],[77.22754512973219,28.579491916678556],[77.22785737693509,28.5797574716525]]},"properties":{"id":"L01753","strahler":1,"length_m":62.4,"drop_m":0.72,"gradient":0.01158,"area_ha":4.23,"on_drain_share":0.0,"downstream":"L01703"}},{"type":"Feature","geometry":{"type":"LineString","coordinates":[[77.1965633311836,28.57900474822381],[77.19666363864924,28.57891289445183],[77.19819637295225,28.578888059575643],[77.19902509245918,28.579415998698657],[77.19904010894936,28.58013758724095]]},"properties":{"id":"L01755","strahler":4,"length_m":349.0,"drop_m":3.03,"gradient":0.0087,"area_ha":258.11,"on_drain_share":0.0,"downstream":"L01783"}},{"type":"Feature","geometry":{"type":"LineString","coordinates":[[77.19867350450332,28.577256202437532],[77.19898004630141,28.577251232567654],[77.19918816146188,28.577428316118517],[77.19920693200378,28.57833030194848],[77.19952098630885,28.578686124924275],[77.19952474111206,28.578866522026928],[77.19932600862192,28.57914043202269],[77.19933351773905,28.579501226245927],[77.19913290651061,28.579684937468],[77.19914041513842,28.580045731709173],[77.19904010894936,28.58013758724095]]},"properties":{"id":"L01756","strahler":2,"length_m":391.4,"drop_m":0.54,"gradient":0.00137,"area_ha":37.61,"on_drain_share":0.0,"downstream":"L01783"}},{"type":"Feature","geometry":{"type":"LineString","coordinates":[[77.24235742211508,28.57906735331978],[77.24358357343931,28.57904707377217],[77.24409830036298,28.579219012320927],[77.24532445198041,28.579198716943168],[77.24542854782561,28.579287220891473],[77.24593752731352,28.579188565104015]]},"properties":{"id":"L01761","strahler":2,"length_m":366.6,"drop_m":2.42,"gradient":0.0066,"area_ha":32.2,"on_drain_share":0.0,"downstream":"L01781"}},{"type":"Feature","geometry":{"type":"LineString","coordinates":[[77.25051829401751,28.57830057933675],[77.25133571785948,28.578287012034462],[77.25154199547534,28.578373814802482],[77.25195839591737,28.578727810000778],[77.25196224019814,28.578908200659885],[77.25237672166391,28.57917199904544],[77.25288569223342,28.579073317556684]]},"properties":{"id":"L01762","strahler":3,"length_m":287.3,"drop_m":0.51,"gradient":0.00177,"area_ha":77.97,"on_drain_share":0.0,"downstream":"L01736"}},{"type":"Feature","geometry":{"type":"LineString","coordinates":[[77.1791996314211,28.57964578849319],[77.17960836837102,28.57963922000504],[77.18043700906304,28.58016727748125],[77.18095165566741,28.58033946119182]]},"properties":{"id":"L01759","strahler":2,"length_m":203.1,"drop_m":3.05,"gradient":0.01503,"area_ha":49.27,"on_drain_share":0.0,"downstream":"L01746"}},{"type":"Feature","geometry":{"type":"LineString","coordinates":[[77.21466839242711,28.57961258344383],[77.21477246468858,28.579701112337887],[77.21702046360292,28.579664380987555],[77.21712075279,28.57957251302928],[77.2176335534855,28.579654356890007],[77.21793441880105,28.579378751546663],[77.21946903229477,28.579443873345287],[77.21956931902722,28.579352003701754],[77.2202845871753,28.579340295332194],[77.2204832634667,28.579066357590975],[77.22130071002775,28.579052970905472],[77.22140099472331,28.578961100010442],[77.22160535608492,28.578957752429226],[77.22180592457075,28.57877401015963],[77.22263285378577,28.579211601323163]]},"properties":{"id":"L01770","strahler":2,"length_m":864.6,"drop_m":5.16,"gradient":0.00597,"area_ha":37.55,"on_drain_share":0.0,"downstream":"L01752"}},{"type":"Feature","geometry":{"type":"LineString","coordinates":[[77.23046838880077,28.57754908175063],[77.23047409995543,28.577819671772218],[77.23088852798298,28.578083539150718],[77.2308904320931,28.57817373579292],[77.2314108511818,28.578616313777815],[77.23142037425839,28.579067296779474],[77.23194080009387,28.579509872306808]]},"properties":{"id":"L01760","strahler":1,"length_m":283.8,"drop_m":5.97,"gradient":0.02103,"area_ha":10.02,"on_drain_share":0.0,"downstream":"L01741"}},{"type":"Feature","geometry":{"type":"LineString","coordinates":[[77.24593752731352,28.579188565104015],[77.24655060232942,28.579178410498013],[77.24685138631277,28.578902745226575],[77.2472620198048,28.578986168725294],[77.24776523997751,28.578616919452916],[77.24878510527397,28.578509784587176],[77.24888536411956,28.578417894712043],[77.24909164025324,28.578504701306812],[77.24980688822937,28.57849283762941],[77.24991098684518,28.57858133797161],[77.25021752179434,28.5785762521361],[77.25051829401751,28.57830057933675]]},"properties":{"id":"L01781","strahler":2,"length_m":512.1,"drop_m":-1.1,"gradient":0.0,"area_ha":54.64,"on_drain_share":0.0,"downstream":"L01762"}},{"type":"Feature","geometry":{"type":"LineString","coordinates":[[77.25442241865407,28.574446193592575],[77.2544532020537,28.57588931717655],[77.2543529505916,28.575981210795167],[77.25437026654514,28.57679296770798],[77.25407143280823,28.577158843527293],[77.25387669775147,28.577613215960525],[77.253174919437,28.57825646762078],[77.25308428007412,28.57879933676919],[77.25288569223342,28.579073317556684]]},"properties":{"id":"L01765","strahler":2,"length_m":576.3,"drop_m":-0.64,"gradient":0.0,"area_ha":96.6,"on_drain_share":0.0,"downstream":"L01736"}},{"type":"Feature","geometry":{"type":"LineString","coordinates":[[77.24123344895504,28.579085933182682],[77.24235742211508,28.57906735331978]]},"properties":{"id":"L01767","strahler":1,"length_m":110.0,"drop_m":0.12,"gradient":0.00112,"area_ha":7.53,"on_drain_share":0.0,"downstream":"L01761"}},{"type":"Feature","geometry":{"type":"LineString","coordinates":[[77.26043723724752,28.578496523298472],[77.26044109595793,28.57867691290778],[77.26054520308855,28.57876540456756]]},"properties":{"id":"L01768","strahler":1,"length_m":34.1,"drop_m":0.11,"gradient":0.00321,"area_ha":4.42,"on_drain_share":0.0,"downstream":"L01720"}},{"type":"Feature","geometry":{"type":"LineString","coordinates":[[77.26053362648832,28.57822423576985],[77.26054520308855,28.57876540456756]]},"properties":{"id":"L01769","strahler":1,"length_m":60.0,"drop_m":-1.37,"gradient":0.0,"area_ha":8.67,"on_drain_share":0.0,"downstream":"L01720"}},{"type":"Feature","geometry":{"type":"LineString","coordinates":[[77.17470165965405,28.579627760649636],[77.17501378294101,28.579893444618175],[77.17531662357811,28.579708127787768]]},"properties":{"id":"L01772","strahler":2,"length_m":80.7,"drop_m":0.72,"gradient":0.00895,"area_ha":17.4,"on_drain_share":0.0,"downstream":"L01775"}},{"type":"Feature","geometry":{"type":"LineString","coordinates":[[77.22190431206683,28.578591941738782],[77.22263285378577,28.579211601323163]]},"properties":{"id":"L01771","strahler":2,"length_m":99.0,"drop_m":-0.75,"gradient":0.0,"area_ha":99.67,"on_drain_share":0.0,"downstream":"L01752"}},{"type":"Feature","geometry":{"type":"LineString","coordinates":[[77.20321457489851,28.57934800173043],[77.20279832462253,28.57899384788176]]},"properties":{"id":"L01784","strahler":1,"length_m":56.6,"drop_m":1.73,"gradient":0.0305,"area_ha":5.37,"on_drain_share":0.0,"downstream":"L01800"}},{"type":"Feature","geometry":{"type":"LineString","coordinates":[[77.26324025442237,28.57574296734724],[77.26344846709672,28.575919946407733],[77.26365281668411,28.57591653582831],[77.26386296244607,28.576183708815933],[77.26416948749046,28.57617859185217],[77.26458591826628,28.5765325464606],[77.26479026887657,28.57652913410155],[77.2651045274489,28.57688479314085],[77.26520670306215,28.57688308659006],[77.26541685468113,28.577150256802458],[77.26614562431465,28.57776966883142],[77.26624780070925,28.5777679614485],[77.26635771449335,28.578127031763437],[77.266565937035,28.578304005416356],[77.26707682135213,28.57829546600519],[77.26737754610942,28.57801975830625],[77.26778625225201,28.578012924548283],[77.26798673378589,28.577829118524715],[77.26900656000217,28.577721833060913],[77.26910679947066,28.577629929251316],[77.26941332759283,28.57762480020535],[77.2697159812632,28.57743928199047],[77.26992033289861,28.57743586180668]]},"properties":{"id":"L01795","strahler":3,"length_m":842.5,"drop_m":6.03,"gradient":0.00715,"area_ha":235.31,"on_drain_share":0.0,"downstream":"L01812"}},{"type":"Feature","geometry":{"type":"LineString","coordinates":[[77.17531662357811,28.579708127787768],[77.17561574901268,28.579342410361793],[77.17560832088469,28.578981610402373],[77.17570679055068,28.578799571159692],[77.17651125541343,28.57815505473902],[77.17661715404029,28.578333814718533],[77.17786565843251,28.57939652803734],[77.17847876290584,28.57938668094998],[77.17868685035077,28.579563797574693],[77.1791996314211,28.57964578849319]]},"properties":{"id":"L01775","strahler":2,"length_m":561.8,"drop_m":0.27,"gradient":0.00047,"area_ha":43.64,"on_drain_share":0.0,"downstream":"L01759"}},{"type":"Feature","geometry":{"type":"LineString","coordinates":[[77.2832011639975,28.57712269712888],[77.28432703324161,28.577193964131524],[77.28526415782282,28.577990211335965]]},"properties":{"id":"L01778","strahler":1,"length_m":241.4,"drop_m":0.02,"gradient":0.0001,"area_ha":8.75,"on_drain_share":0.0,"downstream":"L01718"}},{"type":"Feature","geometry":{"type":"LineString","coordinates":[[77.17909558712346,28.579557230648444],[77.1791996314211,28.57964578849319]]},"properties":{"id":"L01780","strahler":1,"length_m":14.1,"drop_m":0.0,"gradient":0.0,"area_ha":4.0,"on_drain_share":0.0,"downstream":"L01759"}},{"type":"Feature","geometry":{"type":"LineString","coordinates":[[77.27187524490746,28.578034713439227],[77.2721778949756,28.577849189915092],[77.27248442307929,28.577844053895426],[77.27268489563134,28.577660241398874],[77.27319577466648,28.577651679124543],[77.27350618284544,28.577826928834785],[77.27381271060139,28.577821789818067],[77.27391682729613,28.577910270629772],[77.27441800104552,28.577450733940502],[77.27481505392748,28.576902715560173]]},"properties":{"id":"L01801","strahler":2,"length_m":376.3,"drop_m":0.33,"gradient":0.00089,"area_ha":21.46,"on_drain_share":0.0,"downstream":null}},{"type":"Feature","geometry":{"type":"LineString","coordinates":[[77.17336027396293,28.57901765483593],[77.17397337807832,28.579007828225592],[77.17470165965405,28.579627760649636]]},"properties":{"id":"L01782","strahler":1,"length_m":159.0,"drop_m":1.4,"gradient":0.00882,"area_ha":6.45,"on_drain_share":0.0,"downstream":"L01772"}},{"type":"Feature","geometry":{"type":"LineString","coordinates":[[77.24815092787762,28.57752779773663],[77.24846321733007,28.577793302735145],[77.24887192793896,28.57778652599874],[77.24908012240323,28.577963528211672],[77.24969318899039,28.57795335980344],[77.25021175993109,28.57830566580703],[77.25051829401751,28.57830057933675]]},"properties":{"id":"L01785","strahler":2,"length_m":267.3,"drop_m":0.5,"gradient":0.00187,"area_ha":16.93,"on_drain_share":0.0,"downstream":"L01762"}},{"type":"Feature","geometry":{"type":"LineString","coordinates":[[77.20279832462253,28.57899384788176],[77.2022761359644,28.578460955145758],[77.20227237652985,28.578280558366583],[77.20257328068456,28.57800498508082]]},"properties":{"id":"L01800","strahler":4,"length_m":143.1,"drop_m":-1.35,"gradient":0.0,"area_ha":316.89,"on_drain_share":0.0,"downstream":"L01790"}},{"type":"Feature","geometry":{"type":"LineString","coordinates":[[77.17924043315939,28.57666755363666],[77.17933889450146,28.57648551215488],[77.18056506817557,28.576465803728798],[77.18076384670263,28.576191918762127],[77.1816834736458,28.57617712896131],[77.18230773306445,28.5767084633778],[77.18231332076752,28.576979062231278],[77.18262731655899,28.57733492774451],[77.18263476813111,28.577695726102878],[77.18273881326392,28.57778428119157],[77.18314754205184,28.577777702432392],[77.1834615430817,28.57813356569178],[77.18377181838828,28.578309029073157],[77.18397618367261,28.578305738236374],[77.18439237200663,28.578659953523864],[77.18480110372813,28.57865336959985],[77.18510205718728,28.57837783256808],[77.18551078762421,28.578371246565506],[77.18571888398856,28.578548351885086],[77.18633198032838,28.57853846957918],[77.18653447940703,28.578444975521055],[77.18695067635348,28.578799182448172],[77.18797250499692,28.57878270099273],[77.18849089099861,28.579135254251373],[77.18869525723485,28.57913195622003]]},"properties":{"id":"L01788","strahler":1,"length_m":1179.1,"drop_m":7.31,"gradient":0.0062,"area_ha":27.93,"on_drain_share":0.0,"downstream":"L01796"}},{"type":"Feature","geometry":{"type":"LineString","coordinates":[[77.18869525723485,28.57913195622003],[77.18909651551328,28.578764562513705],[77.18909277851931,28.578584164145227],[77.18939371992937,28.578308618202847],[77.19000681337066,28.57829871936788],[77.19042115098108,28.578562715929856]]},"properties":{"id":"L01796","strahler":2,"length_m":231.4,"drop_m":2.06,"gradient":0.0089,"area_ha":126.16,"on_drain_share":0.0,"downstream":"L01740"}},{"type":"Feature","geometry":{"type":"LineString","coordinates":[[77.19304981426639,28.5771667961998],[77.19284919560258,28.577350498535065],[77.19336571714774,28.57761283376542],[77.19448971116249,28.577594651287743],[77.19468845406786,28.577320747797938],[77.19489281594741,28.577317440623272],[77.19520497953864,28.57758307577788],[77.19521247410785,28.57794387108359],[77.19646114873211,28.579006403196615],[77.1965633311836,28.57900474822381]]},"properties":{"id":"L01789","strahler":1,"length_m":521.1,"drop_m":1.5,"gradient":0.00288,"area_ha":19.0,"on_drain_share":0.0,"downstream":"L01755"}},{"type":"Feature","geometry":{"type":"LineString","coordinates":[[77.20257328068456,28.57800498508082],[77.20308794669005,28.578177083386347],[77.20381638211902,28.578796850399282],[77.20534910735556,28.578771934815986],[77.20545317143198,28.578860471352566],[77.2056575348066,28.578857147802]]},"properties":{"id":"L01790","strahler":4,"length_m":341.4,"drop_m":1.01,"gradient":0.00297,"area_ha":324.39,"on_drain_share":0.0,"downstream":"L01750"}},{"type":"Feature","geometry":{"type":"LineString","coordinates":[[77.20500868587285,28.57715335121871],[77.20502374178955,28.577874937092343],[77.20512780467386,28.577963473953204],[77.20513156893092,28.578143870393454],[77.20575595104091,28.578675089566556],[77.2056575348066,28.578857147802]]},"properties":{"id":"L01791","strahler":2,"length_m":223.1,"drop_m":0.21,"gradient":0.00096,"area_ha":22.19,"on_drain_share":0.0,"downstream":"L01750"}},{"type":"Feature","geometry":{"type":"LineString","coordinates":[[77.2206516126035,28.577349263269905],[77.2212760627292,28.577880406946676],[77.22127985452543,28.57806080141634],[77.22190431206683,28.578591941738782]]},"properties":{"id":"L01792","strahler":2,"length_m":189.7,"drop_m":-0.83,"gradient":0.0,"area_ha":91.87,"on_drain_share":0.0,"downstream":"L01771"}},{"type":"Feature","geometry":{"type":"LineString","coordinates":[[77.22250411488507,28.577950515829727],[77.2220008026943,28.578319676075584],[77.22190431206683,28.578591941738782]]},"properties":{"id":"L01793","strahler":1,"length_m":100.7,"drop_m":1.9,"gradient":0.01891,"area_ha":7.25,"on_drain_share":0.0,"downstream":"L01771"}},{"type":"Feature","geometry":{"type":"LineString","coordinates":[[77.26992033289861,28.57743586180668],[77.27012080946618,28.577252052883974],[77.27062781157277,28.577063112001994],[77.27183064872827,28.575960248865393]]},"properties":{"id":"L01812","strahler":3,"length_m":256.3,"drop_m":-1.09,"gradient":0.0,"area_ha":256.58,"on_drain_share":0.0,"downstream":"L01817"}},{"type":"Feature","geometry":{"type":"LineString","coordinates":[[77.22015777084586,28.578169403387086],[77.22035834060287,28.577985663183462],[77.22034886513786,28.577534676712027],[77.2206516126035,28.577349263269905]]},"properties":{"id":"L01803","strahler":1,"length_m":116.6,"drop_m":2.92,"gradient":0.02505,"area_ha":4.67,"on_drain_share":0.0,"downstream":"L01792"}},{"type":"Feature","geometry":{"type":"LineString","coordinates":[[77.24475607735907,28.576501301066592],[77.24496617869723,28.5767685059531],[77.24497001073615,28.576948897532123],[77.24537871906263,28.576942131499976],[77.24557924008977,28.5767583565195],[77.24588577066712,28.57675328076523],[77.24630598099084,28.577287686246024],[77.24702122210472,28.57727583771277],[77.24743760379796,28.57762984794683],[77.24794849160769,28.577621380739952],[77.24815092787762,28.57752779773663]]},"properties":{"id":"L01798","strahler":1,"length_m":433.8,"drop_m":2.69,"gradient":0.00619,"area_ha":10.02,"on_drain_share":0.0,"downstream":"L01785"}},{"type":"Feature","geometry":{"type":"LineString","coordinates":[[77.18998064476787,28.577035931361763],[77.1901906146806,28.577303228722126],[77.1900049441289,28.57820852023311],[77.19042115098108,28.578562715929856]]},"properties":{"id":"L01797","strahler":2,"length_m":203.1,"drop_m":0.55,"gradient":0.0027,"area_ha":13.8,"on_drain_share":0.0,"downstream":"L01740"}},{"type":"Feature","geometry":{"type":"LineString","coordinates":[[77.24783863999168,28.57726229192088],[77.24815092787762,28.57752779773663]]},"properties":{"id":"L01799","strahler":1,"length_m":42.4,"drop_m":-0.29,"gradient":0.0,"area_ha":4.25,"on_drain_share":0.0,"downstream":"L01785"}},{"type":"Feature","geometry":{"type":"LineString","coordinates":[[77.20206237523847,28.578013281541782],[77.20257328068456,28.57800498508082]]},"properties":{"id":"L01802","strahler":1,"length_m":50.0,"drop_m":-0.85,"gradient":0.0,"area_ha":4.36,"on_drain_share":0.0,"downstream":"L01790"}},{"type":"Feature","geometry":{"type":"LineString","coordinates":[[77.27552251003081,28.576529941358935],[77.27551862593492,28.576349553580595],[77.27561885817013,28.576257645332493],[77.27560914769613,28.57580667588892]]},"properties":{"id":"L01818","strahler":1,"length_m":84.1,"drop_m":0.18,"gradient":0.00212,"area_ha":7.93,"on_drain_share":0.0,"downstream":"L01825"}},{"type":"Feature","geometry":{"type":"LineString","coordinates":[[77.27183064872827,28.575960248865393],[77.27193476192436,28.576048731420336],[77.27275215624192,28.576035036082136],[77.27285045102751,28.575852935692595],[77.27305479915188,28.57584951096149],[77.27326302740067,28.576026473998407],[77.27377389833651,28.576017909993638],[77.27418841758113,28.576281639337328],[77.27439276634378,28.57627821254446],[77.27460099758248,28.576455173340268],[77.2749075211281,28.576450032075233],[77.27560914769613,28.57580667588892]]},"properties":{"id":"L01817","strahler":4,"length_m":446.3,"drop_m":2.48,"gradient":0.00556,"area_ha":336.46,"on_drain_share":0.0,"downstream":"L01825"}},{"type":"Feature","geometry":{"type":"LineString","coordinates":[[77.21816144690267,28.575585445770713],[77.21836580218957,28.57558210342863],[77.2188861586695,28.576024733281212],[77.21950680364843,28.576375491386766],[77.2206516126035,28.577349263269905]]},"properties":{"id":"L01804","strahler":2,"length_m":322.8,"drop_m":-0.62,"gradient":0.0,"area_ha":85.21,"on_drain_share":0.0,"downstream":"L01792"}},{"type":"Feature","geometry":{"type":"LineString","coordinates":[[77.19639178675472,28.57566904914003],[77.19720922036143,28.57565580903274],[77.19762356359583,28.575919783254115],[77.19762543915903,28.576009981958006],[77.19732265131023,28.57619534601189],[77.19743420814704,28.5766446840871],[77.19713891909991,28.57719084269451],[77.19745108758023,28.577456472391482],[77.19765732505248,28.57754335972325],[77.19837259155884,28.577531767534612],[77.19867350450332,28.577256202437532]]},"properties":{"id":"L01806","strahler":1,"length_m":486.3,"drop_m":0.96,"gradient":0.00197,"area_ha":10.04,"on_drain_share":0.0,"downstream":"L01756"}},{"type":"Feature","geometry":{"type":"LineString","coordinates":[[77.27692574767353,28.575243219794604],[77.27713398070594,28.57542017659838],[77.27713786740775,28.575600564198446],[77.27796886391062,28.57621819391408],[77.2783678378577,28.57576036006858],[77.27836394903184,28.575579972627406],[77.27815376953413,28.575312824114224],[77.2784525112243,28.574946900122793],[77.27865685680052,28.5749434670545],[77.27875708489022,28.574851556698885],[77.27896143023878,28.574848123182367],[77.27916966562664,28.57502507671837],[77.27967858414527,28.574926297102778],[77.27998899365946,28.57510153187367],[77.2801933393155,28.575098096474633],[77.28040157715273,28.575275047966446],[77.28060592308526,28.57527161192708],[77.28090465577866,28.574905683018255],[77.28089297683957,28.574364521568377],[77.28129387783702,28.57399687367814]]},"properties":{"id":"L01841","strahler":4,"length_m":746.7,"drop_m":0.48,"gradient":0.00064,"area_ha":444.22,"on_drain_share":0.0,"downstream":"L01856"}},{"type":"Feature","geometry":{"type":"LineString","coordinates":[[77.24097935930985,28.57674421379882],[77.24067282772641,28.576749278467855],[77.24046464896574,28.57657226238812],[77.23995376359996,28.57658070113472]]},"properties":{"id":"L01811","strahler":1,"length_m":108.3,"drop_m":-0.01,"gradient":0.0,"area_ha":4.55,"on_drain_share":0.0,"downstream":"L01808"}},{"type":"Feature","geometry":{"type":"LineString","coordinates":[[77.23806300352067,28.57417576638116],[77.23817090846981,28.57444466907089],[77.23869133657377,28.574887218648158],[77.23870662092514,28.57560878823861],[77.23881070783447,28.57569729782098],[77.23893581392642,28.576777965194513]]},"properties":{"id":"L01807","strahler":1,"length_m":323.1,"drop_m":-0.11,"gradient":0.0,"area_ha":13.25,"on_drain_share":0.0,"downstream":"L01744"}},{"type":"Feature","geometry":{"type":"LineString","coordinates":[[77.23995376359996,28.57658070113472],[77.23913634655783,28.576594199133105],[77.23893581392642,28.576777965194513]]},"properties":{"id":"L01808","strahler":2,"length_m":108.3,"drop_m":2.58,"gradient":0.0238,"area_ha":36.78,"on_drain_share":0.0,"downstream":"L01744"}},{"type":"Feature","geometry":{"type":"LineString","coordinates":[[77.19288213026914,28.574011483632006],[77.19308274293779,28.57382778151429],[77.19328709828694,28.57382447712617],[77.19358801541077,28.573548923031705],[77.19379237015174,28.57354561791208],[77.19420856941677,28.573899802514596],[77.19430887451651,28.57380795057459],[77.19481976230854,28.573799684416965],[77.19502786373509,28.57397677519402],[77.1953343967775,28.57397181407915],[77.19573935979179,28.573784800491747],[77.19594746262979,28.573961889774473],[77.19625399543966,28.57395692658466],[77.19635429870509,28.57386507322621],[77.19645835060317,28.573953617407213],[77.19707141588691,28.57394368803049],[77.19738544926216,28.574299517277243],[77.19779416056794,28.574292895134782],[77.19789821404194,28.57438143811602],[77.19810256979991,28.57437812641764],[77.19830317349758,28.574194417041987],[77.19850940502113,28.574281303426748],[77.19882156761179,28.574546930355353],[77.19882532057686,28.574727327652933],[77.19892937531317,28.57481586976645],[77.19822913554317,28.575549053309643],[77.19823663979857,28.57590984799008],[77.1985506832213,28.57626567390582],[77.19845037984743,28.576357528879797],[77.1984560087811,28.576628124819585],[77.19856006521256,28.57671666710791],[77.19835945750664,28.576900377038704],[77.19836321004986,28.57708077432981],[77.19867350450332,28.577256202437532]]},"properties":{"id":"L01809","strahler":1,"length_m":1086.4,"drop_m":5.81,"gradient":0.00535,"area_ha":23.46,"on_drain_share":0.0,"downstream":"L01756"}},{"type":"Feature","geometry":{"type":"LineString","coordinates":[[77.22584564221167,28.576452064367437],[77.22626195412738,28.576806143833984],[77.2273859145573,28.576787689333877]]},"properties":{"id":"L01810","strahler":1,"length_m":166.6,"drop_m":1.17,"gradient":0.007,"area_ha":6.61,"on_drain_share":0.0,"downstream":"L01757"}},{"type":"Feature","geometry":{"type":"LineString","coordinates":[[77.2022235070254,28.57593539975941],[77.20253380376909,28.57611081888961],[77.20253756331115,28.57629121569467],[77.2028516217462,28.576647030768683],[77.20315440026006,28.57646165483634],[77.20346093882952,28.576456674969705],[77.20366905935859,28.57663375133269],[77.20407777795732,28.576627109770147],[77.20427837463443,28.5764433919437],[77.20448273349919,28.57644007041864],[77.20500304004682,28.576882756494424],[77.20500868587285,28.57715335121871]]},"properties":{"id":"L01813","strahler":1,"length_m":396.3,"drop_m":2.63,"gradient":0.00663,"area_ha":12.22,"on_drain_share":0.0,"downstream":"L01791"}},{"type":"Feature","geometry":{"type":"LineString","coordinates":[[77.20610630626854,28.5758722980366],[77.20590571397663,28.576056018348154],[77.20590947926291,28.576236414744407],[77.20500868587285,28.57715335121871]]},"properties":{"id":"L01814","strahler":1,"length_m":185.6,"drop_m":1.43,"gradient":0.00773,"area_ha":6.14,"on_drain_share":0.0,"downstream":"L01791"}},{"type":"Feature","geometry":{"type":"LineString","coordinates":[[77.22609518188482,28.573741123971544],[77.22610088094665,28.57401171495182],[77.22703756551779,28.57480839130734],[77.22703946608432,28.574898588229985],[77.22734979684095,28.575073948460343],[77.22735740030859,28.57543473605214],[77.22705277029463,28.575529966651647],[77.2269543944171,28.575712038235004],[77.22707367777568,28.5765221326126],[77.2273859145573,28.576787689333877]]},"properties":{"id":"L01815","strahler":1,"length_m":440.4,"drop_m":7.78,"gradient":0.01767,"area_ha":15.42,"on_drain_share":0.0,"downstream":"L01757"}},{"type":"Feature","geometry":{"type":"LineString","coordinates":[[77.24339331695907,28.574899753549087],[77.2425893118252,28.57554464325511],[77.24218252165991,28.575641596563],[77.24148068000157,28.576284791097997],[77.24127441375904,28.576197972300076],[77.24066135380423,28.576208102103088],[77.24036055984648,28.576483754212113],[77.2400540288881,28.576488817441184],[77.23995376359996,28.57658070113472]]},"properties":{"id":"L01816","strahler":2,"length_m":422.8,"drop_m":0.13,"gradient":0.0003,"area_ha":30.58,"on_drain_share":0.0,"downstream":"L01808"}},{"type":"Feature","geometry":{"type":"LineString","coordinates":[[77.27130233190077,28.575157058053787],[77.27131008535831,28.57551783472676],[77.27183064872827,28.575960248865393]]},"properties":{"id":"L01819","strahler":3,"length_m":110.7,"drop_m":-0.24,"gradient":0.0,"area_ha":75.73,"on_drain_share":0.0,"downstream":"L01817"}},{"type":"Feature","geometry":{"type":"LineString","coordinates":[[77.27560914769613,28.57580667588892],[77.27641099618927,28.575071407753654],[77.27661534229684,28.575067977746063],[77.27692574767353,28.575243219794604]]},"properties":{"id":"L01825","strahler":4,"length_m":171.4,"drop_m":-0.23,"gradient":0.0,"area_ha":357.18,"on_drain_share":0.0,"downstream":"L01841"}},{"type":"Feature","geometry":{"type":"LineString","coordinates":[[77.18865415909472,28.577147573452258],[77.18896070263968,28.577142626234707],[77.18915945968457,28.57686873009829],[77.18977254487281,28.57685883277637],[77.18998064476787,28.577035931361763]]},"properties":{"id":"L01821","strahler":1,"length_m":156.6,"drop_m":1.73,"gradient":0.01102,"area_ha":5.02,"on_drain_share":0.0,"downstream":"L01797"}},{"type":"Feature","geometry":{"type":"LineString","coordinates":[[77.27374479147906,28.574664999778697],[77.27426730077846,28.57519759826206],[77.27447164743491,28.57519417146888],[77.2746798765273,28.575371132283305],[77.27519268547745,28.57545275704691],[77.27560914769613,28.57580667588892]]},"properties":{"id":"L01820","strahler":1,"length_m":239.7,"drop_m":0.49,"gradient":0.00203,"area_ha":10.17,"on_drain_share":0.0,"downstream":"L01825"}},{"type":"Feature","geometry":{"type":"LineString","coordinates":[[77.18996382298386,28.576224138936343],[77.18998064476787,28.577035931361763]]},"properties":{"id":"L01822","strahler":1,"length_m":90.0,"drop_m":1.83,"gradient":0.02037,"area_ha":6.45,"on_drain_share":0.0,"downstream":"L01797"}},{"type":"Feature","geometry":{"type":"LineString","coordinates":[[77.2503584965128,28.575596411339998],[77.25077296073185,28.575860215703855],[77.25097731199293,28.575856824219834],[77.25108140876735,28.575945323785568],[77.25159228715646,28.575936843314874],[77.25249456663977,28.57510981556911]]},"properties":{"id":"L01831","strahler":1,"length_m":263.8,"drop_m":1.0,"gradient":0.00378,"area_ha":12.58,"on_drain_share":0.0,"downstream":"L01846"}},{"type":"Feature","geometry":{"type":"LineString","coordinates":[[77.25866938830146,28.572300311066552],[77.25981448767085,28.573273734958217],[77.2598183444827,28.573454124784032],[77.25992244566118,28.573542617304657],[77.26012679115314,28.573539212293518],[77.26064730043728,28.57398167270188],[77.26126612814288,28.574242037767053],[77.26157843807108,28.574507511355243],[77.26188688900724,28.57459259459349],[77.26199099299501,28.57468108535056],[77.26200064493668,28.57513205913262],[77.26220885439317,28.57530904029739],[77.26272358787459,28.575480907514937],[77.263035905112,28.575746377286475],[77.26324025442237,28.57574296734724]]},"properties":{"id":"L01823","strahler":3,"length_m":642.5,"drop_m":0.42,"gradient":0.00065,"area_ha":211.02,"on_drain_share":0.0,"downstream":"L01795"}},{"type":"Feature","geometry":{"type":"LineString","coordinates":[[77.1735256831645,28.57712017690905],[77.17321357206428,28.576854488765406],[77.17341422602829,28.576670813675886],[77.17340866117128,28.57640021320537],[77.17278444559598,28.575868835250766]]},"properties":{"id":"L01838","strahler":1,"length_m":185.6,"drop_m":-0.07,"gradient":0.0,"area_ha":8.62,"on_drain_share":0.0,"downstream":"L01882"}},{"type":"Feature","geometry":{"type":"LineString","coordinates":[[77.26320548855743,28.574119463116975],[77.26320935128928,28.574299852497003],[77.26362770295975,28.574744005403236],[77.26363156651199,28.57492439471392],[77.26343108207863,28.57510819448425],[77.26343880866455,28.5754689731301],[77.26324025442237,28.57574296734724]]},"properties":{"id":"L01824","strahler":1,"length_m":213.1,"drop_m":1.05,"gradient":0.00491,"area_ha":6.86,"on_drain_share":0.0,"downstream":"L01795"}},{"type":"Feature","geometry":{"type":"LineString","coordinates":[[77.28509372413485,28.574835168080142],[77.28561433780682,28.575277526224287],[77.28592085558307,28.57527236027463],[77.28652413427059,28.57481106022683],[77.2870349946074,28.574802446629544],[77.28713521482814,28.574710530499388],[77.28733955870811,28.57470708438181],[77.28794087522654,28.574155585384673],[77.2884517318901,28.574146966633975],[77.28876215210545,28.57432218063075],[77.28896258832927,28.574138345962456],[77.28895086852594,28.573597187500305],[77.28955217021245,28.5730456821124],[77.28986258869799,28.57322089369554]]},"properties":{"id":"L01859","strahler":4,"length_m":650.1,"drop_m":0.45,"gradient":0.00069,"area_ha":513.6,"on_drain_share":0.0,"downstream":"L01857"}},{"type":"Feature","geometry":{"type":"LineString","coordinates":[[77.21562023922822,28.576258582369928],[77.21582459616835,28.576255243783205],[77.21592488343146,28.576163376788582],[77.21643577515106,28.57615502862373],[77.21653606176147,28.57606316121027],[77.21735348729489,28.5760497995852],[77.21745377296544,28.57595793154106],[77.21776030710978,28.575952919451733],[77.21816144690267,28.575585445770713]]},"properties":{"id":"L01832","strahler":1,"length_m":279.0,"drop_m":1.04,"gradient":0.00373,"area_ha":9.27,"on_drain_share":0.0,"downstream":"L01804"}},{"type":"Feature","geometry":{"type":"LineString","coordinates":[[77.20999852361587,28.576260075090293],[77.20968632936643,28.575994475790736],[77.20968255767445,28.57581407984833],[77.20957849346416,28.57572554655226],[77.20956529348514,28.575094160659805],[77.20904497839389,28.57465149255743],[77.2090393228254,28.574380898470977],[77.20954078036509,28.57392158668875],[77.20953889480113,28.573831388681782],[77.20984542442439,28.57382639481112],[77.21014629576341,28.57355080633183]]},"properties":{"id":"L01864","strahler":1,"length_m":400.4,"drop_m":0.56,"gradient":0.00141,"area_ha":13.93,"on_drain_share":0.0,"downstream":"L01869"}},{"type":"Feature","geometry":{"type":"LineString","coordinates":[[77.26751803574922,28.575039926787124],[77.26783036285215,28.57530538491879],[77.26803471063106,28.575301967807388],[77.26843566247692,28.57493435525933],[77.26842791901409,28.574573577835046],[77.26852815622804,28.57448167455472],[77.26883467534687,28.574476547330836],[77.26903514867725,28.574292740151183],[77.26902933968745,28.57402215717198],[77.26933004767491,28.573746445957482],[77.26921819317656,28.57329718382768],[77.26952083537219,28.573111666622147]]},"properties":{"id":"L01861","strahler":1,"length_m":396.3,"drop_m":3.09,"gradient":0.00779,"area_ha":10.0,"on_drain_share":0.0,"downstream":"L01827"}},{"type":"Feature","geometry":{"type":"LineString","coordinates":[[77.27749908918177,28.568647061769557],[77.27812569531541,28.569268124796665],[77.27813735762537,28.569809287697463],[77.27793690905571,28.569993107069983],[77.27763040487204,28.569998254118055],[77.27753018003848,28.57009016349503],[77.27753795310993,28.570450938873584],[77.2772353335816,28.57063647281552],[77.27724310582352,28.570997248239156],[77.27714287974761,28.5710891573903],[77.27725476445431,28.571538411335],[77.27756904682488,28.571894040176463],[77.27757487715101,28.572164621633114],[77.27737248007627,28.57225824659695],[77.27717396889521,28.57253225895481],[77.27759042508039,28.572886172126076],[77.2775962557013,28.57315675353915],[77.27780448541351,28.57333370953275],[77.27781614804778,28.573874872230583],[77.27711649098988,28.574608432332713],[77.27692574767353,28.575243219794604]]},"properties":{"id":"L01826","strahler":2,"length_m":920.8,"drop_m":4.63,"gradient":0.00503,"area_ha":72.94,"on_drain_share":0.0,"downstream":"L01841"}},{"type":"Feature","geometry":{"type":"LineString","coordinates":[[77.26952083537219,28.573111666622147],[77.26992952193638,28.573104827479128],[77.270241848621,28.573370280104324],[77.27044619231827,28.573366859572545],[77.27065441129048,28.573543827201934],[77.27076627214922,28.573993087770628],[77.27056580254849,28.574176897315525],[77.27056967784532,28.574357285773026],[77.27077789908381,28.574534253066584],[77.27088588587206,28.574803124983003],[77.27130233190077,28.575157058053787]]},"properties":{"id":"L01827","strahler":3,"length_m":352.1,"drop_m":1.97,"gradient":0.00559,"area_ha":66.91,"on_drain_share":0.0,"downstream":"L01819"}},{"type":"Feature","geometry":{"type":"LineString","coordinates":[[77.27129457858578,28.574796281359685],[77.27130233190077,28.575157058053787]]},"properties":{"id":"L01828","strahler":1,"length_m":40.0,"drop_m":-0.12,"gradient":0.0,"area_ha":5.56,"on_drain_share":0.0,"downstream":"L01819"}},{"type":"Feature","geometry":{"type":"LineString","coordinates":[[77.28435902410624,28.573945282763898],[77.28436292289493,28.574125669493572],[77.28509372413485,28.574835168080142]]},"properties":{"id":"L01829","strahler":4,"length_m":129.0,"drop_m":-0.05,"gradient":0.0,"area_ha":492.77,"on_drain_share":0.0,"downstream":"L01859"}},{"type":"Feature","geometry":{"type":"LineString","coordinates":[[77.28525711510461,28.572937665533335],[77.28475601142729,28.57339723868402],[77.2846538405727,28.57339895976406],[77.28465773977591,28.573579346471075],[77.28455751826638,28.57367126084505],[77.28456336690427,28.573941840910962],[77.28477160915118,28.574118785429],[77.28488352999655,28.574568030861347],[77.28509372413485,28.574835168080142]]},"properties":{"id":"L01830","strahler":1,"length_m":265.6,"drop_m":0.45,"gradient":0.00168,"area_ha":7.75,"on_drain_share":0.0,"downstream":"L01859"}},{"type":"Feature","geometry":{"type":"LineString","coordinates":[[77.23482010281788,28.575492429388092],[77.23502064076577,28.57530866912076],[77.23512472447497,28.575397181726306]]},"properties":{"id":"L01833","strahler":1,"length_m":42.4,"drop_m":-0.23,"gradient":0.0,"area_ha":6.26,"on_drain_share":0.0,"downstream":null}},{"type":"Feature","geometry":{"type":"LineString","coordinates":[[77.23224282969586,28.574452137001707],[77.23255507213314,28.574717681506897],[77.23275942373998,28.574714317581314],[77.23327792615568,28.575066692576158],[77.23389098259173,28.57505659649915],[77.23399506515274,28.575145110041866],[77.23460812174288,28.57513501069966],[77.2347122049475,28.575223523652905],[77.23552961386952,28.57521005289492],[77.23584186640569,28.575475589215255]]},"properties":{"id":"L01834","strahler":2,"length_m":399.7,"drop_m":0.23,"gradient":0.00058,"area_ha":40.31,"on_drain_share":0.0,"downstream":"L01743"}},{"type":"Feature","geometry":{"type":"LineString","coordinates":[[77.2331940747939,28.571098043728544],[77.23402670268591,28.571806156192675],[77.23403814056078,28.572347335366583],[77.23466643608053,28.573058808587927],[77.23467597084479,28.573509790955654],[77.235092298124,28.573863842438726],[77.2350999276257,28.574224628187675],[77.2356222504324,28.574757386744327],[77.23562606621125,28.574937779532295],[77.23583423397643,28.575114803715913],[77.23584186640569,28.575475589215255]]},"properties":{"id":"L01835","strahler":3,"length_m":593.6,"drop_m":-1.03,"gradient":0.0,"area_ha":300.22,"on_drain_share":0.0,"downstream":"L01743"}},{"type":"Feature","geometry":{"type":"LineString","coordinates":[[77.25155385698994,28.574132935236893],[77.25218227614276,28.574844319886225],[77.25218612018595,28.575024710620728],[77.25249456663977,28.57510981556911]]},"properties":{"id":"L01836","strahler":2,"length_m":159.0,"drop_m":1.59,"gradient":0.00997,"area_ha":60.42,"on_drain_share":0.0,"downstream":"L01846"}},{"type":"Feature","geometry":{"type":"LineString","coordinates":[[77.25249456663977,28.57510981556911],[77.25279532333488,28.5748341384748],[77.25289173001012,28.57456185532523],[77.25369373756342,28.573826713081385],[77.25379591102781,28.573825015288627],[77.25442241865407,28.574446193592575]]},"properties":{"id":"L01846","strahler":2,"length_m":294.6,"drop_m":0.81,"gradient":0.00276,"area_ha":76.82,"on_drain_share":0.0,"downstream":"L01765"}},{"type":"Feature","geometry":{"type":"LineString","coordinates":[[77.21753702581047,28.575054285959762],[77.21816144690267,28.575585445770713]]},"properties":{"id":"L01837","strahler":2,"length_m":84.9,"drop_m":1.43,"gradient":0.01685,"area_ha":65.0,"on_drain_share":0.0,"downstream":"L01804"}},{"type":"Feature","geometry":{"type":"LineString","coordinates":[[77.17380811081875,28.575942662152165],[77.1736037487165,28.575945937427296],[77.17319131498101,28.57577208669747],[77.17288477218361,28.575776998074762],[77.17278444559598,28.575868835250766]]},"properties":{"id":"L01842","strahler":1,"length_m":112.4,"drop_m":-2.46,"gradient":0.0,"area_ha":5.43,"on_drain_share":0.0,"downstream":"L01882"}},{"type":"Feature","geometry":{"type":"LineString","coordinates":[[77.2414500731432,28.574841654720643],[77.24165059769823,28.574657885340745],[77.2423658233104,28.574646062338612],[77.24246608465617,28.57455417705652],[77.24267043456031,28.574550798223243],[77.24277452346672,28.574639304646848],[77.2431832234823,28.574632545725596],[77.24339331695907,28.574899753549087]]},"properties":{"id":"L01839","strahler":1,"length_m":224.9,"drop_m":2.93,"gradient":0.01303,"area_ha":6.23,"on_drain_share":0.0,"downstream":"L01816"}},{"type":"Feature","geometry":{"type":"LineString","coordinates":[[77.23994698196553,28.571437833856603],[77.24024967518856,28.571252379375554],[77.24056766194931,28.571788493349615],[77.24140034179872,28.57249655738836],[77.24252424478931,28.572477980048173],[77.2427247631692,28.572294209375535],[77.24303702345951,28.572559728696092],[77.24304085153842,28.57274012062593],[77.2432490263186,28.572917133022028],[77.24325476907778,28.57318772086119],[77.24356703341547,28.573453238706037],[77.24357277711617,28.573723826464757],[77.24337417219446,28.57399779435241],[77.24337800107699,28.57417818620229],[77.24358809403851,28.574445393763384],[77.24339331695907,28.574899753549087]]},"properties":{"id":"L01840","strahler":1,"length_m":710.1,"drop_m":1.15,"gradient":0.00162,"area_ha":18.12,"on_drain_share":0.0,"downstream":"L01816"}},{"type":"Feature","geometry":{"type":"LineString","coordinates":[[77.17278444559598,28.575868835250766],[77.17247048608318,28.57551294482709],[77.17246121583496,28.57506194367641],[77.17276404808392,28.574876632935155],[77.17285695647243,28.574423994949758],[77.17335858091113,28.57396480844016],[77.17335116214191,28.573604007652975],[77.17314309551188,28.57342688156977]]},"properties":{"id":"L01882","strahler":2,"length_m":333.8,"drop_m":3.14,"gradient":0.00939,"area_ha":19.74,"on_drain_share":0.0,"downstream":"L01885"}},{"type":"Feature","geometry":{"type":"LineString","coordinates":[[77.20179224158078,28.574859654098255],[77.20220847142969,28.575213812317084],[77.20221035084893,28.575304010751967],[77.20261342543354,28.5750267786304],[77.20322649439892,28.575016821105404],[77.20332679217894,28.574924962878193],[77.20331739055545,28.574473971004817],[77.20341580739236,28.574291914362473],[77.2038188748852,28.574014679004016],[77.2038151135125,28.573834282294264],[77.20431659270729,28.573374988697886]]},"properties":{"id":"L01871","strahler":1,"length_m":410.4,"drop_m":2.83,"gradient":0.0069,"area_ha":9.15,"on_drain_share":0.0,"downstream":"L01913"}},{"type":"Feature","geometry":{"type":"LineString","coordinates":[[77.28067500889706,28.573736602765894],[77.280987362767,28.574002028966312],[77.28129387783702,28.57399687367814]]},"properties":{"id":"L01843","strahler":2,"length_m":72.4,"drop_m":0.04,"gradient":0.00051,"area_ha":13.16,"on_drain_share":0.0,"downstream":"L01856"}},{"type":"Feature","geometry":{"type":"LineString","coordinates":[[77.28129387783702,28.57399687367814],[77.28139410265133,28.573904961542244],[77.2815984457947,28.573901524158448],[77.28179889451752,28.573717699408963],[77.2823078036458,28.57361891040159],[77.28250825055696,28.57343508469677],[77.28261431732273,28.57361375219387],[77.28282060777823,28.573700506471592],[77.28312712158188,28.57369534709215],[77.28352996058086,28.57341788657358],[77.2837343024782,28.573414446026966]]},"properties":{"id":"L01856","strahler":4,"length_m":295.6,"drop_m":0.77,"gradient":0.00261,"area_ha":464.0,"on_drain_share":0.0,"downstream":"L01848"}},{"type":"Feature","geometry":{"type":"LineString","coordinates":[[77.21443202114229,28.57321021747825],[77.21473854794971,28.573205212653807],[77.21609141461103,28.57435608600668],[77.21640172731423,28.574531472411834],[77.21660608080825,28.57452813283215],[77.2170185716901,28.57470184783156],[77.21753702581047,28.575054285959762]]},"properties":{"id":"L01844","strahler":2,"length_m":387.0,"drop_m":-0.79,"gradient":0.0,"area_ha":35.87,"on_drain_share":0.0,"downstream":"L01837"}},{"type":"Feature","geometry":{"type":"LineString","coordinates":[[77.22243203736237,28.57452302280372],[77.22180760285292,28.573991883431887],[77.22109047620121,28.573913400532177],[77.22067419258453,28.573559303448057],[77.22046226214857,28.573201859668377],[77.22044710380958,28.57248028084063],[77.22064766293295,28.572296540692623],[77.2204395248491,28.5721194913952],[77.21992865401428,28.572127853557923],[77.2194272523335,28.572587200915066],[77.21871202944894,28.572598902244508],[77.21830900932233,28.572876179487192],[77.21831279526984,28.57305657445343],[77.21841686353744,28.573145100816568],[77.21781516721515,28.573696311418235],[77.2178303083597,28.5744178914063],[77.2175294559693,28.574693495938273],[77.21753702581047,28.575054285959762]]},"properties":{"id":"L01845","strahler":1,"length_m":925.0,"drop_m":7.05,"gradient":0.00762,"area_ha":28.16,"on_drain_share":0.0,"downstream":"L01837"}},{"type":"Feature","geometry":{"type":"LineString","coordinates":[[77.25519362293852,28.57226791964897],[77.25499890032499,28.572722293218057],[77.25459790667686,28.573089868289337],[77.25420075750307,28.573637832833676],[77.25420460479701,28.573818223349196],[77.25441279930592,28.573995217403365],[77.25442241865407,28.574446193592575]]},"properties":{"id":"L01847","strahler":1,"length_m":289.7,"drop_m":0.99,"gradient":0.00343,"area_ha":8.92,"on_drain_share":0.0,"downstream":"L01765"}},{"type":"Feature","geometry":{"type":"LineString","coordinates":[[77.2837343024782,28.573414446026966],[77.28435902410624,28.573945282763898]]},"properties":{"id":"L01848","strahler":4,"length_m":84.9,"drop_m":-0.84,"gradient":0.0,"area_ha":484.43,"on_drain_share":0.0,"downstream":"L01829"}},{"type":"Feature","geometry":{"type":"LineString","coordinates":[[77.2844358531257,28.57277104808759],[77.2845399728366,28.572859520575992],[77.28433953070031,28.57304334903626],[77.28434342930981,28.573223735792357],[77.28414493532745,28.573497757398023],[77.28414883367854,28.57367814416658],[77.28435902410624,28.573945282763898]]},"properties":{"id":"L01849","strahler":1,"length_m":159.0,"drop_m":1.37,"gradient":0.00859,"area_ha":6.23,"on_drain_share":0.0,"downstream":"L01829"}},{"type":"Feature","geometry":{"type":"LineString","coordinates":[[77.22763874474424,28.569384830133437],[77.2272357615999,28.56966213205773],[77.22703901966008,28.570026275081798],[77.22673820444327,28.570301898191094],[77.22674390433683,28.57057248918994],[77.22737594288697,28.57146439361112],[77.22789821421726,28.571997185060436],[77.22790581858501,28.572357972680912],[77.22832402133727,28.572802243401522],[77.22833352895229,28.573253227739404],[77.22854168177324,28.573430264028953],[77.22854738702168,28.57370085457043],[77.22875934503897,28.57405828410921],[77.22948789118242,28.57467790673124],[77.22999877101158,28.574669507899063],[77.23039986108697,28.57430200056781],[77.23121726529415,28.57428855618193],[77.23142542479657,28.57446558763543],[77.23224282969586,28.574452137001707]]},"properties":{"id":"L01850","strahler":1,"length_m":1035.7,"drop_m":1.96,"gradient":0.00189,"area_ha":26.72,"on_drain_share":0.0,"downstream":"L01834"}},{"type":"Feature","geometry":{"type":"LineString","coordinates":[[77.18309723461705,28.57534231396979],[77.18381249321563,28.575330799341685],[77.18401126105861,28.57505691014485],[77.1843177994948,28.575051973745495],[77.18471719494913,28.574594393306686],[77.1847116016476,28.574323794792733],[77.18511285751258,28.57395641287904],[77.18500694987688,28.573777659973985],[77.18499949142281,28.573416861979226],[77.18469295786615,28.57342179966098],[77.18438083204826,28.57315613803075],[77.18406311655016,28.572619876887412],[77.18426001522776,28.572255787974267],[77.18415411089498,28.57207703418974],[77.18413920099584,28.571355437587062],[77.18403329787006,28.57117668362582],[77.18413174625188,28.570994639254266],[77.18433423351287,28.570901149069016]]},"properties":{"id":"L01909","strahler":1,"length_m":725.3,"drop_m":4.79,"gradient":0.0066,"area_ha":17.82,"on_drain_share":0.0,"downstream":"L01925"}},{"type":"Feature","geometry":{"type":"LineString","coordinates":[[77.2803334685214,28.57211827123522],[77.28064581650771,28.572383698602163],[77.28065360094809,28.572744473074888],[77.28086572723414,28.57310181133371],[77.28066722406312,28.573375828351303],[77.28067500889706,28.573736602765894]]},"properties":{"id":"L01851","strahler":1,"length_m":209.0,"drop_m":0.34,"gradient":0.00163,"area_ha":5.42,"on_drain_share":0.0,"downstream":"L01843"}},{"type":"Feature","geometry":{"type":"LineString","coordinates":[[77.2811469346929,28.571924139839957],[77.28094648794081,28.572107963540827],[77.28125883733206,28.572373389409513],[77.28127051717827,28.57291455087995],[77.281376581334,28.57309321950724],[77.28067500889706,28.573736602765894]]},"properties":{"id":"L01852","strahler":1,"length_m":253.8,"drop_m":0.03,"gradient":0.00011,"area_ha":6.35,"on_drain_share":0.0,"downstream":"L01843"}},{"type":"Feature","geometry":{"type":"LineString","coordinates":[[77.231198224869,28.573386589385528],[77.23120203288403,28.573566982755334],[77.23224282969586,28.574452137001707]]},"properties":{"id":"L01853","strahler":1,"length_m":161.4,"drop_m":-1.89,"gradient":0.0,"area_ha":6.76,"on_drain_share":0.0,"downstream":"L01834"}},{"type":"Feature","geometry":{"type":"LineString","coordinates":[[77.2465204852159,28.57295321451294],[77.24672866588885,28.573130221209418],[77.24713735896191,28.573123450704852],[77.24723761455287,28.573031562187595],[77.24722994402002,28.572670779378342],[77.247634799267,28.572483616101323],[77.24877980577342,28.573457138796535],[77.24959719315198,28.573443584061838],[77.24980537966643,28.57362058567742],[77.25000972673557,28.573617195892734],[77.25051291233699,28.573247938122833],[77.25155385698994,28.574132935236893]]},"properties":{"id":"L01854","strahler":2,"length_m":662.5,"drop_m":2.58,"gradient":0.00389,"area_ha":49.7,"on_drain_share":0.0,"downstream":"L01836"}},{"type":"Feature","geometry":{"type":"LineString","coordinates":[[77.25181618236842,28.572053351907087],[77.25151350911698,28.572238831187594],[77.25152695797526,28.57287019926861],[77.25122620298953,28.573145873493875],[77.25123004513087,28.573326264392353],[77.25154232862883,28.573591762710695],[77.25155385698994,28.574132935236893]]},"properties":{"id":"L01855","strahler":1,"length_m":273.1,"drop_m":2.75,"gradient":0.01007,"area_ha":9.23,"on_drain_share":0.0,"downstream":"L01836"}},{"type":"Feature","geometry":{"type":"LineString","coordinates":[[77.25737582943376,28.573945934251306],[77.25736427136805,28.573404763883712],[77.25786550161571,28.572945285263607],[77.25786357491164,28.57285509022286],[77.25806791936589,28.5728516883867],[77.25866938830146,28.572300311066552]]},"properties":{"id":"L01876","strahler":1,"length_m":245.6,"drop_m":1.93,"gradient":0.00785,"area_ha":8.88,"on_drain_share":0.0,"downstream":"L01823"}},{"type":"Feature","geometry":{"type":"LineString","coordinates":[[77.28986258869799,28.57322089369554],[77.28986454272318,28.573311086723262],[77.28996671312025,28.573309361724878]]},"properties":{"id":"L01857","strahler":4,"length_m":20.0,"drop_m":0.29,"gradient":0.01427,"area_ha":520.11,"on_drain_share":0.0,"downstream":null}},{"type":"Feature","geometry":{"type":"LineString","coordinates":[[77.28516937103655,28.56887896466425],[77.28485702345262,28.56861354765238],[77.28455442300077,28.568799096949324],[77.28394142430454,28.56880941985206],[77.28344033281773,28.56926898760608],[77.28334206214858,28.5694510944516],[77.28335180303344,28.569902061884974],[77.28284096505257,28.56991066027185],[77.28214526350601,28.570824630324356],[77.28215110528134,28.57109521095979],[77.28235933779722,28.571272159802298],[77.28237491779369,28.571993707981594],[77.28247903508016,28.572082182204507],[77.28248487801439,28.572352762726744],[77.2837343024782,28.573414446026966]]},"properties":{"id":"L01858","strahler":1,"length_m":816.7,"drop_m":9.72,"gradient":0.0119,"area_ha":19.86,"on_drain_share":0.0,"downstream":"L01848"}},{"type":"Feature","geometry":{"type":"LineString","coordinates":[[77.2893341551052,28.57241777990436],[77.28975064882263,28.57277165342005],[77.28985281870669,28.572769928537102],[77.28985672667626,28.572950314604444],[77.28975651052947,28.57304223253838],[77.28986258869799,28.57322089369554]]},"properties":{"id":"L01860","strahler":1,"length_m":124.9,"drop_m":0.71,"gradient":0.0057,"area_ha":5.82,"on_drain_share":0.0,"downstream":"L01857"}},{"type":"Feature","geometry":{"type":"LineString","coordinates":[[77.17787304159235,28.574794693237358],[77.17857528455633,28.574151807230344],[77.17857156622637,28.573971407470932],[77.17887252441483,28.57369588393656],[77.17886880564816,28.57351548420078],[77.17947071638382,28.572964435410068],[77.17946885654244,28.572874235569095],[77.18007448117444,28.572503584057348],[77.180373570739,28.572137857775083],[77.1803698496523,28.571957458178492],[77.18087515040035,28.571678645671213],[77.18128199480955,28.57158187405693],[77.18158293913564,28.571306345169702]]},"properties":{"id":"L01901","strahler":1,"length_m":574.3,"drop_m":5.15,"gradient":0.00897,"area_ha":13.83,"on_drain_share":0.0,"downstream":"L01924"}},{"type":"Feature","geometry":{"type":"LineString","coordinates":[[77.18798318399918,28.574361287872534],[77.18808349524559,28.574269440225446],[77.18807229164236,28.573728244378646],[77.1884697979115,28.573180454660346],[77.18846419533595,28.57290985676942],[77.18804801822864,28.57255565321526],[77.18784553157388,28.572649148920657],[77.18733278042637,28.572567189147854],[77.18701878484092,28.572211334394755],[77.18701318620344,28.571940736202343]]},"properties":{"id":"L01894","strahler":1,"length_m":398.0,"drop_m":0.86,"gradient":0.00217,"area_ha":8.42,"on_drain_share":0.0,"downstream":"L01921"}},{"type":"Feature","geometry":{"type":"LineString","coordinates":[[77.26796697109351,28.572145163921384],[77.26837952559671,28.572318718454824],[77.26869184617733,28.57258417503222],[77.26899835976137,28.572579047748942],[77.26952083537219,28.573111666622147]]},"properties":{"id":"L01862","strahler":3,"length_m":201.4,"drop_m":1.81,"gradient":0.00901,"area_ha":51.29,"on_drain_share":0.0,"downstream":"L01827"}},{"type":"Feature","geometry":{"type":"LineString","coordinates":[[77.2460153692917,28.573232262407636],[77.24631613893928,28.572956598971597],[77.2465204852159,28.57295321451294]]},"properties":{"id":"L01868","strahler":1,"length_m":62.4,"drop_m":-0.58,"gradient":0.0,"area_ha":6.23,"on_drain_share":0.0,"downstream":"L01854"}},{"type":"Feature","geometry":{"type":"LineString","coordinates":[[77.26644987948545,28.57289233750129],[77.26665035441523,28.572708533744812]]},"properties":{"id":"L01863","strahler":1,"length_m":28.3,"drop_m":-1.25,"gradient":0.0,"area_ha":5.33,"on_drain_share":0.0,"downstream":"L01877"}},{"type":"Feature","geometry":{"type":"LineString","coordinates":[[77.21014629576341,28.57355080633183],[77.2103525344622,28.573637674237908],[77.21045282444743,28.573545811133833],[77.21044905183118,28.573365415219854],[77.21075180681136,28.573180023485556],[77.21095615847584,28.573176692557958],[77.21106022110365,28.573265224901895],[77.21157110050481,28.573256895822855],[77.21167516369837,28.573345427660914],[77.21177545220456,28.57325356365332],[77.21249068288039,28.57324189863938],[77.21269881085172,28.57341896072983],[77.21290316270864,28.573415626844856]]},"properties":{"id":"L01869","strahler":3,"length_m":327.3,"drop_m":3.89,"gradient":0.01187,"area_ha":509.59,"on_drain_share":0.0,"downstream":"L01873"}},{"type":"Feature","geometry":{"type":"LineString","coordinates":[[77.2127025873142,28.57359935636774],[77.21290316270864,28.573415626844856]]},"properties":{"id":"L01867","strahler":1,"length_m":28.3,"drop_m":-1.26,"gradient":0.0,"area_ha":4.92,"on_drain_share":0.0,"downstream":"L01873"}},{"type":"Feature","geometry":{"type":"LineString","coordinates":[[77.26272921628693,28.57096946633537],[77.26314368967675,28.571233232318896],[77.26325358467926,28.57159230645018],[77.26398036989389,28.572121538793127],[77.26469556734062,28.572109599063637],[77.26479967092715,28.57219808769859],[77.26530279445078,28.571828778247216],[77.26571147725343,28.57182195208682],[77.26602379001548,28.572087415292316],[77.26602765722885,28.57226780437405],[77.26654818293788,28.572710241155306],[77.26665035441523,28.572708533744812]]},"properties":{"id":"L01865","strahler":1,"length_m":525.3,"drop_m":1.36,"gradient":0.00259,"area_ha":12.54,"on_drain_share":0.0,"downstream":"L01877"}},{"type":"Feature","geometry":{"type":"LineString","coordinates":[[77.26665035441523,28.572708533744812],[77.26675059161913,28.572616631768454],[77.26736361972121,28.572606385269236],[77.26786480025376,28.572146872292457],[77.26796697109351,28.572145163921384]]},"properties":{"id":"L01877","strahler":2,"length_m":154.9,"drop_m":1.83,"gradient":0.01183,"area_ha":19.33,"on_drain_share":0.0,"downstream":"L01862"}},{"type":"Feature","geometry":{"type":"LineString","coordinates":[[77.20886363380119,28.570864838152122],[77.20886740332166,28.571045234325936],[77.20907740598928,28.571312500676324],[77.20909437106044,28.572124283246296],[77.20982090948796,28.57265382084313],[77.2098284523893,28.573014612856927],[77.20962787203676,28.57319833809296],[77.20994194326404,28.573554136079597],[77.21014629576341,28.57355080633183]]},"properties":{"id":"L01866","strahler":3,"length_m":383.8,"drop_m":1.74,"gradient":0.00453,"area_ha":493.0,"on_drain_share":0.0,"downstream":"L01869"}},{"type":"Feature","geometry":{"type":"LineString","coordinates":[[77.17254300136021,28.574068104404166],[77.17314495000028,28.573517081783365],[77.17314309551188,28.57342688156977]]},"properties":{"id":"L01881","strahler":1,"length_m":94.9,"drop_m":2.71,"gradient":0.02854,"area_ha":4.62,"on_drain_share":0.0,"downstream":"L01885"}},{"type":"Feature","geometry":{"type":"LineString","coordinates":[[77.21290316270864,28.573415626844856],[77.21320591313099,28.573230229860084]]},"properties":{"id":"L01873","strahler":3,"length_m":38.3,"drop_m":-1.8,"gradient":0.0,"area_ha":515.33,"on_drain_share":0.0,"downstream":null}},{"type":"Feature","geometry":{"type":"LineString","coordinates":[[77.24578802563518,28.57215329661591],[77.24599620348864,28.572330304613786],[77.24600195313707,28.57260089196577],[77.2465204852159,28.57295321451294]]},"properties":{"id":"L01870","strahler":2,"length_m":124.9,"drop_m":-0.72,"gradient":0.0,"area_ha":29.87,"on_drain_share":0.0,"downstream":"L01854"}},{"type":"Feature","geometry":{"type":"LineString","coordinates":[[77.17529998344874,28.573933686388393],[77.1758015944578,28.573474491509625],[77.17589448887009,28.573021852128537],[77.17516624898713,28.572401923462134],[77.17444915055792,28.5723231912939],[77.17384536045617,28.572784018878437],[77.17292761247408,28.572888954198245],[77.17272696434047,28.57307262831885]]},"properties":{"id":"L01888","strahler":1,"length_m":501.1,"drop_m":1.1,"gradient":0.00219,"area_ha":13.04,"on_drain_share":0.0,"downstream":"L01970"}},{"type":"Feature","geometry":{"type":"LineString","coordinates":[[77.18173538165028,28.573740094013363],[77.18193601437675,28.57355640735736],[77.18193042843282,28.57328580829924],[77.18213105999227,28.573102121408567],[77.18211430121025,28.572290324250197],[77.18190622356583,28.572113212244385],[77.18190249986853,28.57193281283167],[77.18158666219105,28.571486744637557],[77.18158293913564,28.571306345169702]]},"properties":{"id":"L01902","strahler":1,"length_m":307.3,"drop_m":1.47,"gradient":0.0048,"area_ha":8.2,"on_drain_share":0.0,"downstream":"L01924"}},{"type":"Feature","geometry":{"type":"LineString","coordinates":[[77.19924049923681,28.570118913095957],[77.19944484657371,28.570115599826725],[77.19964544022454,28.569931888929904],[77.20005413402974,28.56992526090416],[77.20026223557616,28.57010234367633],[77.20027537728268,28.570733733996168],[77.20069346294538,28.571178096826312],[77.20081441692363,28.572078424765],[77.20206307077342,28.57314090683348],[77.20267612903292,28.573130952393825],[77.2029882978221,28.573396569379348],[77.20360135718138,28.573386610678597],[77.20370165316788,28.57329475225657],[77.20431659270729,28.573374988697886]]},"properties":{"id":"L01872","strahler":3,"length_m":767.7,"drop_m":2.23,"gradient":0.0029,"area_ha":405.7,"on_drain_share":0.0,"downstream":"L01913"}},{"type":"Feature","geometry":{"type":"LineString","coordinates":[[77.20431659270729,28.573374988697886],[77.20461747813565,28.5730994117508],[77.20503182780949,28.573363362951717],[77.2071775305728,28.573328463120607],[77.2074784079647,28.57305288023922],[77.20746710567306,28.57251169135417],[77.20736304664872,28.57242315603574],[77.2073592794788,28.572242759715184],[77.20715116233491,28.57206568877659],[77.20602723666883,28.572083972912115],[77.20561100791726,28.57172982629443],[77.20560912587644,28.571639628018897],[77.20601029516904,28.571272188655453],[77.20600653048649,28.57109179213953],[77.20650798740316,28.570632491504625],[77.2073253765078,28.570619192593746],[77.20762624627368,28.57034360972857],[77.20803117148047,28.570156561287334]]},"properties":{"id":"L01913","strahler":3,"length_m":964.3,"drop_m":4.07,"gradient":0.00422,"area_ha":430.84,"on_drain_share":0.0,"downstream":"L01911"}},{"type":"Feature","geometry":{"type":"LineString","coordinates":[[77.21287106122072,28.571882263921818],[77.2130754100844,28.5718789299409],[77.21317947301763,28.57196746064604],[77.21320024724918,28.57295963647876],[77.21361272695633,28.573133362528054],[77.21443202114229,28.57321021747825]]},"properties":{"id":"L01874","strahler":1,"length_m":276.6,"drop_m":4.06,"gradient":0.01468,"area_ha":6.28,"on_drain_share":0.0,"downstream":"L01844"}},{"type":"Feature","geometry":{"type":"LineString","coordinates":[[77.21471964892847,28.572303235603236],[77.21411982602541,28.572944628397718],[77.21412171542717,28.573034826136826],[77.21443202114229,28.57321021747825]]},"properties":{"id":"L01875","strahler":2,"length_m":143.1,"drop_m":0.89,"gradient":0.00622,"area_ha":20.78,"on_drain_share":0.0,"downstream":"L01844"}},{"type":"Feature","geometry":{"type":"LineString","coordinates":[[77.27122674315957,28.571639484385372],[77.27194774961401,28.571898089177246],[77.27226007724384,28.57216353711005],[77.27276899052107,28.572064783816717],[77.27387346195577,28.571144006379782],[77.27428213967943,28.571137154558333],[77.274380427803,28.570955053346278],[77.27519001611205,28.57058056956282],[77.27539435371584,28.570577141884996],[77.27569503490834,28.570301417918692],[77.27568338485673,28.56976025413625],[77.27628279762162,28.569118610683837],[77.27627891342362,28.56893822280405]]},"properties":{"id":"L01915","strahler":2,"length_m":728.4,"drop_m":2.11,"gradient":0.0029,"area_ha":29.07,"on_drain_share":0.0,"downstream":"L01919"}},{"type":"Feature","geometry":{"type":"LineString","coordinates":[[77.25777302980948,28.568615921819987],[77.2591262721083,28.569766343428864],[77.25913012718493,28.56994673343372],[77.25933832130096,28.57012371998036],[77.25936145480551,28.571206059714765],[77.25886216663021,28.571755738138247],[77.25886602157468,28.571936128123173],[77.25856528940285,28.5722118174404],[77.25866938830146,28.572300311066552]]},"properties":{"id":"L01878","strahler":3,"length_m":509.4,"drop_m":2.35,"gradient":0.00462,"area_ha":177.02,"on_drain_share":0.0,"downstream":"L01823"}},{"type":"Feature","geometry":{"type":"LineString","coordinates":[[77.26187904668025,28.569449787068695],[77.26219134300561,28.56971526013017],[77.26209496430083,28.569987548473442],[77.26137977991631,28.569999473689816],[77.26097689033567,28.570276871059562],[77.26098074865041,28.570457260819992],[77.2608805080304,28.57054915872408],[77.26026748910002,28.570559375265876],[77.25896626528395,28.571844231553193],[77.25897012042014,28.572024621522782],[77.25866938830146,28.572300311066552]]},"properties":{"id":"L01879","strahler":1,"length_m":549.4,"drop_m":-0.11,"gradient":0.0,"area_ha":9.0,"on_drain_share":0.0,"downstream":"L01823"}},{"type":"Feature","geometry":{"type":"LineString","coordinates":[[77.26640346542645,28.570727669005127],[77.26650756890263,28.57081615634105],[77.26651143673709,28.57099654539605],[77.26713412790157,28.57143727293004],[77.26713993141924,28.571707856368203],[77.2672440364969,28.571796343037168],[77.26744837757823,28.571792927191115],[77.26796697109351,28.572145163921384]]},"properties":{"id":"L01880","strahler":2,"length_m":245.6,"drop_m":1.81,"gradient":0.00738,"area_ha":29.81,"on_drain_share":0.0,"downstream":"L01862"}},{"type":"Feature","geometry":{"type":"LineString","coordinates":[[77.19000432639854,28.57324591607052],[77.18990028030166,28.573157366592508],[77.18988906791795,28.572616171315605],[77.18998937585742,28.572524322417205],[77.18998563830803,28.57234392399076],[77.18988159316727,28.572255374438097],[77.18986664407821,28.57153378062012],[77.19006725790082,28.571350082873696],[77.19006165166358,28.57107948519937]]},"properties":{"id":"L01905","strahler":1,"length_m":260.7,"drop_m":2.93,"gradient":0.01125,"area_ha":6.94,"on_drain_share":0.0,"downstream":"L01945"}},{"type":"Feature","geometry":{"type":"LineString","coordinates":[[77.17314309551188,28.57342688156977],[77.17272696434047,28.57307262831885]]},"properties":{"id":"L01885","strahler":2,"length_m":56.6,"drop_m":0.09,"gradient":0.00156,"area_ha":25.25,"on_drain_share":0.0,"downstream":"L01970"}},{"type":"Feature","geometry":{"type":"LineString","coordinates":[[77.2444425470203,28.57136351937059],[77.24485889590778,28.571717539601224],[77.24578802563518,28.57215329661591]]},"properties":{"id":"L01883","strahler":1,"length_m":167.3,"drop_m":0.17,"gradient":0.00102,"area_ha":7.63,"on_drain_share":0.0,"downstream":"L01870"}},{"type":"Feature","geometry":{"type":"LineString","coordinates":[[77.24637805815958,28.57106079570862],[77.24648789692861,28.571419886654315],[77.24578802563518,28.57215329661591]]},"properties":{"id":"L01884","strahler":2,"length_m":153.1,"drop_m":-1.12,"gradient":0.0,"area_ha":20.82,"on_drain_share":0.0,"downstream":"L01870"}},{"type":"Feature","geometry":{"type":"LineString","coordinates":[[77.27039969554636,28.571202197232413],[77.27071201736042,28.571467649094522],[77.27101852727836,28.571462517431087],[77.27122674315957,28.571639484385372]]},"properties":{"id":"L01886","strahler":2,"length_m":100.7,"drop_m":1.33,"gradient":0.0132,"area_ha":11.47,"on_drain_share":0.0,"downstream":"L01915"}},{"type":"Feature","geometry":{"type":"LineString","coordinates":[[77.2712228671791,28.571459095937996],[77.27122674315957,28.571639484385372]]},"properties":{"id":"L01887","strahler":1,"length_m":20.0,"drop_m":-0.19,"gradient":0.0,"area_ha":4.03,"on_drain_share":0.0,"downstream":"L01915"}},{"type":"Feature","geometry":{"type":"LineString","coordinates":[[77.17272696434047,28.57307262831885],[77.17147858753526,28.572009859890645],[77.17208609139207,28.57172944308267],[77.17238706151862,28.571453933291995],[77.17237779318769,28.571002931846575],[77.17247811582264,28.570911095141756],[77.17226634913378,28.570553566678942],[77.17226078862632,28.57028296575801],[77.17356681689941,28.56917928511633]]},"properties":{"id":"L01970","strahler":2,"length_m":606.7,"drop_m":-0.83,"gradient":0.0,"area_ha":51.52,"on_drain_share":0.0,"downstream":"L01981"}},{"type":"Feature","geometry":{"type":"LineString","coordinates":[[77.2149088783659,28.571578317158366],[77.21491454829466,28.57184891028154],[77.21471397939148,28.57203264246244],[77.21471964892847,28.572303235603236]]},"properties":{"id":"L01889","strahler":1,"length_m":88.3,"drop_m":1.7,"gradient":0.01922,"area_ha":5.23,"on_drain_share":0.0,"downstream":"L01875"}},{"type":"Feature","geometry":{"type":"LineString","coordinates":[[77.2178492116682,28.570447529884007],[77.21785110405466,28.570537727428206],[77.21724752657096,28.5709987374823],[77.21694100668026,28.571003747621415],[77.21652663950039,28.5707398338714],[77.2163222933156,28.570743172927905],[77.2161141652552,28.57056611638081],[77.21580764638273,28.570571123890932],[77.2153062326085,28.57103045668428],[77.21531568401275,28.571481445131262],[77.21471964892847,28.572303235603236]]},"properties":{"id":"L01890","strahler":1,"length_m":487.0,"drop_m":1.68,"gradient":0.00345,"area_ha":14.57,"on_drain_share":0.0,"downstream":"L01875"}},{"type":"Feature","geometry":{"type":"LineString","coordinates":[[77.18651536528044,28.57258036846003],[77.18701318620344,28.571940736202343]]},"properties":{"id":"L01893","strahler":1,"length_m":90.7,"drop_m":-0.72,"gradient":0.0,"area_ha":6.13,"on_drain_share":0.0,"downstream":"L01921"}},{"type":"Feature","geometry":{"type":"LineString","coordinates":[[77.26946854872637,28.570676419779225],[77.27039969554636,28.571202197232413]]},"properties":{"id":"L01891","strahler":1,"length_m":114.9,"drop_m":1.84,"gradient":0.016,"area_ha":5.64,"on_drain_share":0.0,"downstream":"L01886"}},{"type":"Feature","geometry":{"type":"LineString","coordinates":[[77.27098946117032,28.570109603716052],[77.27078706134796,28.57020321898008],[77.27079868656024,28.570744384570382],[77.27039775829216,28.571112002951743],[77.27039969554636,28.571202197232413]]},"properties":{"id":"L01892","strahler":1,"length_m":150.7,"drop_m":2.02,"gradient":0.0134,"area_ha":5.09,"on_drain_share":0.0,"downstream":"L01886"}},{"type":"Feature","geometry":{"type":"LineString","coordinates":[[77.23207017928976,28.57111654298146],[77.23227833349725,28.57129357347008],[77.23289136847893,28.571283483123704],[77.2331940747939,28.571098043728544]]},"properties":{"id":"L01899","strahler":1,"length_m":126.6,"drop_m":0.31,"gradient":0.00248,"area_ha":8.91,"on_drain_share":0.0,"downstream":"L01835"}},{"type":"Feature","geometry":{"type":"LineString","coordinates":[[77.26443712454103,28.56958756042739],[77.26495183247903,28.569759420686392],[77.26557644305686,28.570290350834128],[77.26557837613338,28.57038054542751],[77.26598898669502,28.570463913319216],[77.26619912625523,28.570731083161764],[77.26640346542645,28.570727669005127]]},"properties":{"id":"L01895","strahler":1,"length_m":255.6,"drop_m":2.25,"gradient":0.0088,"area_ha":8.97,"on_drain_share":0.0,"downstream":"L01880"}},{"type":"Feature","geometry":{"type":"LineString","coordinates":[[77.18701318620344,28.571940736202343],[77.18741442511475,28.571573348286297],[77.18741255860566,28.571483148905546],[77.18761691020075,28.57147985330287],[77.18832093694004,28.5709271202929],[77.1883059993231,28.57020552557937],[77.18840630657901,28.57011367787201],[77.18830039785837,28.569934927540157]]},"properties":{"id":"L01921","strahler":2,"length_m":299.7,"drop_m":3.16,"gradient":0.01053,"area_ha":18.34,"on_drain_share":0.0,"downstream":"L01952"}},{"type":"Feature","geometry":{"type":"LineString","coordinates":[[77.24692015243137,28.56771339841543],[77.2465191467088,28.568080950348115],[77.24621455778846,28.568176221957092],[77.24601405315221,28.56835999711728],[77.2456053781706,28.568366763210513],[77.24520244970698,28.568644115732962],[77.24510411161937,28.568826198554135],[77.24510794263058,28.569006590327145],[77.24583654140594,28.569626122091876],[77.24574778434011,28.57025918449964],[77.24637805815958,28.57106079570862]]},"properties":{"id":"L01896","strahler":1,"length_m":543.6,"drop_m":2.3,"gradient":0.00422,"area_ha":12.87,"on_drain_share":0.0,"downstream":"L01884"}},{"type":"Feature","geometry":{"type":"LineString","coordinates":[[77.2474846829452,28.570230416554992],[77.24738443006554,28.570322305128887],[77.2470779184446,28.570327383226854],[77.24697383067863,28.570238880020028],[77.24637422465533,28.570880404147644],[77.24637805815958,28.57106079570862]]},"properties":{"id":"L01897","strahler":1,"length_m":173.1,"drop_m":1.11,"gradient":0.00641,"area_ha":5.7,"on_drain_share":0.0,"downstream":"L01884"}},{"type":"Feature","geometry":{"type":"LineString","coordinates":[[77.26909234471651,28.56743454983744],[77.26879358845244,28.567800454205333],[77.26880326664161,28.56825142631793],[77.26870497078654,28.56843352395491],[77.26810551314249,28.569075136344843],[77.26800915045112,28.569347428021963],[77.26740774896767,28.56989884330365],[77.26710124281301,28.569903966556137],[77.26710511151359,28.5700843555611],[77.26700487688024,28.57017625767789],[77.26649596561258,28.57027498914438],[77.26650370110372,28.57063576728077],[77.26640346542645,28.570727669005127]]},"properties":{"id":"L01898","strahler":2,"length_m":512.8,"drop_m":4.69,"gradient":0.00914,"area_ha":18.15,"on_drain_share":0.0,"downstream":"L01880"}},{"type":"Feature","geometry":{"type":"LineString","coordinates":[[77.19528756310123,28.571716841938876],[77.19538786526718,28.571624989337945],[77.196409618804,28.57160844812904],[77.19650991983963,28.571516594755582],[77.19671427025236,28.57151328545036],[77.19681831997754,28.571601829493908],[77.19743137147934,28.571591899235962],[77.19763197146393,28.571408191009876],[77.19783632151307,28.571404880026506],[77.1978250693346,28.570863687493038],[77.19822626456903,28.570496269802682],[77.19862933298778,28.570219049779528],[77.19914020195911,28.57021076830437],[77.19924049923681,28.570118913095957]]},"properties":{"id":"L01916","strahler":1,"length_m":503.8,"drop_m":4.67,"gradient":0.00926,"area_ha":12.97,"on_drain_share":0.0,"downstream":"L01872"}},{"type":"Feature","geometry":{"type":"LineString","coordinates":[[77.23263558894268,28.568851537595037],[77.23284373930134,28.569028567465857],[77.23284754943414,28.56920896074875],[77.23316549297824,28.56974509467541],[77.23358179978649,28.570099152088595],[77.23368397106046,28.570097469639034],[77.23368778279541,28.570277862789947],[77.23348534559736,28.570371424223364],[77.23308618625936,28.570829136057213],[77.23308999709045,28.571009529262373],[77.2331940747939,28.571098043728544]]},"properties":{"id":"L01900","strahler":3,"length_m":332.1,"drop_m":-0.89,"gradient":0.0,"area_ha":277.07,"on_drain_share":0.0,"downstream":"L01835"}},{"type":"Feature","geometry":{"type":"LineString","coordinates":[[77.19037378434987,28.571345133379165],[77.19006165166358,28.57107948519937]]},"properties":{"id":"L01906","strahler":1,"length_m":42.4,"drop_m":0.53,"gradient":0.01254,"area_ha":4.67,"on_drain_share":0.0,"downstream":"L01945"}},{"type":"Feature","geometry":{"type":"LineString","coordinates":[[77.28988855563742,28.56970163984223],[77.28998876870587,28.56960972195665]]},"properties":{"id":"L01904","strahler":1,"length_m":14.1,"drop_m":0.01,"gradient":0.00054,"area_ha":4.45,"on_drain_share":0.0,"downstream":null}},{"type":"Feature","geometry":{"type":"LineString","coordinates":[[77.24163035230505,28.56888364873088],[77.24173443447226,28.56897215638259],[77.24174782313173,28.56960352901201],[77.24104601614582,28.57024671972921],[77.24084167433065,28.57025009565269],[77.24074141530225,28.5703419796376],[77.240535161542,28.57025515896169],[77.24043681386638,28.570437238890985]]},"properties":{"id":"L01903","strahler":3,"length_m":265.6,"drop_m":0.76,"gradient":0.00288,"area_ha":114.38,"on_drain_share":0.0,"downstream":null}},{"type":"Feature","geometry":{"type":"LineString","coordinates":[[77.18158293913564,28.571306345169702],[77.1815736316469,28.57085534647713],[77.18136555784548,28.57067823340344],[77.18136183529217,28.57049783388747],[77.18196371615565,28.569946775442716]]},"properties":{"id":"L01924","strahler":2,"length_m":183.1,"drop_m":3.18,"gradient":0.01736,"area_ha":24.27,"on_drain_share":0.0,"downstream":"L01910"}},{"type":"Feature","geometry":{"type":"LineString","coordinates":[[77.23540180843837,28.569166891475426],[77.23644259214461,28.57005201445923],[77.23644831680716,28.570322603674914],[77.23655239642207,28.570411115451577],[77.23726759581204,28.570399320918817],[77.23807350836631,28.569844659011146],[77.23888896355986,28.569740974060494],[77.23918974365283,28.56946532582249],[77.23959651383088,28.569368382591016],[77.24030214752776,28.56890559150502],[77.24071082607895,28.568898841265053],[77.24081108385604,28.56880695735982]]},"properties":{"id":"L01942","strahler":1,"length_m":676.0,"drop_m":2.7,"gradient":0.004,"area_ha":13.61,"on_drain_share":0.0,"downstream":"L01949"}},{"type":"Feature","geometry":{"type":"LineString","coordinates":[[77.25420098573453,28.568855784422418],[77.25503372640057,28.56956376116142],[77.2551358956521,28.56956206259074],[77.25514551631373,28.570013038849503],[77.25586262863942,28.570091341685334],[77.25736628309,28.56871291850581]]},"properties":{"id":"L01927","strahler":2,"length_m":459.4,"drop_m":-0.11,"gradient":0.0,"area_ha":67.43,"on_drain_share":0.0,"downstream":"L01943"}},{"type":"Feature","geometry":{"type":"LineString","coordinates":[[77.19006165166358,28.57107948519937],[77.18985356407622,28.570902385960537],[77.1898423529809,28.570361190486874],[77.1892162299247,28.569739691035675],[77.18931466794605,28.569557643424883]]},"properties":{"id":"L01945","strahler":2,"length_m":207.3,"drop_m":0.16,"gradient":0.00077,"area_ha":13.59,"on_drain_share":0.0,"downstream":"L01971"}},{"type":"Feature","geometry":{"type":"LineString","coordinates":[[77.2085514591258,28.570599235007034],[77.20886363380119,28.570864838152122]]},"properties":{"id":"L01907","strahler":3,"length_m":42.4,"drop_m":-0.93,"gradient":0.0,"area_ha":480.49,"on_drain_share":0.0,"downstream":"L01866"}},{"type":"Feature","geometry":{"type":"LineString","coordinates":[[77.20977754049646,28.570579266355885],[77.20926101822846,28.57031699376392],[77.20885986431536,28.570684441973047],[77.20886363380119,28.570864838152122]]},"properties":{"id":"L01908","strahler":1,"length_m":139.0,"drop_m":1.2,"gradient":0.00862,"area_ha":5.71,"on_drain_share":0.0,"downstream":"L01866"}},{"type":"Feature","geometry":{"type":"LineString","coordinates":[[77.1772859646337,28.57110469710277],[77.17728039115579,28.5708340971077],[77.1773825670219,28.570832457007423],[77.17758134454431,28.57055857662454],[77.1777838374763,28.570465095948485],[77.17798075493438,28.570101015090216],[77.17797703824361,28.569920615151656]]},"properties":{"id":"L01928","strahler":1,"length_m":170.7,"drop_m":4.05,"gradient":0.02373,"area_ha":10.04,"on_drain_share":0.0,"downstream":"L01929"}},{"type":"Feature","geometry":{"type":"LineString","coordinates":[[77.18196371615565,28.569946775442716],[77.18267893880407,28.569935268770244],[77.18298918790286,28.57011073552208],[77.18340533892909,28.570464956176128],[77.18340720194175,28.57055515581212],[77.18371745402604,28.57073062071724],[77.18392180467208,28.570727330757748],[77.18412988258731,28.570904439667782],[77.18433423351287,28.570901149069016]]},"properties":{"id":"L01910","strahler":3,"length_m":281.4,"drop_m":-0.67,"gradient":0.0,"area_ha":157.81,"on_drain_share":0.0,"downstream":"L01925"}},{"type":"Feature","geometry":{"type":"LineString","coordinates":[[77.18433423351287,28.570901149069016],[77.184835789437,28.57044192349015],[77.18493796440903,28.57044027772199],[77.1849323715069,28.570169679082348],[77.18533547639605,28.56989249673724]]},"properties":{"id":"L01925","strahler":3,"length_m":163.1,"drop_m":1.23,"gradient":0.00756,"area_ha":178.72,"on_drain_share":0.0,"downstream":"L01938"}},{"type":"Feature","geometry":{"type":"LineString","coordinates":[[77.20803117148047,28.570156561287334],[77.2085514591258,28.570599235007034]]},"properties":{"id":"L01911","strahler":3,"length_m":70.7,"drop_m":-1.97,"gradient":0.0,"area_ha":462.73,"on_drain_share":0.0,"downstream":"L01907"}},{"type":"Feature","geometry":{"type":"LineString","coordinates":[[77.20821102432748,28.568980658899026],[77.20791204362605,28.569346440982535],[77.20791581128593,28.569526837312708],[77.2084379795125,28.570059709836283],[77.20844551688414,28.570420502325252],[77.2085514591258,28.570599235007034]]},"properties":{"id":"L01912","strahler":2,"length_m":217.3,"drop_m":1.1,"gradient":0.00505,"area_ha":16.14,"on_drain_share":0.0,"downstream":"L01907"}},{"type":"Feature","geometry":{"type":"LineString","coordinates":[[77.22325866211116,28.57008828930441],[77.22305242133082,28.570001441196855],[77.22294455935587,28.569732523916826],[77.2225263911178,28.569288234483125],[77.22221987728337,28.56929325627135],[77.22211581006043,28.56920473274781],[77.22211201823185,28.569024338145272],[77.22190009327994,28.56866689615802],[77.2220003682046,28.568575025264895]]},"properties":{"id":"L01963","strahler":1,"length_m":251.4,"drop_m":5.05,"gradient":0.02009,"area_ha":6.58,"on_drain_share":0.0,"downstream":"L02002"}},{"type":"Feature","geometry":{"type":"LineString","coordinates":[[77.25070036386131,28.567650729838455],[77.25062507824559,28.56891516271335],[77.2505248294306,28.569007053402924],[77.25135562745828,28.569624858540408],[77.2516621361408,28.56961977089499],[77.25216529748927,28.569250508184176],[77.2524718049159,28.569245418770908],[77.25278600062991,28.569601110279613],[77.25319467836094,28.569594322296542],[77.25339709454651,28.56950073248067],[77.2539966484553,28.56885918000276],[77.25420098573453,28.568855784422418]]},"properties":{"id":"L01926","strahler":1,"length_m":625.3,"drop_m":1.33,"gradient":0.00213,"area_ha":20.3,"on_drain_share":0.0,"downstream":"L01927"}},{"type":"Feature","geometry":{"type":"LineString","coordinates":[[77.27411205901367,28.567982075288096],[77.27421422538664,28.56798036244114],[77.2747347606652,28.568422767295846],[77.27514342762913,28.568415913475725],[77.27597435377642,28.569033559894184],[77.27617868827984,28.56903013120462],[77.27627891342362,28.56893822280405]]},"properties":{"id":"L01914","strahler":1,"length_m":263.8,"drop_m":3.18,"gradient":0.01206,"area_ha":6.95,"on_drain_share":0.0,"downstream":"L01919"}},{"type":"Feature","geometry":{"type":"LineString","coordinates":[[77.20362267816081,28.569506419547537],[77.20484875094373,28.569486496120607],[77.20526120474771,28.569660249169587],[77.2056698959563,28.56965360428969],[77.20577018672097,28.56956174458429],[77.20648539533337,28.56955011259193],[77.20658380255985,28.569368054079973],[77.2067881474345,28.56936472983321],[77.20709843094937,28.56954013931626],[77.20730277608546,28.569536814276375],[77.20803117148047,28.570156561287334]]},"properties":{"id":"L01917","strahler":2,"length_m":493.8,"drop_m":3.92,"gradient":0.00794,"area_ha":31.44,"on_drain_share":0.0,"downstream":"L01911"}},{"type":"Feature","geometry":{"type":"LineString","coordinates":[[77.27627891342362,28.56893822280405],[77.2764832476995,28.56893479366636],[77.27698825517628,28.568655637782573],[77.27719258880525,28.56865220760782]]},"properties":{"id":"L01919","strahler":2,"length_m":102.4,"drop_m":3.4,"gradient":0.03322,"area_ha":36.65,"on_drain_share":0.0,"downstream":"L01920"}},{"type":"Feature","geometry":{"type":"LineString","coordinates":[[77.19728794897188,28.569609180995823],[77.19800128660637,28.569507394921295],[77.19893397816679,28.57012388242354],[77.19924049923681,28.570118913095957]]},"properties":{"id":"L01918","strahler":3,"length_m":223.1,"drop_m":1.3,"gradient":0.00583,"area_ha":378.65,"on_drain_share":0.0,"downstream":"L01872"}},{"type":"Feature","geometry":{"type":"LineString","coordinates":[[77.20291686640459,28.56996902876445],[77.20341833257598,28.569509739043017]]},"properties":{"id":"L01933","strahler":1,"length_m":70.7,"drop_m":1.22,"gradient":0.0173,"area_ha":4.95,"on_drain_share":0.0,"downstream":"L01941"}},{"type":"Feature","geometry":{"type":"LineString","coordinates":[[77.27719258880525,28.56865220760782],[77.27749908918177,28.568647061769557]]},"properties":{"id":"L01920","strahler":2,"length_m":30.0,"drop_m":-1.03,"gradient":0.0,"area_ha":49.0,"on_drain_share":0.0,"downstream":"L01826"}},{"type":"Feature","geometry":{"type":"LineString","coordinates":[[77.27366847816407,28.56636543161414],[77.27491580393827,28.567337012057273],[77.27512013531488,28.56733358514699],[77.2755346219629,28.567597312427953],[77.2760571022285,28.568129905994937],[77.2767819790178,28.568568873736204],[77.27708847924053,28.56856372883895],[77.27719258880525,28.56865220760782]]},"properties":{"id":"L01922","strahler":1,"length_m":453.6,"drop_m":7.33,"gradient":0.01616,"area_ha":11.82,"on_drain_share":0.0,"downstream":"L01920"}},{"type":"Feature","geometry":{"type":"LineString","coordinates":[[77.27717121803794,28.567660074764294],[77.27686860544324,28.567845607540082],[77.27687831807903,28.56829657711698],[77.27749908918177,28.568647061769557]]},"properties":{"id":"L01923","strahler":1,"length_m":164.9,"drop_m":2.7,"gradient":0.01641,"area_ha":5.49,"on_drain_share":0.0,"downstream":"L01826"}},{"type":"Feature","geometry":{"type":"LineString","coordinates":[[77.18533547639605,28.56989249673724],[77.18584821339537,28.569974464887817],[77.1860488318508,28.569790772829503],[77.1865597030655,28.56978253882494],[77.18676778314797,28.569959643569025],[77.18707057406579,28.569774302899436],[77.18788796722019,28.569761121423078]]},"properties":{"id":"L01938","strahler":3,"length_m":279.0,"drop_m":-0.24,"gradient":0.0,"area_ha":247.36,"on_drain_share":0.0,"downstream":"L01932"}},{"type":"Feature","geometry":{"type":"LineString","coordinates":[[77.18830039785837,28.569934927540157],[77.18860131839818,28.569659384264085],[77.18931466794605,28.569557643424883]]},"properties":{"id":"L01952","strahler":3,"length_m":116.6,"drop_m":0.47,"gradient":0.00407,"area_ha":278.47,"on_drain_share":0.0,"downstream":"L01971"}},{"type":"Feature","geometry":{"type":"LineString","coordinates":[[77.20044968531593,28.56928724133307],[77.20086588768108,28.569641405396936],[77.20147892614958,28.569631457476472],[77.20158297764611,28.569719997768022],[77.20209384319094,28.569711705306243],[77.20219413730328,28.569619848073287],[77.20301340062747,28.569696774034462],[77.20341833257598,28.569509739043017]]},"properties":{"id":"L01940","strahler":1,"length_m":327.3,"drop_m":2.01,"gradient":0.00614,"area_ha":10.77,"on_drain_share":0.0,"downstream":"L01941"}},{"type":"Feature","geometry":{"type":"LineString","coordinates":[[77.22099571614044,28.569403533876233],[77.22057945166755,28.569049435281062],[77.22108272733408,28.56868028201931],[77.22128706887281,28.568676936014956],[77.22138734437173,28.56858506554534]]},"properties":{"id":"L01962","strahler":1,"length_m":157.3,"drop_m":3.11,"gradient":0.01976,"area_ha":5.25,"on_drain_share":0.0,"downstream":"L01969"}},{"type":"Feature","geometry":{"type":"LineString","coordinates":[[77.17797703824361,28.569920615151656],[77.17817767110277,28.569736934001547],[77.17817395413229,28.569556534076977],[77.17827427014392,28.569464693412687],[77.17909166570868,28.569451565046123],[77.17929973338204,28.569628681978593],[77.1796062570486,28.569623757075533],[77.1797102913817,28.569712315157286],[77.18124290973711,28.56968767902431],[77.18165719203509,28.569951705721184],[77.18186154145735,28.56994841894571]]},"properties":{"id":"L01929","strahler":3,"length_m":437.3,"drop_m":4.16,"gradient":0.00951,"area_ha":120.17,"on_drain_share":0.0,"downstream":"L01930"}},{"type":"Feature","geometry":{"type":"LineString","coordinates":[[77.18186154145735,28.56994841894571],[77.18196371615565,28.569946775442716]]},"properties":{"id":"L01930","strahler":3,"length_m":10.0,"drop_m":0.0,"gradient":0.0,"area_ha":126.88,"on_drain_share":0.0,"downstream":"L01910"}},{"type":"Feature","geometry":{"type":"LineString","coordinates":[[77.18011142545672,28.564382312281378],[77.18187994657222,28.56588778624862],[77.18188739205576,28.56624858539557],[77.18209545743353,28.566425698202927],[77.18209918060884,28.566606097738774],[77.1819988706603,28.566697940940667],[77.18210290381838,28.56678649726937],[77.18211035034015,28.56714729631485],[77.18242431394359,28.567503164405004],[77.18262865853062,28.567499876731283],[77.18283672768212,28.567676988168763],[77.18304107254868,28.567673699855856],[77.1831451075423,28.56776225527305],[77.18365410694285,28.567663833073176],[77.18396621385763,28.567929497560108],[77.18396994045598,28.568109896830556],[77.18377118431329,28.56838378552045],[77.18387522062051,28.568472340297298],[77.18407956688185,28.5684690503373],[77.18470565332737,28.569090575681077],[77.18470938136652,28.569270974831504],[77.18481341933541,28.569359528787107],[77.18461466334156,28.56963341867586],[77.18492677868191,28.569899080430904],[77.18533547639605,28.56989249673724]]},"properties":{"id":"L01931","strahler":2,"length_m":970.5,"drop_m":5.3,"gradient":0.00546,"area_ha":64.5,"on_drain_share":0.0,"downstream":"L01938"}},{"type":"Feature","geometry":{"type":"LineString","coordinates":[[77.18788796722019,28.569761121423078],[77.18830039785837,28.569934927540157]]},"properties":{"id":"L01932","strahler":3,"length_m":48.3,"drop_m":0.11,"gradient":0.00227,"area_ha":259.29,"on_drain_share":0.0,"downstream":"L01952"}},{"type":"Feature","geometry":{"type":"LineString","coordinates":[[77.19288700420785,28.569319481270863],[77.19299104864169,28.569408028572617],[77.1936059606311,28.569488315332222],[77.19391809667479,28.569753955178225],[77.19432117460394,28.569476747472773],[77.19493421481646,28.569466829168093],[77.19503826100954,28.569555374794884],[77.1960581210678,28.569448638425428],[77.19657273552887,28.569620764539216],[77.19728794897188,28.569609180995823]]},"properties":{"id":"L01939","strahler":3,"length_m":479.7,"drop_m":2.72,"gradient":0.00566,"area_ha":347.91,"on_drain_share":0.0,"downstream":"L01918"}},{"type":"Feature","geometry":{"type":"LineString","coordinates":[[77.25318151101578,28.56418090059273],[77.25380603135633,28.564711890569086],[77.25380795394977,28.564802085970666],[77.25370771171748,28.56489397869041],[77.25329905229081,28.564900767200232],[77.25269759294484,28.565452120452424],[77.25270335809363,28.565722706830503],[77.25291537718074,28.56608009530535],[77.2527283413238,28.566895247665137],[77.25293651904208,28.567072245059606],[77.25294036313173,28.567252635906883],[77.2532526315888,28.56751813127173],[77.25325647628868,28.567698522067833],[77.254193292779,28.56849500312143],[77.25420098573453,28.568855784422418]]},"properties":{"id":"L01934","strahler":2,"length_m":688.4,"drop_m":5.12,"gradient":0.00744,"area_ha":36.13,"on_drain_share":0.0,"downstream":"L01927"}},{"type":"Feature","geometry":{"type":"LineString","coordinates":[[77.2564352174961,28.568187046442915],[77.25685351612664,28.568631223596398],[77.25736628309,28.56871291850581]]},"properties":{"id":"L01935","strahler":2,"length_m":120.7,"drop_m":0.04,"gradient":0.00035,"area_ha":33.82,"on_drain_share":0.0,"downstream":"L01943"}},{"type":"Feature","geometry":{"type":"LineString","coordinates":[[77.25736628309,28.56871291850581],[77.25777302980948,28.568615921819987]]},"properties":{"id":"L01943","strahler":3,"length_m":44.1,"drop_m":0.02,"gradient":0.00037,"area_ha":101.36,"on_drain_share":0.0,"downstream":"L01878"}},{"type":"Feature","geometry":{"type":"LineString","coordinates":[[77.17650201985039,28.567778773433854],[77.17712620229638,28.56831013643715],[77.17733797987714,28.568667656769144],[77.17714106246606,28.56903173674026],[77.17714663517057,28.569302336832305],[77.17787486329888,28.569922255651786],[77.17797703824361,28.569920615151656]]},"properties":{"id":"L01936","strahler":3,"length_m":320.4,"drop_m":0.96,"gradient":0.00298,"area_ha":102.78,"on_drain_share":0.0,"downstream":"L01929"}},{"type":"Feature","geometry":{"type":"LineString","coordinates":[[77.18019884218833,28.568621706877554],[77.18070970975302,28.568613495200857],[77.18091777821697,28.568790609612382],[77.18092894291613,28.569331808441078],[77.1813450842257,28.56968603600074],[77.18154943317724,28.569682749723075],[77.18186154145735,28.56994841894571]]},"properties":{"id":"L01937","strahler":1,"length_m":257.3,"drop_m":3.09,"gradient":0.01201,"area_ha":6.7,"on_drain_share":0.0,"downstream":"L01930"}},{"type":"Feature","geometry":{"type":"LineString","coordinates":[[77.20341833257598,28.569509739043017],[77.20362267816081,28.569506419547537]]},"properties":{"id":"L01941","strahler":2,"length_m":20.0,"drop_m":0.1,"gradient":0.00502,"area_ha":15.76,"on_drain_share":0.0,"downstream":"L01917"}},{"type":"Feature","geometry":{"type":"LineString","coordinates":[[77.18557114067447,28.56645997585396],[77.18577921227262,28.56663708264323],[77.18568077034828,28.5668191279434],[77.18579226563898,28.567268479421767],[77.1861043763481,28.567534138770963],[77.18611556700246,28.56807533582441],[77.18632364282543,28.568252441515625],[77.18663016106551,28.5682475009652],[77.18673419947326,28.568336053426233],[77.18684570123605,28.568785403613226],[77.18705377968627,28.56896250802346],[77.18696093597647,28.569415152504085],[77.18747740428711,28.569677513375122],[77.18778392642037,28.56967256999415],[77.18788796722019,28.569761121423078]]},"properties":{"id":"L01944","strahler":1,"length_m":524.6,"drop_m":4.18,"gradient":0.00797,"area_ha":10.85,"on_drain_share":0.0,"downstream":"L01932"}},{"type":"Feature","geometry":{"type":"LineString","coordinates":[[77.19176870712148,28.56960824311223],[77.19186901065655,28.569516393030703],[77.19217553142087,28.56951143975629],[77.19257861340562,28.569234237023483],[77.19278295994802,28.569230933878643],[77.19288700420785,28.569319481270863]]},"properties":{"id":"L01957","strahler":1,"length_m":130.7,"drop_m":0.15,"gradient":0.00112,"area_ha":4.93,"on_drain_share":0.0,"downstream":"L01939"}},{"type":"Feature","geometry":{"type":"LineString","coordinates":[[77.1934083495611,28.56488981484836],[77.19351051858342,28.56488816291869],[77.19392668082061,28.565242350724237],[77.19406628512239,28.56704467940975],[77.19376725825933,28.567410432780243],[77.19407938817659,28.567676072644154],[77.19408500390031,28.567946669724932],[77.19460335294855,28.568299201921608],[77.19480769740676,28.56829589582672],[77.19520889463978,28.56792848689697],[77.19592409729529,28.567916911166144],[77.19634027974563,28.56827109031907],[77.19634215361917,28.56836128920242],[77.19654837201479,28.56844817935262],[77.19655774242484,28.5688991736814],[77.19686988356787,28.569164806440785],[77.19687363236591,28.5693452041182],[77.19728794897188,28.569609180995823]]},"properties":{"id":"L01946","strahler":1,"length_m":864.3,"drop_m":1.12,"gradient":0.0013,"area_ha":23.71,"on_drain_share":0.0,"downstream":"L01918"}},{"type":"Feature","geometry":{"type":"LineString","coordinates":[[77.20287175825328,28.567804265294004],[77.20257088210444,28.568079837986534],[77.20248374354284,28.56880308497939],[77.20300400238015,28.569245781718404],[77.20320834751209,28.569242462874737],[77.20362267816081,28.569506419547537]]},"properties":{"id":"L01947","strahler":1,"length_m":269.7,"drop_m":1.55,"gradient":0.00574,"area_ha":6.87,"on_drain_share":0.0,"downstream":"L01917"}},{"type":"Feature","geometry":{"type":"LineString","coordinates":[[77.23916299745808,28.568202578258894],[77.23957931659824,28.568556616544413],[77.24009016333292,28.568548181367152],[77.24040240568796,28.568813707881898],[77.24081108385604,28.56880695735982]]},"properties":{"id":"L01948","strahler":1,"length_m":189.0,"drop_m":2.08,"gradient":0.01101,"area_ha":6.12,"on_drain_share":0.0,"downstream":"L01949"}},{"type":"Feature","geometry":{"type":"LineString","coordinates":[[77.24081108385604,28.56880695735982],[77.24111376821674,28.568621501389067],[77.24131810684736,28.56861812523132],[77.24163035230505,28.56888364873088]]},"properties":{"id":"L01949","strahler":2,"length_m":100.7,"drop_m":-3.14,"gradient":0.0,"area_ha":21.85,"on_drain_share":0.0,"downstream":"L01903"}},{"type":"Feature","geometry":{"type":"LineString","coordinates":[[77.24172678400312,28.56861137199394],[77.24162652724446,28.56870325652396],[77.24163035230505,28.56888364873088]]},"properties":{"id":"L01950","strahler":3,"length_m":34.1,"drop_m":-1.13,"gradient":0.0,"area_ha":85.97,"on_drain_share":0.0,"downstream":"L01903"}},{"type":"Feature","geometry":{"type":"LineString","coordinates":[[77.25996481291239,28.5659628367784],[77.25976048203503,28.56596624072273],[77.25966217195922,28.566148332619132],[77.25935952991804,28.56633382783946],[77.25936531231912,28.566604412937966],[77.25816243645603,28.567707168187106],[77.25816628955941,28.567887558366863],[77.2579696603272,28.56825174020685],[77.25766893546589,28.568527427214256],[77.25777302980948,28.568615921819987]]},"properties":{"id":"L01951","strahler":2,"length_m":407.0,"drop_m":1.5,"gradient":0.00368,"area_ha":61.2,"on_drain_share":0.0,"downstream":"L01878"}},{"type":"Feature","geometry":{"type":"LineString","coordinates":[[77.17153629436642,28.569843415877322],[77.17184282023948,28.569838508475335],[77.17254877854427,28.56937605367903],[77.1729574776103,28.5693695073712],[77.17315811873401,28.569185833219446],[77.17356681689941,28.56917928511633]]},"properties":{"id":"L01974","strahler":1,"length_m":229.0,"drop_m":2.65,"gradient":0.01158,"area_ha":6.61,"on_drain_share":0.0,"downstream":"L01981"}},{"type":"Feature","geometry":{"type":"LineString","coordinates":[[77.18931466794605,28.569557643424883],[77.18992023675564,28.56918695067867],[77.19012458357095,28.569183651541564],[77.19042736594565,28.568998303797684]]},"properties":{"id":"L01971","strahler":3,"length_m":134.9,"drop_m":0.32,"gradient":0.00235,"area_ha":293.52,"on_drain_share":0.0,"downstream":"L01958"}},{"type":"Feature","geometry":{"type":"LineString","coordinates":[[77.23232336470959,28.568585992108645],[77.23263558894268,28.568851537595037]]},"properties":{"id":"L01953","strahler":1,"length_m":42.4,"drop_m":-0.1,"gradient":0.0,"area_ha":4.21,"on_drain_share":0.0,"downstream":"L01900"}},{"type":"Feature","geometry":{"type":"LineString","coordinates":[[77.23217929809739,28.566603346020745],[77.23219453277203,28.567324919706078],[77.23229860592375,28.56741343514823],[77.2323081283586,28.567864418620857],[77.232412202163,28.567952933934382],[77.23241982065146,28.568313720658452],[77.23252389501282,28.568402235850936],[77.23263558894268,28.568851537595037]]},"properties":{"id":"L01954","strahler":3,"length_m":266.6,"drop_m":2.59,"gradient":0.0097,"area_ha":267.2,"on_drain_share":0.0,"downstream":"L01900"}},{"type":"Feature","geometry":{"type":"LineString","coordinates":[[77.21219761160083,28.569005931588503],[77.21311715662495,28.568990932193906],[77.21362234870502,28.56871200303454]]},"properties":{"id":"L01966","strahler":1,"length_m":152.4,"drop_m":-1.36,"gradient":0.0,"area_ha":6.16,"on_drain_share":0.0,"downstream":"L01961"}},{"type":"Feature","geometry":{"type":"LineString","coordinates":[[77.21362234870502,28.56871200303454],[77.214036700946,28.56897592657606],[77.2161823016261,28.568940889266276],[77.21628258206655,28.56884902231652],[77.2169958892466,28.56874713757071]]},"properties":{"id":"L01961","strahler":2,"length_m":350.7,"drop_m":0.64,"gradient":0.00182,"area_ha":18.17,"on_drain_share":0.0,"downstream":"L01973"}},{"type":"Feature","geometry":{"type":"LineString","coordinates":[[77.23941983086361,28.565852415568443],[77.23942365170846,28.56603280812404],[77.23963562806601,28.566390219834695],[77.24130280911471,28.56789655618929],[77.24130472130054,28.56798675232415],[77.24172104624357,28.568340783688637],[77.24172678400312,28.56861137199394]]},"properties":{"id":"L01955","strahler":2,"length_m":401.1,"drop_m":1.56,"gradient":0.00388,"area_ha":44.01,"on_drain_share":0.0,"downstream":"L01950"}},{"type":"Feature","geometry":{"type":"LineString","coordinates":[[77.2455670621774,28.566562845689766],[77.24516605553882,28.56693039369636],[77.24445088347787,28.566942228544384],[77.24374911046912,28.56758543157831],[77.2434426060138,28.567590501022963],[77.24334235174359,28.567682386697022],[77.24303584692173,28.567687455238737],[77.2427331688016,28.567872915186353],[77.242528831809,28.567876293394345],[77.24172678400312,28.56861137199394]]},"properties":{"id":"L01956","strahler":2,"length_m":471.1,"drop_m":1.2,"gradient":0.00255,"area_ha":41.88,"on_drain_share":0.0,"downstream":"L01950"}},{"type":"Feature","geometry":{"type":"LineString","coordinates":[[77.19042736594565,28.568998303797684],[77.19093823183466,28.568990053519336],[77.19184095932921,28.568163405809766],[77.19204530390392,28.568160103888435],[77.19224590771739,28.567976403390634],[77.19287016550373,28.568507689504557],[77.19288700420785,28.569319481270863]]},"properties":{"id":"L01958","strahler":3,"length_m":400.4,"drop_m":1.54,"gradient":0.00386,"area_ha":335.43,"on_drain_share":0.0,"downstream":"L01939"}},{"type":"Feature","geometry":{"type":"LineString","coordinates":[[77.2169958892466,28.56874713757071],[77.21720212318083,28.56883399531919],[77.21740268181726,28.56865025995181],[77.21791164443978,28.568551710659396],[77.21801570768716,28.56864023764911],[77.21893524590482,28.56862519900914],[77.21903931003087,28.568713725160695],[77.21975640035728,28.568792221007612],[77.22036374290798,28.56851159578396]]},"properties":{"id":"L01973","strahler":3,"length_m":371.4,"drop_m":1.21,"gradient":0.00326,"area_ha":173.81,"on_drain_share":0.0,"downstream":"L01968"}},{"type":"Feature","geometry":{"type":"LineString","coordinates":[[77.20818464850908,28.567717884627726],[77.2081959522234,28.56825907363266],[77.20830000755222,28.568347608549526],[77.20821102432748,28.568980658899026]]},"properties":{"id":"L01959","strahler":1,"length_m":148.3,"drop_m":1.03,"gradient":0.00695,"area_ha":7.68,"on_drain_share":0.0,"downstream":"L01912"}},{"type":"Feature","geometry":{"type":"LineString","coordinates":[[77.20950532725637,28.567335464628034],[77.2084021788897,28.56834594522667],[77.20840783141175,28.568616539670234],[77.20821102432748,28.568980658899026]]},"properties":{"id":"L01960","strahler":1,"length_m":233.8,"drop_m":-2.25,"gradient":0.0,"area_ha":7.09,"on_drain_share":0.0,"downstream":"L01912"}},{"type":"Feature","geometry":{"type":"LineString","coordinates":[[77.255276737566,28.566582221502767],[77.25507817632541,28.566856204346088],[77.25508202403292,28.567036594932638],[77.2564352174961,28.568187046442915]]},"properties":{"id":"L01964","strahler":1,"length_m":242.1,"drop_m":2.35,"gradient":0.00972,"area_ha":8.44,"on_drain_share":0.0,"downstream":"L01935"}},{"type":"Feature","geometry":{"type":"LineString","coordinates":[[77.2548875261741,28.562708917489296],[77.25488944952971,28.5627991128502],[77.25570867516839,28.56287572124481],[77.2559168491432,28.563052714324016],[77.25621948880236,28.5628672268956],[77.25673030221516,28.562858730626317],[77.25683438989675,28.562947226379894],[77.25703679015665,28.562853631943117],[77.25755915715413,28.563386303742643],[77.25655677417339,28.564305253316075],[77.25656639879317,28.56475622948176],[77.2568767426983,28.564931521278915],[77.25688059316538,28.56511191169264],[77.25760922790407,28.565731378138203],[77.25761115382166,28.56582157328947],[77.25731043442616,28.566097259255592],[77.25732584021054,28.56681882053881],[77.25722559943911,28.566910715770153],[77.25723137651994,28.56718130124468],[77.25693065245875,28.567456986591218],[77.25693835441952,28.56781776726574],[77.2564352174961,28.568187046442915]]},"properties":{"id":"L01965","strahler":1,"length_m":1004.0,"drop_m":4.15,"gradient":0.00413,"area_ha":24.68,"on_drain_share":0.0,"downstream":"L01935"}},{"type":"Feature","geometry":{"type":"LineString","coordinates":[[77.2152174000255,28.566791163676736],[77.2157433692813,28.56750440241507],[77.2158455392895,28.567502733533555],[77.21678209035107,28.568299488944383],[77.21678776430045,28.56857008185459],[77.2169958892466,28.56874713757071]]},"properties":{"id":"L01967","strahler":3,"length_m":296.3,"drop_m":-0.22,"gradient":0.0,"area_ha":151.66,"on_drain_share":0.0,"downstream":"L01973"}},{"type":"Feature","geometry":{"type":"LineString","coordinates":[[77.22036374290798,28.56851159578396],[77.22138734437173,28.56858506554534]]},"properties":{"id":"L01968","strahler":3,"length_m":104.1,"drop_m":1.49,"gradient":0.01433,"area_ha":192.14,"on_drain_share":0.0,"downstream":"L01969"}},{"type":"Feature","geometry":{"type":"LineString","coordinates":[[77.22138734437173,28.56858506554534],[77.2220003682046,28.568575025264895]]},"properties":{"id":"L01969","strahler":3,"length_m":60.0,"drop_m":-0.89,"gradient":0.0,"area_ha":197.97,"on_drain_share":0.0,"downstream":"L02002"}},{"type":"Feature","geometry":{"type":"LineString","coordinates":[[77.2220003682046,28.568575025264895],[77.22230119193466,28.56829941219158],[77.22250553256832,28.568296064393312],[77.22302207389556,28.568558285317962],[77.22353292641414,28.568549912463475],[77.22363319972912,28.56845804044597],[77.22434839221886,28.568446314728913],[77.22464920910984,28.568170696800426],[77.2255687390984,28.568155613441473],[77.22586955183911,28.56787999301678],[77.2263766011996,28.5676912155111],[77.22687984894503,28.567322042142354],[77.22708418705366,28.567318687554906],[77.22748716212796,28.567041386467437],[77.22769149960983,28.567038030995676],[77.22779176774814,28.5669461561638],[77.22830261082133,28.566937765787223],[77.22850314561877,28.566754015221033],[77.22911045081331,28.56647335267348],[77.22931478697173,28.566469994818604],[77.2297177526404,28.566192687574073],[77.23032885644474,28.56609241359888],[77.23083208211673,28.565723226669874],[77.23164941978416,28.565709783360525],[77.2320657049771,28.566063846793174]]},"properties":{"id":"L02002","strahler":3,"length_m":1155.7,"drop_m":-0.71,"gradient":0.0,"area_ha":227.15,"on_drain_share":0.0,"downstream":"L01987"}},{"type":"Feature","geometry":{"type":"LineString","coordinates":[[77.21320611022831,28.56835788024676],[77.21362234870502,28.56871200303454]]},"properties":{"id":"L01972","strahler":1,"length_m":56.6,"drop_m":-1.33,"gradient":0.0,"area_ha":5.76,"on_drain_share":0.0,"downstream":"L01961"}},{"type":"Feature","geometry":{"type":"LineString","coordinates":[[77.2813580640183,28.567499497715644],[77.28073339694708,28.566968643653805],[77.28063123201545,28.56697036135284],[77.28082972446052,28.566696344829452],[77.2808219413734,28.56633557007962],[77.2812247602744,28.56605811738824],[77.28173558022617,28.566049526141136],[77.28203817856635,28.565863983234244],[77.28233882882682,28.565588246103893],[77.28232714706672,28.56504708445306],[77.28252757876783,28.564863259434077]]},"properties":{"id":"L02009","strahler":1,"length_m":444.6,"drop_m":6.09,"gradient":0.01369,"area_ha":13.12,"on_drain_share":0.0,"downstream":"L01999"}},{"type":"Feature","geometry":{"type":"LineString","coordinates":[[77.17356681689941,28.56917928511633],[77.17447154513233,28.568442945824973],[77.17457371887957,28.56844130796444],[77.1749712799259,28.567893554709013],[77.1751756262825,28.5678902782161],[77.1753762606914,28.567706601105957],[77.1756827795891,28.567701685366007],[77.17578309624595,28.567609846499906],[77.17608961478025,28.567604929856305],[77.17629767388966,28.56778205191221],[77.17650201985039,28.567778773433854]]},"properties":{"id":"L01981","strahler":2,"length_m":380.4,"drop_m":0.88,"gradient":0.0023,"area_ha":66.3,"on_drain_share":0.0,"downstream":"L01936"}},{"type":"Feature","geometry":{"type":"LineString","coordinates":[[77.18916393186781,28.56721411024363],[77.18947605034037,28.567479761378102],[77.18959877110743,28.568470304534888],[77.19001493602639,28.568824504120894],[77.19042736594565,28.568998303797684]]},"properties":{"id":"L01975","strahler":2,"length_m":261.4,"drop_m":0.29,"gradient":0.00111,"area_ha":34.68,"on_drain_share":0.0,"downstream":"L01958"}},{"type":"Feature","geometry":{"type":"LineString","coordinates":[[77.21931931439589,28.56744594585129],[77.21901848468829,28.567721552635856],[77.2190222710359,28.567901947652206],[77.21912633447465,28.56799047378109],[77.2196371856036,28.567982115742108],[77.22036374290798,28.56851159578396]]},"properties":{"id":"L01976","strahler":2,"length_m":221.4,"drop_m":2.86,"gradient":0.0129,"area_ha":17.43,"on_drain_share":0.0,"downstream":"L01968"}},{"type":"Feature","geometry":{"type":"LineString","coordinates":[[77.26541242286574,28.567405829415936],[77.265003757042,28.56741265371417],[77.26490352283419,28.56750455427047],[77.26469725758092,28.56741777113127],[77.26469339341484,28.567237381754286],[77.264381098996,28.56697191430924],[77.26427893289947,28.566973619699052],[77.26334205973941,28.5661772117091],[77.26313772892551,28.56618062076115]]},"properties":{"id":"L01985","strahler":1,"length_m":298.0,"drop_m":0.92,"gradient":0.00309,"area_ha":9.46,"on_drain_share":0.0,"downstream":"L01993"}},{"type":"Feature","geometry":{"type":"LineString","coordinates":[[77.26887639844682,28.566896801111547],[77.26908460142393,28.567073772179],[77.26909234471651,28.56743454983744]]},"properties":{"id":"L01977","strahler":1,"length_m":68.3,"drop_m":0.7,"gradient":0.0103,"area_ha":4.2,"on_drain_share":0.0,"downstream":"L01898"}},{"type":"Feature","geometry":{"type":"LineString","coordinates":[[77.26969372377009,28.56688312818928],[77.26909234471651,28.56743454983744]]},"properties":{"id":"L01978","strahler":1,"length_m":84.9,"drop_m":0.3,"gradient":0.00351,"area_ha":4.8,"on_drain_share":0.0,"downstream":"L01898"}},{"type":"Feature","geometry":{"type":"LineString","coordinates":[[77.26313772892551,28.56618062076115],[77.26223367914916,28.56691751651717],[77.26162068184053,28.56692773798703],[77.26110020564494,28.56648527916158],[77.26089587391888,28.566488684872002],[77.25996481291239,28.5659628367784]]},"properties":{"id":"L01993","strahler":2,"length_m":388.7,"drop_m":0.13,"gradient":0.00034,"area_ha":31.22,"on_drain_share":0.0,"downstream":"L01951"}},{"type":"Feature","geometry":{"type":"LineString","coordinates":[[77.2210580930603,28.567507716094767],[77.22085375374856,28.56751106162955],[77.22074968945743,28.56742253687498],[77.21952365379487,28.567442602633704],[77.21941959061712,28.56735407679176],[77.21931931439589,28.56744594585129]]},"properties":{"id":"L01980","strahler":1,"length_m":182.4,"drop_m":0.36,"gradient":0.00196,"area_ha":6.84,"on_drain_share":0.0,"downstream":"L01976"}},{"type":"Feature","geometry":{"type":"LineString","coordinates":[[77.2196049937376,28.566448758593978],[77.21930416747468,28.566724365851428],[77.21931931439589,28.56744594585129]]},"properties":{"id":"L01979","strahler":1,"length_m":122.4,"drop_m":0.59,"gradient":0.00481,"area_ha":7.71,"on_drain_share":0.0,"downstream":"L01976"}},{"type":"Feature","geometry":{"type":"LineString","coordinates":[[77.23576280216035,28.566905244072775],[77.23595950808345,28.56654109023194],[77.23626028777349,28.566265448455766],[77.23615048978968,28.56590634672825],[77.23685230145814,28.56526318092189],[77.23777179851103,28.565248016290273],[77.23817664504037,28.565060881726573],[77.23848314327289,28.565055824582686],[77.23941983086361,28.565852415568443]]},"properties":{"id":"L02005","strahler":1,"length_m":529.4,"drop_m":0.24,"gradient":0.00045,"area_ha":16.81,"on_drain_share":0.0,"downstream":"L01955"}},{"type":"Feature","geometry":{"type":"LineString","coordinates":[[77.28398318535591,28.566011701841862],[77.2838790732487,28.565923228432332],[77.2839675982575,28.565290153837452],[77.28427408744312,28.565284993252188]]},"properties":{"id":"L01998","strahler":1,"length_m":118.3,"drop_m":4.98,"gradient":0.04213,"area_ha":7.03,"on_drain_share":0.0,"downstream":"L02007"}},{"type":"Feature","geometry":{"type":"LineString","coordinates":[[77.17351489372044,28.56665367773491],[77.17463693094216,28.566545465778436],[77.17525924109145,28.566986638191377],[77.17598187259723,28.567335968445775],[77.17650201985039,28.567778773433854]]},"properties":{"id":"L01982","strahler":2,"length_m":352.1,"drop_m":0.72,"gradient":0.00204,"area_ha":28.32,"on_drain_share":0.0,"downstream":"L01936"}},{"type":"Feature","geometry":{"type":"LineString","coordinates":[[77.24465590050434,28.56215677055416],[77.24455565216968,28.56224865684551],[77.24456713936587,28.562789832877005],[77.24446689038831,28.562881719132786],[77.24447071936778,28.563062111142727],[77.24488703363097,28.563416133514046],[77.24509136167745,28.563412752236825],[77.24509519180616,28.563593144155277],[77.24499494260397,28.56368503080847],[77.24500834778453,28.56431640251649],[77.24470759749279,28.56459206218779],[77.2447114271546,28.564772454122462],[77.24431042370499,28.56513999947359],[77.24483082720099,28.56558252716531],[77.244938738643,28.565851424309255],[77.24556323077182,28.56638245390872],[77.2455670621774,28.566562845689766]]},"properties":{"id":"L01983","strahler":1,"length_m":617.7,"drop_m":2.75,"gradient":0.00445,"area_ha":19.81,"on_drain_share":0.0,"downstream":"L01956"}},{"type":"Feature","geometry":{"type":"LineString","coordinates":[[77.2483701949329,28.563809588794786],[77.24857835938063,28.56398659370757],[77.24827761984925,28.564262260736072],[77.2482929628487,28.564983826707383],[77.2481927153651,28.565075715625905],[77.24819846890087,28.56534630285841],[77.24748330904025,28.565358153086535],[77.24728281174121,28.565541929770113],[77.24697631395117,28.565547006864133],[77.24667556583589,28.565822670763737],[77.24636906710445,28.565827746531923],[77.2455670621774,28.566562845689766]]},"properties":{"id":"L01984","strahler":1,"length_m":508.7,"drop_m":3.09,"gradient":0.00608,"area_ha":13.56,"on_drain_share":0.0,"downstream":"L01956"}},{"type":"Feature","geometry":{"type":"LineString","coordinates":[[77.28663553902418,28.56578656581],[77.28663163770936,28.565606179145423],[77.286828160854,28.565241961493186],[77.287232909829,28.565054685353733]]},"properties":{"id":"L02004","strahler":1,"length_m":116.6,"drop_m":5.02,"gradient":0.04305,"area_ha":6.15,"on_drain_share":0.0,"downstream":"L02014"}},{"type":"Feature","geometry":{"type":"LineString","coordinates":[[77.26442917610467,28.56444475654366],[77.26432894399466,28.564536656581282],[77.26433280710611,28.564717046075582],[77.26393187630201,28.565084645612362],[77.26383550553219,28.565356934872494],[77.26363503842623,28.5655407341378],[77.26343070888322,28.56554414356169],[77.26302977181719,28.56591174074378],[77.26303363293368,28.56609213036389],[77.26313772892551,28.56618062076115]]},"properties":{"id":"L01986","strahler":2,"length_m":263.8,"drop_m":1.01,"gradient":0.00383,"area_ha":15.05,"on_drain_share":0.0,"downstream":"L01993"}},{"type":"Feature","geometry":{"type":"LineString","coordinates":[[77.2320657049771,28.566063846793174],[77.23207522588558,28.566514830427213],[77.23217929809739,28.566603346020745]]},"properties":{"id":"L01987","strahler":3,"length_m":64.1,"drop_m":-0.77,"gradient":0.0,"area_ha":255.25,"on_drain_share":0.0,"downstream":"L01954"}},{"type":"Feature","geometry":{"type":"LineString","coordinates":[[77.23297568739588,28.565597730817842],[77.23277135343307,28.565601094090752],[77.23216977671024,28.566152362424642],[77.23217929809739,28.566603346020745]]},"properties":{"id":"L01988","strahler":1,"length_m":154.9,"drop_m":-3.74,"gradient":0.0,"area_ha":6.8,"on_drain_share":0.0,"downstream":"L01954"}},{"type":"Feature","geometry":{"type":"LineString","coordinates":[[77.17077105995357,28.567419452490302],[77.17076365202546,28.5670586507347],[77.17126525335642,28.56659947291076],[77.17198045846816,28.56658802384393],[77.17208448365056,28.566676588323716],[77.17228882804852,28.56667331630442],[77.17249687924927,28.56685044466123],[77.17270122392705,28.566847172002877],[77.17290186103786,28.56666349840261],[77.17351489372044,28.56665367773491]]},"properties":{"id":"L02010","strahler":1,"length_m":351.4,"drop_m":2.78,"gradient":0.0079,"area_ha":14.38,"on_drain_share":0.0,"downstream":"L01982"}},{"type":"Feature","geometry":{"type":"LineString","coordinates":[[77.188242520579,28.567138747110505],[77.18905989272494,28.567125559684573],[77.18916393186781,28.56721411024363]]},"properties":{"id":"L01989","strahler":1,"length_m":94.1,"drop_m":0.13,"gradient":0.00138,"area_ha":5.13,"on_drain_share":0.0,"downstream":"L01975"}},{"type":"Feature","geometry":{"type":"LineString","coordinates":[[77.19101360361302,28.562763005692943],[77.19061054069054,28.563040202891948],[77.19062362094233,28.563671597962543],[77.19052332145189,28.56376344695176],[77.18980814428596,28.56377499269142],[77.18970784395258,28.563866841120163],[77.18908549740263,28.56342573712774],[77.18888116156789,28.563429034094483],[77.1887827277469,28.56361108127179],[77.18880326596157,28.564603274628425],[77.1891153754133,28.56486892715894],[77.18902254300255,28.56532157262579],[77.18912658023386,28.565410123334086],[77.18913031524272,28.565590522048648],[77.18933839060959,28.56576762316408],[77.1893421260351,28.565948021843543],[77.18924182334223,28.566039870035116],[77.18926050020083,28.56694186340214],[77.18916019654988,28.567033711576276],[77.18916393186781,28.56721411024363]]},"properties":{"id":"L01990","strahler":2,"length_m":782.8,"drop_m":3.68,"gradient":0.00471,"area_ha":25.86,"on_drain_share":0.0,"downstream":"L01975"}},{"type":"Feature","geometry":{"type":"LineString","coordinates":[[77.21147892686338,28.563964840646225],[77.21199919569148,28.564407502392694],[77.21200296954865,28.564587898355537],[77.21283541025,28.565296152320236],[77.21355058660444,28.56528448468238],[77.2152174000255,28.566791163676736]]},"properties":{"id":"L01991","strahler":3,"length_m":510.1,"drop_m":-1.43,"gradient":0.0,"area_ha":112.87,"on_drain_share":0.0,"downstream":"L01967"}},{"type":"Feature","geometry":{"type":"LineString","coordinates":[[77.21521551017904,28.566700965921637],[77.2152174000255,28.566791163676736]]},"properties":{"id":"L01992","strahler":2,"length_m":10.0,"drop_m":0.0,"gradient":0.0,"area_ha":34.11,"on_drain_share":0.0,"downstream":"L01967"}},{"type":"Feature","geometry":{"type":"LineString","coordinates":[[77.27651549597195,28.5656860969337],[77.2764960761218,28.56478415717207],[77.27659435519975,28.564602054750043]]},"properties":{"id":"L02017","strahler":1,"length_m":124.1,"drop_m":2.03,"gradient":0.01636,"area_ha":5.29,"on_drain_share":0.0,"downstream":"L02021"}},{"type":"Feature","geometry":{"type":"LineString","coordinates":[[77.21510578195061,28.566341843227725],[77.21521551017904,28.566700965921637]]},"properties":{"id":"L01994","strahler":1,"length_m":44.1,"drop_m":-0.65,"gradient":0.0,"area_ha":5.52,"on_drain_share":0.0,"downstream":"L01992"}},{"type":"Feature","geometry":{"type":"LineString","coordinates":[[77.21551445761642,28.566335169408216],[77.21521551017904,28.566700965921637]]},"properties":{"id":"L01995","strahler":2,"length_m":52.4,"drop_m":0.21,"gradient":0.00396,"area_ha":28.57,"on_drain_share":0.0,"downstream":"L01992"}},{"type":"Feature","geometry":{"type":"LineString","coordinates":[[77.25987228199389,28.56163347516362],[77.26028092694494,28.561626667572444],[77.26047946529756,28.561352678228587],[77.26099026989404,28.561344166338955],[77.26182491940969,28.56214229780567],[77.26173047440024,28.562504780770368],[77.26142977522713,28.562780474859636],[77.2613526887357,28.563954712158495],[77.26055273607487,28.564780088459916],[77.26055852115503,28.56505067339709],[77.2604582849345,28.565142570787785],[77.26025395571129,28.56514597538592],[77.26026552459864,28.565687145331054],[77.25996481291239,28.5659628367784]]},"properties":{"id":"L01996","strahler":1,"length_m":761.8,"drop_m":4.23,"gradient":0.00555,"area_ha":23.92,"on_drain_share":0.0,"downstream":"L01951"}},{"type":"Feature","geometry":{"type":"LineString","coordinates":[[77.27078461292155,28.565331016408567],[77.27099475291665,28.565598178894398],[77.27120101898555,28.56568495238099]]},"properties":{"id":"L01997","strahler":1,"length_m":62.4,"drop_m":1.3,"gradient":0.02081,"area_ha":4.79,"on_drain_share":0.0,"downstream":null}},{"type":"Feature","geometry":{"type":"LineString","coordinates":[[77.28427408744312,28.565284993252188],[77.2844784135221,28.565281552477988],[77.28458252542588,28.56537002544234],[77.28478490257335,28.56527639074064],[77.28560220631582,28.565262622728294],[77.28590284510024,28.56498687829886],[77.28651582080398,28.564976547796928],[77.28661603280868,28.56488463243427],[77.2870246827148,28.564877743615387],[77.287232909829,28.565054685353733]]},"properties":{"id":"L02007","strahler":2,"length_m":323.1,"drop_m":1.53,"gradient":0.00474,"area_ha":74.27,"on_drain_share":0.0,"downstream":"L02014"}},{"type":"Feature","geometry":{"type":"LineString","coordinates":[[77.28252757876783,28.564863259434077],[77.28314834571722,28.565213718460893],[77.28416997586928,28.565196520030415],[77.28427408744312,28.565284993252188]]},"properties":{"id":"L01999","strahler":2,"length_m":190.7,"drop_m":-0.97,"gradient":0.0,"area_ha":63.55,"on_drain_share":0.0,"downstream":"L02007"}},{"type":"Feature","geometry":{"type":"LineString","coordinates":[[77.21704325075517,28.561257391786757],[77.21683892295898,28.561260730610766],[77.21663837639625,28.561444464607344],[77.21665539253337,28.56225624420136],[77.21675944822213,28.562344772632738],[77.21676512071127,28.562615365784456],[77.21596481034813,28.56344049797371],[77.2156885526326,28.56488866819106],[77.21528744169419,28.56525613331949],[77.21529122129176,28.56543652885799],[77.21550122735101,28.56570378517962],[77.21551445761642,28.566335169408216]]},"properties":{"id":"L02000","strahler":1,"length_m":662.8,"drop_m":4.08,"gradient":0.00615,"area_ha":16.4,"on_drain_share":0.0,"downstream":"L01995"}},{"type":"Feature","geometry":{"type":"LineString","coordinates":[[77.21813678552418,28.564668202961116],[77.21733268894303,28.565312947997587],[77.21723052115289,28.565314617881953],[77.21702051175316,28.565047364424142],[77.21671779105957,28.56523276846876],[77.2164112877675,28.565237776489983],[77.21551445761642,28.566335169408216]]},"properties":{"id":"L02001","strahler":1,"length_m":382.8,"drop_m":4.6,"gradient":0.01202,"area_ha":12.03,"on_drain_share":0.0,"downstream":"L01995"}},{"type":"Feature","geometry":{"type":"LineString","coordinates":[[77.23171160774183,28.563813970473444],[77.23172493371682,28.564445347913825],[77.23193497737856,28.564712576614504],[77.23194259321475,28.565073363628404],[77.23204666381662,28.56516187942642],[77.23205428017577,28.56552266638891],[77.2321583513345,28.565611182065908],[77.23216596821665,28.565971968976992],[77.2320657049771,28.566063846793174]]},"properties":{"id":"L02003","strahler":2,"length_m":270.7,"drop_m":-0.17,"gradient":0.0,"area_ha":27.72,"on_drain_share":0.0,"downstream":"L01987"}},{"type":"Feature","geometry":{"type":"LineString","coordinates":[[77.287232909829,28.565054685353733],[77.28753939763241,28.56504951743375],[77.28794024108241,28.564681852755974],[77.28834888982641,28.56467495999475]]},"properties":{"id":"L02014","strahler":2,"length_m":126.6,"drop_m":0.5,"gradient":0.00393,"area_ha":81.85,"on_drain_share":0.0,"downstream":"L02008"}},{"type":"Feature","geometry":{"type":"LineString","coordinates":[[77.19865271988698,28.566429046529993],[77.19895360247031,28.566153482168414],[77.19987313091833,28.566138573866958],[77.20017400935424,28.565863007006005],[77.20015711714568,28.565051218802193],[77.2003577004893,28.564867507320365],[77.20035394644665,28.56468710994678]]},"properties":{"id":"L02029","strahler":1,"length_m":313.1,"drop_m":2.17,"gradient":0.00694,"area_ha":6.8,"on_drain_share":0.0,"downstream":"L02045"}},{"type":"Feature","geometry":{"type":"LineString","coordinates":[[77.240316397696,28.564754878492796],[77.23941409966217,28.56558182672518],[77.23941983086361,28.565852415568443]]},"properties":{"id":"L02006","strahler":2,"length_m":157.3,"drop_m":-3.88,"gradient":0.0,"area_ha":16.13,"on_drain_share":0.0,"downstream":"L01955"}},{"type":"Feature","geometry":{"type":"LineString","coordinates":[[77.28834888982641,28.56467495999475],[77.28886555801081,28.564936921925444],[77.28998934369261,28.56491795605945]]},"properties":{"id":"L02008","strahler":3,"length_m":172.4,"drop_m":0.86,"gradient":0.00501,"area_ha":122.71,"on_drain_share":0.0,"downstream":null}},{"type":"Feature","geometry":{"type":"LineString","coordinates":[[77.27300313552084,28.56394046127219],[77.27362580786993,28.564381160230013],[77.27403445953543,28.56437431063258],[77.2741346825384,28.564282403904134],[77.27433900812588,28.564278978503765],[77.27444311105825,28.564367459806267],[77.27515825087983,28.564355467903273],[77.27609324839113,28.565061596289713],[77.27619541180252,28.5650598821111],[77.27659435519975,28.564602054750043]]},"properties":{"id":"L02016","strahler":1,"length_m":438.7,"drop_m":-1.75,"gradient":0.0,"area_ha":14.46,"on_drain_share":0.0,"downstream":"L02021"}},{"type":"Feature","geometry":{"type":"LineString","coordinates":[[77.17216256563752,28.565502347544474],[77.17257124984145,28.565495803208673],[77.17288332388472,28.565761495151122],[77.17289073864373,28.566122296467434],[77.17320096141002,28.566297787202892],[77.17351489372044,28.56665367773491]]},"properties":{"id":"L02011","strahler":1,"length_m":213.1,"drop_m":3.84,"gradient":0.01804,"area_ha":5.63,"on_drain_share":0.0,"downstream":"L01982"}},{"type":"Feature","geometry":{"type":"LineString","coordinates":[[77.24604723996725,28.565111254621076],[77.24574074316469,28.565116328855165],[77.24543807726795,28.565301794228496],[77.2454399927737,28.56539199014179]]},"properties":{"id":"L02012","strahler":1,"length_m":78.3,"drop_m":-0.2,"gradient":0.0,"area_ha":4.53,"on_drain_share":0.0,"downstream":null}},{"type":"Feature","geometry":{"type":"LineString","coordinates":[[77.27711099714324,28.564864063163824],[77.27710711221889,28.564683675275056],[77.27689501719776,28.56432632904225],[77.27658270330346,28.56406089085222]]},"properties":{"id":"L02022","strahler":1,"length_m":110.7,"drop_m":0.5,"gradient":0.00448,"area_ha":4.64,"on_drain_share":0.0,"downstream":"L02034"}},{"type":"Feature","geometry":{"type":"LineString","coordinates":[[77.27911537598892,28.56302587332821],[77.27963590449514,28.563468259881375],[77.27974778921786,28.5639175120891],[77.28016421738344,28.564271419207525],[77.28057286676321,28.564264549948366],[77.28077913695209,28.56435130857778],[77.28088519064984,28.56452997833383],[77.28128994882096,28.56434271947569],[77.28149816585554,28.564519670643183],[77.28231546562881,28.564505922754662],[77.28252757876783,28.564863259434077]]},"properties":{"id":"L02013","strahler":2,"length_m":474.6,"drop_m":2.21,"gradient":0.00467,"area_ha":49.03,"on_drain_share":0.0,"downstream":"L01999"}},{"type":"Feature","geometry":{"type":"LineString","coordinates":[[77.28626079019067,28.562634963742767],[77.28627249090232,28.563176124097897],[77.2865848247288,28.56344153875825],[77.28689130799775,28.56343637256769],[77.28834888982641,28.56467495999475]]},"properties":{"id":"L02015","strahler":2,"length_m":330.4,"drop_m":0.96,"gradient":0.00291,"area_ha":36.17,"on_drain_share":0.0,"downstream":"L02008"}},{"type":"Feature","geometry":{"type":"LineString","coordinates":[[77.22315244562068,28.565037243028847],[77.22377683031898,28.56556837941485],[77.22387899789976,28.565566704589195],[77.2242800782533,28.565199215647418],[77.22427438593311,28.56492862398036],[77.22385433581522,28.564394140356594],[77.22385054177917,28.564213745839545],[77.2241513487837,28.563938129453692],[77.22403780000911,28.563398620865932],[77.22341342768229,28.562867484886006],[77.22340963463847,28.562687090274274],[77.22421177559173,28.561952114861754],[77.22482475981028,28.561942063951157],[77.22503288350056,28.562119107465964],[77.22554370422522,28.562110728764395],[77.22627214535858,28.562730375304383]]},"properties":{"id":"L02047","strahler":1,"length_m":839.8,"drop_m":2.57,"gradient":0.00305,"area_ha":21.23,"on_drain_share":0.0,"downstream":"L02043"}},{"type":"Feature","geometry":{"type":"LineString","coordinates":[[77.27659435519975,28.564602054750043],[77.27669457603969,28.564510146246107],[77.27658270330346,28.56406089085222]]},"properties":{"id":"L02021","strahler":2,"length_m":68.3,"drop_m":0.24,"gradient":0.00353,"area_ha":20.0,"on_drain_share":0.0,"downstream":"L02034"}},{"type":"Feature","geometry":{"type":"LineString","coordinates":[[77.20359889272922,28.56346146265026],[77.20380698633826,28.563638540510503],[77.2041134876097,28.563633561207155],[77.20442563003299,28.56389917657161],[77.20443315179351,28.56425997036539],[77.20453719999836,28.564348508609147],[77.2045428416964,28.56461910391818],[77.20444255418869,28.56471096257808],[77.20537899859825,28.565507803175247],[77.20568174173322,28.56532242331601],[77.20567797854056,28.565142026601958],[77.20587855187026,28.564958307472633],[77.20576885707045,28.56459917528647],[77.20637245367534,28.564138215191896],[77.20698734060204,28.564218442439994],[77.20718790987868,28.56403472157234],[77.20749441159855,28.564029734571307],[77.20769497960555,28.563846013017077],[77.20953398484534,28.563816073950854],[77.20994830769324,28.564080011787798],[77.21046102870021,28.564161887414755],[77.210669134526,28.564338954015476],[77.21127082054981,28.56378777531374],[77.21147892686338,28.563964840646225]]},"properties":{"id":"L02037","strahler":2,"length_m":1116.4,"drop_m":4.4,"gradient":0.00394,"area_ha":83.98,"on_drain_share":0.0,"downstream":"L01991"}},{"type":"Feature","geometry":{"type":"LineString","coordinates":[[77.26524841732943,28.56452130616264],[77.26463543518618,28.564531540466323],[77.26442917610467,28.56444475654366]]},"properties":{"id":"L02018","strahler":1,"length_m":84.1,"drop_m":0.88,"gradient":0.01043,"area_ha":5.75,"on_drain_share":0.0,"downstream":"L01986"}},{"type":"Feature","geometry":{"type":"LineString","coordinates":[[77.28320960833781,28.56331793407871],[77.28331566484151,28.56349660178335],[77.28362409688656,28.563581636516368],[77.28455719071384,28.564197510272614],[77.28527037497037,28.564095271706247],[77.2856692737571,28.56363742002641],[77.28565757590695,28.56309625947971],[77.28534524533733,28.562830842479464],[77.28584434982548,28.562281076069574]]},"properties":{"id":"L02042","strahler":1,"length_m":501.1,"drop_m":1.64,"gradient":0.00327,"area_ha":9.64,"on_drain_share":0.0,"downstream":"L02041"}},{"type":"Feature","geometry":{"type":"LineString","coordinates":[[77.24093130302725,28.564834950148427],[77.24082722581295,28.56474644156465],[77.240316397696,28.564754878492796]]},"properties":{"id":"L02019","strahler":1,"length_m":64.1,"drop_m":-1.59,"gradient":0.0,"area_ha":4.72,"on_drain_share":0.0,"downstream":"L02006"}},{"type":"Feature","geometry":{"type":"LineString","coordinates":[[77.26452940804074,28.564352856440646],[77.26442917610467,28.56444475654366]]},"properties":{"id":"L02020","strahler":1,"length_m":14.1,"drop_m":0.0,"gradient":0.0,"area_ha":4.14,"on_drain_share":0.0,"downstream":"L01986"}},{"type":"Feature","geometry":{"type":"LineString","coordinates":[[77.23894622656066,28.56279248615868],[77.23976353704911,28.56277899524775],[77.24018174624645,28.563223229300135],[77.24028773231868,28.563401934770617],[77.24029728722483,28.563852916044258],[77.24060951534403,28.56411844299839],[77.24051308397947,28.56439071903871],[77.24031257553149,28.564574486013615],[77.240316397696,28.564754878492796]]},"properties":{"id":"L02023","strahler":1,"length_m":345.6,"drop_m":4.38,"gradient":0.01268,"area_ha":9.62,"on_drain_share":0.0,"downstream":"L02006"}},{"type":"Feature","geometry":{"type":"LineString","coordinates":[[77.27658270330346,28.56406089085222],[77.2774846803877,28.563233712239136],[77.27819981103016,28.563221704744926],[77.27830002916537,28.563129795190715],[77.2785043519339,28.563126363646088],[77.27890716580386,28.562848918070458],[77.27911537598892,28.56302587332821]]},"properties":{"id":"L02034","strahler":2,"length_m":312.1,"drop_m":2.53,"gradient":0.00812,"area_ha":30.77,"on_drain_share":0.0,"downstream":"L02013"}},{"type":"Feature","geometry":{"type":"LineString","coordinates":[[77.25267453314464,28.564369774821476],[77.25297718262327,28.564184294131877],[77.25318151101578,28.56418090059273]]},"properties":{"id":"L02026","strahler":1,"length_m":58.3,"drop_m":0.19,"gradient":0.00332,"area_ha":4.89,"on_drain_share":0.0,"downstream":"L01934"}},{"type":"Feature","geometry":{"type":"LineString","coordinates":[[77.17798816066548,28.56549917474249],[77.17899127860154,28.564580768006007],[77.17929778770356,28.56457584459271],[77.17969902886023,28.56420847920484],[77.18011142545672,28.564382312281378]]},"properties":{"id":"L02036","strahler":1,"length_m":276.3,"drop_m":0.52,"gradient":0.00189,"area_ha":11.29,"on_drain_share":0.0,"downstream":"L01931"}},{"type":"Feature","geometry":{"type":"LineString","coordinates":[[77.19975031873024,28.565148044826653],[77.1999527796904,28.565054532608418]]},"properties":{"id":"L02024","strahler":1,"length_m":24.1,"drop_m":0.04,"gradient":0.0016,"area_ha":4.53,"on_drain_share":0.0,"downstream":"L02028"}},{"type":"Feature","geometry":{"type":"LineString","coordinates":[[77.19943443091289,28.56470202081518],[77.19985061094984,28.5650561893963],[77.1999527796904,28.565054532608418]]},"properties":{"id":"L02025","strahler":2,"length_m":66.6,"drop_m":-0.02,"gradient":0.0,"area_ha":23.77,"on_drain_share":0.0,"downstream":"L02028"}},{"type":"Feature","geometry":{"type":"LineString","coordinates":[[77.1999527796904,28.565054532608418],[77.20035394644665,28.56468710994678]]},"properties":{"id":"L02028","strahler":2,"length_m":56.6,"drop_m":-0.99,"gradient":0.0,"area_ha":28.48,"on_drain_share":0.0,"downstream":"L02045"}},{"type":"Feature","geometry":{"type":"LineString","coordinates":[[77.25007051823737,28.562067075730774],[77.25007435664178,28.56224746706723],[77.25017651917642,28.562245772625776],[77.25069693049151,28.56268827739491],[77.2504983634807,28.562962253931456],[77.25050412240878,28.563232840818785],[77.2504038785174,28.563324731193],[77.25071804857147,28.563680429161508],[77.25102454016435,28.563675343920735],[77.2512327084841,28.563852344526115],[77.25143703648111,28.563848953649046],[77.2517492907341,28.56411445337749],[77.25236227591974,28.564104277406493],[77.25256276129487,28.56392049382419],[77.25286925319367,28.56391540437892],[77.25318151101578,28.56418090059273]]},"properties":{"id":"L02027","strahler":2,"length_m":517.0,"drop_m":4.17,"gradient":0.00807,"area_ha":19.37,"on_drain_share":0.0,"downstream":"L01934"}},{"type":"Feature","geometry":{"type":"LineString","coordinates":[[77.22763448833335,28.564332120813027],[77.22742445589695,28.564064884788326],[77.228527369554,28.563054261376248],[77.22883386399424,28.563049226344887],[77.2289341275414,28.562957350883977],[77.2294563611881,28.563490138849488],[77.23027368237003,28.56347670478218],[77.23048181779842,28.563653739219205],[77.23068614831935,28.56365037960197],[77.23078641069124,28.563558502836628],[77.23099074098575,28.563555142771065],[77.23119126482482,28.563371388761443],[77.23171160774183,28.563813970473444]]},"properties":{"id":"L02032","strahler":1,"length_m":580.1,"drop_m":2.72,"gradient":0.00469,"area_ha":18.96,"on_drain_share":0.0,"downstream":"L02003"}},{"type":"Feature","geometry":{"type":"LineString","coordinates":[[77.20035394644665,28.56468710994678],[77.20055452878098,28.56450339822136],[77.2005488973116,28.564232802180367],[77.20074947847995,28.564049090221115],[77.20073633758986,28.563417699481054],[77.20123966236014,28.563048617259348],[77.20175049580482,28.56304032785478],[77.20216667616604,28.56339448933957],[77.20237101011021,28.563391172376036],[77.20257910164793,28.563568252243407],[77.20308429940681,28.563289362043914],[77.2033945588184,28.563464781469722],[77.20359889272922,28.56346146265026]]},"properties":{"id":"L02045","strahler":2,"length_m":498.7,"drop_m":2.14,"gradient":0.00429,"area_ha":43.72,"on_drain_share":0.0,"downstream":"L02037"}},{"type":"Feature","geometry":{"type":"LineString","coordinates":[[77.19490530973434,28.56315124633309],[77.19521930153333,28.563507083279728],[77.19624097677277,28.56349054762387],[77.19714361634072,28.56266386883072],[77.19745011616368,28.56265890472872],[77.19765632389311,28.562745793821605],[77.19797407293758,28.563282021679836],[77.19880641478132,28.563990367648774],[77.19943443091289,28.56470202081518]]},"properties":{"id":"L02030","strahler":1,"length_m":624.3,"drop_m":8.95,"gradient":0.01434,"area_ha":16.71,"on_drain_share":0.0,"downstream":"L02025"}},{"type":"Feature","geometry":{"type":"LineString","coordinates":[[77.19918694702861,28.562630761759188],[77.19930599732228,28.563440894566813],[77.19951033174975,28.56343758190492],[77.19971841890002,28.563614666420264],[77.19972780094425,28.56406566010858],[77.19942880226218,28.564431424578064],[77.19943443091289,28.56470202081518]]},"properties":{"id":"L02031","strahler":1,"length_m":274.9,"drop_m":6.48,"gradient":0.02359,"area_ha":6.35,"on_drain_share":0.0,"downstream":"L02025"}},{"type":"Feature","geometry":{"type":"LineString","coordinates":[[77.26939259684349,28.56237682551197],[77.26828816979784,28.56329756455553],[77.26787565172742,28.563124007529048],[77.26736677500136,28.56322274039105],[77.26705448691047,28.562957278668648],[77.26674800079374,28.56296239998883],[77.2662275252917,28.562519960720106],[77.2658188785731,28.562526786408437],[77.26529840898043,28.562084343205072],[77.26529454464479,28.561903953761522],[77.26508635840847,28.561726975813503],[77.26507863061046,28.561366196849114],[77.2649745381365,28.561277707708108]]},"properties":{"id":"L02055","strahler":1,"length_m":610.1,"drop_m":1.11,"gradient":0.00182,"area_ha":18.31,"on_drain_share":0.0,"downstream":"L02067"}},{"type":"Feature","geometry":{"type":"LineString","coordinates":[[77.17283698472984,28.563506486449374],[77.17273666900792,28.563598323114622],[77.17284254514725,28.563777087536806],[77.17325678403934,28.564041142516285],[77.17345926915874,28.563947668686673],[77.17366731651195,28.564124795498042],[77.17397382537965,28.56411988417911],[77.17428589842044,28.564385572972185],[77.17469457773288,28.564379022476245],[77.1746982879713,28.564559422956417],[77.17480231317106,28.564647985360164],[77.17500665328097,28.564644709460946],[77.17520728223143,28.56446103283799],[77.17520171560736,28.564190432203496],[77.17550080126246,28.563824716618267],[77.17621598559974,28.563813246247406],[77.1768178592496,28.563262210756147],[77.17722653353357,28.563255652871582],[77.17742715592763,28.563071973281712],[77.17783954470337,28.563245813740178],[77.17793799763528,28.56306377349059],[77.1783448127293,28.56296701223474]]},"properties":{"id":"L02051","strahler":1,"length_m":760.1,"drop_m":2.94,"gradient":0.00387,"area_ha":15.93,"on_drain_share":0.0,"downstream":"L02040"}},{"type":"Feature","geometry":{"type":"LineString","coordinates":[[77.2317039930915,28.563453183335707],[77.23171160774183,28.563813970473444]]},"properties":{"id":"L02033","strahler":1,"length_m":40.0,"drop_m":-0.11,"gradient":0.0,"area_ha":5.88,"on_drain_share":0.0,"downstream":"L02003"}},{"type":"Feature","geometry":{"type":"LineString","coordinates":[[77.27867368964387,28.561499441996837],[77.27857347329659,28.561591351741175],[77.27857736022237,28.561771739527735],[77.27899766347782,28.56230603876816],[77.27900155124217,28.562486426482376],[77.27910565594222,28.562574904104405],[77.27911537598892,28.56302587332821]]},"properties":{"id":"L02035","strahler":1,"length_m":194.9,"drop_m":2.32,"gradient":0.0119,"area_ha":7.29,"on_drain_share":0.0,"downstream":"L02013"}},{"type":"Feature","geometry":{"type":"LineString","coordinates":[[77.21052359855685,28.562266062850853],[77.21062764945258,28.562354596271476],[77.21063330626099,28.562625190546733],[77.21084140914813,28.562802257071198],[77.21084706660842,28.563072851289473],[77.21136921462062,28.563605713935633],[77.21147892686338,28.563964840646225]]},"properties":{"id":"L02038","strahler":2,"length_m":227.3,"drop_m":-0.25,"gradient":0.0,"area_ha":17.52,"on_drain_share":0.0,"downstream":"L01991"}},{"type":"Feature","geometry":{"type":"LineString","coordinates":[[77.28778148617822,28.562067970377047],[77.28778343752491,28.562158163684423],[77.28738260242585,28.56252582750885],[77.28646316060639,28.562541326884656],[77.28626079019067,28.562634963742767]]},"properties":{"id":"L02039","strahler":1,"length_m":180.7,"drop_m":0.17,"gradient":0.00095,"area_ha":8.88,"on_drain_share":0.0,"downstream":"L02015"}},{"type":"Feature","geometry":{"type":"LineString","coordinates":[[77.1783448127293,28.56296701223474],[77.17886494646949,28.563409809052423],[77.17896711505645,28.5634081681479],[77.17896897373942,28.56349836814485],[77.17937764834973,28.563491803734056],[77.17958756326948,28.563759120940503],[77.17959128175615,28.56393952084912],[77.18011142545672,28.564382312281378]]},"properties":{"id":"L02040","strahler":2,"length_m":259.7,"drop_m":3.92,"gradient":0.01508,"area_ha":32.52,"on_drain_share":0.0,"downstream":"L01931"}},{"type":"Feature","geometry":{"type":"LineString","coordinates":[[77.18491151613225,28.56421486060359],[77.1852161588965,28.564119724267414],[77.18541676811232,28.56393603354392],[77.18674495987013,28.563914631321698],[77.18804888666264,28.562720623255316],[77.18813425620489,28.561907180341482]]},"properties":{"id":"L02061","strahler":1,"length_m":470.4,"drop_m":2.76,"gradient":0.00586,"area_ha":12.1,"on_drain_share":0.0,"downstream":"L02075"}},{"type":"Feature","geometry":{"type":"LineString","coordinates":[[77.28584434982548,28.562281076069574],[77.28594650985643,28.56227935470394],[77.28626079019067,28.562634963742767]]},"properties":{"id":"L02041","strahler":2,"length_m":62.4,"drop_m":0.07,"gradient":0.00114,"area_ha":22.14,"on_drain_share":0.0,"downstream":"L02015"}},{"type":"Feature","geometry":{"type":"LineString","coordinates":[[77.22627214535858,28.562730375304383],[77.22627594329012,28.56291076956342],[77.2264859704467,28.563178007698426],[77.22638570444617,28.563269881476018]]},"properties":{"id":"L02043","strahler":2,"length_m":72.4,"drop_m":-0.67,"gradient":0.0,"area_ha":31.09,"on_drain_share":0.0,"downstream":null}},{"type":"Feature","geometry":{"type":"LineString","coordinates":[[77.28336524057556,28.561059655535555],[77.28336913558518,28.561240042732923],[77.2835773493745,28.561416990931445],[77.28409009422235,28.561498585652807],[77.28471474267917,28.562029425522873],[77.28512338210005,28.562022543055587],[77.28533160026748,28.562199488285607],[77.28574024016893,28.562192603923876],[77.28584434982548,28.562281076069574]]},"properties":{"id":"L02044","strahler":1,"length_m":309.7,"drop_m":2.27,"gradient":0.00732,"area_ha":10.2,"on_drain_share":0.0,"downstream":"L02041"}},{"type":"Feature","geometry":{"type":"LineString","coordinates":[[77.20306738667186,28.56247757512391],[77.20307866175074,28.563018766415723],[77.20359889272922,28.56346146265026]]},"properties":{"id":"L02046","strahler":1,"length_m":130.7,"drop_m":0.72,"gradient":0.00549,"area_ha":5.89,"on_drain_share":0.0,"downstream":"L02037"}},{"type":"Feature","geometry":{"type":"LineString","coordinates":[[77.22044685095966,28.562735614325668],[77.22124901411102,28.562000655283867],[77.22113737724925,28.561551340647664],[77.22153845346813,28.561183859932186],[77.22153466388623,28.561003465045697],[77.22143060585834,28.560914940411564],[77.22173141077904,28.56063932944182],[77.22203789964183,28.560634310143122],[77.22243328284013,28.559996234882004]]},"properties":{"id":"L02071","strahler":1,"length_m":417.0,"drop_m":3.16,"gradient":0.00759,"area_ha":13.07,"on_drain_share":0.0,"downstream":null}},{"type":"Feature","geometry":{"type":"LineString","coordinates":[[77.22707236592413,28.561905186956146],[77.2266637105813,28.56191189462933],[77.22626265068251,28.56227938963378],[77.22627214535858,28.562730375304383]]},"properties":{"id":"L02048","strahler":1,"length_m":146.6,"drop_m":2.52,"gradient":0.01719,"area_ha":8.8,"on_drain_share":0.0,"downstream":"L02043"}},{"type":"Feature","geometry":{"type":"LineString","coordinates":[[77.2416912626145,28.5621155613478],[77.24107828445476,28.562125688483164],[77.24055791370391,28.56168314434627],[77.24004710028356,28.561691579436193],[77.23994302704605,28.561603069921198],[77.23963844938919,28.5616983261257],[77.2393376911949,28.561973974349492],[77.23892140032848,28.561619933509945],[77.23890039467541,28.560627773402654],[77.23879632344672,28.560539262882347],[77.23879250454266,28.560358870103236],[77.23837813119754,28.560095023474847],[77.23837622213283,28.5600048270542]]},"properties":{"id":"L02069","strahler":1,"length_m":534.6,"drop_m":3.58,"gradient":0.0067,"area_ha":18.41,"on_drain_share":0.0,"downstream":null}},{"type":"Feature","geometry":{"type":"LineString","coordinates":[[77.249234034498,28.56117867112935],[77.2496503557918,28.56153267848526],[77.25007051823737,28.562067075730774]]},"properties":{"id":"L02049","strahler":1,"length_m":133.1,"drop_m":-1.59,"gradient":0.0,"area_ha":5.75,"on_drain_share":0.0,"downstream":"L02027"}},{"type":"Feature","geometry":{"type":"LineString","coordinates":[[77.25088013739047,28.561692735663428],[77.25077989521056,28.561784626234452],[77.25037124697,28.561791405256248],[77.25007051823737,28.562067075730774]]},"properties":{"id":"L02050","strahler":1,"length_m":96.6,"drop_m":0.34,"gradient":0.00352,"area_ha":5.75,"on_drain_share":0.0,"downstream":"L02027"}},{"type":"Feature","geometry":{"type":"LineString","coordinates":[[77.27213156874139,28.561428712919284],[77.27283312016147,28.560785374490468],[77.27282924318821,28.56060498595613],[77.27303162321209,28.560511368666347],[77.27302774594452,28.56033098014963],[77.27332840648468,28.560055262353558]]},"properties":{"id":"L02065","strahler":1,"length_m":205.6,"drop_m":-5.34,"gradient":0.0,"area_ha":10.46,"on_drain_share":0.0,"downstream":null}},{"type":"Feature","geometry":{"type":"LineString","coordinates":[[77.17578132549399,28.56255699852924],[77.17598937359082,28.562734121748452],[77.17619370984266,28.562730844262283],[77.17709836646895,28.561994490784205],[77.1781386183783,28.562880092930165],[77.1783448127293,28.56296701223474]]},"properties":{"id":"L02052","strahler":1,"length_m":337.0,"drop_m":0.84,"gradient":0.00249,"area_ha":9.07,"on_drain_share":0.0,"downstream":"L02040"}},{"type":"Feature","geometry":{"type":"LineString","coordinates":[[77.19048595198832,28.561959460768396],[77.19090209251685,28.562313659185474],[77.19101360361302,28.562763005692943]]},"properties":{"id":"L02053","strahler":1,"length_m":110.7,"drop_m":-0.91,"gradient":0.0,"area_ha":4.94,"on_drain_share":0.0,"downstream":"L01990"}},{"type":"Feature","geometry":{"type":"LineString","coordinates":[[77.19131449754214,28.562487457627842],[77.19101360361302,28.562763005692943]]},"properties":{"id":"L02054","strahler":1,"length_m":42.4,"drop_m":-0.68,"gradient":0.0,"area_ha":5.56,"on_drain_share":0.0,"downstream":"L01990"}},{"type":"Feature","geometry":{"type":"LineString","coordinates":[[77.2753968087917,28.561193534689643],[77.27456207086178,28.560395492058667],[77.27455431118115,28.560034715397986]]},"properties":{"id":"L02066","strahler":1,"length_m":163.1,"drop_m":3.06,"gradient":0.01874,"area_ha":6.16,"on_drain_share":0.0,"downstream":null}},{"type":"Feature","geometry":{"type":"LineString","coordinates":[[77.2096874282119,28.5613773959008],[77.21052359855685,28.562266062850853]]},"properties":{"id":"L02056","strahler":1,"length_m":133.1,"drop_m":1.59,"gradient":0.01198,"area_ha":5.14,"on_drain_share":0.0,"downstream":"L02038"}},{"type":"Feature","geometry":{"type":"LineString","coordinates":[[77.21051982758584,28.562085666645732],[77.21052359855685,28.562266062850853]]},"properties":{"id":"L02057","strahler":1,"length_m":20.0,"drop_m":0.26,"gradient":0.01296,"area_ha":4.79,"on_drain_share":0.0,"downstream":"L02038"}},{"type":"Feature","geometry":{"type":"LineString","coordinates":[[77.2649745381365,28.561277707708108],[77.26445407837528,28.560835260640456],[77.26414759785311,28.560840375742476],[77.26362714361055,28.560397925156533],[77.26352112276723,28.560219239911202],[77.26361942121449,28.560037145756745]]},"properties":{"id":"L02067","strahler":2,"length_m":219.7,"drop_m":-0.25,"gradient":0.0,"area_ha":31.59,"on_drain_share":0.0,"downstream":null}},{"type":"Feature","geometry":{"type":"LineString","coordinates":[[77.2662004641102,28.561257235398905],[77.2659903451271,28.560990064149166],[77.26578409220605,28.560903281918158],[77.26557977192381,28.560906694072354],[77.2649745381365,28.561277707708108]]},"properties":{"id":"L02058","strahler":1,"length_m":159.0,"drop_m":0.64,"gradient":0.00401,"area_ha":6.61,"on_drain_share":0.0,"downstream":"L02067"}},{"type":"Feature","geometry":{"type":"LineString","coordinates":[[77.18323211617991,28.562076384299345],[77.18385443183718,28.56251751700847],[77.18416093396647,28.562512582937835],[77.18425937509357,28.5623305387101],[77.18528104647595,28.56231408616965],[77.18568225755675,28.56194670456295],[77.18598875765784,28.561941766454872],[77.18618936158126,28.561758074832436],[77.18639369455694,28.56175478209364]]},"properties":{"id":"L02063","strahler":2,"length_m":369.7,"drop_m":4.29,"gradient":0.01161,"area_ha":13.85,"on_drain_share":0.0,"downstream":"L02060"}},{"type":"Feature","geometry":{"type":"LineString","coordinates":[[77.18313181129926,28.562168228108398],[77.18323211617991,28.562076384299345]]},"properties":{"id":"L02059","strahler":1,"length_m":14.1,"drop_m":0.0,"gradient":0.0,"area_ha":4.89,"on_drain_share":0.0,"downstream":"L02063"}},{"type":"Feature","geometry":{"type":"LineString","coordinates":[[77.18639369455694,28.56175478209364],[77.18690452684612,28.561746548902434],[77.18700855868697,28.56183510156841],[77.18721289169942,28.561831807588327],[77.18742095621654,28.562008912317214],[77.18782962276569,28.562002322771626],[77.18793365559875,28.56209087466861],[77.18813425620489,28.561907180341482]]},"properties":{"id":"L02060","strahler":2,"length_m":194.9,"drop_m":1.48,"gradient":0.00757,"area_ha":27.98,"on_drain_share":0.0,"downstream":"L02075"}},{"type":"Feature","geometry":{"type":"LineString","coordinates":[[77.18169402744668,28.56183043735163],[77.18200611149443,28.562096107769836],[77.18302778215126,28.562079672312564],[77.18312808704903,28.561987828579028],[77.18323211617991,28.562076384299345]]},"properties":{"id":"L02062","strahler":1,"length_m":170.7,"drop_m":0.75,"gradient":0.00441,"area_ha":5.48,"on_drain_share":0.0,"downstream":"L02063"}},{"type":"Feature","geometry":{"type":"LineString","coordinates":[[77.207445455237,28.561684579302543],[77.20743792400842,28.56132378610549],[77.20722982954103,28.561146713846306],[77.20710319315562,28.559975797593154]]},"properties":{"id":"L02073","strahler":1,"length_m":202.4,"drop_m":1.05,"gradient":0.0052,"area_ha":7.06,"on_drain_share":0.0,"downstream":null}},{"type":"Feature","geometry":{"type":"LineString","coordinates":[[77.18813425620489,28.561907180341482],[77.18843515580946,28.561631638357092],[77.18843142259965,28.56145123945334],[77.18822335766127,28.561274136294127],[77.18821402574243,28.560823138937195],[77.1881099940119,28.56073458718467],[77.1881062614955,28.560554188217804],[77.18779416792081,28.560288532372972],[77.1877885700705,28.560017933845707]]},"properties":{"id":"L02075","strahler":2,"length_m":247.3,"drop_m":-0.78,"gradient":0.0,"area_ha":44.48,"on_drain_share":0.0,"downstream":null}},{"type":"Feature","geometry":{"type":"LineString","coordinates":[[77.18370756235493,28.56035436785584],[77.18432055406377,28.560344500367822],[77.18463450293908,28.560700364366593],[77.18473666851608,28.56069871926145],[77.18546487550428,28.561318598844977],[77.18597757050104,28.56140056886651],[77.18639369455694,28.56175478209364]]},"properties":{"id":"L02064","strahler":1,"length_m":332.1,"drop_m":-3.52,"gradient":0.0,"area_ha":10.12,"on_drain_share":0.0,"downstream":"L02060"}},{"type":"Feature","geometry":{"type":"LineString","coordinates":[[77.23553095853872,28.560773563059904],[77.23623274235642,28.56013040170369],[77.23623083511774,28.560040205151047]]},"properties":{"id":"L02068","strahler":1,"length_m":109.0,"drop_m":1.19,"gradient":0.01091,"area_ha":8.01,"on_drain_share":0.0,"downstream":null}},{"type":"Feature","geometry":{"type":"LineString","coordinates":[[77.21376078472595,28.56067939066375],[77.21374756803115,28.560048005158805]]},"properties":{"id":"L02072","strahler":1,"length_m":70.0,"drop_m":-2.05,"gradient":0.0,"area_ha":6.49,"on_drain_share":0.0,"downstream":null}},{"type":"Feature","geometry":{"type":"LineString","coordinates":[[77.23132707885583,28.560120942195116],[77.23132517579973,28.560030745339912]]},"properties":{"id":"L02070","strahler":1,"length_m":10.0,"drop_m":-0.1,"gradient":0.0,"area_ha":4.43,"on_drain_share":0.0,"downstream":null}},{"type":"Feature","geometry":{"type":"LineString","coordinates":[[77.19587453784145,28.560609141349556],[77.1962757038392,28.56024173068005],[77.1966843611355,28.560235114848318],[77.19699647545146,28.560500749016374],[77.19750729805328,28.560492476253906],[77.197607588206,28.560400622559907],[77.19760383954825,28.560220224733808],[77.19821682476903,28.560210294534556],[77.19841740309234,28.560026586121165]]},"properties":{"id":"L02074","strahler":1,"length_m":311.4,"drop_m":1.59,"gradient":0.00512,"area_ha":7.73,"on_drain_share":0.0,"downstream":null}},{"type":"Feature","geometry":{"type":"LineString","coordinates":[[77.17217023839483,28.56090049088752],[77.17247117940983,28.560624982186244],[77.1724674735746,28.5604445813343],[77.17236345458953,28.56035601675761],[77.17205695629772,28.56036092385048],[77.17184891932013,28.560183793928637],[77.17184521461371,28.560003392990353]]},"properties":{"id":"L02076","strahler":1,"length_m":154.9,"drop_m":0.63,"gradient":0.00409,"area_ha":6.23,"on_drain_share":0.0,"downstream":null}}]}