{"type":"FeatureCollection","features":[{"type":"Feature","geometry":{"type":"LineString","coordinates":[[80.17173328963807,13.044967147369984],[80.1718252114071,13.045057859752582],[80.17182430867489,13.045329111803364],[80.17154643617728,13.045689895953027],[80.17163474605148,13.046865616465707],[80.17154222162291,13.046955738656354],[80.17144638498625,13.048040451386859],[80.17172185233468,13.048403006200035],[80.17181196928864,13.049036222589313],[80.17236260708725,13.049851748653639],[80.17236200542976,13.050032583312614]]},"properties":{"id":"L00000","strahler":1,"length_m":630.4,"drop_m":1.29,"gradient":0.00205,"area_ha":19.87,"on_drain_share":0.0,"downstream":null}},{"type":"Feature","geometry":{"type":"LineString","coordinates":[[80.17458109577223,13.04832172198646],[80.17485686807427,13.04859385635151],[80.17420949870295,13.049134301717125],[80.17439244687648,13.049586977067142],[80.1742987218211,13.050038769722015]]},"properties":{"id":"L00001","strahler":3,"length_m":249.7,"drop_m":3.35,"gradient":0.01341,"area_ha":93.5,"on_drain_share":0.0,"downstream":null}},{"type":"Feature","geometry":{"type":"LineString","coordinates":[[80.17974295935215,13.049151898042176],[80.17955851053324,13.049151313403542],[80.17928094242637,13.049421688675462],[80.17909649342886,13.049421103695716],[80.17891114912263,13.049691771029938],[80.17891025378466,13.049963023469589],[80.17872580440302,13.049962438201844]]},"properties":{"id":"L00002","strahler":1,"length_m":170.7,"drop_m":1.84,"gradient":0.0108,"area_ha":5.9,"on_drain_share":0.0,"downstream":null}},{"type":"Feature","geometry":{"type":"LineString","coordinates":[[80.18482597018027,13.045912889431994],[80.18408610826305,13.046543488501332],[80.18408492229423,13.04690515897691],[80.18445263156093,13.047267991973756],[80.18463678290426,13.047358990669636],[80.18509790223345,13.047360442776757],[80.1851898299991,13.047451150738734],[80.18537427781789,13.047451731290096],[80.18555813369315,13.047633147002985],[80.18574258166379,13.047633727299862],[80.18611295649102,13.047182799199964],[80.18666629950478,13.04718453845146],[80.18703401314919,13.047547368019385],[80.18703312681882,13.047818621055628],[80.18675556791958,13.048089004940122],[80.18693912981225,13.048360837422203],[80.18693853882046,13.048541672764717],[80.18656845888543,13.048902184308888],[80.18647623440982,13.04890189444345],[80.18647446032226,13.049444400378116],[80.18665831843154,13.04962581541583],[80.18665772717632,13.049806650728046],[80.18647268615447,13.049986906289847]]},"properties":{"id":"L00004","strahler":1,"length_m":879.1,"drop_m":1.1,"gradient":0.00125,"area_ha":24.0,"on_drain_share":0.0,"downstream":null}},{"type":"Feature","geometry":{"type":"LineString","coordinates":[[80.1922855000142,13.049191345163935],[80.19228285779386,13.050005105213659]]},"properties":{"id":"L00005","strahler":1,"length_m":90.0,"drop_m":1.53,"gradient":0.01701,"area_ha":5.96,"on_drain_share":0.0,"downstream":null}},{"type":"Feature","geometry":{"type":"LineString","coordinates":[[80.19855474663589,13.049843766310788],[80.19836971368979,13.050024030881506]]},"properties":{"id":"L00007","strahler":3,"length_m":28.3,"drop_m":-1.67,"gradient":0.0,"area_ha":84.5,"on_drain_share":0.0,"downstream":null}},{"type":"Feature","geometry":{"type":"LineString","coordinates":[[80.20575148652937,13.048871344118673],[80.20491915067468,13.049592140200083],[80.20418337428477,13.048956946197162],[80.20390583156842,13.049227349462988],[80.2037213815895,13.049226782040195],[80.20362886715402,13.049316916317245],[80.20326025668038,13.049225362908244],[80.20298300239114,13.049405347081162],[80.20251984819767,13.050036852685565]]},"properties":{"id":"L00008","strahler":3,"length_m":481.8,"drop_m":1.46,"gradient":0.00304,"area_ha":126.2,"on_drain_share":0.0,"downstream":null}},{"type":"Feature","geometry":{"type":"LineString","coordinates":[[80.21220465793087,13.04970483859069],[80.21220379889388,13.049976093256666]]},"properties":{"id":"L00009","strahler":1,"length_m":30.0,"drop_m":0.09,"gradient":0.00309,"area_ha":4.19,"on_drain_share":0.0,"downstream":null}},{"type":"Feature","geometry":{"type":"LineString","coordinates":[[80.21875237955385,13.049815106085358],[80.2188440372279,13.049996221201493]]},"properties":{"id":"L00010","strahler":2,"length_m":24.1,"drop_m":-0.1,"gradient":0.0,"area_ha":28.82,"on_drain_share":0.0,"downstream":null}},{"type":"Feature","geometry":{"type":"LineString","coordinates":[[80.22235596043893,13.04765589593336],[80.22171038675465,13.047653955626568],[80.22161787907503,13.04774409674969],[80.22161476729707,13.048738699561017],[80.2209672089187,13.049369686171755],[80.22096692576748,13.049460104586954],[80.22059802395367,13.04945899390707],[80.22013519597266,13.050000115188315]]},"properties":{"id":"L00011","strahler":2,"length_m":423.8,"drop_m":-2.29,"gradient":0.0,"area_ha":40.76,"on_drain_share":0.0,"downstream":null}},{"type":"Feature","geometry":{"type":"LineString","coordinates":[[80.22991840277497,13.047678505365662],[80.23010257297237,13.047769472678736],[80.23010201337927,13.047950309922943],[80.23019395871215,13.048041002847683],[80.23028282689002,13.04912630056973],[80.23046671858175,13.049307686300649],[80.23046448094436,13.050031035238533]]},"properties":{"id":"L00012","strahler":3,"length_m":290.7,"drop_m":1.13,"gradient":0.00388,"area_ha":116.65,"on_drain_share":0.0,"downstream":null}},{"type":"Feature","geometry":{"type":"LineString","coordinates":[[80.23498521984193,13.049501920876711],[80.23461520395593,13.049862504995252],[80.23433852625097,13.049861686599458],[80.23433824794861,13.049952105297418]]},"properties":{"id":"L00013","strahler":2,"length_m":96.6,"drop_m":-0.03,"gradient":0.0,"area_ha":15.53,"on_drain_share":0.0,"downstream":null}},{"type":"Feature","geometry":{"type":"LineString","coordinates":[[80.24042958121431,13.048523340522076],[80.2415362877682,13.048526585958676],[80.2418121377776,13.048798653171938],[80.24171936091864,13.048979220714182],[80.24208716197862,13.049341976717926],[80.24217938785236,13.049342246777712],[80.24227078749897,13.049613773409824],[80.2424546887621,13.049795151118069],[80.24245413805801,13.04997598885687]]},"properties":{"id":"L00014","strahler":1,"length_m":335.6,"drop_m":0.96,"gradient":0.00285,"area_ha":9.14,"on_drain_share":0.0,"downstream":null}},{"type":"Feature","geometry":{"type":"LineString","coordinates":[[80.24660842281378,13.048631819307438],[80.24697595722377,13.049084987704049],[80.2474368131339,13.049176747917462],[80.24789657597113,13.049630183273223],[80.24789548248062,13.04999185920821]]},"properties":{"id":"L00015","strahler":3,"length_m":231.4,"drop_m":-0.0,"gradient":0.0,"area_ha":253.76,"on_drain_share":0.0,"downstream":null}},{"type":"Feature","geometry":{"type":"LineString","coordinates":[[80.25149829234638,13.04801306757488],[80.25149747626348,13.048284324785564],[80.25121998282684,13.048554781719815],[80.2507588539757,13.048553447278191],[80.25057385770155,13.048733751366775],[80.25038940604962,13.048733217221068],[80.25011191094698,13.049003672865439],[80.25011109328837,13.049274929969052],[80.24992609600476,13.04945523353005],[80.24992555074647,13.049636071585745],[80.25010945791567,13.049817444159112],[80.250108912775,13.049998282217375]]},"properties":{"id":"L00016","strahler":1,"length_m":339.7,"drop_m":1.22,"gradient":0.00359,"area_ha":9.47,"on_drain_share":0.0,"downstream":null}},{"type":"Feature","geometry":{"type":"LineString","coordinates":[[80.2542639765878,13.048382730184073],[80.25398648587624,13.048653190239325],[80.25398594360395,13.048834028474541],[80.2532465076964,13.049374415412037],[80.25324596485521,13.049555253606583],[80.25287597387218,13.049915865277264],[80.25287570230627,13.050006284363409]]},"properties":{"id":"L00017","strahler":1,"length_m":259.7,"drop_m":2.0,"gradient":0.00769,"area_ha":8.61,"on_drain_share":0.0,"downstream":null}},{"type":"Feature","geometry":{"type":"LineString","coordinates":[[80.25629186297381,13.048750244698715],[80.25629105206957,13.049021502191323],[80.25647469346282,13.049293289641206],[80.25647253144926,13.05001664294195]]},"properties":{"id":"L00018","strahler":1,"length_m":148.3,"drop_m":-0.1,"gradient":0.0,"area_ha":8.66,"on_drain_share":0.0,"downstream":null}},{"type":"Feature","geometry":{"type":"LineString","coordinates":[[80.1958892792567,13.047032516112534],[80.19671666804913,13.04784885424676],[80.19671608418763,13.048029690034369],[80.19735961299511,13.048664618068505],[80.19745183763133,13.048664904051027],[80.19855474663589,13.049843766310788]]},"properties":{"id":"L00019","strahler":3,"length_m":436.0,"drop_m":-2.68,"gradient":0.0,"area_ha":78.3,"on_drain_share":0.0,"downstream":"L00007"}},{"type":"Feature","geometry":{"type":"LineString","coordinates":[[80.19846514351065,13.049029719395907],[80.19846456086535,13.049210555244809],[80.19864842807482,13.049391962267615],[80.19864726300841,13.049753633969052],[80.19855474663589,13.049843766310788]]},"properties":{"id":"L00020","strahler":1,"length_m":102.4,"drop_m":-1.37,"gradient":0.0,"area_ha":5.95,"on_drain_share":0.0,"downstream":"L00007"}},{"type":"Feature","geometry":{"type":"LineString","coordinates":[[80.2728909819573,13.049339929978212],[80.2729829442311,13.049430608562716],[80.2727054715278,13.049701089689735],[80.27270494281755,13.049881928674608],[80.27279690520947,13.049972607328444]]},"properties":{"id":"L00021","strahler":2,"length_m":90.7,"drop_m":3.1,"gradient":0.03423,"area_ha":24.54,"on_drain_share":0.0,"downstream":null}},{"type":"Feature","geometry":{"type":"LineString","coordinates":[[80.27648913251907,13.048897912026982],[80.27639638009835,13.04907849334567],[80.27639532808783,13.049440171627037],[80.27667069342407,13.04989304290428],[80.27676265734259,13.049983720224802],[80.27694711101947,13.049984235625038]]},"properties":{"id":"L00022","strahler":2,"length_m":160.7,"drop_m":-0.11,"gradient":0.0,"area_ha":18.21,"on_drain_share":0.0,"downstream":null}},{"type":"Feature","geometry":{"type":"LineString","coordinates":[[80.21801684909582,13.049089531018744],[80.21810935853368,13.048999391294018],[80.218386034215,13.049000226984628],[80.21856991664984,13.049181620678691],[80.21856878056398,13.049543294133583],[80.21875237955385,13.049815106085358]]},"properties":{"id":"L00023","strahler":1,"length_m":150.7,"drop_m":2.2,"gradient":0.01462,"area_ha":5.5,"on_drain_share":0.0,"downstream":"L00010"}},{"type":"Feature","geometry":{"type":"LineString","coordinates":[[80.21636078210831,13.047818653528205],[80.21654580104789,13.047638375222142],[80.21691498438716,13.047549073184541],[80.21691612269714,13.047187399817437],[80.21673252756071,13.046915586731824],[80.21664172645033,13.046463215952992],[80.21701176154608,13.046102658614533],[80.21738122682264,13.045922937401537],[80.21756567496197,13.045923494951284],[80.2177506915889,13.045743215628475],[80.21821181166112,13.04574460857958],[80.21867151224836,13.046198092657466],[80.21867094441798,13.046378929432185],[80.21903842255188,13.046832134566301],[80.21903785495958,13.04701297134807],[80.21912979570291,13.047103667963968],[80.21912837684158,13.047555759914033],[80.21922031780876,13.04764645650722],[80.21921833153267,13.048279385220074],[80.21912553895852,13.048459943766423],[80.21940136300223,13.048732033498181],[80.2194007955882,13.048912870269161],[80.2191232684981,13.049183290802501],[80.21912241704014,13.049454545930526],[80.21875237955385,13.049815106085358]]},"properties":{"id":"L00024","strahler":1,"length_m":949.1,"drop_m":1.7,"gradient":0.0018,"area_ha":23.17,"on_drain_share":0.0,"downstream":"L00010"}},{"type":"Feature","geometry":{"type":"LineString","coordinates":[[80.2376611537228,13.04905771888915],[80.23738364517651,13.04932816010115],[80.23646138761605,13.049325440939384],[80.23618387752387,13.049595880770733],[80.23498521984193,13.049501920876711]]},"properties":{"id":"L00025","strahler":1,"length_m":319.0,"drop_m":2.02,"gradient":0.00634,"area_ha":6.47,"on_drain_share":0.0,"downstream":"L00013"}},{"type":"Feature","geometry":{"type":"LineString","coordinates":[[80.2352649545976,13.048508132596584],[80.23517245121258,13.048598278815232],[80.23517133931443,13.04895995370923],[80.23507883571995,13.049050099880121],[80.2352630090031,13.04914106367252],[80.23526273105266,13.049231482395111],[80.23498521984193,13.049501920876711]]},"properties":{"id":"L00026","strahler":1,"length_m":144.9,"drop_m":-0.95,"gradient":0.0,"area_ha":7.44,"on_drain_share":0.0,"downstream":"L00013"}},{"type":"Feature","geometry":{"type":"LineString","coordinates":[[80.26957401425767,13.048245547850291],[80.2699429184514,13.048246588629674],[80.27022039228686,13.047976110507314],[80.27040484420665,13.04797663049157],[80.27049680504902,13.048067309894618],[80.27095767010604,13.048159028594233],[80.27160139934257,13.048793782505905],[80.27178585192547,13.048794301538019],[80.27187781358408,13.04888498048718],[80.27215528617978,13.048614500230137],[80.2728909819573,13.049339929978212]]},"properties":{"id":"L00027","strahler":1,"length_m":459.4,"drop_m":0.08,"gradient":0.00018,"area_ha":15.81,"on_drain_share":0.0,"downstream":"L00021"}},{"type":"Feature","geometry":{"type":"LineString","coordinates":[[80.2728040412746,13.047531280785117],[80.27252630623958,13.047892181363292],[80.27252392673606,13.048705956856201],[80.27279981267054,13.04897799286674],[80.2728909819573,13.049339929978212]]},"properties":{"id":"L00028","strahler":1,"length_m":229.0,"drop_m":2.33,"gradient":0.01016,"area_ha":5.3,"on_drain_share":0.0,"downstream":"L00021"}},{"type":"Feature","geometry":{"type":"LineString","coordinates":[[80.2827597521592,13.049186626197619],[80.28294420548924,13.049187137293176],[80.28322166705212,13.048916644566056],[80.28386725310655,13.048918431637084]]},"properties":{"id":"L00031","strahler":1,"length_m":132.4,"drop_m":1.68,"gradient":0.01266,"area_ha":5.11,"on_drain_share":0.0,"downstream":null}},{"type":"Feature","geometry":{"type":"LineString","coordinates":[[80.206120674685,13.048782057813415],[80.20575148652937,13.048871344118673]]},"properties":{"id":"L00029","strahler":1,"length_m":44.1,"drop_m":0.35,"gradient":0.00794,"area_ha":6.29,"on_drain_share":0.0,"downstream":"L00008"}},{"type":"Feature","geometry":{"type":"LineString","coordinates":[[80.20529267267153,13.048146584003716],[80.20556848038305,13.048418687602126],[80.20575148652937,13.048871344118673]]},"properties":{"id":"L00030","strahler":3,"length_m":100.7,"drop_m":-0.62,"gradient":0.0,"area_ha":110.17,"on_drain_share":0.0,"downstream":"L00008"}},{"type":"Feature","geometry":{"type":"LineString","coordinates":[[80.25961172957149,13.048850182748161],[80.26016589264637,13.04858050735404],[80.26044364570369,13.048219621052313]]},"properties":{"id":"L00040","strahler":1,"length_m":124.9,"drop_m":-1.2,"gradient":0.0,"area_ha":7.28,"on_drain_share":0.0,"downstream":null}},{"type":"Feature","geometry":{"type":"LineString","coordinates":[[80.22558073451928,13.048660177077343],[80.22502907289604,13.048116009765222],[80.2246607362738,13.047934067977922],[80.22438490698282,13.047661983560754],[80.22420045725448,13.047661430797113],[80.22364597955195,13.048021445653452],[80.2230004047208,13.048019508510592],[80.22263235239947,13.0477471454637],[80.22235596043893,13.04765589593336]]},"properties":{"id":"L00043","strahler":1,"length_m":428.7,"drop_m":3.21,"gradient":0.00749,"area_ha":9.51,"on_drain_share":0.0,"downstream":"L00011"}},{"type":"Feature","geometry":{"type":"LineString","coordinates":[[80.27584696894674,13.047720652199228],[80.27603142090835,13.04772116816421],[80.27658319939361,13.048265232768303],[80.27648913251907,13.048897912026982]]},"properties":{"id":"L00032","strahler":1,"length_m":179.0,"drop_m":-0.39,"gradient":0.0,"area_ha":9.23,"on_drain_share":0.0,"downstream":"L00022"}},{"type":"Feature","geometry":{"type":"LineString","coordinates":[[80.27704406764985,13.048356940765567],[80.27648913251907,13.048897912026982]]},"properties":{"id":"L00033","strahler":1,"length_m":84.9,"drop_m":-0.51,"gradient":0.0,"area_ha":4.82,"on_drain_share":0.0,"downstream":"L00022"}},{"type":"Feature","geometry":{"type":"LineString","coordinates":[[80.1779981643377,13.04688590187793],[80.17827393910929,13.047158032759645],[80.17697892011743,13.048329357672891],[80.1758722317685,13.048325836269479],[80.17568838290073,13.048144414073953],[80.17504311515854,13.048051939903129],[80.17485926712207,13.047870517162986],[80.17467421959785,13.048050763893347],[80.1746736197064,13.048231598683323],[80.17458109577223,13.04832172198646]]},"properties":{"id":"L00037","strahler":3,"length_m":549.4,"drop_m":0.86,"gradient":0.00156,"area_ha":84.81,"on_drain_share":0.0,"downstream":"L00001"}},{"type":"Feature","geometry":{"type":"LineString","coordinates":[[80.22770247748636,13.048485677959576],[80.22825751184058,13.047944816991349],[80.22825835323758,13.04767356124217],[80.22816640877829,13.04758286767419],[80.2285364298964,13.047222293044346],[80.22862865469155,13.047222567888713]]},"properties":{"id":"L00049","strahler":1,"length_m":195.6,"drop_m":0.76,"gradient":0.00389,"area_ha":9.51,"on_drain_share":0.0,"downstream":"L00044"}},{"type":"Feature","geometry":{"type":"LineString","coordinates":[[80.24568835899164,13.047905781568966],[80.2459647612187,13.047997006669503],[80.24660842281378,13.048631819307438]]},"properties":{"id":"L00034","strahler":2,"length_m":133.1,"drop_m":-1.65,"gradient":0.0,"area_ha":43.77,"on_drain_share":0.0,"downstream":"L00015"}},{"type":"Feature","geometry":{"type":"LineString","coordinates":[[80.2471688903523,13.046282535813287],[80.24707392946476,13.047186457473957],[80.24698143063662,13.047276608184381],[80.24697978869939,13.047819122066999],[80.24679479041522,13.04799942334514],[80.24679369546456,13.048361099233688],[80.24660842281378,13.048631819307438]]},"properties":{"id":"L00035","strahler":3,"length_m":284.9,"drop_m":-1.95,"gradient":0.0,"area_ha":203.77,"on_drain_share":0.0,"downstream":"L00015"}},{"type":"Feature","geometry":{"type":"LineString","coordinates":[[80.17439724790594,13.048140298930054],[80.17458109577223,13.04832172198646]]},"properties":{"id":"L00036","strahler":1,"length_m":28.3,"drop_m":-0.22,"gradient":0.0,"area_ha":4.4,"on_drain_share":0.0,"downstream":"L00001"}},{"type":"Feature","geometry":{"type":"LineString","coordinates":[[80.20262250615782,13.04678208808843],[80.20317469229055,13.047145464173616],[80.2034516543748,13.04705589766061],[80.20363552393614,13.047237301288318],[80.20391219668969,13.047238152337615],[80.20418800185547,13.047510257281159],[80.20446467494979,13.047511107757437],[80.20483241653724,13.047873913567058],[80.20529267267153,13.048146584003716]]},"properties":{"id":"L00038","strahler":2,"length_m":360.4,"drop_m":1.96,"gradient":0.00543,"area_ha":17.7,"on_drain_share":0.0,"downstream":"L00030"}},{"type":"Feature","geometry":{"type":"LineString","coordinates":[[80.19026038262993,13.04800957452793],[80.19007652285983,13.04782816194281],[80.19026155972614,13.047647903526745],[80.19053999700039,13.047106262338561],[80.19091006869607,13.046745744571082]]},"properties":{"id":"L00059","strahler":1,"length_m":185.6,"drop_m":0.72,"gradient":0.00387,"area_ha":9.6,"on_drain_share":0.0,"downstream":"L00065"}},{"type":"Feature","geometry":{"type":"LineString","coordinates":[[80.20520304763383,13.047332538078125],[80.20557021269322,13.047876179072095],[80.20529267267153,13.048146584003716]]},"properties":{"id":"L00039","strahler":3,"length_m":119.0,"drop_m":0.16,"gradient":0.00131,"area_ha":91.83,"on_drain_share":0.0,"downstream":"L00030"}},{"type":"Feature","geometry":{"type":"LineString","coordinates":[[80.24531918307038,13.047995125193124],[80.24541168274908,13.047904975129168],[80.24568835899164,13.047905781568966]]},"properties":{"id":"L00041","strahler":1,"length_m":44.1,"drop_m":0.41,"gradient":0.00931,"area_ha":4.23,"on_drain_share":0.0,"downstream":"L00034"}},{"type":"Feature","geometry":{"type":"LineString","coordinates":[[80.2379549992159,13.043452568096672],[80.23896669407542,13.044359740198114],[80.23998032935283,13.044633976727011],[80.24089981216646,13.04554087109689],[80.24108398529133,13.045631830745666],[80.24145288321208,13.045632911915645],[80.24209652688272,13.046267734923862],[80.24209625147861,13.046358153810655],[80.24264960011739,13.046359773293496],[80.24347714900848,13.047175970513974],[80.24403049964316,13.047177587144684],[80.24430635112016,13.047449651795064],[80.24513637817246,13.047452073688781],[80.24568835899164,13.047905781568966]]},"properties":{"id":"L00042","strahler":2,"length_m":1048.8,"drop_m":0.99,"gradient":0.00094,"area_ha":37.34,"on_drain_share":0.0,"downstream":"L00034"}},{"type":"Feature","geometry":{"type":"LineString","coordinates":[[80.26072139794256,13.047858734399403],[80.26026188236807,13.04731490142447],[80.26017100112995,13.04686254156575],[80.2603559893654,13.04668223014184],[80.26008012017827,13.046410181677174],[80.2605423208384,13.046049822220157]]},"properties":{"id":"L00082","strahler":1,"length_m":272.1,"drop_m":1.3,"gradient":0.00478,"area_ha":8.83,"on_drain_share":0.0,"downstream":"L00087"}},{"type":"Feature","geometry":{"type":"LineString","coordinates":[[80.21193456949463,13.047624377090575],[80.21211901865335,13.047624938592701],[80.21221152952769,13.047534801056578],[80.21230575782603,13.04690215402623],[80.21249135114878,13.046541042233404]]},"properties":{"id":"L00063","strahler":1,"length_m":156.6,"drop_m":1.87,"gradient":0.01192,"area_ha":6.88,"on_drain_share":0.0,"downstream":"L00133"}},{"type":"Feature","geometry":{"type":"LineString","coordinates":[[80.22862865469155,13.047222567888713],[80.22881254378218,13.047403954675643],[80.22899699352129,13.04740450414229],[80.22927282787359,13.047676583915766],[80.22991840277497,13.047678505365662]]},"properties":{"id":"L00044","strahler":2,"length_m":160.7,"drop_m":2.29,"gradient":0.01424,"area_ha":22.45,"on_drain_share":0.0,"downstream":"L00012"}},{"type":"Feature","geometry":{"type":"LineString","coordinates":[[80.22236585037899,13.044491249533761],[80.22236528530985,13.04467208649188],[80.22217999006564,13.044942787834325],[80.22217914222577,13.04521404324909],[80.2226385670733,13.045757939129368],[80.22263743720926,13.046119613031248],[80.22245270616258,13.046209477556648],[80.22245157598793,13.04657115142992],[80.22272711944949,13.046933656214096],[80.22272598960875,13.047295330090822],[80.22235596043893,13.04765589593336]]},"properties":{"id":"L00045","strahler":2,"length_m":422.1,"drop_m":2.12,"gradient":0.00503,"area_ha":21.91,"on_drain_share":0.0,"downstream":"L00011"}},{"type":"Feature","geometry":{"type":"LineString","coordinates":[[80.23001230668642,13.047136267987185],[80.2299195221955,13.047316830882798],[80.22991840277497,13.047678505365662]]},"properties":{"id":"L00046","strahler":3,"length_m":64.1,"drop_m":0.36,"gradient":0.00556,"area_ha":88.64,"on_drain_share":0.0,"downstream":"L00012"}},{"type":"Feature","geometry":{"type":"LineString","coordinates":[[80.20169881521139,13.047231335665057],[80.20188384368916,13.04705106841576],[80.20206829197235,13.047051637054954],[80.20262250615782,13.04678208808843]]},"properties":{"id":"L00061","strahler":1,"length_m":120.7,"drop_m":-0.19,"gradient":0.0,"area_ha":4.62,"on_drain_share":0.0,"downstream":"L00038"}},{"type":"Feature","geometry":{"type":"LineString","coordinates":[[80.20346120546183,13.044072101688164],[80.20392145316407,13.044344774150565],[80.20456499247267,13.044979684961078],[80.2045638364124,13.045341357309175],[80.2048381956996,13.046065551959416],[80.20483675099068,13.046517642385204],[80.20511226762079,13.046880164458162],[80.20511111218168,13.047241836801502],[80.20520304763383,13.047332538078125]]},"properties":{"id":"L00047","strahler":2,"length_m":450.4,"drop_m":1.36,"gradient":0.00303,"area_ha":65.95,"on_drain_share":0.0,"downstream":"L00039"}},{"type":"Feature","geometry":{"type":"LineString","coordinates":[[80.2057604342153,13.046068383106382],[80.20575927979266,13.046430055529445],[80.20520420294764,13.046970865729213],[80.20520304763383,13.047332538078125]]},"properties":{"id":"L00048","strahler":2,"length_m":164.9,"drop_m":-0.38,"gradient":0.0,"area_ha":23.21,"on_drain_share":0.0,"downstream":"L00039"}},{"type":"Feature","geometry":{"type":"LineString","coordinates":[[80.22623390365656,13.046220807238603],[80.22669614952225,13.045860510881875],[80.22688059802492,13.045861061792554],[80.22724837188372,13.046223837514859],[80.22761726948437,13.046224938448054],[80.22862865469155,13.047222567888713]]},"properties":{"id":"L00050","strahler":1,"length_m":338.7,"drop_m":1.68,"gradient":0.00497,"area_ha":11.44,"on_drain_share":0.0,"downstream":"L00044"}},{"type":"Feature","geometry":{"type":"LineString","coordinates":[[80.26607235996877,13.047241021131567],[80.2660726266797,13.047150601755321]]},"properties":{"id":"L00051","strahler":1,"length_m":10.0,"drop_m":0.0,"gradient":0.0,"area_ha":4.02,"on_drain_share":0.0,"downstream":"L00067"}},{"type":"Feature","geometry":{"type":"LineString","coordinates":[[80.19496996474214,13.046125470950106],[80.1958892792567,13.047032516112534]]},"properties":{"id":"L00052","strahler":2,"length_m":141.4,"drop_m":0.75,"gradient":0.00528,"area_ha":38.53,"on_drain_share":0.0,"downstream":"L00019"}},{"type":"Feature","geometry":{"type":"LineString","coordinates":[[80.1963638309071,13.042874724435933],[80.19673155354424,13.043237540802064],[80.19719266661983,13.043238970920916],[80.19728459762506,13.043329674785069],[80.19728284787996,13.043872182405103],[80.19663466105652,13.04468394139614],[80.19663261780727,13.045316866783288],[80.19644758711664,13.045497130156798],[80.19644641921161,13.045858801771086],[80.19579880868419,13.046489722319084],[80.1958892792567,13.047032516112534]]},"properties":{"id":"L00053","strahler":2,"length_m":601.1,"drop_m":4.42,"gradient":0.00735,"area_ha":26.97,"on_drain_share":0.0,"downstream":"L00019"}},{"type":"Feature","geometry":{"type":"LineString","coordinates":[[80.2293776534342,13.043608020519017],[80.22946707748349,13.044512481339636],[80.22955902137409,13.044603174430003],[80.22955790167063,13.04496484895776],[80.2296498457538,13.045055542023904],[80.22964844623397,13.045507635175934],[80.23001566429288,13.046051244438637],[80.23001482491975,13.046322500334366],[80.23010676965185,13.046413193266062],[80.23010621012199,13.046594030529361],[80.23001370572602,13.046684174853093],[80.23001230668642,13.047136267987185]]},"properties":{"id":"L00054","strahler":2,"length_m":427.3,"drop_m":-0.76,"gradient":0.0,"area_ha":39.63,"on_drain_share":0.0,"downstream":"L00046"}},{"type":"Feature","geometry":{"type":"LineString","coordinates":[[80.23186629264325,13.044067513120583],[80.2317737898408,13.044157658178495],[80.23149711866385,13.044156837097727],[80.2313121126696,13.044337126892511],[80.23131043695867,13.044879638915775],[80.23149432648229,13.045061023842408],[80.2314929303126,13.04551311719089],[80.23001230668642,13.047136267987185]]},"properties":{"id":"L00055","strahler":3,"length_m":457.0,"drop_m":1.4,"gradient":0.00306,"area_ha":48.42,"on_drain_share":0.0,"downstream":"L00046"}},{"type":"Feature","geometry":{"type":"LineString","coordinates":[[80.26441443795743,13.046512954260571],[80.26459888855216,13.04651347832431],[80.26469138104994,13.046423320953707],[80.26515250741456,13.046424630364541],[80.26598040111459,13.047150340252358],[80.2660726266797,13.047150601755321]]},"properties":{"id":"L00056","strahler":1,"length_m":217.3,"drop_m":0.38,"gradient":0.00175,"area_ha":8.71,"on_drain_share":0.0,"downstream":"L00067"}},{"type":"Feature","geometry":{"type":"LineString","coordinates":[[80.2660726266797,13.047150601755321],[80.2664425952477,13.046789969897349],[80.26644312837938,13.04660913112288],[80.26653562028281,13.046518973060287]]},"properties":{"id":"L00067","strahler":2,"length_m":90.7,"drop_m":0.35,"gradient":0.00386,"area_ha":16.49,"on_drain_share":0.0,"downstream":"L00095"}},{"type":"Feature","geometry":{"type":"LineString","coordinates":[[80.17744661660372,13.046341639323744],[80.1779981643377,13.04688590187793]]},"properties":{"id":"L00057","strahler":2,"length_m":84.9,"drop_m":-1.87,"gradient":0.0,"area_ha":38.25,"on_drain_share":0.0,"downstream":"L00037"}},{"type":"Feature","geometry":{"type":"LineString","coordinates":[[80.17864701218336,13.045893358604822],[80.17790683702174,13.046614356567861],[80.1779981643377,13.04688590187793]]},"properties":{"id":"L00058","strahler":2,"length_m":147.3,"drop_m":-3.06,"gradient":0.0,"area_ha":35.7,"on_drain_share":0.0,"downstream":"L00037"}},{"type":"Feature","geometry":{"type":"LineString","coordinates":[[80.1897114542299,13.04665157673062],[80.190081232033,13.04638147792269],[80.19017316138395,13.046472184207035],[80.19035760870587,13.04647276116511],[80.19072562114651,13.046745167994777],[80.19091006869607,13.046745744571082]]},"properties":{"id":"L00060","strahler":1,"length_m":159.0,"drop_m":0.98,"gradient":0.00618,"area_ha":5.13,"on_drain_share":0.0,"downstream":"L00065"}},{"type":"Feature","geometry":{"type":"LineString","coordinates":[[80.19091006869607,13.046745744571082],[80.19118674003701,13.04674660918917],[80.19137177529507,13.04656634987025],[80.19183318760038,13.04647737209967]]},"properties":{"id":"L00065","strahler":2,"length_m":112.4,"drop_m":-0.43,"gradient":0.0,"area_ha":18.51,"on_drain_share":0.0,"downstream":"L00073"}},{"type":"Feature","geometry":{"type":"LineString","coordinates":[[80.19183318760038,13.04647737209967],[80.19201704778918,13.046658783472138],[80.1923859428871,13.046659934645593],[80.19247787322489,13.046750640164646],[80.1927545446787,13.04675150310747],[80.19284706180929,13.046661372873332],[80.19376929981942,13.0466642468652],[80.1938612306929,13.04675495192243],[80.19404567839287,13.046755526265045],[80.1946932938329,13.046124610415532],[80.19496996474214,13.046125470950106]]},"properties":{"id":"L00073","strahler":2,"length_m":389.7,"drop_m":1.76,"gradient":0.00451,"area_ha":25.85,"on_drain_share":0.0,"downstream":"L00052"}},{"type":"Feature","geometry":{"type":"LineString","coordinates":[[80.21285938981154,13.046813418996374],[80.21249135114878,13.046541042233404]]},"properties":{"id":"L00064","strahler":1,"length_m":52.4,"drop_m":1.3,"gradient":0.02488,"area_ha":4.12,"on_drain_share":0.0,"downstream":"L00133"}},{"type":"Feature","geometry":{"type":"LineString","coordinates":[[80.2021628355029,13.046328577138743],[80.20262250615782,13.04678208808843]]},"properties":{"id":"L00062","strahler":1,"length_m":70.7,"drop_m":0.01,"gradient":0.00018,"area_ha":6.46,"on_drain_share":0.0,"downstream":"L00038"}},{"type":"Feature","geometry":{"type":"LineString","coordinates":[[80.233241290324,13.046784174748025],[80.23324184758393,13.04660333735388],[80.23333435084528,13.046513191809163],[80.2333351866126,13.046241935705389],[80.23324324069702,13.046151243857375]]},"properties":{"id":"L00074","strahler":1,"length_m":78.3,"drop_m":-0.74,"gradient":0.0,"area_ha":8.49,"on_drain_share":0.0,"downstream":"L00104"}},{"type":"Feature","geometry":{"type":"LineString","coordinates":[[80.2665345541535,13.046880650616716],[80.26653562028281,13.046518973060287]]},"properties":{"id":"L00068","strahler":1,"length_m":40.0,"drop_m":-0.12,"gradient":0.0,"area_ha":4.41,"on_drain_share":0.0,"downstream":"L00095"}},{"type":"Feature","geometry":{"type":"LineString","coordinates":[[80.25021094913153,13.046743463925061],[80.24975091425758,13.046380451687899],[80.24956619169275,13.046470336092549],[80.24938201452073,13.046379382281549]]},"properties":{"id":"L00071","strahler":1,"length_m":114.9,"drop_m":-1.17,"gradient":0.0,"area_ha":6.25,"on_drain_share":0.0,"downstream":"L00077"}},{"type":"Feature","geometry":{"type":"LineString","coordinates":[[80.21249135114878,13.046541042233404],[80.21249306810833,13.04599853271436],[80.212217254909,13.045726436164696],[80.21221811364178,13.045455181408949],[80.21295847761726,13.044643661008223],[80.21314292461226,13.044644221655009],[80.21388299755844,13.043923116549927],[80.21388385435294,13.043651861647493],[80.21443890560717,13.043111031196416],[80.21443976174065,13.042839776240681],[80.21425645777435,13.042477543326584]]},"properties":{"id":"L00133","strahler":2,"length_m":581.8,"drop_m":-1.13,"gradient":0.0,"area_ha":21.27,"on_drain_share":0.0,"downstream":"L00137"}},{"type":"Feature","geometry":{"type":"LineString","coordinates":[[80.27972386455066,13.04655600439569],[80.27972334107281,13.046736843705967],[80.28009224386186,13.046737869904245],[80.28018499270682,13.046557287043028],[80.28036944398308,13.046557799872012],[80.28055337239252,13.046739151912952],[80.28092227525251,13.046740176928598],[80.28110724916698,13.046559849873923],[80.28110881653767,13.04601733176249],[80.28157098804076,13.045656933100629]]},"properties":{"id":"L00088","strahler":1,"length_m":327.3,"drop_m":2.31,"gradient":0.00706,"area_ha":11.29,"on_drain_share":0.0,"downstream":"L00089"}},{"type":"Feature","geometry":{"type":"LineString","coordinates":[[80.19146517422936,13.046204966791379],[80.19183318760038,13.04647737209967]]},"properties":{"id":"L00066","strahler":1,"length_m":52.4,"drop_m":-0.74,"gradient":0.0,"area_ha":4.23,"on_drain_share":0.0,"downstream":"L00073"}},{"type":"Feature","geometry":{"type":"LineString","coordinates":[[80.20972491364826,13.04644219238016],[80.20843780332902,13.045172393168293],[80.20816113256754,13.045171547087428],[80.20806919672569,13.045080846830434],[80.2073314084092,13.045078588923053],[80.20705531403878,13.04489690537976],[80.20687086712837,13.044896340385504],[80.2057604342153,13.046068383106382]]},"properties":{"id":"L00080","strahler":1,"length_m":560.1,"drop_m":0.8,"gradient":0.00143,"area_ha":18.25,"on_drain_share":0.0,"downstream":"L00048"}},{"type":"Feature","geometry":{"type":"LineString","coordinates":[[80.17560484671742,13.045522015015264],[80.17569677017589,13.04561272611586],[80.17606566221755,13.04561390045294],[80.17615758588606,13.045704611401298],[80.17680314729613,13.045706665011469],[80.17744661660372,13.046341639323744]]},"properties":{"id":"L00069","strahler":1,"length_m":237.3,"drop_m":2.06,"gradient":0.0087,"area_ha":8.77,"on_drain_share":0.0,"downstream":"L00057"}},{"type":"Feature","geometry":{"type":"LineString","coordinates":[[80.17588810287472,13.043533712056893],[80.17598002575316,13.043624423032993],[80.17597763077066,13.044347762663195],[80.17606925461428,13.044528891074131],[80.17735558898586,13.045979676384544],[80.17744661660372,13.046341639323744]]},"properties":{"id":"L00070","strahler":2,"length_m":380.4,"drop_m":2.68,"gradient":0.00703,"area_ha":28.93,"on_drain_share":0.0,"downstream":"L00057"}},{"type":"Feature","geometry":{"type":"LineString","coordinates":[[80.18002946626548,13.046168996583269],[80.17984531766326,13.046077994752993],[80.17966027494448,13.046258245367389],[80.17947582827448,13.046257660797114],[80.17919975479512,13.046075948671398],[80.17901530828159,13.04607536378104],[80.17883145854489,13.045893943749563],[80.17864701218336,13.045893358604822]]},"properties":{"id":"L00078","strahler":1,"length_m":179.0,"drop_m":-0.82,"gradient":0.0,"area_ha":5.98,"on_drain_share":0.0,"downstream":"L00058"}},{"type":"Feature","geometry":{"type":"LineString","coordinates":[[80.24938201452073,13.046379382281549],[80.24855171717226,13.046467393216622],[80.24763220169045,13.045560524378674],[80.24716943746881,13.046101697825643],[80.2471688903523,13.046282535813287]]},"properties":{"id":"L00077","strahler":2,"length_m":336.3,"drop_m":3.78,"gradient":0.01123,"area_ha":22.19,"on_drain_share":0.0,"downstream":"L00035"}},{"type":"Feature","geometry":{"type":"LineString","coordinates":[[80.26653562028281,13.046518973060287],[80.26653615333542,13.046338134278258],[80.26662864510082,13.046247976173417],[80.26663051047306,13.045615040398726],[80.26617071864132,13.045161636745993],[80.26617098527251,13.045071217353254]]},"properties":{"id":"L00095","strahler":2,"length_m":184.9,"drop_m":2.66,"gradient":0.01438,"area_ha":22.31,"on_drain_share":0.0,"downstream":"L00102"}},{"type":"Feature","geometry":{"type":"LineString","coordinates":[[80.24975309518582,13.045657099297319],[80.24993699944478,13.04583847188188],[80.24993645435086,13.046019309988454],[80.24956646438504,13.046379917050421],[80.24938201452073,13.046379382281549]]},"properties":{"id":"L00072","strahler":1,"length_m":124.9,"drop_m":-1.1,"gradient":0.0,"area_ha":6.61,"on_drain_share":0.0,"downstream":"L00077"}},{"type":"Feature","geometry":{"type":"LineString","coordinates":[[80.19414258740797,13.045309127792523],[80.19496996474214,13.046125470950106]]},"properties":{"id":"L00075","strahler":1,"length_m":127.3,"drop_m":-1.46,"gradient":0.0,"area_ha":9.16,"on_drain_share":0.0,"downstream":"L00052"}},{"type":"Feature","geometry":{"type":"LineString","coordinates":[[80.23324324069702,13.046151243857375],[80.23250795465198,13.045335289318201],[80.23269296061319,13.045154998675617],[80.232694633347,13.044612486487331],[80.23186629264325,13.044067513120583]]},"properties":{"id":"L00104","strahler":2,"length_m":326.3,"drop_m":-1.07,"gradient":0.0,"area_ha":28.45,"on_drain_share":0.0,"downstream":"L00055"}},{"type":"Feature","geometry":{"type":"LineString","coordinates":[[80.24615907365057,13.044742460968399],[80.24707858061242,13.045649334638691],[80.24707693909895,13.046191848601538],[80.2471688903523,13.046282535813287]]},"properties":{"id":"L00076","strahler":3,"length_m":215.6,"drop_m":-1.96,"gradient":0.0,"area_ha":174.19,"on_drain_share":0.0,"downstream":"L00035"}},{"type":"Feature","geometry":{"type":"LineString","coordinates":[[80.20576101141359,13.045887546891027],[80.2057604342153,13.046068383106382]]},"properties":{"id":"L00079","strahler":1,"length_m":20.0,"drop_m":0.04,"gradient":0.00214,"area_ha":4.08,"on_drain_share":0.0,"downstream":"L00048"}},{"type":"Feature","geometry":{"type":"LineString","coordinates":[[80.23721083629765,13.045530027941833],[80.23702638759181,13.045529484404526],[80.2367505465281,13.04525741251065],[80.23628942533396,13.045256052629108],[80.23582691587433,13.045706785728353],[80.23536496042891,13.045976680399981],[80.23379742297115,13.045881626096799],[80.23324324069702,13.046151243857375]]},"properties":{"id":"L00081","strahler":1,"length_m":492.1,"drop_m":2.62,"gradient":0.00533,"area_ha":15.71,"on_drain_share":0.0,"downstream":"L00104"}},{"type":"Feature","geometry":{"type":"LineString","coordinates":[[80.17883205530373,13.045713108737282],[80.17864701218336,13.045893358604822]]},"properties":{"id":"L00083","strahler":2,"length_m":28.3,"drop_m":-0.48,"gradient":0.0,"area_ha":25.81,"on_drain_share":0.0,"downstream":"L00058"}},{"type":"Feature","geometry":{"type":"LineString","coordinates":[[80.25888388615121,13.045502559633933],[80.25906833576622,13.045503087598018],[80.25925332369115,13.045322776932057],[80.25943777318837,13.045323304625803],[80.25989755236975,13.045776719593388],[80.26008200223039,13.045777246846171],[80.26035787075647,13.046049295284519],[80.2605423208384,13.046049822220157]]},"properties":{"id":"L00084","strahler":2,"length_m":221.4,"drop_m":-0.26,"gradient":0.0,"area_ha":68.47,"on_drain_share":0.0,"downstream":"L00087"}},{"type":"Feature","geometry":{"type":"LineString","coordinates":[[80.2605423208384,13.046049822220157],[80.26063481454393,13.045959666365162],[80.260819264571,13.045960193099935],[80.26118923847122,13.045599569029482]]},"properties":{"id":"L00087","strahler":2,"length_m":90.7,"drop_m":3.5,"gradient":0.03856,"area_ha":78.33,"on_drain_share":0.0,"downstream":"L00094"}},{"type":"Feature","geometry":{"type":"LineString","coordinates":[[80.25703804063764,13.045949368774957],[80.25768361521386,13.045951220739381],[80.25833053735494,13.045500974953352],[80.25888388615121,13.045502559633933]]},"properties":{"id":"L00092","strahler":1,"length_m":220.7,"drop_m":0.49,"gradient":0.00221,"area_ha":7.22,"on_drain_share":0.0,"downstream":"L00084"}},{"type":"Feature","geometry":{"type":"LineString","coordinates":[[80.17791579804933,13.043901831898289],[80.17791460336272,13.04426350188736],[80.1784661478569,13.044807763317442],[80.17874281618307,13.044808641106862],[80.17892636677145,13.045080478678457],[80.1789248751037,13.045532566237167],[80.17883205530373,13.045713108737282]]},"properties":{"id":"L00085","strahler":1,"length_m":267.3,"drop_m":3.74,"gradient":0.01398,"area_ha":9.26,"on_drain_share":0.0,"downstream":"L00083"}},{"type":"Feature","geometry":{"type":"LineString","coordinates":[[80.1813321930291,13.042646797698728],[80.1807770752183,13.043187553066014],[80.18059263077227,13.043186969426307],[80.18031507077504,13.043457346391975],[80.18031447520048,13.04363818150314],[80.18040639982597,13.04372889100511],[80.18040461323591,13.044271396332048],[80.18031239061881,13.044271104372148],[80.18012705176453,13.04454177298985],[80.17985038363868,13.04454089669721],[80.17957311936864,13.044720855171361],[80.17938718305682,13.045172358230465],[80.17883205530373,13.045713108737282]]},"properties":{"id":"L00086","strahler":1,"length_m":501.1,"drop_m":1.18,"gradient":0.00235,"area_ha":16.49,"on_drain_share":0.0,"downstream":"L00083"}},{"type":"Feature","geometry":{"type":"LineString","coordinates":[[80.26764445347256,13.045798751082108],[80.26755222837589,13.045798490165673],[80.26700047587023,13.045254407536854],[80.2669101155027,13.044621210538757],[80.26672646546288,13.04434942997086]]},"properties":{"id":"L00103","strahler":1,"length_m":207.3,"drop_m":0.05,"gradient":0.00025,"area_ha":8.68,"on_drain_share":0.0,"downstream":"L00160"}},{"type":"Feature","geometry":{"type":"LineString","coordinates":[[80.28157098804076,13.045656933100629],[80.28184766404156,13.045657700761536],[80.281939628465,13.045748376288689],[80.28313855846744,13.045751698999867]]},"properties":{"id":"L00089","strahler":2,"length_m":174.1,"drop_m":1.67,"gradient":0.0096,"area_ha":19.28,"on_drain_share":0.0,"downstream":null}},{"type":"Feature","geometry":{"type":"LineString","coordinates":[[80.25999219723597,13.044963209853279],[80.26072891989598,13.04532699480318],[80.261004788696,13.045599042572595],[80.26118923847122,13.045599569029482]]},"properties":{"id":"L00090","strahler":1,"length_m":159.0,"drop_m":5.97,"gradient":0.03754,"area_ha":5.09,"on_drain_share":0.0,"downstream":"L00094"}},{"type":"Feature","geometry":{"type":"LineString","coordinates":[[80.26118923847122,13.045599569029482],[80.26155921129936,13.045238944362943],[80.26174366083085,13.045239470410584],[80.26183615380741,13.045149314081351],[80.2622972775141,13.045150628451983],[80.26331442645315,13.044249323802857],[80.26349887532437,13.044249848560954],[80.26368278916647,13.044431211882612],[80.26405168721725,13.044432260756961],[80.26414364438087,13.044522942249351],[80.26451280982604,13.044433571110902],[80.26497339837798,13.04461571938872],[80.26534229680955,13.044616766438788],[80.2660784938113,13.045161375317102],[80.26617098527251,13.045071217353254]]},"properties":{"id":"L00094","strahler":2,"length_m":656.0,"drop_m":-0.72,"gradient":0.0,"area_ha":95.86,"on_drain_share":0.0,"downstream":"L00102"}},{"type":"Feature","geometry":{"type":"LineString","coordinates":[[80.28083632109883,13.044569848303643],[80.28138810403289,13.045113902979853],[80.2812031314428,13.045294230321703],[80.28120234791406,13.04556548940104],[80.28129431205765,13.04565616514409],[80.28157098804076,13.045656933100629]]},"properties":{"id":"L00091","strahler":1,"length_m":187.3,"drop_m":0.4,"gradient":0.00212,"area_ha":7.54,"on_drain_share":0.0,"downstream":"L00089"}},{"type":"Feature","geometry":{"type":"LineString","coordinates":[[80.19930738761707,13.045234734392794],[80.19949416124543,13.044511960974763],[80.20023368987708,13.04397173313214],[80.20115620982152,13.043884162212835],[80.20124814258047,13.043974864762621],[80.20180119053754,13.044066989283744],[80.2020772798514,13.044248678168298],[80.20253984402872,13.043798008624508],[80.20272428993044,13.043798576657231],[80.20300153789869,13.043618592334703]]},"properties":{"id":"L00113","strahler":1,"length_m":542.8,"drop_m":0.92,"gradient":0.0017,"area_ha":19.55,"on_drain_share":0.0,"downstream":"L00105"}},{"type":"Feature","geometry":{"type":"LineString","coordinates":[[80.25713431434723,13.04459334533905],[80.25731822353862,13.044774712942681],[80.25777934607862,13.044776035322712],[80.25823992965492,13.044958195346268],[80.25888388615121,13.045502559633933]]},"properties":{"id":"L00093","strahler":2,"length_m":231.4,"drop_m":2.94,"gradient":0.01271,"area_ha":56.73,"on_drain_share":0.0,"downstream":"L00084"}},{"type":"Feature","geometry":{"type":"LineString","coordinates":[[80.24210423735491,13.043736005835413],[80.24228923550157,13.043555707863348],[80.24302675042136,13.04364828483109],[80.2432106481048,13.04382966187342],[80.24321009821055,13.044010499727126],[80.24422154095113,13.045008071370901],[80.2450518341442,13.044920074133485],[80.24579072469871,13.044560548624666],[80.24597517306222,13.044561085878746],[80.24615907365057,13.044742460968399]]},"properties":{"id":"L00096","strahler":1,"length_m":555.3,"drop_m":6.87,"gradient":0.01238,"area_ha":15.79,"on_drain_share":0.0,"downstream":"L00076"}},{"type":"Feature","geometry":{"type":"LineString","coordinates":[[80.26617098527251,13.045071217353254],[80.26672593263265,13.04453026878835],[80.26672646546288,13.04434942997086]]},"properties":{"id":"L00102","strahler":3,"length_m":104.9,"drop_m":-2.55,"gradient":0.0,"area_ha":119.49,"on_drain_share":0.0,"downstream":"L00160"}},{"type":"Feature","geometry":{"type":"LineString","coordinates":[[80.27484012508387,13.045095644833992],[80.27530256657798,13.04464483814367],[80.27530335647974,13.044373579399087],[80.2752113950836,13.044282901657713],[80.27484249633244,13.044281868694975],[80.27300328531781,13.04246830513585],[80.27281883737359,13.042467787217898],[80.27245126295549,13.042014653288213]]},"properties":{"id":"L00140","strahler":1,"length_m":524.3,"drop_m":-0.33,"gradient":0.0,"area_ha":15.44,"on_drain_share":0.0,"downstream":"L00142"}},{"type":"Feature","geometry":{"type":"LineString","coordinates":[[80.27188919112372,13.044996942170345],[80.27152108563335,13.044724645909756],[80.27152161498755,13.044543806900732],[80.27170659362908,13.04436348680473],[80.27161542751492,13.044001549325166]]},"properties":{"id":"L00108","strahler":1,"length_m":144.9,"drop_m":2.02,"gradient":0.01396,"area_ha":4.99,"on_drain_share":0.0,"downstream":"L00141"}},{"type":"Feature","geometry":{"type":"LineString","coordinates":[[80.24700440996237,13.039681411423695],[80.24709225700454,13.041128384057938],[80.24718420649752,13.041219071197656],[80.24718311270156,13.04158074730776],[80.24736701213989,13.041762121508594],[80.24736564516287,13.042214216644785],[80.24754927184473,13.042486009767854],[80.2475484518162,13.042757266847744],[80.24662347951784,13.043658775264298],[80.24653043444127,13.043929763894472],[80.24616044309363,13.044290366046244],[80.24615907365057,13.044742460968399]]},"properties":{"id":"L00097","strahler":3,"length_m":647.0,"drop_m":3.12,"gradient":0.00482,"area_ha":154.83,"on_drain_share":0.0,"downstream":"L00076"}},{"type":"Feature","geometry":{"type":"LineString","coordinates":[[80.25529172007971,13.043955112139669],[80.25556839255871,13.04395590778267],[80.25612011599071,13.044500013340842],[80.2568581810641,13.044411712918329],[80.25713431434723,13.04459334533905]]},"properties":{"id":"L00098","strahler":1,"length_m":237.3,"drop_m":1.6,"gradient":0.00674,"area_ha":6.09,"on_drain_share":0.0,"downstream":"L00093"}},{"type":"Feature","geometry":{"type":"LineString","coordinates":[[80.22172226421932,13.043856380437475],[80.22236585037899,13.044491249533761]]},"properties":{"id":"L00099","strahler":1,"length_m":99.0,"drop_m":-1.91,"gradient":0.0,"area_ha":4.34,"on_drain_share":0.0,"downstream":"L00045"}},{"type":"Feature","geometry":{"type":"LineString","coordinates":[[80.2227381336117,13.043407335382405],[80.22218309864779,13.043948184597847],[80.22218253347022,13.044129021555658],[80.22236641543962,13.044310412573095],[80.22236585037899,13.044491249533761]]},"properties":{"id":"L00100","strahler":1,"length_m":153.1,"drop_m":0.52,"gradient":0.00342,"area_ha":4.88,"on_drain_share":0.0,"downstream":"L00045"}},{"type":"Feature","geometry":{"type":"LineString","coordinates":[[80.23306408632627,13.04443274211049],[80.23214380064863,13.043797077722443]]},"properties":{"id":"L00109","strahler":1,"length_m":129.0,"drop_m":1.79,"gradient":0.01386,"area_ha":7.07,"on_drain_share":0.0,"downstream":"L00107"}},{"type":"Feature","geometry":{"type":"LineString","coordinates":[[80.25465373244758,13.041421517630601],[80.2555732604794,13.042328362373768],[80.25594053297195,13.04287193783928],[80.25649387562213,13.042873527313562],[80.25676973697011,13.04314557925244],[80.2570469484466,13.042965534826953],[80.2575067189181,13.043418953654667],[80.25732173128966,13.043599263106824],[80.25731984254335,13.044232197647176],[80.25713485414948,13.044412506914796],[80.25713431434723,13.04459334533905]]},"properties":{"id":"L00101","strahler":2,"length_m":576.0,"drop_m":0.42,"gradient":0.00074,"area_ha":44.98,"on_drain_share":0.0,"downstream":"L00093"}},{"type":"Feature","geometry":{"type":"LineString","coordinates":[[80.1833584083751,13.043466963107988],[80.18391026032445,13.043920795939925],[80.18455581836469,13.043922829945497],[80.18483159765479,13.04419495413259],[80.18501604304362,13.044195534796916],[80.18547863616277,13.043744897535285],[80.18584782212284,13.043655640091652],[80.18612508103433,13.043475674543778],[80.18667841580711,13.043477413284265],[80.18723263646888,13.043207897702109],[80.18760152601345,13.04320905539259]]},"properties":{"id":"L00122","strahler":1,"length_m":538.7,"drop_m":2.66,"gradient":0.00493,"area_ha":16.45,"on_drain_share":0.0,"downstream":"L00127"}},{"type":"Feature","geometry":{"type":"LineString","coordinates":[[80.20973324064946,13.043820064559739],[80.21010098523209,13.044182863114312],[80.21074654811142,13.044184831859765],[80.21083905810075,13.044094694745842],[80.21194573719275,13.044098065575767],[80.21240857038397,13.043556959082357],[80.21286968581309,13.043558361317675],[80.21305356020702,13.043739758549307],[80.21323800653637,13.043740319090224],[80.21351553323008,13.043469904773133],[80.21351696182623,13.043017813290135],[80.21388699576701,13.042657260289568],[80.21379677216862,13.042024052126605]]},"properties":{"id":"L00136","strahler":2,"length_m":662.8,"drop_m":1.81,"gradient":0.00273,"area_ha":18.52,"on_drain_share":0.0,"downstream":"L00172"}},{"type":"Feature","geometry":{"type":"LineString","coordinates":[[80.26672646546288,13.04434942997086],[80.26672726469315,13.044078171739855],[80.26746745545648,13.043266485370143],[80.26746798769452,13.043085646504913],[80.26719238029155,13.0427231859127],[80.26728593509603,13.042271349728711],[80.26747091486033,13.042091032700702],[80.26738135232522,13.041186577379765]]},"properties":{"id":"L00160","strahler":3,"length_m":412.1,"drop_m":-1.51,"gradient":0.0,"area_ha":132.43,"on_drain_share":0.0,"downstream":"L00174"}},{"type":"Feature","geometry":{"type":"LineString","coordinates":[[80.27060016298209,13.044269951852536],[80.27078514204072,13.044089632435663],[80.27161542751492,13.044001549325166]]},"properties":{"id":"L00110","strahler":1,"length_m":122.4,"drop_m":2.49,"gradient":0.02032,"area_ha":7.44,"on_drain_share":0.0,"downstream":"L00141"}},{"type":"Feature","geometry":{"type":"LineString","coordinates":[[80.20300153789869,13.043618592334703],[80.20346120546183,13.044072101688164]]},"properties":{"id":"L00105","strahler":2,"length_m":70.7,"drop_m":-0.82,"gradient":0.0,"area_ha":49.84,"on_drain_share":0.0,"downstream":"L00047"}},{"type":"Feature","geometry":{"type":"LineString","coordinates":[[80.2054045296691,13.041998435945507],[80.20540424103062,13.042088854072762],[80.20355400724434,13.043891549252745],[80.20346120546183,13.044072101688164]]},"properties":{"id":"L00106","strahler":1,"length_m":317.0,"drop_m":-0.73,"gradient":0.0,"area_ha":10.63,"on_drain_share":0.0,"downstream":"L00047"}},{"type":"Feature","geometry":{"type":"LineString","coordinates":[[80.21655718804966,13.044021641438222],[80.21582168049271,13.043296061145695]]},"properties":{"id":"L00121","strahler":1,"length_m":113.1,"drop_m":1.67,"gradient":0.01478,"area_ha":4.72,"on_drain_share":0.0,"downstream":"L00134"}},{"type":"Feature","geometry":{"type":"LineString","coordinates":[[80.22651732173983,13.044051588527351],[80.22697984384932,13.043600872771494],[80.22744039962424,13.043783086251025],[80.228177907251,13.043875705249505],[80.22845541880939,13.043605274012654],[80.22845625970105,13.043334018160028],[80.22873292976486,13.043334842439046],[80.22891793673354,13.043154554536228],[80.22901016002959,13.043154829160603],[80.22900987993968,13.04324524779187],[80.2293776534342,13.043608020519017]]},"properties":{"id":"L00119","strahler":1,"length_m":420.4,"drop_m":2.73,"gradient":0.00649,"area_ha":11.84,"on_drain_share":0.0,"downstream":"L00054"}},{"type":"Feature","geometry":{"type":"LineString","coordinates":[[80.27696392727671,13.044197381437517],[80.27650411808779,13.043743995234559],[80.27650569514157,13.043201477557336],[80.27623033685728,13.042748606276414],[80.27623086270717,13.04256776705032],[80.2757715839308,13.041933540500198],[80.27531178098714,13.041480152434321],[80.27540426784313,13.041389990897711]]},"properties":{"id":"L00155","strahler":1,"length_m":388.7,"drop_m":0.89,"gradient":0.00228,"area_ha":10.11,"on_drain_share":0.0,"downstream":"L00169"}},{"type":"Feature","geometry":{"type":"LineString","coordinates":[[80.23214380064863,13.043797077722443],[80.23186629264325,13.044067513120583]]},"properties":{"id":"L00107","strahler":2,"length_m":42.4,"drop_m":-0.8,"gradient":0.0,"area_ha":13.48,"on_drain_share":0.0,"downstream":"L00055"}},{"type":"Feature","geometry":{"type":"LineString","coordinates":[[80.21969334999089,13.043850273689275],[80.21960169368204,13.043669158881892],[80.21877196805457,13.043576237417494],[80.21821976477791,13.04321289365644],[80.21794309554204,13.043212058152012],[80.21729952442814,13.042577178823356],[80.21692949526901,13.042937736991092],[80.2167453339089,13.042846760744181],[80.2163764422718,13.042845644602854],[80.21582168049271,13.043296061145695]]},"properties":{"id":"L00126","strahler":1,"length_m":525.3,"drop_m":2.65,"gradient":0.00505,"area_ha":14.08,"on_drain_share":0.0,"downstream":"L00134"}},{"type":"Feature","geometry":{"type":"LineString","coordinates":[[80.27161542751492,13.044001549325166],[80.27198538355208,13.043640908785681],[80.27198617700608,13.043369650220418],[80.27207866574142,13.043279489985075],[80.2720791946298,13.043098650933397],[80.27171135617994,13.042735935519271],[80.27171267899605,13.042283837903437],[80.27208236779269,13.042013616569966],[80.27245126295549,13.042014653288213]]},"properties":{"id":"L00141","strahler":2,"length_m":319.7,"drop_m":0.9,"gradient":0.00283,"area_ha":17.65,"on_drain_share":0.0,"downstream":"L00142"}},{"type":"Feature","geometry":{"type":"LineString","coordinates":[[80.20918162578526,13.043275865844622],[80.20973324064946,13.043820064559739]]},"properties":{"id":"L00111","strahler":1,"length_m":84.9,"drop_m":-1.5,"gradient":0.0,"area_ha":6.21,"on_drain_share":0.0,"downstream":"L00136"}},{"type":"Feature","geometry":{"type":"LineString","coordinates":[[80.20991826096517,13.043639791040038],[80.20973324064946,13.043820064559739]]},"properties":{"id":"L00112","strahler":1,"length_m":28.3,"drop_m":-0.46,"gradient":0.0,"area_ha":4.89,"on_drain_share":0.0,"downstream":"L00136"}},{"type":"Feature","geometry":{"type":"LineString","coordinates":[[80.23168547387574,13.042891522913383],[80.23186936230289,13.043072907534638],[80.23205380896499,13.043073454644853],[80.23232964232172,13.04334553116981],[80.23232880565057,13.043616787270022],[80.23214380064863,13.043797077722443]]},"properties":{"id":"L00114","strahler":1,"length_m":149.0,"drop_m":1.99,"gradient":0.01339,"area_ha":5.38,"on_drain_share":0.0,"downstream":"L00107"}},{"type":"Feature","geometry":{"type":"LineString","coordinates":[[80.25270998748462,13.04376683363396],[80.25280248297626,13.043676680668796],[80.25280302588656,13.043495842410639],[80.25225131220726,13.042951730253563],[80.25234462234582,13.042590320062521],[80.25289959227334,13.042049402347718],[80.2531762624828,13.042050200432314],[80.25326821463614,13.042140885543942],[80.25345266152377,13.042141417374289],[80.25354515612409,13.042051264085382]]},"properties":{"id":"L00138","strahler":1,"length_m":326.3,"drop_m":1.38,"gradient":0.00423,"area_ha":13.63,"on_drain_share":0.0,"downstream":"L00150"}},{"type":"Feature","geometry":{"type":"LineString","coordinates":[[80.17081708802739,13.043155848553972],[80.1705395180971,13.043426214407535],[80.16998618568708,13.043424441185799]]},"properties":{"id":"L00115","strahler":1,"length_m":102.4,"drop_m":-0.26,"gradient":0.0,"area_ha":5.69,"on_drain_share":0.0,"downstream":null}},{"type":"Feature","geometry":{"type":"LineString","coordinates":[[80.17432512426292,13.04208203841532],[80.17588810287472,13.043533712056893]]},"properties":{"id":"L00116","strahler":1,"length_m":236.3,"drop_m":0.0,"gradient":1e-05,"area_ha":11.61,"on_drain_share":0.0,"downstream":"L00070"}},{"type":"Feature","geometry":{"type":"LineString","coordinates":[[80.17792535424537,13.041008471618838],[80.17709267201052,13.041819592971775],[80.17644712063516,13.041817540684011],[80.17626207896446,13.041997788970036],[80.1762581888788,13.043173216079506],[80.17588840226861,13.043443294601719],[80.17588810287472,13.043533712056893]]},"properties":{"id":"L00117","strahler":1,"length_m":418.0,"drop_m":-2.08,"gradient":0.0,"area_ha":12.29,"on_drain_share":0.0,"downstream":"L00070"}},{"type":"Feature","geometry":{"type":"LineString","coordinates":[[80.18760152601345,13.04320905539259],[80.18778567573268,13.043300051767353],[80.18843123278691,13.043302076016161],[80.18861508814297,13.043483489565922],[80.18889175569959,13.04348435642393],[80.1892612348738,13.043304676257353],[80.18981456969833,13.043306408273713],[80.19018463639465,13.042945891169111],[80.19119908240415,13.042949061926118]]},"properties":{"id":"L00127","strahler":2,"length_m":427.3,"drop_m":-2.64,"gradient":0.0,"area_ha":36.36,"on_drain_share":0.0,"downstream":"L00206"}},{"type":"Feature","geometry":{"type":"LineString","coordinates":[[80.20309636632963,13.042805113585528],[80.20300153789869,13.043618592334703]]},"properties":{"id":"L00118","strahler":2,"length_m":94.1,"drop_m":-1.69,"gradient":0.0,"area_ha":27.39,"on_drain_share":0.0,"downstream":"L00105"}},{"type":"Feature","geometry":{"type":"LineString","coordinates":[[80.22883019566275,13.041707581755254],[80.22882907515765,13.042069256301462],[80.22910462370307,13.042431754663362],[80.22910238332776,13.043155103752134],[80.22937821336082,13.043427183245193],[80.2293776534342,13.043608020519017]]},"properties":{"id":"L00120","strahler":2,"length_m":234.9,"drop_m":0.69,"gradient":0.00293,"area_ha":18.5,"on_drain_share":0.0,"downstream":"L00054"}},{"type":"Feature","geometry":{"type":"LineString","coordinates":[[80.21582168049271,13.043296061145695],[80.21508389608482,13.043293825630384],[80.21425645777435,13.042477543326584]]},"properties":{"id":"L00134","strahler":2,"length_m":207.3,"drop_m":-0.78,"gradient":0.0,"area_ha":25.59,"on_drain_share":0.0,"downstream":"L00137"}},{"type":"Feature","geometry":{"type":"LineString","coordinates":[[80.23620497096255,13.042724054751076],[80.23675831076159,13.04272568637996],[80.236850811299,13.042635539401612],[80.23703470352399,13.042816920555882],[80.23721915021991,13.042817463976323],[80.23749526627746,13.042999116487886],[80.23749498927332,13.043089535300524],[80.2379549992159,13.043452568096672]]},"properties":{"id":"L00123","strahler":1,"length_m":237.3,"drop_m":4.26,"gradient":0.01796,"area_ha":8.18,"on_drain_share":0.0,"downstream":"L00042"}},{"type":"Feature","geometry":{"type":"LineString","coordinates":[[80.23694663794242,13.041460366686634],[80.23713080652678,13.041551328929978],[80.23713025231531,13.041732166559402],[80.23740609013139,13.042004237929072],[80.23851276691519,13.042007494694923],[80.23878860661499,13.04227956468625],[80.23878805357585,13.042460402375543],[80.23804805324649,13.043181583041305],[80.2379549992159,13.043452568096672]]},"properties":{"id":"L00124","strahler":1,"length_m":416.3,"drop_m":5.59,"gradient":0.01343,"area_ha":8.5,"on_drain_share":0.0,"downstream":"L00042"}},{"type":"Feature","geometry":{"type":"LineString","coordinates":[[80.18520996018444,13.041302749829043],[80.18520936826744,13.04148358519195],[80.1857609238866,13.04202783177661],[80.18612892461935,13.042300244551196],[80.18631336866389,13.042300824208697],[80.186497221689,13.042482239141947],[80.1869577414942,13.042664522828769],[80.18760152601345,13.04320905539259]]},"properties":{"id":"L00125","strahler":1,"length_m":358.7,"drop_m":1.53,"gradient":0.00426,"area_ha":8.09,"on_drain_share":0.0,"downstream":"L00127"}},{"type":"Feature","geometry":{"type":"LineString","coordinates":[[80.19119908240415,13.042949061926118],[80.19147516210198,13.043130761610241],[80.19212306714853,13.042409434017067],[80.1923997337521,13.042410297057097],[80.19258505806668,13.042139618729712],[80.19258623123724,13.041777947356499],[80.19240266734835,13.041506118665303],[80.19240354738409,13.041234865135348],[80.19231161899039,13.041144159672454],[80.19231513930963,13.040059145512446],[80.19240765395438,13.039969015253137],[80.1917641596697,13.039334076536385],[80.19176474672501,13.039153240848707],[80.19148867103193,13.038971541664159],[80.19139850565354,13.038338328889019],[80.19158353414508,13.038158068928057]]},"properties":{"id":"L00206","strahler":2,"length_m":731.8,"drop_m":0.55,"gradient":0.00076,"area_ha":65.93,"on_drain_share":0.0,"downstream":"L00224"}},{"type":"Feature","geometry":{"type":"LineString","coordinates":[[80.19433874180223,13.04169298700805],[80.1939686827357,13.042053510545827],[80.19396809714631,13.042234346291671],[80.19415195603665,13.042415756114357],[80.19470499702076,13.042507895451545],[80.1951646466462,13.042961418578098],[80.19534909159401,13.042961991828365],[80.19544102179145,13.043052696304017],[80.19571827369317,13.042872720028265],[80.19599494105735,13.042873579257153],[80.19608745555739,13.042783447685684],[80.19627190041528,13.042784020270973],[80.1963638309071,13.042874724435933]]},"properties":{"id":"L00129","strahler":1,"length_m":390.4,"drop_m":1.01,"gradient":0.0026,"area_ha":10.15,"on_drain_share":0.0,"downstream":"L00053"}},{"type":"Feature","geometry":{"type":"LineString","coordinates":[[80.18843830814026,13.041132050054845],[80.18908209236508,13.041676578958269],[80.18972764541704,13.041678599728067],[80.19046306794554,13.042404249570685],[80.19073944045488,13.042495532182437],[80.19119908240415,13.042949061926118]]},"properties":{"id":"L00128","strahler":1,"length_m":382.8,"drop_m":-1.01,"gradient":0.0,"area_ha":12.9,"on_drain_share":0.0,"downstream":"L00206"}},{"type":"Feature","geometry":{"type":"LineString","coordinates":[[80.19655177818126,13.041790281678114],[80.19673563875763,13.04197168976283],[80.1967344715978,13.042333361501058],[80.19645692908925,13.042603756875735],[80.19645634528197,13.042784592724905],[80.1963638309071,13.042874724435933]]},"properties":{"id":"L00130","strahler":1,"length_m":144.9,"drop_m":1.24,"gradient":0.00854,"area_ha":5.9,"on_drain_share":0.0,"downstream":"L00053"}},{"type":"Feature","geometry":{"type":"LineString","coordinates":[[80.19895420808443,13.040351022324977],[80.19913806951509,13.040532428763656],[80.19950724692531,13.040443151256056],[80.19978303990789,13.040715260320043],[80.199782167949,13.040986514354055],[80.20005796181601,13.041258623166252],[80.20033317534453,13.041711567750331],[80.20033259439448,13.041892403784148],[80.20060838984273,13.04216451208423],[80.20097727905973,13.04216565063003],[80.20106921115249,13.042256353214755],[80.20171679744789,13.041625417864239],[80.20199346383326,13.041626270604041],[80.20309636632963,13.042805113585528]]},"properties":{"id":"L00131","strahler":1,"length_m":675.0,"drop_m":4.59,"gradient":0.0068,"area_ha":11.15,"on_drain_share":0.0,"downstream":"L00118"}},{"type":"Feature","geometry":{"type":"LineString","coordinates":[[80.19987874888979,13.039630529050733],[80.2002458915109,13.040174176587955],[80.20088941074859,13.040809095572104],[80.20125829798246,13.040810233601471],[80.20135022971274,13.040900936072767],[80.2018116288989,13.040811939660532],[80.20199491314509,13.041174180321615],[80.20254621732487,13.041808811330046],[80.20263728096924,13.042170767584453],[80.20309694531392,13.042624277442147],[80.20309636632963,13.042805113585528]]},"properties":{"id":"L00132","strahler":1,"length_m":561.8,"drop_m":4.36,"gradient":0.00775,"area_ha":14.82,"on_drain_share":0.0,"downstream":"L00118"}},{"type":"Feature","geometry":{"type":"LineString","coordinates":[[80.21425645777435,13.042477543326584],[80.21379677216862,13.042024052126605]]},"properties":{"id":"L00137","strahler":3,"length_m":70.7,"drop_m":0.26,"gradient":0.00361,"area_ha":47.47,"on_drain_share":0.0,"downstream":"L00172"}},{"type":"Feature","geometry":{"type":"LineString","coordinates":[[80.2812117490894,13.042310380071543],[80.28139593621763,13.04240131172371],[80.28241040166483,13.042404125031645]]},"properties":{"id":"L00135","strahler":1,"length_m":134.1,"drop_m":2.07,"gradient":0.0154,"area_ha":4.85,"on_drain_share":0.0,"downstream":null}},{"type":"Feature","geometry":{"type":"LineString","coordinates":[[80.21379677216862,13.042024052126605],[80.2137979145101,13.041662378876659],[80.21398321586578,13.041391683843608],[80.21398435787907,13.04103001055979],[80.21444689543333,13.040579318053531],[80.2147235615108,13.040580157127236],[80.21537139558558,13.039858766952486],[80.21537168055325,13.039768348591593]]},"properties":{"id":"L00172","strahler":3,"length_m":338.0,"drop_m":0.05,"gradient":0.00015,"area_ha":70.34,"on_drain_share":0.0,"downstream":"L00180"}},{"type":"Feature","geometry":{"type":"LineString","coordinates":[[80.25188866764182,13.040871024884922],[80.25271623127628,13.041687193570128],[80.25326848589006,13.04205046639484],[80.25354515612409,13.042051264085382]]},"properties":{"id":"L00139","strahler":2,"length_m":233.8,"drop_m":-0.35,"gradient":0.0,"area_ha":13.29,"on_drain_share":0.0,"downstream":"L00150"}},{"type":"Feature","geometry":{"type":"LineString","coordinates":[[80.25354515612409,13.042051264085382],[80.2541001223193,13.041510343568966],[80.2545612384734,13.041511671354192],[80.25465373244758,13.041421517630601]]},"properties":{"id":"L00150","strahler":2,"length_m":149.0,"drop_m":0.04,"gradient":0.00024,"area_ha":28.71,"on_drain_share":0.0,"downstream":"L00101"}},{"type":"Feature","geometry":{"type":"LineString","coordinates":[[80.26811648095097,13.042092858119325],[80.26839448093774,13.041641542646403],[80.2683955439217,13.041279864792875],[80.26821242606782,13.04082724632702],[80.26812286102556,13.039922791056409]]},"properties":{"id":"L00175","strahler":1,"length_m":264.9,"drop_m":-2.22,"gradient":0.0,"area_ha":6.87,"on_drain_share":0.0,"downstream":"L00228"}},{"type":"Feature","geometry":{"type":"LineString","coordinates":[[80.24635200980283,13.041940009074473],[80.24653700363582,13.041759707801056],[80.24653782470158,13.041488450763625],[80.2458941807395,13.040853638621792]]},"properties":{"id":"L00163","strahler":1,"length_m":157.3,"drop_m":-0.96,"gradient":0.0,"area_ha":5.23,"on_drain_share":0.0,"downstream":"L00185"}},{"type":"Feature","geometry":{"type":"LineString","coordinates":[[80.27245126295549,13.042014653288213],[80.27254375100097,13.041924492841972]]},"properties":{"id":"L00142","strahler":2,"length_m":14.1,"drop_m":0.0,"gradient":0.0,"area_ha":33.43,"on_drain_share":0.0,"downstream":"L00154"}},{"type":"Feature","geometry":{"type":"LineString","coordinates":[[80.26590417854807,13.041724915203417],[80.26608809247364,13.041906276845435],[80.26627253972387,13.041906799535466],[80.26664223341653,13.041636586244593],[80.26691890402961,13.041637369622448],[80.26738135232522,13.041186577379765]]},"properties":{"id":"L00159","strahler":2,"length_m":201.4,"drop_m":-1.17,"gradient":0.0,"area_ha":87.32,"on_drain_share":0.0,"downstream":"L00174"}},{"type":"Feature","geometry":{"type":"LineString","coordinates":[[80.2718070190104,13.041560741035921],[80.27189924262466,13.041561000353958],[80.2722670797204,13.041923715456631],[80.27254375100097,13.041924492841972]]},"properties":{"id":"L00143","strahler":4,"length_m":96.6,"drop_m":-0.38,"gradient":0.0,"area_ha":482.25,"on_drain_share":0.0,"downstream":"L00154"}},{"type":"Feature","geometry":{"type":"LineString","coordinates":[[80.27254375100097,13.041924492841972],[80.27263623897949,13.041834332358544],[80.27346625264526,13.04183666242905],[80.27355874027327,13.04174650159619],[80.27374318771344,13.041747018959033],[80.27392816264248,13.041566697042995],[80.27466595197862,13.04156876462581],[80.27494314974861,13.04138870023673]]},"properties":{"id":"L00154","strahler":4,"length_m":284.9,"drop_m":2.63,"gradient":0.00922,"area_ha":518.6,"on_drain_share":0.0,"downstream":"L00158"}},{"type":"Feature","geometry":{"type":"LineString","coordinates":[[80.242202517501,13.041747059670495],[80.24229501579387,13.041656910611804]]},"properties":{"id":"L00144","strahler":1,"length_m":14.1,"drop_m":0.0,"gradient":0.0,"area_ha":4.2,"on_drain_share":0.0,"downstream":"L00162"}},{"type":"Feature","geometry":{"type":"LineString","coordinates":[[80.2588027017792,13.041795106259675],[80.25825070840101,13.04134142557008],[80.25788154585265,13.04143078792581]]},"properties":{"id":"L00152","strahler":1,"length_m":124.9,"drop_m":0.54,"gradient":0.00433,"area_ha":4.29,"on_drain_share":0.0,"downstream":"L00190"}},{"type":"Feature","geometry":{"type":"LineString","coordinates":[[80.22772436429321,13.04143302784008],[80.22855436805932,13.041435501782487],[80.22883019566275,13.041707581755254]]},"properties":{"id":"L00145","strahler":1,"length_m":132.4,"drop_m":0.84,"gradient":0.00637,"area_ha":4.92,"on_drain_share":0.0,"downstream":"L00120"}},{"type":"Feature","geometry":{"type":"LineString","coordinates":[[80.23031107180206,13.039994016994815],[80.2299413441513,13.040264176432215],[80.22994050508257,13.040535432444194],[80.23012411089393,13.040807236841637],[80.22993882688816,13.041077944450963],[80.22984632460138,13.041168088863817],[80.22920076659817,13.041166168175444],[80.22883075590262,13.041526744478332],[80.22883019566275,13.041707581755254]]},"properties":{"id":"L00146","strahler":1,"length_m":319.7,"drop_m":2.64,"gradient":0.00827,"area_ha":10.46,"on_drain_share":0.0,"downstream":"L00120"}},{"type":"Feature","geometry":{"type":"LineString","coordinates":[[80.24165248462629,13.040660412837878],[80.24155833360304,13.041293075155767],[80.24201834671574,13.041656100925872],[80.24229501579387,13.041656910611804]]},"properties":{"id":"L00147","strahler":1,"length_m":170.7,"drop_m":-1.25,"gradient":0.0,"area_ha":6.72,"on_drain_share":0.0,"downstream":"L00162"}},{"type":"Feature","geometry":{"type":"LineString","coordinates":[[80.24229501579387,13.041656910611804],[80.24248001217867,13.041476612382397],[80.2434022419456,13.041479308505737],[80.24377223265472,13.041118710208124],[80.24386418086767,13.04120939846056],[80.24533974748364,13.04121370270851],[80.2458941807395,13.040853638621792]]},"properties":{"id":"L00162","strahler":2,"length_m":435.6,"drop_m":2.88,"gradient":0.0066,"area_ha":15.46,"on_drain_share":0.0,"downstream":"L00185"}},{"type":"Feature","geometry":{"type":"LineString","coordinates":[[80.2651663901956,13.041722822634387],[80.26535137098212,13.041542507172984],[80.26553581793225,13.041543030373418],[80.26571973144787,13.041724392258185],[80.26590417854807,13.041724915203417]]},"properties":{"id":"L00148","strahler":1,"length_m":96.6,"drop_m":1.07,"gradient":0.01111,"area_ha":5.1,"on_drain_share":0.0,"downstream":"L00159"}},{"type":"Feature","geometry":{"type":"LineString","coordinates":[[80.25788154585265,13.04143078792581],[80.25769709930519,13.04143025927826],[80.25732766670068,13.04161004006291],[80.25714322004364,13.04160951101373],[80.25695931319667,13.041428143374587],[80.25696174220468,13.040614370279325],[80.25677810613435,13.040342583310716],[80.25677891594967,13.040071325606517],[80.25668696316951,13.03998064169948],[80.25668750309912,13.03979980322936],[80.2573349497233,13.039168720452146],[80.25733737706803,13.03835494714559],[80.2572454246723,13.03826426344812],[80.25724623384497,13.037993005671611],[80.25706232944313,13.037811638195231],[80.25743229571572,13.037451018910488],[80.25770896110154,13.037451811877874],[80.25881239300404,13.038540012297004],[80.25936572638744,13.038541595118195],[80.2605613931538,13.039630052353095],[80.26111472917916,13.039631631567659],[80.26148469275664,13.039271006374307],[80.26194580553747,13.03927232078923],[80.26231362415056,13.039635049144477],[80.26286696040641,13.039636624616206],[80.26323665401843,13.039366416157836]]},"properties":{"id":"L00190","strahler":2,"length_m":1402.0,"drop_m":2.6,"gradient":0.00185,"area_ha":40.76,"on_drain_share":0.0,"downstream":"L00191"}},{"type":"Feature","geometry":{"type":"LineString","coordinates":[[80.26332860909979,13.039457097859161],[80.26378918766095,13.039639247775867],[80.26471141511709,13.039641867652332],[80.26553901922232,13.040457997470932],[80.26553741861349,13.041000513933618],[80.26535243837893,13.041180829563995],[80.26535190468455,13.041361668369765],[80.26544386127492,13.041452349386452],[80.26562830816206,13.041452872517459],[80.26590417854807,13.041724915203417]]},"properties":{"id":"L00149","strahler":2,"length_m":470.4,"drop_m":1.58,"gradient":0.00335,"area_ha":77.14,"on_drain_share":0.0,"downstream":"L00159"}},{"type":"Feature","geometry":{"type":"LineString","coordinates":[[80.27097674176058,13.041648825210538],[80.27116118902217,13.041649344408572],[80.2712536773667,13.041559184438109],[80.2718070190104,13.041560741035921]]},"properties":{"id":"L00151","strahler":1,"length_m":94.1,"drop_m":-0.05,"gradient":0.0,"area_ha":4.83,"on_drain_share":0.0,"downstream":"L00143"}},{"type":"Feature","geometry":{"type":"LineString","coordinates":[[80.21979322586084,13.041409253813057],[80.22053355359806,13.040597709415156],[80.22136355316077,13.040600206246928],[80.22164106783677,13.040329782456835],[80.22155025940137,13.039877412803495],[80.22192027744482,13.039516847312644],[80.2219228206032,13.03870308074405]]},"properties":{"id":"L00201","strahler":1,"length_m":456.3,"drop_m":-1.72,"gradient":0.0,"area_ha":17.46,"on_drain_share":0.0,"downstream":"L00246"}},{"type":"Feature","geometry":{"type":"LineString","coordinates":[[80.27107081879251,13.041016148197128],[80.2718070190104,13.041560741035921]]},"properties":{"id":"L00153","strahler":4,"length_m":104.9,"drop_m":0.2,"gradient":0.00194,"area_ha":476.58,"on_drain_share":0.0,"downstream":"L00143"}},{"type":"Feature","geometry":{"type":"LineString","coordinates":[[80.253551392089,13.039971623348992],[80.2537352953004,13.040152993236717],[80.2540119634552,13.04015379031467],[80.25428781909442,13.040425844645458],[80.25428565224736,13.041149198079703],[80.25465373244758,13.041421517630601]]},"properties":{"id":"L00156","strahler":1,"length_m":233.1,"drop_m":0.15,"gradient":0.00062,"area_ha":7.5,"on_drain_share":0.0,"downstream":"L00101"}},{"type":"Feature","geometry":{"type":"LineString","coordinates":[[80.25806653139827,13.041250477935357],[80.25788154585265,13.04143078792581]]},"properties":{"id":"L00157","strahler":1,"length_m":28.3,"drop_m":-0.53,"gradient":0.0,"area_ha":4.38,"on_drain_share":0.0,"downstream":"L00190"}},{"type":"Feature","geometry":{"type":"LineString","coordinates":[[80.27494314974861,13.04138870023673],[80.27540426784313,13.041389990897711]]},"properties":{"id":"L00158","strahler":4,"length_m":50.0,"drop_m":-0.32,"gradient":0.0,"area_ha":527.08,"on_drain_share":0.0,"downstream":"L00169"}},{"type":"Feature","geometry":{"type":"LineString","coordinates":[[80.27540426784313,13.041389990897711],[80.27679129997759,13.040127983030489],[80.27697574635104,13.040128498028224],[80.27715966765932,13.040309852191962],[80.27743633744716,13.04031062425638]]},"properties":{"id":"L00169","strahler":4,"length_m":286.3,"drop_m":0.65,"gradient":0.00228,"area_ha":540.16,"on_drain_share":0.0,"downstream":"L00176"}},{"type":"Feature","geometry":{"type":"LineString","coordinates":[[80.20799193446217,13.04037881938895],[80.2080844438937,13.040288683209186],[80.20836024663954,13.040560783671618],[80.208544690404,13.040561347420851],[80.20882193078971,13.040381356371872],[80.20955740865058,13.041106955055511],[80.20974185287321,13.041107517975309],[80.21038912852511,13.040566977690002],[80.21075830291242,13.040477683912517],[80.2112208448803,13.040026997424402],[80.21149779650709,13.03993742163404],[80.21168281256618,13.039757146561957],[80.212143920876,13.039758549688353],[80.21232865028557,13.039668692413805],[80.21242115795974,13.039578554574978],[80.21242173002305,13.039397717977192]]},"properties":{"id":"L00179","strahler":1,"length_m":628.4,"drop_m":1.95,"gradient":0.0031,"area_ha":20.02,"on_drain_share":0.0,"downstream":"L00200"}},{"type":"Feature","geometry":{"type":"LineString","coordinates":[[80.25096535005186,13.041230035539472],[80.25124283513264,13.040959578298942],[80.25188866764182,13.040871024884922]]},"properties":{"id":"L00164","strahler":1,"length_m":116.6,"drop_m":0.44,"gradient":0.00374,"area_ha":7.06,"on_drain_share":0.0,"downstream":"L00139"}},{"type":"Feature","geometry":{"type":"LineString","coordinates":[[80.2744878289608,13.039398177691686],[80.27421036958818,13.039668661313554],[80.2742098423917,13.03984950049889],[80.2745776806415,13.040212212410841],[80.27457741716628,13.040302632007425],[80.27448466693978,13.040483212855156],[80.27420773352628,13.040572857214825],[80.27420746990916,13.040663276801457],[80.27494314974861,13.04138870023673]]},"properties":{"id":"L00161","strahler":1,"length_m":310.4,"drop_m":6.04,"gradient":0.01945,"area_ha":8.16,"on_drain_share":0.0,"downstream":"L00158"}},{"type":"Feature","geometry":{"type":"LineString","coordinates":[[80.27937014725809,13.041310637009536],[80.27927844715965,13.041129540988702],[80.28011107444588,13.040227652603418]]},"properties":{"id":"L00170","strahler":1,"length_m":167.3,"drop_m":1.58,"gradient":0.00943,"area_ha":5.09,"on_drain_share":0.0,"downstream":"L00192"}},{"type":"Feature","geometry":{"type":"LineString","coordinates":[[80.26738135232522,13.041186577379765],[80.2676588204988,13.040916101587603],[80.26765935249855,13.040735262681842],[80.26802957469654,13.040284208287451],[80.26803037224921,13.040012949892082],[80.26812286102556,13.039922791056409]]},"properties":{"id":"L00174","strahler":3,"length_m":173.1,"drop_m":0.58,"gradient":0.00332,"area_ha":223.33,"on_drain_share":0.0,"downstream":"L00228"}},{"type":"Feature","geometry":{"type":"LineString","coordinates":[[80.26221711399747,13.041081495976194],[80.26194151660852,13.040719030264716],[80.26185036592722,13.040357090071163],[80.26249780171104,13.039725993788792],[80.26295891544015,13.039727306445071],[80.26332860909979,13.039457097859161]]},"properties":{"id":"L00186","strahler":1,"length_m":298.0,"drop_m":-3.01,"gradient":0.0,"area_ha":13.08,"on_drain_share":0.0,"downstream":"L00149"}},{"type":"Feature","geometry":{"type":"LineString","coordinates":[[80.2458941807395,13.040853638621792],[80.24626416705946,13.040493036497987],[80.24626526209597,13.040131360434287],[80.24580579287506,13.039587503960195],[80.24580661459589,13.03931624692318]]},"properties":{"id":"L00185","strahler":2,"length_m":207.3,"drop_m":1.51,"gradient":0.00727,"area_ha":22.48,"on_drain_share":0.0,"downstream":"L00196"}},{"type":"Feature","geometry":{"type":"LineString","coordinates":[[80.26996811545462,13.039656738255395],[80.2703348868653,13.040381133902764],[80.27107081879251,13.041016148197128]]},"properties":{"id":"L00165","strahler":4,"length_m":205.6,"drop_m":0.07,"gradient":0.00034,"area_ha":471.19,"on_drain_share":0.0,"downstream":"L00153"}},{"type":"Feature","geometry":{"type":"LineString","coordinates":[[80.27199437498012,13.040566644711124],[80.27171691167253,13.040837125425986],[80.27125605967353,13.040745408727512],[80.27107081879251,13.041016148197128]]},"properties":{"id":"L00166","strahler":1,"length_m":134.9,"drop_m":2.19,"gradient":0.01625,"area_ha":5.04,"on_drain_share":0.0,"downstream":"L00153"}},{"type":"Feature","geometry":{"type":"LineString","coordinates":[[80.25170476534872,13.040689653739811],[80.25188866764182,13.040871024884922]]},"properties":{"id":"L00167","strahler":1,"length_m":28.3,"drop_m":0.82,"gradient":0.02905,"area_ha":4.12,"on_drain_share":0.0,"downstream":"L00139"}},{"type":"Feature","geometry":{"type":"LineString","coordinates":[[80.17184055473173,13.040446574011977],[80.17156479440281,13.040174437002532],[80.17138035261836,13.04017384693474],[80.17110459310669,13.039901709477872],[80.17082793076881,13.039900823853532],[80.16999975252335,13.039355661125073]]},"properties":{"id":"L00178","strahler":1,"length_m":249.7,"drop_m":-1.38,"gradient":0.0,"area_ha":7.32,"on_drain_share":0.0,"downstream":null}},{"type":"Feature","geometry":{"type":"LineString","coordinates":[[80.22431494585112,13.040518643783406],[80.22422385069328,13.040156693347129],[80.22385608994392,13.039793913910419],[80.22348804825366,13.039521552540457],[80.22321138277212,13.039520722895576],[80.22265946341417,13.039066970108221],[80.22219863769234,13.038975167260645],[80.2219228206032,13.03870308074405]]},"properties":{"id":"L00202","strahler":1,"length_m":360.4,"drop_m":-1.71,"gradient":0.0,"area_ha":10.3,"on_drain_share":0.0,"downstream":"L00246"}},{"type":"Feature","geometry":{"type":"LineString","coordinates":[[80.23501357089125,13.040279208687785],[80.23519857117073,13.040098915875932],[80.23547440504971,13.040370989120403],[80.23575190500432,13.040100549332553],[80.2359382921199,13.039468161938574],[80.2371410579319,13.038205832326803],[80.2375099445089,13.038206918507727],[80.23769383415484,13.038388299101069],[80.23815494277876,13.038389655779786],[80.23852438276788,13.038209902796995],[80.23907605485675,13.038754042183855],[80.23907494949711,13.039115717682416],[80.23898245110084,13.039205865596172],[80.23852106432818,13.039294929168006],[80.23833579032825,13.039565643385515],[80.23916357930311,13.040291433932246],[80.23925580176027,13.040291704849192],[80.23953302154754,13.040111679652126],[80.24110576361377,13.038488738010228],[80.24165909463187,13.038490358650009],[80.2420290830344,13.038129762655407],[80.24203018401677,13.037768086880675],[80.2422154527011,13.037497369688392],[80.24212378161472,13.037316261983227],[80.24212488238845,13.036954586177872],[80.24230960008148,13.036864706777644],[80.24221820427991,13.036593180149303],[80.242495692877,13.036322732421702],[80.24323346140537,13.036324888701557],[80.243695665209,13.035964559344963],[80.24397177907267,13.036146204888066],[80.2440634511583,13.036327312005456],[80.24406235325475,13.036688987990939],[80.24599352352254,13.038503012773878],[80.24627018935155,13.03850381802178],[80.24636268498202,13.038413667341208],[80.24654712881551,13.038414203939494],[80.24663907715247,13.038504891226049]]},"properties":{"id":"L00207","strahler":1,"length_m":2184.9,"drop_m":3.81,"gradient":0.00175,"area_ha":50.33,"on_drain_share":0.0,"downstream":"L00203"}},{"type":"Feature","geometry":{"type":"LineString","coordinates":[[80.27734385171003,13.040400786585815],[80.27743633744716,13.04031062425638]]},"properties":{"id":"L00168","strahler":1,"length_m":14.1,"drop_m":0.0,"gradient":0.0,"area_ha":5.8,"on_drain_share":0.0,"downstream":"L00176"}},{"type":"Feature","geometry":{"type":"LineString","coordinates":[[80.27743633744716,13.04031062425638],[80.2779912504634,13.039769649499442]]},"properties":{"id":"L00176","strahler":4,"length_m":84.9,"drop_m":-2.22,"gradient":0.0,"area_ha":552.15,"on_drain_share":0.0,"downstream":"L00171"}},{"type":"Feature","geometry":{"type":"LineString","coordinates":[[80.2779912504634,13.039769649499442],[80.2780837357317,13.039679486909908],[80.2789137432168,13.03968179914551],[80.27946524976831,13.040316277032721],[80.28011107444588,13.040227652603418]]},"properties":{"id":"L00171","strahler":4,"length_m":273.1,"drop_m":4.43,"gradient":0.0162,"area_ha":580.34,"on_drain_share":0.0,"downstream":"L00192"}},{"type":"Feature","geometry":{"type":"LineString","coordinates":[[80.18290976206899,13.039667967948427],[80.18318553502291,13.039940093592106],[80.18346219826667,13.039940966018763],[80.18429485434697,13.039129822462675],[80.18438766755511,13.038949277533133],[80.18512572946625,13.038861182053209],[80.18558624158055,13.039043467775437],[80.18614133978132,13.038502700762775],[80.18605030149406,13.038140740084792]]},"properties":{"id":"L00204","strahler":1,"length_m":495.3,"drop_m":1.45,"gradient":0.00292,"area_ha":15.18,"on_drain_share":0.0,"downstream":"L00240"}},{"type":"Feature","geometry":{"type":"LineString","coordinates":[[80.28011107444588,13.040227652603418],[80.2802960438205,13.040047325816966],[80.28029682799361,13.039776066676446],[80.28038931247407,13.039685903220084],[80.28057375866672,13.039686415638418],[80.28085121151717,13.039415924838472],[80.28168121863061,13.039418228159745]]},"properties":{"id":"L00192","strahler":4,"length_m":224.9,"drop_m":3.29,"gradient":0.01464,"area_ha":591.06,"on_drain_share":0.0,"downstream":null}},{"type":"Feature","geometry":{"type":"LineString","coordinates":[[80.2163861198531,13.039771419940697],[80.2162016763247,13.039770861809066],[80.21610916986394,13.039861001070916],[80.21546361736284,13.039859046332198],[80.21537168055325,13.039768348591593]]},"properties":{"id":"L00173","strahler":1,"length_m":118.3,"drop_m":1.2,"gradient":0.01013,"area_ha":7.36,"on_drain_share":0.0,"downstream":"L00180"}},{"type":"Feature","geometry":{"type":"LineString","coordinates":[[80.21537168055325,13.039768348591593],[80.21491171238543,13.03940527780073],[80.214635047601,13.039404439002212],[80.2142650197954,13.039764993498276],[80.21352724612896,13.039762754142933],[80.21343531009906,13.039672055756366],[80.21278947260036,13.039760512686417],[80.21242173002305,13.039397717977192]]},"properties":{"id":"L00180","strahler":3,"length_m":378.0,"drop_m":-0.77,"gradient":0.0,"area_ha":83.62,"on_drain_share":0.0,"downstream":"L00200"}},{"type":"Feature","geometry":{"type":"LineString","coordinates":[[80.26812286102556,13.039922791056409],[80.26803249896813,13.039289594143137],[80.2678485853776,13.039108233873243],[80.26785124422544,13.038204039154548],[80.26775955375066,13.038022939513219],[80.26831421559407,13.037572405724331]]},"properties":{"id":"L00228","strahler":3,"length_m":307.3,"drop_m":3.13,"gradient":0.01018,"area_ha":235.21,"on_drain_share":0.0,"downstream":"L00236"}},{"type":"Feature","geometry":{"type":"LineString","coordinates":[[80.17507158686033,13.039462283643129],[80.17516410713431,13.03937215989637],[80.17571713190424,13.039464338995392],[80.17617973151164,13.039013718662183]]},"properties":{"id":"L00187","strahler":1,"length_m":149.0,"drop_m":0.27,"gradient":0.00184,"area_ha":6.4,"on_drain_share":0.0,"downstream":"L00212"}},{"type":"Feature","geometry":{"type":"LineString","coordinates":[[80.17645489780415,13.039466685999681],[80.17617973151164,13.039013718662183]]},"properties":{"id":"L00188","strahler":1,"length_m":62.4,"drop_m":0.32,"gradient":0.00507,"area_ha":4.43,"on_drain_share":0.0,"downstream":"L00212"}},{"type":"Feature","geometry":{"type":"LineString","coordinates":[[80.24497551770799,13.039675504638488],[80.24543772566389,13.039315172467745],[80.24580661459589,13.03931624692318]]},"properties":{"id":"L00189","strahler":1,"length_m":106.6,"drop_m":3.13,"gradient":0.02937,"area_ha":4.54,"on_drain_share":0.0,"downstream":"L00196"}},{"type":"Feature","geometry":{"type":"LineString","coordinates":[[80.27753538256384,13.03795997028998],[80.27753433313548,13.03832164897263],[80.27697942257862,13.038862622927361],[80.2769791600038,13.038953042581555],[80.27753092227472,13.039497104621043],[80.2779912504634,13.039769649499442]]},"properties":{"id":"L00177","strahler":2,"length_m":282.1,"drop_m":2.44,"gradient":0.00864,"area_ha":25.73,"on_drain_share":0.0,"downstream":"L00171"}},{"type":"Feature","geometry":{"type":"LineString","coordinates":[[80.22671581361735,13.039531209898445],[80.22690025743087,13.039531760532745],[80.2271777651798,13.039261330382265],[80.22763859377874,13.039353124500492],[80.22782415922562,13.038991999934444]]},"properties":{"id":"L00194","strahler":1,"length_m":164.9,"drop_m":2.23,"gradient":0.01351,"area_ha":5.42,"on_drain_share":0.0,"downstream":"L00197"}},{"type":"Feature","geometry":{"type":"LineString","coordinates":[[80.22966831447245,13.03908791092656],[80.22920720547454,13.039086539068364],[80.22892998004225,13.039266552874698],[80.22874469603154,13.039537259652986],[80.22837580824375,13.03953616087952],[80.22782472007542,13.038811162662707]]},"properties":{"id":"L00198","strahler":1,"length_m":271.4,"drop_m":1.17,"gradient":0.0043,"area_ha":11.56,"on_drain_share":0.0,"downstream":"L00264"}},{"type":"Feature","geometry":{"type":"LineString","coordinates":[[80.24682215345477,13.038957522824173],[80.24709799955205,13.039229584339996],[80.24700440996237,13.039681411423695]]},"properties":{"id":"L00181","strahler":3,"length_m":96.6,"drop_m":0.32,"gradient":0.00336,"area_ha":124.84,"on_drain_share":0.0,"downstream":"L00097"}},{"type":"Feature","geometry":{"type":"LineString","coordinates":[[80.25023600721583,13.03842490832946],[80.25005183555963,13.038333955249145],[80.24977462479134,13.038513992255112],[80.24903684866229,13.03851185425068],[80.24811217116897,13.039322950368543],[80.24737439292538,13.039320807498509],[80.24700440996237,13.039681411423695]]},"properties":{"id":"L00182","strahler":1,"length_m":416.3,"drop_m":2.07,"gradient":0.00496,"area_ha":13.29,"on_drain_share":0.0,"downstream":"L00097"}},{"type":"Feature","geometry":{"type":"LineString","coordinates":[[80.21242173002305,13.039397717977192],[80.21242230207774,13.039216881376861],[80.2123303666635,13.03912618262869],[80.21233179691912,13.038674091123594]]},"properties":{"id":"L00200","strahler":3,"length_m":84.1,"drop_m":2.21,"gradient":0.02622,"area_ha":104.2,"on_drain_share":0.0,"downstream":"L00243"}},{"type":"Feature","geometry":{"type":"LineString","coordinates":[[80.26951257207386,13.03775662847631],[80.2695104499133,13.038479984550639],[80.26960240709347,13.038570664134499],[80.26960134609111,13.038932342161333],[80.26969330346418,13.039023021720372],[80.26969250778588,13.039294280237515],[80.26996811545462,13.039656738255395]]},"properties":{"id":"L00183","strahler":4,"length_m":230.7,"drop_m":1.89,"gradient":0.00817,"area_ha":459.52,"on_drain_share":0.0,"downstream":"L00165"}},{"type":"Feature","geometry":{"type":"LineString","coordinates":[[80.27117177723451,13.038032563178469],[80.27033939189417,13.038844002137838],[80.27033886192075,13.039024841178538],[80.2699691759852,13.039295060219063],[80.26996811545462,13.039656738255395]]},"properties":{"id":"L00184","strahler":1,"length_m":239.7,"drop_m":3.71,"gradient":0.01549,"area_ha":7.53,"on_drain_share":0.0,"downstream":"L00165"}},{"type":"Feature","geometry":{"type":"LineString","coordinates":[[80.2037532040128,13.039280793779119],[80.20412324538658,13.038920255120914],[80.20439990892841,13.038921105116708],[80.20495496841666,13.038380295376102],[80.20495612327029,13.038018622799486]]},"properties":{"id":"L00210","strahler":1,"length_m":211.4,"drop_m":1.3,"gradient":0.00614,"area_ha":7.0,"on_drain_share":0.0,"downstream":"L00219"}},{"type":"Feature","geometry":{"type":"LineString","coordinates":[[80.22800776159846,13.039263805671819],[80.22782415922562,13.038991999934444]]},"properties":{"id":"L00195","strahler":1,"length_m":38.3,"drop_m":-0.48,"gradient":0.0,"area_ha":4.16,"on_drain_share":0.0,"downstream":"L00197"}},{"type":"Feature","geometry":{"type":"LineString","coordinates":[[80.24580661459589,13.03931624692318],[80.24608410271746,13.039045795359966],[80.24672965776813,13.03904767366315],[80.24682215345477,13.038957522824173]]},"properties":{"id":"L00196","strahler":2,"length_m":126.6,"drop_m":-2.26,"gradient":0.0,"area_ha":27.8,"on_drain_share":0.0,"downstream":"L00181"}},{"type":"Feature","geometry":{"type":"LineString","coordinates":[[80.26323665401843,13.039366416157836],[80.26332860909979,13.039457097859161]]},"properties":{"id":"L00191","strahler":2,"length_m":14.1,"drop_m":0.0,"gradient":0.0,"area_ha":54.55,"on_drain_share":0.0,"downstream":"L00149"}},{"type":"Feature","geometry":{"type":"LineString","coordinates":[[80.17617973151164,13.039013718662183],[80.17627225123223,13.038923594482528],[80.17627464432803,13.038200254496122],[80.17581503943848,13.037746700224021],[80.17563059925381,13.03774611329029],[80.17553867854824,13.03765540228667]]},"properties":{"id":"L00212","strahler":2,"length_m":199.0,"drop_m":1.2,"gradient":0.00603,"area_ha":12.23,"on_drain_share":0.0,"downstream":"L00231"}},{"type":"Feature","geometry":{"type":"LineString","coordinates":[[80.26029573822777,13.035922070025523],[80.25974079788847,13.036463005444507],[80.25974026031902,13.036643844086653],[80.26075174467412,13.03764135369013],[80.26075040244501,13.038093450353308],[80.26102653204812,13.038275078487246],[80.26130319857525,13.038275867664904],[80.26148683836647,13.03854765165095],[80.26213239439866,13.038549491496479],[80.2628680312507,13.039274947156754],[80.26314469900404,13.039275734426806],[80.26323665401843,13.039366416157836]]},"properties":{"id":"L00193","strahler":1,"length_m":644.3,"drop_m":2.1,"gradient":0.00326,"area_ha":13.73,"on_drain_share":0.0,"downstream":"L00191"}},{"type":"Feature","geometry":{"type":"LineString","coordinates":[[80.18069913733704,13.038847217336967],[80.18070092251642,13.03830471174311],[80.18024160657384,13.037760747244294],[80.1804272374062,13.037399660496762],[80.18042961814369,13.036676319668569],[80.18015385177843,13.0364041914155],[80.18015444712775,13.036223356210824],[80.17960321443822,13.035588681337316],[80.17941996735566,13.03522642682793],[80.17896036154431,13.034772878019869]]},"properties":{"id":"L00259","strahler":1,"length_m":545.3,"drop_m":2.36,"gradient":0.00433,"area_ha":11.66,"on_drain_share":0.0,"downstream":"L00269"}},{"type":"Feature","geometry":{"type":"LineString","coordinates":[[80.19619223222165,13.038895762941184],[80.19573112730431,13.038894331508857],[80.19554697749773,13.038803340775022],[80.19536312003916,13.038621931989173],[80.19545621741777,13.03835096467164],[80.19499686755553,13.037807024442673],[80.19499774450703,13.037535770661501],[80.19481330359517,13.037535197395192]]},"properties":{"id":"L00226","strahler":1,"length_m":267.3,"drop_m":3.58,"gradient":0.01339,"area_ha":9.04,"on_drain_share":0.0,"downstream":"L00225"}},{"type":"Feature","geometry":{"type":"LineString","coordinates":[[80.22782415922562,13.038991999934444],[80.22782472007542,13.038811162662707]]},"properties":{"id":"L00197","strahler":2,"length_m":20.0,"drop_m":-0.05,"gradient":0.0,"area_ha":9.71,"on_drain_share":0.0,"downstream":"L00264"}},{"type":"Feature","geometry":{"type":"LineString","coordinates":[[80.212146782154,13.038854366747024],[80.21233179691912,13.038674091123594]]},"properties":{"id":"L00199","strahler":1,"length_m":28.3,"drop_m":1.17,"gradient":0.04154,"area_ha":4.01,"on_drain_share":0.0,"downstream":"L00243"}},{"type":"Feature","geometry":{"type":"LineString","coordinates":[[80.22782472007542,13.038811162662707],[80.2277347419968,13.038087538609426],[80.22764280107744,13.03799684499775],[80.22764532522822,13.03718307722742],[80.22736978426344,13.03682057761104],[80.22737287011562,13.035825972525569],[80.22718927077874,13.03555416644744],[80.22718983193647,13.035373329154979],[80.22700595247349,13.035191941612105],[80.22700679438235,13.034920685676674],[80.22691485484535,13.03482999186499]]},"properties":{"id":"L00264","strahler":2,"length_m":481.4,"drop_m":-0.78,"gradient":0.0,"area_ha":31.32,"on_drain_share":0.0,"downstream":"L00302"}},{"type":"Feature","geometry":{"type":"LineString","coordinates":[[80.24663907715247,13.038504891226049],[80.24682270050518,13.038776684748894],[80.24682215345477,13.038957522824173]]},"properties":{"id":"L00203","strahler":2,"length_m":58.3,"drop_m":0.42,"gradient":0.00723,"area_ha":96.11,"on_drain_share":0.0,"downstream":"L00181"}},{"type":"Feature","geometry":{"type":"LineString","coordinates":[[80.21233179691912,13.038674091123594],[80.21233236900626,13.038493254517105],[80.2124248762171,13.038403116643869],[80.21243002397172,13.036775587023284],[80.21206228609937,13.036412792002455]]},"properties":{"id":"L00243","strahler":3,"length_m":270.7,"drop_m":-1.78,"gradient":0.0,"area_ha":114.71,"on_drain_share":0.0,"downstream":"L00251"}},{"type":"Feature","geometry":{"type":"LineString","coordinates":[[80.2219228206032,13.03870308074405],[80.2219231031657,13.038612662233247],[80.22201532462611,13.038612939254133],[80.2224778437362,13.03816223124301],[80.22247812608504,13.03807181271648],[80.22294036117226,13.037711522296062],[80.22294064334304,13.037621103756425],[80.22266482681007,13.037349018040738],[80.22192705881693,13.037346803015227],[80.22165124374119,13.037074716294],[80.22165322206848,13.036441786666613],[80.22137769095727,13.036079281191709]]},"properties":{"id":"L00246","strahler":2,"length_m":464.6,"drop_m":1.15,"gradient":0.00249,"area_ha":36.53,"on_drain_share":0.0,"downstream":"L00263"}},{"type":"Feature","geometry":{"type":"LineString","coordinates":[[80.18641800163219,13.038503569937994],[80.18605030149406,13.038140740084792]]},"properties":{"id":"L00205","strahler":1,"length_m":56.6,"drop_m":-0.7,"gradient":0.0,"area_ha":5.36,"on_drain_share":0.0,"downstream":"L00240"}},{"type":"Feature","geometry":{"type":"LineString","coordinates":[[80.20689103377985,13.038567069051759],[80.20606335038282,13.037841180880257],[80.20532558388216,13.037838918490197],[80.20523278586649,13.03801947184803],[80.20504805545684,13.038109323995629],[80.20495612327029,13.038018622799486]]},"properties":{"id":"L00211","strahler":1,"length_m":265.6,"drop_m":1.79,"gradient":0.00672,"area_ha":10.0,"on_drain_share":0.0,"downstream":"L00219"}},{"type":"Feature","geometry":{"type":"LineString","coordinates":[[80.20283388608375,13.038373776001949],[80.20338692251049,13.038465896490441],[80.20394227206891,13.037834670846431],[80.2044953078622,13.037926788926457],[80.20477283663702,13.037656384032429]]},"properties":{"id":"L00218","strahler":1,"length_m":265.6,"drop_m":0.64,"gradient":0.00242,"area_ha":7.78,"on_drain_share":0.0,"downstream":"L00253"}},{"type":"Feature","geometry":{"type":"LineString","coordinates":[[80.23483468398395,13.038470288163571],[80.23483607330616,13.038018194214608],[80.23492885047526,13.037837629037915]]},"properties":{"id":"L00214","strahler":1,"length_m":74.1,"drop_m":-2.73,"gradient":0.0,"area_ha":5.87,"on_drain_share":0.0,"downstream":"L00248"}},{"type":"Feature","geometry":{"type":"LineString","coordinates":[[80.24867259875373,13.036973660032627],[80.24830262124678,13.03733426616956],[80.24802595658747,13.037333463163204],[80.24784205973114,13.037152089521065],[80.24765761677739,13.037151553895749],[80.24738013249753,13.037422007392474],[80.2472868176138,13.037783415650937],[80.24663907715247,13.038504891226049]]},"properties":{"id":"L00208","strahler":2,"length_m":330.4,"drop_m":-0.37,"gradient":0.0,"area_ha":45.61,"on_drain_share":0.0,"downstream":"L00203"}},{"type":"Feature","geometry":{"type":"LineString","coordinates":[[80.1732316767718,13.038100140936637],[80.17268015836892,13.037555869649216]]},"properties":{"id":"L00215","strahler":1,"length_m":84.9,"drop_m":-3.1,"gradient":0.0,"area_ha":5.97,"on_drain_share":0.0,"downstream":"L00241"}},{"type":"Feature","geometry":{"type":"LineString","coordinates":[[80.18605030149406,13.038140740084792],[80.18595867223392,13.037959614826262],[80.18605118821459,13.037869486912667],[80.18605237047744,13.037507816007588],[80.18623799292749,13.037146724578614],[80.18568585501279,13.03678331483367],[80.18568703770424,13.03642164393129]]},"properties":{"id":"L00240","strahler":2,"length_m":243.1,"drop_m":0.77,"gradient":0.00315,"area_ha":22.7,"on_drain_share":0.0,"downstream":"L00261"}},{"type":"Feature","geometry":{"type":"LineString","coordinates":[[80.18937141759382,13.037789480375428],[80.18964719607791,13.038061599470817],[80.19010829875927,13.038063041643262],[80.19020022523304,13.038153747795961],[80.19047747491076,13.037973776966844],[80.19084635699731,13.037974929580463],[80.1909382837254,13.038065635485653],[80.19158353414508,13.038158068928057]]},"properties":{"id":"L00209","strahler":1,"length_m":273.1,"drop_m":0.54,"gradient":0.00199,"area_ha":11.34,"on_drain_share":0.0,"downstream":"L00224"}},{"type":"Feature","geometry":{"type":"LineString","coordinates":[[80.19158353414508,13.038158068928057],[80.1916760482904,13.038067938891187],[80.1918604894538,13.038068514414315],[80.1920455174185,13.037888254088259],[80.1923221789926,13.037889116917427],[80.19250603359536,13.03807052771125],[80.1927826954035,13.038071390060406],[80.19296801580096,13.037800711156091],[80.19296918801135,13.03743903962768]]},"properties":{"id":"L00224","strahler":2,"length_m":229.0,"drop_m":2.79,"gradient":0.0122,"area_ha":84.92,"on_drain_share":0.0,"downstream":"L00289"}},{"type":"Feature","geometry":{"type":"LineString","coordinates":[[80.21722123283384,13.03814639858272],[80.21768233877535,13.038147791680048],[80.21805207542843,13.037877650272197],[80.2192509499325,13.037881266699733],[80.21999070171768,13.037250560099558]]},"properties":{"id":"L00234","strahler":1,"length_m":341.4,"drop_m":1.14,"gradient":0.00334,"area_ha":8.11,"on_drain_share":0.0,"downstream":"L00245"}},{"type":"Feature","geometry":{"type":"LineString","coordinates":[[80.20495612327029,13.038018622799486],[80.20477225909805,13.03783722031898],[80.20477283663702,13.037656384032429]]},"properties":{"id":"L00219","strahler":2,"length_m":48.3,"drop_m":-0.53,"gradient":0.0,"area_ha":17.15,"on_drain_share":0.0,"downstream":"L00253"}},{"type":"Feature","geometry":{"type":"LineString","coordinates":[[80.23345302909031,13.037923685344268],[80.23372969346737,13.037924503950876],[80.23391469277553,13.037744211978268],[80.23419135698315,13.037745030080744],[80.23455913079248,13.038107795569104],[80.23465135234152,13.038108068080787],[80.23492885047526,13.037837629037915]]},"properties":{"id":"L00213","strahler":1,"length_m":197.3,"drop_m":2.27,"gradient":0.0115,"area_ha":7.79,"on_drain_share":0.0,"downstream":"L00248"}},{"type":"Feature","geometry":{"type":"LineString","coordinates":[[80.17332539789503,13.0376483481035],[80.17268015836892,13.037555869649216]]},"properties":{"id":"L00220","strahler":2,"length_m":74.1,"drop_m":-2.44,"gradient":0.0,"area_ha":35.55,"on_drain_share":0.0,"downstream":"L00241"}},{"type":"Feature","geometry":{"type":"LineString","coordinates":[[80.17498655657727,13.037291970607475],[80.17470899783312,13.037562341714406],[80.17332539789503,13.0376483481035]]},"properties":{"id":"L00216","strahler":2,"length_m":196.6,"drop_m":4.44,"gradient":0.02258,"area_ha":29.93,"on_drain_share":0.0,"downstream":"L00220"}},{"type":"Feature","geometry":{"type":"LineString","coordinates":[[80.17553867854824,13.03765540228667],[80.17498655657727,13.037291970607475]]},"properties":{"id":"L00231","strahler":2,"length_m":76.6,"drop_m":0.29,"gradient":0.00373,"area_ha":17.38,"on_drain_share":0.0,"downstream":"L00216"}},{"type":"Feature","geometry":{"type":"LineString","coordinates":[[80.17609199891487,13.037657162878293],[80.17553867854824,13.03765540228667]]},"properties":{"id":"L00217","strahler":1,"length_m":60.0,"drop_m":-1.32,"gradient":0.0,"area_ha":4.88,"on_drain_share":0.0,"downstream":"L00231"}},{"type":"Feature","geometry":{"type":"LineString","coordinates":[[80.23492885047526,13.037837629037915],[80.23566884255233,13.037116456612749],[80.23557717648518,13.036935346855634],[80.23557828673337,13.036573671592015],[80.23576328371897,13.036393378150585],[80.23576411616972,13.03612212168067],[80.23585661445539,13.036031974896149],[80.2362254977014,13.036033062728157],[80.23631744123959,13.036123753440384],[80.23696326429378,13.03603523681673],[80.23723937291074,13.036216889269278],[80.2375168661671,13.0359464471424],[80.23797797025051,13.035947803886666],[80.23853046579408,13.03622068754569],[80.2389918468042,13.03613162362183],[80.23935990193401,13.036403963695513],[80.2399132280948,13.03640558780981],[80.24046793320161,13.035955116126756],[80.24065237496207,13.035955656822342],[80.2407443201758,13.036046346051137],[80.24212763417752,13.036050396619988],[80.24212818451043,13.035869558700785],[80.2422206805234,13.03577940950977],[80.24240539728974,13.035689529983399],[80.24249761811213,13.035689799652545],[80.24249734308476,13.035780218621476]]},"properties":{"id":"L00248","strahler":2,"length_m":1090.8,"drop_m":0.02,"gradient":2e-05,"area_ha":29.49,"on_drain_share":0.0,"downstream":null}},{"type":"Feature","geometry":{"type":"LineString","coordinates":[[80.17268015836892,13.037555869649216],[80.1721286423764,13.037011597309295],[80.17175976344939,13.037010418126302],[80.17166784449462,13.036919705844499],[80.17148340511622,13.036919115994653],[80.17139088455866,13.037009238418152],[80.17120674606562,13.03691823097372],[80.17083786736326,13.036917050486304],[80.17000969861137,13.036371888260796]]},"properties":{"id":"L00241","strahler":2,"length_m":352.1,"drop_m":-1.09,"gradient":0.0,"area_ha":53.19,"on_drain_share":0.0,"downstream":null}},{"type":"Feature","geometry":{"type":"LineString","coordinates":[[80.17379069795857,13.036383974952537],[80.17378949799385,13.0367456447743],[80.1739733374896,13.036927067890105],[80.17397273761853,13.037107902803053],[80.1738805178046,13.037107608710876],[80.17332539789503,13.0376483481035]]},"properties":{"id":"L00221","strahler":1,"length_m":183.1,"drop_m":4.67,"gradient":0.02551,"area_ha":5.17,"on_drain_share":0.0,"downstream":"L00220"}},{"type":"Feature","geometry":{"type":"LineString","coordinates":[[80.20477283663702,13.037656384032429],[80.20477370292913,13.03738512959783],[80.20468177109994,13.037294428320443],[80.20477456920165,13.037113875157502],[80.20477572420117,13.036752202561491],[80.20449964073129,13.0365705168162],[80.20450021841012,13.036389680524021],[80.2052400004017,13.035759017861297],[80.20533337450004,13.035397628078208]]},"properties":{"id":"L00253","strahler":2,"length_m":319.7,"drop_m":1.15,"gradient":0.0036,"area_ha":29.21,"on_drain_share":0.0,"downstream":"L00278"}},{"type":"Feature","geometry":{"type":"LineString","coordinates":[[80.27459085186946,13.035691231771589],[80.2748664632542,13.036053684842548],[80.27523534981563,13.03605471713153],[80.27560528845132,13.035694070304322],[80.27625031357978,13.03587671389821],[80.27643423135946,13.036058068443774],[80.2764331804904,13.036419747091173],[80.276248211306,13.036600071163448],[80.27624716012153,13.03696174978082],[80.27698283587101,13.03768716736507],[80.2771672804442,13.037687682131798],[80.27753538256384,13.03795997028998]]},"properties":{"id":"L00222","strahler":1,"length_m":549.4,"drop_m":1.86,"gradient":0.00338,"area_ha":15.28,"on_drain_share":0.0,"downstream":"L00177"}},{"type":"Feature","geometry":{"type":"LineString","coordinates":[[80.27781362324404,13.037418223740309],[80.2778128365127,13.03768948278128],[80.27753538256384,13.03795997028998]]},"properties":{"id":"L00223","strahler":1,"length_m":72.4,"drop_m":-0.15,"gradient":0.0,"area_ha":6.69,"on_drain_share":0.0,"downstream":"L00177"}},{"type":"Feature","geometry":{"type":"LineString","coordinates":[[80.19481330359517,13.037535197395192],[80.19306111537276,13.037529744816792],[80.19296918801135,13.03743903962768]]},"properties":{"id":"L00225","strahler":2,"length_m":204.1,"drop_m":1.71,"gradient":0.00838,"area_ha":23.76,"on_drain_share":0.0,"downstream":"L00289"}},{"type":"Feature","geometry":{"type":"LineString","coordinates":[[80.19296918801135,13.03743903962768],[80.19287726071691,13.037348334409232],[80.19287813994531,13.037077080760511],[80.19343321861687,13.036536296850837],[80.19343380432984,13.036355461049487],[80.193158902072,13.035812092124813],[80.1937136844549,13.03536172527563],[80.19343790407336,13.035089610368749],[80.1931612455329,13.035088748912832],[80.19260968721952,13.034544517753389],[80.19261027343777,13.034363681961121],[80.19270278574037,13.03427355142718],[80.19270513023953,13.033550208211079],[80.19279764218976,13.033460077617987],[80.19280027926112,13.03264631642692],[80.19289279082332,13.03255618577198]]},"properties":{"id":"L00289","strahler":3,"length_m":691.8,"drop_m":2.53,"gradient":0.00365,"area_ha":126.3,"on_drain_share":0.0,"downstream":"L00308"}},{"type":"Feature","geometry":{"type":"LineString","coordinates":[[80.19785803611974,13.037092549533565],[80.1974891547015,13.037091406980851],[80.19739664291889,13.037181539244846],[80.19693583264005,13.037089692167081],[80.19656636783787,13.03726938423236],[80.19619748627494,13.037268239825128],[80.19592140906639,13.037086545272858],[80.19573638437079,13.037266808577554],[80.1951830621585,13.037265089997279],[80.19481330359517,13.037535197395192]]},"properties":{"id":"L00227","strahler":1,"length_m":375.6,"drop_m":-0.46,"gradient":0.0,"area_ha":13.17,"on_drain_share":0.0,"downstream":"L00225"}},{"type":"Feature","geometry":{"type":"LineString","coordinates":[[80.21888376728812,13.03733764382907],[80.2192526509859,13.037338755937284],[80.21952874697332,13.037520426609106],[80.21980625989728,13.037250004640276],[80.21999070171768,13.037250560099558]]},"properties":{"id":"L00235","strahler":1,"length_m":140.7,"drop_m":1.13,"gradient":0.00805,"area_ha":4.94,"on_drain_share":0.0,"downstream":"L00245"}},{"type":"Feature","geometry":{"type":"LineString","coordinates":[[80.26268974435999,13.037194776643299],[80.26315085342165,13.03719608870779],[80.26342671649459,13.03746813372583],[80.2639800480741,13.037469706562948],[80.26407200277866,13.037560387990554],[80.26471728962818,13.037652640672443],[80.26490226753452,13.037472325332047],[80.26554782127658,13.03747415651725],[80.26563977658454,13.037564837418712],[80.26582448719623,13.037474940818512],[80.26619337511723,13.037475986093957],[80.2664708401528,13.037205511346817],[80.26665528393653,13.03720603357939],[80.26684026016623,13.037025716756466],[80.2670247038321,13.037026238718944],[80.26730083724281,13.037207860359377],[80.26766945896989,13.03729932298947],[80.26785337115933,13.03748068333384],[80.26831421559407,13.037572405724331]]},"properties":{"id":"L00232","strahler":1,"length_m":692.8,"drop_m":4.57,"gradient":0.0066,"area_ha":15.53,"on_drain_share":0.0,"downstream":"L00236"}},{"type":"Feature","geometry":{"type":"LineString","coordinates":[[80.26923696704623,13.037394170067403],[80.26951257207386,13.03775662847631]]},"properties":{"id":"L00229","strahler":4,"length_m":52.4,"drop_m":-0.2,"gradient":0.0,"area_ha":450.67,"on_drain_share":0.0,"downstream":"L00183"}},{"type":"Feature","geometry":{"type":"LineString","coordinates":[[80.27053045937085,13.0365840333638],[80.27006802547668,13.037034832143245],[80.27006670022574,13.037486929775811],[80.26979003402941,13.0374861500046],[80.26951257207386,13.03775662847631]]},"properties":{"id":"L00230","strahler":1,"length_m":193.1,"drop_m":1.26,"gradient":0.00652,"area_ha":6.82,"on_drain_share":0.0,"downstream":"L00183"}},{"type":"Feature","geometry":{"type":"LineString","coordinates":[[80.26831421559407,13.037572405724331],[80.26849865972588,13.037572926658815],[80.26886860996724,13.037212290128613],[80.26905305385525,13.037212810654248],[80.26923696704623,13.037394170067403]]},"properties":{"id":"L00236","strahler":3,"length_m":124.9,"drop_m":-1.58,"gradient":0.0,"area_ha":252.27,"on_drain_share":0.0,"downstream":"L00229"}},{"type":"Feature","geometry":{"type":"LineString","coordinates":[[80.17517578822036,13.035845878186802],[80.17517488979725,13.036117130660383],[80.17526680982917,13.036207841761906],[80.17526441418455,13.036931181675193],[80.17498655657727,13.037291970607475]]},"properties":{"id":"L00233","strahler":1,"length_m":176.6,"drop_m":0.62,"gradient":0.00353,"area_ha":10.2,"on_drain_share":0.0,"downstream":"L00216"}},{"type":"Feature","geometry":{"type":"LineString","coordinates":[[80.22137769095727,13.036079281191709],[80.22183992365365,13.035718992561609],[80.22248518411376,13.035811349346433],[80.22312847065622,13.03653663442665],[80.22331291209447,13.036537187490836],[80.22414036320491,13.037353441789401],[80.22450924738865,13.037354546413574],[80.22469453406542,13.037083842787307],[80.22469706766725,13.03627007552874],[80.22460512854978,13.036179380925857],[80.22534458110817,13.035639076508977],[80.22552874079219,13.035730046567203],[80.22571346285807,13.03564017927598],[80.22608234464188,13.03564128151785],[80.22691485484535,13.03482999186499]]},"properties":{"id":"L00263","strahler":3,"length_m":899.8,"drop_m":2.32,"gradient":0.00258,"area_ha":74.91,"on_drain_share":0.0,"downstream":"L00302"}},{"type":"Feature","geometry":{"type":"LineString","coordinates":[[80.21999070171768,13.037250560099558],[80.22026736446432,13.037251393042295],[80.22137769095727,13.036079281191709]]},"properties":{"id":"L00245","strahler":2,"length_m":209.7,"drop_m":0.14,"gradient":0.00069,"area_ha":20.33,"on_drain_share":0.0,"downstream":"L00263"}},{"type":"Feature","geometry":{"type":"LineString","coordinates":[[80.26693567605545,13.035940944133154],[80.26711985282844,13.036031885460718],[80.26730482782081,13.035851568225667],[80.26785815629145,13.035853132588583],[80.26822651059717,13.036035013837559],[80.26887020283776,13.036669773101675],[80.26923749775123,13.037213331048573],[80.26923696704623,13.037394170067403]]},"properties":{"id":"L00237","strahler":3,"length_m":356.3,"drop_m":2.12,"gradient":0.00595,"area_ha":198.1,"on_drain_share":0.0,"downstream":"L00229"}},{"type":"Feature","geometry":{"type":"LineString","coordinates":[[80.2503366677505,13.03562218243548],[80.2501522258239,13.035621648647801],[80.24876482018526,13.036973927496788],[80.24867259875373,13.036973660032627]]},"properties":{"id":"L00238","strahler":2,"length_m":242.1,"drop_m":-2.18,"gradient":0.0,"area_ha":23.13,"on_drain_share":0.0,"downstream":"L00208"}},{"type":"Feature","geometry":{"type":"LineString","coordinates":[[80.20947896687076,13.036766598110606],[80.2098487095905,13.036496468775152],[80.21021759123998,13.03649759367795],[80.21040231877357,13.036407737656507],[80.21095736006252,13.035866913878696],[80.21095850596915,13.035505240705051]]},"properties":{"id":"L00250","strahler":1,"length_m":241.4,"drop_m":2.03,"gradient":0.00839,"area_ha":9.48,"on_drain_share":0.0,"downstream":"L00257"}},{"type":"Feature","geometry":{"type":"LineString","coordinates":[[80.24877818387858,13.032543391259246],[80.25015739812451,13.033903685070785],[80.24932469009678,13.034805472941663],[80.24932359996583,13.03516714940888],[80.24969057621277,13.035801151843],[80.24867314437425,13.036792821852558],[80.24867259875373,13.036973660032627]]},"properties":{"id":"L00239","strahler":1,"length_m":651.5,"drop_m":-3.72,"gradient":0.0,"area_ha":16.48,"on_drain_share":0.0,"downstream":"L00208"}},{"type":"Feature","geometry":{"type":"LineString","coordinates":[[80.25457531584424,13.036809873139704],[80.25476030003094,13.036629565391229],[80.25503696433563,13.036630361163114],[80.25586938901273,13.035818973512898],[80.25577824867428,13.035457031617183],[80.25624070393185,13.035006259519266],[80.25743930572041,13.03510011774343],[80.2576240170893,13.035010227034578],[80.25882638679589,13.03383820845244],[80.2596561024729,13.033931000693832],[80.25984027485431,13.034021946989581],[80.26021076848949,13.033480484411388],[80.25929098465471,13.032664075707762],[80.25929179124027,13.032392817688086],[80.25956898863721,13.032212769673942],[80.25956979489115,13.031941511627712],[80.2598472602261,13.031671043915258]]},"properties":{"id":"L00326","strahler":1,"length_m":1115.4,"drop_m":3.56,"gradient":0.00319,"area_ha":27.82,"on_drain_share":0.0,"downstream":"L00339"}},{"type":"Feature","geometry":{"type":"LineString","coordinates":[[80.18439684866932,13.03614632914993],[80.1848579472013,13.036147780459066],[80.18513371874954,13.036419903996736],[80.18568703770424,13.03642164393129]]},"properties":{"id":"L00242","strahler":1,"length_m":152.4,"drop_m":-1.72,"gradient":0.0,"area_ha":6.72,"on_drain_share":0.0,"downstream":"L00261"}},{"type":"Feature","geometry":{"type":"LineString","coordinates":[[80.18568703770424,13.03642164393129],[80.18624035673925,13.036423382684282],[80.18679544741461,13.035882613733454],[80.18679574266686,13.03579219597752],[80.18651967450079,13.035610491881787],[80.1865217418758,13.034977567607106],[80.1864298179238,13.034886860274696],[80.18643040864481,13.034706024764796]]},"properties":{"id":"L00261","strahler":2,"length_m":297.3,"drop_m":0.28,"gradient":0.00093,"area_ha":34.53,"on_drain_share":0.0,"downstream":"L00287"}},{"type":"Feature","geometry":{"type":"LineString","coordinates":[[80.21252367418221,13.036323775777321],[80.21233866139545,13.036504051677747],[80.21206228609937,13.036412792002455]]},"properties":{"id":"L00244","strahler":1,"length_m":62.4,"drop_m":1.29,"gradient":0.02073,"area_ha":5.74,"on_drain_share":0.0,"downstream":"L00251"}},{"type":"Feature","geometry":{"type":"LineString","coordinates":[[80.21206228609937,13.036412792002455],[80.2117867695832,13.036050277119093],[80.21141817477313,13.03595873618721],[80.21095850596915,13.035505240705051]]},"properties":{"id":"L00251","strahler":3,"length_m":167.3,"drop_m":1.58,"gradient":0.00946,"area_ha":121.5,"on_drain_share":0.0,"downstream":"L00257"}},{"type":"Feature","geometry":{"type":"LineString","coordinates":[[80.21685860422932,13.03615607845698],[80.21731970644538,13.036157471990967],[80.21778222873972,13.035706772503158],[80.21778308072885,13.035435517174772],[80.21806059298154,13.03516509700898],[80.21833668570758,13.035346768795923],[80.21852112605359,13.035347325221776],[80.21861362991851,13.035257184922804],[80.21879750296478,13.03543857808043],[80.21870471542967,13.035619136906522]]},"properties":{"id":"L00252","strahler":1,"length_m":318.0,"drop_m":-1.04,"gradient":0.0,"area_ha":9.51,"on_drain_share":0.0,"downstream":null}},{"type":"Feature","geometry":{"type":"LineString","coordinates":[[80.26518240202735,13.036297657733305],[80.26564350968711,13.036298965272561],[80.26610568325596,13.035938594174834],[80.26693567605545,13.035940944133154]]},"properties":{"id":"L00247","strahler":1,"length_m":206.6,"drop_m":-0.03,"gradient":0.0,"area_ha":6.73,"on_drain_share":0.0,"downstream":"L00237"}},{"type":"Feature","geometry":{"type":"LineString","coordinates":[[80.2055166605067,13.035759866462252],[80.20551723740992,13.035579030113961],[80.20533337450004,13.035397628078208]]},"properties":{"id":"L00254","strahler":1,"length_m":48.3,"drop_m":-1.55,"gradient":0.0,"area_ha":5.88,"on_drain_share":0.0,"downstream":"L00278"}},{"type":"Feature","geometry":{"type":"LineString","coordinates":[[80.23004726686106,13.035833934863653],[80.22967950316296,13.035471163458597],[80.22968006250888,13.035290326058492],[80.22958812181446,13.035199633136083],[80.23014312100179,13.034658765693843],[80.23014479789623,13.034116253392583],[80.22968509624253,13.033662789343108],[80.23014759255166,13.033212066172956],[80.23005621136915,13.032940535986505],[80.23061120427906,13.032399667110617],[80.23061176281226,13.032218829627972]]},"properties":{"id":"L00296","strahler":1,"length_m":516.0,"drop_m":1.57,"gradient":0.00305,"area_ha":12.94,"on_drain_share":0.0,"downstream":"L00348"}},{"type":"Feature","geometry":{"type":"LineString","coordinates":[[80.25070473548406,13.035894507037362],[80.2503366677505,13.03562218243548]]},"properties":{"id":"L00255","strahler":1,"length_m":52.4,"drop_m":0.24,"gradient":0.00459,"area_ha":4.74,"on_drain_share":0.0,"downstream":"L00238"}},{"type":"Feature","geometry":{"type":"LineString","coordinates":[[80.26610861420187,13.034943980127315],[80.26620056884168,13.035034660808389],[80.26620003602343,13.035215499734312],[80.26693567605545,13.035940944133154]]},"properties":{"id":"L00249","strahler":3,"length_m":147.3,"drop_m":1.18,"gradient":0.00803,"area_ha":185.25,"on_drain_share":0.0,"downstream":"L00237"}},{"type":"Feature","geometry":{"type":"LineString","coordinates":[[80.20136821076444,13.035295016015064],[80.20164400053643,13.035567122991766],[80.20192066018544,13.035567975420438],[80.20210567933388,13.035387707341714],[80.20265899831544,13.035389410894659],[80.20330656191214,13.034758469973115],[80.2033074296018,13.034487215574977],[80.2032154993445,13.034396513849659],[80.20321752409635,13.0337635869082],[80.203125594125,13.033672885163286],[80.20312617266845,13.03349204889137],[80.20257459462144,13.032947837821679],[80.20239044628698,13.03285685202184],[80.20202157073196,13.032855716285452],[80.20110228179321,13.031948693653485],[80.2007334076992,13.031947556161205],[80.20045733255306,13.031765866519596]]},"properties":{"id":"L00311","strahler":1,"length_m":776.7,"drop_m":1.5,"gradient":0.00193,"area_ha":22.79,"on_drain_share":0.0,"downstream":"L00361"}},{"type":"Feature","geometry":{"type":"LineString","coordinates":[[80.21095850596915,13.035505240705051],[80.2108665724092,13.035414541520337],[80.21086714541218,13.035233704932452],[80.21059134532186,13.03496160721003]]},"properties":{"id":"L00257","strahler":3,"length_m":76.6,"drop_m":-0.23,"gradient":0.0,"area_ha":132.42,"on_drain_share":0.0,"downstream":"L00294"}},{"type":"Feature","geometry":{"type":"LineString","coordinates":[[80.20533337450004,13.035397628078208],[80.20533568252661,13.034674282681882],[80.20552156390664,13.034222757420677],[80.20552329436828,13.03368024830329],[80.20533972123802,13.033408428140344],[80.20561724382031,13.033138021905522],[80.20635499644837,13.03314028266444],[80.20653914660346,13.033231265739971],[80.20681666775151,13.032960858130402],[80.20700110581812,13.032961422655763],[80.20709303703617,13.033052123096587],[80.20736969425927,13.033052969546167],[80.2077377078214,13.033325352406981],[80.20810658458556,13.033326480046298]]},"properties":{"id":"L00278","strahler":2,"length_m":582.1,"drop_m":4.15,"gradient":0.00712,"area_ha":46.49,"on_drain_share":0.0,"downstream":"L00279"}},{"type":"Feature","geometry":{"type":"LineString","coordinates":[[80.2515474952137,13.031647205275654],[80.25154450690061,13.032641816285897],[80.25172840345725,13.032823187327722],[80.2515431484945,13.033093912174234],[80.25154179003715,13.033546008046683],[80.25227738038377,13.034271491604835],[80.25227683748925,13.034452329969762],[80.25209158178883,13.034723055141377],[80.25209076721242,13.034994312666822],[80.25190578248144,13.035174618492565],[80.2517210691523,13.035264505004873],[80.25144495010879,13.035082867454898],[80.25126023670175,13.035172753633908],[80.25079913263492,13.035171420607414],[80.2503366677505,13.03562218243548]]},"properties":{"id":"L00256","strahler":1,"length_m":663.6,"drop_m":4.42,"gradient":0.00666,"area_ha":12.07,"on_drain_share":0.0,"downstream":"L00238"}},{"type":"Feature","geometry":{"type":"LineString","coordinates":[[80.1789591692399,13.0351345483585],[80.17896036154431,13.034772878019869]]},"properties":{"id":"L00258","strahler":1,"length_m":40.0,"drop_m":-0.45,"gradient":0.0,"area_ha":5.09,"on_drain_share":0.0,"downstream":"L00269"}},{"type":"Feature","geometry":{"type":"LineString","coordinates":[[80.18689002876182,13.03515956111944],[80.18643040864481,13.034706024764796]]},"properties":{"id":"L00262","strahler":1,"length_m":70.7,"drop_m":-0.14,"gradient":0.0,"area_ha":4.28,"on_drain_share":0.0,"downstream":"L00287"}},{"type":"Feature","geometry":{"type":"LineString","coordinates":[[80.1829248935726,13.035056667405419],[80.18292785985169,13.0341524906342],[80.18274431203972,13.03388065589109],[80.18283682750699,13.03379052907672],[80.18283742078499,13.033609693713915],[80.18357754154228,13.032888677801028]]},"properties":{"id":"L00285","strahler":1,"length_m":285.6,"drop_m":0.36,"gradient":0.00126,"area_ha":9.86,"on_drain_share":0.0,"downstream":"L00286"}},{"type":"Feature","geometry":{"type":"LineString","coordinates":[[80.24591115890942,13.035247659126519],[80.24508363902402,13.034431470674662],[80.24489892407452,13.034521352223537],[80.24425365539275,13.034429050984697],[80.24406976346097,13.034247674891569],[80.24360921105028,13.034065491155387],[80.24333337437619,13.033793426338233],[80.24305671396803,13.033792618240236],[80.24278087821627,13.033520552878846],[80.24241199812758,13.033519474584834]]},"properties":{"id":"L00276","strahler":1,"length_m":467.0,"drop_m":3.12,"gradient":0.00668,"area_ha":13.81,"on_drain_share":0.0,"downstream":"L00298"}},{"type":"Feature","geometry":{"type":"LineString","coordinates":[[80.21059134532186,13.03496160721003],[80.20884462540712,13.033238315485992],[80.2089377060415,13.032967342247767],[80.20921522442765,13.032696931897116],[80.20930859142949,13.032335540199515]]},"properties":{"id":"L00294","strahler":3,"length_m":389.4,"drop_m":-1.54,"gradient":0.0,"area_ha":145.76,"on_drain_share":0.0,"downstream":"L00395"}},{"type":"Feature","geometry":{"type":"LineString","coordinates":[[80.2120697237682,13.034061915662983],[80.21216165732166,13.034152614426581],[80.2121610853077,13.034333451086098],[80.21197607383813,13.03451372682436],[80.21160662253722,13.03469344122342],[80.21123774343596,13.03469231845102],[80.21077578503875,13.034962169133403],[80.21059134532186,13.03496160721003]]},"properties":{"id":"L00260","strahler":1,"length_m":233.1,"drop_m":3.7,"gradient":0.01588,"area_ha":9.25,"on_drain_share":0.0,"downstream":"L00294"}},{"type":"Feature","geometry":{"type":"LineString","coordinates":[[80.17896036154431,13.034772878019869],[80.17896065961479,13.034682460433626],[80.17951576102432,13.034141707717072]]},"properties":{"id":"L00269","strahler":2,"length_m":94.9,"drop_m":1.26,"gradient":0.01328,"area_ha":17.78,"on_drain_share":0.0,"downstream":"L00288"}},{"type":"Feature","geometry":{"type":"LineString","coordinates":[[80.18643040864481,13.034706024764796],[80.1864309993569,13.034525189252351],[80.1867085425593,13.034254804565867],[80.18624892436138,13.033801267975846],[80.18551117343124,13.033798949858173],[80.18468386746203,13.03298257993774],[80.18468445936114,13.032801744480123]]},"properties":{"id":"L00287","strahler":2,"length_m":360.4,"drop_m":0.69,"gradient":0.00192,"area_ha":45.89,"on_drain_share":0.0,"downstream":"L00410"}},{"type":"Feature","geometry":{"type":"LineString","coordinates":[[80.22691485484535,13.03482999186499],[80.22691850330453,13.03365454942939],[80.22673462524654,13.033473161752294],[80.2267360287183,13.033021068492603],[80.22655215124156,13.032839680710884],[80.22655271274084,13.032658843407914],[80.22627773973093,13.032115505574955]]},"properties":{"id":"L00302","strahler":3,"length_m":329.0,"drop_m":1.4,"gradient":0.00427,"area_ha":111.58,"on_drain_share":0.0,"downstream":"L00346"}},{"type":"Feature","geometry":{"type":"LineString","coordinates":[[80.18910506118262,13.034623991218494],[80.18919786912855,13.034443444198784],[80.18873824579961,13.033989911744493],[80.18873883480266,13.033809076118157],[80.18846306179603,13.033536956302479],[80.18827980276623,13.033174707330964],[80.18846482931428,13.032994449434034],[80.18911035976043,13.032996470420926],[80.18920228409138,13.033087176831657],[80.18957115882363,13.033088330836465],[80.18966308336425,13.033179037094913],[80.19012564688902,13.032728389454462],[80.19012711671466,13.0322763001841],[80.18985104964129,13.032094599675984],[80.18985281393462,13.031552092560142],[80.18994532606865,13.031461962988777]]},"properties":{"id":"L00323","strahler":1,"length_m":605.3,"drop_m":2.18,"gradient":0.00361,"area_ha":14.37,"on_drain_share":0.0,"downstream":"L00352"}},{"type":"Feature","geometry":{"type":"LineString","coordinates":[[80.26325832098387,13.032042444858368],[80.26610861420187,13.034943980127315]]},"properties":{"id":"L00265","strahler":3,"length_m":448.4,"drop_m":-0.94,"gradient":0.0,"area_ha":137.71,"on_drain_share":0.0,"downstream":"L00249"}},{"type":"Feature","geometry":{"type":"LineString","coordinates":[[80.2685100798073,13.033684887890821],[80.26795516159024,13.034225842216125],[80.26777071995971,13.034225321026048],[80.2674935256841,13.034405377984566],[80.26684877808118,13.034132293623838],[80.26610888063945,13.034853560664637],[80.26610861420187,13.034943980127315]]},"properties":{"id":"L00266","strahler":2,"length_m":348.7,"drop_m":-3.09,"gradient":0.0,"area_ha":46.46,"on_drain_share":0.0,"downstream":"L00249"}},{"type":"Feature","geometry":{"type":"LineString","coordinates":[[80.17010824539939,13.034473418759006],[80.17001632796165,13.034382705966008]]},"properties":{"id":"L00268","strahler":1,"length_m":14.1,"drop_m":-0.45,"gradient":0.0,"area_ha":4.32,"on_drain_share":0.0,"downstream":null}},{"type":"Feature","geometry":{"type":"LineString","coordinates":[[80.1735239409818,13.033399316221852],[80.17370837784915,13.033399904462957],[80.17380029637309,13.033490616011697],[80.17398503316716,13.033400786578516],[80.17472278078131,13.033403137442903],[80.1753692080814,13.033133940183045],[80.17555424337257,13.032953692058388],[80.17592311664589,13.032954865479713],[80.17702734677499,13.03368172301009],[80.17739502679125,13.03404456462518],[80.17739472816754,13.034134982180216],[80.17757916576,13.034135567698625],[80.17794684725786,13.034498408605822],[80.17822350409209,13.03449928626872],[80.17840853851968,13.034319036061449],[80.17868519518683,13.034319913219525],[80.17877771220655,13.034229787954683],[80.1792388065407,13.03423124905394],[80.17933132333738,13.034141123576894],[80.17951576102432,13.034141707717072]]},"properties":{"id":"L00270","strahler":1,"length_m":771.8,"drop_m":3.83,"gradient":0.00497,"area_ha":17.87,"on_drain_share":0.0,"downstream":"L00288"}},{"type":"Feature","geometry":{"type":"LineString","coordinates":[[80.28021898007363,13.034802725228374],[80.28086452909925,13.034804517883275]]},"properties":{"id":"L00267","strahler":1,"length_m":70.0,"drop_m":2.58,"gradient":0.03682,"area_ha":4.18,"on_drain_share":0.0,"downstream":null}},{"type":"Feature","geometry":{"type":"LineString","coordinates":[[80.19565350920179,13.03437314768606],[80.19565409320224,13.034192311755456],[80.19528580053912,13.03401033039791],[80.19417917078655,13.034006890974457],[80.19399531771302,13.03382548141611],[80.1939964880619,13.033463809685097],[80.19381263550618,13.033282400020784],[80.19353656443441,13.033100703230915],[80.19298325177803,13.033098980492513],[80.19289132598416,13.033008275342421],[80.19289279082332,13.03255618577198]]},"properties":{"id":"L00290","strahler":1,"length_m":447.3,"drop_m":4.96,"gradient":0.01109,"area_ha":9.11,"on_drain_share":0.0,"downstream":"L00308"}},{"type":"Feature","geometry":{"type":"LineString","coordinates":[[80.2342938649452,13.034399807362846],[80.23410998069315,13.03421842460073],[80.23411164888918,13.033675911774598],[80.23383582357785,13.033403837433628],[80.23411331700973,13.033133398925578],[80.23438997610843,13.03313421653197],[80.23448247369109,13.033044070183589],[80.23586576899694,13.033048153264126],[80.23605076302026,13.032867859412308],[80.23605187222235,13.032506183995244],[80.2363293623286,13.032235742906364],[80.23596214860076,13.03169214238888]]},"properties":{"id":"L00318","strahler":1,"length_m":554.6,"drop_m":2.75,"gradient":0.00496,"area_ha":18.96,"on_drain_share":0.0,"downstream":"L00335"}},{"type":"Feature","geometry":{"type":"LineString","coordinates":[[80.17951576102432,13.034141707717072],[80.18071847247842,13.032970072182733],[80.18081069091939,13.03297036374981],[80.18127326907984,13.032519732830107],[80.18145770565627,13.032520315516807],[80.18164273632706,13.032340062745922],[80.18311793175565,13.032435136094874],[80.18357754154228,13.032888677801028]]},"properties":{"id":"L00288","strahler":2,"length_m":547.7,"drop_m":-1.9,"gradient":0.0,"area_ha":56.58,"on_drain_share":0.0,"downstream":"L00286"}},{"type":"Feature","geometry":{"type":"LineString","coordinates":[[80.21612681719176,13.034255060499463],[80.21640432974715,13.033984642111013],[80.21640518312029,13.033713386836322],[80.21631324808487,13.033622689496806],[80.2164063209211,13.033351713127834],[80.21649882472305,13.033261573571654],[80.21714436028294,13.033263524760583],[80.21760687719241,13.032812825199505],[80.21769994829398,13.032541848252023]]},"properties":{"id":"L00292","strahler":1,"length_m":309.7,"drop_m":3.13,"gradient":0.01009,"area_ha":10.43,"on_drain_share":0.0,"downstream":"L00312"}},{"type":"Feature","geometry":{"type":"LineString","coordinates":[[80.27846834772195,13.034255333057274],[80.28077361334094,13.034352163087348]]},"properties":{"id":"L00271","strahler":1,"length_m":254.1,"drop_m":8.6,"gradient":0.03383,"area_ha":5.85,"on_drain_share":0.0,"downstream":null}},{"type":"Feature","geometry":{"type":"LineString","coordinates":[[80.17001783447877,13.03393061903785],[80.17001873836176,13.033659366873318]]},"properties":{"id":"L00272","strahler":1,"length_m":30.0,"drop_m":1.97,"gradient":0.06552,"area_ha":4.79,"on_drain_share":0.0,"downstream":null}},{"type":"Feature","geometry":{"type":"LineString","coordinates":[[80.2402890077527,13.034146196755632],[80.24056566837565,13.034147007830349],[80.24084315578858,13.033876561771251],[80.24111981614773,13.033877372237821],[80.24139702729437,13.033697344490307],[80.24167313692213,13.033878992284926],[80.24204201747992,13.033880071660004],[80.24241199812758,13.033519474584834]]},"properties":{"id":"L00273","strahler":1,"length_m":275.6,"drop_m":-0.23,"gradient":0.0,"area_ha":8.71,"on_drain_share":0.0,"downstream":"L00298"}},{"type":"Feature","geometry":{"type":"LineString","coordinates":[[80.24277895403247,13.034153485795388],[80.24268783345282,13.03379154031681],[80.24241199812758,13.033519474584834]]},"properties":{"id":"L00274","strahler":1,"length_m":86.6,"drop_m":2.5,"gradient":0.02886,"area_ha":5.31,"on_drain_share":0.0,"downstream":"L00298"}},{"type":"Feature","geometry":{"type":"LineString","coordinates":[[80.2714616698767,13.033512363259819],[80.27136918475254,13.03360252352178],[80.27136839124161,13.033873782253844],[80.27099844965,13.034234422900012],[80.27016846178135,13.03423208625785],[80.27007650589928,13.034141406918739],[80.26979984341878,13.034140627354432],[80.26952371131638,13.033959008419002],[80.26915482832881,13.03395796816158],[80.2687867417017,13.033685668805472],[80.2685100798073,13.033684887890821]]},"properties":{"id":"L00275","strahler":2,"length_m":395.6,"drop_m":4.23,"gradient":0.01069,"area_ha":32.82,"on_drain_share":0.0,"downstream":"L00266"}},{"type":"Feature","geometry":{"type":"LineString","coordinates":[[80.22378416069421,13.033283500809263],[80.22433578846214,13.033827669391297],[80.2247966057789,13.033919467981118],[80.22572161440834,13.033018039221233],[80.22572273862016,13.032656364688961],[80.22627773973093,13.032115505574955]]},"properties":{"id":"L00301","strahler":1,"length_m":405.3,"drop_m":0.67,"gradient":0.00166,"area_ha":12.19,"on_drain_share":0.0,"downstream":"L00346"}},{"type":"Feature","geometry":{"type":"LineString","coordinates":[[80.2305145158269,13.033846093016498],[80.23051507449443,13.033665255558127],[80.2307000726544,13.033484965776163],[80.23070091042648,13.033213709568233],[80.23079340929932,13.033123564613383],[80.23079396773237,13.03294272713305],[80.23061008718739,13.03276134206828],[80.23061064573744,13.032580504590717],[80.23070314439265,13.032490359652448],[80.23070370286312,13.032309522167147],[80.23061176281226,13.032218829627972]]},"properties":{"id":"L00297","strahler":1,"length_m":209.0,"drop_m":0.59,"gradient":0.0028,"area_ha":7.48,"on_drain_share":0.0,"downstream":"L00348"}},{"type":"Feature","geometry":{"type":"LineString","coordinates":[[80.22193835837655,13.033730061705457],[80.22166254706187,13.03345797514634],[80.22166395973719,13.033005882431347],[80.22138814949498,13.032733795627218],[80.22101927242906,13.0327326869445],[80.22083539955369,13.032551295347794],[80.22111318799875,13.032190452945539]]},"properties":{"id":"L00295","strahler":1,"length_m":255.6,"drop_m":0.56,"gradient":0.0022,"area_ha":7.62,"on_drain_share":0.0,"downstream":"L00341"}},{"type":"Feature","geometry":{"type":"LineString","coordinates":[[80.19952933710526,13.033571380804668],[80.19925384252797,13.033208853744686],[80.19943886163647,13.03302858754846],[80.1995310805276,13.03302887245461],[80.19990111781632,13.032668339472298],[80.20026970261397,13.03275989628991],[80.20063944832602,13.03248978024901],[80.20091610448904,13.032490633552596],[80.20091697462527,13.032219379265642],[80.20045733255306,13.031765866519596]]},"properties":{"id":"L00309","strahler":1,"length_m":374.6,"drop_m":2.29,"gradient":0.00611,"area_ha":9.76,"on_drain_share":0.0,"downstream":"L00361"}},{"type":"Feature","geometry":{"type":"LineString","coordinates":[[80.20838295482282,13.033417743684371],[80.20838352953794,13.03323690717747]]},"properties":{"id":"L00280","strahler":1,"length_m":20.0,"drop_m":0.65,"gradient":0.03261,"area_ha":4.12,"on_drain_share":0.0,"downstream":"L00293"}},{"type":"Feature","geometry":{"type":"LineString","coordinates":[[80.24241199812758,13.033519474584834],[80.24167644020547,13.032793964664641],[80.24093978450142,13.032430128693484],[80.24075589651005,13.032248750434057]]},"properties":{"id":"L00298","strahler":2,"length_m":238.0,"drop_m":-3.22,"gradient":0.0,"area_ha":30.0,"on_drain_share":0.0,"downstream":"L00314"}},{"type":"Feature","geometry":{"type":"LineString","coordinates":[[80.2686950520108,13.033504569484887],[80.2685100798073,13.033684887890821]]},"properties":{"id":"L00277","strahler":1,"length_m":28.3,"drop_m":0.0,"gradient":0.0,"area_ha":5.34,"on_drain_share":0.0,"downstream":"L00266"}},{"type":"Feature","geometry":{"type":"LineString","coordinates":[[80.20810658458556,13.033326480046298],[80.20829102298066,13.03332704366907],[80.20838352953794,13.03323690717747]]},"properties":{"id":"L00279","strahler":2,"length_m":34.1,"drop_m":-0.18,"gradient":0.0,"area_ha":55.4,"on_drain_share":0.0,"downstream":"L00293"}},{"type":"Feature","geometry":{"type":"LineString","coordinates":[[80.25338673694029,13.033370490867965],[80.2535709063795,13.033461441478703],[80.25384865050478,13.033100561440625],[80.25458641141795,13.03310268487434],[80.2548638832294,13.032832222883528],[80.25486469464637,13.032560965140794],[80.25514216553584,13.032290502791858]]},"properties":{"id":"L00299","strahler":1,"length_m":271.4,"drop_m":1.1,"gradient":0.00406,"area_ha":10.62,"on_drain_share":0.0,"downstream":"L00328"}},{"type":"Feature","geometry":{"type":"LineString","coordinates":[[80.20672675226223,13.032237230041524],[80.2074624887051,13.032872415158856],[80.20773885817137,13.032963679444704],[80.20810658458556,13.033326480046298]]},"properties":{"id":"L00282","strahler":1,"length_m":199.7,"drop_m":4.04,"gradient":0.02022,"area_ha":4.42,"on_drain_share":0.0,"downstream":"L00279"}},{"type":"Feature","geometry":{"type":"LineString","coordinates":[[80.20838352953794,13.03323690717747],[80.20930859142949,13.032335540199515]]},"properties":{"id":"L00293","strahler":2,"length_m":141.4,"drop_m":-1.85,"gradient":0.0,"area_ha":62.67,"on_drain_share":0.0,"downstream":"L00395"}},{"type":"Feature","geometry":{"type":"LineString","coordinates":[[80.23780155318747,13.033325113836547],[80.23734183818529,13.032871662652878],[80.23734294551326,13.03250998712668],[80.23688323281198,13.032056535230383],[80.23642241320088,13.031964758069012]]},"properties":{"id":"L00310","strahler":1,"length_m":235.6,"drop_m":-0.33,"gradient":0.0,"area_ha":8.07,"on_drain_share":0.0,"downstream":"L00319"}},{"type":"Feature","geometry":{"type":"LineString","coordinates":[[80.27109649158206,13.032245451706979],[80.27109569785969,13.032516710450878],[80.27127960933805,13.032698068374211],[80.27127908030572,13.032878907538539],[80.27155494821412,13.033150944207932],[80.2714616698767,13.033512363259819]]},"properties":{"id":"L00283","strahler":2,"length_m":164.9,"drop_m":0.34,"gradient":0.00204,"area_ha":19.48,"on_drain_share":0.0,"downstream":"L00275"}},{"type":"Feature","geometry":{"type":"LineString","coordinates":[[80.272939839337,13.032612311726323],[80.27220207681914,13.032610240623221],[80.27183213834661,13.032970882657429],[80.27183160970394,13.03315172184026],[80.2714616698767,13.033512363259819]]},"properties":{"id":"L00284","strahler":1,"length_m":213.1,"drop_m":-1.0,"gradient":0.0,"area_ha":5.86,"on_drain_share":0.0,"downstream":"L00275"}},{"type":"Feature","geometry":{"type":"LineString","coordinates":[[80.18357754154228,13.032888677801028],[80.1838550857219,13.032618296212991],[80.18431617766036,13.032619748100535],[80.1845919449112,13.032891872022363],[80.18468445936114,13.032801744480123]]},"properties":{"id":"L00286","strahler":2,"length_m":149.0,"drop_m":0.52,"gradient":0.00351,"area_ha":68.49,"on_drain_share":0.0,"downstream":"L00410"}},{"type":"Feature","geometry":{"type":"LineString","coordinates":[[80.18468445936114,13.032801744480123],[80.18496229814848,13.03244094388983],[80.18459490462983,13.031987694723293],[80.18459608845477,13.031626023785847],[80.18441224442839,13.031444607907723],[80.18570713800062,13.030273237032823],[80.18570920656349,13.029640312626228],[80.18552477192283,13.029639733091212],[80.18543285020627,13.02954902550582],[80.18506575545312,13.02900535934375],[80.18506634688816,13.02882452381349],[80.1853438847505,13.028554140183822],[80.18672713868409,13.028558484108162],[80.18681965070269,13.028468355633233],[80.18682171614346,13.027835430963066],[80.1870992510486,13.027565045255798],[80.1871923523703,13.02729408096407],[80.1873773750294,13.027113823551952],[80.18737796469829,13.026932987891099],[80.18774771423767,13.026662890435786],[80.18811657932599,13.026664045951794]]},"properties":{"id":"L00410","strahler":3,"length_m":1075.7,"drop_m":4.41,"gradient":0.0041,"area_ha":132.95,"on_drain_share":0.0,"downstream":"L00478"}},{"type":"Feature","geometry":{"type":"LineString","coordinates":[[80.21723828447399,13.032721292677007],[80.21751494200727,13.032722128274214],[80.21769994829398,13.032541848252023]]},"properties":{"id":"L00291","strahler":1,"length_m":58.3,"drop_m":-0.35,"gradient":0.0,"area_ha":4.35,"on_drain_share":0.0,"downstream":"L00312"}},{"type":"Feature","geometry":{"type":"LineString","coordinates":[[80.19289279082332,13.03255618577198],[80.1928954273946,13.031742424505106]]},"properties":{"id":"L00308","strahler":3,"length_m":90.0,"drop_m":0.69,"gradient":0.00769,"area_ha":136.27,"on_drain_share":0.0,"downstream":"L00332"}},{"type":"Feature","geometry":{"type":"LineString","coordinates":[[80.21769994829398,13.032541848252023],[80.21779245133692,13.032451708184766],[80.21779330309472,13.032180452787701],[80.21816331416996,13.031819892112663],[80.21834775189689,13.031820448514114]]},"properties":{"id":"L00312","strahler":2,"length_m":120.7,"drop_m":2.41,"gradient":0.01996,"area_ha":16.47,"on_drain_share":0.0,"downstream":"L00300"}},{"type":"Feature","geometry":{"type":"LineString","coordinates":[[80.20930859142949,13.032335540199515],[80.20977111986538,13.031884855304812],[80.20977198031846,13.031613600420203],[80.20940425371747,13.031250802140756],[80.20940568838859,13.030798710681326],[80.20922182580259,13.030617311378986],[80.20922383468934,13.029984383328435],[80.20913190371577,13.029893683642838],[80.20913276472864,13.029622428758639],[80.20894890317,13.02944102930754],[80.20895005140716,13.029079356130778],[80.2086742599465,13.028807256750232],[80.20867569566353,13.028355165285733],[80.20812411548732,13.027810965772495],[80.2081261267141,13.027178037753671]]},"properties":{"id":"L00395","strahler":3,"length_m":665.3,"drop_m":11.56,"gradient":0.01738,"area_ha":221.82,"on_drain_share":0.0,"downstream":"L00418"}},{"type":"Feature","geometry":{"type":"LineString","coordinates":[[80.25514216553584,13.032290502791858],[80.25541828451632,13.03247213641848],[80.256340753613,13.0323843653911],[80.2567107123697,13.03202374660945],[80.2571718112331,13.032025068801527],[80.25735678989558,13.03184475884016],[80.25763291014736,13.032026390173302],[80.25818622891157,13.03202797473664],[80.25855618458576,13.031667353137872],[80.25883284361807,13.031668144560125],[80.25901782086498,13.031487833329123],[80.25929394204584,13.031669462940986],[80.2598472602261,13.031671043915258]]},"properties":{"id":"L00328","strahler":2,"length_m":588.7,"drop_m":2.23,"gradient":0.00379,"area_ha":32.66,"on_drain_share":0.0,"downstream":"L00339"}},{"type":"Feature","geometry":{"type":"LineString","coordinates":[[80.21834775189689,13.031820448514114],[80.21917630471958,13.032275043184157],[80.21936074282821,13.032275598883716],[80.21954574750586,13.032095317442936],[80.21991462349814,13.032096428169883],[80.22000655938972,13.032187124284413],[80.22111318799875,13.032190452945539]]},"properties":{"id":"L00300","strahler":2,"length_m":333.1,"drop_m":-1.24,"gradient":0.0,"area_ha":35.13,"on_drain_share":0.0,"downstream":"L00341"}},{"type":"Feature","geometry":{"type":"LineString","coordinates":[[80.24214056480628,13.031800704846543],[80.24158559691996,13.032341599902951],[80.24103227957173,13.032339979856529],[80.24094033553841,13.032249290773777],[80.24075589651005,13.032248750434057]]},"properties":{"id":"L00303","strahler":2,"length_m":179.0,"drop_m":-1.85,"gradient":0.0,"area_ha":12.62,"on_drain_share":0.0,"downstream":"L00314"}},{"type":"Feature","geometry":{"type":"LineString","coordinates":[[80.22111318799875,13.032190452945539],[80.2216679149446,13.03174002274479],[80.22240538405175,13.031832656141978],[80.22277538829177,13.031472088464715],[80.22295982596442,13.031472641569255],[80.22332982888295,13.03111207301503],[80.22342345681662,13.030660256392705],[80.22351595716967,13.030570114112736],[80.22370039420713,13.030570666652684]]},"properties":{"id":"L00341","strahler":2,"length_m":386.3,"drop_m":-0.54,"gradient":0.0,"area_ha":52.24,"on_drain_share":0.0,"downstream":"L00345"}},{"type":"Feature","geometry":{"type":"LineString","coordinates":[[80.23061176281226,13.032218829627972],[80.23052010212311,13.03203771831833],[80.23052177784763,13.031495205859295],[80.22923434845136,13.030315925655044],[80.22886547427801,13.030314828341288],[80.22877353562832,13.030224135214539]]},"properties":{"id":"L00348","strahler":2,"length_m":332.1,"drop_m":0.01,"gradient":4e-05,"area_ha":23.78,"on_drain_share":0.0,"downstream":"L00355"}},{"type":"Feature","geometry":{"type":"LineString","coordinates":[[80.24075589651005,13.032248750434057],[80.24011063579282,13.0321564392681],[80.23965091838663,13.031702992028087],[80.23937398446307,13.031792599057134],[80.23909649799646,13.032063043625772],[80.23826652341145,13.032060605192276],[80.23798931208356,13.032240629588475],[80.23780487318848,13.032240087148788],[80.2375287683666,13.032058435464656],[80.23706767153142,13.032057078318518],[80.23679156748751,13.031875425887202],[80.23651490963107,13.031874610922175]]},"properties":{"id":"L00314","strahler":3,"length_m":526.3,"drop_m":-0.51,"gradient":0.0,"area_ha":51.12,"on_drain_share":0.0,"downstream":"L00313"}},{"type":"Feature","geometry":{"type":"LineString","coordinates":[[80.22627773973093,13.032115505574955],[80.22627858222704,13.031844249622063],[80.22609470592111,13.031662861566797],[80.22609554858622,13.031391605616225],[80.22582001588952,13.031029104676746],[80.22582226363845,13.030305755474332]]},"properties":{"id":"L00346","strahler":3,"length_m":220.7,"drop_m":1.38,"gradient":0.00625,"area_ha":128.83,"on_drain_share":0.0,"downstream":"L00371"}},{"type":"Feature","geometry":{"type":"LineString","coordinates":[[80.25413153752432,13.031021715528034],[80.25431543493845,13.031203084793427],[80.2545920931879,13.031203880715042],[80.25486794013055,13.031475934112686],[80.25486631742518,13.032018449638176],[80.25514216553584,13.032290502791858]]},"properties":{"id":"L00304","strahler":2,"length_m":203.1,"drop_m":0.18,"gradient":0.0009,"area_ha":12.18,"on_drain_share":0.0,"downstream":"L00328"}},{"type":"Feature","geometry":{"type":"LineString","coordinates":[[80.27764412717396,13.032263786789894],[80.27810653876263,13.031812973135457],[80.27865985959376,13.031814513959596],[80.278937305177,13.031544024697563],[80.2791217452809,13.031544537835195],[80.27921370372451,13.03163521410467],[80.28032034493896,13.031638289802652]]},"properties":{"id":"L00331","strahler":1,"length_m":327.3,"drop_m":9.29,"gradient":0.0284,"area_ha":6.84,"on_drain_share":0.0,"downstream":null}},{"type":"Feature","geometry":{"type":"LineString","coordinates":[[80.19271040484537,13.031922685825965],[80.1928954273946,13.031742424505106]]},"properties":{"id":"L00307","strahler":1,"length_m":28.3,"drop_m":0.18,"gradient":0.00634,"area_ha":4.52,"on_drain_share":0.0,"downstream":"L00332"}},{"type":"Feature","geometry":{"type":"LineString","coordinates":[[80.19483142696824,13.031929284890236],[80.19437033510307,13.031927851787483],[80.19418648332477,13.031746442417528],[80.19390953587072,13.031835999921388],[80.1937256845116,13.031654590246756],[80.19354124801266,13.031654016329002],[80.19326547168994,13.0313819014126],[80.1932663500792,13.031110647613167]]},"properties":{"id":"L00333","strahler":1,"length_m":233.1,"drop_m":1.4,"gradient":0.006,"area_ha":9.03,"on_drain_share":0.0,"downstream":"L00367"}},{"type":"Feature","geometry":{"type":"LineString","coordinates":[[80.27008842803075,13.030072526596376],[80.27109993083805,13.031069997084042],[80.27119162152555,13.031251095632376],[80.27119082796945,13.031522354402814],[80.2710053298365,13.03188351395846],[80.2710045360377,13.032154772704398],[80.27109649158206,13.032245451706979]]},"properties":{"id":"L00305","strahler":1,"length_m":302.1,"drop_m":-0.74,"gradient":0.0,"area_ha":9.52,"on_drain_share":0.0,"downstream":"L00283"}},{"type":"Feature","geometry":{"type":"LineString","coordinates":[[80.27248586710407,13.030169687896315],[80.27220841650532,13.030440169991692],[80.27220735997066,13.030801848455681],[80.27229905139679,13.030982946653156],[80.27109675615219,13.032155032124411],[80.27109649158206,13.032245451706979]]},"properties":{"id":"L00306","strahler":1,"length_m":300.4,"drop_m":-0.84,"gradient":0.0,"area_ha":8.29,"on_drain_share":0.0,"downstream":"L00283"}},{"type":"Feature","geometry":{"type":"LineString","coordinates":[[80.17758692750404,13.031784710951632],[80.1779569926796,13.031424211035803],[80.1778656700369,13.031152665731438],[80.1780515969965,13.030701162823137],[80.17814381453576,13.030701455289305],[80.17851387724818,13.03034095440447],[80.17888304492212,13.030251705767295],[80.1793453231891,13.029891495731762],[80.17962197500466,13.029892371597429],[80.17989922206723,13.02971241188409],[80.1801755762106,13.02980370479521]]},"properties":{"id":"L00350","strahler":1,"length_m":428.7,"drop_m":-2.14,"gradient":0.0,"area_ha":11.45,"on_drain_share":0.0,"downstream":"L00420"}},{"type":"Feature","geometry":{"type":"LineString","coordinates":[[80.23642241320088,13.031964758069012],[80.23623797457763,13.031964214525416],[80.23596214860076,13.03169214238888]]},"properties":{"id":"L00319","strahler":3,"length_m":62.4,"drop_m":1.2,"gradient":0.01929,"area_ha":67.45,"on_drain_share":0.0,"downstream":"L00335"}},{"type":"Feature","geometry":{"type":"LineString","coordinates":[[80.1928954273946,13.031742424505106],[80.19308044967612,13.031562163033982],[80.1932663500792,13.031110647613167]]},"properties":{"id":"L00332","strahler":3,"length_m":86.6,"drop_m":-0.44,"gradient":0.0,"area_ha":141.49,"on_drain_share":0.0,"downstream":"L00367"}},{"type":"Feature","geometry":{"type":"LineString","coordinates":[[80.20045733255306,13.031765866519596],[80.20008932977525,13.031493473877862],[80.19981267477563,13.031492619755776],[80.19953689136554,13.031220511122351],[80.19953805342794,13.030858838825365],[80.19981557892778,13.030588438952016],[80.19981645013071,13.030317184698486],[80.19972452266691,13.030226481868324],[80.1998170309217,13.030136348526282],[80.19981848286083,13.029684258084648],[80.19954270132679,13.029412149535656],[80.19954357274536,13.029140895275708],[80.20009803856317,13.028780931091934]]},"properties":{"id":"L00361","strahler":2,"length_m":464.6,"drop_m":11.26,"gradient":0.02424,"area_ha":36.23,"on_drain_share":0.0,"downstream":"L00370"}},{"type":"Feature","geometry":{"type":"LineString","coordinates":[[80.23651490963107,13.031874610922175],[80.23642241320088,13.031964758069012]]},"properties":{"id":"L00313","strahler":3,"length_m":14.1,"drop_m":0.0,"gradient":0.0,"area_ha":59.18,"on_drain_share":0.0,"downstream":"L00319"}},{"type":"Feature","geometry":{"type":"LineString","coordinates":[[80.24315470336317,13.031894088580257],[80.24278692498959,13.031531334938403],[80.2424180478459,13.031530256814557],[80.24214056480628,13.031800704846543]]},"properties":{"id":"L00325","strahler":1,"length_m":139.0,"drop_m":1.36,"gradient":0.00977,"area_ha":6.05,"on_drain_share":0.0,"downstream":"L00303"}},{"type":"Feature","geometry":{"type":"LineString","coordinates":[[80.26316636851757,13.031951763228248],[80.26325832098387,13.032042444858368]]},"properties":{"id":"L00315","strahler":3,"length_m":14.1,"drop_m":0.0,"gradient":0.0,"area_ha":111.07,"on_drain_share":0.0,"downstream":"L00265"}},{"type":"Feature","geometry":{"type":"LineString","coordinates":[[80.26547293245694,13.03159663063165],[80.2653809792964,13.031505949750139],[80.26482766079054,13.031504380610412],[80.2642732742151,13.031864488080318],[80.26408936869464,13.031683125475872],[80.26390492910716,13.031682601634323],[80.26362880427658,13.031500976755538],[80.26325885580323,13.031861606008121],[80.26325832098387,13.032042444858368]]},"properties":{"id":"L00316","strahler":2,"length_m":313.8,"drop_m":1.15,"gradient":0.00366,"area_ha":15.41,"on_drain_share":0.0,"downstream":"L00265"}},{"type":"Feature","geometry":{"type":"LineString","coordinates":[[80.18745514342801,13.031544585619427],[80.18810066995509,13.031546608900623],[80.18819259339365,13.031637315626526],[80.18837702963562,13.031637893350114],[80.18846954230521,13.031547764339518],[80.18883841469086,13.031548919253474],[80.18911595192321,13.031278531577602],[80.18976147802755,13.031280550681453],[80.18985310797574,13.031461674705273],[80.18994532606865,13.031461962988777]]},"properties":{"id":"L00327","strahler":1,"length_m":304.9,"drop_m":0.18,"gradient":0.00057,"area_ha":8.61,"on_drain_share":0.0,"downstream":"L00352"}},{"type":"Feature","geometry":{"type":"LineString","coordinates":[[80.21604370361588,13.031361391899106],[80.21705810883745,13.031364458673949],[80.2173339126501,13.03163654976237],[80.21779500655248,13.031637941976399],[80.21788694146858,13.031728638792913],[80.21825581677146,13.03172975185031],[80.21834775189689,13.031820448514114]]},"properties":{"id":"L00317","strahler":1,"length_m":270.7,"drop_m":1.45,"gradient":0.00536,"area_ha":7.9,"on_drain_share":0.0,"downstream":"L00300"}},{"type":"Feature","geometry":{"type":"LineString","coordinates":[[80.23374888833493,13.031685607406914],[80.23411859889336,13.03141544141939],[80.23439525608458,13.031416258914343],[80.23476302139325,13.031779023786536],[80.23550299490933,13.03105785053037]]},"properties":{"id":"L00334","strahler":1,"length_m":252.1,"drop_m":-2.41,"gradient":0.0,"area_ha":10.37,"on_drain_share":0.0,"downstream":"L00359"}},{"type":"Feature","geometry":{"type":"LineString","coordinates":[[80.23762679833627,13.0301599099267],[80.23716432077582,13.03061064761836],[80.23716238276845,13.031243579848693],[80.23651490963107,13.031874610922175]]},"properties":{"id":"L00320","strahler":1,"length_m":239.7,"drop_m":-0.99,"gradient":0.0,"area_ha":8.03,"on_drain_share":0.0,"downstream":"L00313"}},{"type":"Feature","geometry":{"type":"LineString","coordinates":[[80.2618790410167,13.030682217290007],[80.26316636851757,13.031951763228248]]},"properties":{"id":"L00321","strahler":3,"length_m":198.0,"drop_m":-3.88,"gradient":0.0,"area_ha":105.47,"on_drain_share":0.0,"downstream":"L00315"}},{"type":"Feature","geometry":{"type":"LineString","coordinates":[[80.26344623612232,13.030867516553414],[80.26335348193481,13.031048093304271],[80.26335187776228,13.03159060989297],[80.2631669033998,13.031770924380496],[80.26316636851757,13.031951763228248]]},"properties":{"id":"L00322","strahler":1,"length_m":132.4,"drop_m":-3.21,"gradient":0.0,"area_ha":5.54,"on_drain_share":0.0,"downstream":"L00315"}},{"type":"Feature","geometry":{"type":"LineString","coordinates":[[80.26574879234018,13.031868673097994],[80.26547293245694,13.03159663063165]]},"properties":{"id":"L00329","strahler":1,"length_m":42.4,"drop_m":-0.3,"gradient":0.0,"area_ha":4.33,"on_drain_share":0.0,"downstream":"L00316"}},{"type":"Feature","geometry":{"type":"LineString","coordinates":[[80.19815245416275,13.031577906862456],[80.19796859971015,13.031396500025897],[80.19704641729415,13.031393644278435],[80.19667871061837,13.031030829022779],[80.19621762020601,13.03102939930359],[80.19621937048741,13.030486891289002],[80.19603551828276,13.030305483194558],[80.19603639358128,13.030034229187175],[80.19566869035003,13.02967141266326],[80.19566927412141,13.029490576666495],[80.19594709373112,13.029129763056448],[80.19594796904418,13.028858509030417],[80.19604047804582,13.028768377077025],[80.19668599875271,13.028770378554487]]},"properties":{"id":"L00362","strahler":1,"length_m":596.3,"drop_m":10.09,"gradient":0.01692,"area_ha":10.32,"on_drain_share":0.0,"downstream":"L00363"}},{"type":"Feature","geometry":{"type":"LineString","coordinates":[[80.23596214860076,13.03169214238888],[80.23550243997785,13.0312386882371],[80.23550299490933,13.03105785053037]]},"properties":{"id":"L00335","strahler":3,"length_m":90.7,"drop_m":-1.05,"gradient":0.0,"area_ha":87.04,"on_drain_share":0.0,"downstream":"L00359"}},{"type":"Feature","geometry":{"type":"LineString","coordinates":[[80.24195695146298,13.031528908421524],[80.24214056480628,13.031800704846543]]},"properties":{"id":"L00324","strahler":1,"length_m":38.3,"drop_m":0.67,"gradient":0.01744,"area_ha":4.04,"on_drain_share":0.0,"downstream":"L00303"}},{"type":"Feature","geometry":{"type":"LineString","coordinates":[[80.18994532606865,13.031461962988777],[80.19087073737713,13.030470247323702],[80.19087161830986,13.030198993666076],[80.19133270657636,13.030200432806483],[80.19151743530409,13.030110590331404],[80.19151860890439,13.029748918718632],[80.19161111976256,13.029658788465522]]},"properties":{"id":"L00352","strahler":2,"length_m":309.7,"drop_m":2.79,"gradient":0.009,"area_ha":27.47,"on_drain_share":0.0,"downstream":null}},{"type":"Feature","geometry":{"type":"LineString","coordinates":[[80.2598472602261,13.031671043915258],[80.26021640756039,13.031581677876737],[80.26058662812133,13.031130633797813],[80.26132438433183,13.031132737735604],[80.26169433431099,13.030772111316672]]},"properties":{"id":"L00339","strahler":2,"length_m":247.3,"drop_m":2.04,"gradient":0.00826,"area_ha":62.92,"on_drain_share":0.0,"downstream":"L00342"}},{"type":"Feature","geometry":{"type":"LineString","coordinates":[[80.26704199934244,13.031148972056217],[80.26694951363011,13.03123913071861],[80.26676507425258,13.03123860893008],[80.26667232225198,13.031419186984605],[80.26630264437246,13.031689401337372],[80.26574932534437,13.031687834143808],[80.26565737204594,13.031597153353868],[80.26547293245694,13.03159663063165]]},"properties":{"id":"L00330","strahler":1,"length_m":204.9,"drop_m":1.91,"gradient":0.00933,"area_ha":6.33,"on_drain_share":0.0,"downstream":"L00316"}},{"type":"Feature","geometry":{"type":"LineString","coordinates":[[80.1932663500792,13.031110647613167],[80.1928986496275,13.030747827331162],[80.19289952837188,13.03047657354309],[80.19317676739007,13.030296599104892],[80.19317881698274,13.029663673524956],[80.19373387753963,13.02912288766123],[80.1937347552614,13.028851633783203],[80.19364253804802,13.028851346904547],[80.19345898163088,13.028579519183609]]},"properties":{"id":"L00367","strahler":3,"length_m":358.0,"drop_m":2.41,"gradient":0.00674,"area_ha":156.11,"on_drain_share":0.0,"downstream":"L00374"}},{"type":"Feature","geometry":{"type":"LineString","coordinates":[[80.17048886330389,13.030948321217972],[80.17021311441204,13.03067618329304],[80.17002867972477,13.03067559268528]]},"properties":{"id":"L00336","strahler":1,"length_m":62.4,"drop_m":-0.23,"gradient":0.0,"area_ha":4.76,"on_drain_share":0.0,"downstream":null}},{"type":"Feature","geometry":{"type":"LineString","coordinates":[[80.22370039420713,13.030570666652684],[80.22406842349129,13.030843027176056],[80.2247142353248,13.030754540529813],[80.22508226606155,13.031026899687014],[80.22582226363845,13.030305755474332]]},"properties":{"id":"L00345","strahler":2,"length_m":292.1,"drop_m":2.6,"gradient":0.0089,"area_ha":67.82,"on_drain_share":0.0,"downstream":"L00371"}},{"type":"Feature","geometry":{"type":"LineString","coordinates":[[80.23550299490933,13.03105785053037],[80.23550354983243,13.0308770128211],[80.23568854239998,13.030696719123219],[80.23568909717248,13.030515881401055],[80.23522939112182,13.030062426871972],[80.23523022373537,13.029791170303712],[80.23550854376346,13.029249473323276],[80.23569353505117,13.02906917953226]]},"properties":{"id":"L00359","strahler":3,"length_m":269.7,"drop_m":1.34,"gradient":0.00496,"area_ha":100.67,"on_drain_share":0.0,"downstream":"L00413"}},{"type":"Feature","geometry":{"type":"LineString","coordinates":[[80.22858713889401,13.03085651727226],[80.22858825875323,13.030494842434294],[80.22877353562832,13.030224135214539]]},"properties":{"id":"L00347","strahler":1,"length_m":78.3,"drop_m":-0.21,"gradient":0.0,"area_ha":5.58,"on_drain_share":0.0,"downstream":"L00355"}},{"type":"Feature","geometry":{"type":"LineString","coordinates":[[80.25385677507482,13.030387984441411],[80.25404040110952,13.030659773119519],[80.25403958891765,13.030931030850882],[80.25413153752432,13.031021715528034]]},"properties":{"id":"L00337","strahler":1,"length_m":82.4,"drop_m":0.99,"gradient":0.012,"area_ha":4.75,"on_drain_share":0.0,"downstream":"L00304"}},{"type":"Feature","geometry":{"type":"LineString","coordinates":[[80.25376591005733,13.029935622709086],[80.25413289101014,13.030569619299573],[80.25413153752432,13.031021715528034]]},"properties":{"id":"L00338","strahler":1,"length_m":136.6,"drop_m":-1.84,"gradient":0.0,"area_ha":5.35,"on_drain_share":0.0,"downstream":"L00304"}},{"type":"Feature","geometry":{"type":"LineString","coordinates":[[80.17408684442417,13.03050772073586],[80.17436499472295,13.030056514693594],[80.17436649283243,13.029604427116004],[80.17418295778343,13.029332586969822],[80.17298773890717,13.028243754529345],[80.17298863914932,13.027972502041449],[80.17234462586167,13.027518354254353]]},"properties":{"id":"L00386","strahler":1,"length_m":451.1,"drop_m":2.83,"gradient":0.00626,"area_ha":14.0,"on_drain_share":0.0,"downstream":"L00403"}},{"type":"Feature","geometry":{"type":"LineString","coordinates":[[80.25929743682804,13.03049401139025],[80.25938992486641,13.030403855587013],[80.25994324024799,13.030405436205642],[80.2601271416946,13.030586801558446],[80.26040379962566,13.030587591239339],[80.26058770155288,13.030768956287964],[80.26169433431099,13.030772111316672]]},"properties":{"id":"L00340","strahler":1,"length_m":280.7,"drop_m":3.8,"gradient":0.01354,"area_ha":5.18,"on_drain_share":0.0,"downstream":"L00342"}},{"type":"Feature","geometry":{"type":"LineString","coordinates":[[80.26169433431099,13.030772111316672],[80.2618790410167,13.030682217290007]]},"properties":{"id":"L00342","strahler":2,"length_m":24.1,"drop_m":2.07,"gradient":0.08562,"area_ha":68.44,"on_drain_share":0.0,"downstream":"L00321"}},{"type":"Feature","geometry":{"type":"LineString","coordinates":[[80.21171229063465,13.030444060255732],[80.2115289988062,13.030081825815397],[80.2125462553467,13.029180726262112],[80.2124574668623,13.028095425566468],[80.21254996994513,13.028005287354036],[80.21255282708057,13.027101103505482],[80.21283033485942,13.026830688564074],[80.21283290513568,13.026016922974588]]},"properties":{"id":"L00427","strahler":1,"length_m":570.4,"drop_m":3.59,"gradient":0.00629,"area_ha":13.15,"on_drain_share":0.0,"downstream":"L00470"}},{"type":"Feature","geometry":{"type":"LineString","coordinates":[[80.22130723480767,13.029116776455316],[80.22139917019939,13.029207472062902],[80.22186026005485,13.029208856790488],[80.22204413139491,13.029390247609104],[80.22250522165952,13.029391631208423],[80.22268993985566,13.029301765826343],[80.22324155678835,13.029845936272407],[80.22333264760336,13.030207887046538],[80.22370039420713,13.030570666652684]]},"properties":{"id":"L00343","strahler":1,"length_m":352.1,"drop_m":1.62,"gradient":0.00461,"area_ha":12.53,"on_drain_share":0.0,"downstream":"L00345"}},{"type":"Feature","geometry":{"type":"LineString","coordinates":[[80.22978710072769,13.030498408115447],[80.22951128372422,13.030226329563858],[80.22877353562832,13.030224135214539]]},"properties":{"id":"L00349","strahler":1,"length_m":122.4,"drop_m":-0.15,"gradient":0.0,"area_ha":4.64,"on_drain_share":0.0,"downstream":"L00355"}},{"type":"Feature","geometry":{"type":"LineString","coordinates":[[80.2614200884864,13.029957548415272],[80.26141928437386,13.030228806616703],[80.2618790410167,13.030682217290007]]},"properties":{"id":"L00344","strahler":2,"length_m":100.7,"drop_m":2.17,"gradient":0.0215,"area_ha":31.39,"on_drain_share":0.0,"downstream":"L00321"}},{"type":"Feature","geometry":{"type":"LineString","coordinates":[[80.27635803355732,13.030542210328253],[80.276635742532,13.030181303853388],[80.27663653007589,13.02991004472626],[80.2768214937618,13.02972972000933],[80.27682201863941,13.029548880578142]]},"properties":{"id":"L00357","strahler":1,"length_m":130.7,"drop_m":1.31,"gradient":0.01003,"area_ha":4.89,"on_drain_share":0.0,"downstream":"L00409"}},{"type":"Feature","geometry":{"type":"LineString","coordinates":[[80.22582226363845,13.030305755474332],[80.22582535407167,13.029311150254587],[80.22564176087505,13.029039343308613],[80.22564232286554,13.028858505991762],[80.22591981933307,13.028588076378275]]},"properties":{"id":"L00371","strahler":3,"length_m":210.7,"drop_m":-1.67,"gradient":0.0,"area_ha":199.59,"on_drain_share":0.0,"downstream":"L00407"}},{"type":"Feature","geometry":{"type":"LineString","coordinates":[[80.22877353562832,13.030224135214539],[80.227945810622,13.0294983144505],[80.22776137419251,13.029497764976131]]},"properties":{"id":"L00355","strahler":2,"length_m":143.1,"drop_m":2.11,"gradient":0.01472,"area_ha":34.51,"on_drain_share":0.0,"downstream":"L00372"}},{"type":"Feature","geometry":{"type":"LineString","coordinates":[[80.24491180585864,13.030271657219062],[80.24537426952791,13.02982090488352],[80.24555870695659,13.029821441838001],[80.2457436918303,13.029641140503795],[80.24611229287774,13.029732632827988],[80.24657475344077,13.029281878158073],[80.24657530025054,13.029101039958341],[80.24620697345044,13.028919129236296],[80.24620752051139,13.028738291046876],[80.2459319600311,13.02837580996079],[80.24519640562136,13.027650310017892],[80.24519667949194,13.027559890935786],[80.2447366862897,13.027196871592166],[80.24427614606495,13.027014689630708],[80.24390645249439,13.027284871167538],[80.24381450911706,13.027194183114537],[80.24381615525805,13.02665166876692],[80.24344865764597,13.026198497235313]]},"properties":{"id":"L00430","strahler":1,"length_m":821.5,"drop_m":9.47,"gradient":0.01153,"area_ha":23.92,"on_drain_share":0.0,"downstream":null}},{"type":"Feature","geometry":{"type":"LineString","coordinates":[[80.20064757164256,13.02995807351955],[80.20064989227497,13.029234728648117],[80.20055796486557,13.029144026111691],[80.20055854506431,13.028963189890282],[80.20028247323306,13.028781500220097],[80.2003749807299,13.02869136662613]]},"properties":{"id":"L00365","strahler":1,"length_m":166.6,"drop_m":10.02,"gradient":0.06014,"area_ha":4.99,"on_drain_share":0.0,"downstream":"L00382"}},{"type":"Feature","geometry":{"type":"LineString","coordinates":[[80.25616306311031,13.030123353898082],[80.25745790253012,13.028861185640842],[80.25819726654768,13.028320782055015]]},"properties":{"id":"L00379","strahler":1,"length_m":302.8,"drop_m":3.3,"gradient":0.0109,"area_ha":9.13,"on_drain_share":0.0,"downstream":"L00353"}},{"type":"Feature","geometry":{"type":"LineString","coordinates":[[80.27562132816723,13.030178470532245],[80.27617464506373,13.030180016472256],[80.27682201863941,13.029548880578142]]},"properties":{"id":"L00356","strahler":1,"length_m":159.0,"drop_m":0.19,"gradient":0.0012,"area_ha":4.78,"on_drain_share":0.0,"downstream":"L00409"}},{"type":"Feature","geometry":{"type":"LineString","coordinates":[[80.1801755762106,13.02980370479521],[80.18091331432436,13.02980603740228],[80.18109834322766,13.029625784886568],[80.18229746389494,13.02953915229028],[80.18238997780473,13.029449025519671],[80.18257441215965,13.029449607276979],[80.18331422417998,13.028819008926336],[80.18349954695323,13.02854833680445],[80.18350102831175,13.02809624813515],[80.18322526731038,13.02782412333744],[80.18322586002543,13.027643287873959],[80.1835031021198,13.027463323971405],[80.18378093611078,13.027102524249983],[80.18350517581831,13.026830399776491],[80.18350576828347,13.026649564286503],[80.18304616944604,13.026196022926587]]},"properties":{"id":"L00420","strahler":2,"length_m":760.1,"drop_m":2.36,"gradient":0.00311,"area_ha":31.35,"on_drain_share":0.0,"downstream":"L00440"}},{"type":"Feature","geometry":{"type":"LineString","coordinates":[[80.1795321396544,13.029168738591675],[80.1801755762106,13.02980370479521]]},"properties":{"id":"L00351","strahler":1,"length_m":99.0,"drop_m":-0.49,"gradient":0.0,"area_ha":5.06,"on_drain_share":0.0,"downstream":"L00420"}},{"type":"Feature","geometry":{"type":"LineString","coordinates":[[80.20664259573688,13.029705237229768],[80.2063668062911,13.029433135511571],[80.20599793544734,13.029432005726996],[80.20590600590843,13.02934130497238],[80.20544462924694,13.029430310066022],[80.2053526999218,13.029339609126756],[80.20535529512985,13.0285258451695],[80.20517143724334,13.028344443227892],[80.20517287926218,13.02789235213221],[80.20554318904821,13.027441391807598]]},"properties":{"id":"L00391","strahler":1,"length_m":399.7,"drop_m":11.41,"gradient":0.02855,"area_ha":10.03,"on_drain_share":0.0,"downstream":"L00396"}},{"type":"Feature","geometry":{"type":"LineString","coordinates":[[80.21337450252719,13.029725756860975],[80.2130987052806,13.02945366188511],[80.2130079153392,13.029001289967136],[80.21347043092572,13.028550597618358],[80.21337878424752,13.028369480974227],[80.21338220927488,13.027284460161841],[80.21375250393362,13.026833487184112]]},"properties":{"id":"L00404","strahler":1,"length_m":378.0,"drop_m":1.93,"gradient":0.0051,"area_ha":9.76,"on_drain_share":0.0,"downstream":"L00422"}},{"type":"Feature","geometry":{"type":"LineString","coordinates":[[80.25819726654768,13.028320782055015],[80.2584733837003,13.02850241236434],[80.25930335029399,13.028504785444465],[80.25948832474243,13.028324473689626],[80.26013439091773,13.028145478321811],[80.26086999259135,13.028870938275729],[80.26096060217877,13.029413717623463],[80.2614200884864,13.029957548415272]]},"properties":{"id":"L00353","strahler":2,"length_m":492.8,"drop_m":2.29,"gradient":0.00464,"area_ha":22.06,"on_drain_share":0.0,"downstream":"L00344"}},{"type":"Feature","geometry":{"type":"LineString","coordinates":[[80.26253019690714,13.028785247130937],[80.26225273771367,13.02905571810389],[80.26179164381371,13.02905440524601],[80.26160667036913,13.02923471869506],[80.26142142863354,13.029505451400185],[80.2614200884864,13.029957548415272]]},"properties":{"id":"L00354","strahler":1,"length_m":209.0,"drop_m":2.37,"gradient":0.01135,"area_ha":6.73,"on_drain_share":0.0,"downstream":"L00344"}},{"type":"Feature","geometry":{"type":"LineString","coordinates":[[80.22776137419251,13.029497764976131],[80.22730028315577,13.029496390716133],[80.22693084928108,13.029676128080915],[80.22591981933307,13.028588076378275]]},"properties":{"id":"L00372","strahler":2,"length_m":263.8,"drop_m":-2.27,"gradient":0.0,"area_ha":49.0,"on_drain_share":0.0,"downstream":"L00407"}},{"type":"Feature","geometry":{"type":"LineString","coordinates":[[80.22923714556723,13.029411738365114],[80.22914464761978,13.029501882835447],[80.22859133819182,13.029500236577443],[80.22849939993098,13.02940954337019],[80.22785387261014,13.029407621027405],[80.22776137419251,13.029497764976131]]},"properties":{"id":"L00358","strahler":1,"length_m":172.4,"drop_m":0.39,"gradient":0.00226,"area_ha":6.57,"on_drain_share":0.0,"downstream":"L00372"}},{"type":"Feature","geometry":{"type":"LineString","coordinates":[[80.24869496244662,13.029559292565313],[80.24878718113375,13.029559559872189],[80.24971209077134,13.028658039478985],[80.24971263527729,13.028477201139829]]},"properties":{"id":"L00376","strahler":1,"length_m":171.4,"drop_m":-1.29,"gradient":0.0,"area_ha":7.49,"on_drain_share":0.0,"downstream":"L00401"}},{"type":"Feature","geometry":{"type":"LineString","coordinates":[[80.19115120655788,13.029295678286664],[80.19142785852738,13.029296541512137],[80.19170509714772,13.029116568617562],[80.19216618350646,13.029118006157953],[80.1923500319029,13.029299416798194],[80.19253505263326,13.029119155599822],[80.19271948720994,13.029119730123943],[80.19299701761621,13.028849337835505],[80.1932736692166,13.028850199061905],[80.19345898163088,13.028579519183609]]},"properties":{"id":"L00366","strahler":1,"length_m":305.6,"drop_m":1.21,"gradient":0.00396,"area_ha":7.36,"on_drain_share":0.0,"downstream":"L00374"}},{"type":"Feature","geometry":{"type":"LineString","coordinates":[[80.27682201863941,13.029548880578142],[80.2770069819159,13.02936855570275],[80.27682306837083,13.029187201708147],[80.27673189907088,13.028825265510696],[80.27710182434814,13.028464615670604],[80.2772862620977,13.028465129995203],[80.27747122420897,13.028284804713785],[80.2783934124459,13.028287373675631],[80.2786708541666,13.028016884435688],[80.2789475103929,13.02801765417279],[80.27922495122812,13.027747164286982],[80.2792265203571,13.027204645614455],[80.27941148015427,13.027024318808634]]},"properties":{"id":"L00409","strahler":2,"length_m":508.7,"drop_m":7.73,"gradient":0.01519,"area_ha":22.11,"on_drain_share":0.0,"downstream":null}},{"type":"Feature","geometry":{"type":"LineString","coordinates":[[80.17731893217389,13.029161723015157],[80.17731952923819,13.028980887838642],[80.17741204461908,13.028890762936038],[80.17741323857783,13.028529092564426],[80.17732132037702,13.028438382293821],[80.17741622331702,13.027624916590842],[80.17723268613025,13.027353078451746],[80.17723447722652,13.026810572850808],[80.17741950627003,13.026630322946412],[80.17742010314129,13.026449487730066],[80.17788237596642,13.02608927990535],[80.17825153741687,13.026000031776984],[80.17880602393976,13.025640114454925],[80.17935931807715,13.025641866480942],[80.1796368579974,13.025371489053777],[80.17963775079838,13.025100236050577],[80.18000780266068,13.024739732254954],[80.1801000180394,13.024740023894033],[80.18028534085512,13.024469354013293],[80.18093084789811,13.024471394065696],[80.18102336027744,13.024381267665746],[80.18129941213445,13.024562976799025],[80.1821314270133,13.023932672082683],[80.18240807240795,13.023933544582617],[80.18268531074676,13.0237535812943]]},"properties":{"id":"L00482","strahler":1,"length_m":1063.3,"drop_m":4.52,"gradient":0.00425,"area_ha":21.6,"on_drain_share":0.0,"downstream":null}},{"type":"Feature","geometry":{"type":"LineString","coordinates":[[80.21752573357381,13.02928622645541],[80.21780323884475,13.02901580606578],[80.21780380652264,13.028834969086718],[80.21817381232904,13.0284744080221]]},"properties":{"id":"L00373","strahler":1,"length_m":119.0,"drop_m":0.59,"gradient":0.005,"area_ha":6.29,"on_drain_share":0.0,"downstream":"L00397"}},{"type":"Feature","geometry":{"type":"LineString","coordinates":[[80.20369336036468,13.029153678146963],[80.20369509410993,13.028611169059557],[80.20341930921082,13.028339064437326],[80.20341988729609,13.028158228078155],[80.2037896227327,13.027888106854949]]},"properties":{"id":"L00381","strahler":1,"length_m":174.9,"drop_m":7.92,"gradient":0.04532,"area_ha":5.08,"on_drain_share":0.0,"downstream":"L00385"}},{"type":"Feature","geometry":{"type":"LineString","coordinates":[[80.23458691648678,13.029065913902015],[80.23477163057741,13.028976039649082],[80.23569353505117,13.02906917953226]]},"properties":{"id":"L00360","strahler":1,"length_m":128.3,"drop_m":0.61,"gradient":0.00475,"area_ha":5.69,"on_drain_share":0.0,"downstream":"L00413"}},{"type":"Feature","geometry":{"type":"LineString","coordinates":[[80.23569353505117,13.02906917953226],[80.23606323961408,13.028799010384041],[80.23606379403107,13.028618172619584],[80.23560381319837,13.028255137721706],[80.23532743690318,13.028163902841168],[80.23514383372267,13.027892102071684],[80.23477496262426,13.027891013367405],[80.23468302254528,13.027800322250354],[80.23468441096587,13.027348227945907],[80.23440859160075,13.027076154437367],[80.23431776314659,13.026623787774916]]},"properties":{"id":"L00413","strahler":3,"length_m":412.1,"drop_m":2.81,"gradient":0.00683,"area_ha":114.38,"on_drain_share":0.0,"downstream":"L00490"}},{"type":"Feature","geometry":{"type":"LineString","coordinates":[[80.1885705947193,13.028835518063834],[80.18847867210633,13.028744811505382],[80.18847955552215,13.02847355797286],[80.1883879275685,13.028292433545412],[80.18829571068432,13.02829214477669],[80.18838851655929,13.028111597855483],[80.18848367786488,13.02720770807872],[80.18820791202009,13.026935588300848],[80.18811657932599,13.026664045951794]]},"properties":{"id":"L00406","strahler":1,"length_m":283.1,"drop_m":3.81,"gradient":0.01344,"area_ha":7.09,"on_drain_share":0.0,"downstream":"L00478"}},{"type":"Feature","geometry":{"type":"LineString","coordinates":[[80.19733151956737,13.02877237842467],[80.19751595410564,13.028772949520937],[80.19760788021362,13.02886365306673],[80.19816118409503,13.028865365383762],[80.19825369234654,13.028775232593931],[80.19926808265716,13.028778368391517],[80.19936000944247,13.028869071352961],[80.19982109621324,13.028870495249642],[80.19991360390206,13.028780361832567],[80.20009803856317,13.028780931091934]]},"properties":{"id":"L00364","strahler":4,"length_m":316.6,"drop_m":0.33,"gradient":0.00103,"area_ha":1190.78,"on_drain_share":0.0,"downstream":"L00370"}},{"type":"Feature","geometry":{"type":"LineString","coordinates":[[80.19668599875271,13.028770378554487],[80.19733151956737,13.02877237842467]]},"properties":{"id":"L00363","strahler":4,"length_m":70.0,"drop_m":-0.41,"gradient":0.0,"area_ha":1028.14,"on_drain_share":0.0,"downstream":"L00364"}},{"type":"Feature","geometry":{"type":"LineString","coordinates":[[80.20009803856317,13.028780931091934],[80.20019054612254,13.028690797567654],[80.2003749807299,13.02869136662613]]},"properties":{"id":"L00370","strahler":4,"length_m":34.1,"drop_m":0.0,"gradient":0.0,"area_ha":1227.45,"on_drain_share":0.0,"downstream":"L00382"}},{"type":"Feature","geometry":{"type":"LineString","coordinates":[[80.19511947404331,13.028403843063149],[80.19576411817863,13.028677100802465],[80.1965940730325,13.028679674702595],[80.19668599875271,13.028770378554487]]},"properties":{"id":"L00368","strahler":4,"length_m":186.6,"drop_m":0.19,"gradient":0.00103,"area_ha":1016.58,"on_drain_share":0.0,"downstream":"L00363"}},{"type":"Feature","geometry":{"type":"LineString","coordinates":[[80.19705778130718,13.027867341153623],[80.19705719861862,13.028048177234837],[80.1973329758584,13.028320288211557],[80.19733151956737,13.02877237842467]]},"properties":{"id":"L00369","strahler":3,"length_m":112.4,"drop_m":2.16,"gradient":0.0192,"area_ha":154.42,"on_drain_share":0.0,"downstream":"L00364"}},{"type":"Feature","geometry":{"type":"LineString","coordinates":[[80.2003749807299,13.02869136662613],[80.20046748815984,13.02860123299464],[80.20083635727575,13.0286023705786],[80.20092886451373,13.028512236770226],[80.20166660260043,13.028514510084959],[80.20175910952136,13.028424375960341],[80.20212797849211,13.028425511691129],[80.20222048522108,13.028335377389645],[80.20277407783303,13.028246661627751],[80.20305130777768,13.028066676036229],[80.20342017633546,13.028067809897616],[80.20360518856582,13.027887540260387],[80.2037896227327,13.027888106854949]]},"properties":{"id":"L00382","strahler":4,"length_m":407.3,"drop_m":0.5,"gradient":0.00123,"area_ha":1242.94,"on_drain_share":0.0,"downstream":"L00385"}},{"type":"Feature","geometry":{"type":"LineString","coordinates":[[80.17114250687732,13.028509115726955],[80.1712362270483,13.028057323330117],[80.17142186242911,13.027696243115704],[80.17142276433646,13.027424990724137],[80.17123953477777,13.027062731274246],[80.1712407375204,13.026701061416658]]},"properties":{"id":"L00402","strahler":1,"length_m":220.7,"drop_m":2.02,"gradient":0.00915,"area_ha":9.21,"on_drain_share":0.0,"downstream":"L00501"}},{"type":"Feature","geometry":{"type":"LineString","coordinates":[[80.19345898163088,13.028579519183609],[80.19345927429413,13.028489101227258],[80.19382931270363,13.028128576909864],[80.19401374660617,13.028129150470239],[80.1941062559788,13.02803901922729],[80.19438290675542,13.028039879217287],[80.19456675611377,13.028221288347757],[80.1949350398871,13.02840327027764],[80.19511947404331,13.028403843063149]]},"properties":{"id":"L00374","strahler":3,"length_m":227.3,"drop_m":6.5,"gradient":0.02862,"area_ha":165.51,"on_drain_share":0.0,"downstream":"L00368"}},{"type":"Feature","geometry":{"type":"LineString","coordinates":[[80.24989625533462,13.028748992472368],[80.24971263527729,13.028477201139829]]},"properties":{"id":"L00377","strahler":1,"length_m":38.3,"drop_m":0.14,"gradient":0.00369,"area_ha":5.34,"on_drain_share":0.0,"downstream":"L00401"}},{"type":"Feature","geometry":{"type":"LineString","coordinates":[[80.22591981933307,13.028588076378275],[80.22721479488622,13.027326067066205],[80.22721563604196,13.027054810953029],[80.22749312877721,13.026784379409419]]},"properties":{"id":"L00407","strahler":3,"length_m":270.4,"drop_m":0.23,"gradient":0.00085,"area_ha":253.04,"on_drain_share":0.0,"downstream":"L00498"}},{"type":"Feature","geometry":{"type":"LineString","coordinates":[[80.21798966084687,13.028383433140117],[80.21817381232904,13.0284744080221]]},"properties":{"id":"L00375","strahler":1,"length_m":24.1,"drop_m":0.24,"gradient":0.01009,"area_ha":4.7,"on_drain_share":0.0,"downstream":"L00397"}},{"type":"Feature","geometry":{"type":"LineString","coordinates":[[80.21817381232904,13.0284744080221],[80.21854381706491,13.028113846358616],[80.21854438416474,13.027933009334907],[80.21891438754538,13.027572447051554],[80.21882302054746,13.027300913591912],[80.21900802168545,13.027120632279502]]},"properties":{"id":"L00397","strahler":2,"length_m":195.6,"drop_m":0.32,"gradient":0.00165,"area_ha":14.08,"on_drain_share":0.0,"downstream":"L00392"}},{"type":"Feature","geometry":{"type":"LineString","coordinates":[[80.24187381151246,13.028544811795523],[80.2416896503488,13.028453853268427],[80.24067525107122,13.028450883558284],[80.24003165468388,13.027816058886145],[80.24012580249948,13.02718339640508]]},"properties":{"id":"L00399","strahler":1,"length_m":307.3,"drop_m":5.35,"gradient":0.01742,"area_ha":9.95,"on_drain_share":0.0,"downstream":"L00423"}},{"type":"Feature","geometry":{"type":"LineString","coordinates":[[80.19024460456286,13.024500650270395],[80.19097998101887,13.025226296708393],[80.190979100552,13.025497550477168],[80.19107102300369,13.025588256154373],[80.19134767085217,13.025589119224273],[80.19208305372952,13.026314762849589],[80.19254354905596,13.026497035315696],[80.19291124306314,13.026859855821758],[80.1930956759849,13.026860429980442],[80.19401520884156,13.027677060604493],[80.19511947404331,13.028403843063149]]},"properties":{"id":"L00378","strahler":4,"length_m":725.7,"drop_m":-0.34,"gradient":0.0,"area_ha":845.23,"on_drain_share":0.0,"downstream":"L00368"}},{"type":"Feature","geometry":{"type":"LineString","coordinates":[[80.24971263527729,13.028477201139829],[80.24934457920972,13.028204875629164],[80.24934566870759,13.027843198966261],[80.25017807991485,13.027031828469045]]},"properties":{"id":"L00401","strahler":2,"length_m":219.7,"drop_m":5.26,"gradient":0.02395,"area_ha":16.98,"on_drain_share":0.0,"downstream":"L00431"}},{"type":"Feature","geometry":{"type":"LineString","coordinates":[[80.25745978862214,13.028228250331036],[80.25755173759956,13.02831893382674],[80.25792061127201,13.028319990153994],[80.25801309893009,13.028229834810555],[80.25819726654768,13.028320782055015]]},"properties":{"id":"L00380","strahler":1,"length_m":92.4,"drop_m":-3.03,"gradient":0.0,"area_ha":4.82,"on_drain_share":0.0,"downstream":"L00353"}},{"type":"Feature","geometry":{"type":"LineString","coordinates":[[80.23274561539051,13.028065853746828],[80.23302310365742,13.027795416031406],[80.23302421680661,13.027433740729954],[80.23330170404475,13.027163302647244],[80.23330281673375,13.026801627304508],[80.23321087759982,13.026710935709806],[80.23321143399441,13.02653009803727],[80.23302755605263,13.026348714764602],[80.23302811256423,13.026167877094814]]},"properties":{"id":"L00425","strahler":1,"length_m":247.3,"drop_m":1.2,"gradient":0.00486,"area_ha":8.01,"on_drain_share":0.0,"downstream":"L00415"}},{"type":"Feature","geometry":{"type":"LineString","coordinates":[[80.2037896227327,13.027888106854949],[80.20397405690832,13.027888673318312],[80.2042512856494,13.027708686365239]]},"properties":{"id":"L00385","strahler":4,"length_m":58.3,"drop_m":0.28,"gradient":0.00483,"area_ha":1248.46,"on_drain_share":0.0,"downstream":"L00389"}},{"type":"Feature","geometry":{"type":"LineString","coordinates":[[80.17234462586167,13.027518354254353],[80.17215959267315,13.027698600264495],[80.1712407375204,13.026701061416658]]},"properties":{"id":"L00403","strahler":2,"length_m":179.7,"drop_m":2.23,"gradient":0.01238,"area_ha":20.77,"on_drain_share":0.0,"downstream":"L00501"}},{"type":"Feature","geometry":{"type":"LineString","coordinates":[[80.19577112146968,13.026507068456159],[80.19595497083525,13.026688476616089],[80.19595322050635,13.027230984754013],[80.19650652053751,13.027232700392032],[80.19705778130718,13.027867341153623]]},"properties":{"id":"L00383","strahler":3,"length_m":243.1,"drop_m":3.05,"gradient":0.01254,"area_ha":140.41,"on_drain_share":0.0,"downstream":"L00369"}},{"type":"Feature","geometry":{"type":"LineString","coordinates":[[80.19945803628283,13.027060994321364],[80.1990877166136,13.027511945360432],[80.19871884926991,13.027510805381743],[80.19853499720297,13.027329399041223],[80.19816583925096,13.027418676361068],[80.19770621081103,13.026965159374242],[80.19761399420544,13.026964873949083],[80.19733676195797,13.027144853583051],[80.19715145474973,13.027415536571644],[80.19705778130718,13.027867341153623]]},"properties":{"id":"L00384","strahler":1,"length_m":390.4,"drop_m":2.65,"gradient":0.00679,"area_ha":12.7,"on_drain_share":0.0,"downstream":"L00369"}},{"type":"Feature","geometry":{"type":"LineString","coordinates":[[80.26751240126373,13.027985592291973],[80.26751346437581,13.027623914129533],[80.26779171348414,13.027082178454934],[80.26806810244028,13.027173379304442],[80.26825200786608,13.02735473912487],[80.26843697529335,13.02717442057661],[80.26843936407741,13.026360644477206],[80.26899426283919,13.025819687805264],[80.26917869829828,13.025820207794974],[80.2692711811282,13.025730048150248],[80.26927250658511,13.025277950188809],[80.26954995414182,13.025007470994169],[80.26955127901705,13.024555372979355]]},"properties":{"id":"L00466","strahler":1,"length_m":554.6,"drop_m":8.55,"gradient":0.01541,"area_ha":11.57,"on_drain_share":0.0,"downstream":null}},{"type":"Feature","geometry":{"type":"LineString","coordinates":[[80.20342537867111,13.026440282539165],[80.20342364463775,13.026982791681538],[80.20370029487475,13.026983641659976],[80.20369971704687,13.027164478047885],[80.2039755010471,13.027436582338723],[80.20397492339812,13.027617418732468],[80.20406685159455,13.027708120106803],[80.2042512856494,13.027708686365239]]},"properties":{"id":"L00387","strahler":1,"length_m":206.6,"drop_m":11.63,"gradient":0.05628,"area_ha":6.17,"on_drain_share":0.0,"downstream":"L00389"}},{"type":"Feature","geometry":{"type":"LineString","coordinates":[[80.2042512856494,13.027708686365239],[80.20471237082474,13.027710101437348],[80.2050818158547,13.027530396463442]]},"properties":{"id":"L00389","strahler":4,"length_m":98.3,"drop_m":0.44,"gradient":0.00447,"area_ha":1257.06,"on_drain_share":0.0,"downstream":"L00393"}},{"type":"Feature","geometry":{"type":"LineString","coordinates":[[80.17252935855274,13.027428525584066],[80.17234462586167,13.027518354254353]]},"properties":{"id":"L00388","strahler":1,"length_m":24.1,"drop_m":-0.67,"gradient":0.0,"area_ha":5.6,"on_drain_share":0.0,"downstream":"L00403"}},{"type":"Feature","geometry":{"type":"LineString","coordinates":[[80.20498959887347,13.027530113649874],[80.2050818158547,13.027530396463442]]},"properties":{"id":"L00390","strahler":1,"length_m":10.0,"drop_m":0.0,"gradient":0.0,"area_ha":4.27,"on_drain_share":0.0,"downstream":"L00393"}},{"type":"Feature","geometry":{"type":"LineString","coordinates":[[80.2050818158547,13.027530396463442],[80.20554318904821,13.027441391807598]]},"properties":{"id":"L00393","strahler":4,"length_m":54.1,"drop_m":-1.41,"gradient":0.0,"area_ha":1261.66,"on_drain_share":0.0,"downstream":"L00396"}},{"type":"Feature","geometry":{"type":"LineString","coordinates":[[80.21900802168545,13.027120632279502],[80.21956274034505,13.026670205987818],[80.2198393913139,13.026671038723652],[80.21993132529063,13.02676173478764],[80.22030019342132,13.026762844519705],[80.22112760350349,13.027579106661198],[80.22195755980464,13.027581599144124]]},"properties":{"id":"L00392","strahler":3,"length_m":382.1,"drop_m":0.29,"gradient":0.00077,"area_ha":52.52,"on_drain_share":0.0,"downstream":"L00412"}},{"type":"Feature","geometry":{"type":"LineString","coordinates":[[80.22195755980464,13.027581599144124],[80.22232642932723,13.027582706061528],[80.22251142829862,13.027402422120955],[80.22287973367496,13.02758436545366],[80.22288001564088,13.027493946844798],[80.22334251145007,13.027043235656247],[80.2237113802975,13.027044340558115],[80.22389496996558,13.027316148711899],[80.22417162193727,13.027316976864963],[80.2248191120339,13.026685977494147],[80.22528019759943,13.026687355876076]]},"properties":{"id":"L00412","strahler":3,"length_m":454.6,"drop_m":5.5,"gradient":0.01211,"area_ha":63.94,"on_drain_share":0.0,"downstream":"L00411"}},{"type":"Feature","geometry":{"type":"LineString","coordinates":[[80.20554318904821,13.027441391807598],[80.20572762297203,13.027441957004292],[80.20582012808943,13.027351821315023],[80.20665008057283,13.027354362763207],[80.20674258534181,13.027264226723023],[80.2071114530436,13.027265355263504],[80.20720395762056,13.02717521904655],[80.20748060832585,13.027176065003063],[80.20757253771964,13.027266765201148],[80.2081261267141,13.027178037753671]]},"properties":{"id":"L00396","strahler":4,"length_m":300.7,"drop_m":0.71,"gradient":0.00235,"area_ha":1279.13,"on_drain_share":0.0,"downstream":"L00418"}},{"type":"Feature","geometry":{"type":"LineString","coordinates":[[80.21015403974914,13.027455482366783],[80.2093269549365,13.026548768935848],[80.2093275286532,13.026367932291896]]},"properties":{"id":"L00419","strahler":1,"length_m":157.3,"drop_m":8.73,"gradient":0.05548,"area_ha":6.36,"on_drain_share":0.0,"downstream":"L00447"}},{"type":"Feature","geometry":{"type":"LineString","coordinates":[[80.22149957997682,13.02658561035461],[80.22140708050028,13.026675751984572],[80.22140623304797,13.026947007731083],[80.22195755980464,13.027581599144124]]},"properties":{"id":"L00394","strahler":1,"length_m":139.0,"drop_m":0.2,"gradient":0.00144,"area_ha":5.11,"on_drain_share":0.0,"downstream":"L00412"}},{"type":"Feature","geometry":{"type":"LineString","coordinates":[[80.27489120302852,13.027554236658885],[80.27479924766705,13.027463558988783],[80.27480003703982,13.027192299915466],[80.27535361012444,13.02710342755715],[80.2755385724945,13.026923103656507],[80.27572300903928,13.026923619033532],[80.27609267008474,13.02665339023156],[80.27609319536288,13.026472550786764],[80.27590928454077,13.02629119625067],[80.27590980993686,13.02611035680819],[80.27729675034576,13.02484834016437],[80.27794227316537,13.024850138750747],[80.27803422881888,13.024940815333382],[80.27812670827447,13.024850652337424]]},"properties":{"id":"L00457","strahler":1,"length_m":583.6,"drop_m":5.41,"gradient":0.00927,"area_ha":17.84,"on_drain_share":0.0,"downstream":"L00463"}},{"type":"Feature","geometry":{"type":"LineString","coordinates":[[80.2081261267141,13.027178037753671],[80.20868115089426,13.026637217575681],[80.20905001784163,13.026638343304567],[80.2093275286532,13.026367932291896]]},"properties":{"id":"L00418","strahler":4,"length_m":167.3,"drop_m":0.0,"gradient":0.0,"area_ha":1504.14,"on_drain_share":0.0,"downstream":"L00447"}},{"type":"Feature","geometry":{"type":"LineString","coordinates":[[80.21781544203172,13.025127810455649],[80.21781487452942,13.02530864748683],[80.21753708977526,13.02566948670705],[80.21772038772407,13.026031717332767],[80.21771982011205,13.026212554347245],[80.2186388696431,13.027209939198778],[80.21900802168545,13.027120632279502]]},"properties":{"id":"L00400","strahler":2,"length_m":336.3,"drop_m":0.47,"gradient":0.00139,"area_ha":32.63,"on_drain_share":0.0,"downstream":"L00392"}},{"type":"Feature","geometry":{"type":"LineString","coordinates":[[80.24003330914104,13.027273545041325],[80.24012580249948,13.02718339640508]]},"properties":{"id":"L00398","strahler":1,"length_m":14.1,"drop_m":0.0,"gradient":0.0,"area_ha":4.04,"on_drain_share":0.0,"downstream":"L00423"}},{"type":"Feature","geometry":{"type":"LineString","coordinates":[[80.24012580249948,13.02718339640508],[80.2404957752642,13.026822801486956],[80.24049660193172,13.026551544517345],[80.24077380503589,13.026371516912045]]},"properties":{"id":"L00423","strahler":2,"length_m":124.9,"drop_m":1.01,"gradient":0.0081,"area_ha":15.27,"on_drain_share":0.0,"downstream":null}},{"type":"Feature","geometry":{"type":"LineString","coordinates":[[80.21559769649534,13.026567819213716],[80.21550576425398,13.026477121704872],[80.21513689697017,13.026476005175063],[80.2149527481581,13.02638502826838],[80.21476745994661,13.026655725000566],[80.21439773738527,13.026925862696494],[80.21439745235473,13.027016281125642],[80.21402858437133,13.027015162973463],[80.21375250393362,13.026833487184112]]},"properties":{"id":"L00405","strahler":1,"length_m":257.3,"drop_m":2.83,"gradient":0.011,"area_ha":7.23,"on_drain_share":0.0,"downstream":"L00422"}},{"type":"Feature","geometry":{"type":"LineString","coordinates":[[80.25017807991485,13.027031828469045],[80.25110297490059,13.02613030215444]]},"properties":{"id":"L00431","strahler":2,"length_m":141.4,"drop_m":-4.79,"gradient":0.0,"area_ha":26.44,"on_drain_share":0.0,"downstream":"L00532"}},{"type":"Feature","geometry":{"type":"LineString","coordinates":[[80.1712407375204,13.026701061416658],[80.17041350326906,13.025884649689093],[80.17041380422963,13.025794232236427],[80.17143118115372,13.024893301460008],[80.17170782686773,13.024894185440093],[80.1719838718612,13.025075904114422],[80.17281350971591,13.025168970949396],[80.17336860116964,13.024628230539301],[80.17419823833804,13.024721292887369],[80.176141034322,13.022828684242603],[80.17632576223161,13.022738852544688]]},"properties":{"id":"L00501","strahler":2,"length_m":951.2,"drop_m":7.0,"gradient":0.00736,"area_ha":48.88,"on_drain_share":0.0,"downstream":"L00467"}},{"type":"Feature","geometry":{"type":"LineString","coordinates":[[80.21375250393362,13.026833487184112],[80.21310898397549,13.026198599664886]]},"properties":{"id":"L00422","strahler":2,"length_m":99.0,"drop_m":-0.8,"gradient":0.0,"area_ha":17.98,"on_drain_share":0.0,"downstream":"L00428"}},{"type":"Feature","geometry":{"type":"LineString","coordinates":[[80.22528019759943,13.026687355876076],[80.22546463184048,13.026687906999268],[80.22564850420129,13.026869295338626],[80.22749312877721,13.026784379409419]]},"properties":{"id":"L00411","strahler":3,"length_m":252.4,"drop_m":-2.2,"gradient":0.0,"area_ha":96.39,"on_drain_share":0.0,"downstream":"L00498"}},{"type":"Feature","geometry":{"type":"LineString","coordinates":[[80.24944251620387,13.026306340043798],[80.25017807991485,13.027031828469045]]},"properties":{"id":"L00408","strahler":1,"length_m":113.1,"drop_m":0.1,"gradient":0.00086,"area_ha":4.75,"on_drain_share":0.0,"downstream":"L00431"}},{"type":"Feature","geometry":{"type":"LineString","coordinates":[[80.2513771828727,13.026944874164709],[80.25100967049997,13.026491712589362],[80.25110297490059,13.02613030215444]]},"properties":{"id":"L00432","strahler":1,"length_m":110.7,"drop_m":0.12,"gradient":0.00106,"area_ha":5.51,"on_drain_share":0.0,"downstream":"L00532"}},{"type":"Feature","geometry":{"type":"LineString","coordinates":[[80.26548652636329,13.026985236696055],[80.2656720282395,13.026624081186434],[80.26567282749332,13.026352822649335],[80.26622773191478,13.025811872217512],[80.26622879670738,13.025450194098939],[80.26613684540138,13.025359513549144]]},"properties":{"id":"L00445","strahler":1,"length_m":217.3,"drop_m":0.51,"gradient":0.00235,"area_ha":10.66,"on_drain_share":0.0,"downstream":"L00452"}},{"type":"Feature","geometry":{"type":"LineString","coordinates":[[80.18811657932599,13.026664045951794],[80.18839411152844,13.026393658674245],[80.18913184106235,13.026395967295247],[80.18931568523064,13.026577379878063],[80.1895929220932,13.02639740911753],[80.18968749009655,13.025674354269869],[80.18867635234758,13.02467658512415],[80.18913890082389,13.024225938129947],[80.18932333162427,13.024226514857888],[80.18960085972013,13.02395612600142],[80.18978499645158,13.02404712029465]]},"properties":{"id":"L00478","strahler":3,"length_m":586.0,"drop_m":8.16,"gradient":0.01393,"area_ha":153.07,"on_drain_share":0.0,"downstream":"L00460"}},{"type":"Feature","geometry":{"type":"LineString","coordinates":[[80.22749312877721,13.026784379409419],[80.22943528153651,13.024981767953701],[80.22998969834659,13.024621736729024],[80.23026718538149,13.024351301845721],[80.23036023928069,13.024080319224666],[80.23063688808446,13.024081140277797],[80.23119102236215,13.02381152506307],[80.23174571281051,13.023361070937229],[80.23193014487235,13.023361617323681],[80.23230012282895,13.023001034339842]]},"properties":{"id":"L00498","strahler":4,"length_m":705.7,"drop_m":2.63,"gradient":0.00373,"area_ha":365.64,"on_drain_share":0.0,"downstream":"L00489"}},{"type":"Feature","geometry":{"type":"LineString","coordinates":[[80.2242708750729,13.025056786647195],[80.22445446403705,13.025328594397868],[80.22445277592743,13.025871106335181],[80.22528019759943,13.026687355876076]]},"properties":{"id":"L00414","strahler":2,"length_m":225.6,"drop_m":1.52,"gradient":0.00674,"area_ha":23.91,"on_drain_share":0.0,"downstream":"L00411"}},{"type":"Feature","geometry":{"type":"LineString","coordinates":[[80.23302811256423,13.026167877094814],[80.23330559830931,13.025897438903193],[80.23358224932163,13.02589825692586],[80.23385806650428,13.026170331215654],[80.23385751059475,13.02635116892067],[80.23404138917638,13.026532551638219],[80.23431776314659,13.026623787774916]]},"properties":{"id":"L00415","strahler":2,"length_m":197.3,"drop_m":3.34,"gradient":0.01692,"area_ha":15.76,"on_drain_share":0.0,"downstream":"L00490"}},{"type":"Feature","geometry":{"type":"LineString","coordinates":[[80.23431776314659,13.026623787774916],[80.23468774296155,13.026263201550437],[80.23468829826481,13.026082363808962],[80.2345963588485,13.025991672687434],[80.23468913120402,13.025811107191984],[80.23469079702583,13.025268593940883],[80.23441497982402,13.024996520523345],[80.23441747926171,13.024182750639419],[80.23395750881006,13.023819713284482],[80.23395806453524,13.02363887553998],[80.23386612624964,13.02354818420738]]},"properties":{"id":"L00490","strahler":3,"length_m":408.0,"drop_m":2.1,"gradient":0.00514,"area_ha":134.43,"on_drain_share":0.0,"downstream":"L00520"}},{"type":"Feature","geometry":{"type":"LineString","coordinates":[[80.26050755754788,13.026699820554619],[80.25968028260948,13.025793257736503],[80.25931194994675,13.02561136533828],[80.25857609318908,13.024976320920333],[80.25848387599136,13.024976057187379],[80.25774829250622,13.024250591236946]]},"properties":{"id":"L00472","strahler":1,"length_m":417.7,"drop_m":-1.06,"gradient":0.0,"area_ha":14.85,"on_drain_share":0.0,"downstream":"L00494"}},{"type":"Feature","geometry":{"type":"LineString","coordinates":[[80.27175815351237,13.026731670248287],[80.27185063581611,13.026641509658065],[80.2723119903051,13.026552384740475],[80.27231436631925,13.025738607896942],[80.2725915474067,13.02555854496806],[80.2720403538601,13.024833634716598],[80.27204193826235,13.02429111678771],[80.27194998513197,13.024200438202353],[80.2721349475621,13.024020116706504]]},"properties":{"id":"L00483","strahler":1,"length_m":403.8,"drop_m":8.2,"gradient":0.02029,"area_ha":15.7,"on_drain_share":0.0,"downstream":null}},{"type":"Feature","geometry":{"type":"LineString","coordinates":[[80.19558873154345,13.025873570074845],[80.19568065590278,13.025964274221035],[80.19567919688723,13.026416364332205],[80.19577112146968,13.026507068456159]]},"properties":{"id":"L00416","strahler":3,"length_m":78.3,"drop_m":0.37,"gradient":0.00471,"area_ha":121.55,"on_drain_share":0.0,"downstream":"L00383"}},{"type":"Feature","geometry":{"type":"LineString","coordinates":[[80.19808904042948,13.022626232647768],[80.19744149779218,13.02325716217807],[80.19799275288231,13.023891800770313],[80.19762272679885,13.02425233186597],[80.19762156256729,13.024614004176785],[80.1978054120463,13.024795411047581],[80.19780366600804,13.025337919511676],[80.1977114500023,13.025337634156179],[80.19734142126293,13.025698164661971],[80.19706535545814,13.025516471866332],[80.19669649125112,13.025515329181818],[80.19614115361705,13.026146540416544],[80.19577228856153,13.026145396362828],[80.19577112146968,13.026507068456159]]},"properties":{"id":"L00417","strahler":1,"length_m":698.4,"drop_m":1.81,"gradient":0.00259,"area_ha":14.57,"on_drain_share":0.0,"downstream":"L00383"}},{"type":"Feature","geometry":{"type":"LineString","coordinates":[[80.23809895028563,13.02654450877932],[80.23846781967798,13.02654559264363],[80.23865280682591,13.026365296473742],[80.23929860388601,13.02627677252005],[80.2395760833409,13.026006327248073]]},"properties":{"id":"L00434","strahler":1,"length_m":184.9,"drop_m":5.14,"gradient":0.02778,"area_ha":5.87,"on_drain_share":0.0,"downstream":null}},{"type":"Feature","geometry":{"type":"LineString","coordinates":[[80.26373678719139,13.026166490857733],[80.26373652007706,13.026256910332583],[80.26419654119519,13.026619897385366],[80.26521093848281,13.026622774650548],[80.26613578048301,13.025721191662761],[80.26613684540138,13.025359513549144]]},"properties":{"id":"L00444","strahler":1,"length_m":368.0,"drop_m":1.21,"gradient":0.00329,"area_ha":8.11,"on_drain_share":0.0,"downstream":"L00452"}},{"type":"Feature","geometry":{"type":"LineString","coordinates":[[80.18461443317331,13.026020122953641],[80.18415335341247,13.026018672318315],[80.18406084145187,13.02610879985514],[80.18387640950075,13.026108219301697],[80.183691385254,13.026288474123032],[80.18304616944604,13.026196022926587]]},"properties":{"id":"L00421","strahler":1,"length_m":186.6,"drop_m":0.76,"gradient":0.00406,"area_ha":7.03,"on_drain_share":0.0,"downstream":"L00440"}},{"type":"Feature","geometry":{"type":"LineString","coordinates":[[80.2093275286532,13.026367932291896],[80.21053006854642,13.025196147340472],[80.21062314385789,13.02492517305351]]},"properties":{"id":"L00447","strahler":4,"length_m":218.0,"drop_m":-0.23,"gradient":0.0,"area_ha":1517.25,"on_drain_share":0.0,"downstream":"L00469"}},{"type":"Feature","geometry":{"type":"LineString","coordinates":[[80.18304616944604,13.026196022926587],[80.18276952149616,13.026195150958761],[80.18249405989681,13.02583260778723],[80.1821260866826,13.025560191181164]]},"properties":{"id":"L00440","strahler":2,"length_m":134.9,"drop_m":-0.83,"gradient":0.0,"area_ha":41.38,"on_drain_share":0.0,"downstream":"L00465"}},{"type":"Feature","geometry":{"type":"LineString","coordinates":[[80.1813868760213,13.026009951289495],[80.18147879495025,13.026100660169817],[80.18175544270576,13.026101533508742],[80.1818479554466,13.026011406843926],[80.18184854907557,13.025830571417606],[80.1821260866826,13.025560191181164]]},"properties":{"id":"L00439","strahler":1,"length_m":120.7,"drop_m":0.02,"gradient":0.0002,"area_ha":8.19,"on_drain_share":0.0,"downstream":"L00465"}},{"type":"Feature","geometry":{"type":"LineString","coordinates":[[80.21310898397549,13.026198599664886],[80.21283290513568,13.026016922974588]]},"properties":{"id":"L00428","strahler":2,"length_m":38.3,"drop_m":1.34,"gradient":0.03509,"area_ha":23.41,"on_drain_share":0.0,"downstream":"L00470"}},{"type":"Feature","geometry":{"type":"LineString","coordinates":[[80.23238231446179,13.026256385319087],[80.23293561718208,13.026258023083999],[80.23302811256423,13.026167877094814]]},"properties":{"id":"L00424","strahler":1,"length_m":74.1,"drop_m":-0.22,"gradient":0.0,"area_ha":5.38,"on_drain_share":0.0,"downstream":"L00415"}},{"type":"Feature","geometry":{"type":"LineString","coordinates":[[80.24298729637611,13.026287570262141],[80.2430795137309,13.026287839533364]]},"properties":{"id":"L00426","strahler":1,"length_m":10.0,"drop_m":0.0,"gradient":0.0,"area_ha":3179.35,"on_drain_share":0.0,"downstream":null}},{"type":"Feature","geometry":{"type":"LineString","coordinates":[[80.21366399566838,13.025657768033348],[80.21338620474816,13.026018602431693],[80.21310898397549,13.026198599664886]]},"properties":{"id":"L00429","strahler":1,"length_m":90.7,"drop_m":0.28,"gradient":0.00311,"area_ha":5.2,"on_drain_share":0.0,"downstream":"L00428"}},{"type":"Feature","geometry":{"type":"LineString","coordinates":[[80.21283290513568,13.026016922974588],[80.2127418309639,13.025654969346473],[80.21246603869002,13.025382873909486],[80.21209717329579,13.025381753147107],[80.2112692291423,13.024746300894169],[80.2110856555009,13.02447448463418],[80.21108651401714,13.024203229508505]]},"properties":{"id":"L00470","strahler":2,"length_m":313.8,"drop_m":8.8,"gradient":0.02804,"area_ha":38.81,"on_drain_share":0.0,"downstream":"L00485"}},{"type":"Feature","geometry":{"type":"LineString","coordinates":[[80.25110297490059,13.02613030215444],[80.25128822471873,13.025859577223583],[80.25073709504511,13.025134624977284],[80.25110705010674,13.024774013851486],[80.25119981033345,13.024593441749083],[80.25120089682697,13.024231764831432],[80.25046506590625,13.023596698660956],[80.2504656096471,13.023415860220036],[80.25037366509831,13.02332517441429],[80.2506511297419,13.02305471638939],[80.25138886037506,13.023056847313118],[80.2515738359675,13.022876541221732],[80.25175935405595,13.022515396474219],[80.25175989681125,13.022334557964527],[80.25240730734829,13.021703484878898]]},"properties":{"id":"L00532","strahler":2,"length_m":725.0,"drop_m":3.94,"gradient":0.00544,"area_ha":49.42,"on_drain_share":0.0,"downstream":"L00552"}},{"type":"Feature","geometry":{"type":"LineString","coordinates":[[80.25552941573623,13.026143051461744],[80.25543746829352,13.026052367316538],[80.25543827864936,13.025781109396664]]},"properties":{"id":"L00441","strahler":1,"length_m":44.1,"drop_m":1.72,"gradient":0.03892,"area_ha":7.28,"on_drain_share":0.0,"downstream":"L00492"}},{"type":"Feature","geometry":{"type":"LineString","coordinates":[[80.1948527549149,13.025328771870598],[80.19503631073336,13.025600598620768],[80.19540429923839,13.025872997732362],[80.19558873154345,13.025873570074845]]},"properties":{"id":"L00433","strahler":1,"length_m":110.7,"drop_m":-0.01,"gradient":0.0,"area_ha":5.71,"on_drain_share":0.0,"downstream":"L00416"}},{"type":"Feature","geometry":{"type":"LineString","coordinates":[[80.1955064374347,13.022799070860511],[80.19596605441117,13.023252591210968],[80.19596226301924,13.024428025794995],[80.19586975569752,13.024518157842591],[80.19596051302057,13.024970534028302],[80.19568299021314,13.025240930010103],[80.19568123949357,13.02578343817212],[80.19558873154345,13.025873570074845]]},"properties":{"id":"L00435","strahler":3,"length_m":385.6,"drop_m":1.49,"gradient":0.00387,"area_ha":115.59,"on_drain_share":0.0,"downstream":"L00416"}},{"type":"Feature","geometry":{"type":"LineString","coordinates":[[80.24059543119463,13.024381758670653],[80.23976355145841,13.025012259364322],[80.24095961659548,13.025919961982932]]},"properties":{"id":"L00437","strahler":1,"length_m":290.4,"drop_m":4.07,"gradient":0.01402,"area_ha":3148.67,"on_drain_share":0.0,"downstream":null}},{"type":"Feature","geometry":{"type":"LineString","coordinates":[[80.24299086656485,13.025112122623497],[80.24298949345679,13.025564217881834],[80.24326504660229,13.02592670176916]]},"properties":{"id":"L00438","strahler":1,"length_m":102.4,"drop_m":2.66,"gradient":0.02593,"area_ha":4.67,"on_drain_share":0.0,"downstream":null}},{"type":"Feature","geometry":{"type":"LineString","coordinates":[[80.24363418992358,13.025837359171431],[80.24372668149006,13.025747209139475]]},"properties":{"id":"L00442","strahler":1,"length_m":14.1,"drop_m":0.0,"gradient":0.0,"area_ha":3209.69,"on_drain_share":0.0,"downstream":null}},{"type":"Feature","geometry":{"type":"LineString","coordinates":[[80.1821260866826,13.025560191181164],[80.18212697678811,13.025288938012395],[80.18249702556619,13.02492843047132],[80.18286618402496,13.024839175562748],[80.18323623109087,13.024478666851131],[80.18379011541353,13.024299573734591]]},"properties":{"id":"L00465","strahler":2,"length_m":255.6,"drop_m":4.33,"gradient":0.01696,"area_ha":52.58,"on_drain_share":0.0,"downstream":"L00511"}},{"type":"Feature","geometry":{"type":"LineString","coordinates":[[80.25479275668513,13.025779254652655],[80.25543827864936,13.025781109396664]]},"properties":{"id":"L00443","strahler":1,"length_m":70.0,"drop_m":1.35,"gradient":0.01924,"area_ha":4.37,"on_drain_share":0.0,"downstream":"L00492"}},{"type":"Feature","geometry":{"type":"LineString","coordinates":[[80.25543827864936,13.025781109396664],[80.25571574098679,13.025510645852323],[80.25571628100091,13.02532980722069],[80.2554407096068,13.024967335602753],[80.25534984310603,13.024514974189925],[80.25544233015336,13.024424819711571],[80.25544287031923,13.024243981076099],[80.2561822241241,13.023703582544545],[80.25609054711255,13.023522479313314]]},"properties":{"id":"L00492","strahler":2,"length_m":332.1,"drop_m":-0.36,"gradient":0.0,"area_ha":16.28,"on_drain_share":0.0,"downstream":"L00500"}},{"type":"Feature","geometry":{"type":"LineString","coordinates":[[80.17650242501725,13.025090296066674],[80.17659493914371,13.025000171360437],[80.17677936993758,13.025000757044914],[80.1768721825294,13.024820214623924],[80.17761199350451,13.024189632367422]]},"properties":{"id":"L00464","strahler":1,"length_m":167.3,"drop_m":1.45,"gradient":0.00868,"area_ha":6.32,"on_drain_share":0.0,"downstream":"L00514"}},{"type":"Feature","geometry":{"type":"LineString","coordinates":[[80.26613684540138,13.025359513549144],[80.26604489416225,13.025268832969669],[80.2663223450203,13.024998357414717]]},"properties":{"id":"L00452","strahler":2,"length_m":56.6,"drop_m":-0.63,"gradient":0.0,"area_ha":20.34,"on_drain_share":0.0,"downstream":"L00476"}},{"type":"Feature","geometry":{"type":"LineString","coordinates":[[80.20960905314163,13.024831664251668],[80.20988570140709,13.024832507492581],[80.2101614901271,13.025104605490236],[80.21043813873248,13.02510544815904],[80.21062314385789,13.02492517305351]]},"properties":{"id":"L00446","strahler":1,"length_m":130.7,"drop_m":6.07,"gradient":0.04641,"area_ha":5.89,"on_drain_share":0.0,"downstream":"L00469"}},{"type":"Feature","geometry":{"type":"LineString","coordinates":[[80.23588989277548,13.025181711098531],[80.23616682025352,13.025092107410302],[80.23644457850504,13.024731246663512],[80.236447625188,13.023736638527271],[80.23617180755944,13.023464566934734],[80.23617236166271,13.02328372909141],[80.23608042264966,13.023193038504148],[80.236081808028,13.022740943891298],[80.2358059918603,13.022468871972105],[80.23589876190597,13.022288305873921]]},"properties":{"id":"L00517","strahler":1,"length_m":389.7,"drop_m":5.54,"gradient":0.0142,"area_ha":10.46,"on_drain_share":0.0,"downstream":"L00528"}},{"type":"Feature","geometry":{"type":"LineString","coordinates":[[80.21763157690916,13.02494641693033],[80.21781544203172,13.025127810455649]]},"properties":{"id":"L00448","strahler":2,"length_m":28.3,"drop_m":-0.53,"gradient":0.0,"area_ha":12.9,"on_drain_share":0.0,"downstream":"L00400"}},{"type":"Feature","geometry":{"type":"LineString","coordinates":[[80.21957661212399,13.022239696602137],[80.21911383609944,13.022780819916969],[80.21911128698615,13.023594586937376],[80.21864879073493,13.024045290624498],[80.21837214275921,13.024044456783168],[80.21818714360273,13.024224737787401],[80.21790936066476,13.024585577535474],[80.21781544203172,13.025127810455649]]},"properties":{"id":"L00449","strahler":1,"length_m":416.3,"drop_m":1.32,"gradient":0.00316,"area_ha":15.62,"on_drain_share":0.0,"downstream":"L00400"}},{"type":"Feature","geometry":{"type":"LineString","coordinates":[[80.21062314385789,13.02492517305351],[80.21099315330606,13.02456462239296],[80.21099401192913,13.024293367275233],[80.21108651401714,13.024203229508505]]},"properties":{"id":"L00469","strahler":4,"length_m":100.7,"drop_m":0.57,"gradient":0.00565,"area_ha":1525.08,"on_drain_share":0.0,"downstream":"L00485"}},{"type":"Feature","geometry":{"type":"LineString","coordinates":[[80.22316540452101,13.024691798717727],[80.22362592294931,13.02487401712151],[80.22390313525895,13.024694008109131],[80.2242708750729,13.025056786647195]]},"properties":{"id":"L00450","strahler":1,"length_m":153.1,"drop_m":2.48,"gradient":0.01618,"area_ha":5.02,"on_drain_share":0.0,"downstream":"L00414"}},{"type":"Feature","geometry":{"type":"LineString","coordinates":[[80.2232669179473,13.021708259645617],[80.22326607285285,13.021979515616097],[80.22354102921601,13.0225228560665],[80.22354046598419,13.022703693381246],[80.22390820247325,13.023066472293797],[80.22390623197171,13.02369940291311],[80.22381373444775,13.023789545531134],[80.22381317135705,13.023970382839984],[80.22390510592409,13.024061077538741],[80.22390397984248,13.024422752154205],[80.22427143788016,13.024875949333785],[80.2242708750729,13.025056786647195]]},"properties":{"id":"L00451","strahler":1,"length_m":423.8,"drop_m":1.97,"gradient":0.00465,"area_ha":16.2,"on_drain_share":0.0,"downstream":"L00414"}},{"type":"Feature","geometry":{"type":"LineString","coordinates":[[80.21698805108713,13.02431153866461],[80.21763157690916,13.02494641693033]]},"properties":{"id":"L00453","strahler":1,"length_m":99.0,"drop_m":1.53,"gradient":0.01544,"area_ha":5.76,"on_drain_share":0.0,"downstream":"L00448"}},{"type":"Feature","geometry":{"type":"LineString","coordinates":[[80.2171761745538,13.023136654930116],[80.21726753846413,13.023408188868107],[80.21754333422498,13.023680279411987],[80.21744913139841,13.02431293072544],[80.21763271213844,13.024584742871234],[80.21763157690916,13.02494641693033]]},"properties":{"id":"L00454","strahler":1,"length_m":229.0,"drop_m":0.85,"gradient":0.00371,"area_ha":6.97,"on_drain_share":0.0,"downstream":"L00448"}},{"type":"Feature","geometry":{"type":"LineString","coordinates":[[80.26530955316488,13.024452967746548],[80.26549398746009,13.024453490303676],[80.26576983989115,13.02472553247615],[80.2663223450203,13.024998357414717]]},"properties":{"id":"L00455","strahler":1,"length_m":134.9,"drop_m":-0.28,"gradient":0.0,"area_ha":6.55,"on_drain_share":0.0,"downstream":"L00476"}},{"type":"Feature","geometry":{"type":"LineString","coordinates":[[80.2663223450203,13.024998357414717],[80.2666920125514,13.024728142366673],[80.26706088167172,13.02472918540467],[80.2676155137693,13.024278651149615],[80.26779994803113,13.02427917205964]]},"properties":{"id":"L00476","strahler":2,"length_m":193.1,"drop_m":8.25,"gradient":0.04272,"area_ha":27.87,"on_drain_share":0.0,"downstream":null}},{"type":"Feature","geometry":{"type":"LineString","coordinates":[[80.23948772867575,13.024740191048078],[80.23957966953641,13.02483088051637]]},"properties":{"id":"L00456","strahler":1,"length_m":14.1,"drop_m":0.0,"gradient":0.0,"area_ha":3141.67,"on_drain_share":0.0,"downstream":null}},{"type":"Feature","geometry":{"type":"LineString","coordinates":[[80.27812670827447,13.024850652337424],[80.27821918766317,13.02476048930435],[80.2789569279269,13.024762542062216],[80.27914162450733,13.024672635127477]]},"properties":{"id":"L00463","strahler":2,"length_m":118.3,"drop_m":5.36,"gradient":0.04532,"area_ha":26.58,"on_drain_share":0.0,"downstream":null}},{"type":"Feature","geometry":{"type":"LineString","coordinates":[[80.18379011541353,13.024299573734591],[80.18397454602243,13.024300154270284],[80.18415838475953,13.024481570227051],[80.18471167706795,13.024483310678677],[80.1848041881679,13.02439318284881],[80.18508083425863,13.024394052527342],[80.18517275405303,13.024484760153303],[80.18637509599483,13.02340351100028],[80.18692838621666,13.023405246580623],[80.1871134059955,13.023224989144545],[80.18720680019152,13.022863606806407],[80.18757624893414,13.022683927032045],[80.1888675504277,13.022597550789552]]},"properties":{"id":"L00511","strahler":3,"length_m":671.1,"drop_m":6.71,"gradient":0.00999,"area_ha":91.76,"on_drain_share":0.0,"downstream":"L00479"}},{"type":"Feature","geometry":{"type":"LineString","coordinates":[[80.2772970125114,13.02475792040559],[80.278034752617,13.02475997578695],[80.27812670827447,13.024850652337424]]},"properties":{"id":"L00459","strahler":1,"length_m":94.1,"drop_m":-0.94,"gradient":0.0,"area_ha":8.15,"on_drain_share":0.0,"downstream":"L00463"}},{"type":"Feature","geometry":{"type":"LineString","coordinates":[[80.18978499645158,13.02404712029465],[80.19024460456286,13.024500650270395]]},"properties":{"id":"L00460","strahler":4,"length_m":70.7,"drop_m":0.51,"gradient":0.00717,"area_ha":818.99,"on_drain_share":0.0,"downstream":"L00378"}},{"type":"Feature","geometry":{"type":"LineString","coordinates":[[80.19033975699811,13.023596759086661],[80.19006164250142,13.024047984636388],[80.1900610549145,13.024228820458077],[80.19024460456286,13.024500650270395]]},"properties":{"id":"L00461","strahler":2,"length_m":120.7,"drop_m":6.18,"gradient":0.05119,"area_ha":11.57,"on_drain_share":0.0,"downstream":"L00378"}},{"type":"Feature","geometry":{"type":"LineString","coordinates":[[80.23921190649509,13.024468122465935],[80.23930384715509,13.024558812022862]]},"properties":{"id":"L00462","strahler":1,"length_m":14.1,"drop_m":0.0,"gradient":0.0,"area_ha":3141.25,"on_drain_share":0.0,"downstream":null}},{"type":"Feature","geometry":{"type":"LineString","coordinates":[[80.17632576223161,13.022738852544688],[80.17706109084874,13.023464535853778],[80.17705989685945,13.023826206334299],[80.17742756327203,13.024189047310983],[80.17761199350451,13.024189632367422]]},"properties":{"id":"L00467","strahler":2,"length_m":229.7,"drop_m":-7.48,"gradient":0.0,"area_ha":66.79,"on_drain_share":0.0,"downstream":"L00514"}},{"type":"Feature","geometry":{"type":"LineString","coordinates":[[80.17761199350451,13.024189632367422],[80.17844192966209,13.024192263498332],[80.17881198171894,13.023831761407486],[80.17918084179283,13.023832929388318],[80.17964280962221,13.023563135590988],[80.18047512210894,13.022842418490692],[80.18047601381849,13.022571165377542],[80.18020055938565,13.022208620104776]]},"properties":{"id":"L00514","strahler":2,"length_m":454.6,"drop_m":0.99,"gradient":0.00217,"area_ha":80.74,"on_drain_share":0.0,"downstream":null}},{"type":"Feature","geometry":{"type":"LineString","coordinates":[[80.1828747792566,13.022217060726431],[80.18379396415942,13.023124142691394],[80.18379277997015,13.023485813793057],[80.18323800871275,13.023936160311836],[80.18379011541353,13.024299573734591]]},"properties":{"id":"L00468","strahler":2,"length_m":338.7,"drop_m":3.15,"gradient":0.00929,"area_ha":23.39,"on_drain_share":0.0,"downstream":"L00511"}},{"type":"Feature","geometry":{"type":"LineString","coordinates":[[80.19199757922622,13.024234862674124],[80.19181344145652,13.024143869898207],[80.19162901060335,13.024143294945036],[80.19153650192057,13.024233425362842],[80.19107542467026,13.024231987231817],[80.19098350268699,13.024141281576053],[80.1909846765055,13.023779609844922],[80.19089275471401,13.023688904165581],[80.19052389377391,13.023687752857821],[80.19033975699811,13.023596759086661]]},"properties":{"id":"L00484","strahler":1,"length_m":240.7,"drop_m":2.42,"gradient":0.01007,"area_ha":6.37,"on_drain_share":0.0,"downstream":"L00461"}},{"type":"Feature","geometry":{"type":"LineString","coordinates":[[80.20370896124635,13.024271095536228],[80.2036173232571,13.024089975879345],[80.2032487495766,13.0239984244332],[80.20288104360232,13.023635617881512],[80.20288191098865,13.023364363279235],[80.2033444327379,13.022913689255633],[80.20325308443643,13.022642151280676],[80.20306923225323,13.022460748105503],[80.20316231431613,13.022189776848531]]},"properties":{"id":"L00516","strahler":1,"length_m":322.1,"drop_m":1.82,"gradient":0.00565,"area_ha":7.47,"on_drain_share":0.0,"downstream":"L00537"}},{"type":"Feature","geometry":{"type":"LineString","coordinates":[[80.21108651401714,13.024203229508505],[80.21108708635052,13.024022392754876],[80.2113651641108,13.023571142442009]]},"properties":{"id":"L00485","strahler":4,"length_m":82.4,"drop_m":-0.19,"gradient":0.0,"area_ha":1564.98,"on_drain_share":0.0,"downstream":"L00547"}},{"type":"Feature","geometry":{"type":"LineString","coordinates":[[80.24023703623928,13.020944755541802],[80.2399598390403,13.021124782958916],[80.2399568070002,13.022119392110719],[80.24004874712905,13.022210081386904],[80.24004819588468,13.02239091940886],[80.24023207646846,13.022572297877828],[80.24032319026072,13.022934244107907],[80.23967657482008,13.023294028125887],[80.23939909865665,13.023564473733979],[80.2389360849164,13.024196053617912],[80.23902802537575,13.024286743263458]]},"properties":{"id":"L00471","strahler":1,"length_m":488.7,"drop_m":8.73,"gradient":0.01787,"area_ha":3140.78,"on_drain_share":0.0,"downstream":null}},{"type":"Feature","geometry":{"type":"LineString","coordinates":[[80.26826076828752,13.024370893340846],[80.2684452026443,13.024371413795516]]},"properties":{"id":"L00473","strahler":1,"length_m":20.0,"drop_m":-0.23,"gradient":0.0,"area_ha":28.86,"on_drain_share":0.0,"downstream":"L00474"}},{"type":"Feature","geometry":{"type":"LineString","coordinates":[[80.2684452026443,13.024371413795516],[80.26881407138188,13.024372454311353]]},"properties":{"id":"L00474","strahler":2,"length_m":40.0,"drop_m":0.69,"gradient":0.01717,"area_ha":89.17,"on_drain_share":0.0,"downstream":null}},{"type":"Feature","geometry":{"type":"LineString","coordinates":[[80.25774829250622,13.024250591236946],[80.25765634487158,13.02415990785977],[80.25728747737811,13.0241588514877],[80.25664357717082,13.02361448550049],[80.25609054711255,13.023522479313314]]},"properties":{"id":"L00494","strahler":2,"length_m":213.1,"drop_m":0.05,"gradient":0.00025,"area_ha":41.47,"on_drain_share":0.0,"downstream":"L00500"}},{"type":"Feature","geometry":{"type":"LineString","coordinates":[[80.25858012736174,13.023620030182105],[80.25793272633611,13.024251119164438],[80.25774829250622,13.024250591236946]]},"properties":{"id":"L00475","strahler":2,"length_m":119.0,"drop_m":-1.19,"gradient":0.0,"area_ha":22.91,"on_drain_share":0.0,"downstream":"L00494"}},{"type":"Feature","geometry":{"type":"LineString","coordinates":[[80.26826129915203,13.024190054180199],[80.2684452026443,13.024371413795516]]},"properties":{"id":"L00477","strahler":1,"length_m":28.3,"drop_m":-0.23,"gradient":0.0,"area_ha":58.99,"on_drain_share":0.0,"downstream":"L00474"}},{"type":"Feature","geometry":{"type":"LineString","coordinates":[[80.1888675504277,13.022597550789552],[80.18905139175938,13.022778963436211],[80.18905080349892,13.022959799230186],[80.18960262341757,13.023413618579326],[80.18978499645158,13.02404712029465]]},"properties":{"id":"L00479","strahler":4,"length_m":207.3,"drop_m":0.5,"gradient":0.0024,"area_ha":665.08,"on_drain_share":0.0,"downstream":"L00460"}},{"type":"Feature","geometry":{"type":"LineString","coordinates":[[80.26789322741314,13.023917754168997],[80.26807713043318,13.024099114024295]]},"properties":{"id":"L00480","strahler":1,"length_m":28.3,"drop_m":-0.97,"gradient":0.0,"area_ha":58.84,"on_drain_share":0.0,"downstream":null}},{"type":"Feature","geometry":{"type":"LineString","coordinates":[[80.27001474854296,13.023742895042732],[80.27047477498299,13.024105871263501]]},"properties":{"id":"L00481","strahler":1,"length_m":66.6,"drop_m":3.93,"gradient":0.05909,"area_ha":4.58,"on_drain_share":0.0,"downstream":null}},{"type":"Feature","geometry":{"type":"LineString","coordinates":[[80.23230012282895,13.023001034339842],[80.23266898647647,13.023002126163314],[80.23285202705114,13.023454766139617],[80.23321977890578,13.023817532644276],[80.23368058211416,13.02390931465576],[80.23386612624964,13.02354818420738]]},"properties":{"id":"L00489","strahler":4,"length_m":257.3,"drop_m":1.7,"gradient":0.00662,"area_ha":382.2,"on_drain_share":0.0,"downstream":"L00520"}},{"type":"Feature","geometry":{"type":"LineString","coordinates":[[80.21136487805632,13.02366156082836],[80.2113651641108,13.023571142442009]]},"properties":{"id":"L00486","strahler":1,"length_m":10.0,"drop_m":0.0,"gradient":0.0,"area_ha":5.75,"on_drain_share":0.0,"downstream":"L00547"}},{"type":"Feature","geometry":{"type":"LineString","coordinates":[[80.26587190931046,13.021380270623938],[80.26605580901065,13.021561631770313],[80.26605447811244,13.022013729534676],[80.26633032863569,13.022285771050274],[80.26632926425809,13.022647449265204],[80.26752462511536,13.023826292810632],[80.26770905903874,13.023826813767542]]},"properties":{"id":"L00487","strahler":1,"length_m":364.6,"drop_m":-1.11,"gradient":0.0,"area_ha":57.26,"on_drain_share":0.0,"downstream":null}},{"type":"Feature","geometry":{"type":"LineString","coordinates":[[80.19098673060257,13.023146684290968],[80.19061787045615,13.02314553316394],[80.19043285312117,13.023325793254648],[80.19043226583723,13.023506629103048],[80.19033975699811,13.023596759086661]]},"properties":{"id":"L00488","strahler":1,"length_m":102.4,"drop_m":1.45,"gradient":0.01416,"area_ha":4.83,"on_drain_share":0.0,"downstream":"L00461"}},{"type":"Feature","geometry":{"type":"LineString","coordinates":[[80.2113651641108,13.023571142442009],[80.21136602226129,13.02329988727914],[80.21145852383259,13.023209749344058],[80.21146252777962,13.021943891804638],[80.21155502878568,13.021853753795027],[80.21155703035139,13.021220824960068],[80.21164953104145,13.021130686894475],[80.21165038871615,13.020859431662014],[80.21183567549821,13.020588736985228]]},"properties":{"id":"L00547","strahler":4,"length_m":350.7,"drop_m":0.24,"gradient":0.00068,"area_ha":1580.23,"on_drain_share":0.0,"downstream":"L00551"}},{"type":"Feature","geometry":{"type":"LineString","coordinates":[[80.24383151564652,13.021588200419895],[80.2438312414108,13.021678619514987],[80.24401567274869,13.021679157237404],[80.2444756551022,13.02204217739776],[80.2448442445009,13.022133670937478],[80.24521201294593,13.02249642132424],[80.24520927530445,13.023400612472368],[80.2455773197224,13.023672943320584]]},"properties":{"id":"L00491","strahler":1,"length_m":349.7,"drop_m":7.12,"gradient":0.02035,"area_ha":11.4,"on_drain_share":0.0,"downstream":null}},{"type":"Feature","geometry":{"type":"LineString","coordinates":[[80.23386612624964,13.02354818420738],[80.23432831787765,13.023187870646005],[80.23460496594929,13.023188687410524],[80.23478995310144,13.023008393967686],[80.23497438503429,13.02300893817446],[80.23525186507285,13.02273849752178],[80.23525269717759,13.022467240799138],[80.23534519028343,13.022377093832494],[80.23589876190597,13.022288305873921]]},"properties":{"id":"L00520","strahler":4,"length_m":295.6,"drop_m":2.4,"gradient":0.00812,"area_ha":524.76,"on_drain_share":0.0,"downstream":"L00528"}},{"type":"Feature","geometry":{"type":"LineString","coordinates":[[80.25867234405985,13.02362029385387],[80.25858012736174,13.023620030182105]]},"properties":{"id":"L00493","strahler":1,"length_m":10.0,"drop_m":0.0,"gradient":0.0,"area_ha":4.12,"on_drain_share":0.0,"downstream":"L00475"}},{"type":"Feature","geometry":{"type":"LineString","coordinates":[[80.26134662918678,13.023627926071404],[80.26051828777547,13.023083043829805],[80.25987277205196,13.023081202108791],[80.25950498028476,13.022718471330208],[80.2591350399181,13.02307909531745]]},"properties":{"id":"L00506","strahler":1,"length_m":298.0,"drop_m":2.0,"gradient":0.00671,"area_ha":9.55,"on_drain_share":0.0,"downstream":"L00495"}},{"type":"Feature","geometry":{"type":"LineString","coordinates":[[80.24585451614615,13.023492909865704],[80.2459470060363,13.023402758933816]]},"properties":{"id":"L00497","strahler":1,"length_m":14.1,"drop_m":0.0,"gradient":0.0,"area_ha":3233.05,"on_drain_share":0.0,"downstream":null}},{"type":"Feature","geometry":{"type":"LineString","coordinates":[[80.25609054711255,13.023522479313314],[80.25572276053462,13.023159743442932],[80.25535389468358,13.023158684400006],[80.2552619483482,13.023068000234801]]},"properties":{"id":"L00500","strahler":3,"length_m":110.7,"drop_m":1.58,"gradient":0.01428,"area_ha":58.65,"on_drain_share":0.0,"downstream":"L00533"}},{"type":"Feature","geometry":{"type":"LineString","coordinates":[[80.2591350399181,13.02307909531745],[80.25858012736174,13.023620030182105]]},"properties":{"id":"L00495","strahler":2,"length_m":84.9,"drop_m":-0.69,"gradient":0.0,"area_ha":17.65,"on_drain_share":0.0,"downstream":"L00475"}},{"type":"Feature","geometry":{"type":"LineString","coordinates":[[80.27287453086797,13.023389248917557],[80.27324418932758,13.02311902399111]]},"properties":{"id":"L00503","strahler":1,"length_m":52.4,"drop_m":0.0,"gradient":0.0,"area_ha":131.86,"on_drain_share":0.0,"downstream":null}},{"type":"Feature","geometry":{"type":"LineString","coordinates":[[80.2013151187201,13.023088284695016],[80.2018695682136,13.02272831562687],[80.2026072893511,13.022730585274706],[80.20316231431613,13.022189776848531]]},"properties":{"id":"L00515","strahler":1,"length_m":241.4,"drop_m":2.21,"gradient":0.00914,"area_ha":7.37,"on_drain_share":0.0,"downstream":"L00537"}},{"type":"Feature","geometry":{"type":"LineString","coordinates":[[80.24613198561592,13.023222456958223],[80.24622447530543,13.023132305914517]]},"properties":{"id":"L00499","strahler":1,"length_m":14.1,"drop_m":0.0,"gradient":0.0,"area_ha":3233.65,"on_drain_share":0.0,"downstream":null}},{"type":"Feature","geometry":{"type":"LineString","coordinates":[[80.2552619483482,13.023068000234801],[80.25452421702784,13.023065880328003],[80.25443227104319,13.022975195886087],[80.25397118921168,13.022973869724288],[80.25387924347132,13.022883185098333],[80.25369481082397,13.022882654342332],[80.25351064893634,13.022791704166933],[80.25240730734829,13.021703484878898]]},"properties":{"id":"L00533","strahler":3,"length_m":372.1,"drop_m":-0.63,"gradient":0.0,"area_ha":73.61,"on_drain_share":0.0,"downstream":"L00552"}},{"type":"Feature","geometry":{"type":"LineString","coordinates":[[80.25627929629142,13.02207629886087],[80.25609432454,13.022256608536578],[80.25581767612738,13.022255814754025],[80.25554021771607,13.022526278676256],[80.2557235703938,13.022888485444998],[80.255538597627,13.023068794658837],[80.2552619483482,13.023068000234801]]},"properties":{"id":"L00502","strahler":1,"length_m":207.3,"drop_m":3.95,"gradient":0.01907,"area_ha":7.28,"on_drain_share":0.0,"downstream":"L00533"}},{"type":"Feature","geometry":{"type":"LineString","coordinates":[[80.20703333149908,13.02283457739433],[80.20703448191256,13.022472904201788],[80.20758978461798,13.02184166738538],[80.2081430742615,13.021843357500169],[80.20869808583606,13.021302536381754],[80.20915915966059,13.021303942865078],[80.20952916541424,13.020943394007597],[80.2095303120347,13.020581720543378],[80.20962281316358,13.020491583224759],[80.2098072421284,13.020492145224468],[80.21008560424113,13.019950477686344],[80.21063889002292,13.019952162236118],[80.2108227462946,13.020133560289212],[80.2111913177711,13.020225100827162],[80.2115590318113,13.02058789609397],[80.21165124637145,13.020588176423836],[80.2120215333473,13.020137205298914]]},"properties":{"id":"L00550","strahler":1,"length_m":798.4,"drop_m":8.65,"gradient":0.01084,"area_ha":19.1,"on_drain_share":0.0,"downstream":"L00583"}},{"type":"Feature","geometry":{"type":"LineString","coordinates":[[80.22851955220148,13.02289939414076],[80.22852095125809,13.022447300321964],[80.22833735963026,13.022175495261473],[80.22833931864456,13.021542563902717],[80.22751190248019,13.020726324200949],[80.22751386336407,13.020093392895232],[80.22742192878825,13.020002699457022],[80.22742248908439,13.019821861938063]]},"properties":{"id":"L00562","strahler":1,"length_m":389.7,"drop_m":1.98,"gradient":0.00507,"area_ha":15.51,"on_drain_share":0.0,"downstream":"L00569"}},{"type":"Feature","geometry":{"type":"LineString","coordinates":[[80.23018446224796,13.02127678891758],[80.23082801621668,13.021911636025756],[80.23110466264443,13.021912456445671],[80.23230012282895,13.023001034339842]]},"properties":{"id":"L00504","strahler":1,"length_m":308.7,"drop_m":0.18,"gradient":0.00057,"area_ha":12.0,"on_drain_share":0.0,"downstream":"L00489"}},{"type":"Feature","geometry":{"type":"LineString","coordinates":[[80.24640945448377,13.022952003715288],[80.24650194397263,13.022861852559767]]},"properties":{"id":"L00510","strahler":1,"length_m":14.1,"drop_m":0.0,"gradient":0.0,"area_ha":3234.25,"on_drain_share":0.0,"downstream":null}},{"type":"Feature","geometry":{"type":"LineString","coordinates":[[80.25849275167187,13.021992217437196],[80.25849167594956,13.022353895019494],[80.2591353086339,13.022988675914661],[80.2591350399181,13.02307909531745]]},"properties":{"id":"L00505","strahler":1,"length_m":149.0,"drop_m":1.97,"gradient":0.01323,"area_ha":7.68,"on_drain_share":0.0,"downstream":"L00495"}},{"type":"Feature","geometry":{"type":"LineString","coordinates":[[80.17596108808529,13.021471834119067],[80.1759604903919,13.021652669338131],[80.1757751653554,13.021923336030309],[80.17577426857747,13.022194588835783],[80.17632576223161,13.022738852544688]]},"properties":{"id":"L00507","strahler":1,"length_m":173.1,"drop_m":0.29,"gradient":0.00167,"area_ha":9.88,"on_drain_share":0.0,"downstream":"L00467"}},{"type":"Feature","geometry":{"type":"LineString","coordinates":[[80.1934782926685,13.022611932700556],[80.19449265670337,13.022615085721453],[80.19458516374515,13.022524954139996],[80.19458574797106,13.022344118092072],[80.19467796279845,13.022344404494666],[80.19486180843455,13.022525813261765],[80.19523066805131,13.022526958298462],[80.1955064374347,13.022799070860511]]},"properties":{"id":"L00508","strahler":1,"length_m":264.9,"drop_m":1.43,"gradient":0.00538,"area_ha":6.83,"on_drain_share":0.0,"downstream":"L00435"}},{"type":"Feature","geometry":{"type":"LineString","coordinates":[[80.19560098641259,13.022076012572992],[80.19560040293548,13.022256848669938],[80.19541538968603,13.022437112577958],[80.1955064374347,13.022799070860511]]},"properties":{"id":"L00509","strahler":3,"length_m":92.4,"drop_m":0.4,"gradient":0.0043,"area_ha":103.62,"on_drain_share":0.0,"downstream":"L00435"}},{"type":"Feature","geometry":{"type":"LineString","coordinates":[[80.18850104581026,13.021873053583755],[80.18850045719299,13.022053889365596],[80.18877621830104,13.022326008634396],[80.18877562986218,13.022506844422306],[80.1888675504277,13.022597550789552]]},"properties":{"id":"L00512","strahler":4,"length_m":96.6,"drop_m":0.19,"gradient":0.00198,"area_ha":569.17,"on_drain_share":0.0,"downstream":"L00479"}},{"type":"Feature","geometry":{"type":"LineString","coordinates":[[80.2466869227497,13.022681550136914],[80.24677941203794,13.022591398869585]]},"properties":{"id":"L00513","strahler":1,"length_m":14.1,"drop_m":0.0,"gradient":0.0,"area_ha":3239.19,"on_drain_share":0.0,"downstream":null}},{"type":"Feature","geometry":{"type":"LineString","coordinates":[[80.27389076053782,13.022759153617853],[80.27481555773952,13.02185753697935]]},"properties":{"id":"L00530","strahler":1,"length_m":141.4,"drop_m":-0.04,"gradient":0.0,"area_ha":138.64,"on_drain_share":0.0,"downstream":"L00536"}},{"type":"Feature","geometry":{"type":"LineString","coordinates":[[80.17356202430649,13.021916292222231],[80.17356142485194,13.022097127325381],[80.17328388261205,13.02236749813995],[80.1730997538317,13.022276492546984],[80.17273089662714,13.022275316053673],[80.17263898239895,13.02218460431951],[80.17227012537344,13.02218342717897],[80.17199438351847,13.021911291433275],[80.17190367098065,13.021458909395244],[80.17125817320905,13.02145684733762],[80.17098243328022,13.021184710615378],[80.17079800558008,13.021184120977031]]},"properties":{"id":"L00539","strahler":1,"length_m":409.7,"drop_m":-0.64,"gradient":0.0,"area_ha":11.35,"on_drain_share":0.0,"downstream":"L00524"}},{"type":"Feature","geometry":{"type":"LineString","coordinates":[[80.24696439041375,13.022411096223122],[80.24705687950136,13.022320944843992]]},"properties":{"id":"L00521","strahler":1,"length_m":14.1,"drop_m":0.0,"gradient":0.0,"area_ha":3239.98,"on_drain_share":0.0,"downstream":null}},{"type":"Feature","geometry":{"type":"LineString","coordinates":[[80.17909607022257,13.021572195617994],[80.17927990330598,13.021753614741435],[80.17974097461492,13.02175507357491],[80.17992480832261,13.021936492274554],[80.18010923700461,13.021937075455705],[80.1804792832474,13.021576570580372],[80.18140142554446,13.021579483124157],[80.18149334294468,13.021670191933248],[80.18167777150234,13.02167077398723],[80.18195352431823,13.021942900054892],[80.18259902508974,13.021944935566575],[80.1828747792566,13.022217060726431]]},"properties":{"id":"L00518","strahler":1,"length_m":472.1,"drop_m":2.17,"gradient":0.00459,"area_ha":13.73,"on_drain_share":0.0,"downstream":"L00468"}},{"type":"Feature","geometry":{"type":"LineString","coordinates":[[80.18361516011029,13.021405624286064],[80.1828747792566,13.022217060726431]]},"properties":{"id":"L00519","strahler":1,"length_m":123.1,"drop_m":0.07,"gradient":0.00059,"area_ha":5.56,"on_drain_share":0.0,"downstream":"L00468"}},{"type":"Feature","geometry":{"type":"LineString","coordinates":[[80.20316231431613,13.022189776848531],[80.20408735057487,13.021288426472534]]},"properties":{"id":"L00537","strahler":2,"length_m":141.4,"drop_m":-0.4,"gradient":0.0,"area_ha":18.1,"on_drain_share":0.0,"downstream":"L00638"}},{"type":"Feature","geometry":{"type":"LineString","coordinates":[[80.23589876190597,13.022288305873921],[80.23654593333,13.02174769352654]]},"properties":{"id":"L00528","strahler":4,"length_m":94.9,"drop_m":-0.11,"gradient":0.0,"area_ha":536.4,"on_drain_share":0.0,"downstream":"L00535"}},{"type":"Feature","geometry":{"type":"LineString","coordinates":[[80.17079800558008,13.021184120977031],[80.1705204616062,13.021454488733422],[80.17070398723271,13.021726331047915],[80.17061147239623,13.02181645361961],[80.17015010107728,13.021905396022433],[80.16996627493647,13.021723970819357]]},"properties":{"id":"L00524","strahler":2,"length_m":177.3,"drop_m":-0.05,"gradient":0.0,"area_ha":47.76,"on_drain_share":0.0,"downstream":null}},{"type":"Feature","geometry":{"type":"LineString","coordinates":[[80.19588171336204,13.020811017745965],[80.19588054692355,13.021172689997558],[80.19560273679105,13.021533504266886],[80.19560098641259,13.022076012572992]]},"properties":{"id":"L00522","strahler":3,"length_m":152.4,"drop_m":-0.38,"gradient":0.0,"area_ha":91.17,"on_drain_share":0.0,"downstream":"L00509"}},{"type":"Feature","geometry":{"type":"LineString","coordinates":[[80.19846603959225,13.02009566580586],[80.19846487696839,13.020457338307345],[80.1982798670808,13.02063760448243],[80.19763407621451,13.020726026302478],[80.19726405461986,13.021086557216572],[80.19698770257314,13.020995282663254],[80.19680269125847,13.021175547691591],[80.19643383349809,13.021174405007361],[80.19560098641259,13.022076012572992]]},"properties":{"id":"L00523","strahler":1,"length_m":438.7,"drop_m":0.46,"gradient":0.00105,"area_ha":11.22,"on_drain_share":0.0,"downstream":"L00509"}},{"type":"Feature","geometry":{"type":"LineString","coordinates":[[80.24724185747591,13.022140641973929],[80.2473346193363,13.021960071317263]]},"properties":{"id":"L00527","strahler":1,"length_m":24.1,"drop_m":-0.26,"gradient":0.0,"area_ha":3240.49,"on_drain_share":0.0,"downstream":null}},{"type":"Feature","geometry":{"type":"LineString","coordinates":[[80.18785848956685,13.020966853971338],[80.18822587428696,13.02142009828432],[80.18822499109014,13.021691351947016],[80.18850104581026,13.021873053583755]]},"properties":{"id":"L00525","strahler":4,"length_m":134.9,"drop_m":-0.23,"gradient":0.0,"area_ha":563.25,"on_drain_share":0.0,"downstream":"L00512"}},{"type":"Feature","geometry":{"type":"LineString","coordinates":[[80.1892399381236,13.021513689476487],[80.1889632949424,13.02151282442334],[80.18877827776714,13.021693083356688],[80.18850134011556,13.021782635691881],[80.18850104581026,13.021873053583755]]},"properties":{"id":"L00526","strahler":1,"length_m":102.4,"drop_m":6.11,"gradient":0.05965,"area_ha":5.04,"on_drain_share":0.0,"downstream":"L00512"}},{"type":"Feature","geometry":{"type":"LineString","coordinates":[[80.23728365768459,13.021749864364775],[80.23737559665794,13.021840554530131]]},"properties":{"id":"L00529","strahler":1,"length_m":14.1,"drop_m":0.0,"gradient":0.0,"area_ha":541.75,"on_drain_share":0.0,"downstream":null}},{"type":"Feature","geometry":{"type":"LineString","coordinates":[[80.23608596384929,13.021384659957493],[80.23608540976697,13.02156549782359],[80.2361773482158,13.021656188387183],[80.23654593333,13.02174769352654]]},"properties":{"id":"L00531","strahler":1,"length_m":78.3,"drop_m":0.56,"gradient":0.00718,"area_ha":4.34,"on_drain_share":0.0,"downstream":"L00535"}},{"type":"Feature","geometry":{"type":"LineString","coordinates":[[80.23654593333,13.02174769352654],[80.23691562572073,13.021477522359017],[80.23709977993852,13.021568483945488]]},"properties":{"id":"L00535","strahler":4,"length_m":76.6,"drop_m":2.31,"gradient":0.03017,"area_ha":541.39,"on_drain_share":0.0,"downstream":null}},{"type":"Feature","geometry":{"type":"LineString","coordinates":[[80.2713153005692,13.020491418910927],[80.27168522023153,13.020130776331774],[80.27205408296247,13.02013181190719],[80.27214656258514,13.020041651031002],[80.2739908760889,13.020046820347781],[80.27398982301175,13.020408499244793],[80.27408203884156,13.020408757373843],[80.27454153954865,13.020952565920537],[80.27453969790788,13.021585504017043],[80.27472334135885,13.021857279082933],[80.27481555773952,13.02185753697935]]},"properties":{"id":"L00534","strahler":1,"length_m":559.7,"drop_m":1.23,"gradient":0.00219,"area_ha":14.93,"on_drain_share":0.0,"downstream":"L00536"}},{"type":"Feature","geometry":{"type":"LineString","coordinates":[[80.27481555773952,13.02185753697935],[80.27490830005958,13.021676955379002]]},"properties":{"id":"L00536","strahler":2,"length_m":24.1,"drop_m":-0.32,"gradient":0.0,"area_ha":154.29,"on_drain_share":0.0,"downstream":null}},{"type":"Feature","geometry":{"type":"LineString","coordinates":[[80.25240730734829,13.021703484878898],[80.25185564016543,13.021159373636268],[80.25185645410284,13.020888115836478],[80.25130478989216,13.020344003551276],[80.25121257456098,13.02034373732513]]},"properties":{"id":"L00552","strahler":3,"length_m":209.7,"drop_m":-0.05,"gradient":0.0,"area_ha":125.73,"on_drain_share":0.0,"downstream":"L00560"}},{"type":"Feature","geometry":{"type":"LineString","coordinates":[[80.20123738677582,13.018567091494576],[80.2007766086792,13.018475253031927],[80.20068468495313,13.018384550693439],[80.19994407616024,13.019286458004023],[80.20067946806034,13.02001207797019],[80.20058580452957,13.020463884615138],[80.20141312661737,13.021280205172918],[80.20168977038988,13.021281056930698],[80.20187477846427,13.021100788216172],[80.20252028023911,13.021102774016152],[80.20261278395728,13.021012639358915],[80.2037193583023,13.021016039432519],[80.20408735057487,13.021288426472534]]},"properties":{"id":"L00540","strahler":1,"length_m":810.8,"drop_m":0.39,"gradient":0.00048,"area_ha":23.37,"on_drain_share":0.0,"downstream":"L00638"}},{"type":"Feature","geometry":{"type":"LineString","coordinates":[[80.20408735057487,13.021288426472534],[80.20436486014854,13.021018020628803],[80.20538037305519,13.02065945759439],[80.20574923086183,13.020660587510509],[80.20611751291905,13.020842553484586],[80.20648723433456,13.020572427468986],[80.20649183812093,13.019125734578008],[80.20639991196852,13.019035034135776],[80.20640077521031,13.018763779204777],[80.2064932766901,13.018673643016218],[80.20649385210257,13.018492806387052],[80.20677135592726,13.018222397580628],[80.20677193111744,13.01804156093296],[80.2070494341269,13.017771151773434],[80.20695837077214,13.017409196540504],[80.20723558544142,13.017229205456967],[80.20705202141426,13.016957386755646],[80.20705259634313,13.016776550078033],[80.20760759820814,13.016235730572163],[80.20769981107081,13.016236012214506]]},"properties":{"id":"L00638","strahler":2,"length_m":888.4,"drop_m":2.16,"gradient":0.00243,"area_ha":60.65,"on_drain_share":0.0,"downstream":"L00616"}},{"type":"Feature","geometry":{"type":"LineString","coordinates":[[80.21303218192043,13.021315724968535],[80.21211003341789,13.021312924951038],[80.21183453222095,13.02095041065096],[80.21183567549821,13.020588736985228]]},"properties":{"id":"L00548","strahler":1,"length_m":192.4,"drop_m":8.58,"gradient":0.04458,"area_ha":6.47,"on_drain_share":0.0,"downstream":"L00551"}},{"type":"Feature","geometry":{"type":"LineString","coordinates":[[80.17329647375445,13.01856996078561],[80.17098363583409,13.02082304061777],[80.1709830345617,13.021003875617847],[80.17079800558008,13.021184120977031]]},"properties":{"id":"L00541","strahler":2,"length_m":401.8,"drop_m":-0.19,"gradient":0.0,"area_ha":30.35,"on_drain_share":0.0,"downstream":"L00524"}},{"type":"Feature","geometry":{"type":"LineString","coordinates":[[80.18583627355868,13.0189713002685],[80.18611232349161,13.019153004205533],[80.18620483201933,13.01906287569252],[80.18638866884875,13.019244290008006],[80.18647999740007,13.019515832848038],[80.18785848956685,13.020966853971338]]},"properties":{"id":"L00542","strahler":4,"length_m":337.0,"drop_m":1.16,"gradient":0.00346,"area_ha":540.99,"on_drain_share":0.0,"downstream":"L00525"}},{"type":"Feature","geometry":{"type":"LineString","coordinates":[[80.18887843395397,13.01925208824845],[80.18823087869112,13.01988299408763],[80.18822940687421,13.02033508357632],[80.18795188165247,13.020605471189114],[80.18785848956685,13.020966853971338]]},"properties":{"id":"L00543","strahler":2,"length_m":235.6,"drop_m":8.32,"gradient":0.03531,"area_ha":18.98,"on_drain_share":0.0,"downstream":"L00525"}},{"type":"Feature","geometry":{"type":"LineString","coordinates":[[80.26273816997941,13.020828859004574],[80.26283011840229,13.020919540635928],[80.26329093019822,13.021011270345168],[80.26338341316098,13.02092111278595],[80.26356784476334,13.020921636573691],[80.26439938761175,13.020381474833517]]},"properties":{"id":"L00549","strahler":1,"length_m":217.3,"drop_m":4.75,"gradient":0.02188,"area_ha":10.39,"on_drain_share":0.0,"downstream":"L00546"}},{"type":"Feature","geometry":{"type":"LineString","coordinates":[[80.19495986252298,13.020717738811966],[80.19532959487474,13.020447629392827],[80.19551402316279,13.020448201554405],[80.19588171336204,13.020811017745965]]},"properties":{"id":"L00544","strahler":1,"length_m":129.0,"drop_m":0.88,"gradient":0.00679,"area_ha":6.25,"on_drain_share":0.0,"downstream":"L00522"}},{"type":"Feature","geometry":{"type":"LineString","coordinates":[[80.19588987744535,13.018279311700049],[80.19552014901012,13.018549422185771],[80.19533572212605,13.018548850110461],[80.1951507116112,13.018729114030043],[80.19542618522345,13.019091644571823],[80.19542560175798,13.019272480702508],[80.19551752376591,13.019363184806652],[80.19597830098115,13.019455032589832],[80.19588171336204,13.020811017745965]]},"properties":{"id":"L00545","strahler":3,"length_m":395.6,"drop_m":2.7,"gradient":0.00681,"area_ha":82.79,"on_drain_share":0.0,"downstream":"L00522"}},{"type":"Feature","geometry":{"type":"LineString","coordinates":[[80.26439938761175,13.020381474833517],[80.26504463048893,13.020473724455515],[80.26541216123022,13.020926867238783]]},"properties":{"id":"L00546","strahler":2,"length_m":140.7,"drop_m":0.63,"gradient":0.00446,"area_ha":24.53,"on_drain_share":0.0,"downstream":null}},{"type":"Feature","geometry":{"type":"LineString","coordinates":[[80.21183567549821,13.020588736985228],[80.21202096186828,13.020318042147448],[80.2120215333473,13.020137205298914]]},"properties":{"id":"L00551","strahler":4,"length_m":58.3,"drop_m":0.0,"gradient":0.0,"area_ha":1587.03,"on_drain_share":0.0,"downstream":"L00583"}},{"type":"Feature","geometry":{"type":"LineString","coordinates":[[80.22576009934929,13.020630680700501],[80.22566844605804,13.02044956795111],[80.22603814733017,13.020179412815022],[80.22649950148273,13.020090369615843],[80.22659199664075,13.020000225882555],[80.22723749940732,13.020002150003268],[80.22742248908439,13.019821861938063]]},"properties":{"id":"L00561","strahler":1,"length_m":243.1,"drop_m":1.5,"gradient":0.00619,"area_ha":7.06,"on_drain_share":0.0,"downstream":"L00569"}},{"type":"Feature","geometry":{"type":"LineString","coordinates":[[80.25277915160231,13.020709935868084],[80.25250277618564,13.020618719359407],[80.25213499916089,13.020255978834042],[80.25213527035461,13.020165559556004],[80.25149139194181,13.019621181775182],[80.2513064188415,13.019801487980486],[80.25130506138885,13.020253584291066],[80.25121257456098,13.02034373732513]]},"properties":{"id":"L00558","strahler":1,"length_m":288.0,"drop_m":2.85,"gradient":0.0099,"area_ha":9.64,"on_drain_share":0.0,"downstream":"L00560"}},{"type":"Feature","geometry":{"type":"LineString","coordinates":[[80.27564918290521,13.02059398006336],[80.27592661842488,13.020323493308403]]},"properties":{"id":"L00555","strahler":1,"length_m":42.4,"drop_m":-1.19,"gradient":0.0,"area_ha":155.21,"on_drain_share":0.0,"downstream":"L00563"}},{"type":"Feature","geometry":{"type":"LineString","coordinates":[[80.27601830918746,13.020504590274584],[80.27592661842488,13.020323493308403]]},"properties":{"id":"L00556","strahler":1,"length_m":24.1,"drop_m":-0.79,"gradient":0.0,"area_ha":7.11,"on_drain_share":0.0,"downstream":"L00563"}},{"type":"Feature","geometry":{"type":"LineString","coordinates":[[80.25121257456098,13.02034373732513],[80.25047485198527,13.020341606335815],[80.25019902174066,13.020069548960254]]},"properties":{"id":"L00560","strahler":3,"length_m":122.4,"drop_m":2.79,"gradient":0.02277,"area_ha":135.95,"on_drain_share":0.0,"downstream":"L00573"}},{"type":"Feature","geometry":{"type":"LineString","coordinates":[[80.26320272212725,13.019654715795056],[80.26375387831597,13.020379643146972],[80.26439938761175,13.020381474833517]]},"properties":{"id":"L00553","strahler":2,"length_m":174.9,"drop_m":3.89,"gradient":0.02224,"area_ha":10.41,"on_drain_share":0.0,"downstream":"L00546"}},{"type":"Feature","geometry":{"type":"LineString","coordinates":[[80.26615148476887,13.02038643845702],[80.26596758581483,13.020205077404686],[80.26578262214915,13.020385394467107]]},"properties":{"id":"L00554","strahler":1,"length_m":56.6,"drop_m":0.0,"gradient":0.0,"area_ha":5.49,"on_drain_share":0.0,"downstream":null}},{"type":"Feature","geometry":{"type":"LineString","coordinates":[[80.2120215333473,13.020137205298914],[80.21313153021397,13.019055543572222],[80.21368566973688,13.018785966102266],[80.21405566537551,13.018425410129026]]},"properties":{"id":"L00583","strahler":4,"length_m":298.7,"drop_m":0.0,"gradient":0.0,"area_ha":1613.62,"on_drain_share":0.0,"downstream":"L00595"}},{"type":"Feature","geometry":{"type":"LineString","coordinates":[[80.24522104569665,13.01951259008489],[80.24494330585924,13.01987346139701],[80.24420448947814,13.020232989107535]]},"properties":{"id":"L00557","strahler":1,"length_m":149.0,"drop_m":-0.29,"gradient":0.0,"area_ha":6.26,"on_drain_share":0.0,"downstream":null}},{"type":"Feature","geometry":{"type":"LineString","coordinates":[[80.27592661842488,13.020323493308403],[80.27592740612351,13.020052234018078]]},"properties":{"id":"L00563","strahler":2,"length_m":30.0,"drop_m":0.6,"gradient":0.01986,"area_ha":163.8,"on_drain_share":0.0,"downstream":null}},{"type":"Feature","geometry":{"type":"LineString","coordinates":[[80.25019874984692,13.020159968198781],[80.25019902174066,13.020069548960254]]},"properties":{"id":"L00559","strahler":1,"length_m":10.0,"drop_m":0.0,"gradient":0.0,"area_ha":4.01,"on_drain_share":0.0,"downstream":"L00573"}},{"type":"Feature","geometry":{"type":"LineString","coordinates":[[80.21884597155912,13.019977011150226],[80.2186621092217,13.019795618457382],[80.21866437572756,13.019072269863631],[80.2184805141582,13.018890877074842],[80.21829608599232,13.018890321309735]]},"properties":{"id":"L00576","strahler":1,"length_m":156.6,"drop_m":3.29,"gradient":0.02101,"area_ha":5.54,"on_drain_share":0.0,"downstream":null}},{"type":"Feature","geometry":{"type":"LineString","coordinates":[[80.25019902174066,13.020069548960254],[80.25010680653439,13.020069282346473],[80.25001513524525,13.019888177228612],[80.24973876190022,13.019796957872876],[80.24955542017675,13.019434747381768],[80.24927959193796,13.019162689118675]]},"properties":{"id":"L00573","strahler":3,"length_m":159.0,"drop_m":0.33,"gradient":0.0021,"area_ha":142.48,"on_drain_share":0.0,"downstream":null}},{"type":"Feature","geometry":{"type":"LineString","coordinates":[[80.22742248908439,13.019821861938063],[80.22779246763619,13.01946128535935],[80.22779330763801,13.019190029044859]]},"properties":{"id":"L00569","strahler":2,"length_m":86.6,"drop_m":4.95,"gradient":0.05714,"area_ha":23.12,"on_drain_share":0.0,"downstream":null}},{"type":"Feature","geometry":{"type":"LineString","coordinates":[[80.26025129621375,13.01982715500071],[80.26034351154404,13.019827418002938],[80.26080592841058,13.019376635217785],[80.26089894757214,13.01910563961787],[80.26108391357522,13.018925326159028],[80.26108632478677,13.018111550891293],[80.26044269876134,13.01747677501161],[80.26044377123756,13.017115097133416],[80.25998377272269,13.0167521043911],[80.26016873751038,13.016571791494354],[80.26016927391258,13.016390952555167],[80.25989343663947,13.016118905072286],[80.25989611947075,13.015214710375915]]},"properties":{"id":"L00676","strahler":1,"length_m":629.4,"drop_m":8.56,"gradient":0.01359,"area_ha":14.21,"on_drain_share":0.0,"downstream":"L00694"}},{"type":"Feature","geometry":{"type":"LineString","coordinates":[[80.1837135905568,13.019507140908567],[80.18380639598836,13.019326595509634],[80.18408303638842,13.019327465920224],[80.18482281323465,13.018696860773273],[80.18519137083508,13.0187884375935]]},"properties":{"id":"L00575","strahler":1,"length_m":207.3,"drop_m":4.58,"gradient":0.02212,"area_ha":5.21,"on_drain_share":0.0,"downstream":"L00570"}},{"type":"Feature","geometry":{"type":"LineString","coordinates":[[80.26836651830142,13.019759754099864],[80.2681826180863,13.01957839454852],[80.26781375649351,13.019577353510693],[80.26744542618671,13.019395472754118],[80.26716878023781,13.019394691249424],[80.26689266595402,13.019213070275361],[80.26652486881328,13.018850349105445],[80.26652513475949,13.018759929522265],[80.26597157825745,13.018848783901726],[80.26560191907359,13.019118998466539],[80.26560138649454,13.019299837589715],[80.26587723365795,13.019571879457404],[80.26587670125939,13.019752718585478]]},"properties":{"id":"L00564","strahler":1,"length_m":450.4,"drop_m":6.53,"gradient":0.0145,"area_ha":13.21,"on_drain_share":0.0,"downstream":null}},{"type":"Feature","geometry":{"type":"LineString","coordinates":[[80.21589653044045,13.019516014043685],[80.21589681475761,13.019425595529732],[80.2156207409188,13.019243922025836],[80.21562529123726,13.017797225791963],[80.21599499844697,13.017527085311075]]},"properties":{"id":"L00604","strahler":1,"length_m":260.7,"drop_m":5.81,"gradient":0.02227,"area_ha":7.66,"on_drain_share":0.0,"downstream":"L00620"}},{"type":"Feature","geometry":{"type":"LineString","coordinates":[[80.24254653994079,13.019595213060626],[80.2428240082181,13.019324763571388],[80.2427326171872,13.019053237083485],[80.24310284808853,13.018602218250034],[80.24310394580709,13.01824054184132],[80.24319643457909,13.01815039180208],[80.24320000147398,13.016974943370252],[80.24357022826776,13.016523923582236],[80.24357132512728,13.01616224707649],[80.24311162890874,13.01570880669596],[80.24311190327516,13.015618387574419],[80.2437590419522,13.015077755135527],[80.24422065600118,13.014898260356187],[80.24449811704844,13.014627808592628],[80.24468254320084,13.014628345555208]]},"properties":{"id":"L00692","strahler":1,"length_m":730.1,"drop_m":0.93,"gradient":0.00128,"area_ha":13.69,"on_drain_share":0.0,"downstream":"L00683"}},{"type":"Feature","geometry":{"type":"LineString","coordinates":[[80.26292634342315,13.019563510245632],[80.26311077400237,13.019564034304757],[80.26320272212725,13.019654715795056]]},"properties":{"id":"L00565","strahler":1,"length_m":34.1,"drop_m":1.08,"gradient":0.03171,"area_ha":4.38,"on_drain_share":0.0,"downstream":"L00553"}},{"type":"Feature","geometry":{"type":"LineString","coordinates":[[80.26329814293426,13.018569943561248],[80.26320539371416,13.01875052066746],[80.26320272212725,13.019654715795056]]},"properties":{"id":"L00566","strahler":1,"length_m":124.1,"drop_m":1.08,"gradient":0.00871,"area_ha":5.07,"on_drain_share":0.0,"downstream":"L00553"}},{"type":"Feature","geometry":{"type":"LineString","coordinates":[[80.18924787612613,13.019072405656788],[80.18906286106328,13.019252664945366],[80.18887843395397,13.01925208824845]]},"properties":{"id":"L00567","strahler":1,"length_m":48.3,"drop_m":0.18,"gradient":0.00383,"area_ha":7.43,"on_drain_share":0.0,"downstream":"L00543"}},{"type":"Feature","geometry":{"type":"LineString","coordinates":[[80.22198324042202,13.019353504942126],[80.22198493302969,13.018810993051623],[80.22152527367594,13.018357516420645],[80.22124863182056,13.01835668600449],[80.22078925717848,13.017812789544676]]},"properties":{"id":"L00597","strahler":1,"length_m":241.4,"drop_m":2.1,"gradient":0.00869,"area_ha":7.06,"on_drain_share":0.0,"downstream":"L00637"}},{"type":"Feature","geometry":{"type":"LineString","coordinates":[[80.23286454651594,13.019385917216328],[80.23277288832288,13.019204806697704],[80.23277511379408,13.018481455648876],[80.23333034508428,13.017850159333019],[80.23360698716921,13.01785097683317],[80.23379224860625,13.017580264937676],[80.2337930819573,13.017309008200247],[80.23360920998185,13.017127625567193],[80.23360976566404,13.016946787744349],[80.2338869622384,13.01676676705372],[80.23388723997188,13.016676348134206],[80.23361115483279,13.016494693176128],[80.23352060843749,13.015951907247128],[80.23333673761485,13.015770524468845],[80.23370670175387,13.01540993852932]]},"properties":{"id":"L00666","strahler":1,"length_m":581.1,"drop_m":6.11,"gradient":0.01052,"area_ha":17.79,"on_drain_share":0.0,"downstream":null}},{"type":"Feature","geometry":{"type":"LineString","coordinates":[[80.1900810278941,13.018080401093865],[80.18989601417712,13.018260661069139],[80.18989542674034,13.018441496963936],[80.1894328909216,13.018892146218008],[80.18924846406196,13.018891569799857],[80.18887843395397,13.01925208824845]]},"properties":{"id":"L00568","strahler":1,"length_m":195.6,"drop_m":2.49,"gradient":0.01272,"area_ha":6.8,"on_drain_share":0.0,"downstream":"L00543"}},{"type":"Feature","geometry":{"type":"LineString","coordinates":[[80.2106449004705,13.018053375780568],[80.21082932767779,13.018053936950295],[80.21092182737242,13.01796379907032],[80.2113828952721,13.017965201247153],[80.21193446247013,13.018509393395226],[80.21193417673712,13.018599811829237],[80.21267017462527,13.01914456283464],[80.21331652875577,13.018875266093723],[80.21387123774988,13.01842485123744],[80.21405566537551,13.018425410129026]]},"properties":{"id":"L00585","strahler":4,"length_m":467.0,"drop_m":4.81,"gradient":0.01031,"area_ha":433.25,"on_drain_share":0.0,"downstream":"L00595"}},{"type":"Feature","geometry":{"type":"LineString","coordinates":[[80.18519137083508,13.0187884375935],[80.18583627355868,13.0189713002685]]},"properties":{"id":"L00570","strahler":4,"length_m":78.3,"drop_m":-0.15,"gradient":0.0,"area_ha":520.76,"on_drain_share":0.0,"downstream":"L00542"}},{"type":"Feature","geometry":{"type":"LineString","coordinates":[[80.23914038452882,13.01768642684586],[80.23867793399143,13.018137169096736],[80.23840129126057,13.018136356986874],[80.23830880085852,13.018226505221001],[80.23784772952543,13.018225150875459],[80.23775579162823,13.01813446091673],[80.23757136318063,13.018133918887427],[80.23729306131182,13.018675619477495],[80.23701641807318,13.01867480585769],[80.23692448033891,13.018584115614942],[80.23627731828857,13.019124729537953]]},"properties":{"id":"L00572","strahler":2,"length_m":410.4,"drop_m":7.12,"gradient":0.01736,"area_ha":26.18,"on_drain_share":0.0,"downstream":null}},{"type":"Feature","geometry":{"type":"LineString","coordinates":[[80.18713227128183,13.01743824538382],[80.1864867814445,13.017436221843502],[80.18630176579289,13.017616479138745],[80.18630117578016,13.017797314880768],[80.1862086677828,13.017887443466615],[80.18565509465773,13.017976124928023],[80.18537756959608,13.018246509824712],[80.18537668352411,13.018517763361087],[80.18583627355868,13.0189713002685]]},"properties":{"id":"L00574","strahler":1,"length_m":339.7,"drop_m":5.64,"gradient":0.0166,"area_ha":7.43,"on_drain_share":0.0,"downstream":"L00542"}},{"type":"Feature","geometry":{"type":"LineString","coordinates":[[80.17394136536713,13.018752852489339],[80.17357251329621,13.018751677505318],[80.17329647375445,13.01856996078561]]},"properties":{"id":"L00577","strahler":1,"length_m":78.3,"drop_m":-0.58,"gradient":0.0,"area_ha":7.56,"on_drain_share":0.0,"downstream":"L00541"}},{"type":"Feature","geometry":{"type":"LineString","coordinates":[[80.18224736549398,13.016699542073376],[80.18381024313658,13.018151164011776],[80.18417850369268,13.018333160024063],[80.1844551430165,13.018334029972616],[80.18482310879922,13.018606442942204],[80.18500753524467,13.018607022494328],[80.18519137083508,13.0187884375935]]},"properties":{"id":"L00578","strahler":4,"length_m":415.3,"drop_m":0.25,"gradient":0.00061,"area_ha":512.3,"on_drain_share":0.0,"downstream":"L00570"}},{"type":"Feature","geometry":{"type":"LineString","coordinates":[[80.22760999908215,13.018827804809723],[80.22843992752783,13.018830274908405],[80.22853242153063,13.01874013040886]]},"properties":{"id":"L00580","strahler":1,"length_m":104.1,"drop_m":-0.15,"gradient":0.0,"area_ha":2468.6,"on_drain_share":0.0,"downstream":null}},{"type":"Feature","geometry":{"type":"LineString","coordinates":[[80.22687256537418,13.018735188182056],[80.22714920801934,13.018736012623993]]},"properties":{"id":"L00579","strahler":1,"length_m":30.0,"drop_m":0.26,"gradient":0.00876,"area_ha":2440.78,"on_drain_share":0.0,"downstream":null}},{"type":"Feature","geometry":{"type":"LineString","coordinates":[[80.1739521463383,13.015497819092625],[80.17349138686771,13.01540593306478],[80.17312134085338,13.015766428082307],[80.17312044162844,13.016037680834152],[80.1728429060948,13.016308051677512],[80.17265848191391,13.0163074635785],[80.17228843335079,13.016667957230476],[80.17228783322294,13.016848792348274],[80.17200999571028,13.017209579725334],[80.17246955770077,13.017663138771443],[80.17311504585093,13.017665197225048],[80.1732075582041,13.017575073584782],[80.17357521001702,13.017937919309333],[80.17357431113044,13.018209172047047],[80.17329647375445,13.01856996078561]]},"properties":{"id":"L00581","strahler":1,"length_m":626.0,"drop_m":3.08,"gradient":0.00492,"area_ha":15.57,"on_drain_share":0.0,"downstream":"L00541"}},{"type":"Feature","geometry":{"type":"LineString","coordinates":[[80.17744635655892,13.018492735691735],[80.17772388998691,13.018222359814274],[80.17790831581983,13.018222944396907],[80.17818614641233,13.017862150286039],[80.17818674231195,13.01768131491272],[80.17874180514366,13.01714056099789]]},"properties":{"id":"L00611","strahler":1,"length_m":219.7,"drop_m":0.86,"gradient":0.00392,"area_ha":9.0,"on_drain_share":0.0,"downstream":"L00678"}},{"type":"Feature","geometry":{"type":"LineString","coordinates":[[80.24946538231949,13.018711126707892],[80.24965035582336,13.018530821829101]]},"properties":{"id":"L00587","strahler":1,"length_m":28.3,"drop_m":0.0,"gradient":0.0,"area_ha":3403.03,"on_drain_share":0.0,"downstream":null}},{"type":"Feature","geometry":{"type":"LineString","coordinates":[[80.27547000549572,13.018785069725977],[80.27556222075552,13.018785327297216]]},"properties":{"id":"L00582","strahler":1,"length_m":10.0,"drop_m":0.0,"gradient":0.0,"area_ha":4.01,"on_drain_share":0.0,"downstream":null}},{"type":"Feature","geometry":{"type":"LineString","coordinates":[[80.20879976829093,13.018319011976999],[80.20898419561223,13.018319574469812],[80.2089839088139,13.018409992840596],[80.20926026321217,13.018501254716263],[80.20953747762809,13.018321261161656],[80.21027518710375,13.018323508248722],[80.2106449004705,13.018053375780568]]},"properties":{"id":"L00590","strahler":1,"length_m":234.9,"drop_m":2.64,"gradient":0.01123,"area_ha":8.45,"on_drain_share":0.0,"downstream":"L00585"}},{"type":"Feature","geometry":{"type":"LineString","coordinates":[[80.22650483034602,13.018372413470178],[80.22659704441678,13.018372688440143],[80.22668869772639,13.018553800885043]]},"properties":{"id":"L00584","strahler":1,"length_m":34.1,"drop_m":0.0,"gradient":0.0,"area_ha":2440.69,"on_drain_share":0.0,"downstream":null}},{"type":"Feature","geometry":{"type":"LineString","coordinates":[[80.2287174093357,13.018559841297716],[80.22880990313794,13.01846969668612]]},"properties":{"id":"L00586","strahler":1,"length_m":14.1,"drop_m":0.0,"gradient":0.0,"area_ha":2468.93,"on_drain_share":0.0,"downstream":null}},{"type":"Feature","geometry":{"type":"LineString","coordinates":[[80.21405566537551,13.018425410129026],[80.21451787363547,13.01806513281452],[80.21479451472119,13.018065970390392],[80.21497951135441,13.017885691601624],[80.21516393863054,13.017886249682556],[80.21525643678432,13.017796110162493]]},"properties":{"id":"L00595","strahler":5,"length_m":159.0,"drop_m":-0.24,"gradient":0.0,"area_ha":2049.66,"on_drain_share":0.0,"downstream":"L00608"}},{"type":"Feature","geometry":{"type":"LineString","coordinates":[[80.19552306573891,13.017645241435524],[80.1958907520662,13.018008057451286],[80.19588987744535,13.018279311700049]]},"properties":{"id":"L00588","strahler":2,"length_m":86.6,"drop_m":-0.64,"gradient":0.0,"area_ha":41.23,"on_drain_share":0.0,"downstream":"L00545"}},{"type":"Feature","geometry":{"type":"LineString","coordinates":[[80.19663049698984,13.017377416576634],[80.1959829653198,13.01800834329636],[80.19598238230829,13.01818917946694],[80.19588987744535,13.018279311700049]]},"properties":{"id":"L00589","strahler":2,"length_m":133.1,"drop_m":-0.55,"gradient":0.0,"area_ha":34.98,"on_drain_share":0.0,"downstream":"L00545"}},{"type":"Feature","geometry":{"type":"LineString","coordinates":[[80.2289948905419,13.018289407350883],[80.2290873841436,13.018199262627247]]},"properties":{"id":"L00592","strahler":1,"length_m":14.1,"drop_m":0.0,"gradient":0.0,"area_ha":2471.11,"on_drain_share":0.0,"downstream":null}},{"type":"Feature","geometry":{"type":"LineString","coordinates":[[80.24992781557776,13.018260364231597],[80.25002030202886,13.01817021162462]]},"properties":{"id":"L00593","strahler":1,"length_m":14.1,"drop_m":0.0,"gradient":0.0,"area_ha":3410.42,"on_drain_share":0.0,"downstream":null}},{"type":"Feature","geometry":{"type":"LineString","coordinates":[[80.22069619581436,13.01808376840738],[80.22069676090169,13.01790293115096],[80.22078925717848,13.017812789544676]]},"properties":{"id":"L00596","strahler":1,"length_m":34.1,"drop_m":-0.79,"gradient":0.0,"area_ha":4.51,"on_drain_share":0.0,"downstream":"L00637"}},{"type":"Feature","geometry":{"type":"LineString","coordinates":[[80.2095409166325,13.01723624051738],[80.20963284336995,13.017326939886294],[80.20981726999489,13.017327501744775],[80.2106449004705,13.018053375780568]]},"properties":{"id":"L00594","strahler":4,"length_m":157.3,"drop_m":1.82,"gradient":0.01157,"area_ha":414.71,"on_drain_share":0.0,"downstream":"L00585"}},{"type":"Feature","geometry":{"type":"LineString","coordinates":[[80.22927237114642,13.018018973067928],[80.22936486454758,13.01792882823225]]},"properties":{"id":"L00599","strahler":1,"length_m":14.1,"drop_m":0.0,"gradient":0.0,"area_ha":2471.78,"on_drain_share":0.0,"downstream":null}},{"type":"Feature","geometry":{"type":"LineString","coordinates":[[80.25564593016303,13.018005575902015],[80.25657050162589,13.017194445969064],[80.25657238822177,13.016561510218786],[80.2562965549082,13.016289459115688],[80.25685145493945,13.01574852822281],[80.25676004944556,13.015477005843588],[80.25749910440689,13.015027021064036]]},"properties":{"id":"L00686","strahler":1,"length_m":469.4,"drop_m":5.51,"gradient":0.01174,"area_ha":15.72,"on_drain_share":0.0,"downstream":null}},{"type":"Feature","geometry":{"type":"LineString","coordinates":[[80.21277865560856,13.013990990172159],[80.21259366053366,13.014171267518908],[80.21259223353425,13.014623359905457],[80.21277608761108,13.014804756504121],[80.21277551692127,13.014985593459793],[80.21314322612697,13.015348386315532],[80.21314208522169,13.01571006024124],[80.21332537013515,13.016072293468326],[80.21424465104067,13.01697927304518],[80.21442907761394,13.01697983161038],[80.21452100614327,13.017070529344869],[80.21452015184877,13.017341784844216],[80.21488758236575,13.017794994008648],[80.21525643678432,13.017796110162493]]},"properties":{"id":"L00600","strahler":2,"length_m":583.6,"drop_m":9.49,"gradient":0.01626,"area_ha":29.67,"on_drain_share":0.0,"downstream":"L00608"}},{"type":"Feature","geometry":{"type":"LineString","coordinates":[[80.21525643678432,13.017796110162493],[80.21581057139959,13.017526527836088],[80.21599499844697,13.017527085311075]]},"properties":{"id":"L00608","strahler":5,"length_m":92.4,"drop_m":0.0,"gradient":0.0,"area_ha":2080.05,"on_drain_share":0.0,"downstream":"L00620"}},{"type":"Feature","geometry":{"type":"LineString","coordinates":[[80.22078925717848,13.017812789544676],[80.22060539484936,13.017631398209902],[80.2206090680603,13.016455955982353],[80.2209784858145,13.016276226597736]]},"properties":{"id":"L00637","strahler":2,"length_m":206.6,"drop_m":7.32,"gradient":0.03546,"area_ha":14.11,"on_drain_share":0.0,"downstream":"L00650"}},{"type":"Feature","geometry":{"type":"LineString","coordinates":[[80.2239248068493,13.017731770122705],[80.22401673929164,13.017822464697778],[80.22438559455618,13.017823567873194],[80.22484806883465,13.01737285250326],[80.22484834985829,13.017282433780995],[80.22521720439708,13.017283535729064]]},"properties":{"id":"L00614","strahler":1,"length_m":174.9,"drop_m":5.33,"gradient":0.03049,"area_ha":5.12,"on_drain_share":0.0,"downstream":"L00610"}},{"type":"Feature","geometry":{"type":"LineString","coordinates":[[80.2295495718197,13.017838957268577],[80.23001203733187,13.017388232169631]]},"properties":{"id":"L00613","strahler":1,"length_m":70.7,"drop_m":-0.05,"gradient":0.0,"area_ha":2472.75,"on_drain_share":0.0,"downstream":null}},{"type":"Feature","geometry":{"type":"LineString","coordinates":[[80.2473482653793,13.017439112220837],[80.24780797273891,13.017892545629566],[80.2486379019864,13.017894950934556]]},"properties":{"id":"L00601","strahler":1,"length_m":160.7,"drop_m":6.72,"gradient":0.04182,"area_ha":6.26,"on_drain_share":0.0,"downstream":null}},{"type":"Feature","geometry":{"type":"LineString","coordinates":[[80.17874180514366,13.01714056099789],[80.1790175498575,13.017412689792772],[80.1792941878023,13.017413565184489],[80.17947801815976,13.017594984050941],[80.17994056832607,13.01714435342822],[80.1800327808943,13.017144644924231],[80.18021780043057,13.016964392342254],[80.18021988073576,13.016331468157304],[80.180312390154,13.016241341790828],[80.18031298443539,13.016060506298235],[80.1805905120751,13.015790126956905],[80.18077493624261,13.015790709394617],[80.18077642103775,13.015338620590175],[80.18086892987667,13.01524849398454],[80.1808695237077,13.01506765845286],[80.18096203240847,13.014977531804185],[80.18133087958537,13.014978695949013]]},"properties":{"id":"L00678","strahler":2,"length_m":514.6,"drop_m":4.51,"gradient":0.00876,"area_ha":27.68,"on_drain_share":0.0,"downstream":"L00660"}},{"type":"Feature","geometry":{"type":"LineString","coordinates":[[80.19441680063943,13.01755138920994],[80.19450930571688,13.01746125751256],[80.19497037083899,13.017462688806544],[80.19515421331654,13.01764409723598],[80.19552306573891,13.017645241435524]]},"properties":{"id":"L00602","strahler":1,"length_m":132.4,"drop_m":0.79,"gradient":0.00597,"area_ha":4.98,"on_drain_share":0.0,"downstream":"L00588"}},{"type":"Feature","geometry":{"type":"LineString","coordinates":[[80.25795183284855,13.017831342322125],[80.25795237091187,13.017650503491499],[80.25832203551187,13.017380300126508],[80.25813868255817,13.017018095057574],[80.25823143463177,13.016837519901625],[80.25823331695955,13.016204583894702],[80.25795748210808,13.015932534473977],[80.25795828907202,13.015661276187114],[80.2578663443494,13.015570592991418],[80.25768191694237,13.015570065362173],[80.25749829698434,13.015298279335799],[80.25740608338818,13.01529801541217],[80.25740635256449,13.01520759599078],[80.25768353140475,13.015027548801616]]},"properties":{"id":"L00687","strahler":1,"length_m":418.0,"drop_m":6.38,"gradient":0.01527,"area_ha":9.28,"on_drain_share":0.0,"downstream":null}},{"type":"Feature","geometry":{"type":"LineString","coordinates":[[80.19433918954147,13.013030199417702],[80.19415418268585,13.013210462899488],[80.19415272238268,13.013662553284078],[80.19433656159718,13.01384396214699],[80.19433539356461,13.0142056344546],[80.19368991093845,13.014203629326305],[80.19350490271988,13.014383892250583],[80.19350373343146,13.01474556446886],[80.19423909289455,13.015471201073764],[80.19442351745307,13.015471773795806],[80.19469898665072,13.015834304927878],[80.19488341149865,13.015834877338696],[80.19515946527967,13.016016571873287],[80.19543493614823,13.016379102306436],[80.1954337694728,13.016740774641535],[80.19561732019518,13.017012600826114],[80.19533980642056,13.017282997099834],[80.19533922297636,13.017463833251835],[80.19552306573891,13.017645241435524]]},"properties":{"id":"L00603","strahler":2,"length_m":750.1,"drop_m":2.79,"gradient":0.00372,"area_ha":35.01,"on_drain_share":0.0,"downstream":"L00588"}},{"type":"Feature","geometry":{"type":"LineString","coordinates":[[80.24135627366648,13.016788718203042],[80.24117184605919,13.016788178788321],[80.2408024404096,13.016967937694792],[80.24024915728641,13.016966317854315],[80.24006500509371,13.016875358596556],[80.2392325986199,13.01768669731001],[80.23914038452882,13.01768642684586]]},"properties":{"id":"L00606","strahler":1,"length_m":289.7,"drop_m":2.49,"gradient":0.00861,"area_ha":11.0,"on_drain_share":0.0,"downstream":"L00572"}},{"type":"Feature","geometry":{"type":"LineString","coordinates":[[80.2693867166224,13.017773381457904],[80.26966442004095,13.01741248188067],[80.27030992251369,13.017414298450388],[80.27031018705735,13.017323878780479],[80.27095753950596,13.016692755932855],[80.27095780379967,13.016602336244835],[80.27068168951331,13.016420719283355],[80.27068327581138,13.015878201167824],[80.27133062341329,13.01524707707093]]},"properties":{"id":"L00684","strahler":1,"length_m":438.7,"drop_m":5.17,"gradient":0.01179,"area_ha":12.05,"on_drain_share":0.0,"downstream":null}},{"type":"Feature","geometry":{"type":"LineString","coordinates":[[80.19672241880521,13.017468120251635],[80.19663049698984,13.017377416576634]]},"properties":{"id":"L00607","strahler":1,"length_m":14.1,"drop_m":0.0,"gradient":0.0,"area_ha":4.03,"on_drain_share":0.0,"downstream":"L00589"}},{"type":"Feature","geometry":{"type":"LineString","coordinates":[[80.21599499844697,13.017527085311075],[80.216087496177,13.017436945467475],[80.21654827964068,13.017528756949485],[80.21673355862337,13.017258058260396],[80.21719462586385,13.01725945003343],[80.21765711127888,13.016808748141681]]},"properties":{"id":"L00620","strahler":5,"length_m":227.3,"drop_m":0.0,"gradient":0.0,"area_ha":2094.62,"on_drain_share":0.0,"downstream":"L00639"}},{"type":"Feature","geometry":{"type":"LineString","coordinates":[[80.23840819381246,13.015875881657815],[80.23877594366284,13.016238640321443],[80.23877511580145,13.016509897397587],[80.23886705352515,13.016600586993627],[80.23886484605377,13.017323939179215],[80.23914038452882,13.01768642684586]]},"properties":{"id":"L00609","strahler":1,"length_m":233.1,"drop_m":0.68,"gradient":0.00293,"area_ha":6.42,"on_drain_share":0.0,"downstream":"L00572"}},{"type":"Feature","geometry":{"type":"LineString","coordinates":[[80.22521720439708,13.017283535729064],[80.2255854974552,13.017465474628306]]},"properties":{"id":"L00610","strahler":3,"length_m":48.3,"drop_m":-0.51,"gradient":0.0,"area_ha":2427.85,"on_drain_share":0.0,"downstream":null}},{"type":"Feature","geometry":{"type":"LineString","coordinates":[[80.25085213388196,13.01753967502736],[80.25196141735731,13.016638675478932]]},"properties":{"id":"L00632","strahler":1,"length_m":161.4,"drop_m":-0.64,"gradient":0.0,"area_ha":3419.29,"on_drain_share":0.0,"downstream":null}},{"type":"Feature","geometry":{"type":"LineString","coordinates":[[80.19663340942182,13.016473235497486],[80.19663049698984,13.017377416576634]]},"properties":{"id":"L00612","strahler":2,"length_m":100.0,"drop_m":-0.42,"gradient":0.0,"area_ha":27.08,"on_drain_share":0.0,"downstream":"L00589"}},{"type":"Feature","geometry":{"type":"LineString","coordinates":[[80.20400812405353,13.017219321961878],[80.2041006257406,13.017129186632891],[80.20428505197131,13.017129752415904],[80.20428534044383,13.017039334139525],[80.20511785173665,13.016228113842146],[80.20530227734686,13.0162286788636],[80.20548612692669,13.016410080370319],[80.20567055268799,13.016410645137732]]},"properties":{"id":"L00635","strahler":1,"length_m":239.7,"drop_m":4.97,"gradient":0.02075,"area_ha":7.0,"on_drain_share":0.0,"downstream":"L00643"}},{"type":"Feature","geometry":{"type":"LineString","coordinates":[[80.27224643051882,13.017419738523886],[80.27252386580979,13.017149255351816],[80.27399929956137,13.017153388806285],[80.27409177735504,13.01706322712062],[80.27464506495448,13.017064774795223]]},"properties":{"id":"L00622","strahler":1,"length_m":276.6,"drop_m":3.3,"gradient":0.01193,"area_ha":6.12,"on_drain_share":0.0,"downstream":null}},{"type":"Feature","geometry":{"type":"LineString","coordinates":[[80.17864989037274,13.017049851341167],[80.17874180514366,13.01714056099789]]},"properties":{"id":"L00615","strahler":1,"length_m":14.1,"drop_m":0.0,"gradient":0.0,"area_ha":4.03,"on_drain_share":0.0,"downstream":"L00678"}},{"type":"Feature","geometry":{"type":"LineString","coordinates":[[80.20769981107081,13.016236012214506],[80.20779144956755,13.016417130541685],[80.20806808837563,13.016417975185918],[80.20816058836743,13.01632783830188],[80.20862136605028,13.016419663589593],[80.20871329215053,13.016510363253577],[80.20871271843784,13.016691200007799],[80.20889714455157,13.016691762493444],[80.2095409166325,13.01723624051738]]},"properties":{"id":"L00616","strahler":3,"length_m":271.4,"drop_m":3.35,"gradient":0.01233,"area_ha":214.92,"on_drain_share":0.0,"downstream":"L00594"}},{"type":"Feature","geometry":{"type":"LineString","coordinates":[[80.20899107812227,13.01614953338047],[80.20926685676929,13.016421631902858],[80.20926628346196,13.01660246868258],[80.20945042294477,13.016693449163888],[80.20944984975813,13.016874285947877],[80.20935734999036,13.01696442330305],[80.2095409166325,13.01723624051738]]},"properties":{"id":"L00617","strahler":3,"length_m":159.0,"drop_m":2.29,"gradient":0.01442,"area_ha":197.61,"on_drain_share":0.0,"downstream":"L00594"}},{"type":"Feature","geometry":{"type":"LineString","coordinates":[[80.226429721605,13.012856593623392],[80.22615196370697,13.013217443900416],[80.22615084185273,13.01357911901068],[80.22633414481615,13.013941344086549],[80.2267938057438,13.014394812382562],[80.22679324523364,13.014575649950102],[80.22568332526671,13.015657374997025],[80.2255911122198,13.015657099758617],[80.22558998933472,13.016018774752874],[80.22531250731882,13.016289205038532],[80.22531110313167,13.016741298727887],[80.22503361998108,13.017011728638105],[80.22521720439708,13.017283535729064]]},"properties":{"id":"L00618","strahler":3,"length_m":624.3,"drop_m":10.38,"gradient":0.01663,"area_ha":2422.26,"on_drain_share":0.0,"downstream":"L00610"}},{"type":"Feature","geometry":{"type":"LineString","coordinates":[[80.22475754148233,13.016830064601102],[80.2248494739316,13.016920758885593]]},"properties":{"id":"L00621","strahler":2,"length_m":14.1,"drop_m":-0.52,"gradient":0.0,"area_ha":2300.44,"on_drain_share":0.0,"downstream":null}},{"type":"Feature","geometry":{"type":"LineString","coordinates":[[80.21590932258776,13.015447180286904],[80.21590818568403,13.015808854450704],[80.2161839719602,13.01608094603582],[80.21618311954131,13.016352201664295],[80.21627504852755,13.01644289880463],[80.21673611421046,13.01644429130696],[80.21701190210368,13.016716382089976],[80.21765711127888,13.016808748141681]]},"properties":{"id":"L00623","strahler":1,"length_m":293.1,"drop_m":8.6,"gradient":0.02934,"area_ha":7.42,"on_drain_share":0.0,"downstream":"L00639"}},{"type":"Feature","geometry":{"type":"LineString","coordinates":[[80.21765711127888,13.016808748141681],[80.21811817779094,13.016810138226182],[80.21848788098363,13.016539993935098],[80.21922586982376,13.016451796662835],[80.21931836603221,13.01636165557074],[80.21968721872317,13.016362765304505],[80.21977971473964,13.016272624035969],[80.22014856733965,13.016273733106368]]},"properties":{"id":"L00639","strahler":5,"length_m":294.9,"drop_m":0.0,"gradient":0.0,"area_ha":2113.02,"on_drain_share":0.0,"downstream":"L00640"}},{"type":"Feature","geometry":{"type":"LineString","coordinates":[[80.22402124039773,13.016375765401289],[80.22475754148233,13.016830064601102]]},"properties":{"id":"L00624","strahler":1,"length_m":100.7,"drop_m":0.54,"gradient":0.00537,"area_ha":2295.55,"on_drain_share":0.0,"downstream":"L00621"}},{"type":"Feature","geometry":{"type":"LineString","coordinates":[[80.17183097489706,13.01558147507846],[80.1716459507594,13.015761721395833],[80.17164474964956,13.016123391595134],[80.17145972495908,13.016303637739975],[80.17035318041789,13.016300101281463],[80.17016785388557,13.01657076395034],[80.16998342963574,13.016570173938044]]},"properties":{"id":"L00626","strahler":2,"length_m":274.9,"drop_m":1.36,"gradient":0.00496,"area_ha":17.42,"on_drain_share":0.0,"downstream":null}},{"type":"Feature","geometry":{"type":"LineString","coordinates":[[80.18206679514657,13.015523529420156],[80.18215841424701,13.015704655708683],[80.18215544952372,13.016608833589698],[80.18224736549398,13.016699542073376]]},"properties":{"id":"L00627","strahler":3,"length_m":138.3,"drop_m":-0.41,"gradient":0.0,"area_ha":384.66,"on_drain_share":0.0,"downstream":"L00578"}},{"type":"Feature","geometry":{"type":"LineString","coordinates":[[80.1862160431928,13.0156269965764],[80.18584660435755,13.015806675068854],[80.18538554334062,13.015805227739861],[80.18510979292921,13.015533105374388],[80.18317333951316,13.01552701571394],[80.18289759194921,13.015254891152248],[80.18252874421906,13.01525372921042],[80.1824362359413,13.01534385644345],[80.18243564323296,13.01552469204235],[80.18225062633432,13.01570494638479],[80.18224736549398,13.016699542073376]]},"properties":{"id":"L00628","strahler":3,"length_m":605.6,"drop_m":8.47,"gradient":0.01398,"area_ha":115.13,"on_drain_share":0.0,"downstream":"L00578"}},{"type":"Feature","geometry":{"type":"LineString","coordinates":[[80.22448399358193,13.015834631792677],[80.22457367678436,13.016648675943774],[80.22475754148233,13.016830064601102]]},"properties":{"id":"L00629","strahler":1,"length_m":122.4,"drop_m":8.18,"gradient":0.06678,"area_ha":4.69,"on_drain_share":0.0,"downstream":"L00621"}},{"type":"Feature","geometry":{"type":"LineString","coordinates":[[80.24661737982603,13.015176490950333],[80.24698623313108,13.01517756177607],[80.24744811815273,13.014907641921345],[80.2481858241421,13.014909780643157],[80.2482783098765,13.01481962860084],[80.24846273633172,13.01482016288425],[80.2485546771862,13.014910849217655],[80.24855277049515,13.015543783885809],[80.24864443927468,13.015724889435687],[80.24845946728045,13.015905193709502],[80.24836643624143,13.01617618424743],[80.24845837753085,13.016266870630943],[80.2487350188332,13.016267671902384],[80.24873420180019,13.016538929604067],[80.24910224064939,13.01681125524919]]},"properties":{"id":"L00630","strahler":3,"length_m":513.8,"drop_m":9.03,"gradient":0.01757,"area_ha":138.09,"on_drain_share":0.0,"downstream":null}},{"type":"Feature","geometry":{"type":"LineString","coordinates":[[80.23508684887568,13.016408628779269],[80.23517878514765,13.016499319606915],[80.23517823062278,13.016680157502558]]},"properties":{"id":"L00631","strahler":1,"length_m":34.1,"drop_m":0.41,"gradient":0.01206,"area_ha":2538.71,"on_drain_share":0.0,"downstream":null}},{"type":"Feature","geometry":{"type":"LineString","coordinates":[[80.25122343416638,13.01672696649802],[80.25177807437915,13.016276466422449],[80.25196250205977,13.016276998276687],[80.25205498704024,13.016186844850594]]},"properties":{"id":"L00649","strahler":1,"length_m":114.9,"drop_m":0.4,"gradient":0.00352,"area_ha":139.56,"on_drain_share":0.0,"downstream":null}},{"type":"Feature","geometry":{"type":"LineString","coordinates":[[80.19645160562465,13.015658901314488],[80.19635910191522,13.01574903379696],[80.19635822796073,13.016020288124167],[80.19654207050796,13.01620169558671],[80.19654148798551,13.016382531807336],[80.19663340942182,13.016473235497486]]},"properties":{"id":"L00633","strahler":1,"length_m":106.6,"drop_m":0.82,"gradient":0.00767,"area_ha":5.71,"on_drain_share":0.0,"downstream":"L00612"}},{"type":"Feature","geometry":{"type":"LineString","coordinates":[[80.19802212368896,13.014759570467545],[80.19774461502077,13.015029969658634],[80.19728355408013,13.015028543557055],[80.19709854765499,13.015208809148813],[80.19709680140944,13.015751317918813],[80.19663428310854,13.016201981161348],[80.19663340942182,13.016473235497486]]},"properties":{"id":"L00634","strahler":2,"length_m":281.4,"drop_m":2.37,"gradient":0.00843,"area_ha":18.87,"on_drain_share":0.0,"downstream":"L00612"}},{"type":"Feature","geometry":{"type":"LineString","coordinates":[[80.20567055268799,13.016410645137732],[80.20594719134624,13.016411492043082],[80.20677969533497,13.015600265940668],[80.20714854578486,13.015601393436425],[80.20733210901169,13.015873212046149],[80.20751653445885,13.01587377547849],[80.20760845994455,13.015964475503127],[80.20760788545577,13.016145312216455],[80.20769981107081,13.016236012214506]]},"properties":{"id":"L00643","strahler":3,"length_m":303.8,"drop_m":-1.87,"gradient":0.0,"area_ha":152.61,"on_drain_share":0.0,"downstream":"L00616"}},{"type":"Feature","geometry":{"type":"LineString","coordinates":[[80.25223833037309,13.016549053732087],[80.25251551417878,13.016369012365875],[80.252699941959,13.016369543699593],[80.25306960985233,13.016099347998649]]},"properties":{"id":"L00653","strahler":1,"length_m":110.7,"drop_m":0.17,"gradient":0.00157,"area_ha":3420.74,"on_drain_share":0.0,"downstream":null}},{"type":"Feature","geometry":{"type":"LineString","coordinates":[[80.20438245666034,13.015502506149646],[80.2047501536638,13.01586531023064],[80.20530342966629,13.015867005639532],[80.20530285351091,13.016047842252837],[80.20567055268799,13.016410645137732]]},"properties":{"id":"L00636","strahler":3,"length_m":193.1,"drop_m":-0.18,"gradient":0.0,"area_ha":141.38,"on_drain_share":0.0,"downstream":"L00643"}},{"type":"Feature","geometry":{"type":"LineString","coordinates":[[80.20364244716843,13.016223588951727],[80.20373494858885,13.016133453732609],[80.20373610317203,13.01577178064409],[80.20419860855962,13.015321103933108]]},"properties":{"id":"L00663","strahler":1,"length_m":124.9,"drop_m":4.48,"gradient":0.03586,"area_ha":4.43,"on_drain_share":0.0,"downstream":"L00664"}},{"type":"Feature","geometry":{"type":"LineString","coordinates":[[80.22014856733965,13.016273733106368],[80.2209784858145,13.016276226597736]]},"properties":{"id":"L00640","strahler":5,"length_m":90.0,"drop_m":0.0,"gradient":0.0,"area_ha":2262.78,"on_drain_share":0.0,"downstream":"L00650"}},{"type":"Feature","geometry":{"type":"LineString","coordinates":[[80.2209784858145,13.016276226597736],[80.22143983394322,13.016187192067267],[80.22153232929416,13.016097050133054],[80.22245474245776,13.016009396880333]]},"properties":{"id":"L00650","strahler":5,"length_m":172.4,"drop_m":0.0,"gradient":0.0,"area_ha":2282.02,"on_drain_share":0.0,"downstream":"L00651"}},{"type":"Feature","geometry":{"type":"LineString","coordinates":[[80.2312141611504,13.016306761409746],[80.23130637456009,13.016307034663011]]},"properties":{"id":"L00641","strahler":1,"length_m":10.0,"drop_m":0.0,"gradient":0.0,"area_ha":2483.58,"on_drain_share":0.0,"downstream":null}},{"type":"Feature","geometry":{"type":"LineString","coordinates":[[80.21978565385263,13.014373832868179],[80.21978395705932,13.014916344658982],[80.22006002958794,13.015098013691787],[80.22005946416503,13.015278850959717],[80.21978197736993,13.01554927505269],[80.2197811288996,13.015820530926185],[80.22014856733965,13.016273733106368]]},"properties":{"id":"L00644","strahler":3,"length_m":257.3,"drop_m":8.09,"gradient":0.03143,"area_ha":149.01,"on_drain_share":0.0,"downstream":"L00640"}},{"type":"Feature","geometry":{"type":"LineString","coordinates":[[80.20872390427279,13.013164882842169],[80.20872218358954,13.013707393238228],[80.20899795938502,13.013979491925218],[80.20899566576935,13.014702839117623],[80.20862566908819,13.015063387872715],[80.20862538223416,13.015153806258287],[80.20899308528608,13.015516604660482],[80.20899107812227,13.01614953338047]]},"properties":{"id":"L00645","strahler":3,"length_m":375.6,"drop_m":1.01,"gradient":0.00269,"area_ha":187.38,"on_drain_share":0.0,"downstream":"L00617"}},{"type":"Feature","geometry":{"type":"LineString","coordinates":[[80.21038342997653,13.013260357514664],[80.21010564939725,13.013621189258345],[80.21010135489864,13.014977465612096],[80.21037741982894,13.015159144550275],[80.21037656115861,13.01543039981821],[80.21000685158197,13.015700532164091],[80.20945357531654,13.015698846806545],[80.20917636387351,13.01587884047125],[80.20899107812227,13.01614953338047]]},"properties":{"id":"L00646","strahler":1,"length_m":459.7,"drop_m":0.41,"gradient":0.00089,"area_ha":9.41,"on_drain_share":0.0,"downstream":"L00617"}},{"type":"Feature","geometry":{"type":"LineString","coordinates":[[80.22291580802087,13.016010778355009],[80.22328466050965,13.016011882944904],[80.22337659210854,13.016102577709914]]},"properties":{"id":"L00647","strahler":1,"length_m":54.1,"drop_m":-0.49,"gradient":0.0,"area_ha":2293.89,"on_drain_share":0.0,"downstream":null}},{"type":"Feature","geometry":{"type":"LineString","coordinates":[[80.23481131784541,13.01604613717584],[80.23490325388553,13.016136828090662]]},"properties":{"id":"L00648","strahler":1,"length_m":14.1,"drop_m":0.0,"gradient":0.0,"area_ha":2534.06,"on_drain_share":0.0,"downstream":null}},{"type":"Feature","geometry":{"type":"LineString","coordinates":[[80.22245474245776,13.016009396880333],[80.22273138178923,13.016010225863448]]},"properties":{"id":"L00651","strahler":5,"length_m":30.0,"drop_m":0.33,"gradient":0.01111,"area_ha":2291.17,"on_drain_share":0.0,"downstream":null}},{"type":"Feature","geometry":{"type":"LineString","coordinates":[[80.22153825498415,13.014198258144733],[80.22181376401733,13.014560762701576],[80.22218261426526,13.014561868737278],[80.22227454493697,13.014652563850099],[80.22227088010035,13.015828006707867],[80.22245474245776,13.016009396880333]]},"properties":{"id":"L00654","strahler":1,"length_m":264.9,"drop_m":7.92,"gradient":0.0299,"area_ha":8.63,"on_drain_share":0.0,"downstream":"L00651"}},{"type":"Feature","geometry":{"type":"LineString","coordinates":[[80.24569278585005,13.01598758417792],[80.24597024666988,13.015717130841223],[80.24615467369041,13.01571766680147],[80.24633964711069,13.015537364251955],[80.24634019349394,13.015356525870734],[80.24661737982603,13.015176490950333]]},"properties":{"id":"L00675","strahler":1,"length_m":149.0,"drop_m":0.63,"gradient":0.00424,"area_ha":5.05,"on_drain_share":0.0,"downstream":"L00630"}},{"type":"Feature","geometry":{"type":"LineString","coordinates":[[80.23453551012607,13.015774064254387],[80.23462744596567,13.015864755257699]]},"properties":{"id":"L00655","strahler":1,"length_m":14.1,"drop_m":0.0,"gradient":0.0,"area_ha":2533.56,"on_drain_share":0.0,"downstream":null}},{"type":"Feature","geometry":{"type":"LineString","coordinates":[[80.26090832606688,13.015940957908883],[80.26072443423146,13.015759593456583],[80.2607252381755,13.01548833499573],[80.26017195580204,13.015486757821158],[80.25989611947075,13.015214710375915]]},"properties":{"id":"L00677","strahler":1,"length_m":160.7,"drop_m":2.07,"gradient":0.0129,"area_ha":5.97,"on_drain_share":0.0,"downstream":"L00694"}},{"type":"Feature","geometry":{"type":"LineString","coordinates":[[80.17202050046528,13.014044965107582],[80.17192798909875,13.01413508840159],[80.17192678855312,13.01449675867204],[80.17164865312388,13.014947963410213],[80.17164775235614,13.01521921607781],[80.17183157529566,13.01540063996399],[80.17183097489706,13.01558147507846]]},"properties":{"id":"L00656","strahler":1,"length_m":194.9,"drop_m":0.54,"gradient":0.00275,"area_ha":7.37,"on_drain_share":0.0,"downstream":"L00626"}},{"type":"Feature","geometry":{"type":"LineString","coordinates":[[80.17312523725941,13.01459099942486],[80.1726623806686,13.015132035107893],[80.17238544572665,13.01522157036813],[80.17220042224824,13.015401817126062],[80.17201599876742,13.015401228610559],[80.17183097489706,13.01558147507846]]},"properties":{"id":"L00657","strahler":1,"length_m":191.4,"drop_m":0.77,"gradient":0.00404,"area_ha":5.84,"on_drain_share":0.0,"downstream":"L00626"}},{"type":"Feature","geometry":{"type":"LineString","coordinates":[[80.18530071362655,13.013544491439745],[80.18529864667191,13.014177416565868],[80.18557439589385,13.014449538682243],[80.18557321510205,13.014811210186231],[80.18621633818023,13.015536578692528],[80.1862160431928,13.0156269965764]]},"properties":{"id":"L00658","strahler":1,"length_m":271.4,"drop_m":-1.21,"gradient":0.0,"area_ha":7.53,"on_drain_share":0.0,"downstream":"L00628"}},{"type":"Feature","geometry":{"type":"LineString","coordinates":[[80.18649444894567,13.015085356824757],[80.18649356431082,13.015356610502696],[80.1862160431928,13.0156269965764]]},"properties":{"id":"L00659","strahler":3,"length_m":72.4,"drop_m":-0.82,"gradient":0.0,"area_ha":102.04,"on_drain_share":0.0,"downstream":"L00628"}},{"type":"Feature","geometry":{"type":"LineString","coordinates":[[80.18133087958537,13.014978695949013],[80.1817919386069,13.014980150392828],[80.18197576920662,13.015161567524101],[80.18197487965294,13.015432820893995],[80.18206679514657,13.015523529420156]]},"properties":{"id":"L00660","strahler":2,"length_m":122.4,"drop_m":3.71,"gradient":0.03028,"area_ha":36.78,"on_drain_share":0.0,"downstream":"L00627"}},{"type":"Feature","geometry":{"type":"LineString","coordinates":[[80.18189363866236,13.012087071574669],[80.18198555296696,13.012177780077751],[80.1819825884486,13.013081958164886],[80.18207450313172,13.013172666653276],[80.18206679514657,13.015523529420156]]},"properties":{"id":"L00661","strahler":3,"length_m":388.3,"drop_m":0.4,"gradient":0.00104,"area_ha":345.28,"on_drain_share":0.0,"downstream":"L00627"}},{"type":"Feature","geometry":{"type":"LineString","coordinates":[[80.2323229484758,13.01558668715313],[80.23269263557435,13.015316521625046],[80.2329692748078,13.015317339648938]]},"properties":{"id":"L00669","strahler":1,"length_m":82.4,"drop_m":0.06,"gradient":0.00077,"area_ha":2488.37,"on_drain_share":0.0,"downstream":"L00670"}},{"type":"Feature","geometry":{"type":"LineString","coordinates":[[80.23416776743599,13.015411299946186],[80.23435163864735,13.015592682159275]]},"properties":{"id":"L00662","strahler":2,"length_m":28.3,"drop_m":0.45,"gradient":0.01576,"area_ha":2533.01,"on_drain_share":0.0,"downstream":null}},{"type":"Feature","geometry":{"type":"LineString","coordinates":[[80.19045868483762,13.015369013407387],[80.19046073889636,13.014736087526375],[80.19027631506262,13.014735512019453],[80.19009247835902,13.014554100426283],[80.18990893554246,13.014282270740372],[80.18990981638831,13.014011016809516],[80.18981789839519,13.013920310916237],[80.18963347519393,13.013919734987837],[80.18963406260944,13.013738899041895],[80.1895421448168,13.013648193060837],[80.18935801563175,13.013557198979925],[80.18880474692305,13.013555469868376],[80.18843707768568,13.01319264467517],[80.18816044378887,13.013191779308839]]},"properties":{"id":"L00706","strahler":1,"length_m":425.6,"drop_m":3.74,"gradient":0.00878,"area_ha":9.34,"on_drain_share":0.0,"downstream":"L00704"}},{"type":"Feature","geometry":{"type":"LineString","coordinates":[[80.20419860855962,13.015321103933108],[80.20438245666034,13.015502506149646]]},"properties":{"id":"L00664","strahler":3,"length_m":28.3,"drop_m":-0.7,"gradient":0.0,"area_ha":131.41,"on_drain_share":0.0,"downstream":"L00636"}},{"type":"Feature","geometry":{"type":"LineString","coordinates":[[80.20484640150846,13.014599736658479],[80.2048455368623,13.014870991573725],[80.20465995911702,13.015232099480675],[80.20438245666034,13.015502506149646]]},"properties":{"id":"L00665","strahler":1,"length_m":120.7,"drop_m":-1.28,"gradient":0.0,"area_ha":8.41,"on_drain_share":0.0,"downstream":"L00636"}},{"type":"Feature","geometry":{"type":"LineString","coordinates":[[80.20069453714959,13.015310331942267],[80.20041905938402,13.014947806688726],[80.20060406334748,13.014767538574484],[80.20106512418148,13.014768958747586],[80.20162013353116,13.014228152461191],[80.2018967694957,13.014229003545411],[80.2019892707264,13.014138868928773],[80.2019910061094,13.013596359440323],[80.201899083607,13.01350565757711],[80.201899662113,13.013324821078681],[80.20245466635903,13.012784012656436],[80.20263908930335,13.012784579423782],[80.2030062021582,13.013328222222475]]},"properties":{"id":"L00707","strahler":1,"length_m":535.3,"drop_m":2.88,"gradient":0.00538,"area_ha":12.95,"on_drain_share":0.0,"downstream":"L00668"}},{"type":"Feature","geometry":{"type":"LineString","coordinates":[[80.23398334115684,13.015410755477742],[80.23416776743599,13.015411299946186]]},"properties":{"id":"L00667","strahler":1,"length_m":20.0,"drop_m":-0.44,"gradient":0.0,"area_ha":2525.71,"on_drain_share":0.0,"downstream":"L00662"}},{"type":"Feature","geometry":{"type":"LineString","coordinates":[[80.2030062021582,13.013328222222475],[80.20346552846699,13.013872147668636],[80.20346379625235,13.014414657341048],[80.20337129541457,13.01450479250647],[80.20419860855962,13.015321103933108]]},"properties":{"id":"L00668","strahler":3,"length_m":282.1,"drop_m":1.47,"gradient":0.00523,"area_ha":126.05,"on_drain_share":0.0,"downstream":"L00664"}},{"type":"Feature","geometry":{"type":"LineString","coordinates":[[80.2329692748078,13.015317339648938],[80.23324591406018,13.015318157377918]]},"properties":{"id":"L00670","strahler":2,"length_m":30.0,"drop_m":0.0,"gradient":0.0,"area_ha":2496.24,"on_drain_share":0.0,"downstream":null}},{"type":"Feature","geometry":{"type":"LineString","coordinates":[[80.23361504422621,13.015228828300675],[80.23379919262155,13.01531979195115]]},"properties":{"id":"L00671","strahler":2,"length_m":24.1,"drop_m":1.37,"gradient":0.05687,"area_ha":2507.87,"on_drain_share":0.0,"downstream":null}},{"type":"Feature","geometry":{"type":"LineString","coordinates":[[80.23398361882546,13.01532033654675],[80.23416776743599,13.015411299946186]]},"properties":{"id":"L00672","strahler":1,"length_m":24.1,"drop_m":-0.44,"gradient":0.0,"area_ha":6.55,"on_drain_share":0.0,"downstream":"L00662"}},{"type":"Feature","geometry":{"type":"LineString","coordinates":[[80.23278512675101,13.015226375426261],[80.2329692748078,13.015317339648938]]},"properties":{"id":"L00673","strahler":1,"length_m":24.1,"drop_m":0.0,"gradient":0.0,"area_ha":7.83,"on_drain_share":0.0,"downstream":"L00670"}},{"type":"Feature","geometry":{"type":"LineString","coordinates":[[80.23343061810591,13.015228283446843],[80.23361504422621,13.015228828300675]]},"properties":{"id":"L00674","strahler":1,"length_m":20.0,"drop_m":-0.55,"gradient":0.0,"area_ha":2496.28,"on_drain_share":0.0,"downstream":"L00671"}},{"type":"Feature","geometry":{"type":"LineString","coordinates":[[80.18649592329253,13.014633267348817],[80.1864031217046,13.014813813993056],[80.18640253189679,13.014994649778641],[80.18649444894567,13.015085356824757]]},"properties":{"id":"L00679","strahler":1,"length_m":58.3,"drop_m":-0.16,"gradient":0.0,"area_ha":4.17,"on_drain_share":0.0,"downstream":"L00659"}},{"type":"Feature","geometry":{"type":"LineString","coordinates":[[80.18788292692102,13.013462167459005],[80.18658784025229,13.014723974358478],[80.18649444894567,13.015085356824757]]},"properties":{"id":"L00680","strahler":3,"length_m":242.1,"drop_m":-0.25,"gradient":0.0,"area_ha":94.78,"on_drain_share":0.0,"downstream":"L00659"}},{"type":"Feature","geometry":{"type":"LineString","coordinates":[[80.23343117383365,13.01504744560516],[80.23361504422621,13.015228828300675]]},"properties":{"id":"L00681","strahler":1,"length_m":28.3,"drop_m":-0.82,"gradient":0.0,"area_ha":11.55,"on_drain_share":0.0,"downstream":"L00671"}},{"type":"Feature","geometry":{"type":"LineString","coordinates":[[80.23481492365462,13.014870690852522],[80.23453828479657,13.014869874824003],[80.23435302632203,13.015140587465213],[80.23398417415639,13.015139498682867]]},"properties":{"id":"L00682","strahler":1,"length_m":108.3,"drop_m":4.9,"gradient":0.04525,"area_ha":6.2,"on_drain_share":0.0,"downstream":null}},{"type":"Feature","geometry":{"type":"LineString","coordinates":[[80.24468254320084,13.014628345555208],[80.24495836141276,13.014900408252775],[80.24514278778634,13.014900944899251],[80.24523527455543,13.01481079400171],[80.2454194273622,13.014901749623217],[80.24615713298866,13.014903894112035],[80.24634128623565,13.01499484910067],[80.2464329531859,13.01517595534086],[80.24661737982603,13.015176490950333]]},"properties":{"id":"L00683","strahler":3,"length_m":249.0,"drop_m":0.71,"gradient":0.00284,"area_ha":125.56,"on_drain_share":0.0,"downstream":"L00630"}},{"type":"Feature","geometry":{"type":"LineString","coordinates":[[80.25989611947075,13.015214710375915],[80.25971222891741,13.0150333452643],[80.25971303391563,13.014762086850547],[80.2598979973321,13.014581774050706]]},"properties":{"id":"L00694","strahler":2,"length_m":86.6,"drop_m":-0.0,"gradient":0.0,"area_ha":20.78,"on_drain_share":0.0,"downstream":null}},{"type":"Feature","geometry":{"type":"LineString","coordinates":[[80.1782896784893,13.014426569813791],[80.17847410154205,13.014427153826944],[80.17856601533776,13.014517863502634],[80.17930400539075,13.01442978026434],[80.1793965143718,13.014339654189145],[80.18050275571562,13.014433569322023],[80.18087041443745,13.01479640515057],[80.18133087958537,13.014978695949013]]},"properties":{"id":"L00685","strahler":1,"length_m":371.4,"drop_m":2.65,"gradient":0.00714,"area_ha":8.6,"on_drain_share":0.0,"downstream":"L00660"}},{"type":"Feature","geometry":{"type":"LineString","coordinates":[[80.23158830705364,13.014589895517007],[80.2320493709905,13.014591260613939],[80.23241738751182,13.014863608808163]]},"properties":{"id":"L00688","strahler":1,"length_m":102.4,"drop_m":2.47,"gradient":0.02414,"area_ha":7.73,"on_drain_share":0.0,"downstream":null}},{"type":"Feature","geometry":{"type":"LineString","coordinates":[[80.1984014306836,13.011505656094345],[80.19849364159067,13.011505940907195],[80.19849102751361,13.01231970456453],[80.19858294829298,13.012410407546055],[80.19858236742526,13.012591243910185],[80.19821235990155,13.012951777182934],[80.19821148815628,13.013223031692187],[80.19802648377987,13.013403298087528],[80.19802532113725,13.013764970736176],[80.19811724223804,13.01385567389386],[80.19802212368896,13.014759570467545]]},"properties":{"id":"L00689","strahler":1,"length_m":407.3,"drop_m":2.21,"gradient":0.00543,"area_ha":11.22,"on_drain_share":0.0,"downstream":"L00634"}},{"type":"Feature","geometry":{"type":"LineString","coordinates":[[80.1982071291336,13.014579304152674],[80.19802212368896,13.014759570467545]]},"properties":{"id":"L00690","strahler":1,"length_m":28.3,"drop_m":-1.02,"gradient":0.0,"area_ha":4.17,"on_drain_share":0.0,"downstream":"L00634"}},{"type":"Feature","geometry":{"type":"LineString","coordinates":[[80.23334368475837,13.01351005140947],[80.23315925992044,13.013509506433417],[80.23288178859012,13.013779945482325],[80.23315675849844,13.014323276745262],[80.23315620260378,13.01450411458536],[80.23306371183652,13.014594260943792],[80.23306315586244,13.014775098776159],[80.23315536874605,13.01477537134074]]},"properties":{"id":"L00691","strahler":1,"length_m":199.0,"drop_m":7.27,"gradient":0.03652,"area_ha":7.41,"on_drain_share":0.0,"downstream":null}},{"type":"Feature","geometry":{"type":"LineString","coordinates":[[80.18889431256352,13.014369519734679],[80.18797513831129,13.013462456051712],[80.18788292692102,13.013462167459005]]},"properties":{"id":"L00703","strahler":1,"length_m":151.4,"drop_m":0.71,"gradient":0.0047,"area_ha":5.86,"on_drain_share":0.0,"downstream":"L00680"}},{"type":"Feature","geometry":{"type":"LineString","coordinates":[[80.24330346116328,13.013268028079251],[80.24468254320084,13.014628345555208]]},"properties":{"id":"L00693","strahler":3,"length_m":212.1,"drop_m":-0.77,"gradient":0.0,"area_ha":109.21,"on_drain_share":0.0,"downstream":"L00683"}},{"type":"Feature","geometry":{"type":"LineString","coordinates":[[80.217028645561,13.011381686102032],[80.2173969235017,13.011563635877465],[80.21785656312576,13.01201711892391],[80.21785627968617,13.012107537531925],[80.21794849125102,13.012107815445004],[80.21850006140573,13.01265199395411],[80.21868448496843,13.012652549312813],[80.21868420181455,13.012742967934345],[80.21960320893177,13.01374034779642],[80.21969485551249,13.013921462393979],[80.21969372423456,13.014283136928453],[80.21978565385263,13.014373832868179]]},"properties":{"id":"L00695","strahler":1,"length_m":483.6,"drop_m":2.22,"gradient":0.00458,"area_ha":13.34,"on_drain_share":0.0,"downstream":"L00644"}},{"type":"Feature","geometry":{"type":"LineString","coordinates":[[80.21978650222046,13.014102576964204],[80.21978565385263,13.014373832868179]]},"properties":{"id":"L00696","strahler":3,"length_m":30.0,"drop_m":-0.09,"gradient":0.0,"area_ha":133.48,"on_drain_share":0.0,"downstream":"L00644"}},{"type":"Feature","geometry":{"type":"LineString","coordinates":[[80.24164088710577,13.014167373415374],[80.24164143683542,13.013986535211975],[80.24210387419372,13.013535786815709],[80.24228829943647,13.013536325435698],[80.24238078664497,13.013446175575243]]},"properties":{"id":"L00705","strahler":1,"length_m":124.9,"drop_m":3.07,"gradient":0.02463,"area_ha":4.42,"on_drain_share":0.0,"downstream":"L00711"}},{"type":"Feature","geometry":{"type":"LineString","coordinates":[[80.21897385553021,13.008584543209798],[80.21934269669418,13.008585652782138],[80.21952768279671,13.008405370033817],[80.21971210326647,13.00840592448452],[80.22007981400922,13.008768707714184],[80.22016919901802,13.009673171545975],[80.22035305548658,13.009854562949988],[80.22035192552838,13.010216237654497],[80.22044385398794,13.010306933317816],[80.22044272412069,13.010668608017594],[80.22053465277213,13.01075930365692],[80.22044102925577,13.01121112004821],[80.22034853544892,13.011301261707091],[80.22034684029396,13.0118437736991],[80.21997686354544,13.012204339897863],[80.21997601551263,13.012475595853793],[80.21988352105181,13.012565737302161],[80.21988267289315,13.012836993244496],[80.22025039004905,13.013199776493913],[80.22006483533778,13.01356089681183],[80.21978735056905,13.013831321054512],[80.21978650222046,13.014102576964204]]},"properties":{"id":"L00697","strahler":3,"length_m":821.8,"drop_m":0.49,"gradient":0.0006,"area_ha":105.64,"on_drain_share":0.0,"downstream":"L00696"}},{"type":"Feature","geometry":{"type":"LineString","coordinates":[[80.22063872308539,13.006961995595455],[80.22091619890736,13.00669156981613],[80.22155912849672,13.00750727462088],[80.2214663544897,13.00768783552103],[80.22146466225148,13.008230347808592],[80.2222923002023,13.008956185403997],[80.22238366550344,13.009227717854724],[80.22302716918743,13.009862582038144],[80.2231185355774,13.010134114275274],[80.22339432426068,13.010406198403839],[80.2233931986606,13.010767873355325],[80.22320793186068,13.011038577616526],[80.22320736890151,13.011219415076722],[80.22283739702632,13.01157998565731],[80.22283655214522,13.011851241811422],[80.22237549427784,13.011849860629368],[80.222283000879,13.011940002999546],[80.22191415449831,13.011938897325276],[80.22182222490723,13.01184820212988],[80.22024982484947,13.013380613796471],[80.22015676484781,13.013651592617615],[80.21978650222046,13.014102576964204]]},"properties":{"id":"L00698","strahler":1,"length_m":1222.7,"drop_m":4.5,"gradient":0.00368,"area_ha":27.57,"on_drain_share":0.0,"downstream":"L00696"}},{"type":"Feature","geometry":{"type":"LineString","coordinates":[[80.21277922625096,13.013810153202513],[80.21277865560856,13.013990990172159]]},"properties":{"id":"L00699","strahler":1,"length_m":20.0,"drop_m":-0.12,"gradient":0.0,"area_ha":5.54,"on_drain_share":0.0,"downstream":"L00600"}},{"type":"Feature","geometry":{"type":"LineString","coordinates":[[80.2155461582616,13.013637694447707],[80.21545366183769,13.01372783419345],[80.21517702551913,13.013726997594308],[80.21490124285543,13.013454905100678],[80.2144398981908,13.013543928175956],[80.21434740142729,13.013634067507132],[80.21397883812296,13.013542531898329],[80.21379384421648,13.013722810175581],[80.21360942007937,13.013722251296114],[80.21351692296336,13.013812390309079],[80.21296365041614,13.013810712675733],[80.21277865560856,13.013990990172159]]},"properties":{"id":"L00700","strahler":1,"length_m":349.7,"drop_m":1.34,"gradient":0.00382,"area_ha":13.24,"on_drain_share":0.0,"downstream":"L00600"}},{"type":"Feature","geometry":{"type":"LineString","coordinates":[[80.25925411462354,13.01403741517135],[80.25934632779246,13.014037678413136]]},"properties":{"id":"L00701","strahler":1,"length_m":10.0,"drop_m":0.0,"gradient":0.0,"area_ha":9.57,"on_drain_share":0.0,"downstream":null}},{"type":"Feature","geometry":{"type":"LineString","coordinates":[[80.25925465158062,13.013856576234433],[80.25934686468271,13.013856839472437]]},"properties":{"id":"L00702","strahler":1,"length_m":10.0,"drop_m":0.0,"gradient":0.0,"area_ha":16.07,"on_drain_share":0.0,"downstream":null}},{"type":"Feature","geometry":{"type":"LineString","coordinates":[[80.20752400283565,13.013522898010084],[80.20807928307944,13.012891658497677],[80.20835591799747,13.012892502610482],[80.20844841650784,13.012802365518482],[80.20863226613297,13.012983764829253]]},"properties":{"id":"L00721","strahler":1,"length_m":167.3,"drop_m":0.35,"gradient":0.00208,"area_ha":6.57,"on_drain_share":0.0,"downstream":"L00715"}},{"type":"Feature","geometry":{"type":"LineString","coordinates":[[80.18816044378887,13.013191779308839],[80.18788292692102,13.013462167459005]]},"properties":{"id":"L00704","strahler":3,"length_m":42.4,"drop_m":0.04,"gradient":0.00106,"area_ha":87.86,"on_drain_share":0.0,"downstream":"L00680"}},{"type":"Feature","geometry":{"type":"LineString","coordinates":[[80.24238078664497,13.013446175575243],[80.24256521183334,13.013446713994785],[80.2429346109958,13.013266952172994],[80.24330346116328,13.013268028079251]]},"properties":{"id":"L00711","strahler":2,"length_m":108.3,"drop_m":-1.3,"gradient":0.0,"area_ha":48.05,"on_drain_share":0.0,"downstream":"L00693"}},{"type":"Feature","geometry":{"type":"LineString","coordinates":[[80.20300677985358,13.013147385672644],[80.2030062021582,13.013328222222475]]},"properties":{"id":"L00708","strahler":3,"length_m":20.0,"drop_m":0.24,"gradient":0.01177,"area_ha":107.25,"on_drain_share":0.0,"downstream":"L00668"}},{"type":"Feature","geometry":{"type":"LineString","coordinates":[[80.23841592312363,13.013344148818254],[80.23896919797684,13.013345772124934],[80.23961551214087,13.013076407296785],[80.23989214933862,13.013077217802342],[80.24044707541086,13.012536323416503],[80.24035541378788,13.012355215316964],[80.24100254917528,13.011814589482075]]},"properties":{"id":"L00740","strahler":1,"length_m":376.3,"drop_m":-1.5,"gradient":0.0,"area_ha":10.65,"on_drain_share":0.0,"downstream":"L00709"}},{"type":"Feature","geometry":{"type":"LineString","coordinates":[[80.24100254917528,13.011814589482075],[80.24127836021438,13.012086655758566],[80.241369747514,13.012358182675522],[80.24173749701956,13.012720937189885],[80.24173694741488,13.012901775414925],[80.24238078664497,13.013446175575243]]},"properties":{"id":"L00709","strahler":2,"length_m":248.0,"drop_m":2.52,"gradient":0.01014,"area_ha":41.38,"on_drain_share":0.0,"downstream":"L00711"}},{"type":"Feature","geometry":{"type":"LineString","coordinates":[[80.17893962294941,13.013072347310569],[80.17912464002426,13.012892095319513],[80.17912523500823,13.012711259834333],[80.17949497072264,13.012441173133174],[80.18032457112858,13.01253421368446],[80.18050958684069,13.012353960615048],[80.18143199169322,13.012266453227657],[80.18161700644346,13.012086199305505],[80.18189363866236,13.012087071574669]]},"properties":{"id":"L00727","strahler":1,"length_m":385.6,"drop_m":5.21,"gradient":0.01352,"area_ha":12.75,"on_drain_share":0.0,"downstream":"L00661"}},{"type":"Feature","geometry":{"type":"LineString","coordinates":[[80.18834633715659,13.01274026650238],[80.18834545470001,13.013011520354349],[80.18816044378887,13.013191779308839]]},"properties":{"id":"L00710","strahler":3,"length_m":58.3,"drop_m":0.54,"gradient":0.0093,"area_ha":77.47,"on_drain_share":0.0,"downstream":"L00704"}},{"type":"Feature","geometry":{"type":"LineString","coordinates":[[80.19157255623456,13.013112013532558],[80.19120488334573,13.012749192051155],[80.19102046094666,13.012748617159334],[80.19010099062125,13.011931978790457]]},"properties":{"id":"L00731","strahler":1,"length_m":213.8,"drop_m":0.29,"gradient":0.00138,"area_ha":10.6,"on_drain_share":0.0,"downstream":"L00749"}},{"type":"Feature","geometry":{"type":"LineString","coordinates":[[80.25925626240317,13.01331405940845],[80.25934847530478,13.013314322635106]]},"properties":{"id":"L00712","strahler":1,"length_m":10.0,"drop_m":0.0,"gradient":0.0,"area_ha":3615.31,"on_drain_share":0.0,"downstream":null}},{"type":"Feature","geometry":{"type":"LineString","coordinates":[[80.20199679015145,13.011787994313659],[80.20273187864844,13.012604026213069],[80.20300677985358,13.013147385672644]]},"properties":{"id":"L00713","strahler":1,"length_m":195.6,"drop_m":0.34,"gradient":0.00174,"area_ha":4.48,"on_drain_share":0.0,"downstream":"L00708"}},{"type":"Feature","geometry":{"type":"LineString","coordinates":[[80.20347274518308,13.011611690454112],[80.20337793596303,13.01242517203276],[80.20300735754024,13.012966549120266],[80.20300677985358,13.013147385672644]]},"properties":{"id":"L00714","strahler":3,"length_m":190.7,"drop_m":-2.72,"gradient":0.0,"area_ha":102.74,"on_drain_share":0.0,"downstream":"L00708"}},{"type":"Feature","geometry":{"type":"LineString","coordinates":[[80.20863226613297,13.012983764829253],[80.20872390427279,13.013164882842169]]},"properties":{"id":"L00715","strahler":2,"length_m":24.1,"drop_m":-0.28,"gradient":0.0,"area_ha":17.95,"on_drain_share":0.0,"downstream":"L00645"}},{"type":"Feature","geometry":{"type":"LineString","coordinates":[[80.21021474635288,13.0082867814607],[80.21067436648565,13.008740276251688],[80.21067207868418,13.009463624029229],[80.21039458915024,13.009734037991201],[80.2101182437866,13.009642777796332],[80.20993439533507,13.009461379571556],[80.20974940187942,13.009641655027332],[80.20938056000685,13.009640531734291],[80.20910278238398,13.01000136265191],[80.20919384683378,13.01036331735984],[80.20956154411552,13.010726114730824],[80.20955867985809,13.01163029906473],[80.20946618218508,13.011720436608579],[80.20946532275896,13.01199169188841],[80.2092803269991,13.012171966847895],[80.2092788942232,13.01262405894171],[80.20872390427279,13.013164882842169]]},"properties":{"id":"L00716","strahler":3,"length_m":784.3,"drop_m":0.74,"gradient":0.00094,"area_ha":164.57,"on_drain_share":0.0,"downstream":"L00645"}},{"type":"Feature","geometry":{"type":"LineString","coordinates":[[80.24321947602978,13.0105551846576],[80.2433111392032,13.010736291848309],[80.24284870938166,13.011187042897816],[80.2429406468182,13.011277731060602],[80.24293927512846,13.011729826794932],[80.24312232766465,13.012182460485674],[80.24293598286171,13.012814856492605],[80.24330373540697,13.013177608936713],[80.24330346116328,13.013268028079251]]},"properties":{"id":"L00717","strahler":2,"length_m":362.1,"drop_m":1.64,"gradient":0.00452,"area_ha":53.9,"on_drain_share":0.0,"downstream":"L00693"}},{"type":"Feature","geometry":{"type":"LineString","coordinates":[[80.17654273356764,13.01288391463012],[80.17663822670488,13.011889612663213],[80.17608675484766,13.011345350562753],[80.17618165181655,13.010531884104555],[80.17646066909782,13.009809420463364],[80.17646126586624,13.009628585056706],[80.1761861291333,13.009175618663534]]},"properties":{"id":"L00778","strahler":1,"length_m":468.0,"drop_m":-0.07,"gradient":0.0,"area_ha":14.74,"on_drain_share":0.0,"downstream":"L00790"}},{"type":"Feature","geometry":{"type":"LineString","coordinates":[[80.19269371913605,13.008594555554284],[80.19269196423437,13.00913706401061],[80.19305992677609,13.009409465219145],[80.19333655681605,13.009410325116965],[80.19379614641888,13.009863848101835],[80.19379410161508,13.01049677474274],[80.19397793836056,13.01067818375171],[80.19397735423583,13.010859019934799],[80.19416089937006,13.011130846925793],[80.19415827124129,13.011944609738132],[80.19406547615091,13.012125159544846],[80.19434094140507,13.012487690902915],[80.19433918954147,13.013030199417702]]},"properties":{"id":"L00718","strahler":1,"length_m":596.3,"drop_m":4.05,"gradient":0.0068,"area_ha":11.3,"on_drain_share":0.0,"downstream":"L00603"}},{"type":"Feature","geometry":{"type":"LineString","coordinates":[[80.19480812470569,13.010590341761423],[80.19489946001126,13.010861882168513],[80.19517521688601,13.011133994549963],[80.1951743419653,13.011405248894306],[80.19535788882082,13.01167707512706],[80.19443256870393,13.012668813357935],[80.19443169286905,13.012940067620544],[80.19433918954147,13.013030199417702]]},"properties":{"id":"L00719","strahler":1,"length_m":340.4,"drop_m":2.16,"gradient":0.00635,"area_ha":11.38,"on_drain_share":0.0,"downstream":"L00603"}},{"type":"Feature","geometry":{"type":"LineString","coordinates":[[80.25925706778708,13.013042800986895],[80.25934901216257,13.013133483684253]]},"properties":{"id":"L00720","strahler":1,"length_m":14.1,"drop_m":0.0,"gradient":0.0,"area_ha":27.08,"on_drain_share":0.0,"downstream":null}},{"type":"Feature","geometry":{"type":"LineString","coordinates":[[80.20799395965584,13.01072133559066],[80.20836165558775,13.011084134582031],[80.20854521715812,13.011355952311852],[80.20854435675577,13.011627207538723],[80.20872820563974,13.011808606751996],[80.20872562487806,13.012622372423248],[80.20863312653256,13.0127125096249],[80.20863226613297,13.012983764829253]]},"properties":{"id":"L00722","strahler":2,"length_m":287.3,"drop_m":0.39,"gradient":0.00135,"area_ha":11.3,"on_drain_share":0.0,"downstream":"L00715"}},{"type":"Feature","geometry":{"type":"LineString","coordinates":[[80.18834692544988,13.012559430597884],[80.18834633715659,13.01274026650238]]},"properties":{"id":"L00723","strahler":1,"length_m":20.0,"drop_m":-0.18,"gradient":0.0,"area_ha":4.93,"on_drain_share":0.0,"downstream":"L00710"}},{"type":"Feature","geometry":{"type":"LineString","coordinates":[[80.18844060704444,13.012107629223356],[80.18843884240505,13.012650136960701],[80.18834633715659,13.01274026650238]]},"properties":{"id":"L00724","strahler":3,"length_m":74.1,"drop_m":0.61,"gradient":0.00819,"area_ha":70.42,"on_drain_share":0.0,"downstream":"L00710"}},{"type":"Feature","geometry":{"type":"LineString","coordinates":[[80.22615560949919,13.012041999721914],[80.2264314036706,13.012314080888164],[80.226429721605,13.012856593623392]]},"properties":{"id":"L00725","strahler":2,"length_m":102.4,"drop_m":0.68,"gradient":0.00663,"area_ha":48.87,"on_drain_share":0.0,"downstream":"L00618"}},{"type":"Feature","geometry":{"type":"LineString","coordinates":[[80.22827703898834,13.011867477911643],[80.22753710594584,13.012588633612678],[80.22661470623075,13.012676305771418],[80.226429721605,13.012856593623392]]},"properties":{"id":"L00726","strahler":2,"length_m":245.6,"drop_m":-3.32,"gradient":0.0,"area_ha":55.01,"on_drain_share":0.0,"downstream":"L00618"}},{"type":"Feature","geometry":{"type":"LineString","coordinates":[[80.24745466423714,13.012737580518792],[80.24819454343726,13.012016364866943],[80.24819754020827,13.01102175304381]]},"properties":{"id":"L00755","strahler":1,"length_m":223.1,"drop_m":1.25,"gradient":0.00558,"area_ha":8.35,"on_drain_share":0.0,"downstream":"L00776"}},{"type":"Feature","geometry":{"type":"LineString","coordinates":[[80.18180498582178,13.011001767105089],[80.18189660326846,13.011182893438516],[80.18189363866236,13.012087071574669]]},"properties":{"id":"L00728","strahler":3,"length_m":124.1,"drop_m":0.32,"gradient":0.00258,"area_ha":319.35,"on_drain_share":0.0,"downstream":"L00661"}},{"type":"Feature","geometry":{"type":"LineString","coordinates":[[80.18678729406852,13.01011323863927],[80.18706392445783,13.01011410526812],[80.18724893369456,13.009933846965339],[80.18743335384053,13.009934424414832],[80.18752585829633,13.009844295137482],[80.18817132865901,13.00984631493523],[80.18826324460744,13.009937021316308],[80.18826265637622,13.010117857253507],[80.18844648859819,13.01029926993368],[80.18872135553642,13.010842642657181],[80.18862620496618,13.011746534066544],[80.1884411952398,13.011926793305825],[80.18844060704444,13.012107629223356]]},"properties":{"id":"L00729","strahler":1,"length_m":449.7,"drop_m":2.79,"gradient":0.0062,"area_ha":11.98,"on_drain_share":0.0,"downstream":"L00724"}},{"type":"Feature","geometry":{"type":"LineString","coordinates":[[80.18927403067768,13.011025207562678],[80.18844060704444,13.012107629223356]]},"properties":{"id":"L00730","strahler":3,"length_m":157.3,"drop_m":-0.03,"gradient":0.0,"area_ha":58.09,"on_drain_share":0.0,"downstream":"L00724"}},{"type":"Feature","geometry":{"type":"LineString","coordinates":[[80.19997249514782,13.010425474775582],[80.20015604678044,13.010697297897188],[80.20015517730423,13.010968552582879],[80.20043094036032,13.011240659717624],[80.20043036088586,13.01142149618001],[80.20033786019226,13.011511630285296],[80.20042978140266,13.01160233263986],[80.20042862240996,13.011964005551935],[80.20052054381202,13.012054707882811],[80.20116602196326,13.012056695696717],[80.20125852258944,13.011966561294308],[80.20125910148884,13.011785724802817]]},"properties":{"id":"L00737","strahler":1,"length_m":317.3,"drop_m":1.43,"gradient":0.00452,"area_ha":11.69,"on_drain_share":0.0,"downstream":null}},{"type":"Feature","geometry":{"type":"LineString","coordinates":[[80.25916727133063,13.012228762451246],[80.25925948382927,13.012229025687972]]},"properties":{"id":"L00732","strahler":1,"length_m":10.0,"drop_m":0.0,"gradient":0.0,"area_ha":35.7,"on_drain_share":0.0,"downstream":null}},{"type":"Feature","geometry":{"type":"LineString","coordinates":[[80.19010099062125,13.011931978790457],[80.18991686243655,13.011840985156782],[80.18991744954957,13.011660149169202],[80.18973390886768,13.011388319436014],[80.18927403067768,13.011025207562678]]},"properties":{"id":"L00749","strahler":2,"length_m":149.0,"drop_m":0.53,"gradient":0.00355,"area_ha":19.01,"on_drain_share":0.0,"downstream":"L00730"}},{"type":"Feature","geometry":{"type":"LineString","coordinates":[[80.1903776232547,13.011932842006031],[80.19010099062125,13.011931978790457]]},"properties":{"id":"L00733","strahler":1,"length_m":30.0,"drop_m":-1.01,"gradient":0.0,"area_ha":7.62,"on_drain_share":0.0,"downstream":"L00749"}},{"type":"Feature","geometry":{"type":"LineString","coordinates":[[80.26544012157702,13.011432811434283],[80.26543985539256,13.01152323104636],[80.26589958713886,13.011976633786537],[80.26589905507791,13.012157473021194]]},"properties":{"id":"L00734","strahler":1,"length_m":100.7,"drop_m":4.97,"gradient":0.04933,"area_ha":5.38,"on_drain_share":0.0,"downstream":null}},{"type":"Feature","geometry":{"type":"LineString","coordinates":[[80.22523938800039,13.010140454038646],[80.22514689624632,13.010230597535413],[80.22514633472836,13.01041143509022],[80.22533019553461,13.010592823192694],[80.22560514542147,13.011136161473239],[80.2260648000777,13.011589630792876],[80.22606367824234,13.011951305940944],[80.22615560949919,13.012041999721914]]},"properties":{"id":"L00735","strahler":2,"length_m":259.7,"drop_m":2.18,"gradient":0.00838,"area_ha":23.57,"on_drain_share":0.0,"downstream":"L00725"}},{"type":"Feature","geometry":{"type":"LineString","coordinates":[[80.22654435223669,13.00562336333252],[80.22682042022412,13.005805024999644],[80.22700399912806,13.00607683070455],[80.22700343914089,13.006257668396776],[80.22746308801463,13.00671113504641],[80.22820076633037,13.00671332923195],[80.22847823414008,13.006442894886831],[80.22902925821276,13.00716788960605],[80.22865958003733,13.007438050535681],[80.22856681104756,13.007618614265283],[80.22856597265897,13.007889870870846],[80.22874955493698,13.008161675490678],[80.22865343224062,13.009427265581742],[80.22846845154916,13.00960755514947],[80.2277304848251,13.009695780082815],[80.22754550329478,13.009876068940438],[80.22745245259432,13.010147050970627],[80.22708248818063,13.0105076280677],[80.22689694530315,13.010868754015762],[80.22689610488261,13.011140010446319],[80.22615617035851,13.011861162146467],[80.22615560949919,13.012041999721914]]},"properties":{"id":"L00736","strahler":1,"length_m":1126.4,"drop_m":5.05,"gradient":0.00449,"area_ha":24.06,"on_drain_share":0.0,"downstream":"L00725"}},{"type":"Feature","geometry":{"type":"LineString","coordinates":[[80.2284614624003,13.01186802628965],[80.22827703898834,13.011867477911643]]},"properties":{"id":"L00738","strahler":2,"length_m":20.0,"drop_m":-0.27,"gradient":0.0,"area_ha":45.56,"on_drain_share":0.0,"downstream":"L00726"}},{"type":"Feature","geometry":{"type":"LineString","coordinates":[[80.22873837702518,13.011778429767073],[80.22864588582073,13.011868574536622],[80.2284614624003,13.01186802628965]]},"properties":{"id":"L00739","strahler":1,"length_m":34.1,"drop_m":-0.29,"gradient":0.0,"area_ha":4.97,"on_drain_share":0.0,"downstream":"L00738"}},{"type":"Feature","geometry":{"type":"LineString","coordinates":[[80.2287411718198,13.010874241293179],[80.22864840146505,13.011054804936409],[80.22873949496837,13.011416754385131],[80.22827703898834,13.011867477911643]]},"properties":{"id":"L00741","strahler":1,"length_m":139.0,"drop_m":2.06,"gradient":0.01482,"area_ha":5.42,"on_drain_share":0.0,"downstream":"L00726"}},{"type":"Feature","geometry":{"type":"LineString","coordinates":[[80.22966300625903,13.010967398888404],[80.22901557085312,13.01159841408615],[80.228738936001,13.011597592077374],[80.2284614624003,13.01186802628965]]},"properties":{"id":"L00742","strahler":2,"length_m":171.4,"drop_m":1.9,"gradient":0.01111,"area_ha":40.39,"on_drain_share":0.0,"downstream":"L00738"}},{"type":"Feature","geometry":{"type":"LineString","coordinates":[[80.25861560838811,13.01168466552788],[80.25879949576834,13.011866031287438]]},"properties":{"id":"L00743","strahler":1,"length_m":28.3,"drop_m":0.0,"gradient":0.0,"area_ha":34.66,"on_drain_share":0.0,"downstream":null}},{"type":"Feature","geometry":{"type":"LineString","coordinates":[[80.23501626033341,13.009355677212008],[80.23538399590916,13.009718440057702],[80.23547509894505,13.010080387696416],[80.2358428362326,13.010443149968225],[80.23621168161634,13.010444235723508],[80.23639665768822,13.01026394037065],[80.2367655028549,13.010265025324218],[80.23694937248415,13.010446405661822],[80.2369488195092,13.010627243716634],[80.23786817229045,13.011534143661166],[80.23879029028048,13.011536850093911],[80.23888277789881,13.011446701495421],[80.23925162502789,13.011447783012486],[80.23952881153835,13.011267755654037],[80.2399898701937,13.011269106302548],[80.2400818065616,13.011359795422084],[80.24045065366528,13.011360875227988],[80.24100254917528,13.011814589482075]]},"properties":{"id":"L00744","strahler":1,"length_m":832.5,"drop_m":2.73,"gradient":0.00328,"area_ha":28.14,"on_drain_share":0.0,"downstream":"L00709"}},{"type":"Feature","geometry":{"type":"LineString","coordinates":[[80.17027720761745,13.011417259597735],[80.17000147923859,13.01114512235733]]},"properties":{"id":"L00747","strahler":1,"length_m":42.4,"drop_m":0.5,"gradient":0.01167,"area_ha":5.85,"on_drain_share":0.0,"downstream":null}},{"type":"Feature","geometry":{"type":"LineString","coordinates":[[80.20338428671256,13.010435969526096],[80.2033808227982,13.01152098911329],[80.20347274518308,13.011611690454112]]},"properties":{"id":"L00745","strahler":3,"length_m":134.1,"drop_m":0.88,"gradient":0.00653,"area_ha":92.66,"on_drain_share":0.0,"downstream":"L00714"}},{"type":"Feature","geometry":{"type":"LineString","coordinates":[[80.20485879261737,13.010711748911747],[80.20439629739816,13.011162427520452],[80.20421187557365,13.011161862071125],[80.2040280306136,13.010980459865713],[80.20384360894013,13.010979894162467],[80.20347361109742,13.01134043556169],[80.20347274518308,13.011611690454112]]},"properties":{"id":"L00746","strahler":1,"length_m":225.6,"drop_m":2.85,"gradient":0.01265,"area_ha":7.84,"on_drain_share":0.0,"downstream":"L00714"}},{"type":"Feature","geometry":{"type":"LineString","coordinates":[[80.24967102632918,13.011658957897124],[80.24920996592009,13.011657624408022],[80.24884193422942,13.01138529921685],[80.24865751029706,13.011384765341337],[80.24856502603593,13.011474917619399],[80.24819754020827,13.01102175304381]]},"properties":{"id":"L00756","strahler":1,"length_m":203.1,"drop_m":5.37,"gradient":0.02644,"area_ha":6.94,"on_drain_share":0.0,"downstream":"L00776"}},{"type":"Feature","geometry":{"type":"LineString","coordinates":[[80.23178331230848,13.011154523399114],[80.23169137919804,13.011063831509631],[80.2314147447639,13.01106301238611],[80.23113727452547,13.011333449666147],[80.23049179359548,13.01133153650233],[80.23003185188176,13.01096849346922],[80.22966300625903,13.010967398888404]]},"properties":{"id":"L00757","strahler":1,"length_m":263.1,"drop_m":0.87,"gradient":0.0033,"area_ha":6.48,"on_drain_share":0.0,"downstream":"L00742"}},{"type":"Feature","geometry":{"type":"LineString","coordinates":[[80.27014295323386,13.011446080265692],[80.27032737811082,13.011446598875812]]},"properties":{"id":"L00748","strahler":1,"length_m":20.0,"drop_m":0.0,"gradient":0.0,"area_ha":6.85,"on_drain_share":0.0,"downstream":null}},{"type":"Feature","geometry":{"type":"LineString","coordinates":[[80.2640641365383,13.008987563615712],[80.2637867021407,13.009258037905157],[80.26360227915211,13.009257514733541],[80.26332511087344,13.00943756889804],[80.26277184159152,13.009435997984992],[80.26258688416027,13.009616313220215],[80.2622180377616,13.009615265012695],[80.26212555882026,13.009705422436033],[80.26194113557028,13.00970489806647],[80.26184919139526,13.009614216281115],[80.26129592190634,13.00961264220113],[80.2607437238611,13.009249388820407],[80.26009824390296,13.009247549580678],[80.25991462548474,13.008975765241964],[80.25982241417451,13.008975502302583],[80.25963718685075,13.009246234855432],[80.25908391845499,13.009244656104295],[80.25899117011214,13.009425231854744],[80.25908284467917,13.009606334089865],[80.25908096549341,13.010239270540195],[80.25880352452421,13.010509739112209],[80.25880218165632,13.010961836519808],[80.25852447086834,13.011322724191382]]},"properties":{"id":"L00750","strahler":1,"length_m":893.6,"drop_m":6.54,"gradient":0.00732,"area_ha":31.6,"on_drain_share":0.0,"downstream":null}},{"type":"Feature","geometry":{"type":"LineString","coordinates":[[80.27088197382659,13.0109960552989],[80.27097392194302,13.011086734076304],[80.27097312942107,13.01135799325452]]},"properties":{"id":"L00751","strahler":1,"length_m":44.1,"drop_m":3.28,"gradient":0.07428,"area_ha":4.8,"on_drain_share":0.0,"downstream":null}},{"type":"Feature","geometry":{"type":"LineString","coordinates":[[80.1811642606052,13.009553046395084],[80.18134838357861,13.009644045966521],[80.1813471971137,13.010005717221674],[80.18162293743598,13.01027784309498],[80.18171307199364,13.010911058559564],[80.18180498582178,13.011001767105089]]},"properties":{"id":"L00752","strahler":3,"length_m":194.9,"drop_m":0.68,"gradient":0.00347,"area_ha":308.88,"on_drain_share":0.0,"downstream":"L00728"}},{"type":"Feature","geometry":{"type":"LineString","coordinates":[[80.18346832266627,13.009921980379616],[80.18309948276682,13.009920819716237],[80.18300697677917,13.010010947318927],[80.18282255678054,13.01001036672105],[80.18263754448019,13.010190621674399],[80.18245312436584,13.010190040806153],[80.18180587524672,13.010730513654307],[80.18180498582178,13.011001767105089]]},"properties":{"id":"L00753","strahler":1,"length_m":247.3,"drop_m":3.72,"gradient":0.01506,"area_ha":9.05,"on_drain_share":0.0,"downstream":"L00728"}},{"type":"Feature","geometry":{"type":"LineString","coordinates":[[80.19048215332394,13.008135572911906],[80.18964962588736,13.008946745548366],[80.18964845151773,13.009308417572399],[80.18992508121184,13.00930928109939],[80.18992390720753,13.009670953138082],[80.19019995050733,13.009852652423069],[80.19010597970123,13.010394872755507],[80.18973713849252,13.010393721483426],[80.18927403067768,13.011025207562678]]},"properties":{"id":"L00754","strahler":2,"length_m":470.4,"drop_m":5.2,"gradient":0.01104,"area_ha":38.66,"on_drain_share":0.0,"downstream":"L00730"}},{"type":"Feature","geometry":{"type":"LineString","coordinates":[[80.21251172233272,13.010915922080141],[80.2117763192339,13.01019033471574],[80.21177717602502,13.009919079246668],[80.21186967220564,13.00982894078056],[80.21187024331782,13.009648103792712],[80.21224022708773,13.009287549533003],[80.212332437486,13.009287829382027],[80.2124252185719,13.009107272178694],[80.21233414971701,13.008745318327664],[80.21261192136696,13.008384483568971]]},"properties":{"id":"L00783","strahler":1,"length_m":364.6,"drop_m":-1.45,"gradient":0.0,"area_ha":10.22,"on_drain_share":0.0,"downstream":"L00804"}},{"type":"Feature","geometry":{"type":"LineString","coordinates":[[80.24819754020827,13.01102175304381],[80.2481099598405,13.009484358419412]]},"properties":{"id":"L00776","strahler":2,"length_m":174.1,"drop_m":2.08,"gradient":0.01196,"area_ha":17.49,"on_drain_share":0.0,"downstream":"L00812"}},{"type":"Feature","geometry":{"type":"LineString","coordinates":[[80.25612911205178,13.010592507668452],[80.2564966123312,13.01104566177401]]},"properties":{"id":"L00758","strahler":2,"length_m":66.6,"drop_m":0.82,"gradient":0.01229,"area_ha":26.45,"on_drain_share":0.0,"downstream":null}},{"type":"Feature","geometry":{"type":"LineString","coordinates":[[80.17387580294317,13.010705391583322],[80.17387700030218,13.010343721028717],[80.17396950951655,13.010253596887082],[80.17397010811118,13.010072761600478],[80.17387819762504,13.009982050463941],[80.17397070669675,13.009891926311335]]},"properties":{"id":"L00769","strahler":1,"length_m":102.4,"drop_m":0.38,"gradient":0.00375,"area_ha":4.73,"on_drain_share":0.0,"downstream":"L00777"}},{"type":"Feature","geometry":{"type":"LineString","coordinates":[[80.2318938896499,13.005187146540987],[80.23216968329208,13.005459221677679],[80.23216773649293,13.006092154391416],[80.23225966805957,13.006182846054017],[80.23234993130153,13.006816051432951],[80.23271765925415,13.007178817702707],[80.2327171033572,13.007359655623496],[80.23234603809394,13.008081916750976],[80.23234520378159,13.008353173588658],[80.23169750358034,13.00907461528809],[80.23160529283506,13.009074342322828],[80.23095786724983,13.009705363006498],[80.23077344532742,13.009704816491713],[80.22966300625903,13.010967398888404]]},"properties":{"id":"L00759","strahler":2,"length_m":831.5,"drop_m":6.45,"gradient":0.00776,"area_ha":32.39,"on_drain_share":0.0,"downstream":"L00742"}},{"type":"Feature","geometry":{"type":"LineString","coordinates":[[80.2455236716787,13.010923573392605],[80.24580112672646,13.01065311983393],[80.24607721526561,13.010834762034019],[80.24626163868174,13.010835297720883],[80.24635412347827,13.010745146291889],[80.24672269725816,13.010836636364806],[80.24709263541656,13.010476029731816],[80.24709290822645,13.010385610490603],[80.2472773313539,13.010386145437606],[80.2481099598405,13.009484358419412]]},"properties":{"id":"L00775","strahler":1,"length_m":382.8,"drop_m":4.99,"gradient":0.01302,"area_ha":10.06,"on_drain_share":0.0,"downstream":"L00812"}},{"type":"Feature","geometry":{"type":"LineString","coordinates":[[80.20780953799587,13.01072077271653],[80.20799395965584,13.01072133559066]]},"properties":{"id":"L00760","strahler":1,"length_m":20.0,"drop_m":0.7,"gradient":0.0348,"area_ha":4.04,"on_drain_share":0.0,"downstream":"L00722"}},{"type":"Feature","geometry":{"type":"LineString","coordinates":[[80.20781039913493,13.010449517519122],[80.20799395965584,13.01072133559066]]},"properties":{"id":"L00761","strahler":1,"length_m":38.3,"drop_m":0.72,"gradient":0.01879,"area_ha":5.01,"on_drain_share":0.0,"downstream":"L00722"}},{"type":"Feature","geometry":{"type":"LineString","coordinates":[[80.25235249217083,13.009225353523302],[80.25189008072236,13.009676121781084],[80.25234978328652,13.010129547081133],[80.25271890038097,13.010040189992422],[80.25336221700529,13.010765402667268],[80.25354718163241,13.010585094427581],[80.25419266408728,13.010586950145369],[80.25437654731215,13.010768318837128],[80.25502203036329,13.010770172517923],[80.25539195709209,13.010409553394252],[80.25566859233962,13.010410346921647],[80.25612911205178,13.010592507668452]]},"properties":{"id":"L00766","strahler":1,"length_m":636.0,"drop_m":10.57,"gradient":0.01663,"area_ha":17.23,"on_drain_share":0.0,"downstream":"L00758"}},{"type":"Feature","geometry":{"type":"LineString","coordinates":[[80.20218872855035,13.009437686213387],[80.20228064975454,13.009528387921357],[80.20255728055344,13.009529237999894],[80.20338428671256,13.010435969526096]]},"properties":{"id":"L00762","strahler":1,"length_m":181.4,"drop_m":2.23,"gradient":0.01228,"area_ha":5.58,"on_drain_share":0.0,"downstream":"L00745"}},{"type":"Feature","geometry":{"type":"LineString","coordinates":[[80.20302352922359,13.007903124622308],[80.20339121359929,13.008265930077357],[80.2032981378864,13.00853690201883],[80.20348198059118,13.008718304640283],[80.20338428671256,13.010435969526096]]},"properties":{"id":"L00763","strahler":3,"length_m":313.1,"drop_m":1.66,"gradient":0.0053,"area_ha":85.94,"on_drain_share":0.0,"downstream":"L00745"}},{"type":"Feature","geometry":{"type":"LineString","coordinates":[[80.24147130481772,13.009284202136],[80.24211623293135,13.009466925989921],[80.24321947602978,13.0105551846576]]},"properties":{"id":"L00764","strahler":2,"length_m":248.0,"drop_m":-0.05,"gradient":0.0,"area_ha":35.47,"on_drain_share":0.0,"downstream":"L00717"}},{"type":"Feature","geometry":{"type":"LineString","coordinates":[[80.24571410772795,13.008934886727817],[80.24543829487035,13.008662825026114],[80.24543911497372,13.008391567366415],[80.24497806105109,13.008390226689675],[80.24433066923721,13.009021282735228],[80.24414515184041,13.009382422502371],[80.24312836147006,13.010193239120726],[80.24321947602978,13.0105551846576]]},"properties":{"id":"L00765","strahler":1,"length_m":461.1,"drop_m":1.83,"gradient":0.00396,"area_ha":13.04,"on_drain_share":0.0,"downstream":"L00717"}},{"type":"Feature","geometry":{"type":"LineString","coordinates":[[80.25622833034681,13.00824186657338],[80.25604336938169,13.008422176955007],[80.25604283032997,13.00860301583538],[80.25576565780186,13.008783061681472],[80.25567290731463,13.008963636132156],[80.25567236797129,13.009144474989723],[80.25576430961557,13.009235158836471],[80.2557626917248,13.009777675401542],[80.25603932629531,13.009778468495975],[80.25622321037332,13.009959835930772],[80.25622186288972,13.01041193309203],[80.25612911205178,13.010592507668452]]},"properties":{"id":"L00767","strahler":1,"length_m":337.3,"drop_m":10.35,"gradient":0.0307,"area_ha":7.63,"on_drain_share":0.0,"downstream":"L00758"}},{"type":"Feature","geometry":{"type":"LineString","coordinates":[[80.17046703847433,13.00979033309517],[80.1702826192223,13.009789743597183],[80.17000508817766,13.01006011176656]]},"properties":{"id":"L00768","strahler":1,"length_m":62.4,"drop_m":1.25,"gradient":0.02002,"area_ha":4.73,"on_drain_share":0.0,"downstream":null}},{"type":"Feature","geometry":{"type":"LineString","coordinates":[[80.17305130586111,13.009075231293078],[80.1737862872057,13.009891339298242],[80.17397070669675,13.009891926311335]]},"properties":{"id":"L00770","strahler":1,"length_m":143.1,"drop_m":0.73,"gradient":0.00507,"area_ha":9.43,"on_drain_share":0.0,"downstream":"L00777"}},{"type":"Feature","geometry":{"type":"LineString","coordinates":[[80.17397070669675,13.009891926311335],[80.17415572463976,13.009711677893296],[80.17480179045997,13.00953289558724],[80.17498680755718,13.009352646519805],[80.1752628386608,13.009534361030862],[80.1755394676084,13.009535239904025],[80.17563197594127,13.009445115110255],[80.17590860481576,13.009445993584096],[80.1761861291333,13.009175618663534]]},"properties":{"id":"L00777","strahler":2,"length_m":289.7,"drop_m":0.05,"gradient":0.00018,"area_ha":19.28,"on_drain_share":0.0,"downstream":"L00790"}},{"type":"Feature","geometry":{"type":"LineString","coordinates":[[80.2242326557588,13.007696117418545],[80.22395490100232,13.008056965630292],[80.22395405757241,13.008328221930048],[80.22450563370543,13.008872388099112],[80.22478226525918,13.008873214450322],[80.22505749301331,13.009326134426747],[80.2254252132494,13.009688910572601],[80.22524023015482,13.009869197693835],[80.22523938800039,13.010140454038646]]},"properties":{"id":"L00771","strahler":1,"length_m":374.6,"drop_m":2.15,"gradient":0.00573,"area_ha":13.34,"on_drain_share":0.0,"downstream":"L00735"}},{"type":"Feature","geometry":{"type":"LineString","coordinates":[[80.22681061711151,13.008969684175566],[80.22653258416038,13.009420954054896],[80.22634816264107,13.00942040440767],[80.2261643018667,13.009239017017174],[80.22597960006397,13.009328885918327],[80.22597931962787,13.00941930472019],[80.22523938800039,13.010140454038646]]},"properties":{"id":"L00772","strahler":1,"length_m":258.0,"drop_m":2.67,"gradient":0.01035,"area_ha":6.08,"on_drain_share":0.0,"downstream":"L00735"}},{"type":"Feature","geometry":{"type":"LineString","coordinates":[[80.18080046690835,13.008014779744553],[80.18089237938301,13.008105488550141],[80.1809813247176,13.009100375463403],[80.1811642606052,13.009553046395084]]},"properties":{"id":"L00773","strahler":3,"length_m":186.6,"drop_m":-1.03,"gradient":0.0,"area_ha":294.93,"on_drain_share":0.0,"downstream":"L00752"}},{"type":"Feature","geometry":{"type":"LineString","coordinates":[[80.18338173407386,13.008203750825801],[80.18301289672165,13.008202590189889],[80.18282758992423,13.008473263248485],[80.1824578636693,13.008743355343872],[80.18208843295626,13.008923029022933],[80.18190401380397,13.008922447820122],[80.18162649560138,13.009192829246663],[80.18116544729247,13.009191375143937],[80.1811642606052,13.009553046395084]]},"properties":{"id":"L00774","strahler":1,"length_m":331.4,"drop_m":4.35,"gradient":0.01313,"area_ha":9.22,"on_drain_share":0.0,"downstream":"L00752"}},{"type":"Feature","geometry":{"type":"LineString","coordinates":[[80.2481099598405,13.009484358419412],[80.24811268394585,13.00858016569766],[80.24792962442689,13.008127535051576],[80.24793125913033,13.007585019392081],[80.24783932106334,13.007494332946887],[80.24784068341629,13.007042236552962],[80.24774874557276,13.006951550084658]]},"properties":{"id":"L00812","strahler":2,"length_m":296.6,"drop_m":-3.17,"gradient":0.0,"area_ha":33.76,"on_drain_share":0.0,"downstream":"L00823"}},{"type":"Feature","geometry":{"type":"LineString","coordinates":[[80.1761861291333,13.009175618663534],[80.17674117596486,13.00863486780746],[80.17692529647391,13.008725870386746],[80.17738634343118,13.008727331969483],[80.17775637258686,13.008366829682195],[80.17775815984338,13.00782432321713],[80.1780356803672,13.007553946057845],[80.17803627588751,13.007373110548],[80.17840511155312,13.00737427818187],[80.17858863671668,13.007646115103901],[80.17895836511899,13.007376028650315],[80.17923499193228,13.007376903442474],[80.17941851803793,13.007648739831675],[80.17951072708486,13.00764903130436],[80.17987837489004,13.008011868044848],[80.18024721167043,13.008013033117697],[80.18052472988511,13.007742653152595],[80.18080046690835,13.008014779744553]]},"properties":{"id":"L00790","strahler":2,"length_m":728.4,"drop_m":7.22,"gradient":0.00991,"area_ha":55.13,"on_drain_share":0.0,"downstream":"L00773"}},{"type":"Feature","geometry":{"type":"LineString","coordinates":[[80.24101024967047,13.009282854321158],[80.24147130481772,13.009284202136]]},"properties":{"id":"L00779","strahler":1,"length_m":50.0,"drop_m":-1.37,"gradient":0.0,"area_ha":4.69,"on_drain_share":0.0,"downstream":"L00764"}},{"type":"Feature","geometry":{"type":"LineString","coordinates":[[80.23668380014581,13.00682883078518],[80.2368679437629,13.006919792034019],[80.23732899409988,13.006921146964913],[80.23824833546195,13.00782804513937],[80.23852496675364,13.007828856780904],[80.23907905635399,13.007559221903358],[80.23972452882701,13.0075611131712],[80.24000033395929,13.007833180557986],[80.24083022824655,13.00783560899839],[80.2413851400915,13.00729471163553],[80.24193620497778,13.008019681093932],[80.24165874906828,13.008290130505648],[80.24165819960022,13.008470968788997],[80.24119577139372,13.008921717037683],[80.24119522156258,13.009102555292786],[80.24147130481772,13.009284202136]]},"properties":{"id":"L00780","strahler":1,"length_m":901.5,"drop_m":2.2,"gradient":0.00243,"area_ha":25.76,"on_drain_share":0.0,"downstream":"L00764"}},{"type":"Feature","geometry":{"type":"LineString","coordinates":[[80.21362423801025,13.009020488220733],[80.2132553967103,13.009019370486309],[80.21261192136696,13.008384483568971]]},"properties":{"id":"L00784","strahler":1,"length_m":139.0,"drop_m":-1.0,"gradient":0.0,"area_ha":7.7,"on_drain_share":0.0,"downstream":"L00804"}},{"type":"Feature","geometry":{"type":"LineString","coordinates":[[80.21832810038434,13.008673018839458],[80.21842059384838,13.008582877868795],[80.21869722467967,13.00858371068667],[80.2187891519368,13.008674406879228],[80.21897385553021,13.008584543209798]]},"properties":{"id":"L00781","strahler":1,"length_m":82.4,"drop_m":0.94,"gradient":0.01143,"area_ha":4.48,"on_drain_share":0.0,"downstream":"L00697"}},{"type":"Feature","geometry":{"type":"LineString","coordinates":[[80.20523685007129,13.007819491469624],[80.20606443645579,13.008545378061614],[80.20707874642166,13.008548478559009],[80.20735623794181,13.00827806824869],[80.20735709940617,13.008006813030194],[80.20818928256705,13.00728599843703],[80.20865033043071,13.007287404337635],[80.20920215558012,13.007741182592904],[80.2095707082853,13.00783272443562]]},"properties":{"id":"L00794","strahler":1,"length_m":603.6,"drop_m":0.36,"gradient":0.0006,"area_ha":11.01,"on_drain_share":0.0,"downstream":"L00785"}},{"type":"Feature","geometry":{"type":"LineString","coordinates":[[80.21740996659808,13.007404379535728],[80.21851308724565,13.008492736860758],[80.21897385553021,13.008584543209798]]},"properties":{"id":"L00782","strahler":3,"length_m":223.8,"drop_m":1.5,"gradient":0.0067,"area_ha":85.55,"on_drain_share":0.0,"downstream":"L00697"}},{"type":"Feature","geometry":{"type":"LineString","coordinates":[[80.26738454459351,13.008725695552673],[80.26655703372553,13.007909574935194],[80.26655756513003,13.007728735614704],[80.26646561987481,13.007638055400369],[80.26628119797189,13.007637534195847],[80.26628226114951,13.007275855567196],[80.26637500347634,13.007095276856464],[80.26711481337145,13.006374003104087],[80.26711534430696,13.006193163739585],[80.26730029597127,13.006012844920242]]},"properties":{"id":"L00824","strahler":1,"length_m":407.0,"drop_m":-0.37,"gradient":0.0,"area_ha":10.77,"on_drain_share":0.0,"downstream":"L00840"}},{"type":"Feature","geometry":{"type":"LineString","coordinates":[[80.21261192136696,13.008384483568971],[80.21196816382026,13.007840013722392],[80.21141576174468,13.007567078049709],[80.21104806599133,13.007204283330838]]},"properties":{"id":"L00804","strahler":2,"length_m":223.8,"drop_m":0.44,"gradient":0.00194,"area_ha":18.89,"on_drain_share":0.0,"downstream":"L00803"}},{"type":"Feature","geometry":{"type":"LineString","coordinates":[[80.17231992733572,13.00717410997487],[80.17231962751083,13.007264527600832],[80.17194959271825,13.007625021794341],[80.17130413073245,13.00762296200167],[80.17084158464955,13.008073577677193],[80.17084128426767,13.008163995262963],[80.17028803009133,13.008162227390699],[80.17028863125357,13.007981392243938],[80.17019672291003,13.007890679915963],[80.17001230507434,13.007890090310449]]},"properties":{"id":"L00789","strahler":1,"length_m":331.4,"drop_m":1.31,"gradient":0.00395,"area_ha":11.67,"on_drain_share":0.0,"downstream":null}},{"type":"Feature","geometry":{"type":"LineString","coordinates":[[80.2095707082853,13.00783272443562],[80.20975512788996,13.00783328593593],[80.21021474635288,13.0082867814607]]},"properties":{"id":"L00785","strahler":2,"length_m":90.7,"drop_m":0.52,"gradient":0.00575,"area_ha":45.95,"on_drain_share":0.0,"downstream":"L00716"}},{"type":"Feature","geometry":{"type":"LineString","coordinates":[[80.21058673204911,13.007293300180493],[80.21003175731319,13.007834127940786],[80.21021531859401,13.008105944523772],[80.21021474635288,13.0082867814607]]},"properties":{"id":"L00786","strahler":3,"length_m":143.1,"drop_m":-1.07,"gradient":0.0,"area_ha":104.78,"on_drain_share":0.0,"downstream":"L00716"}},{"type":"Feature","geometry":{"type":"LineString","coordinates":[[80.1888329608642,13.004875343140919],[80.18883178569187,13.005237015204772],[80.18901620244034,13.005237591325345],[80.18910811711945,13.00532829735711],[80.18910752971584,13.005509133396378],[80.18929194667797,13.00550970933293],[80.18938386155739,13.005600415276984],[80.18938268711537,13.005962087370198],[80.18993447196924,13.00641590442397],[80.18993359168219,13.006687158514922],[80.19048567237373,13.007050556486911],[80.19048215332394,13.008135572911906]]},"properties":{"id":"L00787","strahler":1,"length_m":475.6,"drop_m":6.78,"gradient":0.01426,"area_ha":15.59,"on_drain_share":0.0,"downstream":"L00754"}},{"type":"Feature","geometry":{"type":"LineString","coordinates":[[80.19113084297807,13.007142986553273],[80.19085304314638,13.007503796634607],[80.19094466622872,13.00768492013411],[80.19048215332394,13.008135572911906]]},"properties":{"id":"L00788","strahler":2,"length_m":147.3,"drop_m":1.87,"gradient":0.01272,"area_ha":11.67,"on_drain_share":0.0,"downstream":"L00754"}},{"type":"Feature","geometry":{"type":"LineString","coordinates":[[80.19822804793877,13.008069195038832],[80.19859804777359,13.007708661186875],[80.19869025728221,13.00770894584829]]},"properties":{"id":"L00795","strahler":1,"length_m":66.6,"drop_m":1.47,"gradient":0.02214,"area_ha":4.48,"on_drain_share":0.0,"downstream":"L00792"}},{"type":"Feature","geometry":{"type":"LineString","coordinates":[[80.1807106320661,13.007291146206724],[80.18070914810187,13.007743235283503],[80.18080106044744,13.007833944115378],[80.18080046690835,13.008014779744553]]},"properties":{"id":"L00791","strahler":3,"length_m":84.1,"drop_m":0.32,"gradient":0.00379,"area_ha":235.37,"on_drain_share":0.0,"downstream":"L00773"}},{"type":"Feature","geometry":{"type":"LineString","coordinates":[[80.19869025728221,13.00770894584829],[80.19887409586683,13.007890351515337],[80.19924264411864,13.00798190781637],[80.20007513883479,13.007170702337875],[80.20062839492755,13.007172406597968],[80.20072031474652,13.007263108792921],[80.20071973566502,13.007443945323443],[80.20154962087314,13.007446499263612],[80.20154817463388,13.007898590670571],[80.20164009505837,13.007989292569686],[80.20293103079189,13.007993259805964],[80.20302352922359,13.007903124622308]]},"properties":{"id":"L00792","strahler":2,"length_m":602.1,"drop_m":6.58,"gradient":0.01092,"area_ha":16.92,"on_drain_share":0.0,"downstream":"L00763"}},{"type":"Feature","geometry":{"type":"LineString","coordinates":[[80.24977411152942,13.008042452457516],[80.24940635619915,13.00767970894022],[80.24940798763481,13.007137193077565],[80.24922411074652,13.006955821157002],[80.24894747973634,13.006955020969492],[80.24857918280655,13.006773115000378],[80.24793371104654,13.00677124586003],[80.24774874557276,13.006951550084658]]},"properties":{"id":"L00813","strahler":1,"length_m":321.4,"drop_m":3.76,"gradient":0.01169,"area_ha":9.78,"on_drain_share":0.0,"downstream":"L00823"}},{"type":"Feature","geometry":{"type":"LineString","coordinates":[[80.20293276327995,13.007450749936226],[80.20302352922359,13.007903124622308]]},"properties":{"id":"L00793","strahler":2,"length_m":54.1,"drop_m":1.59,"gradient":0.02941,"area_ha":65.61,"on_drain_share":0.0,"downstream":"L00763"}},{"type":"Feature","geometry":{"type":"LineString","coordinates":[[80.20782360082315,13.00629027044328],[80.20892667260736,13.00737866593129],[80.2095707082853,13.00783272443562]]},"properties":{"id":"L00796","strahler":2,"length_m":260.4,"drop_m":-1.26,"gradient":0.0,"area_ha":33.99,"on_drain_share":0.0,"downstream":"L00785"}},{"type":"Feature","geometry":{"type":"LineString","coordinates":[[80.19693914973995,13.007432277142236],[80.19841449990619,13.00743683712804],[80.19869025728221,13.00770894584829]]},"properties":{"id":"L00797","strahler":1,"length_m":202.4,"drop_m":2.94,"gradient":0.0145,"area_ha":6.68,"on_drain_share":0.0,"downstream":"L00792"}},{"type":"Feature","geometry":{"type":"LineString","coordinates":[[80.26969247534447,13.007827994723524],[80.270154852795,13.00737719277596],[80.27015564595524,13.007105933564329],[80.27024785678944,13.007106192796336],[80.27043307130552,13.00683545192801]]},"properties":{"id":"L00814","strahler":1,"length_m":149.0,"drop_m":1.46,"gradient":0.00978,"area_ha":9.34,"on_drain_share":0.0,"downstream":"L00835"}},{"type":"Feature","geometry":{"type":"LineString","coordinates":[[80.19168292653633,13.007506382127838],[80.19131526123981,13.007143561123552],[80.19113084297807,13.007142986553273]]},"properties":{"id":"L00806","strahler":1,"length_m":76.6,"drop_m":-0.18,"gradient":0.0,"area_ha":6.36,"on_drain_share":0.0,"downstream":"L00788"}},{"type":"Feature","geometry":{"type":"LineString","coordinates":[[80.2169483502131,13.0075838264198],[80.21722554697,13.007403823491519],[80.21740996659808,13.007404379535728]]},"properties":{"id":"L00800","strahler":1,"length_m":58.3,"drop_m":0.65,"gradient":0.01121,"area_ha":4.2,"on_drain_share":0.0,"downstream":"L00782"}},{"type":"Feature","geometry":{"type":"LineString","coordinates":[[80.27098395899984,13.007650783991611],[80.27098448718615,13.00746994448811],[80.27043307130552,13.00683545192801]]},"properties":{"id":"L00815","strahler":1,"length_m":114.9,"drop_m":0.66,"gradient":0.00572,"area_ha":7.22,"on_drain_share":0.0,"downstream":"L00835"}},{"type":"Feature","geometry":{"type":"LineString","coordinates":[[80.20182798412905,13.006904840241575],[80.20201240270063,13.006905407202701],[80.20228960849424,13.006725420791355],[80.20293305202031,13.00736033162238],[80.20293276327995,13.007450749936226]]},"properties":{"id":"L00798","strahler":1,"length_m":167.3,"drop_m":-0.03,"gradient":0.0,"area_ha":6.33,"on_drain_share":0.0,"downstream":"L00793"}},{"type":"Feature","geometry":{"type":"LineString","coordinates":[[80.2021124149743,13.004464396329317],[80.2023881735308,13.004736501226164],[80.20275700752963,13.004737634036127],[80.20294084718573,13.004919036908554],[80.20293998113478,13.005190291899611],[80.20321574140061,13.005462396001057],[80.203212278124,13.006547415958536],[80.20293478441675,13.006817821725974],[80.20293420696,13.00699865836065],[80.20302612760602,13.0070893597851],[80.20302526149818,13.007360614736548],[80.20293276327995,13.007450749936226]]},"properties":{"id":"L00799","strahler":2,"length_m":423.8,"drop_m":0.59,"gradient":0.0014,"area_ha":59.05,"on_drain_share":0.0,"downstream":"L00793"}},{"type":"Feature","geometry":{"type":"LineString","coordinates":[[80.17979567300338,13.005118207059594],[80.17979418763886,13.00557029610797],[80.17997801018893,13.005751714285605],[80.1802528537364,13.006295094776407],[80.1805285889437,13.006567221574317],[80.18061871994308,13.00720043735293],[80.1807106320661,13.007291146206724]]},"properties":{"id":"L00801","strahler":3,"length_m":281.4,"drop_m":0.23,"gradient":0.0008,"area_ha":215.46,"on_drain_share":0.0,"downstream":"L00791"}},{"type":"Feature","geometry":{"type":"LineString","coordinates":[[80.18292690306734,13.006303524733852],[80.18274307786312,13.006122108500483],[80.18274396592356,13.005850854884148],[80.18265205351507,13.00576014672801],[80.18237542825605,13.005759275683292],[80.18219160385318,13.005577859099477],[80.18163687174139,13.00602820499984],[80.18163450029417,13.006751547753442],[80.18154199505521,13.006841674894057],[80.18080402800831,13.006929765931375],[80.18071152241772,13.00701989275303],[80.1807106320661,13.007291146206724]]},"properties":{"id":"L00802","strahler":2,"length_m":433.8,"drop_m":8.42,"gradient":0.0194,"area_ha":18.8,"on_drain_share":0.0,"downstream":"L00791"}},{"type":"Feature","geometry":{"type":"LineString","coordinates":[[80.21104806599133,13.007204283330838],[80.21058673204911,13.007293300180493]]},"properties":{"id":"L00803","strahler":2,"length_m":54.1,"drop_m":0.15,"gradient":0.00272,"area_ha":24.94,"on_drain_share":0.0,"downstream":"L00786"}},{"type":"Feature","geometry":{"type":"LineString","coordinates":[[80.2113244091069,13.007295542417312],[80.21123248519763,13.007204843755032],[80.21104806599133,13.007204283330838]]},"properties":{"id":"L00808","strahler":1,"length_m":34.1,"drop_m":-0.19,"gradient":0.0,"area_ha":5.86,"on_drain_share":0.0,"downstream":"L00803"}},{"type":"Feature","geometry":{"type":"LineString","coordinates":[[80.2173180403116,13.007313682900955],[80.21740996659808,13.007404379535728]]},"properties":{"id":"L00805","strahler":3,"length_m":14.1,"drop_m":0.0,"gradient":0.0,"area_ha":75.79,"on_drain_share":0.0,"downstream":"L00782"}},{"type":"Feature","geometry":{"type":"LineString","coordinates":[[80.2097637152835,13.00512073182269],[80.21022332906185,13.005574227140166],[80.21059016347795,13.006208278340289],[80.21068122906043,13.006570232675273],[80.21095699969267,13.00684232909827],[80.2109567138706,13.006932747592057],[80.21058673204911,13.007293300180493]]},"properties":{"id":"L00807","strahler":3,"length_m":310.4,"drop_m":0.33,"gradient":0.00107,"area_ha":78.21,"on_drain_share":0.0,"downstream":"L00786"}},{"type":"Feature","geometry":{"type":"LineString","coordinates":[[80.21621691734853,13.00559239068537],[80.21649240955297,13.00595490015181],[80.2164915581555,13.006226156011627],[80.21713503869952,13.006861033660487],[80.217134187939,13.007132289543245],[80.2173180403116,13.007313682900955]]},"properties":{"id":"L00809","strahler":2,"length_m":239.7,"drop_m":1.36,"gradient":0.00566,"area_ha":56.64,"on_drain_share":0.0,"downstream":"L00805"}},{"type":"Feature","geometry":{"type":"LineString","coordinates":[[80.21805883436018,13.006321300876799],[80.2176888631567,13.006681864242395],[80.21759580335552,13.006952842267419],[80.2173180403116,13.007313682900955]]},"properties":{"id":"L00810","strahler":2,"length_m":143.1,"drop_m":1.01,"gradient":0.00704,"area_ha":19.0,"on_drain_share":0.0,"downstream":"L00805"}},{"type":"Feature","geometry":{"type":"LineString","coordinates":[[80.19104097812134,13.006419354790795],[80.19113084297807,13.007142986553273]]},"properties":{"id":"L00811","strahler":1,"length_m":84.1,"drop_m":1.44,"gradient":0.01711,"area_ha":4.35,"on_drain_share":0.0,"downstream":"L00788"}},{"type":"Feature","geometry":{"type":"LineString","coordinates":[[80.24774874557276,13.006951550084658],[80.24738099486659,13.006588803916035],[80.24738208533859,13.006227126815212],[80.24729014795433,13.00613644020436]]},"properties":{"id":"L00823","strahler":2,"length_m":110.7,"drop_m":0.23,"gradient":0.00209,"area_ha":44.7,"on_drain_share":0.0,"downstream":"L00851"}},{"type":"Feature","geometry":{"type":"LineString","coordinates":[[80.18541565170494,13.006582602349432],[80.18477019022575,13.006580576198001],[80.18449445010168,13.00630845363064],[80.18320352896765,13.006304395226765],[80.18311102443644,13.006394522973117],[80.18292690306734,13.006303524733852]]},"properties":{"id":"L00816","strahler":1,"length_m":290.7,"drop_m":4.07,"gradient":0.01399,"area_ha":8.96,"on_drain_share":0.0,"downstream":"L00802"}},{"type":"Feature","geometry":{"type":"LineString","coordinates":[[80.24516767807386,13.006672797857764],[80.24525961483059,13.006763485185234],[80.24572066577852,13.006764825197367],[80.24581314916722,13.006674673861266],[80.24701188146602,13.006678153610833],[80.24728933000944,13.006407698027068],[80.24729014795433,13.00613644020436]]},"properties":{"id":"L00822","strahler":1,"length_m":280.7,"drop_m":4.23,"gradient":0.01506,"area_ha":8.01,"on_drain_share":0.0,"downstream":"L00851"}},{"type":"Feature","geometry":{"type":"LineString","coordinates":[[80.25272891721193,13.006694673205748],[80.25300554817373,13.00669546934827],[80.25309802905115,13.006605315271326],[80.25328244963988,13.006605845799971],[80.25337438948478,13.006696530413189],[80.25540301727952,13.006702356904915],[80.25549495797078,13.006793040810024],[80.25586379963579,13.006794098345983],[80.25595627957668,13.006703943197452],[80.25614070035869,13.006704471699667],[80.2562326413334,13.006795155358004],[80.25733943564022,13.006707903771304],[80.25761687365095,13.006437436543706],[80.25752654588982,13.00580423642715],[80.25761902487655,13.005714080627211],[80.25761956266263,13.005533241641748],[80.25789699900959,13.005262774003757],[80.25780505793031,13.005172090922134],[80.25780559555845,13.004991251921481]]},"properties":{"id":"L00841","strahler":1,"length_m":752.1,"drop_m":-1.08,"gradient":0.0,"area_ha":26.1,"on_drain_share":0.0,"downstream":"L00882"}},{"type":"Feature","geometry":{"type":"LineString","coordinates":[[80.27043307130552,13.00683545192801],[80.27043677099579,13.005569575426765],[80.27025340770642,13.005207378116049]]},"properties":{"id":"L00835","strahler":2,"length_m":188.3,"drop_m":0.73,"gradient":0.0039,"area_ha":19.57,"on_drain_share":0.0,"downstream":"L00855"}},{"type":"Feature","geometry":{"type":"LineString","coordinates":[[80.1962058423093,13.006073721468846],[80.196481595719,13.006345832335585],[80.19666601363564,13.006346403070495],[80.19684984971838,13.006527810045835],[80.19712734928349,13.006257411141949],[80.19712851253293,13.005895738364375],[80.1976837995993,13.00526452126823],[80.19832925974107,13.005266515115782],[80.1985142575233,13.005086248028928],[80.19879088314411,13.005087101835192],[80.19962336901658,13.004275897150636],[80.19971557728047,13.004276181374195]]},"properties":{"id":"L00847","strahler":1,"length_m":533.6,"drop_m":8.85,"gradient":0.01658,"area_ha":11.27,"on_drain_share":0.0,"downstream":"L00845"}},{"type":"Feature","geometry":{"type":"LineString","coordinates":[[80.18403606674332,13.005493243820013],[80.18366723333563,13.005492084351054],[80.18301970354966,13.006122979177336],[80.18301911169854,13.006303814930897],[80.18292690306734,13.006303524733852]]},"properties":{"id":"L00817","strahler":1,"length_m":169.0,"drop_m":2.15,"gradient":0.01273,"area_ha":6.8,"on_drain_share":0.0,"downstream":"L00802"}},{"type":"Feature","geometry":{"type":"LineString","coordinates":[[80.2065349715744,13.005562980816277],[80.20671996401539,13.005382707555203],[80.20690438168249,13.005383270976514],[80.20782360082315,13.00629027044328]]},"properties":{"id":"L00818","strahler":2,"length_m":189.7,"drop_m":1.89,"gradient":0.00996,"area_ha":19.49,"on_drain_share":0.0,"downstream":"L00796"}},{"type":"Feature","geometry":{"type":"LineString","coordinates":[[80.20773340041698,13.005657060049725],[80.20782360082315,13.00629027044328]]},"properties":{"id":"L00819","strahler":1,"length_m":74.1,"drop_m":0.11,"gradient":0.00146,"area_ha":5.73,"on_drain_share":0.0,"downstream":"L00796"}},{"type":"Feature","geometry":{"type":"LineString","coordinates":[[80.21732767901028,13.00423944913581],[80.2177873057982,13.004692931784147],[80.21778503934173,13.005416281025875],[80.21769254690261,13.00550642184543],[80.21769198019601,13.005687259144251],[80.21805968406112,13.00605004491698],[80.21805883436018,13.006321300876799]]},"properties":{"id":"L00820","strahler":1,"length_m":271.4,"drop_m":-0.01,"gradient":0.0,"area_ha":8.09,"on_drain_share":0.0,"downstream":"L00810"}},{"type":"Feature","geometry":{"type":"LineString","coordinates":[[80.2188027346886,13.004334310862623],[80.21880132004847,13.00478640426591],[80.21861605328283,13.005057105342171],[80.21852214602988,13.005599339829693],[80.21824466904897,13.005869762994172],[80.21805883436018,13.006321300876799]]},"properties":{"id":"L00821","strahler":1,"length_m":253.1,"drop_m":-0.29,"gradient":0.0,"area_ha":10.61,"on_drain_share":0.0,"downstream":"L00810"}},{"type":"Feature","geometry":{"type":"LineString","coordinates":[[80.27458413319151,13.006304561289971],[80.2748615530643,13.006034074603512],[80.2748623410256,13.005762815079205],[80.27513949743327,13.005582747886178]]},"properties":{"id":"L00832","strahler":1,"length_m":110.7,"drop_m":2.78,"gradient":0.0251,"area_ha":4.69,"on_drain_share":0.0,"downstream":null}},{"type":"Feature","geometry":{"type":"LineString","coordinates":[[80.1766579143146,13.00592204358858],[80.17693513559699,13.00574208525345],[80.17693573182862,13.005561249768588],[80.17721295251225,13.005381291095889],[80.17721414452983,13.005019620088254],[80.17703032461617,13.004838200095437],[80.17703092073597,13.004657364593672],[80.17693901094158,13.004566654556433],[80.17694079943374,13.004024148044683],[80.17666507101153,13.003752017784347],[80.17666596550738,13.003480764533089],[80.17694318396383,13.003300805993439],[80.17712849269451,13.00303013718037],[80.177405114565,13.003031013634809],[80.17786763961611,13.00258038482033],[80.17786793732041,13.002489967034986]]},"properties":{"id":"L00865","strahler":1,"length_m":518.7,"drop_m":5.8,"gradient":0.01118,"area_ha":14.95,"on_drain_share":0.0,"downstream":"L00852"}},{"type":"Feature","geometry":{"type":"LineString","coordinates":[[80.24729014795433,13.00613644020436],[80.24710654609305,13.005864647621124],[80.2471073642012,13.00559338979853],[80.24701542714264,13.005502703104225],[80.24710872767359,13.005141293414853],[80.24738617431497,13.004870837596737],[80.24738780977574,13.004328321869396],[80.24729587304944,13.00423763528558]]},"properties":{"id":"L00851","strahler":2,"length_m":243.1,"drop_m":0.26,"gradient":0.00109,"area_ha":55.71,"on_drain_share":0.0,"downstream":"L00873"}},{"type":"Feature","geometry":{"type":"LineString","coordinates":[[80.26232067170058,13.006089163745356],[80.26241314916248,13.00599900615206],[80.26241395064768,13.00572774738392],[80.26131063939735,13.004639566517179],[80.26131117446359,13.004458727365256],[80.261496128736,13.004278412812647],[80.26140445411114,13.004097311367333],[80.2614977334613,13.003735895311442]]},"properties":{"id":"L00858","strahler":1,"length_m":330.4,"drop_m":0.29,"gradient":0.00088,"area_ha":12.13,"on_drain_share":0.0,"downstream":"L00857"}},{"type":"Feature","geometry":{"type":"LineString","coordinates":[[80.26666518142036,13.002484654631125],[80.26620280756248,13.002935450678262],[80.26583370487214,13.003024827814151],[80.26518637754053,13.00365593973452],[80.26518478084019,13.004198457690867],[80.26564449934318,13.004651860391586],[80.26564370143652,13.004923119379827],[80.26545874949201,13.00510343701315],[80.2654582174026,13.005284276325439],[80.26564210556894,13.00546563733919],[80.26628757655561,13.00546746227179],[80.26665508905523,13.005920602755149],[80.26730029597127,13.006012844920242]]},"properties":{"id":"L00825","strahler":1,"length_m":661.8,"drop_m":1.47,"gradient":0.00223,"area_ha":18.12,"on_drain_share":0.0,"downstream":"L00840"}},{"type":"Feature","geometry":{"type":"LineString","coordinates":[[80.26730029597127,13.006012844920242],[80.26757692709151,13.006013625496207],[80.26767072900115,13.005471367439041],[80.2686879546627,13.00447960959071],[80.26896458417016,13.004480388597974],[80.26970014693877,13.005205822467609],[80.27025340770642,13.005207378116049]]},"properties":{"id":"L00840","strahler":2,"length_m":452.8,"drop_m":1.58,"gradient":0.00348,"area_ha":41.58,"on_drain_share":0.0,"downstream":"L00855"}},{"type":"Feature","geometry":{"type":"LineString","coordinates":[[80.2413895367747,13.005848005258672],[80.24221969920488,13.00576000972342],[80.24240466751587,13.005579709592809],[80.24258908689234,13.005580247675859],[80.24268102228025,13.00567093585057],[80.2428657159726,13.005581054554861]]},"properties":{"id":"L00828","strahler":1,"length_m":180.7,"drop_m":-0.31,"gradient":0.0,"area_ha":6.58,"on_drain_share":0.0,"downstream":"L00850"}},{"type":"Feature","geometry":{"type":"LineString","coordinates":[[80.20644247525374,13.00565311739067],[80.2065349715744,13.005562980816277]]},"properties":{"id":"L00826","strahler":1,"length_m":14.1,"drop_m":0.0,"gradient":0.0,"area_ha":4.75,"on_drain_share":0.0,"downstream":"L00818"}},{"type":"Feature","geometry":{"type":"LineString","coordinates":[[80.20341198672399,13.001755809536855],[80.20396321355803,13.002390434607745],[80.20396234879189,13.002661689719227],[80.20460607500826,13.003206177861028],[80.20460549892783,13.003387014619666],[80.20432801035957,13.003657422231964],[80.20441906602098,13.004019378257459],[80.20460290645815,13.004200780002112],[80.20506423611603,13.004111773559664],[80.20524836494286,13.004202756490335],[80.20543191837804,13.004474576077465],[80.20589296074063,13.004475986575661],[80.20598488165086,13.004566686978267],[80.20607565245578,13.005019060955494],[80.2062597823437,13.005110043222418],[80.20635084125026,13.005471998722632],[80.2065349715744,13.005562980816277]]},"properties":{"id":"L00827","strahler":1,"length_m":681.8,"drop_m":4.97,"gradient":0.00729,"area_ha":13.14,"on_drain_share":0.0,"downstream":"L00818"}},{"type":"Feature","geometry":{"type":"LineString","coordinates":[[80.21373467566698,13.003233979763896],[80.21603278306515,13.00550141525605],[80.21621691734853,13.00559239068537]]},"properties":{"id":"L00829","strahler":1,"length_m":377.7,"drop_m":-0.81,"gradient":0.0,"area_ha":18.96,"on_drain_share":0.0,"downstream":"L00809"}},{"type":"Feature","geometry":{"type":"LineString","coordinates":[[80.21594312976653,13.004687369266918],[80.21594199388439,13.005049043732926],[80.21621776900149,13.005321134830233],[80.21621691734853,13.00559239068537]]},"properties":{"id":"L00830","strahler":2,"length_m":112.4,"drop_m":-0.73,"gradient":0.0,"area_ha":34.03,"on_drain_share":0.0,"downstream":"L00809"}},{"type":"Feature","geometry":{"type":"LineString","coordinates":[[80.24148614215666,13.00440156811233],[80.24157835138905,13.00440183747248],[80.2427735062771,13.005580785627938],[80.2428657159726,13.005581054554861]]},"properties":{"id":"L00831","strahler":1,"length_m":203.8,"drop_m":0.05,"gradient":0.00026,"area_ha":9.11,"on_drain_share":0.0,"downstream":"L00850"}},{"type":"Feature","geometry":{"type":"LineString","coordinates":[[80.2428657159726,13.005581054554861],[80.2430506837033,13.005400753928512],[80.24369642512117,13.005312215809298],[80.24388139207537,13.005131914543423],[80.24406581118421,13.005132451559406],[80.2443429872409,13.004952418395446],[80.24508066327442,13.004954564333062],[80.24572421755938,13.005589375049158],[80.24609305661848,13.005590446369336],[80.24683264438383,13.004959652536813],[80.24683291716816,13.004869233262676],[80.24729532784143,13.004418473861321],[80.24729587304944,13.00423763528558]]},"properties":{"id":"L00850","strahler":2,"length_m":617.7,"drop_m":5.27,"gradient":0.00853,"area_ha":21.29,"on_drain_share":0.0,"downstream":"L00873"}},{"type":"Feature","geometry":{"type":"LineString","coordinates":[[80.19971557728047,13.004276181374195],[80.20072668406543,13.005273906789569],[80.20081889272285,13.005274190642716],[80.20091168022539,13.005093637893967],[80.20100388882041,13.00509392167755],[80.20174358143726,13.0044632626271],[80.2021124149743,13.004464396329317]]},"properties":{"id":"L00845","strahler":2,"length_m":348.7,"drop_m":2.16,"gradient":0.00619,"area_ha":47.29,"on_drain_share":0.0,"downstream":"L00799"}},{"type":"Feature","geometry":{"type":"LineString","coordinates":[[80.25928336695968,13.004181689410563],[80.25928229390523,13.004543367553303],[80.25835751128236,13.00544493044342],[80.25826530130902,13.005444667021099],[80.25780559555845,13.004991251921481]]},"properties":{"id":"L00842","strahler":2,"length_m":262.1,"drop_m":-0.56,"gradient":0.0,"area_ha":36.36,"on_drain_share":0.0,"downstream":"L00882"}},{"type":"Feature","geometry":{"type":"LineString","coordinates":[[80.17906127865892,13.00412127983834],[80.17979567300338,13.005118207059594]]},"properties":{"id":"L00833","strahler":3,"length_m":143.1,"drop_m":0.48,"gradient":0.00337,"area_ha":201.58,"on_drain_share":0.0,"downstream":"L00801"}},{"type":"Feature","geometry":{"type":"LineString","coordinates":[[80.18127218932246,13.004761192276103],[80.18108718009628,13.00494144636103],[80.18062613970197,13.004939991767218],[80.18035040606964,13.004667865139929],[80.18016599014138,13.004667282889352],[80.17979597006956,13.005027789248011],[80.17979567300338,13.005118207059594]]},"properties":{"id":"L00834","strahler":1,"length_m":207.3,"drop_m":5.98,"gradient":0.02886,"area_ha":6.62,"on_drain_share":0.0,"downstream":"L00801"}},{"type":"Feature","geometry":{"type":"LineString","coordinates":[[80.20838947060476,13.002313546041139],[80.2085730263273,13.00258536356369],[80.20857216655534,13.002856618975306],[80.20884764439262,13.003219135821507],[80.20884621185347,13.00367122817911],[80.20893813362052,13.003761927586355],[80.20893756065215,13.003942764527721],[80.20921332654122,13.004214862581758],[80.20930438954363,13.004576817298338],[80.2097637152835,13.00512073182269]]},"properties":{"id":"L00836","strahler":3,"length_m":372.1,"drop_m":-1.79,"gradient":0.0,"area_ha":69.18,"on_drain_share":0.0,"downstream":"L00807"}},{"type":"Feature","geometry":{"type":"LineString","coordinates":[[80.20976457391579,13.004849476379942],[80.2097637152835,13.00512073182269]]},"properties":{"id":"L00837","strahler":1,"length_m":30.0,"drop_m":-0.41,"gradient":0.0,"area_ha":4.1,"on_drain_share":0.0,"downstream":"L00807"}},{"type":"Feature","geometry":{"type":"LineString","coordinates":[[80.23170974929137,13.005096181923628],[80.2318938896499,13.005187146540987]]},"properties":{"id":"L00838","strahler":1,"length_m":24.1,"drop_m":-0.64,"gradient":0.0,"area_ha":8.63,"on_drain_share":0.0,"downstream":"L00759"}},{"type":"Feature","geometry":{"type":"LineString","coordinates":[[80.23254046675436,13.00482737944294],[80.23226383917664,13.004826561609487],[80.2318938896499,13.005187146540987]]},"properties":{"id":"L00839","strahler":1,"length_m":86.6,"drop_m":2.0,"gradient":0.02312,"area_ha":4.66,"on_drain_share":0.0,"downstream":"L00759"}},{"type":"Feature","geometry":{"type":"LineString","coordinates":[[80.27025340770642,13.005207378116049],[80.27062330494152,13.004846735511942],[80.27062356910739,13.004756315748308],[80.2708082531584,13.004666413987295],[80.27126930291122,13.00466770842247],[80.27145425054705,13.004487386403408],[80.27163867033656,13.004487903809888],[80.27209866533066,13.00485087593053],[80.27228308541518,13.004851392893503],[80.27283766251921,13.004400843948996],[80.27357534169694,13.00440290884541],[80.27376028755062,13.004222585081516],[80.27449796635317,13.004224647329039]]},"properties":{"id":"L00855","strahler":3,"length_m":544.6,"drop_m":8.53,"gradient":0.01566,"area_ha":68.39,"on_drain_share":0.0,"downstream":null}},{"type":"Feature","geometry":{"type":"LineString","coordinates":[[80.25780559555845,13.004991251921481],[80.25743783216,13.004628519309236],[80.2574394457482,13.00408600232233],[80.25734750525366,13.003995319102879],[80.25744347939862,13.002729709755213],[80.25689210933646,13.002095190606445],[80.25689318564358,13.001733512592219]]},"properties":{"id":"L00882","strahler":2,"length_m":409.7,"drop_m":-0.31,"gradient":0.0,"area_ha":67.39,"on_drain_share":0.0,"downstream":"L00890"}},{"type":"Feature","geometry":{"type":"LineString","coordinates":[[80.23650546410907,13.004839069342086],[80.23669043559285,13.004658773460667],[80.23669126493911,13.00438751626941],[80.2368756831894,13.004388058361883],[80.2369681686621,13.004297910288143],[80.23742921416786,13.004299264772943],[80.23761418459993,13.004118968166797],[80.23761584119529,13.0035764536389],[80.23752418460141,13.003395344711318],[80.23770915426144,13.003215047984193],[80.23807854095739,13.0030352922909],[80.23826295826873,13.003035833342842],[80.2383548911131,13.003126522928646],[80.23835433947801,13.003307361144616],[80.23853820549226,13.003488740233017],[80.23881483199442,13.003489551299943],[80.23918532046237,13.002948117511336],[80.23918614698553,13.00267686012635],[80.23974105008172,13.002135965628767],[80.23974215123233,13.001774289044755],[80.2393746954131,13.001321113308286],[80.23937662320836,13.000688179294013],[80.23900916956723,13.000235003127843]]},"properties":{"id":"L00907","strahler":1,"length_m":878.4,"drop_m":3.0,"gradient":0.00341,"area_ha":18.47,"on_drain_share":0.0,"downstream":"L00940"}},{"type":"Feature","geometry":{"type":"LineString","coordinates":[[80.21392905406424,13.000069887289403],[80.2145725127754,13.0007047703109],[80.21457194402618,13.000885607540912],[80.21466386702868,13.000976305000743],[80.21465846407547,13.002694258585317],[80.21493423526361,13.00296635086677],[80.21502502206356,13.003418722666785],[80.21585234095878,13.004234997710522],[80.21594312976653,13.004687369266918]]},"properties":{"id":"L00843","strahler":2,"length_m":601.1,"drop_m":-0.57,"gradient":0.0,"area_ha":25.91,"on_drain_share":0.0,"downstream":"L00830"}},{"type":"Feature","geometry":{"type":"LineString","coordinates":[[80.21613606334968,13.00197536716921],[80.21604016509622,13.003150531075994],[80.21567019611763,13.003511091753262],[80.21576098440599,13.003963463364489],[80.216036474262,13.004325973219649],[80.21603562247952,13.00459722908372],[80.21594312976653,13.004687369266918]]},"properties":{"id":"L00844","strahler":1,"length_m":341.4,"drop_m":-0.58,"gradient":0.0,"area_ha":6.14,"on_drain_share":0.0,"downstream":"L00830"}},{"type":"Feature","geometry":{"type":"LineString","coordinates":[[80.2015608996641,13.003920185744544],[80.2021124149743,13.004464396329317]]},"properties":{"id":"L00846","strahler":1,"length_m":84.9,"drop_m":1.38,"gradient":0.01622,"area_ha":5.47,"on_drain_share":0.0,"downstream":"L00799"}},{"type":"Feature","geometry":{"type":"LineString","coordinates":[[80.22710684554507,13.002641188532834],[80.22608947188004,13.00363277496622],[80.22581284604748,13.00363195033437],[80.22572091784151,13.00354125655507],[80.2251676664466,13.003539606222915],[80.22498268799431,13.003719893491114],[80.22442971717075,13.003627822755629],[80.22405975885667,13.003988396021322],[80.22359871537863,13.003987017830516],[80.22304433774455,13.004347038021198],[80.22258470145825,13.003893564163139],[80.22230807556726,13.003892735781404],[80.22175651486637,13.00334856562792],[80.22175876944522,13.00262521558426],[80.22203623902725,13.00235478817713],[80.22258948738498,13.002356445032737],[80.22268732449923,13.000548345338817]]},"properties":{"id":"L00900","strahler":2,"length_m":1107.4,"drop_m":3.1,"gradient":0.0028,"area_ha":43.15,"on_drain_share":0.0,"downstream":"L00970"}},{"type":"Feature","geometry":{"type":"LineString","coordinates":[[80.25513501932484,13.003808141108193],[80.25541137758574,13.00389935397356],[80.2557791368637,13.004262089259495],[80.25577886733235,13.004352508723468],[80.25605522645851,13.004443720945016],[80.25698001302428,13.003542166435544],[80.25698055118022,13.003361327446187],[80.25661279131435,13.002998593814487],[80.25670769192746,13.002094662821698],[80.25689318564358,13.001733512592219]]},"properties":{"id":"L00881","strahler":1,"length_m":505.3,"drop_m":-1.62,"gradient":0.0,"area_ha":12.96,"on_drain_share":0.0,"downstream":"L00890"}},{"type":"Feature","geometry":{"type":"LineString","coordinates":[[80.17445089474153,13.004106662001599],[80.17472841424367,13.003836288268683],[80.17473170169875,13.0028416934792],[80.17418055204764,13.00220701069685],[80.17418234619652,13.001664504464838]]},"properties":{"id":"L00875","strahler":1,"length_m":307.3,"drop_m":5.97,"gradient":0.01944,"area_ha":8.65,"on_drain_share":0.0,"downstream":"L00869"}},{"type":"Feature","geometry":{"type":"LineString","coordinates":[[80.19879407507068,13.00409250117622],[80.19962365888247,13.004185478887972]]},"properties":{"id":"L00848","strahler":1,"length_m":94.1,"drop_m":0.91,"gradient":0.00965,"area_ha":6.29,"on_drain_share":0.0,"downstream":"L00849"}},{"type":"Feature","geometry":{"type":"LineString","coordinates":[[80.19962365888247,13.004185478887972],[80.19971557728047,13.004276181374195]]},"properties":{"id":"L00849","strahler":2,"length_m":14.1,"drop_m":0.0,"gradient":0.0,"area_ha":32.18,"on_drain_share":0.0,"downstream":"L00845"}},{"type":"Feature","geometry":{"type":"LineString","coordinates":[[80.17786793732041,13.002489967034986],[80.17805235153395,13.00249055082175],[80.17805175625661,13.0026713864002],[80.17832778270801,13.002853097435935],[80.17832718761296,13.00303393302189],[80.1786948272122,13.003396771058005],[80.17869423235723,13.003577606653112],[80.17906127865892,13.00412127983834]]},"properties":{"id":"L00852","strahler":3,"length_m":251.4,"drop_m":0.61,"gradient":0.00243,"area_ha":185.5,"on_drain_share":0.0,"downstream":"L00833"}},{"type":"Feature","geometry":{"type":"LineString","coordinates":[[80.18247681515464,13.002956611868465],[80.18247740724088,13.002775776092939],[80.18256991056523,13.002685648481508],[80.18201844408428,13.002141399043786],[80.18164961581421,13.002140237002772],[80.18109459428054,13.002681000116938],[80.18109429774006,13.002771417974321],[80.18072635864024,13.002499001016517],[80.1804488468122,13.002769381665157],[80.18026443228158,13.002768799567935],[80.18007912702348,13.003039470839099],[80.17980250495738,13.003038597232527],[80.17906217057785,13.003850026431007],[80.17906127865892,13.00412127983834]]},"properties":{"id":"L00853","strahler":1,"length_m":596.0,"drop_m":10.06,"gradient":0.01689,"area_ha":13.9,"on_drain_share":0.0,"downstream":"L00833"}},{"type":"Feature","geometry":{"type":"LineString","coordinates":[[80.19907272999623,13.003460426845324],[80.19907214989668,13.003641263355643],[80.19962365888247,13.004185478887972]]},"properties":{"id":"L00854","strahler":2,"length_m":104.9,"drop_m":-0.17,"gradient":0.0,"area_ha":25.61,"on_drain_share":0.0,"downstream":"L00849"}},{"type":"Feature","geometry":{"type":"LineString","coordinates":[[80.24729587304944,13.00423763528558],[80.24729914412443,13.003152603777854],[80.24840891697484,13.002070776989527]]},"properties":{"id":"L00873","strahler":3,"length_m":289.7,"drop_m":5.7,"gradient":0.01967,"area_ha":78.83,"on_drain_share":0.0,"downstream":"L00898"}},{"type":"Feature","geometry":{"type":"LineString","coordinates":[[80.25882392987157,13.003637856564712],[80.25882366145623,13.003728276095694],[80.25928336695968,13.004181689410563]]},"properties":{"id":"L00856","strahler":1,"length_m":80.7,"drop_m":1.86,"gradient":0.02307,"area_ha":4.1,"on_drain_share":0.0,"downstream":"L00842"}},{"type":"Feature","geometry":{"type":"LineString","coordinates":[[80.2614977334613,13.003735895311442],[80.26103775688657,13.003372905308755],[80.26076112910015,13.003372117922389],[80.26048503694248,13.003190491105673],[80.260300618574,13.003189965828868],[80.26020814148838,13.003280122703867],[80.26002372306526,13.003279597226863],[80.25956133632197,13.003730380698336],[80.25928336695968,13.004181689410563]]},"properties":{"id":"L00857","strahler":2,"length_m":322.1,"drop_m":1.85,"gradient":0.00574,"area_ha":27.74,"on_drain_share":0.0,"downstream":"L00842"}},{"type":"Feature","geometry":{"type":"LineString","coordinates":[[80.24997130160892,13.003793276782353],[80.2497874266142,13.00361190532654]]},"properties":{"id":"L00859","strahler":1,"length_m":28.3,"drop_m":-0.7,"gradient":0.0,"area_ha":4.19,"on_drain_share":0.0,"downstream":"L00874"}},{"type":"Feature","geometry":{"type":"LineString","coordinates":[[80.25108079533459,13.002801857526714],[80.25144854644749,13.003164598547972],[80.25107862566684,13.003525212524313],[80.25107808322939,13.00370605126737],[80.25098560279643,13.003796204663374],[80.25052455677134,13.003794874299437],[80.25024874374154,13.003522817626232],[80.2497874266142,13.00361190532654]]},"properties":{"id":"L00861","strahler":1,"length_m":293.8,"drop_m":0.88,"gradient":0.00299,"area_ha":11.9,"on_drain_share":0.0,"downstream":"L00874"}},{"type":"Feature","geometry":{"type":"LineString","coordinates":[[80.17002703550865,13.003459628701036],[80.17003034159121,13.002465035068848]]},"properties":{"id":"L00864","strahler":1,"length_m":110.0,"drop_m":3.14,"gradient":0.02858,"area_ha":4.49,"on_drain_share":0.0,"downstream":"L00866"}},{"type":"Feature","geometry":{"type":"LineString","coordinates":[[80.26269965997106,13.002654266519619],[80.26158994287114,13.003736157551941],[80.2614977334613,13.003735895311442]]},"properties":{"id":"L00860","strahler":1,"length_m":179.7,"drop_m":-0.01,"gradient":0.0,"area_ha":8.05,"on_drain_share":0.0,"downstream":"L00857"}},{"type":"Feature","geometry":{"type":"LineString","coordinates":[[80.2497874266142,13.00361190532654],[80.249695489217,13.00352121955432],[80.24951107105859,13.003520686601785],[80.24923525948024,13.003248628922956],[80.24868200569223,13.00324702872488],[80.24859006884562,13.003156342587948],[80.24831453090921,13.002793864680486],[80.24831507530864,13.002613026039668],[80.24840755618949,13.002522873615428],[80.24840891697484,13.002070776989527]]},"properties":{"id":"L00874","strahler":2,"length_m":287.3,"drop_m":6.76,"gradient":0.02352,"area_ha":22.49,"on_drain_share":0.0,"downstream":"L00898"}},{"type":"Feature","geometry":{"type":"LineString","coordinates":[[80.19455570983838,13.003084778439792],[80.19474100007211,13.002814095913093],[80.19492541530093,13.00281466773192],[80.19520291245355,13.00254427068932],[80.19520378672661,13.002273016158275],[80.19538820157689,13.002273587625107],[80.19548070032513,13.002183455124978],[80.19548128295814,13.002002618754181],[80.19575790495627,13.002003475592257],[80.19594290192309,13.001823210260111],[80.1961273164748,13.0018237811827],[80.19631114901193,13.002005188384649],[80.19649556371475,13.002005759053592],[80.1965874801546,13.002096462549309],[80.19667997842636,13.002006329591605],[80.19714101524389,13.00200775536383],[80.19732484868844,13.002189161896451],[80.19750926357314,13.002189731853486],[80.1976942594974,13.002009465210344],[80.19907272999623,13.003460426845324]]},"properties":{"id":"L00862","strahler":1,"length_m":688.4,"drop_m":7.18,"gradient":0.01044,"area_ha":18.2,"on_drain_share":0.0,"downstream":"L00854"}},{"type":"Feature","geometry":{"type":"LineString","coordinates":[[80.19935515236402,13.001652914586346],[80.19907766048836,13.001923316405064],[80.19907621040939,13.002375407730067],[80.19898371280611,13.002465541581332],[80.19907272999623,13.003460426845324]]},"properties":{"id":"L00863","strahler":1,"length_m":220.7,"drop_m":0.38,"gradient":0.00173,"area_ha":5.8,"on_drain_share":0.0,"downstream":"L00854"}},{"type":"Feature","geometry":{"type":"LineString","coordinates":[[80.2427831044226,13.002416113780095],[80.24305973000972,13.002416920259709],[80.24333553361767,13.002688984096888],[80.24361215954251,13.002689790004665],[80.24397989904658,13.003052541004825],[80.24462481351226,13.003235257928585],[80.24536467069736,13.00251404872654],[80.24555018070771,13.00215290752199],[80.24629003198456,13.001431695301315],[80.24638224022291,13.001431962895515]]},"properties":{"id":"L00886","strahler":1,"length_m":521.8,"drop_m":-0.37,"gradient":0.0,"area_ha":16.31,"on_drain_share":0.0,"downstream":"L00913"}},{"type":"Feature","geometry":{"type":"LineString","coordinates":[[80.18699586285159,13.002699543296801],[80.18718086630963,13.00251928461917],[80.18718233794067,13.00206719462907],[80.18773734564445,13.0015264176145]]},"properties":{"id":"L00877","strahler":1,"length_m":163.1,"drop_m":3.96,"gradient":0.02429,"area_ha":7.34,"on_drain_share":0.0,"downstream":"L00956"}},{"type":"Feature","geometry":{"type":"LineString","coordinates":[[80.17114192675342,13.000931469379786],[80.17104942024653,13.001021592723994],[80.17104881996802,13.001202428002474],[80.1711407263299,13.001293139945208],[80.17113952587007,13.001654810500469],[80.17132303898454,13.00192665195057],[80.17113862550138,13.001926063410245],[80.17095361163668,13.002106310000539],[80.17076919803816,13.002105721189901],[80.17067669094345,13.002195844358951],[80.17030786364921,13.002194666205499],[80.17030756321456,13.002285083819865],[80.17003034159121,13.002465035068848]]},"properties":{"id":"L00867","strahler":1,"length_m":297.3,"drop_m":4.62,"gradient":0.01555,"area_ha":12.47,"on_drain_share":0.0,"downstream":"L00866"}},{"type":"Feature","geometry":{"type":"LineString","coordinates":[[80.22839859975522,13.002373770869811],[80.22812169566087,13.002463367672098],[80.22793672006165,13.002643657224365],[80.22710684554507,13.002641188532834]]},"properties":{"id":"L00868","strahler":1,"length_m":152.4,"drop_m":1.84,"gradient":0.0121,"area_ha":7.12,"on_drain_share":0.0,"downstream":"L00900"}},{"type":"Feature","geometry":{"type":"LineString","coordinates":[[80.17418234619652,13.001664504464838],[80.17685634184892,13.001672993978614],[80.17694825061156,13.001763703999574],[80.17722487106658,13.001764580562183],[80.17786793732041,13.002489967034986]]},"properties":{"id":"L00869","strahler":3,"length_m":443.1,"drop_m":-0.88,"gradient":0.0,"area_ha":164.13,"on_drain_share":0.0,"downstream":"L00852"}},{"type":"Feature","geometry":{"type":"LineString","coordinates":[[80.18957972494516,13.002074687418544],[80.1893039839399,13.001802569850497],[80.18893398076256,13.002163090344409],[80.1884720630177,13.002432904066948],[80.1882882362192,13.002251491636784],[80.18819691082705,13.00197994933303],[80.1881047036735,13.001979661069063],[80.1877370515363,13.001616835630045],[80.18773734564445,13.0015264176145]]},"properties":{"id":"L00878","strahler":1,"length_m":300.4,"drop_m":2.95,"gradient":0.00982,"area_ha":10.86,"on_drain_share":0.0,"downstream":"L00956"}},{"type":"Feature","geometry":{"type":"LineString","coordinates":[[80.22747679760211,13.002280610528466],[80.22710684554507,13.002641188532834]]},"properties":{"id":"L00870","strahler":1,"length_m":56.6,"drop_m":0.12,"gradient":0.00217,"area_ha":8.4,"on_drain_share":0.0,"downstream":"L00900"}},{"type":"Feature","geometry":{"type":"LineString","coordinates":[[80.20654675288087,13.001855825635207],[80.206638960407,13.001856107348718],[80.20710143356389,13.001405423196331],[80.20728556128299,13.001496404628721],[80.20765439093597,13.001497530206601],[80.20838947060476,13.002313546041139]]},"properties":{"id":"L00871","strahler":1,"length_m":268.0,"drop_m":4.25,"gradient":0.01585,"area_ha":6.95,"on_drain_share":0.0,"downstream":"L00836"}},{"type":"Feature","geometry":{"type":"LineString","coordinates":[[80.20820677538596,13.001770473001695],[80.20820620197878,13.001951309938661],[80.20838947060476,13.002313546041139]]},"properties":{"id":"L00872","strahler":3,"length_m":68.3,"drop_m":1.01,"gradient":0.01477,"area_ha":54.3,"on_drain_share":0.0,"downstream":"L00836"}},{"type":"Feature","geometry":{"type":"LineString","coordinates":[[80.24840891697484,13.002070776989527],[80.24850248606124,13.001618947192975],[80.24868771888762,13.001348222775249],[80.24868880701251,13.000986545419808]]},"properties":{"id":"L00898","strahler":3,"length_m":132.4,"drop_m":-3.8,"gradient":0.0,"area_ha":103.49,"on_drain_share":0.0,"downstream":"L00914"}},{"type":"Feature","geometry":{"type":"LineString","coordinates":[[80.17594561112644,12.998234194815339],[80.17585370396934,12.99814348451475],[80.17474693996498,12.998230389360186],[80.17437662379061,12.998681306008388],[80.17446853056435,12.998772016807662],[80.17446613972726,12.999495358658434],[80.17455804681664,12.999586069440346],[80.17391081074709,13.000126523660875],[80.17372639847216,13.000125937037849],[80.17298635408274,13.00084693074127],[80.17280074330765,13.001208014150087],[80.17279924574247,13.001660102535991],[80.17289115293711,13.001750813904414],[80.17307586579255,13.001660983510906],[80.17418234619652,13.001664504464838]]},"properties":{"id":"L00876","strahler":3,"length_m":797.7,"drop_m":4.72,"gradient":0.00592,"area_ha":148.35,"on_drain_share":0.0,"downstream":"L00869"}},{"type":"Feature","geometry":{"type":"LineString","coordinates":[[80.2343935233206,13.001939415403113],[80.2346709791995,13.001668973670316],[80.23467153342992,13.00148813558744],[80.23476401851842,13.001397988263449]]},"properties":{"id":"L00884","strahler":1,"length_m":76.6,"drop_m":-0.06,"gradient":0.0,"area_ha":4.99,"on_drain_share":0.0,"downstream":"L00892"}},{"type":"Feature","geometry":{"type":"LineString","coordinates":[[80.24767152131179,13.001978221661071],[80.2480414443194,13.001617612639665],[80.24813365266365,13.001617879615793],[80.24868880701251,13.000986545419808]]},"properties":{"id":"L00897","strahler":1,"length_m":161.4,"drop_m":-1.11,"gradient":0.0,"area_ha":4.91,"on_drain_share":0.0,"downstream":"L00914"}},{"type":"Feature","geometry":{"type":"LineString","coordinates":[[80.2709081200841,13.002044499338258],[80.27100059303494,13.00195433841333],[80.27183047364777,13.001956666715769],[80.27183179196794,13.00150456766891],[80.2721089454879,13.0013245035183],[80.27266035442204,13.001958992366749],[80.2728447723938,13.001959508818002],[80.2729372446501,13.001869347164133],[80.27293777117902,13.001688507501445],[80.27367544236033,13.001690571690695]]},"properties":{"id":"L00883","strahler":1,"length_m":421.4,"drop_m":10.19,"gradient":0.02419,"area_ha":9.47,"on_drain_share":0.0,"downstream":null}},{"type":"Feature","geometry":{"type":"LineString","coordinates":[[80.19271594100512,13.001722779795308],[80.19271740252276,13.001270689156271],[80.19234974426396,13.000907869895714],[80.19244224350713,13.000817738503214],[80.19244370541492,13.000365647863354],[80.19299869840457,12.999824858640297],[80.19300045134001,12.999282349754479],[80.19226514052122,12.998556711752562],[80.19217293453836,12.998556425007148],[80.19208189840127,12.998194465687915],[80.19134688612465,12.997378407244785],[80.19134747152721,12.997197570992014],[80.191255266067,12.997197283950339],[80.1905196734062,12.996562059664477],[80.19015085259257,12.996560910181444],[80.18978085879358,12.996921432555192],[80.18968865347111,12.996921144963494],[80.18959674147612,12.9968304392491],[80.18876689399406,12.996827849175656],[80.1883073366213,12.996374318786346]]},"properties":{"id":"L00960","strahler":1,"length_m":1026.4,"drop_m":5.72,"gradient":0.00558,"area_ha":24.98,"on_drain_share":0.0,"downstream":"L00998"}},{"type":"Feature","geometry":{"type":"LineString","coordinates":[[80.20683026774336,12.99968662797949],[80.20738178641498,13.00023082767061],[80.20738063853778,13.000592501512351],[80.20765639914919,13.000864600978822],[80.20783995307188,13.001136418942338],[80.20793101319848,13.001498374046333],[80.20820677538596,13.001770473001695]]},"properties":{"id":"L00879","strahler":2,"length_m":292.1,"drop_m":1.02,"gradient":0.00349,"area_ha":29.36,"on_drain_share":0.0,"downstream":"L00872"}},{"type":"Feature","geometry":{"type":"LineString","coordinates":[[80.20876231254924,13.001048811374398],[80.20820734878448,13.001589636062189],[80.20820677538596,13.001770473001695]]},"properties":{"id":"L00880","strahler":2,"length_m":104.9,"drop_m":0.86,"gradient":0.00819,"area_ha":24.45,"on_drain_share":0.0,"downstream":"L00872"}},{"type":"Feature","geometry":{"type":"LineString","coordinates":[[80.18773734564445,13.0015264176145],[80.18819985022849,13.001075769070763],[80.1874645492297,13.000350118085555],[80.18728013616196,13.000349541075863],[80.18718822390868,13.00025883450994],[80.18718881245654,13.000077998484056],[80.1869130762841,12.99980587861965],[80.18663645732657,12.999805012504298],[80.18654572347722,12.999352633721044],[80.18636190029224,12.99917122010128],[80.18636572925149,12.997995786031515],[80.18673572936802,12.99763526893685],[80.18692014040684,12.997635846214722],[80.18692161193775,12.997183756084338],[80.1870141115598,12.997093626633758],[80.1871985222116,12.997094203690404],[80.18756910789085,12.996552849142722],[80.18766101900954,12.996643555527031]]},"properties":{"id":"L00956","strahler":2,"length_m":774.3,"drop_m":5.21,"gradient":0.00673,"area_ha":33.22,"on_drain_share":0.0,"downstream":null}},{"type":"Feature","geometry":{"type":"LineString","coordinates":[[80.23365752293945,13.001394725482362],[80.23374917599904,13.001575835605859],[80.23411800810058,13.001576923607978],[80.23430214691416,13.001667886445947],[80.2347648497419,13.00112673112661]]},"properties":{"id":"L00891","strahler":2,"length_m":169.0,"drop_m":1.12,"gradient":0.00664,"area_ha":15.85,"on_drain_share":0.0,"downstream":"L00902"}},{"type":"Feature","geometry":{"type":"LineString","coordinates":[[80.25689318564358,13.001733512592219],[80.25698566325592,13.00164335692087],[80.25661790577252,13.001280623385183]]},"properties":{"id":"L00890","strahler":2,"length_m":70.7,"drop_m":2.45,"gradient":0.03467,"area_ha":81.62,"on_drain_share":0.0,"downstream":"L00918"}},{"type":"Feature","geometry":{"type":"LineString","coordinates":[[80.23199722397526,13.001570660443862],[80.23236605591725,13.00157175093361],[80.23255102766252,13.001391457987943],[80.23273488789287,13.001572840899646],[80.2331037199021,13.001573930341971],[80.23338117666916,13.001303490034985],[80.23356559249868,13.00130403435162],[80.23365752293945,13.001394725482362]]},"properties":{"id":"L00887","strahler":1,"length_m":213.1,"drop_m":1.86,"gradient":0.00873,"area_ha":10.97,"on_drain_share":0.0,"downstream":"L00891"}},{"type":"Feature","geometry":{"type":"LineString","coordinates":[[80.23476346435896,13.001578826351501],[80.23476401851842,13.001397988263449]]},"properties":{"id":"L00885","strahler":1,"length_m":20.0,"drop_m":0.06,"gradient":0.00321,"area_ha":4.21,"on_drain_share":0.0,"downstream":"L00892"}},{"type":"Feature","geometry":{"type":"LineString","coordinates":[[80.24638224022291,13.001431962895515],[80.24684300873957,13.001523719673752],[80.24693548969628,13.00143356777332],[80.24739680348446,13.001344484960962],[80.24841435960195,13.00026239032743],[80.24850629537534,13.000353076484895],[80.24896869436935,12.999902313326125]]},"properties":{"id":"L00913","strahler":2,"length_m":372.8,"drop_m":4.85,"gradient":0.013,"area_ha":32.74,"on_drain_share":0.0,"downstream":"L00924"}},{"type":"Feature","geometry":{"type":"LineString","coordinates":[[80.25661790577252,13.001280623385183],[80.25643348897655,13.001280095438192],[80.25634154984343,13.001189411918675],[80.25514311102229,13.001095557198203],[80.25486567674186,13.001366022068458],[80.25468125995656,13.001365492873852],[80.25440409485817,13.001545537747292],[80.25412746951362,13.001544743403883],[80.25403553117191,13.001454059109792],[80.25385111435658,13.001453529322202],[80.2534830916462,13.001181211042255],[80.2531145289013,13.001089731142473],[80.2527448842039,13.001359928425702],[80.25228384249087,13.001358601429512],[80.25182415530561,13.000905176593767],[80.25173194714628,13.000904910942223],[80.2513641987414,13.000542170418537],[80.25136474083509,13.000361331619631],[80.25062897643424,12.999726268564304]]},"properties":{"id":"L00918","strahler":3,"length_m":798.4,"drop_m":-2.5,"gradient":0.0,"area_ha":123.04,"on_drain_share":0.0,"downstream":"L00925"}},{"type":"Feature","geometry":{"type":"LineString","coordinates":[[80.23476401851842,13.001397988263449],[80.2347648497419,13.00112673112661]]},"properties":{"id":"L00892","strahler":2,"length_m":30.0,"drop_m":-0.17,"gradient":0.0,"area_ha":9.31,"on_drain_share":0.0,"downstream":"L00902"}},{"type":"Feature","geometry":{"type":"LineString","coordinates":[[80.23365835536455,13.001123468415903],[80.23365752293945,13.001394725482362]]},"properties":{"id":"L00888","strahler":1,"length_m":30.0,"drop_m":-0.0,"gradient":0.0,"area_ha":4.14,"on_drain_share":0.0,"downstream":"L00891"}},{"type":"Feature","geometry":{"type":"LineString","coordinates":[[80.24491018937954,13.000342646317401],[80.24582953696394,13.001249518283313],[80.24610616145394,13.001250321447136],[80.24638224022291,13.001431962895515]]},"properties":{"id":"L00889","strahler":1,"length_m":209.7,"drop_m":-2.6,"gradient":0.0,"area_ha":10.93,"on_drain_share":0.0,"downstream":"L00913"}},{"type":"Feature","geometry":{"type":"LineString","coordinates":[[80.2571714251706,13.001191786926588],[80.25707894779801,13.001281942679851],[80.25661790577252,13.001280623385183]]},"properties":{"id":"L00893","strahler":2,"length_m":64.1,"drop_m":2.0,"gradient":0.03118,"area_ha":20.56,"on_drain_share":0.0,"downstream":"L00918"}},{"type":"Feature","geometry":{"type":"LineString","coordinates":[[80.20986994434139,13.00069050608424],[80.20931670136535,13.000688822343264],[80.20894672710696,13.001049373161209],[80.20876231254924,13.001048811374398]]},"properties":{"id":"L00894","strahler":1,"length_m":136.6,"drop_m":0.4,"gradient":0.00293,"area_ha":9.62,"on_drain_share":0.0,"downstream":"L00880"}},{"type":"Feature","geometry":{"type":"LineString","coordinates":[[80.2347648497419,13.00112673112661],[80.23476540388042,13.000945893032211],[80.23458181965574,13.000674092447591],[80.23476678919005,13.000493797785127],[80.23504341213061,13.000494612685344],[80.23504424299087,13.000223355511904],[80.23522921185766,13.000043060476742],[80.23615183992227,12.999864935763092],[80.23633680775454,12.999684639874953],[80.23670563728686,12.999685724047364],[80.23688977579428,12.999776685038471],[80.23780936661504,13.000593164601554],[80.23799378211133,13.000593705744853]]},"properties":{"id":"L00902","strahler":3,"length_m":532.8,"drop_m":2.74,"gradient":0.00515,"area_ha":32.53,"on_drain_share":0.0,"downstream":"L00904"}},{"type":"Feature","geometry":{"type":"LineString","coordinates":[[80.25966882500245,12.998576728378683],[80.25966560885203,12.999661763338791],[80.25938818087889,12.999932233420502],[80.26003149340752,13.000657429766393],[80.25956911179836,13.001108213603775],[80.25809377768617,13.001104003181172],[80.25800183797831,13.001013320219215],[80.25781742132165,13.00101279326555],[80.2577249442393,13.001102949266263],[80.25735611082494,13.001101894827649],[80.2571714251706,13.001191786926588]]},"properties":{"id":"L00895","strahler":1,"length_m":614.6,"drop_m":0.39,"gradient":0.00064,"area_ha":16.03,"on_drain_share":0.0,"downstream":"L00893"}},{"type":"Feature","geometry":{"type":"LineString","coordinates":[[80.18525100304133,13.000524021264045],[80.18506718004342,13.00034260674862],[80.18432952828923,13.000340291117112],[80.18405202266887,13.000610676035404],[80.18349878338643,13.000608937310632],[80.1833149616793,13.000427521627785],[80.18313054874547,13.000426941668469],[80.18294495253934,13.000788033234521],[80.18276024346376,13.000877870905006],[80.18229921037866,13.000876419727259],[80.18119599213988,12.999878336926502],[80.18110526824492,12.999425956828139],[80.18092144919908,12.999244539589867],[80.18073703724934,12.999243957983095],[80.18055173533526,12.999514629850422],[80.17990629291245,12.99951259269381],[80.17972128688439,12.999692846050362],[80.17907584413578,12.999690806802752],[80.17879982044357,12.999509096694691],[80.17843010406297,12.999779183769219],[80.17824569183402,12.999778600370163]]},"properties":{"id":"L00912","strahler":1,"length_m":966.7,"drop_m":11.76,"gradient":0.01216,"area_ha":16.55,"on_drain_share":0.0,"downstream":"L00932"}},{"type":"Feature","geometry":{"type":"LineString","coordinates":[[80.20812804199836,12.997520523192243],[80.20858592056734,12.998516531704144],[80.20849142197477,12.999239598716644],[80.20885910275706,12.999602396389536],[80.20885681136133,13.000325744357157],[80.20876431788297,13.000415881954622],[80.20876288551256,13.000867974400492],[80.20885480627638,13.000958673795513],[80.20876231254924,13.001048811374398]]},"properties":{"id":"L00896","strahler":1,"length_m":443.8,"drop_m":0.07,"gradient":0.00015,"area_ha":13.89,"on_drain_share":0.0,"downstream":"L00880"}},{"type":"Feature","geometry":{"type":"LineString","coordinates":[[80.25763354224786,13.000831427129564],[80.2571714251706,13.001191786926588]]},"properties":{"id":"L00899","strahler":1,"length_m":66.6,"drop_m":1.19,"gradient":0.01793,"area_ha":4.39,"on_drain_share":0.0,"downstream":"L00893"}},{"type":"Feature","geometry":{"type":"LineString","coordinates":[[80.24868880701251,13.000986545419808],[80.24878264706287,13.0004442960897],[80.24896760674368,13.000263990735005],[80.24896869436935,12.999902313326125]]},"properties":{"id":"L00914","strahler":3,"length_m":132.4,"drop_m":2.98,"gradient":0.02253,"area_ha":111.46,"on_drain_share":0.0,"downstream":"L00924"}},{"type":"Feature","geometry":{"type":"LineString","coordinates":[[80.17944140068717,13.000686568495949],[80.17944199486428,13.000505732826666],[80.17925817635353,13.00032431445061],[80.17824569183402,12.999778600370163]]},"properties":{"id":"L00908","strahler":1,"length_m":183.1,"drop_m":1.38,"gradient":0.00752,"area_ha":5.62,"on_drain_share":0.0,"downstream":"L00932"}},{"type":"Feature","geometry":{"type":"LineString","coordinates":[[80.22268732449923,13.000548345338817],[80.22176806814203,12.999641396224984],[80.22075040528874,13.00072338021067],[80.22038242241514,13.00045101706844],[80.2203829869376,13.000270179580387],[80.21964787167684,12.999454195674929],[80.21937266390549,12.999001270793013],[80.21937379427361,12.99863959586139],[80.21919022898581,12.998367785385776],[80.21919220747007,12.997734854245598],[80.21891671954052,12.99737234770941],[80.21882677539244,12.996648720579927],[80.2186429292557,12.99646732852717],[80.21864406045219,12.996105653588309],[80.21892180823852,12.995744810411084]]},"properties":{"id":"L00970","strahler":2,"length_m":970.5,"drop_m":0.97,"gradient":0.001,"area_ha":78.72,"on_drain_share":0.0,"downstream":"L00973"}},{"type":"Feature","geometry":{"type":"LineString","coordinates":[[80.22287117657169,13.000729734808871],[80.22268732449923,13.000548345338817]]},"properties":{"id":"L00901","strahler":1,"length_m":28.3,"drop_m":0.31,"gradient":0.01097,"area_ha":7.45,"on_drain_share":0.0,"downstream":"L00970"}},{"type":"Feature","geometry":{"type":"LineString","coordinates":[[80.26298162447542,13.000846659208053],[80.2635351413973,13.000757809008523],[80.2638125660932,13.000487334321896],[80.26399698261231,13.00048785699794],[80.26408892443305,13.000578537947494],[80.26473438256113,13.000580366066679],[80.2649193314681,13.00040004873618],[80.2651037479688,13.00040057062295],[80.26519622225943,13.000310411832812],[80.26602609632968,13.000312758391699],[80.26630404920962,12.999861441444756]]},"properties":{"id":"L00915","strahler":1,"length_m":425.6,"drop_m":1.25,"gradient":0.00293,"area_ha":12.04,"on_drain_share":0.0,"downstream":"L00945"}},{"type":"Feature","geometry":{"type":"LineString","coordinates":[[80.23799378211133,13.000593705744853],[80.23863923641406,13.000595598715423],[80.23891668637906,13.000325152080613]]},"properties":{"id":"L00904","strahler":3,"length_m":112.4,"drop_m":-0.62,"gradient":0.0,"area_ha":62.57,"on_drain_share":0.0,"downstream":"L00906"}},{"type":"Feature","geometry":{"type":"LineString","coordinates":[[80.23514060405986,12.998867341091891],[80.23597046760679,12.99886978341446],[80.2367059136228,12.999595304949366],[80.23725832937035,12.999868187541637],[80.23799378211133,13.000593705744853]]},"properties":{"id":"L00903","strahler":2,"length_m":388.7,"drop_m":2.62,"gradient":0.00675,"area_ha":24.53,"on_drain_share":0.0,"downstream":"L00904"}},{"type":"Feature","geometry":{"type":"LineString","coordinates":[[80.23781185014676,12.999779392543521],[80.23854758002679,13.000414490127449],[80.23891668637906,13.000325152080613]]},"properties":{"id":"L00905","strahler":1,"length_m":153.1,"drop_m":0.75,"gradient":0.00488,"area_ha":6.69,"on_drain_share":0.0,"downstream":"L00906"}},{"type":"Feature","geometry":{"type":"LineString","coordinates":[[80.26759310634301,13.000498023013058],[80.26703985633945,13.000496462251014],[80.26630404920962,12.999861441444756]]},"properties":{"id":"L00916","strahler":1,"length_m":169.0,"drop_m":0.54,"gradient":0.00317,"area_ha":7.81,"on_drain_share":0.0,"downstream":"L00945"}},{"type":"Feature","geometry":{"type":"LineString","coordinates":[[80.23891668637906,13.000325152080613],[80.23900916956723,13.000235003127843]]},"properties":{"id":"L00906","strahler":3,"length_m":14.1,"drop_m":0.0,"gradient":0.0,"area_ha":69.51,"on_drain_share":0.0,"downstream":"L00940"}},{"type":"Feature","geometry":{"type":"LineString","coordinates":[[80.23900916956723,13.000235003127843],[80.24095130109976,12.998341866516494],[80.24132067831648,12.998162105617304],[80.24206052863723,12.997440905248133]]},"properties":{"id":"L00940","strahler":3,"length_m":458.4,"drop_m":8.22,"gradient":0.01794,"area_ha":96.19,"on_drain_share":0.0,"downstream":"L00943"}},{"type":"Feature","geometry":{"type":"LineString","coordinates":[[80.17824569183402,12.999778600370163],[80.17815378325736,12.999687890810222],[80.17769275290246,12.999686431586758],[80.17732333298726,12.99986609920316],[80.1767721825028,12.999231421776749],[80.17677277854355,12.999050586208833],[80.17594561112644,12.998234194815339]]},"properties":{"id":"L00932","strahler":2,"length_m":354.6,"drop_m":0.55,"gradient":0.00156,"area_ha":30.59,"on_drain_share":0.0,"downstream":"L00876"}},{"type":"Feature","geometry":{"type":"LineString","coordinates":[[80.20572292446546,12.99995450191042],[80.20572378713322,12.999683246626116],[80.20600040725643,12.999684092406262],[80.2060929013866,12.999593955830044]]},"properties":{"id":"L00917","strahler":1,"length_m":74.1,"drop_m":0.68,"gradient":0.00916,"area_ha":4.64,"on_drain_share":0.0,"downstream":"L00920"}},{"type":"Feature","geometry":{"type":"LineString","coordinates":[[80.21383713165821,12.999979189597504],[80.21392905406424,13.000069887289403]]},"properties":{"id":"L00909","strahler":1,"length_m":14.1,"drop_m":0.0,"gradient":0.0,"area_ha":4.53,"on_drain_share":0.0,"downstream":"L00843"}},{"type":"Feature","geometry":{"type":"LineString","coordinates":[[80.21374862500583,12.998803468591024],[80.21392905406424,13.000069887289403]]},"properties":{"id":"L00910","strahler":2,"length_m":148.3,"drop_m":-0.13,"gradient":0.0,"area_ha":12.93,"on_drain_share":0.0,"downstream":"L00843"}},{"type":"Feature","geometry":{"type":"LineString","coordinates":[[80.27156017664457,12.99978581547403],[80.27211342563378,12.999787366524155],[80.27238925988352,13.000059401106967],[80.27257367644141,13.00005991767662],[80.27266562139556,13.00015059574985],[80.27303550744182,12.999789948989422],[80.27331213202304,12.999790723090799]]},"properties":{"id":"L00922","strahler":1,"length_m":223.1,"drop_m":3.11,"gradient":0.01392,"area_ha":8.4,"on_drain_share":0.0,"downstream":null}},{"type":"Feature","geometry":{"type":"LineString","coordinates":[[80.17198137666531,12.998040751072578],[80.17170386120561,12.998311122197126],[80.17170326153037,12.998491957543324],[80.1714260452019,12.998671910648572],[80.17142454545092,12.999123998964887],[80.17013336528798,12.999210295441861],[80.17004085911618,12.999300418455087],[80.17003935678298,12.999752506590406]]},"properties":{"id":"L00911","strahler":3,"length_m":359.0,"drop_m":0.88,"gradient":0.00246,"area_ha":95.22,"on_drain_share":0.0,"downstream":null}},{"type":"Feature","geometry":{"type":"LineString","coordinates":[[80.24896869436935,12.999902313326125],[80.24924640475975,12.999541435623044],[80.24924803548653,12.998998919440984]]},"properties":{"id":"L00924","strahler":3,"length_m":112.4,"drop_m":-0.31,"gradient":0.0,"area_ha":145.62,"on_drain_share":0.0,"downstream":"L00974"}},{"type":"Feature","geometry":{"type":"LineString","coordinates":[[80.19733298605836,12.99965745132541],[80.19770297390525,12.999296917866989],[80.19752291861178,12.99794007434754],[80.19660376800006,12.997033041792474],[80.19660434958129,12.99685220530006]]},"properties":{"id":"L00950","strahler":1,"length_m":376.3,"drop_m":-0.21,"gradient":0.0,"area_ha":12.17,"on_drain_share":0.0,"downstream":"L00992"}},{"type":"Feature","geometry":{"type":"LineString","coordinates":[[80.26630404920962,12.999861441444756],[80.2657521298812,12.99940777950834],[80.26538542583114,12.998683379023886],[80.26474183562983,12.998048614961386],[80.26428292926528,12.997323952113684]]},"properties":{"id":"L00945","strahler":2,"length_m":377.0,"drop_m":1.33,"gradient":0.00353,"area_ha":24.19,"on_drain_share":0.0,"downstream":"L00958"}},{"type":"Feature","geometry":{"type":"LineString","coordinates":[[80.20295902972032,12.999222680776656],[80.2031440196173,12.999042409854052],[80.20342063885683,12.999043258340484],[80.20351313361161,12.998953122718763],[80.20360505169407,12.999043823834485],[80.20378946454004,12.999044389197586],[80.20397301287043,12.999316209611724],[80.20443404554584,12.999317622150027],[80.20461932245475,12.999046931711689],[80.20480402321868,12.998957077941329],[80.20480431108658,12.998866659527167],[80.20517342436573,12.998777369981651],[80.20572522486934,12.999231154472916],[80.2057240746848,12.999592828196743],[80.2060929013866,12.999593955830044]]},"properties":{"id":"L00919","strahler":1,"length_m":472.1,"drop_m":4.36,"gradient":0.00924,"area_ha":8.83,"on_drain_share":0.0,"downstream":"L00920"}},{"type":"Feature","geometry":{"type":"LineString","coordinates":[[80.2060929013866,12.999593955830044],[80.20646172812314,12.999595082939734],[80.20664642872012,12.999505227847953],[80.20683026774336,12.99968662797949]]},"properties":{"id":"L00920","strahler":2,"length_m":92.4,"drop_m":0.55,"gradient":0.006,"area_ha":14.22,"on_drain_share":0.0,"downstream":"L00879"}},{"type":"Feature","geometry":{"type":"LineString","coordinates":[[80.20407357468036,12.996694358461376],[80.20444153310042,12.996966743452827],[80.20462594445065,12.99696730813348],[80.20499361614235,12.99733011082452],[80.20508582196288,12.997330392993007],[80.20536128890176,12.99769291304683],[80.20545349486447,12.99769319509255],[80.20563704417204,12.99796501440593],[80.20600500621892,12.99823739736288],[80.20637181990125,12.998871453640094],[80.20673949691454,12.99923425411539],[80.20683026774336,12.99968662797949]]},"properties":{"id":"L00921","strahler":1,"length_m":489.4,"drop_m":1.84,"gradient":0.00375,"area_ha":10.17,"on_drain_share":0.0,"downstream":"L00879"}},{"type":"Feature","geometry":{"type":"LineString","coordinates":[[80.25062897643424,12.999726268564304],[80.2500757302722,12.999724671760362],[80.24989212958538,12.999452881105954],[80.24970744279685,12.999542767828407],[80.24924803548653,12.998998919440984]]},"properties":{"id":"L00925","strahler":3,"length_m":203.1,"drop_m":4.03,"gradient":0.01983,"area_ha":133.14,"on_drain_share":0.0,"downstream":"L00974"}},{"type":"Feature","geometry":{"type":"LineString","coordinates":[[80.25247935478853,12.997651935736133],[80.25164705408028,12.998463321172457],[80.2516467831776,12.998553740591266],[80.25137016132125,12.998552943491102],[80.25109299727137,12.99873298490921],[80.25081637525167,12.998732187208526],[80.2508139342953,12.999545961783094],[80.25062897643424,12.999726268564304]]},"properties":{"id":"L00923","strahler":1,"length_m":353.8,"drop_m":0.04,"gradient":0.00011,"area_ha":9.34,"on_drain_share":0.0,"downstream":"L00925"}},{"type":"Feature","geometry":{"type":"LineString","coordinates":[[80.1899579389298,12.999182459890418],[80.18959058118004,12.998729219005343],[80.18931396323057,12.998728355811638],[80.18885469514528,12.998184408127127],[80.18857807784973,12.998183544185343],[80.18857866529422,12.998002708068068],[80.18848675335249,12.997912001968652],[80.18802572508261,12.99791056127872],[80.18802748855066,12.997368052982443],[80.18839777918963,12.996917115244296],[80.1883073366213,12.996374318786346]]},"properties":{"id":"L00959","strahler":1,"length_m":482.1,"drop_m":4.82,"gradient":0.01,"area_ha":13.5,"on_drain_share":0.0,"downstream":"L00998"}},{"type":"Feature","geometry":{"type":"LineString","coordinates":[[80.1999165069673,12.999122907388868],[80.20074896834358,12.998311697358236],[80.2007498362997,12.998040442369165],[80.2004737971781,12.997858754452736],[80.20047495480524,12.997497081144502],[80.20102992469417,12.996956273253957],[80.20103223813689,12.996232926478644],[80.20094032201656,12.996142224547222],[80.20094090041772,12.99596138784986],[80.20075706850193,12.995779983904823]]},"properties":{"id":"L00966","strahler":1,"length_m":462.8,"drop_m":4.37,"gradient":0.00944,"area_ha":12.43,"on_drain_share":0.0,"downstream":"L00981"}},{"type":"Feature","geometry":{"type":"LineString","coordinates":[[80.23237494923153,12.998678342848201],[80.23265184778737,12.998588741164728],[80.23292763543087,12.998860815272625],[80.23311204943714,12.998861359810844],[80.23329563078354,12.999133161308709],[80.23366445923854,12.99913424975413],[80.23375638896411,12.999224940822367],[80.23477094480481,12.99913751194874],[80.23514060405986,12.998867341091891]]},"properties":{"id":"L00926","strahler":1,"length_m":355.6,"drop_m":2.16,"gradient":0.00608,"area_ha":9.65,"on_drain_share":0.0,"downstream":"L00903"}},{"type":"Feature","geometry":{"type":"LineString","coordinates":[[80.22997673371842,12.998942503818963],[80.23006921940858,12.998852358191428],[80.23007089169634,12.998309844405112],[80.2295193247338,12.997765690250647],[80.22951988252133,12.997584852332782],[80.22942795499034,12.997494159873392],[80.22887471650509,12.997492518189176],[80.2287827892537,12.997401825515842],[80.2285983765131,12.997401277964496],[80.22813874161196,12.996947813849067],[80.2281390209883,12.996857394914274]]},"properties":{"id":"L00954","strahler":1,"length_m":368.0,"drop_m":1.8,"gradient":0.00489,"area_ha":8.98,"on_drain_share":0.0,"downstream":"L00957"}},{"type":"Feature","geometry":{"type":"LineString","coordinates":[[80.24924803548653,12.998998919440984],[80.24924912259664,12.998637241973604],[80.24961930986127,12.998186210839892],[80.2496206679839,12.997734113937236],[80.24999058169986,12.997373501525956],[80.24999302491608,12.99655972696949],[80.24980942645382,12.996287936322863],[80.24981051251662,12.995926258733448],[80.24971857778172,12.99583557307014],[80.24981132704217,12.995655000534729]]},"properties":{"id":"L00974","strahler":4,"length_m":419.7,"drop_m":3.34,"gradient":0.00795,"area_ha":290.9,"on_drain_share":0.0,"downstream":"L01039"}},{"type":"Feature","geometry":{"type":"LineString","coordinates":[[80.19410867717538,12.998743276146374],[80.19411217784364,12.997658257964039],[80.19374539792763,12.997024186228574],[80.19328583063724,12.996570664101242],[80.19328933427347,12.995485645958423],[80.19301330377053,12.995303950560299],[80.19301447196129,12.994942277845361],[80.19319888129981,12.994942850549666],[80.19319917327526,12.994852432365223],[80.19375415174908,12.994311640486574],[80.19375765272164,12.993226622029875],[80.19329867574926,12.992592263797533]]},"properties":{"id":"L01017","strahler":1,"length_m":801.1,"drop_m":6.12,"gradient":0.00764,"area_ha":21.51,"on_drain_share":0.0,"downstream":"L01020"}},{"type":"Feature","geometry":{"type":"LineString","coordinates":[[80.21282940903029,12.997896489929442],[80.21374862500583,12.998803468591024]]},"properties":{"id":"L00927","strahler":1,"length_m":141.4,"drop_m":-2.9,"gradient":0.0,"area_ha":5.88,"on_drain_share":0.0,"downstream":"L00910"}},{"type":"Feature","geometry":{"type":"LineString","coordinates":[[80.21374947887914,12.998532212755443],[80.21374862500583,12.998803468591024]]},"properties":{"id":"L00928","strahler":1,"length_m":30.0,"drop_m":1.24,"gradient":0.04122,"area_ha":5.13,"on_drain_share":0.0,"downstream":"L00910"}},{"type":"Feature","geometry":{"type":"LineString","coordinates":[[80.23523557952896,12.997963421838449],[80.23541943943951,12.998144802864966],[80.23514226533523,12.998324826659104],[80.23495702080868,12.998595540791746],[80.23514060405986,12.998867341091891]]},"properties":{"id":"L00929","strahler":2,"length_m":143.1,"drop_m":0.53,"gradient":0.00372,"area_ha":13.49,"on_drain_share":0.0,"downstream":"L00903"}},{"type":"Feature","geometry":{"type":"LineString","coordinates":[[80.27128671789053,12.998700001719467],[80.27156281375801,12.99888161726818],[80.27183943724242,12.998882392884743],[80.2720243799737,12.998702070131458]]},"properties":{"id":"L00930","strahler":1,"length_m":96.6,"drop_m":0.41,"gradient":0.00429,"area_ha":5.42,"on_drain_share":0.0,"downstream":"L00931"}},{"type":"Feature","geometry":{"type":"LineString","coordinates":[[80.216884216233,12.998632102007468],[80.216885917127,12.998089589914347],[80.21790330133912,12.997098039908689],[80.21799748867278,12.996465386469527],[80.21873767990554,12.995653837188446],[80.21873796265527,12.995563418446977]]},"properties":{"id":"L00972","strahler":1,"length_m":422.8,"drop_m":0.43,"gradient":0.00103,"area_ha":12.46,"on_drain_share":0.0,"downstream":"L00978"}},{"type":"Feature","geometry":{"type":"LineString","coordinates":[[80.2720243799737,12.998702070131458],[80.27294645775694,12.998704652701145]]},"properties":{"id":"L00931","strahler":3,"length_m":100.0,"drop_m":3.75,"gradient":0.03751,"area_ha":86.23,"on_drain_share":0.0,"downstream":null}},{"type":"Feature","geometry":{"type":"LineString","coordinates":[[80.2699133794904,12.995350585082315],[80.27009779247015,12.99535110322553],[80.27018973483794,12.995441782068287],[80.2704666184536,12.995352139119362],[80.27046582637266,12.995623398594896],[80.27055776897599,12.995714077317919],[80.27046529830872,12.995804238242082],[80.27046397811394,12.996256337348965],[80.27064812780671,12.99634727496002],[80.27064522391458,12.997341892973413],[80.27119688453622,12.997885964636826],[80.27138129944039,12.997886481968143],[80.27184022803722,12.998611133393899],[80.2720243799737,12.998702070131458]]},"properties":{"id":"L00933","strahler":3,"length_m":540.4,"drop_m":3.4,"gradient":0.00629,"area_ha":80.36,"on_drain_share":0.0,"downstream":"L00931"}},{"type":"Feature","geometry":{"type":"LineString","coordinates":[[80.17946219154113,12.994357318559892],[80.1791846880215,12.994627698482901],[80.17918349984186,12.994989369958862],[80.17890599529449,12.995259749511268],[80.17890421231672,12.995802256657015],[80.17899582270049,12.995983383765966],[80.17871831679139,12.996253763019395],[80.17825729270885,12.996252305176142],[80.17816479045011,12.996342431344795],[80.17807199063785,12.996522975307986],[80.17807020566966,12.997065482287164],[80.17779269754506,12.997335860397788],[80.17769959941107,12.997606821992342],[80.17696016956768,12.998146992701788],[80.17677575861208,12.99814640833116],[80.17668325510759,12.998236533885288],[80.17594561112644,12.998234194815339]]},"properties":{"id":"L00934","strahler":2,"length_m":695.3,"drop_m":3.98,"gradient":0.00573,"area_ha":99.81,"on_drain_share":0.0,"downstream":"L00876"}},{"type":"Feature","geometry":{"type":"LineString","coordinates":[[80.18056063416032,12.99680209354328],[80.18028312887681,12.997072474498403],[80.17982210310197,12.997071019341861],[80.17972960105176,12.997161146077769],[80.17917666711149,12.997068980748521],[80.17899136533522,12.997339651542744],[80.1787147496576,12.997338777153924],[80.17862224712711,12.99742890346387],[80.17862105786814,12.997790574810809],[80.1788039823562,12.99824324704616]]},"properties":{"id":"L00935","strahler":2,"length_m":351.4,"drop_m":2.45,"gradient":0.00696,"area_ha":22.21,"on_drain_share":0.0,"downstream":null}},{"type":"Feature","geometry":{"type":"LineString","coordinates":[[80.18193897263968,12.998253139141916],[80.18056063416032,12.99680209354328]]},"properties":{"id":"L00948","strahler":1,"length_m":222.1,"drop_m":-0.01,"gradient":0.0,"area_ha":10.0,"on_drain_share":0.0,"downstream":"L00935"}},{"type":"Feature","geometry":{"type":"LineString","coordinates":[[80.2427951670607,12.99843766806929],[80.24279681165503,12.997895152649992],[80.24270487892409,12.997804464617804],[80.24270542716822,12.99762362614223],[80.24298286949278,12.997353174677206]]},"properties":{"id":"L00942","strahler":1,"length_m":136.6,"drop_m":0.47,"gradient":0.00347,"area_ha":7.42,"on_drain_share":0.0,"downstream":"L00946"}},{"type":"Feature","geometry":{"type":"LineString","coordinates":[[80.17614105512736,12.994889321647692],[80.17641677375966,12.995161452027915],[80.17641617764579,12.995342287633617],[80.17558365252064,12.996153415778844],[80.17539834775121,12.996424083836413],[80.17539775084025,12.996604919378058],[80.17493523334491,12.997055544394112],[80.17419759317687,12.997053200569633],[80.17345755972362,12.997774196412912],[80.1734572605347,12.997864614130272],[80.17327284995089,12.997864027285491],[80.17299683280136,12.997682311358671],[80.1725343091248,12.99813293168249],[80.17198137666531,12.998040751072578]]},"properties":{"id":"L00936","strahler":2,"length_m":715.0,"drop_m":1.19,"gradient":0.00167,"area_ha":23.86,"on_drain_share":0.0,"downstream":"L00911"}},{"type":"Feature","geometry":{"type":"LineString","coordinates":[[80.17190505553502,12.993248319213993],[80.17199695948096,12.993339030751065],[80.17199366362709,12.994333625577626],[80.17208556798172,12.994424337101846],[80.17208466915818,12.994695590227467],[80.17180745746363,12.994875544061973],[80.17180715774664,12.994965961761634],[80.17199096681544,12.995147384924046],[80.17208137329737,12.995690184972531],[80.17226518307744,12.995871607975],[80.17226278641313,12.996594949583171],[80.17217028199002,12.996685073477412],[80.17216968273003,12.996865908867614],[80.17198467354113,12.997046156532356],[80.17198347470892,12.997407827283148],[80.17216728559946,12.997589250403001],[80.1721663866381,12.997860503468297],[80.17198137666531,12.998040751072578]]},"properties":{"id":"L00937","strahler":2,"length_m":606.3,"drop_m":1.06,"gradient":0.00174,"area_ha":63.78,"on_drain_share":0.0,"downstream":"L00911"}},{"type":"Feature","geometry":{"type":"LineString","coordinates":[[80.22500064658925,12.997933087726485],[80.22490872067192,12.997842393755036],[80.22546364157141,12.99730153069201],[80.2260168791869,12.997303179616608],[80.22638682436857,12.996942602662354],[80.22647903052024,12.996942877229818],[80.22675676848253,12.996582025111246],[80.2281437700628,12.995320272925815],[80.22832901905593,12.99504956386141],[80.22888225206019,12.99505120640458],[80.22925191089385,12.994781043861959],[80.22952852714954,12.994781864281613],[80.23045336629379,12.993880406866902]]},"properties":{"id":"L00994","strahler":1,"length_m":808.1,"drop_m":4.82,"gradient":0.00596,"area_ha":22.57,"on_drain_share":0.0,"downstream":"L00996"}},{"type":"Feature","geometry":{"type":"LineString","coordinates":[[80.23376276848228,12.997145302771955],[80.23422324607502,12.997327500337889],[80.23431489823454,12.997508610257567],[80.23496034400955,12.997510511927384],[80.23505227366869,12.997601202541084],[80.23505171988536,12.997782040694124],[80.23523557952896,12.997963421838449]]},"properties":{"id":"L00938","strahler":1,"length_m":214.9,"drop_m":0.49,"gradient":0.00226,"area_ha":6.92,"on_drain_share":0.0,"downstream":"L00929"}},{"type":"Feature","geometry":{"type":"LineString","coordinates":[[80.23532972378332,12.997330759707424],[80.23514475710697,12.997511054967125],[80.23523557952896,12.997963421838449]]},"properties":{"id":"L00939","strahler":1,"length_m":82.4,"drop_m":0.23,"gradient":0.00285,"area_ha":4.43,"on_drain_share":0.0,"downstream":"L00929"}},{"type":"Feature","geometry":{"type":"LineString","coordinates":[[80.24620846678592,12.997905075073856],[80.24547326942525,12.997089159805396],[80.24547354253076,12.996998740504964],[80.24593594013628,12.996547982589998],[80.2452924072738,12.99591317320961]]},"properties":{"id":"L00968","strahler":1,"length_m":302.8,"drop_m":-0.3,"gradient":0.0,"area_ha":9.45,"on_drain_share":0.0,"downstream":"L01018"}},{"type":"Feature","geometry":{"type":"LineString","coordinates":[[80.22813650652523,12.997671165304569],[80.2281370653096,12.997490327444497],[80.22822955105728,12.99740018246915],[80.22823010976222,12.997219344601334],[80.22804625601042,12.997037958802748],[80.2281390209883,12.996857394914274]]},"properties":{"id":"L00953","strahler":1,"length_m":106.6,"drop_m":-0.47,"gradient":0.0,"area_ha":5.53,"on_drain_share":0.0,"downstream":"L00957"}},{"type":"Feature","geometry":{"type":"LineString","coordinates":[[80.20241156535282,12.997412615194602],[80.20241243144154,12.997141360076432],[80.20222859757754,12.996959957076648],[80.20222917508384,12.996779120333636],[80.2021372583143,12.99668841879263],[80.20213870219776,12.996236326931012],[80.20232340160857,12.996146474836733],[80.20232397900885,12.995965638078227],[80.20214014602664,12.99578423505353],[80.20075706850193,12.995779983904823]]},"properties":{"id":"L00969","strahler":1,"length_m":364.9,"drop_m":3.89,"gradient":0.01066,"area_ha":6.93,"on_drain_share":0.0,"downstream":"L00981"}},{"type":"Feature","geometry":{"type":"LineString","coordinates":[[80.19614186753707,12.997302870305534],[80.19660434958129,12.99685220530006]]},"properties":{"id":"L00949","strahler":1,"length_m":70.7,"drop_m":-2.1,"gradient":0.0,"area_ha":5.7,"on_drain_share":0.0,"downstream":"L00992"}},{"type":"Feature","geometry":{"type":"LineString","coordinates":[[80.24132479757756,12.996805817462105],[80.24150838681416,12.997077613609356],[80.24206052863723,12.997440905248133]]},"properties":{"id":"L00941","strahler":1,"length_m":114.9,"drop_m":5.48,"gradient":0.0477,"area_ha":6.18,"on_drain_share":0.0,"downstream":"L00943"}},{"type":"Feature","geometry":{"type":"LineString","coordinates":[[80.24206052863723,12.997440905248133],[80.24298286949278,12.997353174677206]]},"properties":{"id":"L00943","strahler":3,"length_m":104.1,"drop_m":-2.42,"gradient":0.0,"area_ha":103.53,"on_drain_share":0.0,"downstream":"L00946"}},{"type":"Feature","geometry":{"type":"LineString","coordinates":[[80.26409798232548,12.997504269130497],[80.26428292926528,12.997323952113684]]},"properties":{"id":"L00944","strahler":1,"length_m":28.3,"drop_m":0.23,"gradient":0.00805,"area_ha":7.92,"on_drain_share":0.0,"downstream":"L00958"}},{"type":"Feature","geometry":{"type":"LineString","coordinates":[[80.24298286949278,12.997353174677206],[80.24335279165791,12.996992572202762],[80.24362886372715,12.99717421626862],[80.24436651666412,12.997176362973851]]},"properties":{"id":"L00946","strahler":3,"length_m":174.9,"drop_m":0.9,"gradient":0.00512,"area_ha":112.27,"on_drain_share":0.0,"downstream":"L00967"}},{"type":"Feature","geometry":{"type":"LineString","coordinates":[[80.24436651666412,12.997176362973851],[80.24464258972765,12.997358006011419],[80.24510498945035,12.996907249706771],[80.24492166956475,12.996545036597535],[80.24492221614932,12.996364198011555],[80.2452924072738,12.99591317320961]]},"properties":{"id":"L00967","strahler":3,"length_m":243.8,"drop_m":0.58,"gradient":0.0024,"area_ha":124.56,"on_drain_share":0.0,"downstream":"L01018"}},{"type":"Feature","geometry":{"type":"LineString","coordinates":[[80.25681389182073,12.997393111853146],[80.25653807823939,12.997121061738925]]},"properties":{"id":"L00947","strahler":1,"length_m":42.4,"drop_m":-1.34,"gradient":0.0,"area_ha":7.43,"on_drain_share":0.0,"downstream":"L01010"}},{"type":"Feature","geometry":{"type":"LineString","coordinates":[[80.26428292926528,12.997323952113684],[80.264837768483,12.996783000172591],[80.26492997539545,12.996783261090004]]},"properties":{"id":"L00958","strahler":2,"length_m":94.9,"drop_m":-2.79,"gradient":0.0,"area_ha":35.09,"on_drain_share":0.0,"downstream":"L00964"}},{"type":"Feature","geometry":{"type":"LineString","coordinates":[[80.22149933780251,12.997108841347748],[80.22122328326174,12.996927174663899],[80.22076225313013,12.9969257921743],[80.22021071048542,12.996381619510721]]},"properties":{"id":"L00962","strahler":1,"length_m":173.1,"drop_m":-0.48,"gradient":0.0,"area_ha":7.19,"on_drain_share":0.0,"downstream":"L00971"}},{"type":"Feature","geometry":{"type":"LineString","coordinates":[[80.25746149078763,12.996671601214228],[80.257461222028,12.996762020765606],[80.25690663673687,12.997212536558749],[80.25653807823939,12.997121061738925]]},"properties":{"id":"L00952","strahler":1,"length_m":134.9,"drop_m":1.34,"gradient":0.00992,"area_ha":7.22,"on_drain_share":0.0,"downstream":"L01010"}},{"type":"Feature","geometry":{"type":"LineString","coordinates":[[80.26492997539545,12.996783261090004],[80.26511438922635,12.996783782826668],[80.26539180765212,12.996513306043795],[80.26576063496181,12.996514348709338],[80.26594451725494,12.996695709297233],[80.26622087238074,12.996786910498148],[80.26668057996879,12.997240310993243],[80.26686499420974,12.99724083150525],[80.26704993905577,12.997060512397589],[80.26751070924891,12.997152232513113],[80.26797227471539,12.99697269253845],[80.2679738644444,12.996430173940915],[80.26815907277815,12.99615943418455]]},"properties":{"id":"L00964","strahler":3,"length_m":494.6,"drop_m":0.59,"gradient":0.00119,"area_ha":57.83,"on_drain_share":0.0,"downstream":"L00976"}},{"type":"Feature","geometry":{"type":"LineString","coordinates":[[80.242802841196,12.995905929250652],[80.24317221352837,12.995726165413242],[80.24354103780351,12.99572723955842],[80.24390876752425,12.996089990282428],[80.24390712558086,12.996632505916867],[80.24436651666412,12.997176362973851]]},"properties":{"id":"L00951","strahler":1,"length_m":285.6,"drop_m":1.39,"gradient":0.00487,"area_ha":6.84,"on_drain_share":0.0,"downstream":"L00967"}},{"type":"Feature","geometry":{"type":"LineString","coordinates":[[80.25653807823939,12.997121061738925],[80.25644614051241,12.997030378308398],[80.25616952003935,12.997029586410113],[80.25580177022361,12.996666852022576],[80.25580338634225,12.99612433490596],[80.2550678914176,12.995398864773158],[80.25627007109996,12.994226844845086],[80.2566391632755,12.994137480725723],[80.25728648500154,12.993506389485159],[80.25728782874721,12.993054291626859]]},"properties":{"id":"L01010","strahler":2,"length_m":650.8,"drop_m":2.85,"gradient":0.00438,"area_ha":31.87,"on_drain_share":0.0,"downstream":"L01080"}},{"type":"Feature","geometry":{"type":"LineString","coordinates":[[80.19660434958129,12.99685220530006],[80.1966055127174,12.996490532307622],[80.19642168376983,12.996309125462561],[80.1966066758183,12.996128859305031],[80.19660900191461,12.995405513269395],[80.19651708778142,12.995314809878485],[80.19651766934582,12.995133973366062],[80.19670266040742,12.994953707069179],[80.1967971904976,12.994230645994712]]},"properties":{"id":"L00992","strahler":2,"length_m":323.1,"drop_m":5.95,"gradient":0.0184,"area_ha":23.96,"on_drain_share":0.0,"downstream":"L01021"}},{"type":"Feature","geometry":{"type":"LineString","coordinates":[[80.18286724031154,12.996357264744749],[80.1827753311371,12.996266556771637],[80.18249812462078,12.99644652234937],[80.18231430656118,12.996265106126016],[80.18166887224886,12.996263073848054],[80.1816694646045,12.996082238016141],[80.18157755598624,12.995991529649212],[80.18120873683777,12.995990367521964],[80.18111682842866,12.995899659003358],[80.18093212249997,12.995989495583013],[80.18093123316918,12.996260749281674],[80.18056122734355,12.996621257769153],[80.18056063416032,12.99680209354328]]},"properties":{"id":"L00955","strahler":1,"length_m":369.7,"drop_m":1.61,"gradient":0.00434,"area_ha":7.73,"on_drain_share":0.0,"downstream":"L00935"}},{"type":"Feature","geometry":{"type":"LineString","coordinates":[[80.2281390209883,12.996857394914274],[80.22813930036251,12.99676697597885]]},"properties":{"id":"L00957","strahler":2,"length_m":10.0,"drop_m":-0.05,"gradient":0.0,"area_ha":14.6,"on_drain_share":0.0,"downstream":null}},{"type":"Feature","geometry":{"type":"LineString","coordinates":[[80.22159379784533,12.996385767291306],[80.22150159200642,12.99638549100163],[80.22113164105332,12.99674606066206],[80.22094722913201,12.996745507706894],[80.22076338129979,12.996564117064866],[80.22021071048542,12.996381619510721]]},"properties":{"id":"L00963","strahler":1,"length_m":183.1,"drop_m":0.61,"gradient":0.00335,"area_ha":7.68,"on_drain_share":0.0,"downstream":"L00971"}},{"type":"Feature","geometry":{"type":"LineString","coordinates":[[80.2371757867263,12.996703247636388],[80.23782123085289,12.996705142083014],[80.23819115903407,12.99634454730004],[80.23819171048162,12.996163708994203],[80.23791619540368,12.995801221116523],[80.23791674702639,12.995620382814748],[80.23847163615783,12.995079490023198],[80.2386560476123,12.99508003047114],[80.23874990628416,12.994537785597682],[80.23884238726605,12.994447636549316],[80.23884348904362,12.994085959827432],[80.23912093116364,12.993815512428021],[80.23912148182728,12.993634674047819],[80.2393064427653,12.993454375585088],[80.23939974879514,12.993092968699637]]},"properties":{"id":"L01008","strahler":1,"length_m":577.0,"drop_m":4.48,"gradient":0.00777,"area_ha":14.24,"on_drain_share":0.0,"downstream":"L01032"}},{"type":"Feature","geometry":{"type":"LineString","coordinates":[[80.26852604654731,12.996793411347168],[80.26815827814087,12.996430693503084],[80.26815907277815,12.99615943418455]]},"properties":{"id":"L00965","strahler":1,"length_m":86.6,"drop_m":-1.74,"gradient":0.0,"area_ha":5.02,"on_drain_share":0.0,"downstream":"L00976"}},{"type":"Feature","geometry":{"type":"LineString","coordinates":[[80.19844961955957,12.996496228642128],[80.19863461037893,12.996315960965644],[80.19881902098676,12.99631652974025],[80.19881960093137,12.996135693139381],[80.19900430131682,12.996045843469465],[80.19928207614481,12.995685022918515],[80.19928236593609,12.995594604603736],[80.19873058559875,12.995140807444875]]},"properties":{"id":"L00977","strahler":1,"length_m":235.6,"drop_m":3.47,"gradient":0.01471,"area_ha":5.65,"on_drain_share":0.0,"downstream":"L00993"}},{"type":"Feature","geometry":{"type":"LineString","coordinates":[[80.2104363353312,12.996532935817614],[80.21016057601516,12.996260839313937],[80.21016171947227,12.995899165108],[80.21025421070593,12.995809026856815],[80.21025478235048,12.995628189744743],[80.2101628628948,12.995537490891916],[80.21025821203618,12.99454316701901]]},"properties":{"id":"L00988","strahler":1,"length_m":244.9,"drop_m":0.69,"gradient":0.00283,"area_ha":6.31,"on_drain_share":0.0,"downstream":"L01014"}},{"type":"Feature","geometry":{"type":"LineString","coordinates":[[80.26447293399865,12.995425660687841],[80.26474848882233,12.99578812248332],[80.26447080437752,12.99614901829912],[80.26446973951865,12.996510697089555],[80.26492997539545,12.996783261090004]]},"properties":{"id":"L00961","strahler":2,"length_m":207.3,"drop_m":0.17,"gradient":0.00084,"area_ha":14.82,"on_drain_share":0.0,"downstream":"L00964"}},{"type":"Feature","geometry":{"type":"LineString","coordinates":[[80.1883073366213,12.996374318786346],[80.18748013755408,12.995557962245567],[80.18720352326123,12.995557097011785],[80.1867433824562,12.995284400193523],[80.18646676851701,12.995283534193275],[80.18609883361498,12.995011124998515],[80.18591442455129,12.995010547252198],[80.18582192537414,12.995100676347622],[80.1856381056856,12.99491926237324],[80.18545369671092,12.994918684303947],[80.1850863533213,12.994465437755007],[80.18462592193333,12.994283155416296],[80.18398255939054,12.993648203298816],[80.18389035540925,12.993647913720855]]},"properties":{"id":"L00998","strahler":2,"length_m":618.4,"drop_m":0.89,"gradient":0.00144,"area_ha":53.41,"on_drain_share":0.0,"downstream":"L00997"}},{"type":"Feature","geometry":{"type":"LineString","coordinates":[[80.22021071048542,12.996381619510721],[80.21993494006391,12.996109532782413],[80.21928978276594,12.996017175236677],[80.21892180823852,12.995744810411084]]},"properties":{"id":"L00971","strahler":2,"length_m":169.0,"drop_m":-0.61,"gradient":0.0,"area_ha":17.06,"on_drain_share":0.0,"downstream":"L00973"}},{"type":"Feature","geometry":{"type":"LineString","coordinates":[[80.26207236331433,12.996503898495716],[80.26244119033393,12.996504945872895],[80.26271861116885,12.9962344720775],[80.26373288460474,12.996237348523554],[80.26401030380457,12.995966873252339],[80.26410384207405,12.995515035976256],[80.26419631479895,12.995424877431141],[80.26447293399865,12.995425660687841]]},"properties":{"id":"L00979","strahler":1,"length_m":333.1,"drop_m":-1.1,"gradient":0.0,"area_ha":7.43,"on_drain_share":0.0,"downstream":"L00961"}},{"type":"Feature","geometry":{"type":"LineString","coordinates":[[80.26815907277815,12.99615943418455],[80.2685289587492,12.995798793763706],[80.26852975294403,12.99552753440946],[80.26862222416389,12.99543737420403]]},"properties":{"id":"L00976","strahler":3,"length_m":100.7,"drop_m":2.52,"gradient":0.02506,"area_ha":63.9,"on_drain_share":0.0,"downstream":"L00984"}},{"type":"Feature","geometry":{"type":"LineString","coordinates":[[80.20075706850193,12.995779983904823],[80.20038940547103,12.995417175663524],[80.20001971688315,12.99568729528516],[80.19965089649646,12.995686159363562],[80.1991910303477,12.995323065470709],[80.19873058559875,12.995140807444875]]},"properties":{"id":"L00981","strahler":2,"length_m":273.8,"drop_m":0.7,"gradient":0.00256,"area_ha":26.92,"on_drain_share":0.0,"downstream":"L00993"}},{"type":"Feature","geometry":{"type":"LineString","coordinates":[[80.2452924072738,12.99591317320961],[80.24418921568784,12.994824925194862],[80.24418976272764,12.994644086615656],[80.24363762349789,12.994280799594971],[80.24363871832018,12.993919122465133],[80.24465598448536,12.992927460488026],[80.24465653110474,12.992746621862917],[80.24474900937591,12.992656470545754]]},"properties":{"id":"L01018","strahler":3,"length_m":496.0,"drop_m":-0.68,"gradient":0.0,"area_ha":147.73,"on_drain_share":0.0,"downstream":"L01059"}},{"type":"Feature","geometry":{"type":"LineString","coordinates":[[80.21892180823852,12.995744810411084],[80.21873796265527,12.995563418446977]]},"properties":{"id":"L00973","strahler":3,"length_m":28.3,"drop_m":-0.24,"gradient":0.0,"area_ha":96.03,"on_drain_share":0.0,"downstream":"L00978"}},{"type":"Feature","geometry":{"type":"LineString","coordinates":[[80.18342342546225,12.995454824680971],[80.18277799306382,12.995452795282578],[80.18277858457849,12.99527195938914],[80.18268667581314,12.995181251402812],[80.18250226678121,12.995180671227361],[80.18222654109907,12.99490854690957],[80.18176551909235,12.994907095439066],[80.18158199883473,12.994635260850755],[80.18112097740676,12.99463380826664],[80.18102906950003,12.994543099739245],[80.17964600608643,12.994538736620754],[80.17946219154113,12.994357318559892]]},"properties":{"id":"L00990","strahler":1,"length_m":497.3,"drop_m":1.07,"gradient":0.00215,"area_ha":9.05,"on_drain_share":0.0,"downstream":"L00934"}},{"type":"Feature","geometry":{"type":"LineString","coordinates":[[80.21873796265527,12.995563418446977],[80.21846219478083,12.995291330280613],[80.2181855786893,12.995290498048016]]},"properties":{"id":"L00978","strahler":3,"length_m":72.4,"drop_m":-0.89,"gradient":0.0,"area_ha":111.98,"on_drain_share":0.0,"downstream":"L00989"}},{"type":"Feature","geometry":{"type":"LineString","coordinates":[[80.24806349185619,12.994293645457219],[80.24806104279664,12.995107419793955],[80.24833684453752,12.995379478327697],[80.24925890510818,12.99538214431082],[80.24981132704217,12.995655000534729]]},"properties":{"id":"L00975","strahler":1,"length_m":304.9,"drop_m":8.68,"gradient":0.02846,"area_ha":9.67,"on_drain_share":0.0,"downstream":"L01039"}},{"type":"Feature","geometry":{"type":"LineString","coordinates":[[80.24981132704217,12.995655000534729],[80.25027371463403,12.995204234288257],[80.25027479993105,12.99484255663013],[80.25055250247343,12.994481676981792],[80.25055548567984,12.993487063278645],[80.25083291513411,12.993216602627822],[80.25083589692396,12.99222198876398],[80.25111332460946,12.991951527694628],[80.251113866514,12.991770688786781],[80.25129881782921,12.99159038121121]]},"properties":{"id":"L01039","strahler":4,"length_m":516.3,"drop_m":-2.22,"gradient":0.0,"area_ha":315.59,"on_drain_share":0.0,"downstream":"L01065"}},{"type":"Feature","geometry":{"type":"LineString","coordinates":[[80.2181855786893,12.995290498048016],[80.21772455191288,12.995289110339382],[80.21726465827693,12.994926046960813],[80.21698804266923,12.994925213476307],[80.21652758376362,12.994742986283327],[80.2159743530707,12.994741317473615],[80.21541970277639,12.99519174085599],[80.21495867648837,12.99519034825011],[80.2148667553774,12.995099650970124],[80.2144979345277,12.995098536173712],[80.2143143771239,12.9948267226295],[80.21385448961334,12.994463653532481],[80.21376228465486,12.994463374536638],[80.21302208185601,12.995274908994173],[80.21274546614444,12.99527407097101],[80.21265354585456,12.99518337295266],[80.21228444000157,12.995272673611435],[80.21191647474927,12.995000299345675],[80.21154765430862,12.994999180369856],[80.21145573457406,12.994908481956497],[80.21108691431,12.99490736233445],[80.21090221862055,12.994997220902675],[80.21071866534821,12.99472540504406],[80.21044205039891,12.99472456460355],[80.21025821203618,12.99454316701901]]},"properties":{"id":"L00989","strahler":3,"length_m":1043.3,"drop_m":2.51,"gradient":0.00241,"area_ha":143.06,"on_drain_share":0.0,"downstream":"L01014"}},{"type":"Feature","geometry":{"type":"LineString","coordinates":[[80.26843781118143,12.99543685501014],[80.26862222416389,12.99543737420403]]},"properties":{"id":"L00980","strahler":1,"length_m":20.0,"drop_m":0.89,"gradient":0.04456,"area_ha":4.21,"on_drain_share":0.0,"downstream":"L00984"}},{"type":"Feature","geometry":{"type":"LineString","coordinates":[[80.26862222416389,12.99543737420403],[80.26945208268405,12.99543970895704],[80.26954455355492,12.99534954840328],[80.2699133794904,12.995350585082315]]},"properties":{"id":"L00984","strahler":3,"length_m":144.1,"drop_m":-0.05,"gradient":0.0,"area_ha":68.97,"on_drain_share":0.0,"downstream":"L00933"}},{"type":"Feature","geometry":{"type":"LineString","coordinates":[[80.19873058559875,12.995140807444875],[80.19836176613546,12.995139669740306],[80.1980860221898,12.994867561240488],[80.19762499844337,12.994866137913707],[80.1973492556315,12.99459402869063],[80.19716484636163,12.99459345894694],[80.1967971904976,12.994230645994712]]},"properties":{"id":"L00993","strahler":2,"length_m":251.4,"drop_m":1.73,"gradient":0.00689,"area_ha":38.17,"on_drain_share":0.0,"downstream":"L01021"}},{"type":"Feature","geometry":{"type":"LineString","coordinates":[[80.2197550467036,12.994662278764823],[80.2192928907875,12.99502256894199],[80.21874050730656,12.994749649745241],[80.2181855786893,12.995290498048016]]},"properties":{"id":"L00982","strahler":1,"length_m":223.8,"drop_m":-0.69,"gradient":0.0,"area_ha":8.22,"on_drain_share":0.0,"downstream":"L00989"}},{"type":"Feature","geometry":{"type":"LineString","coordinates":[[80.2643823249282,12.994882881411188],[80.26447293399865,12.995425660687841]]},"properties":{"id":"L00983","strahler":1,"length_m":64.1,"drop_m":-0.6,"gradient":0.0,"area_ha":5.59,"on_drain_share":0.0,"downstream":"L00961"}},{"type":"Feature","geometry":{"type":"LineString","coordinates":[[80.26954561096937,12.994987869168245],[80.2699133794904,12.995350585082315]]},"properties":{"id":"L00985","strahler":1,"length_m":56.6,"drop_m":-0.0,"gradient":0.0,"area_ha":4.83,"on_drain_share":0.0,"downstream":"L00933"}},{"type":"Feature","geometry":{"type":"LineString","coordinates":[[80.17604914905002,12.994798611462668],[80.17614105512736,12.994889321647692]]},"properties":{"id":"L00986","strahler":1,"length_m":14.1,"drop_m":0.0,"gradient":0.0,"area_ha":4.59,"on_drain_share":0.0,"downstream":"L00936"}},{"type":"Feature","geometry":{"type":"LineString","coordinates":[[80.17669606836655,12.994348568405492],[80.17614105512736,12.994889321647692]]},"properties":{"id":"L00987","strahler":1,"length_m":84.9,"drop_m":0.03,"gradient":0.00039,"area_ha":4.88,"on_drain_share":0.0,"downstream":"L00936"}},{"type":"Feature","geometry":{"type":"LineString","coordinates":[[80.20887399345163,12.99490063361027],[80.20915175328604,12.994539801576058],[80.20915432894873,12.993726034689704],[80.2088788602935,12.993363518483468],[80.20915633212073,12.993093104853687],[80.2097095582546,12.993094787970259],[80.20989482465252,12.992824093045495]]},"properties":{"id":"L01013","strahler":1,"length_m":335.6,"drop_m":1.61,"gradient":0.00481,"area_ha":10.5,"on_drain_share":0.0,"downstream":"L01090"}},{"type":"Feature","geometry":{"type":"LineString","coordinates":[[80.23644338703883,12.994983117334547],[80.23644421601476,12.994711859957286],[80.23607649965403,12.99434909934039],[80.23663138956061,12.993808210491395],[80.23672359477806,12.993808481358746],[80.23700131483069,12.993447617180532],[80.23755454541613,12.993449241062148],[80.23755482130774,12.993358821902884],[80.23783198810534,12.993178795064143],[80.2378325396738,12.992997956729498],[80.2379250203659,12.992907807983865],[80.23838604495216,12.992909159606434],[80.23866348615914,12.992638712626334],[80.23866431257059,12.992367455059501],[80.23894175285827,12.99209700772114],[80.23894312963746,12.991644911725095],[80.23912808914136,12.991464613287622],[80.23894423102335,12.99128323491685],[80.23949910788424,12.990742339095938]]},"properties":{"id":"L01052","strahler":1,"length_m":732.5,"drop_m":7.76,"gradient":0.01059,"area_ha":14.79,"on_drain_share":0.0,"downstream":"L01064"}},{"type":"Feature","geometry":{"type":"LineString","coordinates":[[80.22565590129985,12.994770351613617],[80.2256575826262,12.99422783822377],[80.22538208847952,12.99386533813554],[80.22538377027917,12.993322824743242],[80.22455645248742,12.992506579665706],[80.22474170295321,12.992235873202443]]},"properties":{"id":"L01028","strahler":1,"length_m":338.0,"drop_m":2.65,"gradient":0.00784,"area_ha":14.05,"on_drain_share":0.0,"downstream":"L01068"}},{"type":"Feature","geometry":{"type":"LineString","coordinates":[[80.1814008487593,12.99364008275158],[80.18066054904371,12.994451519055941],[80.17964630295668,12.99444831873907],[80.17946219154113,12.994357318559892]]},"properties":{"id":"L00991","strahler":2,"length_m":257.3,"drop_m":0.09,"gradient":0.00035,"area_ha":79.09,"on_drain_share":0.0,"downstream":"L00934"}},{"type":"Feature","geometry":{"type":"LineString","coordinates":[[80.21025821203618,12.99454316701901],[80.21007494564914,12.994180932192906],[80.21007551734932,12.994000095066063],[80.21016800786822,12.993909956793944],[80.21016943690321,12.993457863952486],[80.2098936810891,12.993185767313491],[80.20989482465252,12.992824093045495]]},"properties":{"id":"L01014","strahler":3,"length_m":214.9,"drop_m":1.28,"gradient":0.00596,"area_ha":151.77,"on_drain_share":0.0,"downstream":"L01090"}},{"type":"Feature","geometry":{"type":"LineString","coordinates":[[80.20666250933245,12.994441793620261],[80.20666337060167,12.99417053815906],[80.20592774456412,12.993535355594048],[80.20592889389928,12.993173681683981],[80.20565343068989,12.99281116234769],[80.20574620962822,12.992630607229955],[80.20574965806908,12.991545585441852],[80.20584214909469,12.991455448730333],[80.20621096379503,12.991456575503067],[80.20658063968446,12.991186446234618],[80.20667743523322,12.989740031484825],[80.20640168730363,12.989467931518451]]},"properties":{"id":"L01077","strahler":1,"length_m":688.7,"drop_m":1.84,"gradient":0.00267,"area_ha":18.75,"on_drain_share":0.0,"downstream":"L01099"}},{"type":"Feature","geometry":{"type":"LineString","coordinates":[[80.1967971904976,12.994230645994712],[80.19615379530411,12.993595722202388],[80.19541616144153,12.99359343922106],[80.19504850965072,12.993230624001146],[80.19486410149155,12.993230052683472],[80.19477160604659,12.99332018520641],[80.19431058553145,12.993318756165994],[80.1934833751845,12.992502417991371],[80.19348366700028,12.99241199978362]]},"properties":{"id":"L01021","strahler":3,"length_m":457.0,"drop_m":-1.31,"gradient":0.0,"area_ha":68.03,"on_drain_share":0.0,"downstream":"L01035"}},{"type":"Feature","geometry":{"type":"LineString","coordinates":[[80.23118961618471,12.994334685535694],[80.2307302600014,12.993790806940352],[80.2307308167361,12.993609968915598]]},"properties":{"id":"L01003","strahler":1,"length_m":100.7,"drop_m":-0.24,"gradient":0.0,"area_ha":4.49,"on_drain_share":0.0,"downstream":"L01030"}},{"type":"Feature","geometry":{"type":"LineString","coordinates":[[80.2617096818463,12.99442319870961],[80.26161881187967,12.993970838425108],[80.26125079065014,12.993698531133681],[80.26106637925727,12.993698006776764],[80.26088250278309,12.993516643002579],[80.25986824104538,12.993513756022457],[80.2595908204804,12.993784226826648],[80.25922199771509,12.993783175619111],[80.25885237039343,12.99405338268645],[80.25857575306483,12.994052593527735],[80.25820612468087,12.994322799610954],[80.25737922798477,12.99332581387217]]},"properties":{"id":"L01007","strahler":1,"length_m":629.4,"drop_m":4.36,"gradient":0.00692,"area_ha":16.09,"on_drain_share":0.0,"downstream":"L01011"}},{"type":"Feature","geometry":{"type":"LineString","coordinates":[[80.20325266347872,12.993888844101],[80.20325352841147,12.993617588853665],[80.20316132400228,12.993617306114169],[80.2029777804038,12.993345485302314],[80.20353446452042,12.992262160462056]]},"properties":{"id":"L01025","strahler":1,"length_m":223.1,"drop_m":1.9,"gradient":0.00849,"area_ha":6.82,"on_drain_share":0.0,"downstream":"L01033"}},{"type":"Feature","geometry":{"type":"LineString","coordinates":[[80.22814963572378,12.993421474922393],[80.22842625040236,12.993422296431103],[80.22907001091966,12.993966726001833],[80.22999234077407,12.993879041071205],[80.23008482447781,12.993788895298096],[80.23045336629379,12.993880406866902]]},"properties":{"id":"L00995","strahler":1,"length_m":287.3,"drop_m":3.3,"gradient":0.01149,"area_ha":7.27,"on_drain_share":0.0,"downstream":"L00996"}},{"type":"Feature","geometry":{"type":"LineString","coordinates":[[80.23045336629379,12.993880406866902],[80.23054584984128,12.993790260920406]]},"properties":{"id":"L00996","strahler":2,"length_m":14.1,"drop_m":0.0,"gradient":0.0,"area_ha":29.94,"on_drain_share":0.0,"downstream":"L01002"}},{"type":"Feature","geometry":{"type":"LineString","coordinates":[[80.25737734691744,12.993958750869329],[80.25737922798477,12.99332581387217]]},"properties":{"id":"L01006","strahler":1,"length_m":70.0,"drop_m":1.16,"gradient":0.0166,"area_ha":4.68,"on_drain_share":0.0,"downstream":"L01011"}},{"type":"Feature","geometry":{"type":"LineString","coordinates":[[80.18389035540925,12.993647913720855],[80.1835215395064,12.993646755081908],[80.18306170211935,12.993283634182035],[80.18223186777007,12.993281023934054],[80.18195436833226,12.99355140708738],[80.1814008487593,12.99364008275158]]},"properties":{"id":"L00997","strahler":2,"length_m":303.1,"drop_m":-0.02,"gradient":0.0,"area_ha":67.28,"on_drain_share":0.0,"downstream":"L00991"}},{"type":"Feature","geometry":{"type":"LineString","coordinates":[[80.23054584984128,12.993790260920406],[80.2307308167361,12.993609968915598]]},"properties":{"id":"L01002","strahler":2,"length_m":28.3,"drop_m":-0.24,"gradient":0.0,"area_ha":46.44,"on_drain_share":0.0,"downstream":"L01030"}},{"type":"Feature","geometry":{"type":"LineString","coordinates":[[80.18150252935166,12.990746999142187],[80.1811325329584,12.991107509129836],[80.18113164419081,12.99137876294386],[80.18140766111584,12.991560470252134],[80.18140706878405,12.991741306134974],[80.18112957032136,12.992011688487704],[80.1811272000504,12.992735031928307],[80.18140292221064,12.99300715724381],[80.1814008487593,12.99364008275158]]},"properties":{"id":"L00999","strahler":1,"length_m":379.7,"drop_m":3.78,"gradient":0.00997,"area_ha":8.52,"on_drain_share":0.0,"downstream":"L00991"}},{"type":"Feature","geometry":{"type":"LineString","coordinates":[[80.18472638613125,12.991751740551798],[80.18491020292932,12.991933155037614],[80.18490813853766,12.992566081153342],[80.18389035540925,12.993647913720855]]},"properties":{"id":"L01000","strahler":1,"length_m":263.8,"drop_m":1.32,"gradient":0.00499,"area_ha":7.92,"on_drain_share":0.0,"downstream":"L00997"}},{"type":"Feature","geometry":{"type":"LineString","coordinates":[[80.22797276794505,12.990979615063303],[80.2281577343909,12.99079932483902],[80.22889508687018,12.990891933410833],[80.22917225653164,12.990711915970685],[80.22954107219786,12.990713009574877],[80.22963299742057,12.990803701903559],[80.22990960929874,12.990804521671102],[80.23064501433257,12.991530058504189],[80.23064473598133,12.991620477529498],[80.22962742299552,12.992612081958347],[80.22990236498322,12.993155415846246],[80.23054584984128,12.993790260920406]]},"properties":{"id":"L01001","strahler":1,"length_m":690.8,"drop_m":0.94,"gradient":0.00136,"area_ha":16.03,"on_drain_share":0.0,"downstream":"L01002"}},{"type":"Feature","geometry":{"type":"LineString","coordinates":[[80.2307308167361,12.993609968915598],[80.23137819876649,12.992978945724719],[80.23147040356423,12.992979218438983],[80.23147068164684,12.992888799405515],[80.23165509118193,12.992889344731994],[80.23174701797008,12.992980036385521],[80.23183950072543,12.992889889927635],[80.23211611505643,12.992890707475773],[80.23239356264094,12.99262026756651],[80.23257797201792,12.992620812227045],[80.23313286501075,12.992079930986472]]},"properties":{"id":"L01030","strahler":2,"length_m":344.6,"drop_m":5.43,"gradient":0.01575,"area_ha":56.74,"on_drain_share":0.0,"downstream":"L01086"}},{"type":"Feature","geometry":{"type":"LineString","coordinates":[[80.17301778192122,12.991353070260088],[80.17283397468032,12.99117164789491],[80.17283457318798,12.990990812395152],[80.17255856366738,12.990809096383662],[80.17237415833254,12.990808509214016],[80.17200414948321,12.991169005408311],[80.17200355036621,12.991349840867503],[80.17191104791591,12.991439964816669],[80.17190925029682,12.991982471162528],[80.17200115380756,12.992073182678888],[80.17200055464524,12.99225401812539],[80.17181554896561,12.992434265931184],[80.17181315165578,12.993157607647813],[80.17190505553502,12.993248319213993]]},"properties":{"id":"L01004","strahler":2,"length_m":413.8,"drop_m":0.91,"gradient":0.00219,"area_ha":45.32,"on_drain_share":0.0,"downstream":"L00937"}},{"type":"Feature","geometry":{"type":"LineString","coordinates":[[80.17338180820556,12.99280092769255],[80.17292079111508,12.9927994607626],[80.17282888699947,12.99270874954035],[80.17264448025036,12.992708162478225],[80.17227506778535,12.992887823411793],[80.172274768285,12.992978241135983],[80.17209036136293,12.992977653668698],[80.17190505553502,12.993248319213993]]},"properties":{"id":"L01005","strahler":1,"length_m":200.7,"drop_m":0.33,"gradient":0.00164,"area_ha":7.49,"on_drain_share":0.0,"downstream":"L00937"}},{"type":"Feature","geometry":{"type":"LineString","coordinates":[[80.22575258946755,12.993323923940126],[80.22474142245053,12.992326292096504],[80.22474170295321,12.992235873202443]]},"properties":{"id":"L01029","strahler":1,"length_m":165.6,"drop_m":0.94,"gradient":0.00565,"area_ha":4.58,"on_drain_share":0.0,"downstream":"L01068"}},{"type":"Feature","geometry":{"type":"LineString","coordinates":[[80.17845210812928,12.993088263550584],[80.17799198221553,12.992815552019467],[80.17771537161603,12.992814676865725],[80.17734715283547,12.992632673852892],[80.17670172871206,12.992630629796333],[80.1761497004712,12.992267205207403]]},"properties":{"id":"L01022","strahler":1,"length_m":287.3,"drop_m":-0.22,"gradient":0.0,"area_ha":10.57,"on_drain_share":0.0,"downstream":"L01037"}},{"type":"Feature","geometry":{"type":"LineString","coordinates":[[80.19025419338259,12.993125309089463],[80.19053168388226,12.992854916503234],[80.19071638439216,12.992765072735681],[80.19117740347589,12.992766508092439],[80.19145489261457,12.992496114430613],[80.19200694560776,12.992859507846257],[80.19228355724434,12.992860367790895],[80.19246738062348,12.993041777286976],[80.19283619645437,12.993042923176736],[80.19311368423142,12.9927725276616]]},"properties":{"id":"L01012","strahler":1,"length_m":376.3,"drop_m":2.1,"gradient":0.00558,"area_ha":13.04,"on_drain_share":0.0,"downstream":"L01016"}},{"type":"Feature","geometry":{"type":"LineString","coordinates":[[80.23958360851837,12.993274346815081],[80.23939974879514,12.993092968699637]]},"properties":{"id":"L01009","strahler":1,"length_m":28.3,"drop_m":-0.96,"gradient":0.0,"area_ha":5.56,"on_drain_share":0.0,"downstream":"L01032"}},{"type":"Feature","geometry":{"type":"LineString","coordinates":[[80.25737922798477,12.99332581387217],[80.25737976541429,12.993144974724428],[80.25728782874721,12.993054291626859]]},"properties":{"id":"L01011","strahler":2,"length_m":34.1,"drop_m":0.02,"gradient":0.00056,"area_ha":21.01,"on_drain_share":0.0,"downstream":"L01080"}},{"type":"Feature","geometry":{"type":"LineString","coordinates":[[80.2457621724849,12.993021093689421],[80.24557721628088,12.993201397028074],[80.24502398521203,12.99319979025632],[80.24474818955001,12.992927728490153],[80.24474900937591,12.992656470545754]]},"properties":{"id":"L01019","strahler":1,"length_m":160.7,"drop_m":3.02,"gradient":0.01876,"area_ha":5.12,"on_drain_share":0.0,"downstream":"L01059"}},{"type":"Feature","geometry":{"type":"LineString","coordinates":[[80.21432006335043,12.993018349485531],[80.2140443032103,12.992746257011424],[80.21413707623734,12.992565698546882],[80.21413764492459,12.992384861220215],[80.2140457251006,12.992294163706378]]},"properties":{"id":"L01027","strahler":1,"length_m":100.7,"drop_m":0.34,"gradient":0.00339,"area_ha":5.62,"on_drain_share":0.0,"downstream":"L01049"}},{"type":"Feature","geometry":{"type":"LineString","coordinates":[[80.23939974879514,12.993092968699637],[80.23921588933875,12.992911590466354],[80.23921726571136,12.992459494469687],[80.23930974572176,12.9923693451888],[80.23958635996064,12.992370154753592],[80.23967883981051,12.992280005331532],[80.23958691022412,12.99218931633369]]},"properties":{"id":"L01032","strahler":2,"length_m":150.7,"drop_m":2.81,"gradient":0.01864,"area_ha":21.06,"on_drain_share":0.0,"downstream":null}},{"type":"Feature","geometry":{"type":"LineString","coordinates":[[80.25728782874721,12.993054291626859],[80.25728970990576,12.992421354598626],[80.25646228487713,12.991605205470345],[80.25646282289647,12.991424366336467],[80.25655529662987,12.991334210549656],[80.25637115621628,12.991243263388162],[80.25637196331785,12.99097200468449],[80.25600395245631,12.990699690446075],[80.25600610565598,12.989976333920628],[80.2561910522369,12.98979602257488],[80.2561923975667,12.98934392470057]]},"properties":{"id":"L01080","strahler":3,"length_m":496.3,"drop_m":-1.92,"gradient":0.0,"area_ha":68.48,"on_drain_share":0.0,"downstream":"L01108"}},{"type":"Feature","geometry":{"type":"LineString","coordinates":[[80.19016726368677,12.991497495328408],[80.19025917405793,12.991588200774373],[80.19099680106129,12.991590498046131],[80.19108871178366,12.991681203217782],[80.19154943641206,12.991773055966062],[80.19173355091101,12.991864047745784],[80.19200899206918,12.992226580627248],[80.19237780665516,12.992227727096946],[80.19256133752013,12.992499554698908],[80.19311368423142,12.9927725276616]]},"properties":{"id":"L01015","strahler":2,"length_m":389.7,"drop_m":2.19,"gradient":0.00562,"area_ha":46.39,"on_drain_share":0.0,"downstream":"L01016"}},{"type":"Feature","geometry":{"type":"LineString","coordinates":[[80.19311368423142,12.9927725276616],[80.19329867574926,12.992592263797533]]},"properties":{"id":"L01016","strahler":2,"length_m":28.3,"drop_m":-0.07,"gradient":0.0,"area_ha":59.88,"on_drain_share":0.0,"downstream":"L01020"}},{"type":"Feature","geometry":{"type":"LineString","coordinates":[[80.20408596017079,12.992806366096222],[80.20408682412449,12.992535110771163],[80.20390299216126,12.992353709018602],[80.20390443235225,12.991901616811464]]},"properties":{"id":"L01034","strahler":1,"length_m":108.3,"drop_m":0.37,"gradient":0.0034,"area_ha":4.48,"on_drain_share":0.0,"downstream":"L01079"}},{"type":"Feature","geometry":{"type":"LineString","coordinates":[[80.20989482465252,12.992824093045495],[80.20998731477209,12.992733954808369],[80.20998788646979,12.992553117665267],[80.20962021371619,12.992190321897766],[80.2096213575847,12.99182864762607],[80.20934589014945,12.991466131943977],[80.20934646225352,12.991285294811366],[80.20888658869755,12.990922217611239],[80.20879696124051,12.990108169885701],[80.20925797746719,12.990109572885649],[80.20962822006896,12.989658601782855],[80.20990511516649,12.98956902417695],[80.21083000057712,12.988667639169963],[80.21156762267805,12.988669877564265],[80.21166011060286,12.988579738580384]]},"properties":{"id":"L01090","strahler":3,"length_m":750.1,"drop_m":4.82,"gradient":0.00643,"area_ha":173.34,"on_drain_share":0.0,"downstream":"L01094"}},{"type":"Feature","geometry":{"type":"LineString","coordinates":[[80.25332326956209,12.992952509712847],[80.25286224330364,12.992951184585246],[80.25277030843353,12.992860499980589],[80.25277138991481,12.992498822050214],[80.25194425085972,12.991592239852784],[80.25185204613494,12.991591974430676],[80.25166682444426,12.991862701887367],[80.25129881782921,12.99159038121121]]},"properties":{"id":"L01040","strahler":1,"length_m":342.1,"drop_m":4.68,"gradient":0.01368,"area_ha":11.32,"on_drain_share":0.0,"downstream":"L01065"}},{"type":"Feature","geometry":{"type":"LineString","coordinates":[[80.19919943411756,12.99270093407013],[80.19910838926756,12.992338976581504],[80.19901647523396,12.992248274066549],[80.19883206761958,12.992247705606854],[80.19855632613226,12.991975597702515],[80.198557485992,12.99161392440098],[80.19819012219199,12.991160695153658],[80.19819186265036,12.9906181852124],[80.19800803654468,12.99043677959371],[80.1979169940718,12.990074821774027],[80.1977331685532,12.989893415988368],[80.19773403920028,12.989622161024664],[80.19755050440892,12.989350336810856],[80.19755195574399,12.988898245202973],[80.19736842164228,12.988626420888217],[80.19736929259727,12.988355165922458],[80.19718575906495,12.98808334150238],[80.19718663018044,12.9878120865375],[80.19654324947295,12.987177164307363],[80.19654877022008,12.98545921625227]]},"properties":{"id":"L01145","strahler":1,"length_m":931.8,"drop_m":5.65,"gradient":0.00606,"area_ha":23.47,"on_drain_share":0.0,"downstream":"L01176"}},{"type":"Feature","geometry":{"type":"LineString","coordinates":[[80.21367548590717,12.992745141245997],[80.2140457251006,12.992294163706378]]},"properties":{"id":"L01026","strahler":1,"length_m":66.6,"drop_m":-1.13,"gradient":0.0,"area_ha":4.24,"on_drain_share":0.0,"downstream":"L01049"}},{"type":"Feature","geometry":{"type":"LineString","coordinates":[[80.19329867574926,12.992592263797533],[80.19348366700028,12.99241199978362]]},"properties":{"id":"L01020","strahler":2,"length_m":28.3,"drop_m":-0.61,"gradient":0.0,"area_ha":83.29,"on_drain_share":0.0,"downstream":"L01035"}},{"type":"Feature","geometry":{"type":"LineString","coordinates":[[80.18924200375974,12.992489219764579],[80.18933450075318,12.992399089303596],[80.18933567399756,12.99203741683779],[80.18998285702922,12.991496920622147],[80.19016726368677,12.991497495328408]]},"properties":{"id":"L01038","strahler":1,"length_m":169.0,"drop_m":0.11,"gradient":0.00066,"area_ha":5.69,"on_drain_share":0.0,"downstream":"L01015"}},{"type":"Feature","geometry":{"type":"LineString","coordinates":[[80.21800965728323,12.992577380945637],[80.21764197217408,12.992214595861933],[80.21727485451719,12.991670972835719],[80.21589604980134,12.990310522870816],[80.21598910414056,12.99003954486347]]},"properties":{"id":"L01061","strahler":1,"length_m":379.4,"drop_m":-0.93,"gradient":0.0,"area_ha":11.68,"on_drain_share":0.0,"downstream":"L01110"}},{"type":"Feature","geometry":{"type":"LineString","coordinates":[[80.24474900937591,12.992656470545754],[80.24456541945625,12.992384676581823],[80.24456623944508,12.992113418637583],[80.24493615126288,12.991752813212559],[80.24539717446974,12.991754152280196],[80.24687680856559,12.990311721858903],[80.24761444179906,12.990313858233936]]},"properties":{"id":"L01059","strahler":3,"length_m":481.1,"drop_m":0.6,"gradient":0.00124,"area_ha":160.17,"on_drain_share":0.0,"downstream":"L01053"}},{"type":"Feature","geometry":{"type":"LineString","coordinates":[[80.19348366700028,12.99241199978362],[80.19413113427764,12.991781074555016],[80.1941314258423,12.991690656327787]]},"properties":{"id":"L01035","strahler":3,"length_m":109.0,"drop_m":-0.51,"gradient":0.0,"area_ha":152.7,"on_drain_share":0.0,"downstream":"L01055"}},{"type":"Feature","geometry":{"type":"LineString","coordinates":[[80.1761497004712,12.992267205207403],[80.17587428331983,12.991904656879282],[80.17569017526111,12.99181365420387],[80.1756904734981,12.991723236393408],[80.17550606734258,12.991722651405425],[80.17541416260296,12.991631941057591],[80.17486094440426,12.991630185125132],[80.17467713555241,12.991448763974903],[80.17458463396802,12.991538888930931],[80.17393951198366,12.991446420410638],[80.17375450825074,12.99162666972815],[80.17347789926322,12.991625790143061],[80.17329409147966,12.99144436807496],[80.17310968564173,12.991443781399],[80.17301778192122,12.991353070260088]]},"properties":{"id":"L01037","strahler":2,"length_m":418.0,"drop_m":0.62,"gradient":0.00147,"area_ha":30.01,"on_drain_share":0.0,"downstream":"L01004"}},{"type":"Feature","geometry":{"type":"LineString","coordinates":[[80.17735131982755,12.99136682399891],[80.17661101487104,12.992178248522178],[80.1761497004712,12.992267205207403]]},"properties":{"id":"L01023","strahler":2,"length_m":177.3,"drop_m":0.67,"gradient":0.00377,"area_ha":14.22,"on_drain_share":0.0,"downstream":"L01037"}},{"type":"Feature","geometry":{"type":"LineString","coordinates":[[80.20298152943462,12.992170045885809],[80.20316593717911,12.992170611397832],[80.20334976844913,12.992352013635582],[80.20353446452042,12.992262160462056]]},"properties":{"id":"L01024","strahler":1,"length_m":72.4,"drop_m":0.79,"gradient":0.01087,"area_ha":4.3,"on_drain_share":0.0,"downstream":"L01033"}},{"type":"Feature","geometry":{"type":"LineString","coordinates":[[80.20353446452042,12.992262160462056],[80.20390443235225,12.991901616811464]]},"properties":{"id":"L01033","strahler":2,"length_m":56.6,"drop_m":-0.62,"gradient":0.0,"area_ha":11.69,"on_drain_share":0.0,"downstream":"L01079"}},{"type":"Feature","geometry":{"type":"LineString","coordinates":[[80.2140457251006,12.992294163706378],[80.21404657820898,12.99202290771574],[80.21432432745594,12.991662069461093],[80.21432518021899,12.991390813439086],[80.21469513203492,12.9910302534314]]},"properties":{"id":"L01049","strahler":2,"length_m":169.0,"drop_m":0.83,"gradient":0.00491,"area_ha":11.46,"on_drain_share":0.0,"downstream":"L01060"}},{"type":"Feature","geometry":{"type":"LineString","coordinates":[[80.2679855202535,12.992451703528873],[80.26798684453185,12.991999604540828],[80.26780322885575,12.991727825641723],[80.26798816876013,12.99154750553695],[80.26798869843742,12.991366665930965],[80.26817390269849,12.991095925858929],[80.2686351917301,12.99100680382189],[80.2691897428689,12.99055626090958],[80.26937415228089,12.990556779378537],[80.26965023797324,12.990738396521268],[80.2696499737499,12.990828816362605],[80.27075643166224,12.990831923318892],[80.27084890029099,12.990741762153778]]},"properties":{"id":"L01056","strahler":1,"length_m":512.1,"drop_m":8.86,"gradient":0.0173,"area_ha":12.81,"on_drain_share":0.0,"downstream":null}},{"type":"Feature","geometry":{"type":"LineString","coordinates":[[80.22474170295321,12.992235873202443],[80.22548157985366,12.991514721412816],[80.22548186007043,12.991424302497226],[80.22474647117409,12.990698751906404],[80.22410160594423,12.99051598806775],[80.22373391433979,12.990153211217761],[80.2228121597245,12.990060036874297],[80.22262831509434,12.989878647661389],[80.2223511420873,12.990058657919997],[80.2217979209929,12.99005700209568],[80.22161379556191,12.989966031050141]]},"properties":{"id":"L01068","strahler":2,"length_m":626.0,"drop_m":0.73,"gradient":0.00117,"area_ha":29.35,"on_drain_share":0.0,"downstream":"L01085"}},{"type":"Feature","geometry":{"type":"LineString","coordinates":[[80.233132310082,12.992260769134734],[80.23313286501075,12.992079930986472]]},"properties":{"id":"L01031","strahler":1,"length_m":20.0,"drop_m":-0.67,"gradient":0.0,"area_ha":4.71,"on_drain_share":0.0,"downstream":"L01086"}},{"type":"Feature","geometry":{"type":"LineString","coordinates":[[80.19560697303734,12.991604808572728],[80.19542314823694,12.991423401206307],[80.19505433456034,12.991422259127816],[80.19496183988879,12.991512391774075],[80.19496096610186,12.99178364651318],[80.19477597634534,12.991963911677205],[80.19459156913328,12.991963340220838],[80.19449907409266,12.992053472677151],[80.1941314258423,12.991690656327787]]},"properties":{"id":"L01036","strahler":1,"length_m":231.4,"drop_m":1.03,"gradient":0.00446,"area_ha":6.26,"on_drain_share":0.0,"downstream":"L01055"}},{"type":"Feature","geometry":{"type":"LineString","coordinates":[[80.23313286501075,12.992079930986472],[80.2335952740037,12.991629195594777],[80.23368747835156,12.991629467494667],[80.23387271859903,12.991358753912722],[80.23341336139495,12.990814879916979],[80.23341391605646,12.9906340417367],[80.23378384074053,12.990273452916117],[80.23378411792635,12.990183033814663],[80.23341641192943,12.989820269894057],[80.23332531761058,12.989458321552034],[80.23378772115132,12.989007585438118],[80.23397212792332,12.989008128960938]]},"properties":{"id":"L01086","strahler":2,"length_m":477.7,"drop_m":0.93,"gradient":0.00196,"area_ha":70.95,"on_drain_share":0.0,"downstream":"L01046"}},{"type":"Feature","geometry":{"type":"LineString","coordinates":[[80.20390443235225,12.991901616811464],[80.20408941586795,12.991721344761737],[80.20409085564921,12.991269252512085],[80.20446082116965,12.990908707910492],[80.20446139678269,12.990727870984864],[80.20455388792499,12.990637734735637],[80.20501519225392,12.990548726841201],[80.20492413945294,12.990186770887673],[80.2052016115728,12.989916361458869],[80.20520276162735,12.989554687512227],[80.20538745498365,12.989464832844364],[80.20640168730363,12.989467931518451]]},"properties":{"id":"L01079","strahler":2,"length_m":483.8,"drop_m":5.31,"gradient":0.01098,"area_ha":25.63,"on_drain_share":0.0,"downstream":"L01099"}},{"type":"Feature","geometry":{"type":"LineString","coordinates":[[80.24198478119784,12.992015481606883],[80.24198532971035,12.99183464308113],[80.24235524460664,12.991474041504791],[80.2425396535672,12.991474579049937],[80.24290929324093,12.991204395888763],[80.2432775632702,12.991386308628861],[80.24410959129176,12.990665369081634],[80.24457061240459,12.990666709505335],[80.24484640550764,12.990938771359112],[80.2451230185189,12.990939574943894],[80.245862563085,12.990308780925767]]},"properties":{"id":"L01057","strahler":1,"length_m":551.8,"drop_m":6.53,"gradient":0.01183,"area_ha":9.71,"on_drain_share":0.0,"downstream":"L01072"}},{"type":"Feature","geometry":{"type":"LineString","coordinates":[[80.1941314258423,12.991690656327787],[80.19413200896501,12.991509819871421],[80.19440949362051,12.991239422758833],[80.19477859828662,12.991150147491167],[80.19524107057781,12.990699484179222],[80.19542547688692,12.990700055120193],[80.19533385593844,12.990518933142296]]},"properties":{"id":"L01055","strahler":3,"length_m":221.4,"drop_m":0.95,"gradient":0.00431,"area_ha":162.21,"on_drain_share":0.0,"downstream":null}},{"type":"Feature","geometry":{"type":"LineString","coordinates":[[80.1869410309324,12.991216164876286],[80.1870329399652,12.99130687139009],[80.18721734634727,12.99130744818113],[80.18749307405935,12.99157956736364],[80.18758527736043,12.991579855618214],[80.18767806845102,12.991399307671603],[80.18804776268375,12.991129205933097],[80.18915390725012,12.99122307847009],[80.18942963710974,12.99149519571846],[80.18979845038052,12.991496345785071],[80.1898909467959,12.991406215085705],[80.19007535338233,12.991406789853237],[80.19016726368677,12.991497495328408]]},"properties":{"id":"L01042","strahler":2,"length_m":418.0,"drop_m":0.13,"gradient":0.00032,"area_ha":35.37,"on_drain_share":0.0,"downstream":"L01015"}},{"type":"Feature","geometry":{"type":"LineString","coordinates":[[80.22151624100826,12.991683712762656],[80.22151877582763,12.990869943278028],[80.2219812021944,12.99041922956332],[80.22198148365297,12.990328810715422],[80.22161379556191,12.989966031050141]]},"properties":{"id":"L01063","strahler":1,"length_m":227.3,"drop_m":-2.8,"gradient":0.0,"area_ha":10.64,"on_drain_share":0.0,"downstream":"L01085"}},{"type":"Feature","geometry":{"type":"LineString","coordinates":[[80.23682242742446,12.991638692630769],[80.23700738836658,12.991458395787257]]},"properties":{"id":"L01043","strahler":1,"length_m":28.3,"drop_m":-0.25,"gradient":0.0,"area_ha":4.56,"on_drain_share":0.0,"downstream":"L01054"}},{"type":"Feature","geometry":{"type":"LineString","coordinates":[[80.17384999902065,12.990632367357259],[80.17394190281296,12.990723078209038],[80.17394100626892,12.990994331539396],[80.17357189621983,12.99108357678164],[80.17320218768793,12.991353656997228],[80.17301778192122,12.991353070260088]]},"properties":{"id":"L01041","strahler":1,"length_m":160.7,"drop_m":0.38,"gradient":0.00236,"area_ha":5.24,"on_drain_share":0.0,"downstream":"L01004"}},{"type":"Feature","geometry":{"type":"LineString","coordinates":[[80.25129881782921,12.99159038121121],[80.25129935958394,12.991409542290654],[80.25148485209567,12.991048395622984],[80.25148566448772,12.990777137218323],[80.25167061477373,12.990596829309842],[80.25167223907776,12.9900543124529]]},"properties":{"id":"L01065","strahler":4,"length_m":186.6,"drop_m":-1.66,"gradient":0.0,"area_ha":329.41,"on_drain_share":0.0,"downstream":"L01105"}},{"type":"Feature","geometry":{"type":"LineString","coordinates":[[80.25987413259968,12.991524524161587],[80.26033488935298,12.991616256354327],[80.26051983426349,12.991435941847344],[80.26052036933974,12.991255102544356],[80.26116740664067,12.990714420234998],[80.26153622503983,12.990715468438243],[80.26236820134731,12.989994467412991],[80.26264481442206,12.98999525229382],[80.26292222742808,12.989724777747496]]},"properties":{"id":"L01075","strahler":1,"length_m":432.8,"drop_m":0.11,"gradient":0.00026,"area_ha":10.55,"on_drain_share":0.0,"downstream":"L01083"}},{"type":"Feature","geometry":{"type":"LineString","coordinates":[[80.17735191507613,12.991185988295332],[80.17735131982755,12.99136682399891]]},"properties":{"id":"L01044","strahler":1,"length_m":20.0,"drop_m":0.0,"gradient":0.0,"area_ha":6.0,"on_drain_share":0.0,"downstream":"L01023"}},{"type":"Feature","geometry":{"type":"LineString","coordinates":[[80.17883013286388,12.990286474977747],[80.17836911977705,12.990285017990022],[80.17790661972106,12.990735649533676],[80.17790632230924,12.990826067401551],[80.17781411950978,12.990825775729808],[80.17744411799772,12.991186280138988],[80.17735131982755,12.99136682399891]]},"properties":{"id":"L01045","strahler":1,"length_m":221.4,"drop_m":2.78,"gradient":0.01256,"area_ha":7.03,"on_drain_share":0.0,"downstream":"L01023"}},{"type":"Feature","geometry":{"type":"LineString","coordinates":[[80.23397212792332,12.989008128960938],[80.23415653470371,12.98900867235296],[80.23443231410823,12.989280744563972],[80.23498553513758,12.989282373401831],[80.23535296618815,12.989735554338425],[80.23535158312492,12.990187650021275],[80.23617893094237,12.991003862416418],[80.23617837826508,12.99118470070883],[80.23645416225905,12.991456770985234],[80.23700738836658,12.991458395787257]]},"properties":{"id":"L01046","strahler":2,"length_m":488.7,"drop_m":5.19,"gradient":0.01063,"area_ha":89.5,"on_drain_share":0.0,"downstream":"L01054"}},{"type":"Feature","geometry":{"type":"LineString","coordinates":[[80.23700738836658,12.991458395787257],[80.2381165971692,12.990557449981724],[80.23848541338211,12.990558530881302],[80.23866927064552,12.990739909538739],[80.23949910788424,12.990742339095938]]},"properties":{"id":"L01054","strahler":2,"length_m":319.7,"drop_m":-0.88,"gradient":0.0,"area_ha":100.05,"on_drain_share":0.0,"downstream":"L01064"}},{"type":"Feature","geometry":{"type":"LineString","coordinates":[[80.18684882778028,12.991215876401084],[80.1869410309324,12.991216164876286]]},"properties":{"id":"L01047","strahler":1,"length_m":10.0,"drop_m":0.0,"gradient":0.0,"area_ha":4.65,"on_drain_share":0.0,"downstream":"L01042"}},{"type":"Feature","geometry":{"type":"LineString","coordinates":[[80.2130346114392,12.99129648911861],[80.2131270998945,12.991206349656037],[80.21368032238274,12.991208024080617],[80.21377281058417,12.991117884372413],[80.21423354494847,12.991209697327838],[80.21469513203492,12.9910302534314]]},"properties":{"id":"L01050","strahler":1,"length_m":200.7,"drop_m":1.26,"gradient":0.00628,"area_ha":5.78,"on_drain_share":0.0,"downstream":"L01060"}},{"type":"Feature","geometry":{"type":"LineString","coordinates":[[80.18547108477688,12.989584020592243],[80.18593062496116,12.990037555189597],[80.18639163846512,12.990038998738726],[80.18648354687991,12.990129705417548],[80.18638957813616,12.990671925180546],[80.1869410309324,12.991216164876286]]},"properties":{"id":"L01048","strahler":2,"length_m":283.8,"drop_m":0.24,"gradient":0.00085,"area_ha":20.11,"on_drain_share":0.0,"downstream":"L01042"}},{"type":"Feature","geometry":{"type":"LineString","coordinates":[[80.2637475379367,12.991264264988686],[80.26365879614315,12.990088547396807]]},"properties":{"id":"L01066","strahler":1,"length_m":134.1,"drop_m":-0.96,"gradient":0.0,"area_ha":7.66,"on_drain_share":0.0,"downstream":"L01082"}},{"type":"Feature","geometry":{"type":"LineString","coordinates":[[80.21469513203492,12.9910302534314],[80.2151575703041,12.990579552581485],[80.21543418098013,12.990580387740387],[80.21598910414056,12.99003954486347]]},"properties":{"id":"L01060","strahler":2,"length_m":185.6,"drop_m":-0.38,"gradient":0.0,"area_ha":24.44,"on_drain_share":0.0,"downstream":"L01110"}},{"type":"Feature","geometry":{"type":"LineString","coordinates":[[80.2646701186276,12.991086035996137],[80.26365879614315,12.990088547396807]]},"properties":{"id":"L01067","strahler":1,"length_m":155.6,"drop_m":-2.83,"gradient":0.0,"area_ha":6.14,"on_drain_share":0.0,"downstream":"L01082"}},{"type":"Feature","geometry":{"type":"LineString","coordinates":[[80.24964103366275,12.990952658496246],[80.2498257139467,12.990862771417058]]},"properties":{"id":"L01051","strahler":1,"length_m":24.1,"drop_m":0.04,"gradient":0.00152,"area_ha":5.61,"on_drain_share":0.0,"downstream":"L01070"}},{"type":"Feature","geometry":{"type":"LineString","coordinates":[[80.24761444179906,12.990313858233936],[80.24844455122769,12.990225839744587],[80.24908807871758,12.99086064122906],[80.2498257139467,12.990862771417058]]},"properties":{"id":"L01053","strahler":4,"length_m":273.1,"drop_m":1.44,"gradient":0.00527,"area_ha":339.63,"on_drain_share":0.0,"downstream":"L01070"}},{"type":"Feature","geometry":{"type":"LineString","coordinates":[[80.2498257139467,12.990862771417058],[80.25084294380477,12.989871082962898],[80.25167223907776,12.9900543124529]]},"properties":{"id":"L01070","strahler":4,"length_m":253.8,"drop_m":-1.7,"gradient":0.0,"area_ha":352.62,"on_drain_share":0.0,"downstream":"L01105"}},{"type":"Feature","geometry":{"type":"LineString","coordinates":[[80.23949910788424,12.990742339095938],[80.23986902445752,12.99038174113758],[80.24060665669953,12.990383897411517],[80.24079161408567,12.99020359765476],[80.24116043000637,12.99020467472973],[80.24152979472332,12.990024912749718]]},"properties":{"id":"L01064","strahler":2,"length_m":253.1,"drop_m":2.15,"gradient":0.00849,"area_ha":119.83,"on_drain_share":0.0,"downstream":"L01058"}},{"type":"Feature","geometry":{"type":"LineString","coordinates":[[80.24152979472332,12.990024912749718],[80.24226742619723,12.990027064252484],[80.24235935606048,12.990117752326773],[80.24438784407681,12.990123657490697],[80.2445727986859,12.989943354878383],[80.24512602248879,12.989944962215066],[80.24558595072452,12.99030797816633],[80.245862563085,12.990308780925767]]},"properties":{"id":"L01058","strahler":3,"length_m":499.0,"drop_m":1.27,"gradient":0.00256,"area_ha":155.82,"on_drain_share":0.0,"downstream":"L01072"}},{"type":"Feature","geometry":{"type":"LineString","coordinates":[[80.245862563085,12.990308780925767],[80.24623165227838,12.990219431450482],[80.24660128632657,12.989949242690653],[80.24715451040186,12.989950845710657]]},"properties":{"id":"L01072","strahler":3,"length_m":156.6,"drop_m":-2.38,"gradient":0.0,"area_ha":168.74,"on_drain_share":0.0,"downstream":"L01062"}},{"type":"Feature","geometry":{"type":"LineString","coordinates":[[80.24715451040186,12.989950845710657],[80.24761444179906,12.990313858233936]]},"properties":{"id":"L01062","strahler":3,"length_m":66.6,"drop_m":1.19,"gradient":0.01781,"area_ha":175.51,"on_drain_share":0.0,"downstream":"L01053"}},{"type":"Feature","geometry":{"type":"LineString","coordinates":[[80.20049896766845,12.989992357708049],[80.20050128136491,12.989269010639914],[80.20096374026754,12.9888183362744],[80.20105709880855,12.98845694607991],[80.2005972431346,12.98809385513124],[80.2003206362064,12.988093004342334],[80.2002281446254,12.988183139068498],[80.19958272831816,12.988181152506858],[80.1993986132547,12.988090166254082],[80.1987552259235,12.987455249143013],[80.19875580550509,12.987274412421911],[80.19884829722918,12.987184278224781],[80.19885003570816,12.986641768030173],[80.19922000108508,12.986281230803208],[80.19986570179366,12.986192799586963],[80.20060562731899,12.985471721370805],[80.20079003001517,12.985472288281589],[80.20180741996067,12.984480801061709],[80.20180799719778,12.984299964164027],[80.20162446135937,12.984028142686336],[80.20162561604778,12.98366646889206]]},"properties":{"id":"L01161","strahler":1,"length_m":1110.5,"drop_m":3.05,"gradient":0.00275,"area_ha":26.96,"on_drain_share":0.0,"downstream":"L01167"}},{"type":"Feature","geometry":{"type":"LineString","coordinates":[[80.21598910414056,12.99003954486347],[80.21617407799384,12.989859263605783],[80.21626883284912,12.9890457730732],[80.21608442682475,12.989045216989982],[80.21599250740975,12.988954520171509],[80.21599307459125,12.98877368271397],[80.21580866877983,12.98877312644657],[80.21553262758512,12.988591454360183],[80.21553291133507,12.988501035639208],[80.21470564260171,12.98768476163356],[80.2147064946809,12.987413505503806]]},"properties":{"id":"L01110","strahler":2,"length_m":402.1,"drop_m":5.44,"gradient":0.01353,"area_ha":41.83,"on_drain_share":0.0,"downstream":"L01128"}},{"type":"Feature","geometry":{"type":"LineString","coordinates":[[80.22161379556191,12.989966031050141],[80.22152187370585,12.989875336060415],[80.22096865312663,12.989873678494067],[80.22050904591116,12.989420202183682],[80.22051017377298,12.989058526887625]]},"properties":{"id":"L01085","strahler":2,"length_m":184.9,"drop_m":2.04,"gradient":0.01105,"area_ha":44.21,"on_drain_share":0.0,"downstream":"L01130"}},{"type":"Feature","geometry":{"type":"LineString","coordinates":[[80.23867505421313,12.988841106171702],[80.23867477882598,12.988931525385997],[80.23876698228837,12.988931795428744],[80.23931855214016,12.989475930352578],[80.23959516317747,12.989476739730987],[80.23996507764174,12.989116141489896],[80.24033389188702,12.989117219649055],[80.24125318295484,12.990024105396595],[80.24152979472332,12.990024912749718]]},"properties":{"id":"L01069","strahler":2,"length_m":402.8,"drop_m":2.97,"gradient":0.00738,"area_ha":24.26,"on_drain_share":0.0,"downstream":"L01058"}},{"type":"Feature","geometry":{"type":"LineString","coordinates":[[80.25167223907776,12.9900543124529],[80.25185691803078,12.98996442384809],[80.25213461256368,12.989603541955148],[80.25213569468421,12.989241863986987],[80.25222816903975,12.989151709765805],[80.25204457304356,12.988879920709275],[80.25204673738767,12.988156564737556],[80.2522319557083,12.987885836761844]]},"properties":{"id":"L01105","strahler":5,"length_m":287.3,"drop_m":0.81,"gradient":0.00282,"area_ha":688.34,"on_drain_share":0.0,"downstream":"L01149"}},{"type":"Feature","geometry":{"type":"LineString","coordinates":[[80.26365879614315,12.990088547396807],[80.26338324878972,12.9897260847094],[80.26338431464536,12.989364405819142]]},"properties":{"id":"L01082","strahler":2,"length_m":92.4,"drop_m":-0.51,"gradient":0.0,"area_ha":15.46,"on_drain_share":0.0,"downstream":"L01088"}},{"type":"Feature","geometry":{"type":"LineString","coordinates":[[80.24687871567531,12.989678786207847],[80.24715451040186,12.989950845710657]]},"properties":{"id":"L01073","strahler":1,"length_m":42.4,"drop_m":-1.68,"gradient":0.0,"area_ha":6.64,"on_drain_share":0.0,"downstream":"L01062"}},{"type":"Feature","geometry":{"type":"LineString","coordinates":[[80.18326206563124,12.98840164247797],[80.18353808109103,12.988583347461173],[80.18390688952381,12.988584505633366],[80.18409099862964,12.98867550254646],[80.18464244198238,12.989219746644672],[80.18501125145589,12.989220903305691],[80.18537888226062,12.989583731631209],[80.18547108477688,12.989584020592243]]},"properties":{"id":"L01074","strahler":1,"length_m":293.8,"drop_m":2.13,"gradient":0.00726,"area_ha":8.57,"on_drain_share":0.0,"downstream":"L01048"}},{"type":"Feature","geometry":{"type":"LineString","coordinates":[[80.18972031618277,12.987155987356154],[80.1902717693783,12.98770022010019],[80.19027059789342,12.988061892770524],[80.18990091060972,12.988331998143533],[80.19017634541119,12.98869453267919],[80.19109836849468,12.988697403607746],[80.19109866108465,12.988606985426962],[80.19137585292611,12.988427009685884],[80.19201922275117,12.989061944065933],[80.19201893048357,12.989152362264182],[80.19211113299292,12.989152648860543],[80.19247877462679,12.989515467746902],[80.19266317993657,12.989516040596431],[80.19275509058286,12.989606745183718],[80.19303228249231,12.98942676768471],[80.19367770097456,12.98942877069804],[80.19395489207444,12.989248792161986],[80.1941392972548,12.989249363952789],[80.19478646303956,12.988708854624777],[80.1949708678595,12.988709425802343],[80.19543362605224,12.988168343499105]]},"properties":{"id":"L01097","strahler":2,"length_m":955.7,"drop_m":4.73,"gradient":0.00495,"area_ha":29.5,"on_drain_share":0.0,"downstream":"L01133"}},{"type":"Feature","geometry":{"type":"LineString","coordinates":[[80.2198627766218,12.989689522217091],[80.22051017377298,12.989058526887625]]},"properties":{"id":"L01084","strahler":1,"length_m":99.0,"drop_m":0.78,"gradient":0.00784,"area_ha":4.78,"on_drain_share":0.0,"downstream":"L01130"}},{"type":"Feature","geometry":{"type":"LineString","coordinates":[[80.25775852312704,12.989800503525066],[80.25739078092803,12.98943777163726],[80.25628433252517,12.989434608116024],[80.2561923975667,12.98934392470057]]},"properties":{"id":"L01081","strahler":1,"length_m":190.7,"drop_m":0.01,"gradient":7e-05,"area_ha":8.41,"on_drain_share":0.0,"downstream":"L01108"}},{"type":"Feature","geometry":{"type":"LineString","coordinates":[[80.26080420373006,12.988814558475472],[80.26080286679759,12.989266656841993],[80.26098674025604,12.98944802056001],[80.26144776090548,12.989449330927336],[80.2618155093301,12.989812057392296],[80.26209212216843,12.98981284285047],[80.26218459335438,12.98972268490794],[80.26292222742808,12.989724777747496]]},"properties":{"id":"L01078","strahler":1,"length_m":309.0,"drop_m":-0.11,"gradient":0.0,"area_ha":7.13,"on_drain_share":0.0,"downstream":"L01083"}},{"type":"Feature","geometry":{"type":"LineString","coordinates":[[80.1853830075702,12.988317878929934],[80.18529051083914,12.988408008017455],[80.18528726916999,12.989402606549065],[80.18547108477688,12.989584020592243]]},"properties":{"id":"L01076","strahler":1,"length_m":152.4,"drop_m":3.15,"gradient":0.02064,"area_ha":4.96,"on_drain_share":0.0,"downstream":"L01048"}},{"type":"Feature","geometry":{"type":"LineString","coordinates":[[80.23231052338873,12.989636166082121],[80.23240272697352,12.989636438396788],[80.23314229751539,12.989005682078224],[80.23341890763248,12.98900649800009],[80.23351138826557,12.988916350804192],[80.23388020165942,12.988917438103599],[80.23397212792332,12.989008128960938]]},"properties":{"id":"L01087","strahler":1,"length_m":217.3,"drop_m":6.03,"gradient":0.02777,"area_ha":10.87,"on_drain_share":0.0,"downstream":"L01046"}},{"type":"Feature","geometry":{"type":"LineString","coordinates":[[80.26292222742808,12.989724777747496],[80.2632921105024,12.989364144499689],[80.26338431464536,12.989364405819142]]},"properties":{"id":"L01083","strahler":2,"length_m":66.6,"drop_m":1.92,"gradient":0.02884,"area_ha":17.77,"on_drain_share":0.0,"downstream":"L01088"}},{"type":"Feature","geometry":{"type":"LineString","coordinates":[[80.20640168730363,12.989467931518451],[80.20704911583607,12.988836971622698],[80.2079731486518,12.988206852843227]]},"properties":{"id":"L01099","strahler":2,"length_m":228.0,"drop_m":1.71,"gradient":0.0075,"area_ha":47.26,"on_drain_share":0.0,"downstream":"L01093"}},{"type":"Feature","geometry":{"type":"LineString","coordinates":[[80.17330605351583,12.987827657251453],[80.17312105219622,12.988007906301187],[80.17312015495546,12.988279159631697],[80.17256544805159,12.988729488070499],[80.17228734534999,12.989180696173346],[80.17219514328843,12.989180402544806],[80.17210354017072,12.988999273389679],[80.17164253024173,12.988997804614147],[80.17127492139558,12.988634958085907],[80.17099831589269,12.988634076061244],[80.17072261027873,12.988361940584292],[80.16998499655885,12.988359586345997]]},"properties":{"id":"L01096","strahler":1,"length_m":494.6,"drop_m":2.44,"gradient":0.00493,"area_ha":11.7,"on_drain_share":0.0,"downstream":null}},{"type":"Feature","geometry":{"type":"LineString","coordinates":[[80.1955223363885,12.989253648214746],[80.19552320939022,12.98898239338538],[80.19543129789542,12.988891689727298],[80.19543362605224,12.988168343499105]]},"properties":{"id":"L01098","strahler":1,"length_m":124.1,"drop_m":0.58,"gradient":0.00464,"area_ha":4.76,"on_drain_share":0.0,"downstream":"L01133"}},{"type":"Feature","geometry":{"type":"LineString","coordinates":[[80.2561923975667,12.98934392470057],[80.25600879697234,12.989072138206817],[80.2559176696944,12.988710195981323],[80.25554993182865,12.988347461689994],[80.255273321023,12.988346669357512],[80.25472117773828,12.98798340559262],[80.2542606999546,12.98780124434833]]},"properties":{"id":"L01108","strahler":3,"length_m":303.8,"drop_m":-0.05,"gradient":0.0,"area_ha":80.01,"on_drain_share":0.0,"downstream":"L01106"}},{"type":"Feature","geometry":{"type":"LineString","coordinates":[[80.26338431464536,12.989364405819142],[80.26384666683104,12.988913613251833]]},"properties":{"id":"L01088","strahler":3,"length_m":70.7,"drop_m":-1.24,"gradient":0.0,"area_ha":38.45,"on_drain_share":0.0,"downstream":"L01124"}},{"type":"Feature","geometry":{"type":"LineString","coordinates":[[80.22051017377298,12.989058526887625],[80.22051073769109,12.988877689235794],[80.2206957075636,12.988697404509631],[80.22069683509044,12.988335729177372],[80.22051327521702,12.988063919771177],[80.2205138390882,12.9878830821054],[80.22069909004172,12.987612378482437],[80.22070275404648,12.986436933516654],[80.22061083376238,12.986346238272668],[80.22005762111294,12.986344579209968]]},"properties":{"id":"L01130","strahler":2,"length_m":389.0,"drop_m":2.29,"gradient":0.00588,"area_ha":54.84,"on_drain_share":0.0,"downstream":"L01111"}},{"type":"Feature","geometry":{"type":"LineString","coordinates":[[80.26384666683104,12.988913613251833],[80.26449209479168,12.98891544036211],[80.2645840327768,12.989006120998168],[80.26476844085437,12.989006642673731],[80.26495231716608,12.98918800373382],[80.2654133377488,12.989189307042226],[80.26569074698016,12.988918829315915],[80.2656918094288,12.988557150215115],[80.26606168690464,12.988196512687436],[80.26606248329581,12.987925253325104],[80.266154952392,12.987835093842966],[80.26606407602392,12.987382734583345],[80.2656963244769,12.987020013923708],[80.26569685562086,12.986839174347983],[80.2657893244182,12.98674901497404]]},"properties":{"id":"L01124","strahler":3,"length_m":510.4,"drop_m":3.04,"gradient":0.00596,"area_ha":56.96,"on_drain_share":0.0,"downstream":"L01131"}},{"type":"Feature","geometry":{"type":"LineString","coordinates":[[80.20317689123681,12.988734710795804],[80.20345436342814,12.988464303218704],[80.20382346148273,12.988375014659],[80.20410093259338,12.988104606320576]]},"properties":{"id":"L01100","strahler":1,"length_m":129.0,"drop_m":0.61,"gradient":0.00473,"area_ha":6.62,"on_drain_share":0.0,"downstream":"L01101"}},{"type":"Feature","geometry":{"type":"LineString","coordinates":[[80.24881880240511,12.988418517486364],[80.24900320938703,12.98841905032228],[80.24918707322387,12.988600421901735],[80.24937148035559,12.988600954483733],[80.24973948049852,12.988873277596566],[80.25038490628195,12.988875139728188],[80.25057012691202,12.988604413078598],[80.25075453410531,12.988604944679633],[80.25093975413314,12.988334217728315],[80.25094029600712,12.988153378777442],[80.25140266702867,12.987702609396978],[80.25140564524251,12.986707994981925],[80.25149811885751,12.986617840966392],[80.25149920164137,12.986256162968104],[80.25242393270888,12.985354620667998]]},"properties":{"id":"L01148","strahler":1,"length_m":683.6,"drop_m":3.73,"gradient":0.00546,"area_ha":13.17,"on_drain_share":0.0,"downstream":"L01202"}},{"type":"Feature","geometry":{"type":"LineString","coordinates":[[80.26329690705396,12.987736589401994],[80.26348051496169,12.988008371148986],[80.26347998216504,12.98818921061814],[80.26320257152639,12.988459685915169],[80.26357032126023,12.988822409983],[80.26384666683104,12.988913613251833]]},"properties":{"id":"L01089","strahler":1,"length_m":191.4,"drop_m":-1.66,"gradient":0.0,"area_ha":8.09,"on_drain_share":0.0,"downstream":"L01124"}},{"type":"Feature","geometry":{"type":"LineString","coordinates":[[80.23775577712865,12.987934211981921],[80.23867505421313,12.988841106171702]]},"properties":{"id":"L01091","strahler":2,"length_m":141.4,"drop_m":-3.24,"gradient":0.0,"area_ha":15.47,"on_drain_share":0.0,"downstream":"L01069"}},{"type":"Feature","geometry":{"type":"LineString","coordinates":[[80.23923020106983,12.98820979132669],[80.23867505421313,12.988841106171702]]},"properties":{"id":"L01092","strahler":1,"length_m":94.9,"drop_m":-0.84,"gradient":0.0,"area_ha":4.91,"on_drain_share":0.0,"downstream":"L01069"}},{"type":"Feature","geometry":{"type":"LineString","coordinates":[[80.2079731486518,12.988206852843227],[80.20963279436639,12.988211904351143],[80.21000046163142,12.988574699875231],[80.21166011060286,12.988579738580384]]},"properties":{"id":"L01093","strahler":3,"length_m":416.6,"drop_m":0.39,"gradient":0.00095,"area_ha":78.43,"on_drain_share":0.0,"downstream":"L01094"}},{"type":"Feature","geometry":{"type":"LineString","coordinates":[[80.21166011060286,12.988579738580384],[80.211752598461,12.988489599559147]]},"properties":{"id":"L01094","strahler":4,"length_m":14.1,"drop_m":0.0,"gradient":0.0,"area_ha":251.78,"on_drain_share":0.0,"downstream":"L01125"}},{"type":"Feature","geometry":{"type":"LineString","coordinates":[[80.21175231334402,12.98858001819782],[80.211752598461,12.988489599559147]]},"properties":{"id":"L01095","strahler":1,"length_m":10.0,"drop_m":0.0,"gradient":0.0,"area_ha":4.51,"on_drain_share":0.0,"downstream":"L01125"}},{"type":"Feature","geometry":{"type":"LineString","coordinates":[[80.20410093259338,12.988104606320576],[80.20419342283024,12.988014470132978],[80.20465443467974,12.988015881074698],[80.20483826421906,12.988197282202432],[80.20511487156797,12.988198128191117],[80.20539061669675,12.988470229387177],[80.20575942695193,12.98847135654632],[80.2061288115371,12.988291646149412],[80.20631321656174,12.98829220926312],[80.20640513203084,12.988382909293776],[80.20751156278725,12.988386284861447],[80.20778874361571,12.988206290910638],[80.2079731486518,12.988206852843227]]},"properties":{"id":"L01101","strahler":2,"length_m":465.6,"drop_m":4.13,"gradient":0.00886,"area_ha":19.05,"on_drain_share":0.0,"downstream":"L01093"}},{"type":"Feature","geometry":{"type":"LineString","coordinates":[[80.211752598461,12.988489599559147],[80.213509855096,12.986776951058873],[80.21351042397474,12.986596113679155],[80.2136029104283,12.986505973905658]]},"properties":{"id":"L01125","strahler":4,"length_m":302.8,"drop_m":-3.42,"gradient":0.0,"area_ha":265.39,"on_drain_share":0.0,"downstream":"L01127"}},{"type":"Feature","geometry":{"type":"LineString","coordinates":[[80.26744977766658,12.98648243737401],[80.26827722449978,12.987298552854787],[80.26818316820942,12.987931232146929],[80.26873480353642,12.988475308039268],[80.26919582319651,12.988476604569376],[80.2699342469646,12.988207417725135],[80.27039526625447,12.98820871210187]]},"properties":{"id":"L01103","strahler":3,"length_m":478.7,"drop_m":4.33,"gradient":0.00905,"area_ha":104.37,"on_drain_share":0.0,"downstream":null}},{"type":"Feature","geometry":{"type":"LineString","coordinates":[[80.17662441870193,12.988109445590998],[80.1761648997527,12.987655895690125],[80.17616549568348,12.987475059989151],[80.17598139066844,12.98738405767868],[80.17598228474097,12.987112804133174],[80.1764450787845,12.986571757832781],[80.17644656795923,12.98611966850598],[80.17672406423968,12.985849290944198],[80.17672465968027,12.985668455192618],[80.1769096567249,12.985488203286184],[80.1770027503653,12.985217241506152],[80.17746524112106,12.98476661086844],[80.17746672823732,12.984314521362652],[80.177191317133,12.983951974621535],[80.17820878843297,12.982960584794197]]},"properties":{"id":"L01169","strahler":1,"length_m":729.1,"drop_m":2.25,"gradient":0.00309,"area_ha":15.31,"on_drain_share":0.0,"downstream":"L01179"}},{"type":"Feature","geometry":{"type":"LineString","coordinates":[[80.19543362605224,12.988168343499105],[80.19543391706193,12.98807792521773],[80.19645162882658,12.986996042703156],[80.1964545348713,12.986091859552628]]},"properties":{"id":"L01133","strahler":2,"length_m":275.6,"drop_m":3.42,"gradient":0.01242,"area_ha":37.64,"on_drain_share":0.0,"downstream":"L01144"}},{"type":"Feature","geometry":{"type":"LineString","coordinates":[[80.22669030455798,12.988263208665074],[80.22789257354312,12.987091324836168]]},"properties":{"id":"L01118","strahler":1,"length_m":183.8,"drop_m":-3.54,"gradient":0.0,"area_ha":7.93,"on_drain_share":0.0,"downstream":"L01140"}},{"type":"Feature","geometry":{"type":"LineString","coordinates":[[80.20364280094637,12.987199009720614],[80.2038266291434,12.987380411497794],[80.20382518933033,12.987832503853312],[80.20410093259338,12.988104606320576]]},"properties":{"id":"L01102","strahler":1,"length_m":120.7,"drop_m":-0.11,"gradient":0.0,"area_ha":5.97,"on_drain_share":0.0,"downstream":"L01101"}},{"type":"Feature","geometry":{"type":"LineString","coordinates":[[80.23618832517714,12.987929611057586],[80.23646548662795,12.987749585322305],[80.2365576896068,12.987749856124498],[80.23674126737757,12.98802165517198],[80.2373866890174,12.988023549454994],[80.2374791679169,12.987933400740724],[80.23775577712865,12.987934211981921]]},"properties":{"id":"L01104","strahler":1,"length_m":200.7,"drop_m":7.73,"gradient":0.03853,"area_ha":5.26,"on_drain_share":0.0,"downstream":"L01091"}},{"type":"Feature","geometry":{"type":"LineString","coordinates":[[80.2542606999546,12.98780124434833],[80.254076293206,12.987800715266673],[80.25379887340975,12.988071180009404],[80.25241582164713,12.988067206170987],[80.2522319557083,12.987885836761844]]},"properties":{"id":"L01106","strahler":3,"length_m":240.7,"drop_m":2.28,"gradient":0.00946,"area_ha":110.18,"on_drain_share":0.0,"downstream":"L01149"}},{"type":"Feature","geometry":{"type":"LineString","coordinates":[[80.22844327736551,12.987906738380087],[80.22789173579208,12.987362581826282],[80.22789257354312,12.987091324836168]]},"properties":{"id":"L01119","strahler":1,"length_m":114.9,"drop_m":-1.96,"gradient":0.0,"area_ha":8.98,"on_drain_share":0.0,"downstream":"L01140"}},{"type":"Feature","geometry":{"type":"LineString","coordinates":[[80.23757219827212,12.987662413591492],[80.23775577712865,12.987934211981921]]},"properties":{"id":"L01107","strahler":1,"length_m":38.3,"drop_m":1.23,"gradient":0.03205,"area_ha":4.38,"on_drain_share":0.0,"downstream":"L01091"}},{"type":"Feature","geometry":{"type":"LineString","coordinates":[[80.2522319557083,12.987885836761844],[80.25223303753994,12.987524158737907],[80.25241825515897,12.987253430579935],[80.25223493066652,12.986891222171648],[80.25242393270888,12.985354620667998]]},"properties":{"id":"L01149","strahler":5,"length_m":304.9,"drop_m":1.73,"gradient":0.00567,"area_ha":802.2,"on_drain_share":0.0,"downstream":"L01202"}},{"type":"Feature","geometry":{"type":"LineString","coordinates":[[80.19387056199308,12.986807213546815],[80.19442202403971,12.987351437986181],[80.19451422593966,12.987351723691258],[80.19469775596316,12.987623549811472],[80.19478995796973,12.987623835424634],[80.19506714626013,12.987443855513387],[80.1964545348713,12.986091859552628]]},"properties":{"id":"L01132","strahler":2,"length_m":393.6,"drop_m":2.34,"gradient":0.00596,"area_ha":17.83,"on_drain_share":0.0,"downstream":"L01144"}},{"type":"Feature","geometry":{"type":"LineString","coordinates":[[80.25536794858746,12.98753315737856],[80.25509053042431,12.987803623597301],[80.2542606999546,12.98780124434833]]},"properties":{"id":"L01109","strahler":2,"length_m":132.4,"drop_m":0.38,"gradient":0.00284,"area_ha":27.83,"on_drain_share":0.0,"downstream":"L01106"}},{"type":"Feature","geometry":{"type":"LineString","coordinates":[[80.22005762111294,12.986344579209968],[80.21996541901217,12.986344302585097],[80.21968768391669,12.986705147814774],[80.21913447059525,12.986703486742737],[80.21857984429492,12.987153918485458],[80.2178422254218,12.987151700242862],[80.21765810367376,12.987060726578157],[80.2175656183797,12.987150867862436],[80.21728901135685,12.987150035187765],[80.21682743319079,12.987329484259131],[80.21544411377111,12.987415732687237],[80.21498253397301,12.987595178375297],[80.2147064946809,12.987413505503806]]},"properties":{"id":"L01111","strahler":3,"length_m":660.4,"drop_m":3.89,"gradient":0.00589,"area_ha":150.91,"on_drain_share":0.0,"downstream":"L01128"}},{"type":"Feature","geometry":{"type":"LineString","coordinates":[[80.259337781881,12.98582651035256],[80.259335103299,12.98673070697652],[80.25859533351368,12.987451961565885],[80.25841092684051,12.987451435572867],[80.25831845525465,12.987541592160355],[80.25748862504409,12.987539223262026],[80.25739615310977,12.98762937950108],[80.25711954298222,12.987628589175992],[80.25702760833154,12.987537906063032],[80.25592116842888,12.987534741450444],[80.2558292342694,12.987444057938372],[80.25536794858746,12.98753315737856]]},"properties":{"id":"L01113","strahler":1,"length_m":583.8,"drop_m":-1.99,"gradient":0.0,"area_ha":15.81,"on_drain_share":0.0,"downstream":"L01109"}},{"type":"Feature","geometry":{"type":"LineString","coordinates":[[80.17967241874841,12.986491542665657],[80.18022384737628,12.987035795369422],[80.1805926532197,12.987036958107659],[80.18077735243875,12.986947121321155],[80.18114526974428,12.98721953716799],[80.18151407594405,12.987220698615241],[80.18169818310014,12.987311697121168]]},"properties":{"id":"L01112","strahler":1,"length_m":265.6,"drop_m":-1.42,"gradient":0.0,"area_ha":19.79,"on_drain_share":0.0,"downstream":null}},{"type":"Feature","geometry":{"type":"LineString","coordinates":[[80.2147064946809,12.987413505503806],[80.2136953968152,12.98641583409482]]},"properties":{"id":"L01128","strahler":3,"length_m":155.6,"drop_m":-2.93,"gradient":0.0,"area_ha":197.18,"on_drain_share":0.0,"downstream":"L01173"}},{"type":"Feature","geometry":{"type":"LineString","coordinates":[[80.22337380853003,12.987349123858667],[80.22392870792403,12.986808262514572],[80.22402175219656,12.986537280991035],[80.22383790907914,12.986355892681905],[80.22365350470514,12.986355342080214],[80.22328581955404,12.98599256486393],[80.22282480936545,12.985991187173417],[80.22273288842166,12.985900492642406]]},"properties":{"id":"L01138","strahler":1,"length_m":288.0,"drop_m":1.35,"gradient":0.0047,"area_ha":10.04,"on_drain_share":0.0,"downstream":"L01146"}},{"type":"Feature","geometry":{"type":"LineString","coordinates":[[80.25573783853811,12.98717253523374],[80.25536794858746,12.98753315737856]]},"properties":{"id":"L01114","strahler":2,"length_m":56.6,"drop_m":-1.59,"gradient":0.0,"area_ha":10.4,"on_drain_share":0.0,"downstream":"L01109"}},{"type":"Feature","geometry":{"type":"LineString","coordinates":[[80.24421191088715,12.987320122027736],[80.24412216827152,12.986506079866668],[80.24449207193263,12.986145474498835]]},"properties":{"id":"L01136","strahler":1,"length_m":150.7,"drop_m":2.53,"gradient":0.01681,"area_ha":5.85,"on_drain_share":0.0,"downstream":"L01152"}},{"type":"Feature","geometry":{"type":"LineString","coordinates":[[80.17146561812534,12.98673677335731],[80.17109621401329,12.98691643317739],[80.17063550799169,12.986824545118257],[80.17045050565319,12.987004792209643],[80.16998949959569,12.987003320724352]]},"properties":{"id":"L01115","strahler":1,"length_m":180.7,"drop_m":1.32,"gradient":0.00731,"area_ha":6.71,"on_drain_share":0.0,"downstream":null}},{"type":"Feature","geometry":{"type":"LineString","coordinates":[[80.18962840755022,12.987065281796644],[80.18972031618277,12.987155987356154]]},"properties":{"id":"L01116","strahler":1,"length_m":14.1,"drop_m":0.0,"gradient":0.0,"area_ha":4.12,"on_drain_share":0.0,"downstream":"L01097"}},{"type":"Feature","geometry":{"type":"LineString","coordinates":[[80.18972207446399,12.986613478383232],[80.18972031618277,12.987155987356154]]},"properties":{"id":"L01117","strahler":1,"length_m":60.0,"drop_m":-0.44,"gradient":0.0,"area_ha":6.61,"on_drain_share":0.0,"downstream":"L01097"}},{"type":"Feature","geometry":{"type":"LineString","coordinates":[[80.22789257354312,12.987091324836168],[80.22807753700218,12.986911034457254],[80.22761764195066,12.9865479891908],[80.22752627770309,12.986276458259173],[80.22734187322624,12.986275910276802],[80.22706610510187,12.986003831098369],[80.22669729659897,12.986002734372695],[80.22651345179969,12.98582134786111]]},"properties":{"id":"L01140","strahler":2,"length_m":259.7,"drop_m":1.44,"gradient":0.00556,"area_ha":20.71,"on_drain_share":0.0,"downstream":"L01139"}},{"type":"Feature","geometry":{"type":"LineString","coordinates":[[80.2557389152367,12.986810856900082],[80.25573783853811,12.98717253523374]]},"properties":{"id":"L01120","strahler":1,"length_m":40.0,"drop_m":0.38,"gradient":0.0094,"area_ha":4.39,"on_drain_share":0.0,"downstream":"L01114"}},{"type":"Feature","geometry":{"type":"LineString","coordinates":[[80.25657008702636,12.986361133235965],[80.25573783853811,12.98717253523374]]},"properties":{"id":"L01121","strahler":1,"length_m":127.3,"drop_m":1.01,"gradient":0.00795,"area_ha":5.27,"on_drain_share":0.0,"downstream":"L01114"}},{"type":"Feature","geometry":{"type":"LineString","coordinates":[[80.19331939407687,12.98617256980845],[80.19331881061431,12.98635340630261],[80.19387056199308,12.986807213546815]]},"properties":{"id":"L01122","strahler":1,"length_m":100.7,"drop_m":4.03,"gradient":0.04001,"area_ha":4.73,"on_drain_share":0.0,"downstream":"L01132"}},{"type":"Feature","geometry":{"type":"LineString","coordinates":[[80.19387697543826,12.984818011769596],[80.19424461379661,12.985180828054123],[80.19424403104927,12.985361664603392],[80.19415153847902,12.985451797117113],[80.19414833282006,12.986446398063155],[80.19387056199308,12.986807213546815]]},"properties":{"id":"L01123","strahler":1,"length_m":253.1,"drop_m":3.4,"gradient":0.01344,"area_ha":6.92,"on_drain_share":0.0,"downstream":"L01132"}},{"type":"Feature","geometry":{"type":"LineString","coordinates":[[80.18594210844121,12.986511250564076],[80.18492789323169,12.986508072770384],[80.18483598666606,12.98641736562885],[80.18465158400082,12.98641678736197],[80.1841920525284,12.985963250910746],[80.18419382263674,12.985420742635501],[80.18484129275095,12.984789840529405],[80.18511818962686,12.984700289498848],[80.18539567543215,12.984429901998656]]},"properties":{"id":"L01155","strahler":1,"length_m":450.4,"drop_m":4.96,"gradient":0.01101,"area_ha":9.55,"on_drain_share":0.0,"downstream":"L01192"}},{"type":"Feature","geometry":{"type":"LineString","coordinates":[[80.2657893244182,12.98674901497404],[80.2660667304101,12.986478536629765],[80.2665277461121,12.986479837695185],[80.26680356006274,12.986751877379781],[80.26708069995786,12.986571817713608],[80.26744977766658,12.98648243737401]]},"properties":{"id":"L01131","strahler":3,"length_m":217.3,"drop_m":3.3,"gradient":0.01517,"area_ha":85.85,"on_drain_share":0.0,"downstream":"L01103"}},{"type":"Feature","geometry":{"type":"LineString","coordinates":[[80.2128658636817,12.986322904296363],[80.21305026755522,12.986323462547954],[80.21332630438249,12.986505137055643],[80.2136029104283,12.986505973905658]]},"properties":{"id":"L01126","strahler":1,"length_m":88.3,"drop_m":-0.77,"gradient":0.0,"area_ha":4.94,"on_drain_share":0.0,"downstream":"L01127"}},{"type":"Feature","geometry":{"type":"LineString","coordinates":[[80.2136029104283,12.986505973905658],[80.2136953968152,12.98641583409482]]},"properties":{"id":"L01127","strahler":4,"length_m":14.1,"drop_m":0.0,"gradient":0.0,"area_ha":270.76,"on_drain_share":0.0,"downstream":"L01173"}},{"type":"Feature","geometry":{"type":"LineString","coordinates":[[80.26339763511999,12.98484341883612],[80.26413525500035,12.984845507462763],[80.26422586110363,12.985388287017003],[80.26523690227306,12.986476192652297],[80.26560544916205,12.986567654535833],[80.2657893244182,12.98674901497404]]},"properties":{"id":"L01129","strahler":2,"length_m":382.1,"drop_m":1.57,"gradient":0.0041,"area_ha":27.43,"on_drain_share":0.0,"downstream":"L01131"}},{"type":"Feature","geometry":{"type":"LineString","coordinates":[[80.2136953968152,12.98641583409482],[80.21406534169603,12.986055274478076],[80.21406647857597,12.985693599647655],[80.21397456109575,12.985602902204676],[80.21379015771255,12.985602344639029],[80.21296290402933,12.984786065781057],[80.21296404238875,12.98442439101151],[80.21305652817773,12.98433425138279],[80.21296546528959,12.983972297535313],[80.21305795090113,12.983882157893381],[80.21305851997543,12.98370132049318],[80.21333626062473,12.983340482618543],[80.2133376827298,12.982888389064152]]},"properties":{"id":"L01173","strahler":4,"length_m":492.8,"drop_m":0.26,"gradient":0.00053,"area_ha":478.26,"on_drain_share":0.0,"downstream":"L01190"}},{"type":"Feature","geometry":{"type":"LineString","coordinates":[[80.24089809533884,12.98550206502877],[80.24117387884492,12.985774130352151],[80.24117278116744,12.986135807501212],[80.24144883997741,12.98631745328495],[80.2414485656487,12.986407872575176],[80.24246279426613,12.986410829860185],[80.2425555447354,12.986230259880601],[80.24375417803951,12.986233749278481],[80.24384610715597,12.98632443680598],[80.2442149176154,12.986325509232275],[80.24449207193263,12.986145474498835]]},"properties":{"id":"L01137","strahler":1,"length_m":487.3,"drop_m":1.97,"gradient":0.00404,"area_ha":16.22,"on_drain_share":0.0,"downstream":"L01152"}},{"type":"Feature","geometry":{"type":"LineString","coordinates":[[80.2217200738233,12.98544536413422],[80.22153510719117,12.98562564981218],[80.22107437955053,12.98553385019415],[80.22079692874068,12.985804277919042],[80.22052004110816,12.985893867614546],[80.22033507331008,12.986074152364633],[80.22033450939088,12.986254990047799],[80.22015010524534,12.986254436965499],[80.22005762111294,12.986344579209968]]},"properties":{"id":"L01134","strahler":3,"length_m":241.4,"drop_m":1.89,"gradient":0.00782,"area_ha":77.66,"on_drain_share":0.0,"downstream":"L01111"}},{"type":"Feature","geometry":{"type":"LineString","coordinates":[[80.23195254319788,12.986108732424741],[80.23176758300016,12.986289025761774],[80.23149153184899,12.986107370089321],[80.23149208769244,12.985926531925433],[80.23121659317006,12.985564037831816],[80.23121770519812,12.985202361509844],[80.23103385748732,12.985020978033]]},"properties":{"id":"L01151","strahler":1,"length_m":207.3,"drop_m":0.48,"gradient":0.0023,"area_ha":9.09,"on_drain_share":0.0,"downstream":"L01142"}},{"type":"Feature","geometry":{"type":"LineString","coordinates":[[80.26745004259409,12.986392017547095],[80.26744977766658,12.98648243737401]]},"properties":{"id":"L01135","strahler":1,"length_m":10.0,"drop_m":0.0,"gradient":0.0,"area_ha":4.05,"on_drain_share":0.0,"downstream":"L01103"}},{"type":"Feature","geometry":{"type":"LineString","coordinates":[[80.1964545348713,12.986091859552628],[80.19645627839257,12.98554934963187],[80.19654877022008,12.98545921625227]]},"properties":{"id":"L01144","strahler":3,"length_m":74.1,"drop_m":-0.5,"gradient":0.0,"area_ha":56.26,"on_drain_share":0.0,"downstream":"L01176"}},{"type":"Feature","geometry":{"type":"LineString","coordinates":[[80.20613598949384,12.986031183024211],[80.20641259453372,12.986032027493769],[80.206689773371,12.98585203457767],[80.20687417662144,12.985852597189679],[80.2070591533831,12.985672322560754],[80.20724441655507,12.985401629220986],[80.20724498990256,12.985220792096376],[80.20715307520473,12.985130092390412],[80.20715364860585,12.984949255266047],[80.20696981953483,12.98476785577186],[80.20743225865301,12.984317168586228],[80.20761666080489,12.984317730606413],[80.20780163586089,12.98413745533176],[80.20853924405642,12.984139701549728],[80.20872307389811,12.984321099981877],[80.20899967722015,12.9843219415903],[80.20983177296698,12.983601115623463],[80.2107537817093,12.983603915757222],[80.2110295285662,12.983876011128501]]},"properties":{"id":"L01163","strahler":1,"length_m":760.1,"drop_m":1.78,"gradient":0.00234,"area_ha":16.47,"on_drain_share":0.0,"downstream":"L01189"}},{"type":"Feature","geometry":{"type":"LineString","coordinates":[[80.24449207193263,12.986145474498835],[80.24578672634594,12.984883351026706]]},"properties":{"id":"L01152","strahler":2,"length_m":198.0,"drop_m":3.74,"gradient":0.01888,"area_ha":22.92,"on_drain_share":0.0,"downstream":"L01158"}},{"type":"Feature","geometry":{"type":"LineString","coordinates":[[80.22273288842166,12.985900492642406],[80.222181364159,12.985356324839891],[80.2217200738233,12.98544536413422]]},"properties":{"id":"L01146","strahler":3,"length_m":139.0,"drop_m":-0.1,"gradient":0.0,"area_ha":67.31,"on_drain_share":0.0,"downstream":"L01134"}},{"type":"Feature","geometry":{"type":"LineString","coordinates":[[80.22651345179969,12.98582134786111],[80.22605244157317,12.985819975911301],[80.225592831628,12.985366508350417],[80.22531622604932,12.985365684327538],[80.22494657781002,12.985635842009371],[80.22457889167207,12.985273066555951],[80.22457973287732,12.985001809735438],[80.2243958903956,12.98482042184062],[80.22337886415438,12.985721583575907],[80.22310169642645,12.985901594983028],[80.22273288842166,12.985900492642406]]},"properties":{"id":"L01139","strahler":3,"length_m":547.7,"drop_m":1.94,"gradient":0.00355,"area_ha":55.66,"on_drain_share":0.0,"downstream":"L01146"}},{"type":"Feature","geometry":{"type":"LineString","coordinates":[[80.22660565385134,12.985821622152997],[80.22651345179969,12.98582134786111]]},"properties":{"id":"L01141","strahler":2,"length_m":10.0,"drop_m":0.0,"gradient":0.0,"area_ha":29.15,"on_drain_share":0.0,"downstream":"L01139"}},{"type":"Feature","geometry":{"type":"LineString","coordinates":[[80.23103385748732,12.985020978033],[80.2304825942065,12.984386407825541],[80.22956029964655,12.984474096531978],[80.22900569600668,12.984924551934379],[80.22854468716152,12.984923184496262],[80.22826696561026,12.985284039719035],[80.22789815806415,12.98528294475636],[80.22734382917173,12.985642977320587],[80.22697502117678,12.985641881018772],[80.226790057961,12.985822170638707],[80.22660565385134,12.985821622152997]]},"properties":{"id":"L01142","strahler":2,"length_m":587.0,"drop_m":1.28,"gradient":0.00217,"area_ha":25.0,"on_drain_share":0.0,"downstream":"L01141"}},{"type":"Feature","geometry":{"type":"LineString","coordinates":[[80.22688309876233,12.98555118787518],[80.22660565385134,12.985821622152997]]},"properties":{"id":"L01143","strahler":1,"length_m":42.4,"drop_m":-0.18,"gradient":0.0,"area_ha":4.11,"on_drain_share":0.0,"downstream":"L01141"}},{"type":"Feature","geometry":{"type":"LineString","coordinates":[[80.19654877022008,12.98545921625227],[80.1965525471161,12.984283777977423],[80.19636872664954,12.98410237145361],[80.19637017951423,12.983650279795077],[80.1965551616726,12.98347001295515],[80.19646325168618,12.983379309720602],[80.19646412325883,12.983108054706017],[80.196649685824,12.9827469510741]]},"properties":{"id":"L01176","strahler":3,"length_m":329.0,"drop_m":-3.38,"gradient":0.0,"area_ha":86.86,"on_drain_share":0.0,"downstream":"L01181"}},{"type":"Feature","geometry":{"type":"LineString","coordinates":[[80.22199752327147,12.985174935337561],[80.2217200738233,12.98544536413422]]},"properties":{"id":"L01147","strahler":1,"length_m":42.4,"drop_m":-0.6,"gradient":0.0,"area_ha":5.2,"on_drain_share":0.0,"downstream":"L01134"}},{"type":"Feature","geometry":{"type":"LineString","coordinates":[[80.23112522523711,12.985292507945717],[80.23103385748732,12.985020978033]]},"properties":{"id":"L01150","strahler":1,"length_m":34.1,"drop_m":-0.18,"gradient":0.0,"area_ha":4.21,"on_drain_share":0.0,"downstream":"L01142"}},{"type":"Feature","geometry":{"type":"LineString","coordinates":[[80.25242393270888,12.985354620667998],[80.25251667575058,12.985174046704577],[80.25251802722808,12.984721949049463],[80.25288845696625,12.984180491793119],[80.25289304913231,12.982643359453034],[80.25307799211039,12.982463050048931],[80.25307907225123,12.982101371804353],[80.25335648579403,12.98183090738926]]},"properties":{"id":"L01202","strahler":5,"length_m":431.4,"drop_m":-0.69,"gradient":0.0,"area_ha":834.34,"on_drain_share":0.0,"downstream":"L01249"}},{"type":"Feature","geometry":{"type":"LineString","coordinates":[[80.26173692300837,12.985200390658235],[80.26219926988097,12.984749600624399],[80.26302909171957,12.984751953989973],[80.26312102769809,12.984842635061757],[80.26339763511999,12.98484341883612]]},"properties":{"id":"L01154","strahler":1,"length_m":204.9,"drop_m":-0.8,"gradient":0.0,"area_ha":8.06,"on_drain_share":0.0,"downstream":"L01129"}},{"type":"Feature","geometry":{"type":"LineString","coordinates":[[80.20991968859818,12.98495767520661],[80.21010409133359,12.984958235489964],[80.21028906520353,12.98477795837832],[80.21029049298045,12.984325865206603],[80.21075292560143,12.983875171707593],[80.2110295285662,12.983876011128501]]},"properties":{"id":"L01160","strahler":1,"length_m":199.0,"drop_m":1.76,"gradient":0.00887,"area_ha":6.64,"on_drain_share":0.0,"downstream":"L01189"}},{"type":"Feature","geometry":{"type":"LineString","coordinates":[[80.24578618088621,12.985064189808284],[80.24578672634594,12.984883351026706]]},"properties":{"id":"L01153","strahler":1,"length_m":20.0,"drop_m":-0.88,"gradient":0.0,"area_ha":4.28,"on_drain_share":0.0,"downstream":"L01158"}},{"type":"Feature","geometry":{"type":"LineString","coordinates":[[80.18152265966344,12.98459857708508],[80.18207586323018,12.984600317911756],[80.18225996874469,12.984691315935216],[80.18262995354108,12.984330803504726],[80.18419736261237,12.98433572601651],[80.18428985811619,12.984245597224067],[80.18447425916364,12.984246175652538],[80.18484188227131,12.98460900439456],[80.18511848428595,12.984609871424867],[80.18539567543215,12.984429901998656]]},"properties":{"id":"L01157","strahler":1,"length_m":469.7,"drop_m":4.11,"gradient":0.00875,"area_ha":16.35,"on_drain_share":0.0,"downstream":"L01192"}},{"type":"Feature","geometry":{"type":"LineString","coordinates":[[80.24578672634594,12.984883351026706],[80.24578754452007,12.98461209284959],[80.24615744295623,12.98425148477427]]},"properties":{"id":"L01158","strahler":2,"length_m":86.6,"drop_m":0.88,"gradient":0.01012,"area_ha":32.83,"on_drain_share":0.0,"downstream":"L01198"}},{"type":"Feature","geometry":{"type":"LineString","coordinates":[[80.17451542148137,12.984576424763928],[80.1735967043561,12.983578899954525],[80.1734126031703,12.98348789602637],[80.17285940327255,12.983486136916737],[80.17267560158096,12.983304714686216],[80.1719391999652,12.982940695748967],[80.17166349915459,12.98266856146909]]},"properties":{"id":"L01175","strahler":1,"length_m":402.8,"drop_m":-0.43,"gradient":0.0,"area_ha":18.42,"on_drain_share":0.0,"downstream":"L01171"}},{"type":"Feature","geometry":{"type":"LineString","coordinates":[[80.2367512044553,12.984766564301447],[80.23647542708045,12.984494494593815],[80.23647597924841,12.984313656195937],[80.23656845700802,12.984223507722236],[80.23693726374391,12.984224590300105],[80.2373068978433,12.983954414698925],[80.23730717361582,12.98386399547897],[80.23767708242116,12.983503400062428],[80.23767763367663,12.98332256159998],[80.23740240817345,12.982869654420485],[80.2371258045869,12.982868843114032],[80.23685002875521,12.982596773858079],[80.23685058056883,12.982415935418013]]},"properties":{"id":"L01184","strahler":1,"length_m":410.4,"drop_m":4.9,"gradient":0.01194,"area_ha":11.24,"on_drain_share":0.0,"downstream":"L01223"}},{"type":"Feature","geometry":{"type":"LineString","coordinates":[[80.24421983717639,12.984697960856213],[80.24495799943749,12.984519265109912],[80.24523542410263,12.984248810036066],[80.24615744295623,12.98425148477427]]},"properties":{"id":"L01159","strahler":1,"length_m":230.7,"drop_m":3.64,"gradient":0.01577,"area_ha":7.39,"on_drain_share":0.0,"downstream":"L01198"}},{"type":"Feature","geometry":{"type":"LineString","coordinates":[[80.26303149005167,12.983938176226959],[80.26284655270261,12.984118493019318],[80.26284575306464,12.984389752264269],[80.26339763511999,12.98484341883612]]},"properties":{"id":"L01156","strahler":2,"length_m":139.0,"drop_m":-0.6,"gradient":0.0,"area_ha":15.09,"on_drain_share":0.0,"downstream":"L01129"}},{"type":"Feature","geometry":{"type":"LineString","coordinates":[[80.18539567543215,12.984429901998656],[80.18604313997804,12.983798996519816],[80.18659604829563,12.983891145737498],[80.18705558081395,12.984344678043424],[80.18788802927149,12.983533507863399],[80.18724468393219,12.982898564450068],[80.18724527162598,12.982717728180551],[80.18752275293872,12.982447338102938],[80.18752334041032,12.982266501814628],[80.1878002336516,12.982176947688153],[80.1881699135121,12.981906844772823]]},"properties":{"id":"L01192","strahler":2,"length_m":629.1,"drop_m":-2.36,"gradient":0.0,"area_ha":37.65,"on_drain_share":0.0,"downstream":"L01208"}},{"type":"Feature","geometry":{"type":"LineString","coordinates":[[80.25021378612819,12.984444053764557],[80.25012239751977,12.98417252941495],[80.24957108521458,12.983537997067002],[80.24947996894869,12.983176053048993],[80.24911224862454,12.98281331044941],[80.24911333453032,12.982451632543777],[80.24828678407799,12.981364201615078]]},"properties":{"id":"L01207","strahler":1,"length_m":427.0,"drop_m":1.07,"gradient":0.00252,"area_ha":9.49,"on_drain_share":0.0,"downstream":"L01210"}},{"type":"Feature","geometry":{"type":"LineString","coordinates":[[80.24615744295623,12.98425148477427],[80.24708218438032,12.983349961984226],[80.24717520253343,12.983078970636202],[80.24819295247991,12.981906451886731]]},"properties":{"id":"L01198","strahler":2,"length_m":351.1,"drop_m":-3.21,"gradient":0.0,"area_ha":47.77,"on_drain_share":0.0,"downstream":"L01206"}},{"type":"Feature","geometry":{"type":"LineString","coordinates":[[80.19129798141492,12.983996230944609],[80.1911141651861,12.983814820937821],[80.19111504259082,12.983543566290827],[80.19102313466973,12.983452861247942],[80.1911162124328,12.983181893419294],[80.19084048924289,12.982909778220248],[80.19047139585915,12.982999048583997],[80.19010405912482,12.982545809213892],[80.19001332327221,12.982093431047193]]},"properties":{"id":"L01188","strahler":1,"length_m":313.8,"drop_m":0.38,"gradient":0.0012,"area_ha":9.41,"on_drain_share":0.0,"downstream":"L01209"}},{"type":"Feature","geometry":{"type":"LineString","coordinates":[[80.2110295285662,12.983876011128501],[80.21130584637677,12.983967268916183],[80.21158358976203,12.98360643308308],[80.21176827657362,12.983516573455756],[80.21204658855463,12.982974899683162],[80.21260178542315,12.98234364447879],[80.21260235475748,12.982162807077142]]},"properties":{"id":"L01189","strahler":2,"length_m":298.0,"drop_m":-0.36,"gradient":0.0,"area_ha":28.73,"on_drain_share":0.0,"downstream":"L01242"}},{"type":"Feature","geometry":{"type":"LineString","coordinates":[[80.21766772266002,12.983986487779225],[80.2176685712753,12.983715231379444],[80.21748473498647,12.983533838917836],[80.2174855837696,12.983262582520533],[80.21767055130269,12.98308229975777],[80.21767111700554,12.982901462145879],[80.21776360060116,12.982811320703272],[80.21776614583881,12.98199755139471]]},"properties":{"id":"L01194","strahler":1,"length_m":240.7,"drop_m":1.22,"gradient":0.00508,"area_ha":10.04,"on_drain_share":0.0,"downstream":"L01236"}},{"type":"Feature","geometry":{"type":"LineString","coordinates":[[80.20236264493775,12.98384956947909],[80.20180944025229,12.983847871908731],[80.20162561604778,12.98366646889206]]},"properties":{"id":"L01162","strahler":1,"length_m":88.3,"drop_m":-0.06,"gradient":0.0,"area_ha":5.4,"on_drain_share":0.0,"downstream":"L01167"}},{"type":"Feature","geometry":{"type":"LineString","coordinates":[[80.2146256528455,12.983796478097164],[80.2144423868971,12.983434246143487],[80.21425826918649,12.983343270271954],[80.21379726487872,12.983341876853798],[80.2133376827298,12.982888389064152]]},"properties":{"id":"L01174","strahler":1,"length_m":193.1,"drop_m":0.38,"gradient":0.00199,"area_ha":8.2,"on_drain_share":0.0,"downstream":"L01190"}},{"type":"Feature","geometry":{"type":"LineString","coordinates":[[80.19701558361695,12.983652273649543],[80.19683205362625,12.98338044910677],[80.19683263441028,12.983199612414612],[80.1966488144777,12.9830182061086],[80.196649685824,12.9827469510741]]},"properties":{"id":"L01177","strahler":1,"length_m":116.6,"drop_m":0.61,"gradient":0.00521,"area_ha":5.36,"on_drain_share":0.0,"downstream":"L01181"}},{"type":"Feature","geometry":{"type":"LineString","coordinates":[[80.20162561604778,12.98366646889206],[80.20144179210989,12.98348506575842],[80.20153428143888,12.983394930441728],[80.20144265829012,12.983213810414485]]},"properties":{"id":"L01167","strahler":2,"length_m":66.6,"drop_m":-0.09,"gradient":0.0,"area_ha":32.9,"on_drain_share":0.0,"downstream":"L01234"}},{"type":"Feature","geometry":{"type":"LineString","coordinates":[[80.26285001759075,12.982943036225377],[80.26312555721147,12.983305499222906],[80.26303149005167,12.983938176226959]]},"properties":{"id":"L01164","strahler":1,"length_m":126.6,"drop_m":-1.16,"gradient":0.0,"area_ha":5.46,"on_drain_share":0.0,"downstream":"L01156"}},{"type":"Feature","geometry":{"type":"LineString","coordinates":[[80.26321642713411,12.983757859286271],[80.26303149005167,12.983938176226959]]},"properties":{"id":"L01165","strahler":1,"length_m":28.3,"drop_m":-1.37,"gradient":0.0,"area_ha":4.55,"on_drain_share":0.0,"downstream":"L01156"}},{"type":"Feature","geometry":{"type":"LineString","coordinates":[[80.20116490139169,12.983574634604837],[80.20144265829012,12.983213810414485]]},"properties":{"id":"L01166","strahler":1,"length_m":52.4,"drop_m":-0.39,"gradient":0.0,"area_ha":5.01,"on_drain_share":0.0,"downstream":"L01234"}},{"type":"Feature","geometry":{"type":"LineString","coordinates":[[80.17092380379502,12.98329913524854],[80.17046400419825,12.982935994011559]]},"properties":{"id":"L01168","strahler":1,"length_m":66.6,"drop_m":0.21,"gradient":0.00312,"area_ha":4.83,"on_drain_share":0.0,"downstream":"L01170"}},{"type":"Feature","geometry":{"type":"LineString","coordinates":[[80.25556446954039,12.983464803980516],[80.25556662277029,12.982741447125791],[80.25519889373325,12.982378712676343],[80.25501449094392,12.982378184476799],[80.25492309765532,12.982106661529366],[80.2545542925092,12.982105604630185],[80.25437042907343,12.981924236805078],[80.2540940951069,12.981833024017911],[80.25390915331221,12.982013334218486],[80.25390834411556,12.982284592956217],[80.25381587301214,12.982374747993209],[80.25363147028402,12.982374218813186],[80.25335567600978,12.982102166096494],[80.25335648579403,12.98183090738926]]},"properties":{"id":"L01203","strahler":1,"length_m":458.0,"drop_m":5.08,"gradient":0.01108,"area_ha":9.56,"on_drain_share":0.0,"downstream":"L01249"}},{"type":"Feature","geometry":{"type":"LineString","coordinates":[[80.20144265829012,12.983213810414485],[80.20135074651458,12.983123108808016],[80.20135247900288,12.982580598111456],[80.2014452567128,12.98240004434845],[80.20135334521754,12.982309342754622],[80.20135594374348,12.981495576649886],[80.2012640325951,12.981404875039464],[80.20135652116966,12.981314739730749],[80.20136027422674,12.980139299694574],[80.2012683635454,12.980048598105231],[80.20145362820423,12.979777908897539],[80.20191462456195,12.97977932381641],[80.2021917991462,12.979599335395745]]},"properties":{"id":"L01234","strahler":2,"length_m":501.4,"drop_m":5.2,"gradient":0.01036,"area_ha":44.81,"on_drain_share":0.0,"downstream":"L01251"}},{"type":"Feature","geometry":{"type":"LineString","coordinates":[[80.17737869194228,12.983048379007407],[80.17820878843297,12.982960584794197]]},"properties":{"id":"L01172","strahler":1,"length_m":94.1,"drop_m":-0.05,"gradient":0.0,"area_ha":5.53,"on_drain_share":0.0,"downstream":"L01179"}},{"type":"Feature","geometry":{"type":"LineString","coordinates":[[80.17046400419825,12.982935994011559],[80.17037210443088,12.982845282124964],[80.17037270432165,12.982664446622644],[80.1700030056402,12.982934523002834]]},"properties":{"id":"L01170","strahler":2,"length_m":92.4,"drop_m":0.19,"gradient":0.00204,"area_ha":44.38,"on_drain_share":0.0,"downstream":null}},{"type":"Feature","geometry":{"type":"LineString","coordinates":[[80.17166349915459,12.98266856146909],[80.17129470058553,12.982667386452292],[80.17120220130461,12.98275751038692],[80.17092560230846,12.982756628676784],[80.17074060336031,12.982936876224612],[80.17046400419825,12.982935994011559]]},"properties":{"id":"L01171","strahler":2,"length_m":142.4,"drop_m":2.16,"gradient":0.0152,"area_ha":38.25,"on_drain_share":0.0,"downstream":"L01170"}},{"type":"Feature","geometry":{"type":"LineString","coordinates":[[80.17820878843297,12.982960584794197],[80.17885418783742,12.98296262361695],[80.1792241745313,12.982602116126023]]},"properties":{"id":"L01179","strahler":2,"length_m":126.6,"drop_m":-1.86,"gradient":0.0,"area_ha":23.41,"on_drain_share":0.0,"downstream":"L01186"}},{"type":"Feature","geometry":{"type":"LineString","coordinates":[[80.19637250398338,12.98292693310846],[80.19664997626838,12.982656532728]]},"properties":{"id":"L01180","strahler":1,"length_m":42.4,"drop_m":-0.01,"gradient":0.0,"area_ha":4.12,"on_drain_share":0.0,"downstream":"L01228"}},{"type":"Feature","geometry":{"type":"LineString","coordinates":[[80.20476274142904,12.98295272681146],[80.20550264352019,12.98223163310483],[80.20550293075226,12.982141214559146],[80.2046754289631,12.98141532986877],[80.20467600398574,12.981234492801892],[80.20449246695664,12.980962673234968],[80.20403175586264,12.980870844236405],[80.20338837354218,12.980235938638428],[80.2029270880576,12.980324944784764],[80.20265106600111,12.980143259980439],[80.20219151077558,12.979689753886012],[80.2021917991462,12.979599335395745]]},"properties":{"id":"L01235","strahler":1,"length_m":630.8,"drop_m":3.01,"gradient":0.00477,"area_ha":20.57,"on_drain_share":0.0,"downstream":"L01251"}},{"type":"Feature","geometry":{"type":"LineString","coordinates":[[80.23565003307506,12.983045349561445],[80.23537425875595,12.982773278822382],[80.23555921375397,12.98259298258116],[80.23666562658711,12.982596232639281],[80.23685058056883,12.982415935418013]]},"properties":{"id":"L01183","strahler":1,"length_m":219.0,"drop_m":1.47,"gradient":0.0067,"area_ha":6.23,"on_drain_share":0.0,"downstream":"L01223"}},{"type":"Feature","geometry":{"type":"LineString","coordinates":[[80.26699856901355,12.983135604271846],[80.26773830242529,12.982414323549852],[80.26847591586157,12.982416399481727],[80.26856785311074,12.982507078703325],[80.26884445828836,12.982507856546059]]},"properties":{"id":"L01185","strahler":1,"length_m":237.3,"drop_m":4.62,"gradient":0.01946,"area_ha":7.84,"on_drain_share":0.0,"downstream":null}},{"type":"Feature","geometry":{"type":"LineString","coordinates":[[80.17784385289002,12.981783986011528],[80.1778423667553,12.982236075648096],[80.17839378234831,12.982780331610645],[80.17867038189311,12.982781205379242],[80.17885537535538,12.98260095183698],[80.1792241745313,12.982602116126023]]},"properties":{"id":"L01182","strahler":2,"length_m":233.1,"drop_m":3.47,"gradient":0.01488,"area_ha":13.5,"on_drain_share":0.0,"downstream":"L01186"}},{"type":"Feature","geometry":{"type":"LineString","coordinates":[[80.2133376827298,12.982888389064152],[80.21324576649998,12.982797691418318],[80.21324661983071,12.982526435282207],[80.21297001821043,12.98252559830503],[80.21260235475748,12.982162807077142]]},"properties":{"id":"L01190","strahler":4,"length_m":130.7,"drop_m":0.26,"gradient":0.00201,"area_ha":487.63,"on_drain_share":0.0,"downstream":"L01242"}},{"type":"Feature","geometry":{"type":"LineString","coordinates":[[80.2298416384736,12.982937791917944],[80.22984275225724,12.982576115640342],[80.23002771086077,12.982395823545689],[80.23002826759821,12.98221498539269],[80.22956865627627,12.981761524702923],[80.22957060588354,12.981128591194118],[80.22911099732028,12.980675129816522],[80.22874219649692,12.980674036432202],[80.2285586326802,12.980402232371857],[80.2281906692705,12.98012988107273],[80.22791406931289,12.980129060138648],[80.22699486366284,12.979222131268981]]},"properties":{"id":"L01247","strahler":1,"length_m":601.8,"drop_m":4.71,"gradient":0.00783,"area_ha":15.32,"on_drain_share":0.0,"downstream":"L01282"}},{"type":"Feature","geometry":{"type":"LineString","coordinates":[[80.24357961967026,12.982978116313921],[80.24358044011396,12.98270685823573],[80.24385786406206,12.982436404565794],[80.24422694202605,12.982347057284104],[80.24478178716015,12.981806148094474],[80.24478206018333,12.981715728702392],[80.2458917428289,12.980633906278245],[80.24607641647573,12.980544021448509]]},"properties":{"id":"L01227","strahler":1,"length_m":405.3,"drop_m":0.64,"gradient":0.00158,"area_ha":9.36,"on_drain_share":0.0,"downstream":"L01214"}},{"type":"Feature","geometry":{"type":"LineString","coordinates":[[80.17185418556144,12.98077037514293],[80.17120669573141,12.9814012437624],[80.17120549726748,12.981762914876226],[80.17175689655737,12.982307184002375],[80.17175569880253,12.982668855141586],[80.17166349915459,12.98266856146909]]},"properties":{"id":"L01178","strahler":2,"length_m":273.8,"drop_m":2.36,"gradient":0.00862,"area_ha":18.88,"on_drain_share":0.0,"downstream":"L01171"}},{"type":"Feature","geometry":{"type":"LineString","coordinates":[[80.18079305227747,12.982154968561844],[80.18134447451325,12.982699218643035],[80.18254307318638,12.982702989226715],[80.18309804472705,12.982162219371066],[80.18328214891807,12.982253216602903],[80.18346654845,12.982253795658734],[80.18355904338473,12.98216366708192],[80.18402004209824,12.982165113975773],[80.18438795650614,12.982437525124084],[80.1849420396927,12.982168005312488],[80.18512702842943,12.981987747003565],[80.18531142785072,12.981988324739712],[80.18558714370926,12.982260445405228],[80.18595564870401,12.98235201822733],[80.18614063689886,12.982171759164558],[80.18669383573634,12.982173489848904],[80.18687882329144,12.981993230219185],[80.18780082090993,12.981996111383603],[80.1878933142765,12.981905981165006],[80.1881699135121,12.981906844772823]]},"properties":{"id":"L01195","strahler":3,"length_m":928.4,"drop_m":0.43,"gradient":0.00046,"area_ha":59.83,"on_drain_share":0.0,"downstream":"L01208"}},{"type":"Feature","geometry":{"type":"LineString","coordinates":[[80.196649685824,12.9827469510741],[80.19664997626838,12.982656532728]]},"properties":{"id":"L01181","strahler":3,"length_m":10.0,"drop_m":0.0,"gradient":0.0,"area_ha":92.27,"on_drain_share":0.0,"downstream":"L01228"}},{"type":"Feature","geometry":{"type":"LineString","coordinates":[[80.25989956214667,12.982934655788377],[80.26017696969726,12.982664183764786],[80.26017750464759,12.982483344354067],[80.2603629773408,12.982122190052785],[80.26027104336208,12.982031508094526],[80.26027157821743,12.981850668671171],[80.25999577686893,12.981578622626698],[80.25999684693092,12.98121694378746],[80.25935304592859,12.980672588387128],[80.25907644337273,12.98067180055874],[80.25898397465798,12.980761957577684],[80.25797003333184,12.980668646304148],[80.25732650681925,12.980033866513736]]},"properties":{"id":"L01232","strahler":1,"length_m":579.4,"drop_m":2.73,"gradient":0.00471,"area_ha":15.22,"on_drain_share":0.0,"downstream":"L01250"}},{"type":"Feature","geometry":{"type":"LineString","coordinates":[[80.1792241745313,12.982602116126023],[80.17940857413272,12.982602698074459],[80.17987105568967,12.982152062519184],[80.18079305227747,12.982154968561844]]},"properties":{"id":"L01186","strahler":3,"length_m":190.7,"drop_m":1.4,"gradient":0.00737,"area_ha":39.47,"on_drain_share":0.0,"downstream":"L01195"}},{"type":"Feature","geometry":{"type":"LineString","coordinates":[[80.19664997626838,12.982656532728],[80.19775985940993,12.981574927838828],[80.19767055995993,12.980670459611744],[80.19804051757832,12.980309923483212]]},"properties":{"id":"L01228","strahler":3,"length_m":330.4,"drop_m":-0.68,"gradient":0.0,"area_ha":103.38,"on_drain_share":0.0,"downstream":"L01240"}},{"type":"Feature","geometry":{"type":"LineString","coordinates":[[80.2245873028653,12.982560498094218],[80.2245881438796,12.982289241216678],[80.225141628289,12.982200471161363],[80.22541879041691,12.98202045721433],[80.22542047055055,12.981477943323931],[80.2252366298649,12.981296556086715],[80.22523719001731,12.981115718123558]]},"properties":{"id":"L01213","strahler":1,"length_m":240.7,"drop_m":3.72,"gradient":0.01544,"area_ha":8.24,"on_drain_share":0.0,"downstream":"L01216"}},{"type":"Feature","geometry":{"type":"LineString","coordinates":[[80.2176728140627,12.982358949294989],[80.21767366256238,12.982087692860992],[80.21776614583881,12.98199755139471]]},"properties":{"id":"L01193","strahler":1,"length_m":44.1,"drop_m":-0.02,"gradient":0.0,"area_ha":4.47,"on_drain_share":0.0,"downstream":"L01236"}},{"type":"Feature","geometry":{"type":"LineString","coordinates":[[80.23685058056883,12.982415935418013],[80.23694305745971,12.98232578675156],[80.23731186142943,12.982326868642861],[80.23740433812871,12.982236719800682],[80.23768066543253,12.982327950011252],[80.23786561851452,12.982147652012662],[80.23786616957412,12.981966813523432],[80.23768231901118,12.981785434566921],[80.23768287018738,12.98160459608041],[80.23786782270282,12.981424298040556],[80.23832910145579,12.981335229332545],[80.23860625391298,12.98115520073347],[80.23943605933053,12.981157628731792],[80.23980376253914,12.981520384154429],[80.23998816404917,12.981520923104231],[80.24008063952377,12.981430773234761],[80.24109484763383,12.981433734741254],[80.2411873226981,12.981343584453793],[80.24321601256348,12.981259075480068],[80.24349343518773,12.980988622102394],[80.24450764230882,12.980991570202056],[80.24459956989531,12.981082257408334],[80.24506057339181,12.981083595992729],[80.24543046730737,12.980722988625702]]},"properties":{"id":"L01223","strahler":2,"length_m":1121.8,"drop_m":3.72,"gradient":0.00332,"area_ha":39.97,"on_drain_share":0.0,"downstream":"L01230"}},{"type":"Feature","geometry":{"type":"LineString","coordinates":[[80.2492977371244,12.982452164930521],[80.24837925666883,12.981274048625663]]},"properties":{"id":"L01211","strahler":1,"length_m":171.4,"drop_m":0.07,"gradient":0.00041,"area_ha":5.57,"on_drain_share":0.0,"downstream":"L01221"}},{"type":"Feature","geometry":{"type":"LineString","coordinates":[[80.18992083054995,12.982183562059635],[80.19001332327221,12.982093431047193]]},"properties":{"id":"L01187","strahler":1,"length_m":14.1,"drop_m":0.0,"gradient":0.0,"area_ha":5.96,"on_drain_share":0.0,"downstream":"L01209"}},{"type":"Feature","geometry":{"type":"LineString","coordinates":[[80.23362382323751,12.98231602619884],[80.2333483291674,12.981953534314073]]},"properties":{"id":"L01196","strahler":1,"length_m":52.4,"drop_m":-0.36,"gradient":0.0,"area_ha":7.04,"on_drain_share":0.0,"downstream":"L01256"}},{"type":"Feature","geometry":{"type":"LineString","coordinates":[[80.24828379473001,12.98235881572491],[80.24828488179443,12.981997137875652],[80.24819295247991,12.981906451886731]]},"properties":{"id":"L01199","strahler":1,"length_m":54.1,"drop_m":0.03,"gradient":0.00055,"area_ha":5.85,"on_drain_share":0.0,"downstream":"L01206"}},{"type":"Feature","geometry":{"type":"LineString","coordinates":[[80.18070114880479,12.982064260113011],[80.18079305227747,12.982154968561844]]},"properties":{"id":"L01191","strahler":1,"length_m":14.1,"drop_m":0.0,"gradient":0.0,"area_ha":5.44,"on_drain_share":0.0,"downstream":"L01195"}},{"type":"Feature","geometry":{"type":"LineString","coordinates":[[80.19001332327221,12.982093431047193],[80.19019860127402,12.98182275070228],[80.19001449457205,12.98173175823426],[80.18973906706752,12.981369223801353],[80.18946246831854,12.981368361897424],[80.18918674891422,12.981096245131278]]},"properties":{"id":"L01209","strahler":2,"length_m":187.3,"drop_m":0.09,"gradient":0.00046,"area_ha":17.39,"on_drain_share":0.0,"downstream":"L01222"}},{"type":"Feature","geometry":{"type":"LineString","coordinates":[[80.21260235475748,12.982162807077142],[80.21241880815717,12.981890992588406],[80.21232974008089,12.980896107639673],[80.21177853507821,12.98026150078635],[80.21177910491318,12.980080663391751],[80.21196407382885,12.979900384745127],[80.2119654980238,12.979448291221084],[80.21187358351047,12.979357593167526]]},"properties":{"id":"L01242","strahler":4,"length_m":359.7,"drop_m":1.47,"gradient":0.00409,"area_ha":521.87,"on_drain_share":0.0,"downstream":"L01244"}},{"type":"Feature","geometry":{"type":"LineString","coordinates":[[80.1881699135121,12.981906844772823],[80.18835489985871,12.981726584014744],[80.18863149892766,12.98172744711994],[80.18918674891422,12.981096245131278]]},"properties":{"id":"L01208","strahler":3,"length_m":153.1,"drop_m":0.42,"gradient":0.00273,"area_ha":99.93,"on_drain_share":0.0,"downstream":"L01222"}},{"type":"Feature","geometry":{"type":"LineString","coordinates":[[80.21776614583881,12.98199755139471],[80.21795139491428,12.981726849529736],[80.21795478741804,12.980641823634432],[80.21813975258237,12.980461540372353],[80.21814031782787,12.980280702703748],[80.21823280023916,12.980190561011497],[80.2182333654052,12.980009723335101],[80.21804981389002,12.979737912517033],[80.21786569735706,12.979646939254549]]},"properties":{"id":"L01236","strahler":2,"length_m":303.1,"drop_m":-1.3,"gradient":0.0,"area_ha":26.15,"on_drain_share":0.0,"downstream":"L01245"}},{"type":"Feature","geometry":{"type":"LineString","coordinates":[[80.20873079825704,12.981879797507004],[80.20882357050769,12.981699240778525],[80.20919237108417,12.981700362492752],[80.20946839996046,12.981882040706328],[80.20974500063494,12.981882881366854],[80.21002217250778,12.981702884438013],[80.21048317337434,12.981704284374933],[80.21066842978844,12.981433588130988],[80.21094560053818,12.981253590144885],[80.21103979697885,12.980620939130082],[80.21159470569917,12.980080104502493],[80.21159527565878,12.979899267113405],[80.21187272890649,12.979628849279715],[80.21187358351047,12.979357593167526]]},"properties":{"id":"L01241","strahler":1,"length_m":548.7,"drop_m":2.42,"gradient":0.00441,"area_ha":14.61,"on_drain_share":0.0,"downstream":"L01244"}},{"type":"Feature","geometry":{"type":"LineString","coordinates":[[80.23251990956881,12.981498991077903],[80.23279651134173,12.981499807198709],[80.23325612839513,12.981953262492775],[80.2333483291674,12.981953534314073]]},"properties":{"id":"L01197","strahler":1,"length_m":110.7,"drop_m":0.28,"gradient":0.00256,"area_ha":5.87,"on_drain_share":0.0,"downstream":"L01256"}},{"type":"Feature","geometry":{"type":"LineString","coordinates":[[80.2333483291674,12.981953534314073],[80.23371824037001,12.981592944637534],[80.23408731986508,12.981503611873594],[80.23436475208626,12.981233168801936],[80.23547115859468,12.981236423607015],[80.23574858909181,12.98096597895364],[80.23574997042154,12.980513882908696],[80.23584244694356,12.980423734603557],[80.23565859900066,12.980242354339609],[80.23565942785454,12.9799710967052],[80.23474019307513,12.979064193660689],[80.23446387056165,12.978972960563276],[80.23418810183956,12.97870088880409]]},"properties":{"id":"L01256","strahler":2,"length_m":646.0,"drop_m":3.74,"gradient":0.00579,"area_ha":22.97,"on_drain_share":0.0,"downstream":"L01309"}},{"type":"Feature","geometry":{"type":"LineString","coordinates":[[80.17646383826944,12.980875431156155],[80.17655454901374,12.98132781260846],[80.17692334609866,12.981328980047913],[80.17710804213014,12.98123914565598],[80.17747564975336,12.981601983994928],[80.17766004853627,12.981602567139053],[80.17784385289002,12.981783986011528]]},"properties":{"id":"L01200","strahler":1,"length_m":223.1,"drop_m":3.96,"gradient":0.01773,"area_ha":6.11,"on_drain_share":0.0,"downstream":"L01182"}},{"type":"Feature","geometry":{"type":"LineString","coordinates":[[80.17812371949354,12.980790262973652],[80.17793932128791,12.980789680194079],[80.17775432862699,12.980969933150082],[80.17784385289002,12.981783986011528]]},"properties":{"id":"L01201","strahler":1,"length_m":142.4,"drop_m":0.87,"gradient":0.00611,"area_ha":5.66,"on_drain_share":0.0,"downstream":"L01182"}},{"type":"Feature","geometry":{"type":"LineString","coordinates":[[80.24819295247991,12.981906451886731],[80.24819376785042,12.981635193496997],[80.24810183869634,12.981544507482457],[80.24828678407799,12.981364201615078]]},"properties":{"id":"L01206","strahler":2,"length_m":72.4,"drop_m":-0.47,"gradient":0.0,"area_ha":55.62,"on_drain_share":0.0,"downstream":"L01210"}},{"type":"Feature","geometry":{"type":"LineString","coordinates":[[80.22293021708198,12.981741773848299],[80.22320766095224,12.981471343377478],[80.22366866285105,12.981472719918598],[80.22376114385186,12.981382576180456],[80.22376198568311,12.981111319331688],[80.22385418593808,12.98111159450127],[80.22422410872471,12.980751019005963],[80.22450070912797,12.98075184390273],[80.22505250930404,12.981205587710013],[80.22523719001731,12.981115718123558]]},"properties":{"id":"L01212","strahler":1,"length_m":338.0,"drop_m":2.58,"gradient":0.00762,"area_ha":11.84,"on_drain_share":0.0,"downstream":"L01216"}},{"type":"Feature","geometry":{"type":"LineString","coordinates":[[80.25335648579403,12.98183090738926],[80.25335810530736,12.981288389957696],[80.25354331675258,12.981017660552316],[80.25354466592698,12.980565562646719],[80.25363713641694,12.980475407662725],[80.25364145286612,12.979028694217867]]},"properties":{"id":"L01249","strahler":5,"length_m":322.4,"drop_m":0.95,"gradient":0.00295,"area_ha":850.1,"on_drain_share":0.0,"downstream":"L01267"}},{"type":"Feature","geometry":{"type":"LineString","coordinates":[[80.26792508773624,12.981601063923428],[80.26829309968463,12.981873361452053],[80.26866269880512,12.981603139197889]]},"properties":{"id":"L01204","strahler":1,"length_m":110.7,"drop_m":3.8,"gradient":0.03433,"area_ha":5.1,"on_drain_share":0.0,"downstream":null}},{"type":"Feature","geometry":{"type":"LineString","coordinates":[[80.19388775927945,12.981472535361299],[80.19397995899969,12.981472821128792],[80.19490486669152,12.980571493818193],[80.19527366434988,12.980572635172068],[80.1955493902292,12.980844745850638],[80.19582598881578,12.980845601247335]]},"properties":{"id":"L01218","strahler":1,"length_m":263.8,"drop_m":2.06,"gradient":0.00781,"area_ha":7.42,"on_drain_share":0.0,"downstream":"L01239"}},{"type":"Feature","geometry":{"type":"LineString","coordinates":[[80.22625027446483,12.981480413450955],[80.22606587358015,12.981479864762596],[80.22597423276872,12.981298752377148],[80.22579011190739,12.981207784507486],[80.22551351091523,12.981206960953525],[80.2254221506079,12.980935429410728]]},"properties":{"id":"L01217","strahler":1,"length_m":132.4,"drop_m":1.54,"gradient":0.0116,"area_ha":4.92,"on_drain_share":0.0,"downstream":"L01243"}},{"type":"Feature","geometry":{"type":"LineString","coordinates":[[80.17942162566156,12.978624307271923],[80.17923633905343,12.978894979452614],[80.17997125904539,12.979711067726022],[80.18024785530598,12.979711939614399],[80.18034035033293,12.979621812178133],[80.1807079606981,12.979984646130651],[80.18116895506643,12.979986097839001],[80.18144466407335,12.98025822253881],[80.18255105206579,12.980261702204976],[80.1828285352559,12.979991317225497],[80.1832877585777,12.980535273554834],[80.18365655511812,12.980536431377368],[80.18393226756449,12.980808553625641],[80.18393167756506,12.980989389772116],[80.1840235819093,12.981080097132812],[80.1842998850926,12.98117138288198],[80.18448487348246,12.980991124999955],[80.18466838792324,12.981262957412744]]},"properties":{"id":"L01205","strahler":1,"length_m":815.0,"drop_m":2.85,"gradient":0.00349,"area_ha":19.25,"on_drain_share":0.0,"downstream":null}},{"type":"Feature","geometry":{"type":"LineString","coordinates":[[80.19536353682597,12.981296267066682],[80.19582598881578,12.980845601247335]]},"properties":{"id":"L01215","strahler":1,"length_m":70.7,"drop_m":0.47,"gradient":0.0067,"area_ha":4.64,"on_drain_share":0.0,"downstream":"L01239"}},{"type":"Feature","geometry":{"type":"LineString","coordinates":[[80.21786569735706,12.979646939254549],[80.21777349777378,12.979646661992824],[80.21694653190113,12.978739977001224],[80.21666993422144,12.978739144197766],[80.21500524129551,12.980361679098213],[80.21482084173093,12.98036112248421],[80.21463587439285,12.980541403254822],[80.21463445490004,12.98099349703203],[80.2142645187148,12.981354058072636],[80.21352890784746,12.980718897458278],[80.21353004501958,12.980357222526472],[80.21307075298948,12.979813315775825],[80.21288635391505,12.979812757813532],[80.21279443892234,12.979722060061105],[80.21261003992747,12.979721501906784],[80.21251755579203,12.979811641496848],[80.21187415323567,12.97917675575623]]},"properties":{"id":"L01245","strahler":2,"length_m":983.7,"drop_m":1.33,"gradient":0.00135,"area_ha":59.31,"on_drain_share":0.0,"downstream":"L01255"}},{"type":"Feature","geometry":{"type":"LineString","coordinates":[[80.24828678407799,12.981364201615078],[80.24837925666883,12.981274048625663]]},"properties":{"id":"L01210","strahler":3,"length_m":14.1,"drop_m":0.0,"gradient":0.0,"area_ha":127.68,"on_drain_share":0.0,"downstream":"L01221"}},{"type":"Feature","geometry":{"type":"LineString","coordinates":[[80.18918674891422,12.981096245131278],[80.1897417031824,12.980555459968175]]},"properties":{"id":"L01222","strahler":3,"length_m":84.9,"drop_m":1.21,"gradient":0.01429,"area_ha":117.59,"on_drain_share":0.0,"downstream":"L01262"}},{"type":"Feature","geometry":{"type":"LineString","coordinates":[[80.24607641647573,12.980544021448509],[80.24644549099565,12.980454670808149],[80.2470900780715,12.980727798273561],[80.2474588805542,12.980728865646359],[80.24782713926615,12.980910771420733],[80.24828678407799,12.981364201615078]]},"properties":{"id":"L01214","strahler":2,"length_m":285.6,"drop_m":-0.77,"gradient":0.0,"area_ha":62.54,"on_drain_share":0.0,"downstream":"L01210"}},{"type":"Feature","geometry":{"type":"LineString","coordinates":[[80.24837925666883,12.981274048625663],[80.2485642016506,12.981093742535379],[80.24865721724954,12.980822750476818]]},"properties":{"id":"L01221","strahler":3,"length_m":62.4,"drop_m":1.32,"gradient":0.02108,"area_ha":133.44,"on_drain_share":0.0,"downstream":"L01231"}},{"type":"Feature","geometry":{"type":"LineString","coordinates":[[80.22523719001731,12.981115718123558],[80.2254221506079,12.980935429410728]]},"properties":{"id":"L01216","strahler":2,"length_m":28.3,"drop_m":-0.64,"gradient":0.0,"area_ha":20.34,"on_drain_share":0.0,"downstream":"L01243"}},{"type":"Feature","geometry":{"type":"LineString","coordinates":[[80.18771243853365,12.980820387399767],[80.188265634599,12.980822114564198],[80.18845091338967,12.980551435494434],[80.1887275111658,12.980552298420818],[80.1890032294772,12.980824415620221],[80.18918762821895,12.98082499055746],[80.18946510533307,12.980554598120095],[80.1897417031824,12.980555459968175]]},"properties":{"id":"L01225","strahler":1,"length_m":263.1,"drop_m":2.63,"gradient":0.01,"area_ha":5.74,"on_drain_share":0.0,"downstream":"L01262"}},{"type":"Feature","geometry":{"type":"LineString","coordinates":[[80.19582598881578,12.980845601247335],[80.19693586679413,12.979763999464613],[80.19684453854555,12.97949245966652],[80.19712200631456,12.979222058459138],[80.1973986032141,12.979222912078663],[80.1975824211005,12.979404317775707],[80.19804312646659,12.97949615791486],[80.19813503571842,12.979586860567856],[80.19832001349737,12.979406592166836]]},"properties":{"id":"L01239","strahler":2,"length_m":401.1,"drop_m":-1.32,"gradient":0.0,"area_ha":19.44,"on_drain_share":0.0,"downstream":"L01237"}},{"type":"Feature","geometry":{"type":"LineString","coordinates":[[80.2254221506079,12.980935429410728],[80.22542299060797,12.980664172445572],[80.22579263070803,12.980394013540865],[80.22680683121015,12.980397030526943],[80.2268993107248,12.980306885579184],[80.226899590179,12.980216466555397],[80.2272695074295,12.979855886381394],[80.22727006604806,12.979675048311062],[80.22690238460459,12.979312276282666]]},"properties":{"id":"L01243","strahler":2,"length_m":349.7,"drop_m":2.72,"gradient":0.00779,"area_ha":27.35,"on_drain_share":0.0,"downstream":"L01246"}},{"type":"Feature","geometry":{"type":"LineString","coordinates":[[80.17121598259666,12.978598292286174],[80.17103158632897,12.97859770470675],[80.17075409281108,12.978868076456148],[80.17075319365729,12.979139329814002],[80.17112018940482,12.979683012034377],[80.17167158419589,12.980227281139559],[80.17185418556144,12.98077037514293]]},"properties":{"id":"L01219","strahler":1,"length_m":322.1,"drop_m":2.31,"gradient":0.00717,"area_ha":10.55,"on_drain_share":0.0,"downstream":"L01178"}},{"type":"Feature","geometry":{"type":"LineString","coordinates":[[80.172316676298,12.980319753574296],[80.17185418556144,12.98077037514293]]},"properties":{"id":"L01220","strahler":1,"length_m":70.7,"drop_m":-2.7,"gradient":0.0,"area_ha":5.73,"on_drain_share":0.0,"downstream":"L01178"}},{"type":"Feature","geometry":{"type":"LineString","coordinates":[[80.24865721724954,12.980822750476818],[80.24810537216112,12.980369054411158],[80.2481061875267,12.9800977959949]]},"properties":{"id":"L01231","strahler":3,"length_m":110.7,"drop_m":-0.5,"gradient":0.0,"area_ha":141.7,"on_drain_share":0.0,"downstream":null}},{"type":"Feature","geometry":{"type":"LineString","coordinates":[[80.24994911156443,12.980464798213248],[80.24976389681694,12.98073552488051],[80.24865721724954,12.980822750476818]]},"properties":{"id":"L01224","strahler":1,"length_m":162.4,"drop_m":0.25,"gradient":0.00156,"area_ha":6.79,"on_drain_share":0.0,"downstream":"L01231"}},{"type":"Feature","geometry":{"type":"LineString","coordinates":[[80.1897417031824,12.980555459968175],[80.19029665505161,12.980014673457],[80.19057325236105,12.98001553438563],[80.19094263369068,12.979835845357337],[80.19112703179249,12.97983641887673],[80.19140275212915,12.980108533654308],[80.19167934961821,12.980109393412848],[80.19186316372233,12.980290802934997],[80.19223283663597,12.980020693781917],[80.19241723493296,12.980021266394678],[80.19260250876543,12.979750584050851],[80.19168373208313,12.978753119545178],[80.1916843163742,12.978572283018718],[80.19196149626637,12.978392305836591]]},"properties":{"id":"L01262","strahler":3,"length_m":604.3,"drop_m":1.2,"gradient":0.00199,"area_ha":131.89,"on_drain_share":0.0,"downstream":"L01319"}},{"type":"Feature","geometry":{"type":"LineString","coordinates":[[80.24404909840689,12.98017645618304],[80.24423349910806,12.980176992068394],[80.24487726386792,12.980721383056927],[80.24543046730737,12.980722988625702]]},"properties":{"id":"L01226","strahler":1,"length_m":174.9,"drop_m":0.29,"gradient":0.00165,"area_ha":6.92,"on_drain_share":0.0,"downstream":"L01230"}},{"type":"Feature","geometry":{"type":"LineString","coordinates":[[80.24543046730737,12.980722988625702],[80.24607641647573,12.980544021448509]]},"properties":{"id":"L01230","strahler":2,"length_m":78.3,"drop_m":0.37,"gradient":0.00474,"area_ha":47.67,"on_drain_share":0.0,"downstream":"L01214"}},{"type":"Feature","geometry":{"type":"LineString","coordinates":[[80.19822433670886,12.980491328785414],[80.19804051757832,12.980309923483212]]},"properties":{"id":"L01229","strahler":1,"length_m":28.3,"drop_m":-0.48,"gradient":0.0,"area_ha":4.15,"on_drain_share":0.0,"downstream":"L01240"}},{"type":"Feature","geometry":{"type":"LineString","coordinates":[[80.19804051757832,12.980309923483212],[80.19804196698263,12.97985783150713],[80.19822694503688,12.979677563191633],[80.19832001349737,12.979406592166836]]},"properties":{"id":"L01240","strahler":3,"length_m":112.4,"drop_m":1.6,"gradient":0.01419,"area_ha":108.38,"on_drain_share":0.0,"downstream":"L01237"}},{"type":"Feature","geometry":{"type":"LineString","coordinates":[[80.25732650681925,12.980033866513736],[80.2564071888942,12.97912703573275],[80.25548518676014,12.979124398360225],[80.2552077785583,12.979394865389736],[80.25446990677592,12.979483171918998],[80.25410218394106,12.979120436175023],[80.25373338326682,12.979119378350688],[80.25364145286612,12.979028694217867]]},"properties":{"id":"L01250","strahler":2,"length_m":478.7,"drop_m":0.94,"gradient":0.00196,"area_ha":63.26,"on_drain_share":0.0,"downstream":"L01267"}},{"type":"Feature","geometry":{"type":"LineString","coordinates":[[80.26055673553745,12.97895802399952],[80.26009439715864,12.979408811728298],[80.2590801928293,12.979405924753124],[80.25880412749527,12.979224297310505],[80.25806437968491,12.979945551916954],[80.25751117636128,12.979943973312043],[80.25732650681925,12.980033866513736]]},"properties":{"id":"L01233","strahler":2,"length_m":416.3,"drop_m":1.29,"gradient":0.00309,"area_ha":34.37,"on_drain_share":0.0,"downstream":"L01250"}},{"type":"Feature","geometry":{"type":"LineString","coordinates":[[80.220538922719,12.97983580341228],[80.21980358109695,12.979110240940043],[80.2192503845594,12.979108581068282],[80.21906542120708,12.979288865241271],[80.21860414140784,12.979377899621184],[80.21841917740628,12.979558183293065],[80.21786569735706,12.979646939254549]]},"properties":{"id":"L01238","strahler":1,"length_m":348.0,"drop_m":-0.64,"gradient":0.0,"area_ha":13.87,"on_drain_share":0.0,"downstream":"L01245"}},{"type":"Feature","geometry":{"type":"LineString","coordinates":[[80.19832001349737,12.979406592166836],[80.19859747966603,12.979136189284805],[80.19859805897751,12.978955352455243],[80.19905905349682,12.978956772346592],[80.19915096295252,12.979047474654214],[80.1993353608466,12.979048042320791],[80.19970328888334,12.979320432576968],[80.2010868525198,12.97914384710477],[80.20117876281883,12.979234548741335],[80.20145536000753,12.979235398048052],[80.20173109162393,12.979507502506651],[80.2021917991462,12.979599335395745]]},"properties":{"id":"L01237","strahler":3,"length_m":498.0,"drop_m":4.13,"gradient":0.0083,"area_ha":132.46,"on_drain_share":0.0,"downstream":"L01251"}},{"type":"Feature","geometry":{"type":"LineString","coordinates":[[80.2021917991462,12.979599335395745],[80.20246897334157,12.979419346654046],[80.20274557082189,12.979420194600715],[80.20311494355246,12.979240487713176],[80.20339240465195,12.978970079399938],[80.20385368749297,12.978881072264574],[80.20394646191751,12.978700517373976]]},"properties":{"id":"L01251","strahler":3,"length_m":237.3,"drop_m":0.48,"gradient":0.00203,"area_ha":200.2,"on_drain_share":0.0,"downstream":"L01284"}},{"type":"Feature","geometry":{"type":"LineString","coordinates":[[80.18946862107303,12.97946957967045],[80.1899296155006,12.97947101579643],[80.19002239991859,12.979290466481642],[80.19002298543555,12.979109630037138],[80.18993107946511,12.979018924697096],[80.19002474193323,12.978567120688414],[80.19011694049446,12.978567407762243],[80.19057939602158,12.978116751437959],[80.19122478492376,12.978118758824222],[80.19150050359413,12.978390873428449],[80.19196149626637,12.978392305836591]]},"properties":{"id":"L01263","strahler":1,"length_m":405.6,"drop_m":3.46,"gradient":0.00853,"area_ha":10.87,"on_drain_share":0.0,"downstream":"L01319"}},{"type":"Feature","geometry":{"type":"LineString","coordinates":[[80.20735524521146,12.979524702358063],[80.20735581821035,12.97934386514702],[80.2080032167304,12.97871290073809],[80.20800436170862,12.97835122623403],[80.20782053654726,12.978169827494483],[80.20763613891849,12.978169265880085],[80.20708437890215,12.977715487203287]]},"properties":{"id":"L01275","strahler":1,"length_m":288.0,"drop_m":0.97,"gradient":0.00337,"area_ha":9.45,"on_drain_share":0.0,"downstream":"L01287"}},{"type":"Feature","geometry":{"type":"LineString","coordinates":[[80.2672852403393,12.97970042920519],[80.26747043599244,12.979429688973832],[80.26793276184961,12.978978887423724],[80.26802496225989,12.978979146893225]]},"properties":{"id":"L01253","strahler":1,"length_m":119.0,"drop_m":3.92,"gradient":0.03297,"area_ha":4.28,"on_drain_share":0.0,"downstream":null}},{"type":"Feature","geometry":{"type":"LineString","coordinates":[[80.21187358351047,12.979357593167526],[80.21187415323567,12.97917675575623]]},"properties":{"id":"L01244","strahler":4,"length_m":20.0,"drop_m":-0.4,"gradient":0.0,"area_ha":536.56,"on_drain_share":0.0,"downstream":"L01255"}},{"type":"Feature","geometry":{"type":"LineString","coordinates":[[80.22690238460459,12.979312276282666],[80.22699486366284,12.979222131268981]]},"properties":{"id":"L01246","strahler":2,"length_m":14.1,"drop_m":0.0,"gradient":0.0,"area_ha":38.68,"on_drain_share":0.0,"downstream":"L01282"}},{"type":"Feature","geometry":{"type":"LineString","coordinates":[[80.24017998128296,12.97908014067418],[80.2383362597603,12.978984328374025],[80.23824378464802,12.979074477655274],[80.23778278558461,12.979073127193656],[80.23741315947933,12.979343304000729],[80.2363067608407,12.979340057921691],[80.23621483703363,12.979249367973852],[80.23547723839161,12.979247201061431],[80.23520146821998,12.978975130304121],[80.2349248690824,12.978974316896354],[80.23464882320943,12.978792664797444],[80.23418810183956,12.97870088880409]]},"properties":{"id":"L01260","strahler":1,"length_m":699.7,"drop_m":1.98,"gradient":0.00283,"area_ha":16.45,"on_drain_share":0.0,"downstream":"L01309"}},{"type":"Feature","geometry":{"type":"LineString","coordinates":[[80.26350581351666,12.979418493447481],[80.26332194510077,12.979237131670512],[80.26313754428723,12.979236609354789],[80.26276980853773,12.978873885199949],[80.26249320775658,12.9788731011118],[80.26240127409177,12.978782419906858],[80.26175560576229,12.978871008772423]]},"properties":{"id":"L01258","strahler":1,"length_m":223.1,"drop_m":1.65,"gradient":0.00739,"area_ha":8.98,"on_drain_share":0.0,"downstream":"L01252"}},{"type":"Feature","geometry":{"type":"LineString","coordinates":[[80.20523581081463,12.979156557208368],[80.20523782157574,12.97852362726707],[80.20560719136633,12.97834391664733],[80.20634707673402,12.977622819356112],[80.20644042245642,12.977261426228013]]},"properties":{"id":"L01285","strahler":1,"length_m":275.6,"drop_m":2.71,"gradient":0.00985,"area_ha":8.08,"on_drain_share":0.0,"downstream":"L01286"}},{"type":"Feature","geometry":{"type":"LineString","coordinates":[[80.21187415323567,12.97917675575623],[80.21150678108197,12.978723544559124],[80.21132238288041,12.9787229855342]]},"properties":{"id":"L01255","strahler":4,"length_m":86.6,"drop_m":0.68,"gradient":0.00788,"area_ha":596.49,"on_drain_share":0.0,"downstream":"L01281"}},{"type":"Feature","geometry":{"type":"LineString","coordinates":[[80.22441804019164,12.977677323727853],[80.22497011385529,12.978040648427754],[80.22561354881488,12.978675503550242],[80.22589014701461,12.978676326840155],[80.2263500255713,12.97903937442361],[80.22662662422164,12.979040196953084],[80.22690238460459,12.979312276282666]]},"properties":{"id":"L01248","strahler":1,"length_m":344.6,"drop_m":1.51,"gradient":0.00438,"area_ha":10.39,"on_drain_share":0.0,"downstream":"L01246"}},{"type":"Feature","geometry":{"type":"LineString","coordinates":[[80.22699486366284,12.979222131268981],[80.22764249435235,12.978500696078537],[80.22755141167882,12.978138746101097],[80.22792132479609,12.977778164717334],[80.22801352391363,12.977778438343462],[80.22847312535806,12.978231901349748],[80.22865752395373,12.978232448196993],[80.22875000199399,12.978142302493831],[80.22875055946619,12.977961464336381],[80.22948815315056,12.97796365010992],[80.22967199478681,12.978145034423402],[80.22985639337067,12.978145580417268],[80.2305962122985,12.977424410126265]]},"properties":{"id":"L01282","strahler":2,"length_m":586.0,"drop_m":1.49,"gradient":0.00255,"area_ha":62.06,"on_drain_share":0.0,"downstream":"L01308"}},{"type":"Feature","geometry":{"type":"LineString","coordinates":[[80.17499521354416,12.97888156252042],[80.1753651990547,12.978521060379713],[80.175368477356,12.977526463496577]]},"properties":{"id":"L01279","strahler":1,"length_m":166.6,"drop_m":0.38,"gradient":0.00229,"area_ha":7.68,"on_drain_share":0.0,"downstream":"L01311"}},{"type":"Feature","geometry":{"type":"LineString","coordinates":[[80.25364145286612,12.979028694217867],[80.25364334114825,12.978395757034791],[80.25355141103311,12.978305072881383]]},"properties":{"id":"L01267","strahler":5,"length_m":84.1,"drop_m":-0.29,"gradient":0.0,"area_ha":913.83,"on_drain_share":0.0,"downstream":null}},{"type":"Feature","geometry":{"type":"LineString","coordinates":[[80.1814520604654,12.97799777180703],[80.18200317997453,12.978632438247523],[80.18310956093181,12.978635915110386],[80.18320146414794,12.9787266227087],[80.18329366261112,12.978726912204325],[80.18366363665262,12.978366397526242],[80.18366422672244,12.978185561355499],[80.18375671999516,12.978095432586862],[80.18440210774584,12.978097456895922],[80.18458591486704,12.978278871189582],[80.18477031152949,12.978279449147221],[80.18486280446479,12.97818931996428]]},"properties":{"id":"L01264","strahler":1,"length_m":462.1,"drop_m":2.37,"gradient":0.00514,"area_ha":14.79,"on_drain_share":0.0,"downstream":"L01272"}},{"type":"Feature","geometry":{"type":"LineString","coordinates":[[80.23123716024095,12.978873024234739],[80.23096167327924,12.978510530132127],[80.23050067604272,12.978509166823414],[80.23031711169428,12.978237363941398],[80.23031850253787,12.977785268379014]]},"properties":{"id":"L01277","strahler":1,"length_m":190.7,"drop_m":1.42,"gradient":0.00744,"area_ha":5.27,"on_drain_share":0.0,"downstream":"L01283"}},{"type":"Feature","geometry":{"type":"LineString","coordinates":[[80.26175560576229,12.978871008772423],[80.26166313866199,12.978961166844146],[80.26147900504776,12.97887022360604],[80.26055673553745,12.97895802399952]]},"properties":{"id":"L01252","strahler":2,"length_m":142.4,"drop_m":2.65,"gradient":0.01857,"area_ha":21.43,"on_drain_share":0.0,"downstream":"L01233"}},{"type":"Feature","geometry":{"type":"LineString","coordinates":[[80.19196149626637,12.978392305836591],[80.19233029044398,12.97839345117504],[80.19306992032548,12.977762812195836],[80.19353120347566,12.977673823443817],[80.1941748443364,12.9782183333836],[80.19426733406446,12.978128200654616],[80.19509712061075,12.978130769524688],[80.19528064513615,12.978402595064459],[80.19574163826067,12.978404020775162],[80.1960173624324,12.978676130892229],[80.19638615739778,12.978677270505296],[80.19666362467471,12.978406869746275],[80.19657200676559,12.978225748246599],[80.19666478601702,12.978045196236375],[80.19666681828144,12.977412267569651],[80.19703677215551,12.977051732582531],[80.19722116848293,12.977052301661862],[80.1974986330023,12.97678189982053],[80.19750153289883,12.975877715728252],[80.19833363000426,12.975156926379816]]},"properties":{"id":"L01319","strahler":3,"length_m":1075.7,"drop_m":0.8,"gradient":0.00074,"area_ha":167.14,"on_drain_share":0.0,"downstream":"L01280"}},{"type":"Feature","geometry":{"type":"LineString","coordinates":[[80.20173657337445,12.97778955125272],[80.20210421409654,12.978152356681603],[80.20228861146428,12.97815292221642],[80.20247243236707,12.978334324632948],[80.20274902864803,12.978335172506341],[80.20302620102258,12.978155183048887],[80.2035776662342,12.978699388477128],[80.20394646191751,12.978700517373976]]},"properties":{"id":"L01254","strahler":4,"length_m":298.0,"drop_m":2.1,"gradient":0.00706,"area_ha":391.09,"on_drain_share":0.0,"downstream":"L01284"}},{"type":"Feature","geometry":{"type":"LineString","coordinates":[[80.20394646191751,12.978700517373976],[80.20431525763568,12.978701645748078],[80.20459242940586,12.978521654584762],[80.20486902603704,12.978522500216066],[80.20607134175538,12.977350719581429],[80.20634793719172,12.977351563565492],[80.20644042245642,12.977261426228013]]},"properties":{"id":"L01284","strahler":4,"length_m":336.3,"drop_m":0.66,"gradient":0.00196,"area_ha":597.18,"on_drain_share":0.0,"downstream":"L01286"}},{"type":"Feature","geometry":{"type":"LineString","coordinates":[[80.21132238288041,12.9787229855342],[80.21095358650321,12.978721867092293],[80.21076975882212,12.97854047030346],[80.21077061454777,12.978269214240937],[80.21067870090063,12.97817851580675],[80.20984891103554,12.978175996627872],[80.20975699777429,12.978085297888526],[80.20957260012122,12.978084737650317],[80.20948011559614,12.978174876143392],[80.20920437643798,12.977902779469707],[80.20874366868134,12.977810959022317],[80.20791559794851,12.977265921955725],[80.20763900250147,12.977265079643804],[80.20717657753589,12.977715768212722],[80.20708437890215,12.977715487203287]]},"properties":{"id":"L01281","strahler":4,"length_m":572.8,"drop_m":0.73,"gradient":0.00128,"area_ha":612.89,"on_drain_share":0.0,"downstream":"L01287"}},{"type":"Feature","geometry":{"type":"LineString","coordinates":[[80.26055833906659,12.97841550555877],[80.26055727005526,12.978777184521801],[80.2606492030133,12.978867866342512],[80.26055673553745,12.97895802399952]]},"properties":{"id":"L01257","strahler":1,"length_m":68.3,"drop_m":0.64,"gradient":0.00932,"area_ha":5.49,"on_drain_share":0.0,"downstream":"L01233"}},{"type":"Feature","geometry":{"type":"LineString","coordinates":[[80.21206054530013,12.978544383421553],[80.21169203403132,12.978452847334234],[80.21132238288041,12.9787229855342]]},"properties":{"id":"L01259","strahler":1,"length_m":96.6,"drop_m":0.15,"gradient":0.00155,"area_ha":5.79,"on_drain_share":0.0,"downstream":"L01281"}},{"type":"Feature","geometry":{"type":"LineString","coordinates":[[80.23418810183956,12.97870088880409],[80.23308503294781,12.977612599121883],[80.23290174350569,12.977250378752437],[80.23244213527742,12.976796923188552],[80.23198197365004,12.97652430520788],[80.230970566509,12.975617117880223]]},"properties":{"id":"L01309","strahler":2,"length_m":502.5,"drop_m":-0.37,"gradient":0.0,"area_ha":52.97,"on_drain_share":0.0,"downstream":"L01351"}},{"type":"Feature","geometry":{"type":"LineString","coordinates":[[80.26360706266489,12.976344481023462],[80.26351459717976,12.976434639856658],[80.26333019842365,12.976434117788212],[80.26332966600964,12.976614957411867],[80.26323720032465,12.97670511613388],[80.26277620298005,12.976703810199528],[80.26268426996037,12.976613129116938],[80.26222193977391,12.977063921147119],[80.26222140653222,12.977244760716754],[80.26194400740887,12.97751523547495],[80.26194134001928,12.978419433209675],[80.26203300666343,12.97860053433481],[80.26175560576229,12.978871008772423]]},"properties":{"id":"L01261","strahler":1,"length_m":432.1,"drop_m":2.7,"gradient":0.00624,"area_ha":10.91,"on_drain_share":0.0,"downstream":"L01252"}},{"type":"Feature","geometry":{"type":"LineString","coordinates":[[80.26655161155377,12.97834205242187],[80.26673601184979,12.978342572282214],[80.26719568835958,12.978795970743137],[80.26738008901684,12.978796490164772],[80.26784267840819,12.978255268808454]]},"properties":{"id":"L01270","strahler":1,"length_m":191.4,"drop_m":7.54,"gradient":0.03937,"area_ha":5.12,"on_drain_share":0.0,"downstream":null}},{"type":"Feature","geometry":{"type":"LineString","coordinates":[[80.18615269850677,12.978464615945944],[80.18624519104688,12.978374486247192],[80.1864295878562,12.978375063032871],[80.18689175538533,12.978014831790167]]},"properties":{"id":"L01266","strahler":1,"length_m":100.7,"drop_m":1.44,"gradient":0.01432,"area_ha":4.96,"on_drain_share":0.0,"downstream":"L01293"}},{"type":"Feature","geometry":{"type":"LineString","coordinates":[[80.2471888092892,12.978557998197845],[80.24672917144531,12.978104566357826]]},"properties":{"id":"L01269","strahler":1,"length_m":70.7,"drop_m":-0.3,"gradient":0.0,"area_ha":4.45,"on_drain_share":0.0,"downstream":"L01292"}},{"type":"Feature","geometry":{"type":"LineString","coordinates":[[80.18486280446479,12.97818931996428],[80.18523277553973,12.977828802857868],[80.18578596464812,12.977830534904246]]},"properties":{"id":"L01272","strahler":2,"length_m":116.6,"drop_m":1.11,"gradient":0.00955,"area_ha":85.97,"on_drain_share":0.0,"downstream":"L01268"}},{"type":"Feature","geometry":{"type":"LineString","coordinates":[[80.18173959532913,12.974653173965962],[80.18210720099195,12.975016005763514],[80.18229159513558,12.975016585335027],[80.18284300605451,12.97556083179085],[80.1828421202415,12.975832086044873],[80.18256434657495,12.97619288947498],[80.18256346041524,12.976464143696914],[80.18293136510759,12.976736556430842],[80.18293106984306,12.976826974509997],[80.18339058312675,12.97728051237094],[80.18338999290177,12.97746134854186],[80.18348189582052,12.977552056029557],[80.184035084075,12.97755379176266],[80.18412757697459,12.977463662835994],[80.18486280446479,12.97818931996428]]},"properties":{"id":"L01265","strahler":2,"length_m":628.4,"drop_m":2.78,"gradient":0.00443,"area_ha":70.5,"on_drain_share":0.0,"downstream":"L01272"}},{"type":"Feature","geometry":{"type":"LineString","coordinates":[[80.20053683682339,12.978147544359436],[80.20072123411687,12.978148111005034],[80.20099840760444,12.97796812377869],[80.20127500338084,12.9779689731958],[80.20145997776514,12.97778870233788],[80.20173657337445,12.97778955125272]]},"properties":{"id":"L01274","strahler":1,"length_m":146.6,"drop_m":1.31,"gradient":0.00892,"area_ha":5.15,"on_drain_share":0.0,"downstream":"L01254"}},{"type":"Feature","geometry":{"type":"LineString","coordinates":[[80.18578596464812,12.977830534904246],[80.18587786861528,12.977921241602468],[80.18624695563305,12.977831977377836],[80.18643076398936,12.97801339043922],[80.18689175538533,12.978014831790167]]},"properties":{"id":"L01268","strahler":2,"length_m":136.6,"drop_m":0.42,"gradient":0.00305,"area_ha":90.71,"on_drain_share":0.0,"downstream":"L01293"}},{"type":"Feature","geometry":{"type":"LineString","coordinates":[[80.18689175538533,12.978014831790167],[80.18707673954616,12.977834571772169],[80.18726113599575,12.977835147944887],[80.18753861155079,12.977564757428546],[80.18781520596208,12.977565621129925],[80.18800018914581,12.977385360389999],[80.1882770767365,12.977295805393002],[80.188832023916,12.976755021633],[80.18920081539403,12.976756171265567],[80.18938579700553,12.976575909434812]]},"properties":{"id":"L01293","strahler":2,"length_m":336.3,"drop_m":2.33,"gradient":0.00693,"area_ha":99.43,"on_drain_share":0.0,"downstream":"L01318"}},{"type":"Feature","geometry":{"type":"LineString","coordinates":[[80.24672917144531,12.978104566357826],[80.24663697180424,12.978104299357984],[80.24590155500167,12.977378806636167],[80.24581017330596,12.977107281022924],[80.2456263200298,12.976925907494197]]},"properties":{"id":"L01292","strahler":2,"length_m":185.6,"drop_m":0.87,"gradient":0.00471,"area_ha":30.53,"on_drain_share":0.0,"downstream":"L01310"}},{"type":"Feature","geometry":{"type":"LineString","coordinates":[[80.24959685233219,12.974948143642871],[80.24978043620105,12.97521993401287],[80.2497796229673,12.975491192635191],[80.24987155066357,12.975581878010098],[80.2486694372566,12.976753873259117],[80.24848503888943,12.976753340656499],[80.24830118381178,12.976571968921354],[80.2481167855943,12.976571436065074],[80.24783937285885,12.976841895008684],[80.24783855741566,12.977113153476031],[80.2476536150467,12.977293459237416],[80.24765307126613,12.977474298202273],[80.24700577038088,12.978105367161323],[80.24672917144531,12.978104566357826]]},"properties":{"id":"L01271","strahler":1,"length_m":584.3,"drop_m":-0.02,"gradient":0.0,"area_ha":23.36,"on_drain_share":0.0,"downstream":"L01292"}},{"type":"Feature","geometry":{"type":"LineString","coordinates":[[80.25567254638624,12.978130310055334],[80.25548814670867,12.978129782361243],[80.2551204241948,12.97776704804734],[80.25502822450048,12.977766784028203],[80.25502983986446,12.977224266220142],[80.2551223085458,12.977134110589077],[80.25512284691347,12.976953271309593],[80.2544790676478,12.97640890483566]]},"properties":{"id":"L01296","strahler":1,"length_m":275.6,"drop_m":-0.49,"gradient":0.0,"area_ha":7.17,"on_drain_share":0.0,"downstream":"L01301"}},{"type":"Feature","geometry":{"type":"LineString","coordinates":[[80.23022574696985,12.977965833792554],[80.23031850253787,12.977785268379014]]},"properties":{"id":"L01276","strahler":1,"length_m":24.1,"drop_m":-0.59,"gradient":0.0,"area_ha":4.01,"on_drain_share":0.0,"downstream":"L01283"}},{"type":"Feature","geometry":{"type":"LineString","coordinates":[[80.18560215691367,12.977649121420365],[80.18578596464812,12.977830534904246]]},"properties":{"id":"L01273","strahler":1,"length_m":28.3,"drop_m":0.43,"gradient":0.01516,"area_ha":4.06,"on_drain_share":0.0,"downstream":"L01268"}},{"type":"Feature","geometry":{"type":"LineString","coordinates":[[80.17398700258258,12.977069986537511],[80.17453869690401,12.977523831818976],[80.17490748819343,12.977525001780142],[80.17499998416852,12.977434876294915],[80.17527598146955,12.977616589118155],[80.175368477356,12.977526463496577]]},"properties":{"id":"L01278","strahler":2,"length_m":187.3,"drop_m":1.8,"gradient":0.00963,"area_ha":15.41,"on_drain_share":0.0,"downstream":"L01311"}},{"type":"Feature","geometry":{"type":"LineString","coordinates":[[80.19833363000426,12.975156926379816],[80.19888681500049,12.97515863022402],[80.19888536766537,12.97561072245692],[80.19897727589866,12.975701424773584],[80.19962265990813,12.9757034109629],[80.19989838575307,12.975975517094614],[80.20008278141704,12.975976084099576],[80.2002677550487,12.975795814026391],[80.2005434817324,12.976067919519261],[80.2008200753775,12.976068769297873],[80.20100389371264,12.976250172629955],[80.20137268555399,12.976251304965796],[80.20164783698755,12.976704246375785],[80.20155275341314,12.97760814836291],[80.20173657337445,12.97778955125272]]},"properties":{"id":"L01280","strahler":4,"length_m":620.4,"drop_m":3.9,"gradient":0.00629,"area_ha":381.7,"on_drain_share":0.0,"downstream":"L01254"}},{"type":"Feature","geometry":{"type":"LineString","coordinates":[[80.20708437890215,12.977715487203287],[80.20680864297854,12.97744338815987],[80.20662539278597,12.97708115144099]]},"properties":{"id":"L01287","strahler":4,"length_m":90.7,"drop_m":1.18,"gradient":0.01305,"area_ha":622.7,"on_drain_share":0.0,"downstream":"L01295"}},{"type":"Feature","geometry":{"type":"LineString","coordinates":[[80.23031850253787,12.977785268379014],[80.2305962122985,12.977424410126265]]},"properties":{"id":"L01283","strahler":2,"length_m":52.4,"drop_m":-0.4,"gradient":0.0,"area_ha":9.7,"on_drain_share":0.0,"downstream":"L01308"}},{"type":"Feature","geometry":{"type":"LineString","coordinates":[[80.175368477356,12.977526463496577],[80.1756459646156,12.977256086406767],[80.17564745412884,12.976803996847993],[80.17574024743129,12.976623453146285],[80.17703517612902,12.975361688175646]]},"properties":{"id":"L01311","strahler":2,"length_m":314.6,"drop_m":-0.36,"gradient":0.0,"area_ha":31.96,"on_drain_share":0.0,"downstream":"L01328"}},{"type":"Feature","geometry":{"type":"LineString","coordinates":[[80.25300010170676,12.977670547750368],[80.25346244877089,12.977219773090418],[80.25346460700571,12.976496416236463],[80.25337294741936,12.976315312439928]]},"properties":{"id":"L01298","strahler":1,"length_m":174.9,"drop_m":0.69,"gradient":0.00395,"area_ha":7.94,"on_drain_share":0.0,"downstream":"L01300"}},{"type":"Feature","geometry":{"type":"LineString","coordinates":[[80.21934766250541,12.977481318048923],[80.21934879097331,12.977119642521872],[80.2195331883491,12.977120195790139],[80.21962566905191,12.977030053485947],[80.21962707907839,12.976577959029829],[80.21990452025543,12.976307531854173],[80.21990592969689,12.97585543734285],[80.22009060798094,12.975765571255206],[80.22046080918909,12.97531458190624],[80.22046249917261,12.974772068377298]]},"properties":{"id":"L01324","strahler":1,"length_m":367.3,"drop_m":1.0,"gradient":0.00271,"area_ha":11.23,"on_drain_share":0.0,"downstream":"L01399"}},{"type":"Feature","geometry":{"type":"LineString","coordinates":[[80.24313913083874,12.976195321972469],[80.2423068769218,12.977006681079708],[80.24203055341472,12.976915455979464],[80.24138324067356,12.977546510272697],[80.24110664271612,12.977545703525232],[80.24092279273648,12.977364326848294],[80.24036959730235,12.977362712102508],[80.23889881045628,12.975911691500183]]},"properties":{"id":"L01307","strahler":3,"length_m":605.0,"drop_m":1.92,"gradient":0.00317,"area_ha":103.16,"on_drain_share":0.0,"downstream":"L01312"}},{"type":"Feature","geometry":{"type":"LineString","coordinates":[[80.17306502631826,12.977067057493299],[80.17343321938594,12.977249065223452],[80.17371070828166,12.97697869029973],[80.17389510348148,12.976979275908356],[80.17398700258258,12.977069986537511]]},"properties":{"id":"L01289","strahler":1,"length_m":124.9,"drop_m":0.98,"gradient":0.00788,"area_ha":5.94,"on_drain_share":0.0,"downstream":"L01278"}},{"type":"Feature","geometry":{"type":"LineString","coordinates":[[80.2305962122985,12.977424410126265],[80.23068868936467,12.977334263672345],[80.23068980142654,12.976972587166951],[80.23041431722413,12.976610092593903],[80.23087697853177,12.976068941043925],[80.230970566509,12.975617117880223]]},"properties":{"id":"L01308","strahler":3,"length_m":241.4,"drop_m":2.08,"gradient":0.00861,"area_ha":74.67,"on_drain_share":0.0,"downstream":"L01351"}},{"type":"Feature","geometry":{"type":"LineString","coordinates":[[80.20644042245642,12.977261426228013],[80.20662539278597,12.97708115144099]]},"properties":{"id":"L01286","strahler":4,"length_m":28.3,"drop_m":-0.26,"gradient":0.0,"area_ha":605.52,"on_drain_share":0.0,"downstream":"L01295"}},{"type":"Feature","geometry":{"type":"LineString","coordinates":[[80.23520727268505,12.977076326762356],[80.23539111808819,12.977257707241236],[80.23557551626614,12.977258249144871]]},"properties":{"id":"L01288","strahler":1,"length_m":48.3,"drop_m":-0.66,"gradient":0.0,"area_ha":5.68,"on_drain_share":0.0,"downstream":null}},{"type":"Feature","geometry":{"type":"LineString","coordinates":[[80.23769609591332,12.977264471644332],[80.23880578661662,12.976182679688401],[80.2388063367348,12.976001841076716],[80.23889881045628,12.975911691500183]]},"properties":{"id":"L01306","strahler":1,"length_m":203.8,"drop_m":1.79,"gradient":0.00877,"area_ha":6.51,"on_drain_share":0.0,"downstream":"L01312"}},{"type":"Feature","geometry":{"type":"LineString","coordinates":[[80.17316439455783,12.974897321853193],[80.17316349830116,12.975168575459605],[80.17362298994547,12.975622129389253],[80.17371518704239,12.975622422210924],[80.17380559289815,12.976165222265228],[80.17398968902107,12.976256225650113],[80.17398700258258,12.977069986537511]]},"properties":{"id":"L01290","strahler":1,"length_m":289.0,"drop_m":4.11,"gradient":0.01423,"area_ha":7.96,"on_drain_share":0.0,"downstream":"L01278"}},{"type":"Feature","geometry":{"type":"LineString","coordinates":[[80.20662539278597,12.97708115144099],[80.2066268263065,12.97662905840407],[80.20690399417566,12.976449064520159],[80.20699590577651,12.976539764184611]]},"properties":{"id":"L01295","strahler":5,"length_m":102.4,"drop_m":0.23,"gradient":0.00224,"area_ha":1229.25,"on_drain_share":0.0,"downstream":null}},{"type":"Feature","geometry":{"type":"LineString","coordinates":[[80.24571770146727,12.977197433161175],[80.24562577480002,12.977106746379503],[80.2456263200298,12.976925907494197]]},"properties":{"id":"L01291","strahler":1,"length_m":34.1,"drop_m":0.16,"gradient":0.00455,"area_ha":4.19,"on_drain_share":0.0,"downstream":"L01310"}},{"type":"Feature","geometry":{"type":"LineString","coordinates":[[80.21473971068535,12.976834511994838],[80.21335673374631,12.976830333907113],[80.21308099152098,12.976558241158054],[80.21179021497088,12.976554333690535],[80.21160524855537,12.976734612394198],[80.2113286534484,12.976733774038665],[80.21105148815252,12.97691377279841],[80.21059049605002,12.976912374375711],[80.21049801232873,12.977002513284772],[80.2099468201946,12.976367903121597],[80.2099471056866,12.97627748443766],[80.21040952314254,12.97582679045355],[80.21041094968342,12.975374696958122]]},"properties":{"id":"L01313","strahler":1,"length_m":718.7,"drop_m":3.05,"gradient":0.00425,"area_ha":17.83,"on_drain_share":0.0,"downstream":"L01321"}},{"type":"Feature","geometry":{"type":"LineString","coordinates":[[80.2456263200298,12.976925907494197],[80.24562659264161,12.976835488050597],[80.24443155324823,12.975656557259592]]},"properties":{"id":"L01310","strahler":2,"length_m":193.8,"drop_m":-1.45,"gradient":0.0,"area_ha":41.16,"on_drain_share":0.0,"downstream":"L01303"}},{"type":"Feature","geometry":{"type":"LineString","coordinates":[[80.18938579700553,12.976575909434812],[80.18966239045079,12.976576771107833],[80.18993986208861,12.976306377768323],[80.19030894559344,12.97621710754252],[80.19058641615206,12.975946713441221],[80.19104769652807,12.975857728935928],[80.1916945400358,12.975407643395224],[80.19252431703262,12.975410219941276],[80.19270929533981,12.975229955529052],[80.19307808492485,12.975231099533623],[80.19317057385415,12.975140967132495]]},"properties":{"id":"L01318","strahler":2,"length_m":476.3,"drop_m":2.15,"gradient":0.00452,"area_ha":120.89,"on_drain_share":0.0,"downstream":"L01323"}},{"type":"Feature","geometry":{"type":"LineString","coordinates":[[80.18588698856615,12.975118279024574],[80.18588522358142,12.975660787958152],[80.18625224891063,12.976204450632867],[80.18643664412104,12.976205027318851],[80.18671264918011,12.97638672843875],[80.1868051407164,12.976296598469196],[80.18698953602014,12.97629717476736],[80.18726701004279,12.976026784425557],[80.1877277043601,12.976118642270608],[80.18800488401322,12.975938669278687],[80.18828147665918,12.975939532378142],[80.18855718968032,12.976211649816648],[80.18911037567165,12.976213374582949],[80.18938579700553,12.976575909434812]]},"properties":{"id":"L01294","strahler":1,"length_m":548.7,"drop_m":4.07,"gradient":0.00742,"area_ha":12.26,"on_drain_share":0.0,"downstream":"L01318"}},{"type":"Feature","geometry":{"type":"LineString","coordinates":[[80.2544790676478,12.97640890483566],[80.25374147426189,12.976406790166726],[80.25355680619899,12.97649668078432],[80.25337321721875,12.976224892830977]]},"properties":{"id":"L01301","strahler":2,"length_m":142.4,"drop_m":-0.02,"gradient":0.0,"area_ha":31.45,"on_drain_share":0.0,"downstream":"L01333"}},{"type":"Feature","geometry":{"type":"LineString","coordinates":[[80.25742971083126,12.976326922912486],[80.2570609139946,12.976325870028333],[80.25632493278925,12.975781244663615],[80.2557701253225,12.976322180817768],[80.25549352780182,12.976321389439642],[80.25530859125898,12.976501700986832],[80.2544790676478,12.97640890483566]]},"properties":{"id":"L01299","strahler":2,"length_m":382.1,"drop_m":2.76,"gradient":0.00721,"area_ha":22.03,"on_drain_share":0.0,"downstream":"L01301"}},{"type":"Feature","geometry":{"type":"LineString","coordinates":[[80.25309608015642,12.976404938116385],[80.25328047846206,12.97640546743696],[80.25337294741936,12.976315312439928]]},"properties":{"id":"L01297","strahler":1,"length_m":34.1,"drop_m":1.18,"gradient":0.03451,"area_ha":4.17,"on_drain_share":0.0,"downstream":"L01300"}},{"type":"Feature","geometry":{"type":"LineString","coordinates":[[80.25337294741936,12.976315312439928],[80.25337321721875,12.976224892830977]]},"properties":{"id":"L01300","strahler":2,"length_m":10.0,"drop_m":0.0,"gradient":0.0,"area_ha":12.13,"on_drain_share":0.0,"downstream":"L01333"}},{"type":"Feature","geometry":{"type":"LineString","coordinates":[[80.26028949119298,12.97579254652595],[80.25992069490424,12.97579149773784],[80.25964302759992,12.976152389764644],[80.25853663740229,12.976149238997657],[80.25844417026698,12.97623939593546],[80.25742971083126,12.976326922912486]]},"properties":{"id":"L01302","strahler":1,"length_m":340.7,"drop_m":1.77,"gradient":0.00521,"area_ha":9.8,"on_drain_share":0.0,"downstream":"L01299"}},{"type":"Feature","geometry":{"type":"LineString","coordinates":[[80.20497271693506,12.974906039154071],[80.20524930959526,12.974906884149839],[80.20534122002823,12.974997584342082],[80.2060788008349,12.974999835981933],[80.2070898231158,12.975997533470654],[80.20727393266824,12.97608851400721],[80.20736613070675,12.976088794914887],[80.20829097196386,12.975187415671579]]},"properties":{"id":"L01320","strahler":1,"length_m":455.3,"drop_m":1.93,"gradient":0.00425,"area_ha":9.53,"on_drain_share":0.0,"downstream":"L01343"}},{"type":"Feature","geometry":{"type":"LineString","coordinates":[[80.22138025762612,12.976131113052613],[80.2205532888713,12.975224439203],[80.22055441539378,12.97486276350908],[80.22046249917261,12.974772068377298]]},"properties":{"id":"L01325","strahler":1,"length_m":191.4,"drop_m":-0.13,"gradient":0.0,"area_ha":7.44,"on_drain_share":0.0,"downstream":"L01399"}},{"type":"Feature","geometry":{"type":"LineString","coordinates":[[80.24443155324823,12.975656557259592],[80.24424660969893,12.97583686054304],[80.24387781470112,12.975835789012113],[80.24369314392607,12.975925672460729],[80.24341572743403,12.97619612647681],[80.24313913083874,12.976195321972469]]},"properties":{"id":"L01303","strahler":3,"length_m":164.9,"drop_m":1.21,"gradient":0.00734,"area_ha":77.56,"on_drain_share":0.0,"downstream":"L01307"}},{"type":"Feature","geometry":{"type":"LineString","coordinates":[[80.25337321721875,12.976224892830977],[80.25337618487715,12.97523027709074],[80.25319232711438,12.975048908658955],[80.25310309692756,12.974054028243119]]},"properties":{"id":"L01333","strahler":3,"length_m":252.4,"drop_m":0.25,"gradient":0.00099,"area_ha":48.9,"on_drain_share":0.0,"downstream":"L01371"}},{"type":"Feature","geometry":{"type":"LineString","coordinates":[[80.25835545488991,12.975063676817259],[80.25807805436862,12.975334147402993],[80.25798451492021,12.975785983025515],[80.25742971083126,12.976326922912486]]},"properties":{"id":"L01304","strahler":1,"length_m":181.4,"drop_m":0.06,"gradient":0.00033,"area_ha":6.23,"on_drain_share":0.0,"downstream":"L01299"}},{"type":"Feature","geometry":{"type":"LineString","coordinates":[[80.24268743987207,12.97311972096808],[80.24259496852774,12.97320987204291],[80.24259277944437,12.973933227267139],[80.24277635474172,12.974205022141614],[80.24277580757094,12.97438586094528],[80.24369505690257,12.975292736576924],[80.2436945103482,12.975473575404031],[80.24313913083874,12.976195321972469]]},"properties":{"id":"L01305","strahler":1,"length_m":418.7,"drop_m":1.66,"gradient":0.00396,"area_ha":12.09,"on_drain_share":0.0,"downstream":"L01307"}},{"type":"Feature","geometry":{"type":"LineString","coordinates":[[80.23889881045628,12.975911691500183],[80.23853111640946,12.975548935172977]]},"properties":{"id":"L01312","strahler":3,"length_m":56.6,"drop_m":-0.93,"gradient":0.0,"area_ha":113.29,"on_drain_share":0.0,"downstream":"L01335"}},{"type":"Feature","geometry":{"type":"LineString","coordinates":[[80.21520779256575,12.97457543298394],[80.21483786719945,12.974935995605891],[80.21465347164089,12.974935439101719],[80.21437602672985,12.975205860468492],[80.21391503740374,12.975204468116454],[80.21336270297178,12.974931539914358],[80.21244072560918,12.974928750861086],[80.21197888282157,12.975198611320966],[80.21170228938739,12.975197773460037],[80.21142427128518,12.975649028917687],[80.21096328147107,12.975647631289275],[80.21087079837092,12.97573777037413],[80.2106864023981,12.975737211024763],[80.21041094968342,12.975374696958122]]},"properties":{"id":"L01314","strahler":1,"length_m":632.8,"drop_m":4.1,"gradient":0.00647,"area_ha":14.03,"on_drain_share":0.0,"downstream":"L01321"}},{"type":"Feature","geometry":{"type":"LineString","coordinates":[[80.230970566509,12.975617117880223],[80.2300513647711,12.974710199809294],[80.22996000140539,12.974438669582707],[80.22867313196832,12.973168978976688]]},"properties":{"id":"L01351","strahler":3,"length_m":373.6,"drop_m":0.43,"gradient":0.00115,"area_ha":130.91,"on_drain_share":0.0,"downstream":"L01354"}},{"type":"Feature","geometry":{"type":"LineString","coordinates":[[80.17703517612902,12.975361688175646],[80.17722046216633,12.975091017476178],[80.17749764749995,12.974911056047771],[80.1776820413526,12.974911638881204],[80.17832920117044,12.974371169832542]]},"properties":{"id":"L01328","strahler":2,"length_m":191.4,"drop_m":1.83,"gradient":0.00954,"area_ha":41.95,"on_drain_share":0.0,"downstream":"L01329"}},{"type":"Feature","geometry":{"type":"LineString","coordinates":[[80.19317057385415,12.975140967132495],[80.19372550603117,12.974600171940056],[80.19427868916885,12.974601885508822],[80.19455469873579,12.97478357856221],[80.19473909327908,12.974784149302776],[80.19510730075127,12.974966127124024],[80.19547609016595,12.974967267707074],[80.19602782187862,12.97542106952351],[80.19787235273873,12.975245924036773],[80.19805732729593,12.975065655586706],[80.19824172220613,12.975066223857304],[80.19833363000426,12.975156926379816]]},"properties":{"id":"L01323","strahler":3,"length_m":642.8,"drop_m":0.45,"gradient":0.00071,"area_ha":199.22,"on_drain_share":0.0,"downstream":"L01280"}},{"type":"Feature","geometry":{"type":"LineString","coordinates":[[80.2288502828186,12.97552042224576],[80.2289424811245,12.975520695495984],[80.2294048648787,12.975069965698081],[80.229406257019,12.974617870123188],[80.22922241802888,12.974436485729544],[80.22922297499504,12.974255647500494],[80.22903913639612,12.974074262994746],[80.2290399720167,12.973803005654428],[80.22867257465316,12.973349817197315],[80.22867313196832,12.973168978976688]]},"properties":{"id":"L01350","strahler":1,"length_m":323.8,"drop_m":1.36,"gradient":0.00421,"area_ha":8.94,"on_drain_share":0.0,"downstream":"L01354"}},{"type":"Feature","geometry":{"type":"LineString","coordinates":[[80.23853111640946,12.975548935172977],[80.23706007523302,12.974188324441501],[80.2365068873183,12.97418670187222],[80.2361391993248,12.973823942450334]]},"properties":{"id":"L01335","strahler":3,"length_m":338.7,"drop_m":-0.63,"gradient":0.0,"area_ha":121.94,"on_drain_share":0.0,"downstream":"L01336"}},{"type":"Feature","geometry":{"type":"LineString","coordinates":[[80.23936090321868,12.975551362381387],[80.23853111640946,12.975548935172977]]},"properties":{"id":"L01315","strahler":1,"length_m":90.0,"drop_m":-1.39,"gradient":0.0,"area_ha":5.01,"on_drain_share":0.0,"downstream":"L01335"}},{"type":"Feature","geometry":{"type":"LineString","coordinates":[[80.2452667954823,12.973850576655192],[80.2448052596012,12.974030078062102],[80.24434181192662,12.974842514642937],[80.2443412658592,12.975023353503392],[80.24443319131264,12.975114040685643],[80.24443155324823,12.975656557259592]]},"properties":{"id":"L01316","strahler":2,"length_m":263.1,"drop_m":1.38,"gradient":0.00525,"area_ha":35.05,"on_drain_share":0.0,"downstream":"L01303"}},{"type":"Feature","geometry":{"type":"LineString","coordinates":[[80.1756540073172,12.974814802601095],[80.17639158215515,12.974817138359873],[80.17703517612902,12.975361688175646]]},"properties":{"id":"L01317","strahler":1,"length_m":174.9,"drop_m":0.24,"gradient":0.00138,"area_ha":5.78,"on_drain_share":0.0,"downstream":"L01328"}},{"type":"Feature","geometry":{"type":"LineString","coordinates":[[80.21041094968342,12.975374696958122],[80.20958402508705,12.9744679906029],[80.20939963010726,12.974467430395437],[80.20912246615465,12.97464742719555],[80.20912218040182,12.974737845872726],[80.20847508142565,12.975278395354469],[80.20829097196386,12.975187415671579]]},"properties":{"id":"L01321","strahler":2,"length_m":324.6,"drop_m":0.23,"gradient":0.0007,"area_ha":40.37,"on_drain_share":0.0,"downstream":"L01343"}},{"type":"Feature","geometry":{"type":"LineString","coordinates":[[80.22488631781131,12.9753278035576],[80.22488883837023,12.974514032398478],[80.22507351405446,12.97442416260704],[80.2252587494378,12.97415345461573],[80.22562754034601,12.974154552397593],[80.22572001782166,12.974064407720233],[80.22581277493644,12.973883843961213],[80.2258138937383,12.973522167777208],[80.22599884800239,12.973341878210173],[80.22599940724893,12.97316104010394],[80.22590748952994,12.973070346807745],[80.22489331893978,12.973067327988977],[80.224341816362,12.972523165570925],[80.22434209656664,12.972432746548028]]},"properties":{"id":"L01369","strahler":1,"length_m":538.0,"drop_m":3.17,"gradient":0.00588,"area_ha":10.58,"on_drain_share":0.0,"downstream":"L01383"}},{"type":"Feature","geometry":{"type":"LineString","coordinates":[[80.20829097196386,12.975187415671579],[80.20801552342922,12.974824899288256],[80.20829268831167,12.974644903727075],[80.20829354645633,12.97437364774627],[80.20847879924293,12.974102952734915],[80.20848051503518,12.973560440720565],[80.20866548108587,12.973380164189567]]},"properties":{"id":"L01343","strahler":2,"length_m":247.3,"drop_m":0.87,"gradient":0.0035,"area_ha":54.75,"on_drain_share":0.0,"downstream":"L01367"}},{"type":"Feature","geometry":{"type":"LineString","coordinates":[[80.19004113206465,12.9735036990001],[80.19031684459259,12.97377581457858],[80.1915154031991,12.973779541292929],[80.19206683282329,12.974323769276229],[80.1922512269144,12.974324341759868],[80.19225064323084,12.97450517837065],[80.19234254853451,12.974595882874107],[80.19271046210272,12.974868282284001],[80.19289485662439,12.974868854335124],[80.19317057385415,12.975140967132495]]},"properties":{"id":"L01322","strahler":2,"length_m":426.3,"drop_m":3.58,"gradient":0.00841,"area_ha":63.26,"on_drain_share":0.0,"downstream":"L01323"}},{"type":"Feature","geometry":{"type":"LineString","coordinates":[[80.18017284030441,12.974467404190502],[80.18063264026782,12.974830528408337],[80.18090923117933,12.974831399271805],[80.18109421689209,12.974651143580834],[80.18173959532913,12.974653173965962]]},"properties":{"id":"L01326","strahler":2,"length_m":194.9,"drop_m":0.95,"gradient":0.00489,"area_ha":57.37,"on_drain_share":0.0,"downstream":"L01265"}},{"type":"Feature","geometry":{"type":"LineString","coordinates":[[80.24093568357998,12.97311461709364],[80.24093403819582,12.973657133310379],[80.24111843395933,12.973657671138756],[80.24121035770614,12.973748359377007],[80.24120926113315,12.974110036862891],[80.24102404238111,12.974380757176608],[80.2407468993015,12.974560788956538],[80.24047112794847,12.974288723657454],[80.23954887227629,12.974376450120944],[80.23899403386928,12.974917348738549],[80.2386252406769,12.97491626983767],[80.23770573664244,12.974099796656812],[80.23659936111245,12.974096553109336],[80.23632359500488,12.973824483683092],[80.2361391993248,12.973823942450334]]},"properties":{"id":"L01337","strahler":1,"length_m":801.8,"drop_m":0.92,"gradient":0.00114,"area_ha":14.13,"on_drain_share":0.0,"downstream":"L01336"}},{"type":"Feature","geometry":{"type":"LineString","coordinates":[[80.22046249917261,12.974772068377298],[80.22046418907937,12.974229554825564],[80.22074190818788,12.973868707574232],[80.22055835795373,12.973596898500583],[80.2200973709075,12.973595517269729],[80.21991325793248,12.973504545628778],[80.21963751161556,12.973232459562526],[80.21963863928235,12.972870783892516],[80.21936317594363,12.972508278663797],[80.21945819253001,12.97160436600783],[80.21964314960793,12.971424081111183],[80.21909222663773,12.97069907050779],[80.21863152731612,12.970607268070905],[80.2176204768419,12.969609613629391],[80.21743608508373,12.96960905932063]]},"properties":{"id":"L01399","strahler":2,"length_m":826.7,"drop_m":3.9,"gradient":0.00472,"area_ha":33.06,"on_drain_share":0.0,"downstream":"L01432"}},{"type":"Feature","geometry":{"type":"LineString","coordinates":[[80.18164769407994,12.97456246594378],[80.18173959532913,12.974653173965962]]},"properties":{"id":"L01327","strahler":1,"length_m":14.1,"drop_m":0.0,"gradient":0.0,"area_ha":4.46,"on_drain_share":0.0,"downstream":"L01265"}},{"type":"Feature","geometry":{"type":"LineString","coordinates":[[80.22664003901224,12.974700082955513],[80.22700994799308,12.974339502561229],[80.2271943436566,12.974340050284278],[80.22728626230803,12.974430743169654],[80.22774725168091,12.974432111752265],[80.22793220534348,12.974251820782765],[80.2279333211154,12.973890144427333],[80.22802551880073,12.973890417968727],[80.22858037715288,12.973349543896354],[80.22858121322233,12.973078286570374]]},"properties":{"id":"L01353","strahler":1,"length_m":333.8,"drop_m":1.56,"gradient":0.00468,"area_ha":11.18,"on_drain_share":0.0,"downstream":"L01384"}},{"type":"Feature","geometry":{"type":"LineString","coordinates":[[80.17832920117044,12.974371169832542],[80.17851359466397,12.974371752052912],[80.17879077832433,12.974191789133535],[80.1792517617981,12.974193243602071],[80.17934366199891,12.974283952413186],[80.17962025221678,12.974284824610708],[80.17971215259084,12.974375533301023],[80.18017284030441,12.974467404190502]]},"properties":{"id":"L01329","strahler":2,"length_m":220.7,"drop_m":-1.02,"gradient":0.0,"area_ha":51.02,"on_drain_share":0.0,"downstream":"L01326"}},{"type":"Feature","geometry":{"type":"LineString","coordinates":[[80.17786881154527,12.974188877747032],[80.17805261094705,12.97437029625704],[80.17832920117044,12.974371169832542]]},"properties":{"id":"L01330","strahler":1,"length_m":58.3,"drop_m":0.2,"gradient":0.00335,"area_ha":4.22,"on_drain_share":0.0,"downstream":"L01329"}},{"type":"Feature","geometry":{"type":"LineString","coordinates":[[80.17998903920532,12.974285987083507],[80.18017284030441,12.974467404190502]]},"properties":{"id":"L01331","strahler":1,"length_m":28.3,"drop_m":-0.45,"gradient":0.0,"area_ha":4.08,"on_drain_share":0.0,"downstream":"L01326"}},{"type":"Feature","geometry":{"type":"LineString","coordinates":[[80.20184059690396,12.97408267532712],[80.20202499126097,12.974083240874617],[80.20220996209511,12.973902969231755],[80.20313193338866,12.973905794315774],[80.20349957088648,12.974268597665791],[80.20386807239024,12.974360144859185],[80.2041455269936,12.974089735281227],[80.20451431593433,12.97409086297963],[80.20488425397502,12.973730315797674],[80.20479320602463,12.973368359700993],[80.20516314255661,12.973007812017563],[80.20553221700501,12.97291851957128],[80.20590215183155,12.972557970724694],[80.20608654524801,12.972558533329243]]},"properties":{"id":"L01364","strahler":1,"length_m":609.4,"drop_m":4.31,"gradient":0.00707,"area_ha":16.05,"on_drain_share":0.0,"downstream":"L01347"}},{"type":"Feature","geometry":{"type":"LineString","coordinates":[[80.25596070709942,12.974243055848634],[80.2557763102742,12.974242528513928],[80.25549917707272,12.974422576599562],[80.25513038320476,12.974421521131058],[80.25430248304238,12.973786206913921],[80.25402534939296,12.973966253405813],[80.25365655632159,12.973965195885041],[80.25337915228842,12.97423566127394],[80.25310309692756,12.974054028243119]]},"properties":{"id":"L01334","strahler":1,"length_m":376.3,"drop_m":3.75,"gradient":0.00995,"area_ha":9.79,"on_drain_share":0.0,"downstream":"L01371"}},{"type":"Feature","geometry":{"type":"LineString","coordinates":[[80.26306078980228,12.973991999425829],[80.26380077140738,12.973180308717419],[80.2640773659778,12.973181091078159],[80.26453702844606,12.97363449364994],[80.26472115954556,12.973725434612586],[80.265182151606,12.9737267368072],[80.2656418171318,12.974180137569267],[80.26582621432318,12.974180657910624],[80.26619421335447,12.974452957857926],[80.26637914088892,12.97427263804071],[80.26693233278331,12.974274197116321]]},"properties":{"id":"L01332","strahler":1,"length_m":529.4,"drop_m":5.66,"gradient":0.01069,"area_ha":15.67,"on_drain_share":0.0,"downstream":null}},{"type":"Feature","geometry":{"type":"LineString","coordinates":[[80.18837983256522,12.974041037508764],[80.18838041902394,12.973860201065252],[80.18856539892148,12.973679939686614],[80.18902696855432,12.973500540306064],[80.18930443722182,12.97323014742022]]},"properties":{"id":"L01346","strahler":1,"length_m":149.0,"drop_m":0.56,"gradient":0.00378,"area_ha":4.48,"on_drain_share":0.0,"downstream":"L01349"}},{"type":"Feature","geometry":{"type":"LineString","coordinates":[[80.21696096299938,12.974128616370807],[80.21613373409022,12.973312348464201],[80.21604295296147,12.972859976525118],[80.2157672117642,12.97258788662424],[80.21577061126418,12.971502860537045],[80.21586309104718,12.971412719490736],[80.2158636575296,12.971231881795406],[80.21678760232484,12.970601725849923]]},"properties":{"id":"L01386","strahler":1,"length_m":507.0,"drop_m":1.72,"gradient":0.00339,"area_ha":10.99,"on_drain_share":0.0,"downstream":"L01396"}},{"type":"Feature","geometry":{"type":"LineString","coordinates":[[80.22323040004929,12.974147407474609],[80.22323096133209,12.973966569498522],[80.22332343954757,12.973876425716565],[80.22350783470851,12.97387697603266],[80.2237852687683,12.9736065442554],[80.22360143478531,12.973425156147611],[80.22360199576771,12.973244318145536],[80.22406410382561,12.972884017080215],[80.22415714188848,12.972613034920414],[80.22434209656664,12.972432746548028]]},"properties":{"id":"L01368","strahler":1,"length_m":273.8,"drop_m":2.79,"gradient":0.0102,"area_ha":7.3,"on_drain_share":0.0,"downstream":"L01383"}},{"type":"Feature","geometry":{"type":"LineString","coordinates":[[80.23309584058705,12.97408625084815],[80.2334660167768,12.973635241476305],[80.2334665706413,12.973454403055353]]},"properties":{"id":"L01344","strahler":1,"length_m":86.6,"drop_m":0.01,"gradient":0.00017,"area_ha":5.8,"on_drain_share":0.0,"downstream":"L01376"}},{"type":"Feature","geometry":{"type":"LineString","coordinates":[[80.23595507969141,12.973732981825295],[80.23503310179125,12.973730273068226],[80.23494062760808,12.973820421253057],[80.23475623199074,12.973819879040501],[80.23447880885435,12.974090323164134],[80.23429441305814,12.974089780613255],[80.23411057068952,12.97390839948973],[80.23383397722328,12.973907585234228],[80.2334665706413,12.973454403055353]]},"properties":{"id":"L01345","strahler":3,"length_m":321.4,"drop_m":-0.35,"gradient":0.0,"area_ha":161.18,"on_drain_share":0.0,"downstream":"L01376"}},{"type":"Feature","geometry":{"type":"LineString","coordinates":[[80.25310309692756,12.974054028243119],[80.25310471598627,12.973511510519314],[80.25292139941838,12.97314930271017],[80.25283109092264,12.97251610065331]]},"properties":{"id":"L01371","strahler":3,"length_m":182.4,"drop_m":0.18,"gradient":0.00098,"area_ha":61.14,"on_drain_share":0.0,"downstream":"L01378"}},{"type":"Feature","geometry":{"type":"LineString","coordinates":[[80.2361391993248,12.973823942450334],[80.23595507969141,12.973732981825295]]},"properties":{"id":"L01336","strahler":3,"length_m":24.1,"drop_m":-0.04,"gradient":0.0,"area_ha":136.12,"on_drain_share":0.0,"downstream":"L01345"}},{"type":"Feature","geometry":{"type":"LineString","coordinates":[[80.23845239919548,12.971118118768576],[80.23845047360032,12.971751054083212],[80.23854239566553,12.971841743184793],[80.23817250624991,12.97220234117793],[80.23817030456223,12.972925695713286],[80.2378006883086,12.973195873724697],[80.23752381993103,12.973285482733658],[80.23696897995097,12.973826376968969],[80.23669293793189,12.9736447272016],[80.23595507969141,12.973732981825295]]},"properties":{"id":"L01338","strahler":1,"length_m":514.6,"drop_m":4.18,"gradient":0.00812,"area_ha":12.21,"on_drain_share":0.0,"downstream":"L01345"}},{"type":"Feature","geometry":{"type":"LineString","coordinates":[[80.2458308811728,12.97023540130921],[80.24582815713435,12.971139596217187],[80.24518086920452,12.971770661586856],[80.24518032387704,12.97195150052504],[80.24508785383568,12.97204165256703],[80.24499292901528,12.97294557971631],[80.24526870416281,12.973217640440001],[80.2452667954823,12.973850576655192]]},"properties":{"id":"L01339","strahler":2,"length_m":449.7,"drop_m":-1.52,"gradient":0.0,"area_ha":24.43,"on_drain_share":0.0,"downstream":"L01316"}},{"type":"Feature","geometry":{"type":"LineString","coordinates":[[80.24619068237095,12.973220312829215],[80.24563776794848,12.973128290318042],[80.24536035671397,12.973398746751528],[80.24535926616848,12.973760424595218],[80.2452667954823,12.973850576655192]]},"properties":{"id":"L01340","strahler":1,"length_m":160.7,"drop_m":0.11,"gradient":0.0007,"area_ha":6.86,"on_drain_share":0.0,"downstream":"L01316"}},{"type":"Feature","geometry":{"type":"LineString","coordinates":[[80.1870934820322,12.972680735310307],[80.18746138674314,12.972953141678925],[80.18783017249298,12.972954292923092],[80.18792178218868,12.973135417087956],[80.18810588190418,12.973226410678008],[80.18847466811582,12.973227561032664],[80.18875067163658,12.973409259924717],[80.18893506490222,12.973409834718444],[80.1891200440716,12.97322957289603],[80.18930443722182,12.97323014742022]]},"properties":{"id":"L01348","strahler":2,"length_m":287.3,"drop_m":2.27,"gradient":0.00791,"area_ha":38.37,"on_drain_share":0.0,"downstream":"L01349"}},{"type":"Feature","geometry":{"type":"LineString","coordinates":[[80.18967351629314,12.9731408778206],[80.19004113206465,12.9735036990001]]},"properties":{"id":"L01341","strahler":2,"length_m":56.6,"drop_m":-1.03,"gradient":0.0,"area_ha":53.45,"on_drain_share":0.0,"downstream":"L01322"}},{"type":"Feature","geometry":{"type":"LineString","coordinates":[[80.19059665155596,12.972782074041678],[80.19032006224037,12.97278121360899],[80.19022757327062,12.972871345003846],[80.1900420099113,12.973232444210712],[80.19004113206465,12.9735036990001]]},"properties":{"id":"L01342","strahler":1,"length_m":122.4,"drop_m":-0.11,"gradient":0.0,"area_ha":4.93,"on_drain_share":0.0,"downstream":"L01322"}},{"type":"Feature","geometry":{"type":"LineString","coordinates":[[80.20608654524801,12.972558533329243],[80.2065460956285,12.97301203243845],[80.20709927699406,12.973013718549426],[80.20746892354124,12.972743586009859],[80.20765331716467,12.972744147512206],[80.20838888988321,12.973379322922293],[80.20866548108587,12.973380164189567]]},"properties":{"id":"L01347","strahler":2,"length_m":342.1,"drop_m":2.27,"gradient":0.00663,"area_ha":80.52,"on_drain_share":0.0,"downstream":"L01367"}},{"type":"Feature","geometry":{"type":"LineString","coordinates":[[80.20866548108587,12.973380164189567],[80.20903541238809,12.973019610679614],[80.20940420019045,12.973020731357279],[80.20968136208661,12.972840734119357],[80.20986547043739,12.972931712764227],[80.21032645512656,12.972933112050026],[80.21106574077085,12.972392836806524]]},"properties":{"id":"L01367","strahler":3,"length_m":313.8,"drop_m":-0.9,"gradient":0.0,"area_ha":138.86,"on_drain_share":0.0,"downstream":"L01387"}},{"type":"Feature","geometry":{"type":"LineString","coordinates":[[80.2334665706413,12.973454403055353],[80.23346740142232,12.97318314541918],[80.23227243898624,12.972004162595702],[80.23199584774378,12.972003346504083],[80.23190337320345,12.972093493595855],[80.2315356951597,12.971730728155153]]},"properties":{"id":"L01376","strahler":3,"length_m":314.6,"drop_m":0.42,"gradient":0.00134,"area_ha":176.88,"on_drain_share":0.0,"downstream":"L01379"}},{"type":"Feature","geometry":{"type":"LineString","coordinates":[[80.17695784596933,12.970840498097903],[80.17686594787251,12.970749788547948],[80.17649716638394,12.970748621961334],[80.17621968764253,12.97101900058098],[80.17603529672553,12.971018416883256],[80.17585031044085,12.971198668969892],[80.17538933287743,12.971197208806641],[80.17335446275243,12.973179968036787],[80.17317007037724,12.973179382213427],[80.17280218216095,12.972906956551926],[80.17261838780585,12.972725534606031],[80.17261958336502,12.972363863111752],[80.17234389270423,12.972091729992668],[80.17215950117796,12.972091143501583],[80.17206760449533,12.972000432342679],[80.17206820264275,12.971819596612024],[80.17188440960136,12.971638174212956],[80.17170001843068,12.971637587416478],[80.171608122081,12.971546876112281],[80.17114714437173,12.97154540839699],[80.17096215437101,12.97172565676602],[80.17077776317906,12.971725069312269],[80.17040838148091,12.971904729668703],[80.17003839965128,12.972265225100042]]},"properties":{"id":"L01373","strahler":1,"length_m":1008.8,"drop_m":8.24,"gradient":0.00816,"area_ha":28.8,"on_drain_share":0.0,"downstream":null}},{"type":"Feature","geometry":{"type":"LineString","coordinates":[[80.18616975487657,12.973220362743648],[80.18653854090145,12.973221515841473],[80.18681689306952,12.9726798711611]]},"properties":{"id":"L01355","strahler":1,"length_m":112.4,"drop_m":0.86,"gradient":0.00762,"area_ha":6.49,"on_drain_share":0.0,"downstream":"L01357"}},{"type":"Feature","geometry":{"type":"LineString","coordinates":[[80.18930443722182,12.97323014742022],[80.18939692664445,12.973140016383411],[80.18967351629314,12.9731408778206]]},"properties":{"id":"L01349","strahler":2,"length_m":44.1,"drop_m":-0.39,"gradient":0.0,"area_ha":43.43,"on_drain_share":0.0,"downstream":"L01341"}},{"type":"Feature","geometry":{"type":"LineString","coordinates":[[80.18931058718371,12.971331364082351],[80.18977010324635,12.971784890952105],[80.18976893252197,12.972146564019088],[80.18949146559925,12.972416957523095],[80.1894900016112,12.972869048802037],[80.18967351629314,12.9731408778206]]},"properties":{"id":"L01352","strahler":1,"length_m":241.4,"drop_m":0.89,"gradient":0.00367,"area_ha":9.27,"on_drain_share":0.0,"downstream":"L01341"}},{"type":"Feature","geometry":{"type":"LineString","coordinates":[[80.19621976749856,12.973070760975062],[80.19659000541208,12.972619807752432],[80.19677439845378,12.97262037695748]]},"properties":{"id":"L01361","strahler":1,"length_m":86.6,"drop_m":-0.26,"gradient":0.0,"area_ha":5.05,"on_drain_share":0.0,"downstream":"L01358"}},{"type":"Feature","geometry":{"type":"LineString","coordinates":[[80.19741919429867,12.97280320501155],[80.19760300776724,12.972984610507694],[80.19787959780514,12.972985463213229],[80.19806457058758,12.972805194629121],[80.19871023645405,12.972716764185687],[80.1990778655207,12.9730795733414],[80.19981572862301,12.972991423922512],[80.20064838692257,12.972089789050123],[80.20092468752281,12.972181056975774],[80.20129260778067,12.972453444638827],[80.20203018036116,12.9724557073192],[80.20221514991796,12.972275435580215],[80.20230677011486,12.972456555285529],[80.20276775308136,12.972457967909637],[80.2030452065699,12.972187559412552],[80.203046358116,12.971825885164092],[80.20350877855556,12.971375203535144],[80.20378536721529,12.97137604986084],[80.20387727586686,12.971466750488634],[80.2038767007149,12.971647587655792],[80.2042454860333,12.97164871552669],[80.20443045345796,12.971468442074684],[80.20461484600575,12.97146900567548],[80.20498276959484,12.971741388308132],[80.20572062765498,12.971653221785768],[80.20627208559259,12.972197421280624],[80.20599463537171,12.972467833419689],[80.20608654524801,12.972558533329243]]},"properties":{"id":"L01366","strahler":2,"length_m":1291.2,"drop_m":5.58,"gradient":0.00432,"area_ha":58.97,"on_drain_share":0.0,"downstream":"L01347"}},{"type":"Feature","geometry":{"type":"LineString","coordinates":[[80.22867313196832,12.973168978976688],[80.22858121322233,12.973078286570374]]},"properties":{"id":"L01354","strahler":3,"length_m":14.1,"drop_m":0.0,"gradient":0.0,"area_ha":139.91,"on_drain_share":0.0,"downstream":"L01384"}},{"type":"Feature","geometry":{"type":"LineString","coordinates":[[80.21327647420155,12.973032466926131],[80.21327704262592,12.972851629365861],[80.2131851298903,12.972760931841966],[80.21235535748613,12.972758421687123],[80.21207990526932,12.972395909354862],[80.21318939326588,12.97140465007985],[80.21355874720639,12.971224927139577],[80.21392753276785,12.971226041255912],[80.21429745356676,12.970865479587784],[80.21420667641966,12.970413107164564],[80.21439163612747,12.970232826149651],[80.21420781167849,12.97005143188777],[80.21420866310005,12.969780175423532],[80.21402483910424,12.969598781052804]]},"properties":{"id":"L01395","strahler":1,"length_m":656.0,"drop_m":3.18,"gradient":0.00485,"area_ha":14.33,"on_drain_share":0.0,"downstream":"L01431"}},{"type":"Feature","geometry":{"type":"LineString","coordinates":[[80.22858121322233,12.973078286570374],[80.22775394750532,12.972262053592754],[80.22756955334825,12.97226150635232],[80.22600695624831,12.970719725421944]]},"properties":{"id":"L01384","strahler":3,"length_m":387.7,"drop_m":0.53,"gradient":0.00137,"area_ha":154.64,"on_drain_share":0.0,"downstream":"L01425"}},{"type":"Feature","geometry":{"type":"LineString","coordinates":[[80.20665118785357,12.968943474353681],[80.20729655564884,12.968945440502626],[80.20748037403345,12.969126839326417],[80.20747951536686,12.969398095362816],[80.2077552437232,12.969670193391751],[80.20784629499583,12.97003214872363],[80.20793849081629,12.97003242929985],[80.20830584438772,12.970485644728399],[80.2083038426718,12.97111857553203],[80.20977412992893,12.972660176695284],[80.21005014968314,12.972841853866495],[80.21023454349438,12.972842413544123],[80.21069666861256,12.972482137263855],[80.21106574077085,12.972392836806524]]},"properties":{"id":"L01374","strahler":2,"length_m":766.7,"drop_m":2.06,"gradient":0.00269,"area_ha":80.68,"on_drain_share":0.0,"downstream":"L01387"}},{"type":"Feature","geometry":{"type":"LineString","coordinates":[[80.23162428371944,12.972906449713678],[80.23171675867195,12.972816302749102],[80.23153291915935,12.972634919943449],[80.2315345847848,12.972092404878063],[80.23144266531556,12.972001713439164],[80.2314432205696,12.971820875081631],[80.2315356951597,12.971730728155153]]},"properties":{"id":"L01375","strahler":1,"length_m":150.7,"drop_m":0.96,"gradient":0.0064,"area_ha":7.92,"on_drain_share":0.0,"downstream":"L01379"}},{"type":"Feature","geometry":{"type":"LineString","coordinates":[[80.18285422461105,12.972124944079514],[80.18340917063993,12.97158417168932],[80.18359356231545,12.97158475018792],[80.18368546328581,12.971675457520195],[80.18414673739561,12.971586484900065],[80.18423863857912,12.971677192048922],[80.18423687050631,12.972219700902333],[80.18442067344587,12.972401115130063],[80.18469726193513,12.97240198180765],[80.18478975259174,12.972311852483],[80.18515735971415,12.972674680093993],[80.18681689306952,12.9726798711611]]},"properties":{"id":"L01356","strahler":1,"length_m":556.3,"drop_m":3.85,"gradient":0.00693,"area_ha":13.74,"on_drain_share":0.0,"downstream":"L01357"}},{"type":"Feature","geometry":{"type":"LineString","coordinates":[[80.18681689306952,12.9726798711611],[80.1870934820322,12.972680735310307]]},"properties":{"id":"L01357","strahler":2,"length_m":30.0,"drop_m":-0.28,"gradient":0.0,"area_ha":20.33,"on_drain_share":0.0,"downstream":"L01348"}},{"type":"Feature","geometry":{"type":"LineString","coordinates":[[80.19428538419722,12.972522263304404],[80.19446919506538,12.97270367087307],[80.19474578457928,12.972704526891055],[80.19502324650573,12.972434127474754],[80.19594521076236,12.972436977704147],[80.1961301844251,12.972256710545464],[80.19640677355841,12.97225756476927],[80.19677439845378,12.97262037695748]]},"properties":{"id":"L01363","strahler":2,"length_m":315.6,"drop_m":1.27,"gradient":0.00402,"area_ha":22.91,"on_drain_share":0.0,"downstream":"L01358"}},{"type":"Feature","geometry":{"type":"LineString","coordinates":[[80.19677439845378,12.97262037695748],[80.19686630484411,12.972711079931566],[80.19732728766428,12.972712502219688],[80.19741919429867,12.97280320501155]]},"properties":{"id":"L01358","strahler":2,"length_m":78.3,"drop_m":2.08,"gradient":0.02651,"area_ha":28.38,"on_drain_share":0.0,"downstream":"L01366"}},{"type":"Feature","geometry":{"type":"LineString","coordinates":[[80.1972391509048,12.971446359767372],[80.19723770102246,12.971898451945911],[80.1975134201792,12.972170560287527],[80.19741919429867,12.97280320501155]]},"properties":{"id":"L01359","strahler":1,"length_m":166.6,"drop_m":1.01,"gradient":0.00609,"area_ha":6.29,"on_drain_share":0.0,"downstream":"L01366"}},{"type":"Feature","geometry":{"type":"LineString","coordinates":[[80.22268142644165,12.972789470806967],[80.22295857936162,12.972609458863374],[80.22295998287152,12.972157363894341],[80.22323741547329,12.97188693259151],[80.22323881839871,12.971434837567408],[80.22314690233462,12.971344143376514],[80.22323966012847,12.971163580545355],[80.22324330740308,12.96998813338395],[80.22296840281483,12.96944479374782],[80.22250882711971,12.968991322188726],[80.22250910790734,12.968900903180787]]},"properties":{"id":"L01407","strahler":1,"length_m":502.1,"drop_m":0.33,"gradient":0.00066,"area_ha":10.8,"on_drain_share":0.0,"downstream":"L01417"}},{"type":"Feature","geometry":{"type":"LineString","coordinates":[[80.18544248126953,12.97005341897793],[80.18544189286673,12.970234255341838],[80.1856256953631,12.970415668711057],[80.18562451877926,12.970777341442837],[80.18589992933762,12.971139879481251],[80.18589904714926,12.971411134034541],[80.1860825568034,12.971682965321644],[80.18663485101509,12.971955949348278],[80.18700246048225,12.972318774490049],[80.18700157940572,12.972590029093382],[80.1870934820322,12.972680735310307]]},"properties":{"id":"L01360","strahler":1,"length_m":382.1,"drop_m":0.75,"gradient":0.00196,"area_ha":14.67,"on_drain_share":0.0,"downstream":"L01348"}},{"type":"Feature","geometry":{"type":"LineString","coordinates":[[80.25246148993675,12.972786300401848],[80.25283109092264,12.97251610065331]]},"properties":{"id":"L01370","strahler":1,"length_m":52.4,"drop_m":1.55,"gradient":0.02951,"area_ha":4.09,"on_drain_share":0.0,"downstream":"L01378"}},{"type":"Feature","geometry":{"type":"LineString","coordinates":[[80.26075930057384,12.972810004214846],[80.26103669540637,12.972539530411286],[80.26103722930394,12.972358690824866],[80.26112969404427,12.972268532811183],[80.26113102857619,12.971816433821466],[80.26076330619777,12.971453707368365],[80.26076384024658,12.971272867778083],[80.26057997958202,12.971091504379473],[80.26058158205518,12.970548985608502],[80.26067404624553,12.970458827717144],[80.26067458031643,12.970277988116722],[80.26076704436956,12.970187830183264],[80.26132022653631,12.970189400703806],[80.26141215680511,12.9702800821592],[80.2614116232669,12.970460921789801],[80.26187260897092,12.970462229524028],[80.26214999992281,12.970191754280664],[80.26270318227132,12.970193321862604],[80.26279564560114,12.97010316316685],[80.26298003967091,12.970103685363888]]},"properties":{"id":"L01393","strahler":1,"length_m":620.4,"drop_m":0.76,"gradient":0.00123,"area_ha":14.7,"on_drain_share":0.0,"downstream":"L01397"}},{"type":"Feature","geometry":{"type":"LineString","coordinates":[[80.19373220565492,12.972520550019548],[80.19428538419722,12.972522263304404]]},"properties":{"id":"L01362","strahler":1,"length_m":60.0,"drop_m":0.45,"gradient":0.00744,"area_ha":4.89,"on_drain_share":0.0,"downstream":"L01363"}},{"type":"Feature","geometry":{"type":"LineString","coordinates":[[80.25569244743203,12.971439254700032],[80.25560051894679,12.971348571321137],[80.25541612426905,12.971348043846763],[80.2552311915511,12.971528355603509],[80.25477155051787,12.971074937639019],[80.25440303095814,12.970983461740346],[80.25412509233045,12.97143476752724],[80.25375522473642,12.971795388947028],[80.2539393501742,12.971886337267375],[80.25393854166342,12.972157596217732],[80.25347620527829,12.972608372452628],[80.25301494665214,12.972697469259789],[80.25283109092264,12.97251610065331]]},"properties":{"id":"L01372","strahler":2,"length_m":503.6,"drop_m":2.83,"gradient":0.00563,"area_ha":24.03,"on_drain_share":0.0,"downstream":"L01378"}},{"type":"Feature","geometry":{"type":"LineString","coordinates":[[80.19116239286897,12.968895806882017],[80.19162307607337,12.968987657189235],[80.1919909809256,12.96926005720101],[80.1919903972898,12.969440893870376],[80.192817530794,12.970257233457813],[80.19318660446852,12.970167958523097],[80.19373803046624,12.970712182859735],[80.19373715680078,12.97098343794986],[80.19447210496172,12.971799487172945],[80.19419376995585,12.97234114111341],[80.19428538419722,12.972522263304404]]},"properties":{"id":"L01365","strahler":1,"length_m":632.5,"drop_m":3.86,"gradient":0.0061,"area_ha":14.58,"on_drain_share":0.0,"downstream":"L01363"}},{"type":"Feature","geometry":{"type":"LineString","coordinates":[[80.21106574077085,12.972392836806524],[80.21208275148292,12.971491721745126],[80.2121749479355,12.971492000851661],[80.21226828254895,12.97113060484783],[80.21291621549375,12.970318788305915]]},"properties":{"id":"L01387","strahler":3,"length_m":324.6,"drop_m":1.37,"gradient":0.00421,"area_ha":223.74,"on_drain_share":0.0,"downstream":"L01389"}},{"type":"Feature","geometry":{"type":"LineString","coordinates":[[80.22434209656664,12.972432746548028],[80.22600639711611,12.97090056356236],[80.22600695624831,12.970719725421944]]},"properties":{"id":"L01383","strahler":2,"length_m":270.4,"drop_m":1.36,"gradient":0.00503,"area_ha":23.17,"on_drain_share":0.0,"downstream":"L01425"}},{"type":"Feature","geometry":{"type":"LineString","coordinates":[[80.25283109092264,12.97251610065331],[80.25283190065667,12.972244841779153],[80.25264831535085,12.971973053438985],[80.2525574678278,12.971520690542722]]},"properties":{"id":"L01378","strahler":3,"length_m":122.4,"drop_m":-0.19,"gradient":0.0,"area_ha":90.44,"on_drain_share":0.0,"downstream":"L01412"}},{"type":"Feature","geometry":{"type":"LineString","coordinates":[[80.25753478617635,12.971987040003336],[80.2571651907052,12.972257246761808],[80.2570732613733,12.972166563863636],[80.25688886603112,12.97216603740005],[80.25652114965214,12.971803305266342],[80.25606016203888,12.971801987920733],[80.25569244743203,12.971439254700032]]},"properties":{"id":"L01380","strahler":1,"length_m":249.7,"drop_m":2.46,"gradient":0.00985,"area_ha":10.85,"on_drain_share":0.0,"downstream":"L01372"}},{"type":"Feature","geometry":{"type":"LineString","coordinates":[[80.2315356951597,12.971730728155153],[80.23144405343491,12.971549617540582],[80.2310758213568,12.971367689868618]]},"properties":{"id":"L01379","strahler":3,"length_m":72.4,"drop_m":1.11,"gradient":0.01528,"area_ha":185.27,"on_drain_share":0.0,"downstream":"L01403"}},{"type":"Feature","geometry":{"type":"LineString","coordinates":[[80.25172715126222,12.97169914536125],[80.25209594083191,12.97170020543456],[80.25228006553225,12.971791154892985],[80.2525574678278,12.971520690542722]]},"properties":{"id":"L01377","strahler":1,"length_m":106.6,"drop_m":0.53,"gradient":0.00495,"area_ha":4.65,"on_drain_share":0.0,"downstream":"L01412"}},{"type":"Feature","geometry":{"type":"LineString","coordinates":[[80.22849403244119,12.971450469202583],[80.22877145858104,12.971180031603748],[80.22877312999752,12.970637516831319],[80.22905055490081,12.970367078850659],[80.22905278248835,12.969643725722882],[80.22896086481695,12.96955303349139]]},"properties":{"id":"L01401","strahler":1,"length_m":239.0,"drop_m":0.55,"gradient":0.00232,"area_ha":7.04,"on_drain_share":0.0,"downstream":"L01402"}},{"type":"Feature","geometry":{"type":"LineString","coordinates":[[80.2525574678278,12.971520690542722],[80.25228168608243,12.971248637177299],[80.25228276640833,12.97088695868752],[80.25246770063181,12.970706649106962],[80.25246878064227,12.970344970586737],[80.2523768537688,12.970254286146902],[80.25237928395389,12.969440509450873],[80.25210404478273,12.968987616723947],[80.25210458498064,12.968806777456335]]},"properties":{"id":"L01412","strahler":3,"length_m":337.3,"drop_m":0.91,"gradient":0.0027,"area_ha":99.93,"on_drain_share":0.0,"downstream":"L01421"}},{"type":"Feature","geometry":{"type":"LineString","coordinates":[[80.2310758213568,12.971367689868618],[80.23070814558555,12.971004923365548],[80.23070897919312,12.97073366585452],[80.23061706051035,12.970642974159347],[80.22969509514857,12.970640247127902],[80.22960317688637,12.970549555096511],[80.22960568115307,12.96973578273008],[80.22942184538974,12.96955439860326],[80.22896086481695,12.96955303349139]]},"properties":{"id":"L01403","strahler":3,"length_m":383.1,"drop_m":0.58,"gradient":0.0015,"area_ha":196.07,"on_drain_share":0.0,"downstream":"L01402"}},{"type":"Feature","geometry":{"type":"LineString","coordinates":[[80.23237018157447,12.970196050479558],[80.2323685180117,12.970738565730548],[80.23218357010512,12.970918860226401],[80.23199917674465,12.97091831617971],[80.23181422844695,12.971098610388292],[80.23153763823487,12.971097793865686],[80.23126021500816,12.971368234587974],[80.2310758213568,12.971367689868618]]},"properties":{"id":"L01381","strahler":1,"length_m":229.0,"drop_m":2.92,"gradient":0.01276,"area_ha":6.05,"on_drain_share":0.0,"downstream":"L01403"}},{"type":"Feature","geometry":{"type":"LineString","coordinates":[[80.25661791194605,12.970266433530023],[80.25643298088872,12.970446746245887],[80.25643110085613,12.971079684218031],[80.25624616903788,12.971259996750144],[80.25606177439823,12.971259469736719],[80.25587684218857,12.971439781982285],[80.25569244743203,12.971439254700032]]},"properties":{"id":"L01382","strahler":1,"length_m":194.9,"drop_m":1.84,"gradient":0.00947,"area_ha":6.26,"on_drain_share":0.0,"downstream":"L01372"}},{"type":"Feature","geometry":{"type":"LineString","coordinates":[[80.24868680965238,12.97096702345323],[80.24933408704632,12.970335948725877],[80.24924243253515,12.970154843675576],[80.24924405945615,12.969612326270239],[80.24952146230021,12.969341865158581],[80.249522546449,12.968980186845124],[80.24979994826975,12.968709725368885],[80.25026092952862,12.968711053491772],[80.25062863204633,12.969073793815365],[80.25108961406325,12.969075120507382]]},"properties":{"id":"L01408","strahler":1,"length_m":464.6,"drop_m":0.92,"gradient":0.00197,"area_ha":14.56,"on_drain_share":0.0,"downstream":"L01420"}},{"type":"Feature","geometry":{"type":"LineString","coordinates":[[80.21660264395312,12.970782008645706],[80.21678760232484,12.970601725849923]]},"properties":{"id":"L01385","strahler":1,"length_m":28.3,"drop_m":-0.01,"gradient":0.0,"area_ha":4.09,"on_drain_share":0.0,"downstream":"L01396"}},{"type":"Feature","geometry":{"type":"LineString","coordinates":[[80.22600695624831,12.970719725421944],[80.22334139384226,12.96808960897741]]},"properties":{"id":"L01425","strahler":3,"length_m":410.1,"drop_m":-1.35,"gradient":0.0,"area_ha":184.52,"on_drain_share":0.0,"downstream":"L01453"}},{"type":"Feature","geometry":{"type":"LineString","coordinates":[[80.21125583250132,12.970585020824984],[80.21181071722964,12.970044184018882],[80.21199510905863,12.970044742330842],[80.21218006997753,12.969864462958377],[80.212272265833,12.969864741996062],[80.21273182342192,12.970318230634888],[80.21291621549375,12.970318788305915]]},"properties":{"id":"L01388","strahler":1,"length_m":233.8,"drop_m":1.24,"gradient":0.00529,"area_ha":6.19,"on_drain_share":0.0,"downstream":"L01389"}},{"type":"Feature","geometry":{"type":"LineString","coordinates":[[80.21678760232484,12.970601725849923],[80.21715723551883,12.97033157869391],[80.21725112792763,12.969789342659391],[80.21743608508373,12.96960905932063]]},"properties":{"id":"L01396","strahler":2,"length_m":144.9,"drop_m":2.86,"gradient":0.01973,"area_ha":15.82,"on_drain_share":0.0,"downstream":"L01432"}},{"type":"Feature","geometry":{"type":"LineString","coordinates":[[80.26298003967091,12.970103685363888],[80.26334776356286,12.970466408788043],[80.26334749748987,12.970556828641932],[80.26362355718099,12.970738451046163],[80.26390068079469,12.97055839372219],[80.26390094666792,12.970467973857023],[80.26417753824762,12.970468755950714],[80.26454738958925,12.970108118765586],[80.26491617788989,12.970109160547587],[80.26500810950444,12.970199840801685],[80.26528549694821,12.969929362013557],[80.2658386791082,12.969930922900906],[80.26602333827101,12.969841023022735]]},"properties":{"id":"L01397","strahler":2,"length_m":420.4,"drop_m":5.04,"gradient":0.01199,"area_ha":34.28,"on_drain_share":0.0,"downstream":null}},{"type":"Feature","geometry":{"type":"LineString","coordinates":[[80.22047601627699,12.97043195932522],[80.22047742402614,12.969979864548415],[80.22020139907838,12.969798198145503],[80.22010976641431,12.969617084015853],[80.22038719893887,12.969346655714315],[80.22094065541202,12.96925789297289],[80.22103313256467,12.969167749920745],[80.22158630736583,12.969169404755899],[80.22186373786349,12.968898974752507],[80.22250910790734,12.968900903180787]]},"properties":{"id":"L01410","strahler":1,"length_m":405.6,"drop_m":1.97,"gradient":0.00486,"area_ha":9.3,"on_drain_share":0.0,"downstream":"L01417"}},{"type":"Feature","geometry":{"type":"LineString","coordinates":[[80.21291621549375,12.970318788305915],[80.21300869578145,12.970228648299669]]},"properties":{"id":"L01389","strahler":3,"length_m":14.1,"drop_m":0.0,"gradient":0.0,"area_ha":229.97,"on_drain_share":0.0,"downstream":"L01398"}},{"type":"Feature","geometry":{"type":"LineString","coordinates":[[80.20176079903436,12.970194395599917],[80.20203767447941,12.970104825154646],[80.20222264219144,12.969924553276826],[80.2024070335027,12.969925118375725],[80.2028691634134,12.969564856256103],[80.2031454622344,12.969656121726373],[80.20351338155339,12.969928506226623],[80.20388216430669,12.969929634465494],[80.20397464750287,12.969839497846268],[80.20415903883037,12.96984006170045],[80.20480641890376,12.9692091038347],[80.20489861435298,12.969209385470073]]},"properties":{"id":"L01404","strahler":1,"length_m":418.7,"drop_m":-1.92,"gradient":0.0,"area_ha":12.08,"on_drain_share":0.0,"downstream":"L01406"}},{"type":"Feature","geometry":{"type":"LineString","coordinates":[[80.2129164997756,12.970228369515137],[80.21300869578145,12.970228648299669]]},"properties":{"id":"L01390","strahler":1,"length_m":10.0,"drop_m":0.0,"gradient":0.0,"area_ha":4.0,"on_drain_share":0.0,"downstream":"L01398"}},{"type":"Feature","geometry":{"type":"LineString","coordinates":[[80.21300869578145,12.970228648299669],[80.21374825172123,12.969597945720844],[80.21402483910424,12.969598781052804]]},"properties":{"id":"L01398","strahler":3,"length_m":139.0,"drop_m":0.92,"gradient":0.00664,"area_ha":235.96,"on_drain_share":0.0,"downstream":"L01431"}},{"type":"Feature","geometry":{"type":"LineString","coordinates":[[80.18064862364756,12.969947953293635],[80.18231345261079,12.968325645908688],[80.18240741871335,12.967783426724292],[80.18259180754345,12.967784005765965],[80.1828692760215,12.967513619660448],[80.18323805333596,12.96751477693535],[80.18351552084236,12.967244390076097],[80.18406868632216,12.967246124384143],[80.18425395851153,12.966975447697314],[80.1842545476192,12.96679461134189],[80.1841626481127,12.966703904271263],[80.18388606595511,12.966703037399538],[80.18370256209833,12.966431204819564],[80.18434968678336,12.965890718367351],[80.18462626807589,12.965891584693278],[80.18508576576457,12.966345118926201],[80.18536234760978,12.966345984500023],[80.18545424745372,12.966436691167592],[80.18683715751308,12.966441014172025],[80.18729666039413,12.966894544780937],[80.18729607347855,12.967075381272258],[80.18747987522113,12.967256793317716],[80.1883096243328,12.967259381706986],[80.1884021117536,12.967169250873633],[80.18840269787485,12.966988414333825],[80.18868015952489,12.96671802159304],[80.1892333245544,12.966719744859112]]},"properties":{"id":"L01463","strahler":1,"length_m":1399.5,"drop_m":-3.59,"gradient":0.0,"area_ha":40.47,"on_drain_share":0.0,"downstream":"L01532"}},{"type":"Feature","geometry":{"type":"LineString","coordinates":[[80.24408296595013,12.968964447238983],[80.24454258289063,12.969417882882636],[80.2447269756859,12.969418417982318],[80.24491082306957,12.96959979191093],[80.24527960896776,12.96960086147274],[80.2458308811728,12.97023540130921]]},"properties":{"id":"L01391","strahler":1,"length_m":253.8,"drop_m":3.12,"gradient":0.0123,"area_ha":7.97,"on_drain_share":0.0,"downstream":"L01339"}},{"type":"Feature","geometry":{"type":"LineString","coordinates":[[80.2459252567138,12.969512312448291],[80.24592335025713,12.970145248939417],[80.2458308811728,12.97023540130921]]},"properties":{"id":"L01392","strahler":1,"length_m":84.1,"drop_m":-0.32,"gradient":0.0,"area_ha":4.9,"on_drain_share":0.0,"downstream":"L01339"}},{"type":"Feature","geometry":{"type":"LineString","coordinates":[[80.22849849108235,12.970003763217022],[80.22886866870873,12.969552760371073]]},"properties":{"id":"L01400","strahler":1,"length_m":66.6,"drop_m":0.75,"gradient":0.01124,"area_ha":4.71,"on_drain_share":0.0,"downstream":"L01443"}},{"type":"Feature","geometry":{"type":"LineString","coordinates":[[80.26225125563407,12.967117740920665],[80.26261897426834,12.967480465164401],[80.2626176428844,12.967932564456618],[80.26280097047102,12.968294766131372],[80.26279990556158,12.968656445558699],[80.26325955773791,12.969109849972886],[80.26279724314682,12.969560644082764],[80.26279617812443,12.969922323474682],[80.26298003967091,12.970103685363888]]},"properties":{"id":"L01394","strahler":1,"length_m":404.6,"drop_m":2.64,"gradient":0.00653,"area_ha":11.64,"on_drain_share":0.0,"downstream":"L01397"}},{"type":"Feature","geometry":{"type":"LineString","coordinates":[[80.19632589813111,12.96873096154651],[80.19641780300694,12.968821664612651],[80.19641664216184,12.969183338356416],[80.19623138081131,12.969454024334896],[80.19659929173038,12.969726418157475],[80.19733685542683,12.969728693669204],[80.19770650660631,12.969458575259969],[80.19798309275545,12.96945942762797],[80.1983527428781,12.969189308231336],[80.19835390092705,12.968827634315485],[80.19853887013382,12.968647365137851],[80.19890765055099,12.968648500314297]]},"properties":{"id":"L01416","strahler":2,"length_m":468.0,"drop_m":2.17,"gradient":0.00464,"area_ha":20.73,"on_drain_share":0.0,"downstream":"L01422"}},{"type":"Feature","geometry":{"type":"LineString","coordinates":[[80.20489861435298,12.969209385470073],[80.20517433954397,12.969481486062874],[80.2057275129233,12.969483174638384],[80.20591161727252,12.969574155878183],[80.20665118785357,12.968943474353681]]},"properties":{"id":"L01406","strahler":2,"length_m":235.6,"drop_m":0.23,"gradient":0.00099,"area_ha":65.28,"on_drain_share":0.0,"downstream":"L01374"}},{"type":"Feature","geometry":{"type":"LineString","coordinates":[[80.21402483910424,12.969598781052804],[80.2158744190652,12.967795965102958]]},"properties":{"id":"L01431","strahler":3,"length_m":282.8,"drop_m":-0.42,"gradient":0.0,"area_ha":254.97,"on_drain_share":0.0,"downstream":"L01526"}},{"type":"Feature","geometry":{"type":"LineString","coordinates":[[80.21743608508373,12.96960905932063],[80.21624121855804,12.968430007796893],[80.21596576485861,12.968067499408876],[80.2158744190652,12.967795965102958]]},"properties":{"id":"L01432","strahler":3,"length_m":270.4,"drop_m":-0.11,"gradient":0.0,"area_ha":56.11,"on_drain_share":0.0,"downstream":"L01526"}},{"type":"Feature","geometry":{"type":"LineString","coordinates":[[80.22886866870873,12.969552760371073],[80.227489633185,12.968282792037359],[80.22675569832498,12.967105153800677]]},"properties":{"id":"L01443","strahler":3,"length_m":371.1,"drop_m":1.6,"gradient":0.00432,"area_ha":214.82,"on_drain_share":0.0,"downstream":null}},{"type":"Feature","geometry":{"type":"LineString","coordinates":[[80.22896086481695,12.96955303349139],[80.22886866870873,12.969552760371073]]},"properties":{"id":"L01402","strahler":3,"length_m":10.0,"drop_m":0.0,"gradient":0.0,"area_ha":203.15,"on_drain_share":0.0,"downstream":"L01443"}},{"type":"Feature","geometry":{"type":"LineString","coordinates":[[80.25413101915889,12.96944553489731],[80.25394608704977,12.969625845793011],[80.25366949704404,12.969625052877722],[80.25367030568302,12.969353793891372],[80.25339425527744,12.969172161383426],[80.25311712632592,12.96935220721356],[80.25265614358455,12.96935088408421],[80.25256367709864,12.969441039000268],[80.25210458498064,12.968806777456335]]},"properties":{"id":"L01413","strahler":1,"length_m":319.7,"drop_m":3.3,"gradient":0.01033,"area_ha":6.73,"on_drain_share":0.0,"downstream":"L01421"}},{"type":"Feature","geometry":{"type":"LineString","coordinates":[[80.24150010296366,12.969409034883281],[80.24122406206607,12.9692273899492],[80.24085527706497,12.969226314672156],[80.23984413823858,12.968228741800289],[80.23984468725797,12.968047903034515],[80.23864944129095,12.966959368091162]]},"properties":{"id":"L01449","strahler":1,"length_m":433.6,"drop_m":5.09,"gradient":0.01175,"area_ha":13.07,"on_drain_share":0.0,"downstream":"L01457"}},{"type":"Feature","geometry":{"type":"LineString","coordinates":[[80.18959419976137,12.969162186901885],[80.1897791751577,12.968981924339326],[80.18978093076547,12.968439414602026],[80.18959712644008,12.968258004047753],[80.1895063951109,12.967805625573256]]},"properties":{"id":"L01426","strahler":1,"length_m":170.7,"drop_m":0.71,"gradient":0.00419,"area_ha":5.99,"on_drain_share":0.0,"downstream":"L01452"}},{"type":"Feature","geometry":{"type":"LineString","coordinates":[[80.20268909151356,12.96820801286261],[80.20342435047412,12.968933619613999],[80.20397752240703,12.968935311838163],[80.20416133823849,12.969116712866528],[80.20480670608914,12.969118685214031],[80.20489861435298,12.969209385470073]]},"properties":{"id":"L01405","strahler":2,"length_m":285.6,"drop_m":-2.2,"gradient":0.0,"area_ha":50.41,"on_drain_share":0.0,"downstream":"L01406"}},{"type":"Feature","geometry":{"type":"LineString","coordinates":[[80.17198587620838,12.968835513439021],[80.17254083653742,12.968294765059854],[80.17263303091033,12.96829505810241],[80.17263362847262,12.96811422229443],[80.17291080875874,12.967934265390378],[80.17291200343868,12.967572593736412],[80.17318978003686,12.967211800634328]]},"properties":{"id":"L01437","strahler":1,"length_m":245.6,"drop_m":0.55,"gradient":0.00223,"area_ha":11.45,"on_drain_share":0.0,"downstream":"L01441"}},{"type":"Feature","geometry":{"type":"LineString","coordinates":[[80.25108961406325,12.969075120507382],[80.25136620329798,12.96907591613082],[80.25201346915493,12.9684448340129]]},"properties":{"id":"L01420","strahler":2,"length_m":129.0,"drop_m":0.01,"gradient":5e-05,"area_ha":22.75,"on_drain_share":0.0,"downstream":"L01445"}},{"type":"Feature","geometry":{"type":"LineString","coordinates":[[80.19890765055099,12.968648500314297],[80.19927585265764,12.968830471971042],[80.1994608212425,12.968650202099601],[80.19973740661781,12.968651052551545],[80.20047727754805,12.967929970738766],[80.20047756626734,12.967839552204886],[80.20056976111476,12.96783983534405],[80.20057033848022,12.96765899827031],[80.20066282190942,12.96756886283289],[80.20093940617181,12.967569711938228],[80.20121512510792,12.967841816404174],[80.20204487897075,12.967844361131169],[80.20268909151356,12.96820801286261]]},"properties":{"id":"L01422","strahler":2,"length_m":522.8,"drop_m":7.48,"gradient":0.01431,"area_ha":32.05,"on_drain_share":0.0,"downstream":"L01405"}},{"type":"Feature","geometry":{"type":"LineString","coordinates":[[80.20619164429807,12.968489975710916],[80.20665118785357,12.968943474353681]]},"properties":{"id":"L01409","strahler":1,"length_m":70.7,"drop_m":-2.18,"gradient":0.0,"area_ha":4.92,"on_drain_share":0.0,"downstream":"L01374"}},{"type":"Feature","geometry":{"type":"LineString","coordinates":[[80.22250910790734,12.968900903180787],[80.22278653715148,12.968630472114873]]},"properties":{"id":"L01417","strahler":2,"length_m":42.4,"drop_m":-0.28,"gradient":0.0,"area_ha":21.5,"on_drain_share":0.0,"downstream":"L01424"}},{"type":"Feature","geometry":{"type":"LineString","coordinates":[[80.24897153824072,12.968255234832878],[80.24924812643515,12.968256032657267],[80.24961772366404,12.967985837203416],[80.25007762031132,12.968348843963431],[80.25026201255473,12.968349375099333],[80.25108961406325,12.969075120507382]]},"properties":{"id":"L01411","strahler":1,"length_m":292.1,"drop_m":3.16,"gradient":0.01083,"area_ha":6.35,"on_drain_share":0.0,"downstream":"L01420"}},{"type":"Feature","geometry":{"type":"LineString","coordinates":[[80.19476003607205,12.968274025852997],[80.19475887288314,12.96863569946413],[80.19623399332184,12.968640258451197],[80.19632589813111,12.96873096154651]]},"properties":{"id":"L01414","strahler":1,"length_m":214.1,"drop_m":0.79,"gradient":0.00367,"area_ha":9.62,"on_drain_share":0.0,"downstream":"L01416"}},{"type":"Feature","geometry":{"type":"LineString","coordinates":[[80.19641867361767,12.968550409298174],[80.19632589813111,12.96873096154651]]},"properties":{"id":"L01415","strahler":1,"length_m":24.1,"drop_m":0.34,"gradient":0.01428,"area_ha":4.07,"on_drain_share":0.0,"downstream":"L01416"}},{"type":"Feature","geometry":{"type":"LineString","coordinates":[[80.25210458498064,12.968806777456335],[80.25201265877969,12.968716092915233],[80.25201346915493,12.9684448340129]]},"properties":{"id":"L01421","strahler":3,"length_m":44.1,"drop_m":-0.05,"gradient":0.0,"area_ha":107.24,"on_drain_share":0.0,"downstream":"L01445"}},{"type":"Feature","geometry":{"type":"LineString","coordinates":[[80.19817472259162,12.967199533719574],[80.19863424854191,12.967653045578649],[80.19863193343578,12.968376393515179],[80.19890765055099,12.968648500314297]]},"properties":{"id":"L01418","strahler":1,"length_m":193.1,"drop_m":2.06,"gradient":0.01067,"area_ha":6.09,"on_drain_share":0.0,"downstream":"L01422"}},{"type":"Feature","geometry":{"type":"LineString","coordinates":[[80.22205093871771,12.9679953358803],[80.22269434151802,12.96863019682695],[80.22278653715148,12.968630472114873]]},"properties":{"id":"L01419","strahler":2,"length_m":109.0,"drop_m":1.05,"gradient":0.0096,"area_ha":23.2,"on_drain_share":0.0,"downstream":"L01424"}},{"type":"Feature","geometry":{"type":"LineString","coordinates":[[80.22278653715148,12.968630472114873],[80.22334139384226,12.96808960897741]]},"properties":{"id":"L01424","strahler":3,"length_m":84.9,"drop_m":-0.66,"gradient":0.0,"area_ha":46.45,"on_drain_share":0.0,"downstream":"L01453"}},{"type":"Feature","geometry":{"type":"LineString","coordinates":[[80.23071564737194,12.968563605561238],[80.23071648080906,12.96829234799895],[80.23080895426827,12.96820220124815],[80.23081117639154,12.967478847700106]]},"properties":{"id":"L01435","strahler":1,"length_m":124.1,"drop_m":0.39,"gradient":0.00313,"area_ha":5.14,"on_drain_share":0.0,"downstream":"L01500"}},{"type":"Feature","geometry":{"type":"LineString","coordinates":[[80.21080311772317,12.967961479641136],[80.2112626692077,12.968414970585972],[80.2120924269969,12.968417483398424],[80.21218490682054,12.968327343648593],[80.2126458832899,12.968328738339657],[80.21310799647186,12.967968456975907],[80.2133845820122,12.967969292885037],[80.21375449845513,12.967608731668491],[80.21458425407144,12.967611236385716],[80.21467673273554,12.967521095676519],[80.21486112283387,12.967521651851978],[80.21504607983783,12.967341370183137],[80.2152304698202,12.967341926089441],[80.2158744190652,12.967795965102958]]},"properties":{"id":"L01434","strahler":2,"length_m":641.1,"drop_m":0.55,"gradient":0.00086,"area_ha":32.21,"on_drain_share":0.0,"downstream":"L01526"}},{"type":"Feature","geometry":{"type":"LineString","coordinates":[[80.25201346915493,12.9684448340129],[80.2520150898502,12.967902316191154],[80.25192316399699,12.967811631632083],[80.25192370427484,12.967630792355664],[80.25173985289308,12.96744942315426],[80.25174093367416,12.967087744604049]]},"properties":{"id":"L01445","strahler":3,"length_m":162.4,"drop_m":-0.34,"gradient":0.0,"area_ha":132.31,"on_drain_share":0.0,"downstream":"L01485"}},{"type":"Feature","geometry":{"type":"LineString","coordinates":[[80.19005897769347,12.967988183828577],[80.18978210112634,12.968077741431157],[80.1895063951109,12.967805625573256]]},"properties":{"id":"L01427","strahler":1,"length_m":76.6,"drop_m":-0.17,"gradient":0.0,"area_ha":4.78,"on_drain_share":0.0,"downstream":"L01452"}},{"type":"Feature","geometry":{"type":"LineString","coordinates":[[80.20186365948437,12.966849191613894],[80.20195383681352,12.967482404241965],[80.20268909151356,12.96820801286261]]},"properties":{"id":"L01423","strahler":1,"length_m":187.3,"drop_m":0.0,"gradient":0.0,"area_ha":10.34,"on_drain_share":0.0,"downstream":"L01405"}},{"type":"Feature","geometry":{"type":"LineString","coordinates":[[80.20997364699475,12.967868544063283],[80.21024937663536,12.968140639540772],[80.21034157181305,12.968140919225785],[80.21052681745522,12.967870222235],[80.21071120762598,12.967870781364422],[80.21080311772317,12.967961479641136]]},"properties":{"id":"L01429","strahler":1,"length_m":124.9,"drop_m":0.8,"gradient":0.00641,"area_ha":8.79,"on_drain_share":0.0,"downstream":"L01434"}},{"type":"Feature","geometry":{"type":"LineString","coordinates":[[80.22002207744201,12.968170104485903],[80.22066744532357,12.968172037373256],[80.22094487558718,12.96790160832239],[80.22122146157372,12.967902435901316],[80.22131393810164,12.967812292705956],[80.22159052401392,12.967813119887191],[80.22186654795298,12.967994784777277],[80.22205093871771,12.9679953358803]]},"properties":{"id":"L01428","strahler":1,"length_m":244.9,"drop_m":0.74,"gradient":0.00303,"area_ha":6.61,"on_drain_share":0.0,"downstream":"L01419"}},{"type":"Feature","geometry":{"type":"LineString","coordinates":[[80.22334139384226,12.96808960897741],[80.22352634553995,12.967909320966982],[80.22371073631464,12.967909870890846],[80.2238032120013,12.967819726760517],[80.2238043331646,12.96745805058101],[80.22426698999973,12.966916910258993]]},"properties":{"id":"L01453","strahler":4,"length_m":183.1,"drop_m":2.57,"gradient":0.01401,"area_ha":231.9,"on_drain_share":0.0,"downstream":null}},{"type":"Feature","geometry":{"type":"LineString","coordinates":[[80.23735512626524,12.968131041567727],[80.23726375681443,12.967859513461338],[80.2370799164872,12.967678134484593],[80.2370804674787,12.96749729582786],[80.23643675315398,12.966952887821664]]},"properties":{"id":"L01448","strahler":1,"length_m":177.3,"drop_m":4.01,"gradient":0.02262,"area_ha":5.44,"on_drain_share":0.0,"downstream":"L01454"}},{"type":"Feature","geometry":{"type":"LineString","coordinates":[[80.17346427275922,12.967845604396745],[80.17346546663131,12.967483932689595],[80.17328167550178,12.967302511348473],[80.17328316810125,12.96685042171504]]},"properties":{"id":"L01442","strahler":1,"length_m":118.3,"drop_m":1.25,"gradient":0.01061,"area_ha":4.58,"on_drain_share":0.0,"downstream":"L01451"}},{"type":"Feature","geometry":{"type":"LineString","coordinates":[[80.17484718643293,12.967849991552844],[80.1748495701471,12.967126647875457],[80.17503455391564,12.966946396306879],[80.17558741987193,12.967038566574837],[80.1758651921527,12.966677770335442],[80.17595738600784,12.966678062164965],[80.17706727802589,12.965596545337483]]},"properties":{"id":"L01473","strahler":1,"length_m":404.6,"drop_m":2.08,"gradient":0.00514,"area_ha":11.01,"on_drain_share":0.0,"downstream":"L01483"}},{"type":"Feature","geometry":{"type":"LineString","coordinates":[[80.17835057001074,12.96786107281069],[80.17816677486604,12.96767965469484],[80.17816855544918,12.967137146478981],[80.17844573099941,12.966957183363526],[80.17890847998963,12.966416129299759],[80.17891085170089,12.965692784801737],[80.17928081123694,12.965332275225654],[80.17928170016535,12.965061020995698],[80.18039097934161,12.964160324792767]]},"properties":{"id":"L01487","strahler":1,"length_m":535.3,"drop_m":7.48,"gradient":0.01397,"area_ha":12.36,"on_drain_share":0.0,"downstream":"L01488"}},{"type":"Feature","geometry":{"type":"LineString","coordinates":[[80.1895063951109,12.967805625573256],[80.18895586346348,12.966990138224691],[80.1892333245544,12.966719744859112]]},"properties":{"id":"L01452","strahler":2,"length_m":157.3,"drop_m":-0.2,"gradient":0.0,"area_ha":12.4,"on_drain_share":0.0,"downstream":"L01532"}},{"type":"Feature","geometry":{"type":"LineString","coordinates":[[80.20905797957728,12.965876532440438],[80.20970134239695,12.966511423409095],[80.20988573153035,12.966511983065594],[80.21025336917519,12.966874777016603],[80.21052881303375,12.967237290932804],[80.21052824287923,12.967418128450884],[80.21080311772317,12.967961479641136]]},"properties":{"id":"L01430","strahler":1,"length_m":320.4,"drop_m":0.35,"gradient":0.00108,"area_ha":10.33,"on_drain_share":0.0,"downstream":"L01434"}},{"type":"Feature","geometry":{"type":"LineString","coordinates":[[80.21809529138044,12.965180471594627],[80.21855767333714,12.96472976073898],[80.2187420615521,12.964730314048786],[80.21883397364194,12.964821009612217],[80.21938713855056,12.964822668574524],[80.22021463380712,12.965548506691194],[80.22021407072317,12.9657293446539],[80.22076554971554,12.96627351474291],[80.22085830708255,12.96609295268172],[80.2210429776546,12.966003085422985],[80.22141119394706,12.966185026506805],[80.22159502124379,12.966366415870286],[80.22159164837248,12.967451443898158],[80.22149917207967,12.967541587207888],[80.22205093871771,12.9679953358803]]},"properties":{"id":"L01433","strahler":1,"length_m":732.5,"drop_m":-0.19,"gradient":0.0,"area_ha":15.91,"on_drain_share":0.0,"downstream":"L01419"}},{"type":"Feature","geometry":{"type":"LineString","coordinates":[[80.2158744190652,12.967795965102958],[80.21679891625571,12.966984970434131],[80.21680061304968,12.966442457034416],[80.21689309050595,12.966352315459526],[80.21689365601596,12.966171477649294],[80.2163427520106,12.965446462049753],[80.21634586417022,12.964451854124508],[80.21607013134269,12.964179764881106],[80.21607069734881,12.963998927076494],[80.21653308042823,12.963548219859431],[80.21671746768389,12.963548774553216],[80.21717984878838,12.963098066058222],[80.21718041394453,12.962917228190438],[80.21681305384882,12.962464024740386],[80.21681361924117,12.96228318687973],[80.21672170880213,12.962192490680502],[80.21672312240108,12.961740396024627],[80.21681559804681,12.961650254347516],[80.21681644607425,12.961378997538507],[80.2174637729879,12.960748004700287],[80.21746462025251,12.960476747830334]]},"properties":{"id":"L01526","strahler":4,"length_m":1014.0,"drop_m":0.33,"gradient":0.00033,"area_ha":358.24,"on_drain_share":0.0,"downstream":"L01557"}},{"type":"Feature","geometry":{"type":"LineString","coordinates":[[80.25358457836747,12.967183457476729],[80.25293758946455,12.967724124296613],[80.25238441380064,12.967722536257682],[80.25219975188892,12.967812426293843],[80.25201671047179,12.967359798346637],[80.25174093367416,12.967087744604049]]},"properties":{"id":"L01446","strahler":1,"length_m":279.7,"drop_m":1.98,"gradient":0.00707,"area_ha":8.71,"on_drain_share":0.0,"downstream":"L01485"}},{"type":"Feature","geometry":{"type":"LineString","coordinates":[[80.23265536161864,12.967393870053227],[80.23210246657692,12.96730181973494],[80.23191863058629,12.967120437336815],[80.23154984949146,12.967119349050451],[80.23108720723998,12.967660503173395],[80.23081117639154,12.967478847700106]]},"properties":{"id":"L01436","strahler":3,"length_m":251.4,"drop_m":1.68,"gradient":0.00669,"area_ha":131.88,"on_drain_share":0.0,"downstream":"L01500"}},{"type":"Feature","geometry":{"type":"LineString","coordinates":[[80.23081117639154,12.967478847700106],[80.23072203657252,12.966483964104832],[80.2309997322871,12.966123104375932],[80.23100056525423,12.965851846744723],[80.23081756424584,12.965399206023914],[80.23072842465987,12.964404322313742],[80.22971734681794,12.963406713078138]]},"properties":{"id":"L01500","strahler":3,"length_m":524.6,"drop_m":1.56,"gradient":0.00298,"area_ha":144.24,"on_drain_share":0.0,"downstream":null}},{"type":"Feature","geometry":{"type":"LineString","coordinates":[[80.23265508452839,12.967484289288803],[80.23265536161864,12.967393870053227]]},"properties":{"id":"L01438","strahler":1,"length_m":10.0,"drop_m":0.0,"gradient":0.0,"area_ha":4.01,"on_drain_share":0.0,"downstream":"L01436"}},{"type":"Feature","geometry":{"type":"LineString","coordinates":[[80.23542094830734,12.967492427189411],[80.23542205266175,12.967130750008709],[80.23533013342187,12.967040059931684]]},"properties":{"id":"L01444","strahler":1,"length_m":54.1,"drop_m":1.9,"gradient":0.03502,"area_ha":6.06,"on_drain_share":0.0,"downstream":"L01467"}},{"type":"Feature","geometry":{"type":"LineString","coordinates":[[80.25800890568527,12.967557787030236],[80.25745733853827,12.967013691253639]]},"properties":{"id":"L01450","strahler":1,"length_m":84.9,"drop_m":0.09,"gradient":0.00103,"area_ha":4.92,"on_drain_share":0.0,"downstream":"L01460"}},{"type":"Feature","geometry":{"type":"LineString","coordinates":[[80.17309758604979,12.967211507812962],[80.17318978003686,12.967211800634328]]},"properties":{"id":"L01439","strahler":1,"length_m":10.0,"drop_m":0.0,"gradient":0.0,"area_ha":4.06,"on_drain_share":0.0,"downstream":"L01441"}},{"type":"Feature","geometry":{"type":"LineString","coordinates":[[80.17318978003686,12.967211800634328],[80.17319067569639,12.9669405468606],[80.17328316810125,12.96685042171504]]},"properties":{"id":"L01441","strahler":2,"length_m":44.1,"drop_m":0.09,"gradient":0.00212,"area_ha":15.82,"on_drain_share":0.0,"downstream":"L01451"}},{"type":"Feature","geometry":{"type":"LineString","coordinates":[[80.2333026673742,12.966762836748124],[80.23265536161864,12.967393870053227]]},"properties":{"id":"L01440","strahler":3,"length_m":99.0,"drop_m":-0.3,"gradient":0.0,"area_ha":124.97,"on_drain_share":0.0,"downstream":"L01436"}},{"type":"Feature","geometry":{"type":"LineString","coordinates":[[80.17328316810125,12.96685042171504],[80.17346815271131,12.966670171311444],[80.1736522419287,12.966761174572756],[80.17383692791061,12.966671341828189]]},"properties":{"id":"L01451","strahler":2,"length_m":76.6,"drop_m":0.27,"gradient":0.0035,"area_ha":21.13,"on_drain_share":0.0,"downstream":"L01479"}},{"type":"Feature","geometry":{"type":"LineString","coordinates":[[80.23533013342187,12.967040059931684],[80.23514629514183,12.966858679689523],[80.23431653796354,12.966856240645823],[80.2340405054257,12.966674588504363],[80.2333026673742,12.966762836748124]]},"properties":{"id":"L01467","strahler":2,"length_m":240.7,"drop_m":1.29,"gradient":0.00535,"area_ha":95.49,"on_drain_share":0.0,"downstream":"L01440"}},{"type":"Feature","geometry":{"type":"LineString","coordinates":[[80.23597577661009,12.966951535398975],[80.23579111005901,12.9670414135066],[80.23533013342187,12.967040059931684]]},"properties":{"id":"L01447","strahler":2,"length_m":74.1,"drop_m":-0.91,"gradient":0.0,"area_ha":85.53,"on_drain_share":0.0,"downstream":"L01467"}},{"type":"Feature","geometry":{"type":"LineString","coordinates":[[80.25174093367416,12.967087744604049],[80.25174201442248,12.966726066043718],[80.2515584340512,12.966454277105827],[80.2514692115185,12.965459396000456],[80.2513772867206,12.965368711291497],[80.25128644323941,12.96491634798038]]},"properties":{"id":"L01485","strahler":3,"length_m":260.7,"drop_m":-0.97,"gradient":0.0,"area_ha":149.8,"on_drain_share":0.0,"downstream":"L01502"}},{"type":"Feature","geometry":{"type":"LineString","coordinates":[[80.25727267878185,12.967103585020705],[80.25736541091342,12.966923008521006]]},"properties":{"id":"L01459","strahler":1,"length_m":24.1,"drop_m":0.05,"gradient":0.00222,"area_ha":4.68,"on_drain_share":0.0,"downstream":"L01469"}},{"type":"Feature","geometry":{"type":"LineString","coordinates":[[80.23643675315398,12.966952887821664],[80.23597577661009,12.966951535398975]]},"properties":{"id":"L01454","strahler":2,"length_m":50.0,"drop_m":-1.5,"gradient":0.0,"area_ha":61.31,"on_drain_share":0.0,"downstream":"L01447"}},{"type":"Feature","geometry":{"type":"LineString","coordinates":[[80.23745090173428,12.96695586027909],[80.23643675315398,12.966952887821664]]},"properties":{"id":"L01455","strahler":2,"length_m":110.0,"drop_m":-0.57,"gradient":0.0,"area_ha":55.12,"on_drain_share":0.0,"downstream":"L01454"}},{"type":"Feature","geometry":{"type":"LineString","coordinates":[[80.2378196830988,12.966956940193437],[80.23745090173428,12.96695586027909]]},"properties":{"id":"L01456","strahler":2,"length_m":40.0,"drop_m":0.0,"gradient":0.0,"area_ha":42.39,"on_drain_share":0.0,"downstream":"L01455"}},{"type":"Feature","geometry":{"type":"LineString","coordinates":[[80.23864944129095,12.966959368091162],[80.2378196830988,12.966956940193437]]},"properties":{"id":"L01457","strahler":2,"length_m":90.0,"drop_m":0.0,"gradient":0.0,"area_ha":28.43,"on_drain_share":0.0,"downstream":"L01456"}},{"type":"Feature","geometry":{"type":"LineString","coordinates":[[80.24067993320217,12.966241936532576],[80.24040334778083,12.966241129728015],[80.23938700427001,12.966961524002816],[80.23864944129095,12.966959368091162]]},"properties":{"id":"L01458","strahler":1,"length_m":253.1,"drop_m":0.0,"gradient":0.0,"area_ha":12.39,"on_drain_share":0.0,"downstream":"L01457"}},{"type":"Feature","geometry":{"type":"LineString","coordinates":[[80.25745733853827,12.967013691253639],[80.25736541091342,12.966923008521006]]},"properties":{"id":"L01460","strahler":2,"length_m":14.1,"drop_m":0.0,"gradient":0.0,"area_ha":9.98,"on_drain_share":0.0,"downstream":"L01469"}},{"type":"Feature","geometry":{"type":"LineString","coordinates":[[80.25911793306285,12.966656740083051],[80.25847256330304,12.966654902725935],[80.25810270907377,12.967015531177221],[80.25745733853827,12.967013691253639]]},"properties":{"id":"L01461","strahler":1,"length_m":196.6,"drop_m":1.71,"gradient":0.00872,"area_ha":4.88,"on_drain_share":0.0,"downstream":"L01460"}},{"type":"Feature","geometry":{"type":"LineString","coordinates":[[80.17310087040127,12.966216910637968],[80.17328466064419,12.966398332065774],[80.1734690480306,12.966398917507323],[80.17383692791061,12.966671341828189]]},"properties":{"id":"L01462","strahler":1,"length_m":100.7,"drop_m":0.08,"gradient":0.00077,"area_ha":4.79,"on_drain_share":0.0,"downstream":"L01479"}},{"type":"Feature","geometry":{"type":"LineString","coordinates":[[80.17383692791061,12.966671341828189],[80.17402191200625,12.966491090996639],[80.17402280671297,12.966219837150751],[80.1743002820374,12.965949460597587],[80.17430266696967,12.965226116914893]]},"properties":{"id":"L01479","strahler":2,"length_m":180.7,"drop_m":0.61,"gradient":0.00337,"area_ha":27.48,"on_drain_share":0.0,"downstream":"L01482"}},{"type":"Feature","geometry":{"type":"LineString","coordinates":[[80.1892333245544,12.966719744859112],[80.18960210128509,12.96672089305036],[80.1899717554992,12.96645078579366],[80.19034053190146,12.966451932915625],[80.19052550467075,12.966271669635663],[80.19061915989674,12.965819864630967],[80.19080413198274,12.96563960110499],[80.19098851962029,12.965640174106571],[80.19145094835991,12.96518951429011],[80.19163737858682,12.96455715830968],[80.19200731913844,12.964196629430287],[80.19200994427617,12.963382864067631],[80.19182672519028,12.96302061839272],[80.19182905895732,12.962297271373384],[80.19173715809285,12.96220656688077],[80.19173803331219,12.961935311742364],[80.19164613260742,12.961844607224904],[80.1915553991458,12.961392229163016],[80.19137159831736,12.961210819993878],[80.1926663685167,12.95994896635968],[80.19312732736817,12.959950394706206]]},"properties":{"id":"L01532","strahler":2,"length_m":1075.7,"drop_m":5.01,"gradient":0.00465,"area_ha":83.17,"on_drain_share":0.0,"downstream":"L01533"}},{"type":"Feature","geometry":{"type":"LineString","coordinates":[[80.2405117190535,12.960906652419657],[80.24078720253229,12.961269136589667],[80.24096967144952,12.961902610181797],[80.24087720389666,12.961992760918042],[80.24032404243133,12.96199114795346],[80.23986252585995,12.96217064176953],[80.23949265332794,12.96253124280153],[80.23958320016028,12.963074028502135],[80.23820001609218,12.963160406069427],[80.23792233384076,12.963521274321838],[80.23736779284518,12.963971751699441],[80.23736696689843,12.964243009775126],[80.23708873134954,12.964784715673176],[80.237086803281,12.96541765109352],[80.23643951019076,12.96604869459844],[80.23671499275343,12.966411182922155],[80.23597577661009,12.966951535398975]]},"properties":{"id":"L01464","strahler":1,"length_m":1099.8,"drop_m":4.56,"gradient":0.00415,"area_ha":23.54,"on_drain_share":0.0,"downstream":"L01447"}},{"type":"Feature","geometry":{"type":"LineString","coordinates":[[80.24013307225054,12.964160676216606],[80.24013224928608,12.96443193446337],[80.23994731157269,12.964612235132469],[80.24003813426548,12.965064601277522],[80.23966825745775,12.965425202256784],[80.23902179475657,12.96578499439737],[80.23874438537243,12.966055443984633],[80.23828286017243,12.966234934466948],[80.23745090173428,12.96695586027909]]},"properties":{"id":"L01465","strahler":1,"length_m":479.4,"drop_m":5.95,"gradient":0.01241,"area_ha":8.27,"on_drain_share":0.0,"downstream":"L01455"}},{"type":"Feature","geometry":{"type":"LineString","coordinates":[[80.2435409880067,12.965255642063823],[80.2429894588263,12.964711517534361],[80.2412377612367,12.96470641893979],[80.24086788661707,12.965067021758136],[80.24031362125693,12.965427086049434],[80.24003703675909,12.965426278905557],[80.23892822584975,12.966236821809037],[80.2384667004209,12.966416312603565],[80.2378196830988,12.966956940193437]]},"properties":{"id":"L01466","strahler":1,"length_m":748.4,"drop_m":6.28,"gradient":0.00839,"area_ha":10.01,"on_drain_share":0.0,"downstream":"L01456"}},{"type":"Feature","geometry":{"type":"LineString","coordinates":[[80.25736541091342,12.966923008521006],[80.25672165102678,12.966378648314064]]},"properties":{"id":"L01469","strahler":2,"length_m":94.9,"drop_m":0.61,"gradient":0.00638,"area_ha":15.28,"on_drain_share":0.0,"downstream":"L01486"}},{"type":"Feature","geometry":{"type":"LineString","coordinates":[[80.22832413092,12.966748127679507],[80.22768071758365,12.96611328002452]]},"properties":{"id":"L01471","strahler":1,"length_m":99.0,"drop_m":1.4,"gradient":0.0141,"area_ha":4.34,"on_drain_share":0.0,"downstream":null}},{"type":"Feature","geometry":{"type":"LineString","coordinates":[[80.17734088819145,12.966501599645493],[80.17725077383315,12.965868382144981],[80.17706727802589,12.965596545337483]]},"properties":{"id":"L01474","strahler":1,"length_m":112.4,"drop_m":0.26,"gradient":0.0023,"area_ha":5.82,"on_drain_share":0.0,"downstream":"L01483"}},{"type":"Feature","geometry":{"type":"LineString","coordinates":[[80.23321324084235,12.965858372670672],[80.23321241027136,12.966129630443],[80.2333043283857,12.9662203212126],[80.23321074907275,12.966672145970575],[80.2333026673742,12.966762836748124]]},"properties":{"id":"L01468","strahler":2,"length_m":112.4,"drop_m":-1.65,"gradient":0.0,"area_ha":28.32,"on_drain_share":0.0,"downstream":"L01440"}},{"type":"Feature","geometry":{"type":"LineString","coordinates":[[80.25672165102678,12.966378648314064],[80.25644452747368,12.966558698022858],[80.25506562826084,12.965198448960454],[80.25497397115952,12.965017345734111],[80.25442080121681,12.96501576234669],[80.25386924758301,12.96447165958957],[80.25303949471386,12.964469280645883],[80.25276210115437,12.964739746108814],[80.25202454243781,12.964737628443896],[80.25156248747203,12.965097982443329],[80.25128644323941,12.96491634798038]]},"properties":{"id":"L01486","strahler":2,"length_m":736.7,"drop_m":3.88,"gradient":0.00527,"area_ha":35.42,"on_drain_share":0.0,"downstream":"L01502"}},{"type":"Feature","geometry":{"type":"LineString","coordinates":[[80.2048158948728,12.96622528901828],[80.20499999652746,12.96631627076742],[80.20536877409444,12.96631739659217],[80.20546125537443,12.966227259311632],[80.20564564410876,12.966227821958835],[80.20583089308782,12.965957128481959],[80.20601556831429,12.965867272186061],[80.20638434531128,12.965868396534155]]},"properties":{"id":"L01472","strahler":1,"length_m":200.7,"drop_m":-0.48,"gradient":0.0,"area_ha":5.77,"on_drain_share":0.0,"downstream":"L01491"}},{"type":"Feature","geometry":{"type":"LineString","coordinates":[[80.25847604389875,12.965479445522398],[80.25801372824093,12.965930231158017],[80.25773714206063,12.965929442785459],[80.25736728796127,12.966290070212459],[80.25672165102678,12.966378648314064]]},"properties":{"id":"L01470","strahler":1,"length_m":231.4,"drop_m":-1.64,"gradient":0.0,"area_ha":7.34,"on_drain_share":0.0,"downstream":"L01486"}},{"type":"Feature","geometry":{"type":"LineString","coordinates":[[80.20638434531128,12.965868396534155],[80.20647625305791,12.965959096219544],[80.20666064164034,12.965959658136532],[80.20712333075242,12.965418550183564],[80.20712504829241,12.964876037986492],[80.20740220231318,12.964696042638549],[80.20740277460082,12.964515205219788],[80.20694323724948,12.964061708142573],[80.20592910776884,12.96405861752848],[80.2057452940739,12.963877217819693],[80.20574586752036,12.963696380462451]]},"properties":{"id":"L01491","strahler":2,"length_m":462.1,"drop_m":1.43,"gradient":0.00311,"area_ha":26.15,"on_drain_share":0.0,"downstream":"L01609"}},{"type":"Feature","geometry":{"type":"LineString","coordinates":[[80.20094979238335,12.964314643861318],[80.20113417950647,12.964315209621502],[80.20113504469658,12.964043953899155],[80.20122781487753,12.963863399568702],[80.20141248996916,12.963773546529934],[80.20168907009095,12.963774394595061],[80.20187288060399,12.963955796993918],[80.20233384787186,12.963957209477186],[80.20242575340548,12.964047910479845],[80.20325549494419,12.96405045061845],[80.20380693145792,12.964594654368879],[80.20436038109891,12.964505926581635],[80.20509592195347,12.965141109811954],[80.20555775222275,12.964871260718187],[80.20574213996308,12.964871823239287],[80.20611005561145,12.965144203924416],[80.20610862247077,12.96559629730268],[80.20638434531128,12.965868396534155]]},"properties":{"id":"L01475","strahler":1,"length_m":796.0,"drop_m":4.3,"gradient":0.0054,"area_ha":12.66,"on_drain_share":0.0,"downstream":"L01491"}},{"type":"Feature","geometry":{"type":"LineString","coordinates":[[80.17706727802589,12.965596545337483],[80.17706787225782,12.965415709289305],[80.17716036275566,12.96532558263797],[80.17688467413063,12.965053454352628],[80.17679337245546,12.964781908821603]]},"properties":{"id":"L01483","strahler":2,"length_m":110.7,"drop_m":1.27,"gradient":0.01146,"area_ha":18.0,"on_drain_share":0.0,"downstream":"L01495"}},{"type":"Feature","geometry":{"type":"LineString","coordinates":[[80.23321462508537,12.965406276370805],[80.23321324084235,12.965858372670672]]},"properties":{"id":"L01476","strahler":1,"length_m":50.0,"drop_m":-0.07,"gradient":0.0,"area_ha":4.37,"on_drain_share":0.0,"downstream":"L01468"}},{"type":"Feature","geometry":{"type":"LineString","coordinates":[[80.23497267658925,12.963331785172699],[80.23451032519553,12.963782527038816],[80.23432593698902,12.963781984933494],[80.23395605442676,12.964142577480551],[80.23395522477394,12.964413835335884],[80.23367781183511,12.96468427933252],[80.23367587516235,12.965317214251815],[80.23321324084235,12.965858372670672]]},"properties":{"id":"L01477","strahler":2,"length_m":370.4,"drop_m":1.08,"gradient":0.00293,"area_ha":21.88,"on_drain_share":0.0,"downstream":"L01468"}},{"type":"Feature","geometry":{"type":"LineString","coordinates":[[80.18140096535721,12.965429368672398],[80.18158594336936,12.965249112067571]]},"properties":{"id":"L01480","strahler":1,"length_m":28.3,"drop_m":-0.42,"gradient":0.0,"area_ha":7.33,"on_drain_share":0.0,"downstream":"L01510"}},{"type":"Feature","geometry":{"type":"LineString","coordinates":[[80.2468589159762,12.965626941810088],[80.24704330607871,12.965627475115875],[80.24732043475551,12.965447435714522],[80.24732206522879,12.96490491835362],[80.24750754149424,12.96454377303367],[80.24750889979143,12.96409167518367],[80.24769437512585,12.963730529660474],[80.24815561840823,12.963641441421974],[80.2493508931889,12.964729934399015],[80.2503650358045,12.964732856060856],[80.25036665959028,12.964190338289969],[80.25101364411894,12.963649677518914],[80.2510147256209,12.96328799892362]]},"properties":{"id":"L01501","strahler":1,"length_m":803.6,"drop_m":3.09,"gradient":0.00384,"area_ha":21.74,"on_drain_share":0.0,"downstream":"L01516"}},{"type":"Feature","geometry":{"type":"LineString","coordinates":[[80.1709902944109,12.963226376891473],[80.17071251957239,12.963587167831362],[80.17071012458437,12.964310510946298],[80.17098580532263,12.96458264533197],[80.17135457721595,12.964583819179124],[80.17181404715485,12.965037375297468],[80.17292036518472,12.965040891874807],[80.17319604922608,12.965313024098498],[80.1742101755457,12.965316242492031],[80.17430266696967,12.965226116914893]]},"properties":{"id":"L01478","strahler":1,"length_m":572.1,"drop_m":6.53,"gradient":0.01142,"area_ha":15.24,"on_drain_share":0.0,"downstream":"L01482"}},{"type":"Feature","geometry":{"type":"LineString","coordinates":[[80.26170261198591,12.965579035308917],[80.26188700267862,12.965579558101144],[80.26197946448936,12.965489399587865],[80.26197999740597,12.965308559865097],[80.26262536420934,12.965310388341752],[80.2630876708175,12.964859593986432],[80.26336425615169,12.96486037661192],[80.26419640300931,12.964048943507494],[80.26465737719974,12.964050245677395],[80.26474983747262,12.963960086085882]]},"properties":{"id":"L01493","strahler":1,"length_m":416.3,"drop_m":7.3,"gradient":0.01753,"area_ha":18.42,"on_drain_share":0.0,"downstream":null}},{"type":"Feature","geometry":{"type":"LineString","coordinates":[[80.17430266696967,12.965226116914893],[80.17448764961796,12.965045865648166],[80.17587054818925,12.965050246439295],[80.1760546372319,12.965141247993802],[80.17614712796441,12.96505112171637],[80.1765159010295,12.96505228829558],[80.17679337245546,12.964781908821603]]},"properties":{"id":"L01482","strahler":2,"length_m":299.0,"drop_m":1.37,"gradient":0.00458,"area_ha":48.81,"on_drain_share":0.0,"downstream":"L01495"}},{"type":"Feature","geometry":{"type":"LineString","coordinates":[[80.18048287652292,12.96425103307521],[80.18149374990965,12.965248822262481],[80.18158594336936,12.965249112067571]]},"properties":{"id":"L01481","strahler":3,"length_m":165.6,"drop_m":0.38,"gradient":0.0023,"area_ha":107.51,"on_drain_share":0.0,"downstream":"L01510"}},{"type":"Feature","geometry":{"type":"LineString","coordinates":[[80.18158594336936,12.965249112067571],[80.18186340988844,12.964978726879476],[80.18186429599479,12.964707472466234],[80.18214205685307,12.96434666876946],[80.18205163541197,12.963803870297223],[80.18186784021879,12.96362245475626],[80.18196269074559,12.962808981032095],[80.18214766632569,12.962628723852752],[80.18214825674951,12.96244788753243],[80.1825182068272,12.962087372702735]]},"properties":{"id":"L01510","strahler":3,"length_m":416.3,"drop_m":0.98,"gradient":0.00236,"area_ha":121.18,"on_drain_share":0.0,"downstream":"L01518"}},{"type":"Feature","geometry":{"type":"LineString","coordinates":[[80.17679337245546,12.964781908821603],[80.17734831351055,12.964241148861966],[80.17799366450666,12.96424318693088],[80.17817864389164,12.964062932825025],[80.17836302978667,12.96406351469781],[80.17864079468535,12.963702714977577],[80.17900956599696,12.963703877906424],[80.17910205516833,12.963613750473826],[80.17928644077557,12.963614331673005],[80.17947141879458,12.96343407655654],[80.17965580428668,12.963434657486292]]},"properties":{"id":"L01495","strahler":3,"length_m":378.0,"drop_m":2.72,"gradient":0.0072,"area_ha":73.46,"on_drain_share":0.0,"downstream":"L01490"}},{"type":"Feature","geometry":{"type":"LineString","coordinates":[[80.21284107455458,12.96489338104012],[80.21320985072732,12.964894495638875],[80.21394995717847,12.964082953589504],[80.21441092603145,12.964084344707944],[80.2146883578659,12.963813922367763],[80.2146892083434,12.963542665742423],[80.21441347836237,12.963270574886065],[80.21404498818816,12.963179043264548],[80.21294207632648,12.962090675753016],[80.21285045155423,12.961909559423287],[80.21294378080984,12.961548162653274],[80.21257614639858,12.961185372579951],[80.21248509064138,12.960823418450763],[80.21174982629121,12.960097836699864],[80.21129114210756,12.959373090665808],[80.21046397863606,12.95855680768188],[80.2104662577753,12.95783345711438]]},"properties":{"id":"L01568","strahler":1,"length_m":1132.0,"drop_m":2.29,"gradient":0.00202,"area_ha":15.01,"on_drain_share":0.0,"downstream":"L01574"}},{"type":"Feature","geometry":{"type":"LineString","coordinates":[[80.22233819495625,12.964560239429717],[80.22252202183971,12.964741628131453],[80.222706410238,12.964742178634587],[80.2227988850282,12.964652034793565],[80.22316766172571,12.964653135269726],[80.22344508532316,12.964382703107834],[80.22381386168087,12.964383802646417],[80.22454973477089,12.964928514646715]]},"properties":{"id":"L01484","strahler":1,"length_m":289.7,"drop_m":2.74,"gradient":0.00947,"area_ha":12.23,"on_drain_share":0.0,"downstream":null}},{"type":"Feature","geometry":{"type":"LineString","coordinates":[[80.25128644323941,12.96491634798038],[80.25128779475601,12.964464249750268],[80.25119587037229,12.964373564993922],[80.25110664955925,12.963378683726065],[80.2510147256209,12.96328799892362]]},"properties":{"id":"L01502","strahler":3,"length_m":192.4,"drop_m":0.73,"gradient":0.0038,"area_ha":187.15,"on_drain_share":0.0,"downstream":"L01516"}},{"type":"Feature","geometry":{"type":"LineString","coordinates":[[80.19606295634827,12.964480440572546],[80.19624792370355,12.964300172871866],[80.19661669751142,12.964301310919017],[80.19689414767231,12.964030908671518],[80.19726292114242,12.96403204578033],[80.19809526691284,12.963220835771645],[80.19809584585188,12.963039998743687],[80.19837329303147,12.96276959471892],[80.19864987183867,12.96277044594716],[80.1991093910599,12.963223956695442]]},"properties":{"id":"L01503","strahler":1,"length_m":441.1,"drop_m":2.35,"gradient":0.00532,"area_ha":14.45,"on_drain_share":0.0,"downstream":"L01494"}},{"type":"Feature","geometry":{"type":"LineString","coordinates":[[80.18039097934161,12.964160324792767],[80.18048287652292,12.96425103307521]]},"properties":{"id":"L01488","strahler":3,"length_m":14.1,"drop_m":0.0,"gradient":0.0,"area_ha":100.01,"on_drain_share":0.0,"downstream":"L01481"}},{"type":"Feature","geometry":{"type":"LineString","coordinates":[[80.18030174537463,12.963255853487214],[80.1803002658705,12.963707944045783],[80.18048405991834,12.963889360628086],[80.18048287652292,12.96425103307521]]},"properties":{"id":"L01489","strahler":1,"length_m":118.3,"drop_m":-1.25,"gradient":0.0,"area_ha":5.35,"on_drain_share":0.0,"downstream":"L01481"}},{"type":"Feature","geometry":{"type":"LineString","coordinates":[[80.22519705303884,12.964297502167975],[80.22565942123373,12.96384677785218]]},"properties":{"id":"L01492","strahler":1,"length_m":70.7,"drop_m":-0.3,"gradient":0.0,"area_ha":15.5,"on_drain_share":0.0,"downstream":null}},{"type":"Feature","geometry":{"type":"LineString","coordinates":[[80.17965580428668,12.963434657486292],[80.18039097934161,12.964160324792767]]},"properties":{"id":"L01490","strahler":3,"length_m":113.1,"drop_m":-0.73,"gradient":0.0,"area_ha":87.31,"on_drain_share":0.0,"downstream":"L01488"}},{"type":"Feature","geometry":{"type":"LineString","coordinates":[[80.21072403150353,12.963801936556367],[80.21100061228323,12.963802774733747],[80.21127633889213,12.964074869014095],[80.21164511372044,12.964075985759631],[80.21220026677881,12.96344472815702],[80.21210921094627,12.963082773942496],[80.21164966704787,12.962629284782814],[80.21165108984947,12.962177190694339],[80.21239119253178,12.961365652737165],[80.21239261385183,12.960913558523943],[80.21165734953614,12.96018797651711],[80.21119866548031,12.95946323033104],[80.21037150204766,12.95864694705922],[80.21037435130428,12.957742758870001]]},"properties":{"id":"L01573","strahler":1,"length_m":986.4,"drop_m":1.32,"gradient":0.00134,"area_ha":11.45,"on_drain_share":0.0,"downstream":"L01576"}},{"type":"Feature","geometry":{"type":"LineString","coordinates":[[80.18785950185735,12.963912468126331],[80.18786008821805,12.963731631565796],[80.18813754659341,12.96346123915759],[80.18878289732349,12.963463250369315],[80.1889678688063,12.963282988090965],[80.18896933261736,12.962830896538422],[80.18915401079232,12.96274105240061],[80.1891545961637,12.962560215765613],[80.18897108911744,12.96228838665448]]},"properties":{"id":"L01508","strahler":1,"length_m":293.1,"drop_m":-0.47,"gradient":0.0,"area_ha":11.21,"on_drain_share":0.0,"downstream":"L01537"}},{"type":"Feature","geometry":{"type":"LineString","coordinates":[[80.19910736726614,12.963856886430854],[80.198923848125,12.963585063670395],[80.1989244264827,12.96340422661068],[80.1991093910599,12.963223956695442]]},"properties":{"id":"L01497","strahler":1,"length_m":86.6,"drop_m":0.11,"gradient":0.00125,"area_ha":5.21,"on_drain_share":0.0,"downstream":"L01494"}},{"type":"Feature","geometry":{"type":"LineString","coordinates":[[80.20574586752036,12.963696380462451],[80.20593082770893,12.96351610543242],[80.20666837479897,12.963518353446123],[80.20722325227473,12.962977525796887],[80.20694810398817,12.962524590099124],[80.20694924901204,12.962162915238787],[80.20722697231894,12.961802082425988],[80.2072286891388,12.961259570064886],[80.20750583893359,12.961079574321579],[80.20750812707229,12.960356224412656],[80.20769308345672,12.960175947869157],[80.20769508496826,12.95954301662846],[80.20714422218518,12.958817983571551],[80.20714479439056,12.958637146082669],[80.20723727206726,12.958547007917685],[80.20723898841877,12.958004495419916],[80.20742394314752,12.957824218946188],[80.20733461186843,12.95691975086742],[80.20770509093317,12.95637835995997],[80.207706234303,12.956016684862801],[80.20779899656755,12.95583612763445],[80.20863128142261,12.955024879884254],[80.20863299427444,12.954482367056515]]},"properties":{"id":"L01609","strahler":3,"length_m":1284.0,"drop_m":1.8,"gradient":0.0014,"area_ha":79.94,"on_drain_share":0.0,"downstream":"L01634"}},{"type":"Feature","geometry":{"type":"LineString","coordinates":[[80.1991093910599,12.963223956695442],[80.20003132233273,12.963226790472627],[80.20058563547754,12.962866814893486],[80.20113850526039,12.962958930952801],[80.20197083545229,12.962147707548448],[80.202431799404,12.962149119664916],[80.2032589463249,12.962965427110063],[80.2045496501462,12.962969372841426],[80.20473346229755,12.963150773317986],[80.20537852802222,12.963243162031517],[80.20574586752036,12.963696380462451]]},"properties":{"id":"L01494","strahler":2,"length_m":854.3,"drop_m":5.25,"gradient":0.00614,"area_ha":32.07,"on_drain_share":0.0,"downstream":"L01609"}},{"type":"Feature","geometry":{"type":"LineString","coordinates":[[80.25553090389184,12.963753051644044],[80.25534705244148,12.963571684949345],[80.25497827456857,12.963570630132155],[80.25451864781347,12.96311721226516],[80.25451999330267,12.962665113638112],[80.25378297911183,12.962482161859482],[80.2536913238466,12.962301058248716],[80.25369294011396,12.96175853996303],[80.25295754705594,12.961033067784532]]},"properties":{"id":"L01521","strahler":1,"length_m":474.6,"drop_m":4.49,"gradient":0.00945,"area_ha":10.69,"on_drain_share":0.0,"downstream":"L01523"}},{"type":"Feature","geometry":{"type":"LineString","coordinates":[[80.2263978105934,12.963577712663112],[80.22612206712309,12.96330563348152]]},"properties":{"id":"L01499","strahler":1,"length_m":42.4,"drop_m":0.0,"gradient":0.0,"area_ha":474.16,"on_drain_share":0.0,"downstream":"L01506"}},{"type":"Feature","geometry":{"type":"LineString","coordinates":[[80.1770797550058,12.961798987793625],[80.17735633127552,12.961799861571118],[80.17790770348954,12.962344116647504],[80.17846085736831,12.962345862222525],[80.17845996774369,12.96261711645289],[80.17873654501282,12.962617988818788],[80.17928762583834,12.963252659316996],[80.17965580428668,12.963434657486292]]},"properties":{"id":"L01496","strahler":1,"length_m":378.0,"drop_m":3.04,"gradient":0.00804,"area_ha":12.26,"on_drain_share":0.0,"downstream":"L01490"}},{"type":"Feature","geometry":{"type":"LineString","coordinates":[[80.22602959398533,12.963395778607817],[80.22612206712309,12.96330563348152]]},"properties":{"id":"L01498","strahler":1,"length_m":14.1,"drop_m":0.0,"gradient":0.0,"area_ha":15.6,"on_drain_share":0.0,"downstream":"L01506"}},{"type":"Feature","geometry":{"type":"LineString","coordinates":[[80.18611018355139,12.963183653064085],[80.18657232210843,12.962823420337653],[80.18703328555117,12.962824859781628],[80.18703387245739,12.962644023243227],[80.18740352292888,12.962373919357233],[80.1876798073364,12.96246520049534],[80.18786360619553,12.962646612149387],[80.18832456946116,12.96264804928856],[80.18860202609311,12.962377656262438],[80.18887860379968,12.962378517842092],[80.18897108911744,12.96228838665448]]},"properties":{"id":"L01507","strahler":1,"length_m":388.0,"drop_m":2.25,"gradient":0.0058,"area_ha":9.22,"on_drain_share":0.0,"downstream":"L01537"}},{"type":"Feature","geometry":{"type":"LineString","coordinates":[[80.22612206712309,12.96330563348152],[80.22593823847559,12.963124247213889]]},"properties":{"id":"L01506","strahler":2,"length_m":28.3,"drop_m":0.0,"gradient":0.0,"area_ha":490.22,"on_drain_share":0.0,"downstream":null}},{"type":"Feature","geometry":{"type":"LineString","coordinates":[[80.21874685614543,12.963193191708688],[80.21856303322406,12.963011800540281],[80.21856387945145,12.962740543645923],[80.21838005698307,12.962559152368588],[80.21865748299574,12.962288725426705],[80.21865832907203,12.962017468511181]]},"properties":{"id":"L01513","strahler":1,"length_m":159.0,"drop_m":1.91,"gradient":0.01204,"area_ha":5.91,"on_drain_share":0.0,"downstream":"L01527"}},{"type":"Feature","geometry":{"type":"LineString","coordinates":[[80.23498013222587,12.960890463484501],[80.23461025506317,12.961251057330985],[80.23451750932189,12.961431625016766],[80.23451612786906,12.961883721592672],[80.23442365813334,12.96197386990869],[80.23515899711582,12.962699391566064],[80.23497267658925,12.963331785172699]]},"properties":{"id":"L01504","strahler":1,"length_m":336.3,"drop_m":1.74,"gradient":0.00518,"area_ha":9.0,"on_drain_share":0.0,"downstream":"L01477"}},{"type":"Feature","geometry":{"type":"LineString","coordinates":[[80.2353425565064,12.96297119101073],[80.23497267658925,12.963331785172699]]},"properties":{"id":"L01505","strahler":1,"length_m":56.6,"drop_m":0.34,"gradient":0.00606,"area_ha":5.0,"on_drain_share":0.0,"downstream":"L01477"}},{"type":"Feature","geometry":{"type":"LineString","coordinates":[[80.2510147256209,12.96328799892362],[80.25092361294773,12.962926055142464],[80.2506478420126,12.962654000481688],[80.2506508172801,12.961659384327932]]},"properties":{"id":"L01516","strahler":3,"length_m":196.6,"drop_m":-1.34,"gradient":0.0,"area_ha":214.06,"on_drain_share":0.0,"downstream":"L01536"}},{"type":"Feature","geometry":{"type":"LineString","coordinates":[[80.19477718901476,12.962939338911958],[80.19477806099346,12.962668083584889],[80.19487054442992,12.962577950185096],[80.19477951424722,12.962215991360443],[80.19496448069889,12.962035724496612],[80.19487286932574,12.961854602596883],[80.1951503183846,12.961584202108776],[80.19478271121166,12.96122138841096],[80.1947835830648,12.960950133047811],[80.19432378529069,12.960587033738951],[80.19423275645757,12.960225074757403],[80.19404895437923,12.960043667398102],[80.19404953609178,12.959862830506408]]},"properties":{"id":"L01534","strahler":1,"length_m":428.7,"drop_m":0.86,"gradient":0.00201,"area_ha":12.58,"on_drain_share":0.0,"downstream":"L01599"}},{"type":"Feature","geometry":{"type":"LineString","coordinates":[[80.18297710408464,12.962721746501012],[80.1825182068272,12.962087372702735]]},"properties":{"id":"L01511","strahler":1,"length_m":90.7,"drop_m":0.51,"gradient":0.0056,"area_ha":5.05,"on_drain_share":0.0,"downstream":"L01518"}},{"type":"Feature","geometry":{"type":"LineString","coordinates":[[80.24548443454279,12.962819932477334],[80.24566963938379,12.962549208014137],[80.24603841496446,12.962550275930582],[80.24622334693323,12.962369970580918],[80.24640773461111,12.96237050420514],[80.24649965647095,12.96246119053044],[80.24668404422772,12.962461723962726],[80.24677650999158,12.962371571062016]]},"properties":{"id":"L01509","strahler":1,"length_m":174.9,"drop_m":3.38,"gradient":0.01933,"area_ha":8.96,"on_drain_share":0.0,"downstream":"L01528"}},{"type":"Feature","geometry":{"type":"LineString","coordinates":[[80.18897108911744,12.96228838665448],[80.18915605955337,12.962108124167049],[80.18915723022516,12.961746450876799],[80.18943439239602,12.961566475164343],[80.18952775476954,12.961205088739366],[80.18989798530096,12.960754144305492],[80.19008266160633,12.960664299384735],[80.19054362147875,12.960665732381054],[80.19119100867461,12.960034808551885],[80.19165196751563,12.960036239518521],[80.19211438416924,12.959585577651865],[80.19257534228923,12.959587006935834]]},"properties":{"id":"L01537","strahler":2,"length_m":561.1,"drop_m":5.16,"gradient":0.00919,"area_ha":28.53,"on_drain_share":0.0,"downstream":"L01535"}},{"type":"Feature","geometry":{"type":"LineString","coordinates":[[80.24991083130381,12.962471037899368],[80.2506508172801,12.961659384327932]]},"properties":{"id":"L01515","strahler":1,"length_m":123.1,"drop_m":-1.51,"gradient":0.0,"area_ha":5.36,"on_drain_share":0.0,"downstream":"L01536"}},{"type":"Feature","geometry":{"type":"LineString","coordinates":[[80.24512056310752,12.961191312104738],[80.2453049498709,12.961191846461995],[80.24585593264669,12.9619168051881],[80.24613224153784,12.96200802549578],[80.2464080066245,12.962280084644298],[80.24677650999158,12.962371571062016]]},"properties":{"id":"L01512","strahler":1,"length_m":245.6,"drop_m":0.67,"gradient":0.00273,"area_ha":7.71,"on_drain_share":0.0,"downstream":"L01528"}},{"type":"Feature","geometry":{"type":"LineString","coordinates":[[80.24677650999158,12.962371571062016],[80.24723775097749,12.962282484320781],[80.24733021648343,12.962192331207651],[80.24733103150699,12.961921072461756],[80.2487180045219,12.960568771197845],[80.24890239098019,12.96056930298333]]},"properties":{"id":"L01528","strahler":2,"length_m":330.4,"drop_m":0.09,"gradient":0.00028,"area_ha":23.27,"on_drain_share":0.0,"downstream":"L01549"}},{"type":"Feature","geometry":{"type":"LineString","coordinates":[[80.1825182068272,12.962087372702735],[80.18335059060978,12.961276212146105],[80.18371935878528,12.961277368192986],[80.18408694905057,12.961640196564039],[80.1842713334357,12.96164077414738],[80.18482595774088,12.961190414971801]]},"properties":{"id":"L01518","strahler":3,"length_m":324.6,"drop_m":-0.06,"gradient":0.0,"area_ha":129.81,"on_drain_share":0.0,"downstream":"L01554"}},{"type":"Feature","geometry":{"type":"LineString","coordinates":[[80.21884215137929,12.962198859588362],[80.21865832907203,12.962017468511181]]},"properties":{"id":"L01514","strahler":1,"length_m":28.3,"drop_m":-0.44,"gradient":0.0,"area_ha":4.3,"on_drain_share":0.0,"downstream":"L01527"}},{"type":"Feature","geometry":{"type":"LineString","coordinates":[[80.20971532231128,12.96208090406634],[80.20888844139216,12.961174197260439],[80.2087976765965,12.960721823381974],[80.20852224195427,12.960359308012578],[80.21027931036356,12.958646667585851]]},"properties":{"id":"L01547","strahler":1,"length_m":512.5,"drop_m":0.76,"gradient":0.00148,"area_ha":9.11,"on_drain_share":0.0,"downstream":"L01575"}},{"type":"Feature","geometry":{"type":"LineString","coordinates":[[80.17403711925485,12.961879774841229],[80.17431458946278,12.961609397893318],[80.17431786751489,12.960614799984722],[80.17478031457713,12.960164170838016],[80.17542565465237,12.960166214639777],[80.17598058762955,12.959625456968777],[80.17579679997782,12.959444037532311],[80.17579739483489,12.959263201456858],[80.17570550117081,12.959172491698],[80.175707285874,12.95862998346526],[80.17579977417309,12.95853985712971],[80.1760763467559,12.958540732050366],[80.1762613229685,12.958360479058564],[80.17626191743891,12.958179642946881],[80.17644689324341,12.957999389794312],[80.17644778471909,12.957728135605628],[80.17681743808957,12.957458046892699],[80.17682189306737,12.956101775709227],[80.17654621435807,12.955829647506754],[80.17626994190752,12.955738355191308],[80.17617834647692,12.955557227569932]]},"properties":{"id":"L01594","strahler":1,"length_m":954.3,"drop_m":11.5,"gradient":0.01205,"area_ha":25.95,"on_drain_share":0.0,"downstream":"L01607"}},{"type":"Feature","geometry":{"type":"LineString","coordinates":[[80.21865832907203,12.962017468511181],[80.21856641801821,12.96192677292868],[80.21856698212065,12.961745934984558],[80.21773978619066,12.960929673449439],[80.21764844058087,12.960658139657587],[80.21746462025251,12.960476747830334]]},"properties":{"id":"L01527","strahler":2,"length_m":223.8,"drop_m":0.28,"gradient":0.00127,"area_ha":12.68,"on_drain_share":0.0,"downstream":"L01557"}},{"type":"Feature","geometry":{"type":"LineString","coordinates":[[80.2506508172801,12.961659384327932],[80.25065189913406,12.961297705707597],[80.25055997609039,12.961207020781005],[80.25047021722224,12.960392978574465],[80.25037829456139,12.960302293599254],[80.25037991774431,12.959759775642508]]},"properties":{"id":"L01536","strahler":3,"length_m":222.4,"drop_m":-0.39,"gradient":0.0,"area_ha":223.92,"on_drain_share":0.0,"downstream":"L01546"}},{"type":"Feature","geometry":{"type":"LineString","coordinates":[[80.25940922508593,12.961684437092849],[80.25987019442616,12.961685747502218],[80.26042495931146,12.961144799773882],[80.26070154037748,12.961145585006658],[80.26107084854864,12.960965791781163],[80.2615318167402,12.960967099178502],[80.26162427687602,12.960876940674956],[80.26162534282162,12.960515261128101],[80.2614414889613,12.96033389858147],[80.26144228858675,12.960062638922208],[80.26199651381589,12.959702527205268],[80.26199704647411,12.959521687401603],[80.26255180196652,12.958980734548174],[80.26255206808092,12.9588903146303],[80.26273645388595,12.958890836556476],[80.26282838077687,12.958981517394147],[80.26347373140489,12.958983342892981],[80.26375110731567,12.958712864931439]]},"properties":{"id":"L01552","strahler":1,"length_m":713.6,"drop_m":8.47,"gradient":0.01187,"area_ha":25.06,"on_drain_share":0.0,"downstream":null}},{"type":"Feature","geometry":{"type":"LineString","coordinates":[[80.23120021888961,12.960879333492992],[80.23110830342804,12.960788642096219],[80.23083144704577,12.960878244703817],[80.23018415149468,12.961509272650423],[80.22999976514913,12.961508727575804]]},"properties":{"id":"L01517","strahler":1,"length_m":167.3,"drop_m":0.96,"gradient":0.00572,"area_ha":6.78,"on_drain_share":0.0,"downstream":null}},{"type":"Feature","geometry":{"type":"LineString","coordinates":[[80.22299337072398,12.961397498961919],[80.22198233688745,12.960399861888156],[80.22189154837218,12.959947491210068],[80.22014523978997,12.95822429110181],[80.22005417376192,12.957862338974044]]},"properties":{"id":"L01571","strahler":1,"length_m":522.5,"drop_m":-1.02,"gradient":0.0,"area_ha":16.69,"on_drain_share":0.0,"downstream":"L01580"}},{"type":"Feature","geometry":{"type":"LineString","coordinates":[[80.25507665350503,12.961491239880326],[80.25470895469998,12.961128505885394],[80.2541557933783,12.961126922401482],[80.25378621122282,12.961397125257669],[80.25360182394863,12.961396596896236],[80.25314193403538,12.961033596587509],[80.25295754705594,12.961033067784532]]},"properties":{"id":"L01524","strahler":1,"length_m":275.6,"drop_m":0.64,"gradient":0.00232,"area_ha":6.29,"on_drain_share":0.0,"downstream":"L01523"}},{"type":"Feature","geometry":{"type":"LineString","coordinates":[[80.18399681847617,12.961006980250547],[80.18418120239113,12.961007557869985],[80.18454938162535,12.961189549166342],[80.18482595774088,12.961190414971801]]},"properties":{"id":"L01519","strahler":1,"length_m":98.3,"drop_m":0.16,"gradient":0.00166,"area_ha":6.64,"on_drain_share":0.0,"downstream":"L01554"}},{"type":"Feature","geometry":{"type":"LineString","coordinates":[[80.18482595774088,12.961190414971801],[80.18519502000562,12.96110115068359],[80.18538028607061,12.960830472726466],[80.18584242104687,12.96047024103565],[80.18575169853591,12.960017861554267],[80.18538410794952,12.959655035486557],[80.18538557780268,12.959202944211954],[80.1854783569864,12.959022395988596],[80.18511076819125,12.958659569618016],[80.18492756241537,12.958297319754566]]},"properties":{"id":"L01554","strahler":3,"length_m":438.7,"drop_m":1.27,"gradient":0.0029,"area_ha":144.87,"on_drain_share":0.0,"downstream":"L01555"}},{"type":"Feature","geometry":{"type":"LineString","coordinates":[[80.2323095822785,12.959887984680606],[80.2321246428004,12.96006827972941],[80.23166367939267,12.960066920380902],[80.23157176403474,12.959976229149405],[80.2306498377306,12.959973507698981],[80.23018776337975,12.960333822684483],[80.22991090723747,12.960423424326308],[80.22898619696197,12.961324888934312]]},"properties":{"id":"L01520","strahler":1,"length_m":434.6,"drop_m":2.38,"gradient":0.00547,"area_ha":6.59,"on_drain_share":0.0,"downstream":null}},{"type":"Feature","geometry":{"type":"LineString","coordinates":[[80.19837907981164,12.96096122413933],[80.1986565242648,12.960690819617641],[80.19865883788037,12.95996747125063],[80.19948856513909,12.959970022602981],[80.19967237133949,12.96015142635184],[80.20022552336927,12.960153125418419],[80.20041048452346,12.959972854339773],[80.20068706038143,12.959973703224668],[80.20096305953143,12.960155389013629],[80.20114802018841,12.959975117380372],[80.20114859677425,12.959794280172012],[80.20124107693205,12.95970414429404],[80.2011494616366,12.959523024354729],[80.20115119130232,12.958980512703077],[80.20105928800564,12.958889811350826],[80.20105986460555,12.958708974131362],[80.20142978326061,12.958348430405888],[80.20207512293727,12.958350407911919],[80.20226036928189,12.958079716699068],[80.20299789970859,12.958081974178105],[80.2031817072976,12.958263375543691],[80.20355047284676,12.958264503255707],[80.20373456831095,12.958355485588255],[80.2039183766534,12.95853688647288],[80.20391751485644,12.958808142494233],[80.20437703734285,12.959261644215964],[80.2047469523731,12.95890109556429]]},"properties":{"id":"L01544","strahler":1,"length_m":1100.8,"drop_m":5.62,"gradient":0.00511,"area_ha":24.36,"on_drain_share":0.0,"downstream":"L01622"}},{"type":"Feature","geometry":{"type":"LineString","coordinates":[[80.25295754705594,12.961033067784532],[80.25277316008466,12.96103253885105],[80.25268069687968,12.961122694035318],[80.25249684942995,12.960941325509353]]},"properties":{"id":"L01523","strahler":2,"length_m":62.4,"drop_m":-0.47,"gradient":0.0,"area_ha":18.04,"on_drain_share":0.0,"downstream":"L01540"}},{"type":"Feature","geometry":{"type":"LineString","coordinates":[[80.23452717802608,12.958266948542803],[80.23406483575386,12.958717690268546],[80.234064559364,12.958808109594193],[80.23378742959228,12.95898813485805],[80.23351085262546,12.958987321178927],[80.23351223557259,12.958535224609381],[80.23314457383016,12.95817246205062],[80.23286772099571,12.958262067043314],[80.23268278316452,12.95844236260037],[80.23231429179195,12.95835085681985],[80.23213046183162,12.958169474807253],[80.23176058504751,12.958530064676527],[80.23139181661251,12.958528976874359],[80.23129990189037,12.958438285573482],[80.23093113363046,12.958437197126763],[80.2308386640231,12.958527344192506],[80.22991674320905,12.958524620446498],[80.22963933305321,12.958795060383101],[80.22936220039114,12.958975080761304],[80.22899315328439,12.959064408743187],[80.22880821219955,12.959244701348494],[80.22797820288235,12.959332662715656],[80.22779326089997,12.959512954544344],[80.22733202014838,12.959602006764992],[80.2270548850455,12.959782024533522],[80.22640953779953,12.959780108698519],[80.22613212260698,12.9600505445823],[80.22585554496726,12.960049722709424],[80.22493082240007,12.96095117219877]]},"properties":{"id":"L01522","strahler":3,"length_m":1307.1,"drop_m":3.84,"gradient":0.00294,"area_ha":63.9,"on_drain_share":0.0,"downstream":null}},{"type":"Feature","geometry":{"type":"LineString","coordinates":[[80.2236404028392,12.960856908977249],[80.22134260878457,12.958589552431203],[80.2211582249745,12.958589001219325]]},"properties":{"id":"L01551","strahler":1,"length_m":373.6,"drop_m":-1.2,"gradient":0.0,"area_ha":751.77,"on_drain_share":0.0,"downstream":"L01572"}},{"type":"Feature","geometry":{"type":"LineString","coordinates":[[80.25249684942995,12.960941325509353],[80.25222107875432,12.96066927249959],[80.25194449874873,12.960668478290284],[80.25157680586975,12.96030574016317],[80.2517620023594,12.96003501085284],[80.25176254241838,12.959854171475316],[80.25130265805932,12.959491168175893]]},"properties":{"id":"L01540","strahler":3,"length_m":253.8,"drop_m":1.44,"gradient":0.00566,"area_ha":45.74,"on_drain_share":0.0,"downstream":"L01539"}},{"type":"Feature","geometry":{"type":"LineString","coordinates":[[80.2544342576194,12.96049477612394],[80.25415821601597,12.960313144804772],[80.25314409041033,12.96031023888888],[80.25249684942995,12.960941325509353]]},"properties":{"id":"L01525","strahler":2,"length_m":247.3,"drop_m":-1.9,"gradient":0.0,"area_ha":25.69,"on_drain_share":0.0,"downstream":"L01540"}},{"type":"Feature","geometry":{"type":"LineString","coordinates":[[80.20492588409073,12.960619613486974],[80.20455883739038,12.960075975463186],[80.20474408254668,12.959805282437465],[80.2047469523731,12.95890109556429]]},"properties":{"id":"L01545","strahler":1,"length_m":214.9,"drop_m":1.69,"gradient":0.00787,"area_ha":8.57,"on_drain_share":0.0,"downstream":"L01622"}},{"type":"Feature","geometry":{"type":"LineString","coordinates":[[80.24733890911273,12.959298904291446],[80.24807400882902,12.960114810874252],[80.24798100158219,12.960385803537939],[80.2482567671032,12.960657860774463],[80.24844115360747,12.960658392890045],[80.24862608246964,12.96047808563658],[80.24881046885729,12.960478617483478],[80.24890239098019,12.96056930298333]]},"properties":{"id":"L01530","strahler":2,"length_m":282.1,"drop_m":-1.07,"gradient":0.0,"area_ha":48.09,"on_drain_share":0.0,"downstream":"L01549"}},{"type":"Feature","geometry":{"type":"LineString","coordinates":[[80.24890239098019,12.96056930298333],[80.24908650643717,12.960660254266848],[80.24954882700123,12.960209484646013],[80.24936714968261,12.959304756929685],[80.2498294671298,12.958853986599676],[80.25010604499825,12.958854782945314]]},"properties":{"id":"L01549","strahler":3,"length_m":303.8,"drop_m":1.04,"gradient":0.00342,"area_ha":74.55,"on_drain_share":0.0,"downstream":"L01598"}},{"type":"Feature","geometry":{"type":"LineString","coordinates":[[80.25563223366808,12.960679043604387],[80.25544784684462,12.960678516578474],[80.25526399758871,12.960497149908573],[80.25498741758061,12.960496358940661],[80.25489495533688,12.960586514968892],[80.25452618189635,12.960585459750135],[80.2544342576194,12.96049477612394]]},"properties":{"id":"L01529","strahler":1,"length_m":146.6,"drop_m":1.78,"gradient":0.01211,"area_ha":5.26,"on_drain_share":0.0,"downstream":"L01525"}},{"type":"Feature","geometry":{"type":"LineString","coordinates":[[80.2123018427212,12.960461185498959],[80.21184230297976,12.96000769684534],[80.21138361866828,12.959282950963297],[80.21055645515794,12.958466668267256],[80.21055816431283,12.95792415532954]]},"properties":{"id":"L01566","strahler":1,"length_m":358.7,"drop_m":1.61,"gradient":0.00449,"area_ha":4.5,"on_drain_share":0.0,"downstream":"L01569"}},{"type":"Feature","geometry":{"type":"LineString","coordinates":[[80.21746462025251,12.960476747830334],[80.21737271018813,12.960386051872815],[80.21737355752684,12.960114795001266],[80.21709811054825,12.959752288011073],[80.21709867561248,12.959571450100468],[80.21719115028398,12.959481308221713],[80.21719454006461,12.958396280673387]]},"properties":{"id":"L01557","strahler":4,"length_m":250.7,"drop_m":0.04,"gradient":0.00015,"area_ha":380.83,"on_drain_share":0.0,"downstream":"L01596"}},{"type":"Feature","geometry":{"type":"LineString","coordinates":[[80.25471836815532,12.957963814544318],[80.25517798636349,12.958417231742143],[80.25517691129085,12.95877891081713],[80.25526883525694,12.958869594173423],[80.25489898879927,12.959230218660716],[80.25489845103078,12.95941105817669],[80.25508229925482,12.95959242506192],[80.2551731482799,12.960044787499953],[80.25461864426498,12.960495303860014],[80.2544342576194,12.96049477612394]]},"properties":{"id":"L01531","strahler":2,"length_m":384.6,"drop_m":3.15,"gradient":0.00818,"area_ha":16.82,"on_drain_share":0.0,"downstream":"L01525"}},{"type":"Feature","geometry":{"type":"LineString","coordinates":[[80.18870212467618,12.959936648913287],[80.18888709345326,12.959756386493458],[80.18888767887783,12.959575549829099],[80.18870417412009,12.959303720614809],[80.18898162644085,12.959033326872202],[80.1889822117634,12.958852490193573],[80.18935097688963,12.958853638056274],[80.18953594438065,12.95867337508592],[80.18990470929401,12.958674522149208],[80.19008967627063,12.958494258751802]]},"properties":{"id":"L01550","strahler":1,"length_m":285.6,"drop_m":3.61,"gradient":0.01266,"area_ha":6.65,"on_drain_share":0.0,"downstream":"L01538"}},{"type":"Feature","geometry":{"type":"LineString","coordinates":[[80.19312732736817,12.959950394706206],[80.19395705343983,12.959952963674736],[80.19404953609178,12.959862830506408]]},"properties":{"id":"L01533","strahler":3,"length_m":104.1,"drop_m":0.13,"gradient":0.00123,"area_ha":295.9,"on_drain_share":0.0,"downstream":"L01599"}},{"type":"Feature","geometry":{"type":"LineString","coordinates":[[80.19257534228923,12.959587006935834],[80.19285104333824,12.959859119376754],[80.19303542681452,12.959859690678623],[80.19312732736817,12.959950394706206]]},"properties":{"id":"L01535","strahler":3,"length_m":76.6,"drop_m":-1.38,"gradient":0.0,"area_ha":211.73,"on_drain_share":0.0,"downstream":"L01533"}},{"type":"Feature","geometry":{"type":"LineString","coordinates":[[80.19404953609178,12.959862830506408],[80.1942345011961,12.959682564057646],[80.19423508275798,12.959501727152661],[80.19405128117656,12.95932031981614],[80.19405186285384,12.959139482914315],[80.19442150096586,12.958869368243239],[80.19589656376868,12.95887392576969],[80.19626445945268,12.9591463193519],[80.19681760880036,12.959148025525458],[80.19700257147369,12.958967756953252],[80.19700315100478,12.958786919914953],[80.19718840296156,12.958516232657146],[80.19718898233765,12.958335395604326],[80.19700546904124,12.958063571736458],[80.19728291148876,12.957793168517545],[80.19774386689947,12.957794588462653],[80.19829874906685,12.957253779976558],[80.19848313087375,12.957254347310322],[80.1987591254078,12.957436035203964],[80.19912788934025,12.957437169105079],[80.19931284911327,12.957256898697805],[80.20088009516064,12.957261710777216],[80.20124799442962,12.95753409753219],[80.20143266471136,12.957444244163726],[80.2017103899678,12.957083417261849],[80.20226353550133,12.957085111606649],[80.20244849287818,12.956904838821428],[80.20300163811737,12.956906531576275],[80.2030941165196,12.956816394919787],[80.20337011422995,12.956998078100817],[80.20364783628801,12.956637248930027],[80.2036489855363,12.956275574197273],[80.20374146347298,12.956185437279592],[80.20447927559702,12.95609727153858],[80.20457519665055,12.954922109778238]]},"properties":{"id":"L01599","strahler":3,"length_m":1694.7,"drop_m":7.13,"gradient":0.00421,"area_ha":342.3,"on_drain_share":0.0,"downstream":"L01621"}},{"type":"Feature","geometry":{"type":"LineString","coordinates":[[80.21608343021889,12.959930075803674],[80.21608399602346,12.959749237939594],[80.21636170387056,12.95938839440898],[80.21645474422866,12.959117414912985],[80.21719454006461,12.958396280673387]]},"properties":{"id":"L01556","strahler":1,"length_m":219.7,"drop_m":-0.01,"gradient":0.0,"area_ha":5.53,"on_drain_share":0.0,"downstream":"L01596"}},{"type":"Feature","geometry":{"type":"LineString","coordinates":[[80.23737990457377,12.9599932992688],[80.23728826230565,12.959812190553826],[80.23691949150545,12.959811110471412],[80.2366445662852,12.959267783817557],[80.23609306536272,12.958723645996091],[80.23563210399908,12.958722293808021],[80.23526443875483,12.95835953405992],[80.23498786238595,12.958358721987613]]},"properties":{"id":"L01561","strahler":1,"length_m":358.0,"drop_m":4.52,"gradient":0.01264,"area_ha":9.93,"on_drain_share":0.0,"downstream":"L01562"}},{"type":"Feature","geometry":{"type":"LineString","coordinates":[[80.18040547498445,12.959729836688776],[80.18040606652902,12.959549000407339],[80.18049855360161,12.959458872328508],[80.18068323188257,12.959369034207748],[80.18114418829065,12.959370483695977],[80.18123667504408,12.95928035533401],[80.18123785688208,12.958918682680672],[80.18160780266265,12.958558168814916],[80.18206875768604,12.95855961657814],[80.18252912279998,12.958741899917374],[80.1827129151391,12.958923314873777],[80.18280510629917,12.95892360410858],[80.1831750499703,12.9585630878828],[80.18354381413656,12.958564243940561],[80.18381950373013,12.958836365315204],[80.18437265068533,12.958838097873642],[80.18492756241537,12.958297319754566]]},"properties":{"id":"L01553","strahler":1,"length_m":649.4,"drop_m":4.81,"gradient":0.00741,"area_ha":14.1,"on_drain_share":0.0,"downstream":"L01555"}},{"type":"Feature","geometry":{"type":"LineString","coordinates":[[80.25037991774431,12.959759775642508],[80.2501038801037,12.959578140220556],[80.25010604499825,12.958854782945314]]},"properties":{"id":"L01546","strahler":4,"length_m":118.3,"drop_m":0.54,"gradient":0.00454,"area_ha":281.0,"on_drain_share":0.0,"downstream":"L01598"}},{"type":"Feature","geometry":{"type":"LineString","coordinates":[[80.19008967627063,12.958494258751802],[80.19064253128197,12.958586396331322],[80.19119421932649,12.959040206318956],[80.1917470760803,12.959132341645205],[80.19211467571408,12.959495159246421],[80.19248344207261,12.95949630273059],[80.19257534228923,12.959587006935834]]},"properties":{"id":"L01538","strahler":3,"length_m":319.7,"drop_m":-0.19,"gradient":0.0,"area_ha":181.29,"on_drain_share":0.0,"downstream":"L01535"}},{"type":"Feature","geometry":{"type":"LineString","coordinates":[[80.25130265805932,12.959491168175893],[80.25084277504918,12.95912816412722],[80.25065784874464,12.959308473114985],[80.25065703749252,12.959579732122902],[80.25037991774431,12.959759775642508]]},"properties":{"id":"L01539","strahler":3,"length_m":163.1,"drop_m":-1.09,"gradient":0.0,"area_ha":55.88,"on_drain_share":0.0,"downstream":"L01546"}},{"type":"Feature","geometry":{"type":"LineString","coordinates":[[80.25204209059386,12.958860349144214],[80.25130265805932,12.959491168175893]]},"properties":{"id":"L01541","strahler":1,"length_m":109.0,"drop_m":1.58,"gradient":0.01447,"area_ha":6.3,"on_drain_share":0.0,"downstream":"L01539"}},{"type":"Feature","geometry":{"type":"LineString","coordinates":[[80.21073855994632,12.959190577558028],[80.21027902539277,12.958737086399276],[80.21027931036356,12.958646667585851]]},"properties":{"id":"L01548","strahler":1,"length_m":80.7,"drop_m":-0.17,"gradient":0.0,"area_ha":6.86,"on_drain_share":0.0,"downstream":"L01575"}},{"type":"Feature","geometry":{"type":"LineString","coordinates":[[80.24079432632415,12.958918230667015],[80.24070185987517,12.959008381418949],[80.24042583063495,12.958826736161559],[80.24033336409659,12.958916886777821],[80.2401489792201,12.958916348993796],[80.23977911215198,12.95927695081104],[80.23922595682407,12.95927533584656],[80.23913403884767,12.959184647141985],[80.23913513711075,12.95882296941706],[80.23978267838565,12.958101497999618],[80.23941500765233,12.957738743809475],[80.2393228156662,12.957738474632798],[80.23913925530073,12.957466677858505],[80.23877076245516,12.957375181153465],[80.23858692823171,12.957193803463216],[80.23812624430221,12.957102036421356],[80.23785076906982,12.95673954979012],[80.23794433536101,12.95628772235054],[80.23766858620188,12.956015654990253],[80.2371154383449,12.956014035944374]]},"properties":{"id":"L01589","strahler":1,"length_m":806.7,"drop_m":2.97,"gradient":0.00368,"area_ha":14.52,"on_drain_share":0.0,"downstream":"L01565"}},{"type":"Feature","geometry":{"type":"LineString","coordinates":[[80.24669437557372,12.959025780010974],[80.24678683999518,12.958935627013181],[80.24697122516962,12.958936160099741],[80.24733890911273,12.959298904291446]]},"properties":{"id":"L01542","strahler":1,"length_m":90.7,"drop_m":0.29,"gradient":0.00322,"area_ha":6.62,"on_drain_share":0.0,"downstream":"L01530"}},{"type":"Feature","geometry":{"type":"LineString","coordinates":[[80.24605528440203,12.956944262518302],[80.24633104414094,12.957216321541893],[80.2463302283411,12.95748758032296],[80.24660598895939,12.957759639093556],[80.24679037326084,12.95776017226061],[80.2473424398912,12.958123449421839],[80.24734189671717,12.958304288639502],[80.2475254668737,12.958576080140988],[80.24734026714563,12.958846806277315],[80.24733890911273,12.959298904291446]]},"properties":{"id":"L01543","strahler":2,"length_m":358.0,"drop_m":1.1,"gradient":0.00307,"area_ha":37.43,"on_drain_share":0.0,"downstream":"L01530"}},{"type":"Feature","geometry":{"type":"LineString","coordinates":[[80.2047469523731,12.95890109556429],[80.20530182292293,12.958360271467425],[80.20465820462513,12.957815789788077],[80.20475183057884,12.957363977734689],[80.20549193927823,12.956552459555583],[80.20549337249703,12.956100365931873],[80.20567832691914,12.955920090662845],[80.20567890004976,12.95573925319829],[80.20586414055536,12.955468559030878],[80.20586528649847,12.955106884070375],[80.20651262221446,12.954475918801455],[80.20651405335481,12.954023824993536],[80.20633110498092,12.953571169677272]]},"properties":{"id":"L01622","strahler":2,"length_m":740.8,"drop_m":1.45,"gradient":0.00196,"area_ha":45.17,"on_drain_share":0.0,"downstream":"L01633"}},{"type":"Feature","geometry":{"type":"LineString","coordinates":[[80.2269693873709,12.957611690747202],[80.22604495737022,12.95842272593586],[80.22567618959143,12.958421630051882],[80.22558371820863,12.958511775146027],[80.22475427029275,12.958418888058581],[80.22447685501058,12.958689322191466],[80.22429247098945,12.958688773193778],[80.22392314287367,12.958868513024672],[80.22327779846039,12.958866589564126],[80.22290959110165,12.958684651552057],[80.22254194538034,12.95832187488398],[80.2223575617145,12.958321324532125],[80.22217261671133,12.958501612197209],[80.22198823292948,12.958501061576458]]},"properties":{"id":"L01559","strahler":2,"length_m":639.4,"drop_m":0.17,"gradient":0.00026,"area_ha":40.34,"on_drain_share":0.0,"downstream":"L01558"}},{"type":"Feature","geometry":{"type":"LineString","coordinates":[[80.25010604499825,12.958854782945314],[80.25010956267192,12.957679327286767],[80.2499257195718,12.957497957138163],[80.24992680211285,12.957136278462764],[80.24983488078738,12.957045593349463],[80.2498359634204,12.956683914669085],[80.24974404228625,12.956593229531492],[80.2496542868854,12.955779186993924],[80.24956236613387,12.955688501807764]]},"properties":{"id":"L01598","strahler":4,"length_m":374.9,"drop_m":0.41,"gradient":0.0011,"area_ha":359.77,"on_drain_share":0.0,"downstream":"L01615"}},{"type":"Feature","geometry":{"type":"LineString","coordinates":[[80.21027931036356,12.958646667585851],[80.21028244489979,12.9576520605964]]},"properties":{"id":"L01575","strahler":2,"length_m":110.0,"drop_m":0.4,"gradient":0.00364,"area_ha":16.12,"on_drain_share":0.0,"downstream":"L01610"}},{"type":"Feature","geometry":{"type":"LineString","coordinates":[[80.2211582249745,12.958589001219325],[80.22106603307267,12.95858872556446],[80.2204226589309,12.957953861808797],[80.22014608398138,12.957953034005254],[80.22005417376192,12.957862338974044]]},"properties":{"id":"L01572","strahler":2,"length_m":153.1,"drop_m":0.07,"gradient":0.00047,"area_ha":804.35,"on_drain_share":0.0,"downstream":"L01580"}},{"type":"Feature","geometry":{"type":"LineString","coordinates":[[80.18492756241537,12.958297319754566],[80.18511253245993,12.958117060082243],[80.18575786893824,12.958119077973134],[80.18585035364354,12.958028947837981],[80.18612692636029,12.958029812055017],[80.18631189538519,12.957849551464331],[80.18797162398829,12.957764311028534],[80.18824878235169,12.957584336313117],[80.1887082726817,12.9580378639248],[80.18870768719951,12.958218700602394],[80.18879958552714,12.958309406040282],[80.18990587856446,12.958312848696545],[80.19008967627063,12.958494258751802]]},"properties":{"id":"L01555","strahler":3,"length_m":646.3,"drop_m":3.87,"gradient":0.00599,"area_ha":169.9,"on_drain_share":0.0,"downstream":"L01538"}},{"type":"Feature","geometry":{"type":"LineString","coordinates":[[80.22198823292948,12.958501061576458],[80.22125069788717,12.958498857788683],[80.2211582249745,12.958589001219325]]},"properties":{"id":"L01558","strahler":2,"length_m":94.1,"drop_m":0.17,"gradient":0.00176,"area_ha":49.38,"on_drain_share":0.0,"downstream":"L01572"}},{"type":"Feature","geometry":{"type":"LineString","coordinates":[[80.21719454006461,12.958396280673387],[80.21719595238221,12.957944185834705],[80.21765832173294,12.957493475658636],[80.2176597331121,12.957041380738394],[80.21784468003287,12.956861096380969],[80.21784524442798,12.956680258397931],[80.21812294618613,12.95631941256637],[80.21794082134868,12.955595507177247]]},"properties":{"id":"L01596","strahler":4,"length_m":359.7,"drop_m":0.11,"gradient":0.00031,"area_ha":392.47,"on_drain_share":0.0,"downstream":"L01619"}},{"type":"Feature","geometry":{"type":"LineString","coordinates":[[80.22301019352194,12.955972353581913],[80.2230090722401,12.956334030011408],[80.22273193805431,12.95651404325395],[80.22254671421494,12.956784750393872],[80.22273025544371,12.95705655783593],[80.22272941410972,12.957327815118388],[80.22300486713036,12.95769031653191],[80.22198823292948,12.958501061576458]]},"properties":{"id":"L01560","strahler":1,"length_m":384.6,"drop_m":4.07,"gradient":0.01058,"area_ha":6.88,"on_drain_share":0.0,"downstream":"L01558"}},{"type":"Feature","geometry":{"type":"LineString","coordinates":[[80.23498786238595,12.958358721987613],[80.23452717802608,12.958266948542803]]},"properties":{"id":"L01562","strahler":2,"length_m":54.1,"drop_m":-0.67,"gradient":0.0,"area_ha":15.51,"on_drain_share":0.0,"downstream":"L01522"}},{"type":"Feature","geometry":{"type":"LineString","coordinates":[[80.17183706354858,12.958075194569265],[80.17183825883843,12.957713522740528],[80.17174666607633,12.95753239373758],[80.17128720917938,12.957078838081376],[80.17128780717803,12.956898002179717],[80.17138029629007,12.95680787745888],[80.17128930213504,12.956445912414495],[80.17138179106946,12.956355787679914],[80.17165836093255,12.956356667145329],[80.17193582705798,12.956086292404201],[80.17193672327952,12.955815038485472],[80.17239886639848,12.955454831113583],[80.17240095627574,12.954821905189375],[80.17277120597306,12.954370986159063],[80.17277180277189,12.954190150151797],[80.17258831978319,12.95391831075521],[80.17268080728951,12.95382818545761],[80.17268438818269,12.952743169355792],[80.1733314977362,12.952202709024414],[80.17406692033275,12.952837973676857],[80.17434408209452,12.952658013957883]]},"properties":{"id":"L01626","strahler":1,"length_m":967.4,"drop_m":8.16,"gradient":0.00844,"area_ha":27.29,"on_drain_share":0.0,"downstream":"L01644"}},{"type":"Feature","geometry":{"type":"LineString","coordinates":[[80.2360047325461,12.957457504424289],[80.23591254073689,12.957457234046595],[80.23498786238595,12.958358721987613]]},"properties":{"id":"L01563","strahler":1,"length_m":151.4,"drop_m":-0.02,"gradient":0.0,"area_ha":5.3,"on_drain_share":0.0,"downstream":"L01562"}},{"type":"Feature","geometry":{"type":"LineString","coordinates":[[80.21074197758742,12.958105551672203],[80.21065007091687,12.958014853515483]]},"properties":{"id":"L01564","strahler":1,"length_m":14.1,"drop_m":0.0,"gradient":0.0,"area_ha":4.4,"on_drain_share":0.0,"downstream":"L01567"}},{"type":"Feature","geometry":{"type":"LineString","coordinates":[[80.2371154383449,12.956014035944374],[80.23683803844997,12.95628448418871],[80.23637708149239,12.956283133568514],[80.23628461457193,12.956373282736195],[80.23600804032894,12.956372471869011],[80.23591667591725,12.95610094336753],[80.23573256903123,12.956009983193049],[80.23471542801482,12.957001619418094],[80.23489870703278,12.957363838386543],[80.23489760278366,12.9577255157936],[80.23471266674787,12.95790581290299],[80.23471183832696,12.958177070936127],[80.23452717802608,12.958266948542803]]},"properties":{"id":"L01565","strahler":2,"length_m":521.1,"drop_m":2.1,"gradient":0.00402,"area_ha":28.29,"on_drain_share":0.0,"downstream":"L01522"}},{"type":"Feature","geometry":{"type":"LineString","coordinates":[[80.21065007091687,12.958014853515483],[80.21055816431283,12.95792415532954]]},"properties":{"id":"L01567","strahler":2,"length_m":14.1,"drop_m":0.0,"gradient":0.0,"area_ha":12.78,"on_drain_share":0.0,"downstream":"L01569"}},{"type":"Feature","geometry":{"type":"LineString","coordinates":[[80.21055816431283,12.95792415532954],[80.2104662577753,12.95783345711438]]},"properties":{"id":"L01569","strahler":2,"length_m":14.1,"drop_m":0.0,"gradient":0.0,"area_ha":17.47,"on_drain_share":0.0,"downstream":"L01574"}},{"type":"Feature","geometry":{"type":"LineString","coordinates":[[80.21332589491884,12.957299589710734],[80.2131415124125,12.957299032879277],[80.21277331550021,12.957117081068564],[80.21268084025594,12.95720722135397],[80.21166616823231,12.957384992384013],[80.21138902540746,12.957564993012866],[80.21120464279207,12.957564434799453],[80.21065007091687,12.958014853515483]]},"properties":{"id":"L01570","strahler":1,"length_m":339.7,"drop_m":1.29,"gradient":0.0038,"area_ha":7.86,"on_drain_share":0.0,"downstream":"L01567"}},{"type":"Feature","geometry":{"type":"LineString","coordinates":[[80.2104662577753,12.95783345711438],[80.21037435130428,12.957742758870001]]},"properties":{"id":"L01574","strahler":2,"length_m":14.1,"drop_m":0.0,"gradient":0.0,"area_ha":32.69,"on_drain_share":0.0,"downstream":"L01576"}},{"type":"Feature","geometry":{"type":"LineString","coordinates":[[80.22005417376192,12.957862338974044],[80.21959462366237,12.957408863378976]]},"properties":{"id":"L01580","strahler":2,"length_m":70.7,"drop_m":-0.1,"gradient":0.0,"area_ha":822.87,"on_drain_share":0.0,"downstream":"L01620"}},{"type":"Feature","geometry":{"type":"LineString","coordinates":[[80.21037435130428,12.957742758870001],[80.21028244489979,12.9576520605964]]},"properties":{"id":"L01576","strahler":2,"length_m":14.1,"drop_m":0.0,"gradient":0.0,"area_ha":44.85,"on_drain_share":0.0,"downstream":"L01610"}},{"type":"Feature","geometry":{"type":"LineString","coordinates":[[80.24153925511074,12.956479052941525],[80.24218295564906,12.957023447889751],[80.24236733922,12.957023984157216],[80.24245980433035,12.956933832726804],[80.24338172199761,12.956936511761656],[80.24356555970844,12.957117886253403],[80.24374994340803,12.957118421546237],[80.24430145856068,12.957662543947913],[80.24457803476142,12.957663346090154],[80.24476187388969,12.957844719804777],[80.24513064246882,12.957845788625585],[80.24540830801715,12.957484911609782],[80.24596309256607,12.956943995707457],[80.24605528440203,12.956944262518302]]},"properties":{"id":"L01584","strahler":1,"length_m":607.7,"drop_m":1.06,"gradient":0.00175,"area_ha":18.17,"on_drain_share":0.0,"downstream":"L01543"}},{"type":"Feature","geometry":{"type":"LineString","coordinates":[[80.25453452133766,12.957782447459058],[80.25471836815532,12.957963814544318]]},"properties":{"id":"L01577","strahler":1,"length_m":28.3,"drop_m":-0.56,"gradient":0.0,"area_ha":4.12,"on_drain_share":0.0,"downstream":"L01531"}},{"type":"Feature","geometry":{"type":"LineString","coordinates":[[80.25610232798654,12.95760608794377],[80.25600986724704,12.957696244467302],[80.25545671333802,12.957694664157223],[80.25508875044005,12.957422350642469],[80.25471890599162,12.957782975015732],[80.25471836815532,12.957963814544318]]},"properties":{"id":"L01578","strahler":1,"length_m":203.1,"drop_m":0.96,"gradient":0.00471,"area_ha":8.57,"on_drain_share":0.0,"downstream":"L01531"}},{"type":"Feature","geometry":{"type":"LineString","coordinates":[[80.21028244489979,12.9576520605964],[80.20936338451288,12.956745076253515],[80.2094581424022,12.95593158670519],[80.20872347173766,12.955025159863986],[80.20872489895335,12.954573065832353],[80.20863299427444,12.954482367056515]]},"properties":{"id":"L01610","strahler":3,"length_m":432.8,"drop_m":0.22,"gradient":0.0005,"area_ha":71.34,"on_drain_share":0.0,"downstream":"L01634"}},{"type":"Feature","geometry":{"type":"LineString","coordinates":[[80.23352080867497,12.95573222552541],[80.2330598530916,12.95573086909337],[80.23278272619216,12.955910893480388],[80.23241396152237,12.955909807340706],[80.23213794208223,12.955728153783344],[80.23130822235335,12.955725707215935],[80.23093890317936,12.955905457563887],[80.23066149712791,12.956175898867611],[80.23029273225248,12.956174809703956],[80.23010779430314,12.956355103443945],[80.22983122048178,12.956354286021286],[80.22973875131392,12.956444432731773],[80.22900122096718,12.956442251226344],[80.22816899322099,12.957253567457618],[80.22779966973945,12.957433313081024],[80.22752309487913,12.95743249314134],[80.22733815407088,12.95761278473347],[80.2269693873709,12.957611690747202]]},"properties":{"id":"L01579","strahler":1,"length_m":813.6,"drop_m":1.08,"gradient":0.00132,"area_ha":17.34,"on_drain_share":0.0,"downstream":"L01559"}},{"type":"Feature","geometry":{"type":"LineString","coordinates":[[80.25896002266438,12.957704652955679],[80.25905274975256,12.957524075472065],[80.25942205349159,12.957344284310649],[80.25951504727959,12.957073286764155],[80.25979242499766,12.956802813095056],[80.25979295912295,12.956621973341504],[80.26034771233998,12.956081024973363]]},"properties":{"id":"L01588","strahler":1,"length_m":253.8,"drop_m":1.72,"gradient":0.00677,"area_ha":10.38,"on_drain_share":0.0,"downstream":"L01592"}},{"type":"Feature","geometry":{"type":"LineString","coordinates":[[80.19239795310625,12.957416393266334],[80.19249043529305,12.957326260612158],[80.19239970142534,12.956873882695932],[80.19286181942677,12.956513637413996],[80.19313839095295,12.956514494089229],[80.19341583550492,12.95624409510162],[80.19351239015796,12.954888103527901],[80.19332888330418,12.954616277381401],[80.19332975627086,12.954345021978398],[80.19314624998461,12.954073195727139],[80.19370113274645,12.953532396979654],[80.19370229605983,12.953170723044412],[80.19434762117963,12.953172718909247],[80.19453258085022,12.952992451854458],[80.1945334524013,12.952721196337054],[80.1957356823957,12.951549456734911],[80.19647319242792,12.951551731558961]]},"properties":{"id":"L01650","strahler":1,"length_m":985.0,"drop_m":5.22,"gradient":0.0053,"area_ha":24.42,"on_drain_share":0.0,"downstream":"L01657"}},{"type":"Feature","geometry":{"type":"LineString","coordinates":[[80.22780162003406,12.95680037865623],[80.2269693873709,12.957611690747202]]},"properties":{"id":"L01581","strahler":2,"length_m":127.3,"drop_m":0.03,"gradient":0.00027,"area_ha":11.53,"on_drain_share":0.0,"downstream":"L01559"}},{"type":"Feature","geometry":{"type":"LineString","coordinates":[[80.21627573341256,12.957398900224296],[80.21738513589182,12.956407617186187],[80.21747845618101,12.956046218148591],[80.21794082134868,12.955595507177247]]},"properties":{"id":"L01595","strahler":1,"length_m":280.4,"drop_m":-0.4,"gradient":0.0,"area_ha":8.38,"on_drain_share":0.0,"downstream":"L01619"}},{"type":"Feature","geometry":{"type":"LineString","coordinates":[[80.21959462366237,12.957408863378976],[80.21904344750412,12.95677427268201],[80.21913704732722,12.956322453909511],[80.21775869744691,12.954871601681077],[80.21776067269568,12.95423866864596],[80.21757685671494,12.954057277073703],[80.21757770340466,12.953786020057356]]},"properties":{"id":"L01620","strahler":2,"length_m":499.4,"drop_m":-0.14,"gradient":0.0,"area_ha":832.39,"on_drain_share":0.0,"downstream":"L01684"}},{"type":"Feature","geometry":{"type":"LineString","coordinates":[[80.21996451519021,12.957048291649985],[80.21977900653526,12.957409415648138],[80.21959462366237,12.957408863378976]]},"properties":{"id":"L01582","strahler":1,"length_m":68.3,"drop_m":1.41,"gradient":0.02059,"area_ha":4.29,"on_drain_share":0.0,"downstream":"L01620"}},{"type":"Feature","geometry":{"type":"LineString","coordinates":[[80.17515949779735,12.957000707927236],[80.17516039059532,12.95672945380601],[80.17525287833469,12.956639327621295],[80.17552944878189,12.956640202996482],[80.17599188601619,12.956189570990306],[80.17608467051006,12.95600902640957],[80.17599307513073,12.955827898728867],[80.17617775207067,12.955738063714126],[80.17617834647692,12.955557227569932]]},"properties":{"id":"L01593","strahler":1,"length_m":237.3,"drop_m":4.33,"gradient":0.01827,"area_ha":6.57,"on_drain_share":0.0,"downstream":"L01607"}},{"type":"Feature","geometry":{"type":"LineString","coordinates":[[80.17903178759936,12.956922520064193],[80.17940173323348,12.95656200929063],[80.17949392344826,12.956562299645277],[80.17949510754465,12.956200627074965],[80.1794032135146,12.95610991858663],[80.18079049750408,12.954757997647212]]},"properties":{"id":"L01600","strahler":1,"length_m":332.8,"drop_m":0.81,"gradient":0.00243,"area_ha":11.61,"on_drain_share":0.0,"downstream":"L01617"}},{"type":"Feature","geometry":{"type":"LineString","coordinates":[[80.22586643920373,12.956523375708123],[80.22614217534763,12.956795454863425],[80.2265109407743,12.95679654995283],[80.22669448647528,12.957068354845257]]},"properties":{"id":"L01583","strahler":1,"length_m":120.7,"drop_m":2.91,"gradient":0.02414,"area_ha":5.29,"on_drain_share":0.0,"downstream":null}},{"type":"Feature","geometry":{"type":"LineString","coordinates":[[80.24173102406034,12.954038262825195],[80.24182294124896,12.95412895059635],[80.24210006016632,12.953948916098238],[80.24228389483025,12.954130291363178],[80.24246827627726,12.95413082744165],[80.24265211134843,12.9543122024664],[80.242651564956,12.954493041540587],[80.24274348265368,12.954583729011501],[80.24264937930342,12.95521639781206],[80.24283321526414,12.955397772745329],[80.24301759766699,12.955398308486599],[80.24329362531017,12.955579950939986],[80.24375485454017,12.955490869700201],[80.2439397825579,12.955310565678724],[80.24532265065446,12.955314574659463],[80.24578224633206,12.955768007329691],[80.24559568616733,12.956490830224341],[80.24605528440203,12.956944262518302]]},"properties":{"id":"L01585","strahler":1,"length_m":786.0,"drop_m":1.32,"gradient":0.00167,"area_ha":16.25,"on_drain_share":0.0,"downstream":"L01543"}},{"type":"Feature","geometry":{"type":"LineString","coordinates":[[80.18189086982015,12.956569837418888],[80.18207613565552,12.956299161732035],[80.18180074587323,12.955936620541522],[80.181340091052,12.95584475440402],[80.18124819643613,12.955754046531908],[80.18124878718494,12.95557321015713],[80.18078783774912,12.955571761270983],[80.18060375359427,12.955480763314544],[80.18051245064922,12.955209218857718],[80.1807899064631,12.954938834012482],[80.18079049750408,12.954757997647212]]},"properties":{"id":"L01601","strahler":1,"length_m":349.7,"drop_m":0.6,"gradient":0.00172,"area_ha":10.39,"on_drain_share":0.0,"downstream":"L01617"}},{"type":"Feature","geometry":{"type":"LineString","coordinates":[[80.22780217724207,12.956619540243457],[80.22780162003406,12.95680037865623]]},"properties":{"id":"L01586","strahler":1,"length_m":20.0,"drop_m":0.0,"gradient":0.0,"area_ha":4.1,"on_drain_share":0.0,"downstream":"L01581"}},{"type":"Feature","geometry":{"type":"LineString","coordinates":[[80.2285413778787,12.956079209824244],[80.22780162003406,12.95680037865623]]},"properties":{"id":"L01587","strahler":1,"length_m":113.1,"drop_m":0.05,"gradient":0.00045,"area_ha":4.78,"on_drain_share":0.0,"downstream":"L01581"}},{"type":"Feature","geometry":{"type":"LineString","coordinates":[[80.24845281517405,12.956770348869256],[80.24863774099909,12.956590041396483],[80.24882212452641,12.956590573078472],[80.2491917042511,12.956320377072474],[80.24956047096421,12.95632143950023],[80.24956236613387,12.955688501807764]]},"properties":{"id":"L01597","strahler":1,"length_m":210.7,"drop_m":1.1,"gradient":0.00521,"area_ha":6.88,"on_drain_share":0.0,"downstream":"L01615"}},{"type":"Feature","geometry":{"type":"LineString","coordinates":[[80.26034771233998,12.956081024973363],[80.2609021965245,12.955630495179761],[80.26127016368028,12.955902800719626],[80.26182331436515,12.95590436847371],[80.26200716544619,12.956085730651706],[80.26237593289198,12.95608677492297],[80.26265144441092,12.956449237537534],[80.26311373373075,12.955998441950626]]},"properties":{"id":"L01592","strahler":2,"length_m":384.6,"drop_m":6.61,"gradient":0.01718,"area_ha":27.23,"on_drain_share":0.0,"downstream":null}},{"type":"Feature","geometry":{"type":"LineString","coordinates":[[80.25454527901181,12.954165656508732],[80.25426789902484,12.954436124496665],[80.25417490080767,12.954707119969793],[80.25398998020972,12.954887431692267],[80.25398944197188,12.955068271230843],[80.25352713896035,12.955519049863247],[80.2535263310589,12.955790309128325],[80.25361825335949,12.95588099299553],[80.25343333146942,12.956061304237851],[80.25269552857598,12.956149609599523],[80.25251141488552,12.956058660945413],[80.25205180585324,12.955605239459931],[80.25205207568372,12.95551481973479],[80.25140673566482,12.955512966428268],[80.25067163720843,12.954697069110159],[80.25067217782389,12.954516229703929],[80.25012065460302,12.953972120279486]]},"properties":{"id":"L01616","strahler":1,"length_m":755.0,"drop_m":5.13,"gradient":0.0068,"area_ha":19.88,"on_drain_share":0.0,"downstream":"L01628"}},{"type":"Feature","geometry":{"type":"LineString","coordinates":[[80.25878125390847,12.955805311434766],[80.25905782897814,12.955806098094621],[80.25914975339593,12.955896780118893],[80.26007167077934,12.95589939989129],[80.26034771233998,12.956081024973363]]},"properties":{"id":"L01590","strahler":1,"length_m":182.4,"drop_m":0.75,"gradient":0.00411,"area_ha":7.45,"on_drain_share":0.0,"downstream":"L01592"}},{"type":"Feature","geometry":{"type":"LineString","coordinates":[[80.18659521783157,12.955770794273043],[80.18622763180129,12.955407969576331],[80.18622792537242,12.955317551274227],[80.1867825317187,12.954867186675871],[80.18742815322348,12.954778781601224]]},"properties":{"id":"L01605","strahler":1,"length_m":221.4,"drop_m":2.1,"gradient":0.00947,"area_ha":11.7,"on_drain_share":0.0,"downstream":"L01630"}},{"type":"Feature","geometry":{"type":"LineString","coordinates":[[80.23831777240817,12.95475167024679],[80.23776407731911,12.95493089159635],[80.23739421322837,12.955291490272636],[80.23739311276287,12.95565316794841],[80.2371154383449,12.956014035944374]]},"properties":{"id":"L01591","strahler":1,"length_m":217.3,"drop_m":0.77,"gradient":0.00356,"area_ha":8.19,"on_drain_share":0.0,"downstream":"L01565"}},{"type":"Feature","geometry":{"type":"LineString","coordinates":[[80.17617834647692,12.955557227569932],[80.17599456147322,12.955375808387823],[80.17599575050663,12.955014136103596],[80.17572007387172,12.954742007130308],[80.17572096590204,12.954470752923728]]},"properties":{"id":"L01607","strahler":2,"length_m":140.7,"drop_m":0.97,"gradient":0.00687,"area_ha":33.67,"on_drain_share":0.0,"downstream":"L01612"}},{"type":"Feature","geometry":{"type":"LineString","coordinates":[[80.19544634732088,12.955527018088516],[80.19535444740228,12.955436314894698],[80.19535560850696,12.95507464086458],[80.19563246878657,12.954985076284283],[80.19581742900579,12.95480480836646],[80.19618647876494,12.954715527674898],[80.19618676872759,12.954625109144782],[80.19664887735112,12.954264856520162],[80.19757106455876,12.954177278514887],[80.19766354373057,12.954087143822665]]},"properties":{"id":"L01613","strahler":1,"length_m":355.6,"drop_m":2.71,"gradient":0.00761,"area_ha":9.79,"on_drain_share":0.0,"downstream":"L01651"}},{"type":"Feature","geometry":{"type":"LineString","coordinates":[[80.21794082134868,12.955595507177247],[80.21794166774855,12.955324250169188],[80.21766594254494,12.955052162901495],[80.21766820026376,12.954328810884922],[80.21748438429157,12.954147419248716],[80.21748523108745,12.953876162240258],[80.21757770340466,12.953786020057356]]},"properties":{"id":"L01619","strahler":4,"length_m":224.9,"drop_m":-0.34,"gradient":0.0,"area_ha":402.11,"on_drain_share":0.0,"downstream":"L01684"}},{"type":"Feature","geometry":{"type":"LineString","coordinates":[[80.24956236613387,12.955688501807764],[80.24956317831867,12.955417242787227],[80.24974810233574,12.955236934409267],[80.24974891429024,12.954965675367763],[80.24956507334464,12.954784305050524],[80.24956561476216,12.954603465691497],[80.25012038410914,12.954062539975226],[80.25012065460302,12.953972120279486]]},"properties":{"id":"L01615","strahler":4,"length_m":231.4,"drop_m":0.01,"gradient":3e-05,"area_ha":370.45,"on_drain_share":0.0,"downstream":"L01628"}},{"type":"Feature","geometry":{"type":"LineString","coordinates":[[80.18779515422447,12.955322441346395],[80.18742815322348,12.954778781601224]]},"properties":{"id":"L01602","strahler":1,"length_m":76.6,"drop_m":1.66,"gradient":0.02166,"area_ha":5.07,"on_drain_share":0.0,"downstream":"L01630"}},{"type":"Feature","geometry":{"type":"LineString","coordinates":[[80.1974756903377,12.955171598754763],[80.1977534183182,12.95481077619482],[80.19775486529441,12.954358683366863],[80.19766296489334,12.954267980955446],[80.19766354373057,12.954087143822665]]},"properties":{"id":"L01614","strahler":1,"length_m":136.6,"drop_m":0.73,"gradient":0.00537,"area_ha":8.25,"on_drain_share":0.0,"downstream":"L01651"}},{"type":"Feature","geometry":{"type":"LineString","coordinates":[[80.20116444945963,12.95482125595033],[80.20153320976239,12.954822386222913],[80.20171701398037,12.955003788465957],[80.20199358444299,12.955004635644563],[80.20227073047276,12.95482464520282],[80.20282588404842,12.954193407318751],[80.20319464357739,12.954194535186497],[80.20356282855514,12.954376499925196],[80.20383853685412,12.954648601207087],[80.20411510706816,12.95464944611123],[80.20439081628443,12.954921546855326]]},"properties":{"id":"L01606","strahler":1,"length_m":434.6,"drop_m":1.53,"gradient":0.00351,"area_ha":7.84,"on_drain_share":0.0,"downstream":"L01604"}},{"type":"Feature","geometry":{"type":"LineString","coordinates":[[80.17489007118739,12.954829799157707],[80.17489096412216,12.954558545009851],[80.17498345110236,12.95446841886356],[80.17516782978875,12.954469002574246],[80.1754452901445,12.954198623702379],[80.17562966865397,12.954199207074364],[80.17572215524426,12.954109080639418]]},"properties":{"id":"L01611","strahler":1,"length_m":140.7,"drop_m":1.87,"gradient":0.01328,"area_ha":4.9,"on_drain_share":0.0,"downstream":"L01627"}},{"type":"Feature","geometry":{"type":"LineString","coordinates":[[80.18318713274624,12.954855940701147],[80.18318890064236,12.954313431268249],[80.18328138472603,12.954223301990522],[80.1829143953716,12.953679636519716]]},"properties":{"id":"L01618","strahler":1,"length_m":150.7,"drop_m":1.85,"gradient":0.01229,"area_ha":5.86,"on_drain_share":0.0,"downstream":"L01676"}},{"type":"Feature","geometry":{"type":"LineString","coordinates":[[80.204206435927,12.954920983801976],[80.20439081628443,12.954921546855326]]},"properties":{"id":"L01603","strahler":1,"length_m":20.0,"drop_m":0.07,"gradient":0.00339,"area_ha":4.62,"on_drain_share":0.0,"downstream":"L01604"}},{"type":"Feature","geometry":{"type":"LineString","coordinates":[[80.20439081628443,12.954921546855326],[80.20457519665055,12.954922109778238]]},"properties":{"id":"L01604","strahler":2,"length_m":20.0,"drop_m":0.07,"gradient":0.00339,"area_ha":12.5,"on_drain_share":0.0,"downstream":"L01621"}},{"type":"Feature","geometry":{"type":"LineString","coordinates":[[80.20457519665055,12.954922109778238],[80.2058698699233,12.953660184127147],[80.20623862894155,12.953661307642028],[80.20633110498092,12.953571169677272]]},"properties":{"id":"L01621","strahler":3,"length_m":252.1,"drop_m":0.94,"gradient":0.00374,"area_ha":356.75,"on_drain_share":0.0,"downstream":"L01633"}},{"type":"Feature","geometry":{"type":"LineString","coordinates":[[80.17701072651461,12.954746086802317],[80.17627499350812,12.954201247849195],[80.17599753398913,12.954471627658261],[80.17572096590204,12.954470752923728]]},"properties":{"id":"L01608","strahler":1,"length_m":177.3,"drop_m":1.82,"gradient":0.01026,"area_ha":5.79,"on_drain_share":0.0,"downstream":"L01612"}},{"type":"Feature","geometry":{"type":"LineString","coordinates":[[80.18079049750408,12.954757997647212],[80.18125233148967,12.954488191855294],[80.18217422653949,12.954491086931165],[80.18245167982725,12.954220700146934],[80.18272824810674,12.954221567721595],[80.18291321644674,12.954041309470215],[80.1829143953716,12.953679636519716]]},"properties":{"id":"L01617","strahler":2,"length_m":303.1,"drop_m":4.21,"gradient":0.01389,"area_ha":25.49,"on_drain_share":0.0,"downstream":"L01676"}},{"type":"Feature","geometry":{"type":"LineString","coordinates":[[80.18742815322348,12.954778781601224],[80.18789056672952,12.954328126928432],[80.18789437485424,12.95315268836744],[80.18761868644104,12.952880571296372],[80.18789613232366,12.952610178226301],[80.18826488816637,12.95261132708277],[80.18844897339449,12.95270231968626],[80.18881889970454,12.952341794248124],[80.18946422190987,12.952343802078929],[80.18955670310402,12.95225367038325]]},"properties":{"id":"L01630","strahler":2,"length_m":490.4,"drop_m":2.66,"gradient":0.00543,"area_ha":28.45,"on_drain_share":0.0,"downstream":"L01677"}},{"type":"Feature","geometry":{"type":"LineString","coordinates":[[80.17572096590204,12.954470752923728],[80.17572215524426,12.954109080639418]]},"properties":{"id":"L01612","strahler":2,"length_m":40.0,"drop_m":0.34,"gradient":0.00858,"area_ha":39.65,"on_drain_share":0.0,"downstream":"L01627"}},{"type":"Feature","geometry":{"type":"LineString","coordinates":[[80.21195155552316,12.954582844225813],[80.21195183979614,12.95449242534705],[80.21222897872256,12.954312423858815],[80.21306152857838,12.953410741835267],[80.21306209626832,12.953229904012423],[80.21389435593468,12.95241863781036],[80.21426311384313,12.952419749865804],[80.2143555866826,12.952329608851997]]},"properties":{"id":"L01632","strahler":1,"length_m":387.0,"drop_m":3.11,"gradient":0.00804,"area_ha":7.73,"on_drain_share":0.0,"downstream":"L01671"}},{"type":"Feature","geometry":{"type":"LineString","coordinates":[[80.20863299427444,12.954482367056515],[80.20863356520773,12.95430152944221],[80.20844975617372,12.954120131808486],[80.20845175480721,12.953487200157914],[80.2081763280112,12.953124684711897],[80.20799337712377,12.95267203039618],[80.20771766609433,12.952399933334497],[80.20771823759289,12.95221909573152]]},"properties":{"id":"L01634","strahler":4,"length_m":291.4,"drop_m":0.29,"gradient":0.00101,"area_ha":160.18,"on_drain_share":0.0,"downstream":"L01639"}},{"type":"Feature","geometry":{"type":"LineString","coordinates":[[80.18973435893074,12.95433386678103],[80.18982684081192,12.954243735040754],[80.18982830201784,12.953791643078635],[80.18992078365523,12.95370151128748],[80.18955290304666,12.953429109511026],[80.18955348769524,12.953248272729098],[80.18964596921296,12.95315814102576],[80.18955670310402,12.95225367038325]]},"properties":{"id":"L01631","strahler":1,"length_m":269.0,"drop_m":4.4,"gradient":0.01636,"area_ha":6.74,"on_drain_share":0.0,"downstream":"L01677"}},{"type":"Feature","geometry":{"type":"LineString","coordinates":[[80.17572215524426,12.954109080639418],[80.17572274990185,12.953928244493467],[80.17563085810211,12.953837534790877],[80.17526239911349,12.953745949886116],[80.17507861605948,12.953564530152777],[80.17489423804248,12.953563946418988],[80.17443418637815,12.953291232371084],[80.17434259309834,12.953110104204404],[80.17434408209452,12.952658013957883]]},"properties":{"id":"L01627","strahler":2,"length_m":263.1,"drop_m":0.3,"gradient":0.00113,"area_ha":49.38,"on_drain_share":0.0,"downstream":"L01644"}},{"type":"Feature","geometry":{"type":"LineString","coordinates":[[80.17102080668107,12.954003747717023],[80.17102140472508,12.953822911785007],[80.17083762487559,12.953641489243184],[80.17046946755875,12.95345947972569],[80.17019409819707,12.953096927386131],[80.1700097207524,12.953096340217384]]},"properties":{"id":"L01625","strahler":1,"length_m":169.0,"drop_m":0.79,"gradient":0.00465,"area_ha":6.28,"on_drain_share":0.0,"downstream":null}},{"type":"Feature","geometry":{"type":"LineString","coordinates":[[80.19766354373057,12.954087143822665],[80.1985886208527,12.953095376252964],[80.1984978769135,12.952642999759187],[80.19785457764736,12.952008084166671],[80.19850163479605,12.951467557963388]]},"properties":{"id":"L01651","strahler":2,"length_m":399.4,"drop_m":-0.06,"gradient":0.0,"area_ha":23.33,"on_drain_share":0.0,"downstream":"L01658"}},{"type":"Feature","geometry":{"type":"LineString","coordinates":[[80.21352049188194,12.95404506583098],[80.21352219401895,12.953502552321169],[80.21444692615631,12.952601143592336],[80.21444720948435,12.952510724645439],[80.2149095728829,12.952060018871057],[80.21491013917866,12.951879180948993],[80.21564991659316,12.951158049731255]]},"properties":{"id":"L01667","strahler":1,"length_m":415.3,"drop_m":1.28,"gradient":0.00307,"area_ha":7.2,"on_drain_share":0.0,"downstream":"L01672"}},{"type":"Feature","geometry":{"type":"LineString","coordinates":[[80.1991469562948,12.951469541688066],[80.19942352268426,12.951470391366778],[80.19988331247272,12.951833481378676],[80.19988273534072,12.952014318641247],[80.19979025772913,12.952104454226651],[80.19978852606802,12.95264696598313],[80.2003416615513,12.952648663837174],[80.20089335599674,12.953102453752951],[80.20126211374665,12.95310358426187],[80.2015381060855,12.953285269119508],[80.20181467463996,12.953286116377626],[80.20218458379668,12.95292557090247],[80.20236896259541,12.952926135301059],[80.20264639357848,12.952655725595102],[80.20347609744212,12.952658262839586],[80.2041197004259,12.953202746734258],[80.20430407951562,12.953203309775647],[80.20494739896715,12.953838210518692],[80.20522396836188,12.953839054194127],[80.20559358722775,12.953568922402873],[80.20633110498092,12.953571169677272]]},"properties":{"id":"L01623","strahler":4,"length_m":1025.0,"drop_m":2.17,"gradient":0.00211,"area_ha":669.07,"on_drain_share":0.0,"downstream":"L01633"}},{"type":"Feature","geometry":{"type":"LineString","coordinates":[[80.24800026605178,12.953966009840599],[80.24818518999976,12.953785702555003],[80.24827710956664,12.953876388174573],[80.24892244490808,12.953878249001242],[80.24919982968866,12.953607786973803],[80.24920118374858,12.953155688568735],[80.24901761534257,12.952883898254209],[80.24902005306399,12.952070121102729],[80.24920497484324,12.951889812950522],[80.24883729830732,12.951527071636493],[80.24883784010892,12.951346232262633]]},"properties":{"id":"L01664","strahler":1,"length_m":438.0,"drop_m":0.94,"gradient":0.00215,"area_ha":14.79,"on_drain_share":0.0,"downstream":"L01712"}},{"type":"Feature","geometry":{"type":"LineString","coordinates":[[80.25012065460302,12.953972120279486],[80.25021663166787,12.952706509725916]]},"properties":{"id":"L01628","strahler":4,"length_m":144.1,"drop_m":0.03,"gradient":0.00017,"area_ha":395.03,"on_drain_share":0.0,"downstream":"L01636"}},{"type":"Feature","geometry":{"type":"LineString","coordinates":[[80.1829143953716,12.953679636519716],[80.18282250089675,12.953588929201382],[80.18291527954177,12.953408381800202],[80.18291645840408,12.953046708831987],[80.18236568364433,12.952321628076545],[80.18236892732841,12.951327027443753],[80.18255389364595,12.95114676929588],[80.18255507281657,12.950785096297762]]},"properties":{"id":"L01676","strahler":2,"length_m":361.4,"drop_m":-0.89,"gradient":0.0,"area_ha":41.18,"on_drain_share":0.0,"downstream":"L01718"}},{"type":"Feature","geometry":{"type":"LineString","coordinates":[[80.21757770340466,12.953786020057356],[80.2177626478396,12.953605735579858],[80.21776321214719,12.953424897555278],[80.21757939672635,12.953243506007588],[80.2175802433583,12.952972248974165],[80.21776546929195,12.95270154543168],[80.21776631568594,12.952430288374899],[80.21906091284487,12.951168292384596],[80.21906232098235,12.95071619709342]]},"properties":{"id":"L01684","strahler":4,"length_m":422.8,"drop_m":0.88,"gradient":0.00208,"area_ha":1235.95,"on_drain_share":0.0,"downstream":"L01687"}},{"type":"Feature","geometry":{"type":"LineString","coordinates":[[80.23693848795097,12.953572171824883],[80.23647753597034,12.953570821659985],[80.23620151581238,12.953389172354715],[80.2358327545565,12.95338809126018],[80.23564809823999,12.953477969913417],[80.23546426909955,12.953296590251076],[80.23518769830441,12.953295778702383],[80.23444851945752,12.953836129356711],[80.23398756726048,12.953834774760539],[80.23361991129151,12.953472013090328],[80.2331589598537,12.95347065706594],[80.23288321910525,12.953198585045607],[80.23251473524199,12.953107079939825],[80.23131986782268,12.951928096559548]]},"properties":{"id":"L01641","strahler":1,"length_m":742.5,"drop_m":2.27,"gradient":0.00306,"area_ha":25.19,"on_drain_share":0.0,"downstream":"L01669"}},{"type":"Feature","geometry":{"type":"LineString","coordinates":[[80.20633110498092,12.953571169677272],[80.20771823759289,12.95221909573152]]},"properties":{"id":"L01633","strahler":4,"length_m":212.1,"drop_m":-0.14,"gradient":0.0,"area_ha":1072.42,"on_drain_share":0.0,"downstream":"L01639"}},{"type":"Feature","geometry":{"type":"LineString","coordinates":[[80.2182235978416,12.953607118850641],[80.21822387983023,12.95351669982869]]},"properties":{"id":"L01624","strahler":1,"length_m":10.0,"drop_m":-0.12,"gradient":0.0,"area_ha":5.27,"on_drain_share":0.0,"downstream":null}},{"type":"Feature","geometry":{"type":"LineString","coordinates":[[80.24523590473895,12.953505915799822],[80.24542001367372,12.953596869365342],[80.2456043948624,12.953597403203302],[80.24569685753926,12.953507250466611],[80.24569876203752,12.952874313201605],[80.24597642088472,12.952513435095824],[80.24597859646656,12.951790078117204],[80.2457028427648,12.951518018958051],[80.24570393088035,12.951156340469097],[80.2457963925728,12.951066187628838]]},"properties":{"id":"L01674","strahler":1,"length_m":357.3,"drop_m":1.47,"gradient":0.00413,"area_ha":9.85,"on_drain_share":0.0,"downstream":"L01711"}},{"type":"Feature","geometry":{"type":"LineString","coordinates":[[80.17941298196287,12.953126119543368],[80.17941357391148,12.952945283215564],[80.17913819153937,12.952582739569248],[80.1804329723212,12.95132094692341]]},"properties":{"id":"L01654","strahler":1,"length_m":270.4,"drop_m":0.19,"gradient":0.00072,"area_ha":11.74,"on_drain_share":0.0,"downstream":"L01675"}},{"type":"Feature","geometry":{"type":"LineString","coordinates":[[80.21721063731229,12.953242398575144],[80.21730452100563,12.952700161445584],[80.21758193656444,12.952429734890256],[80.21758250094936,12.952248896857228],[80.21887709798858,12.95098690176207],[80.21878659926413,12.950444111136187]]},"properties":{"id":"L01686","strahler":1,"length_m":388.7,"drop_m":0.85,"gradient":0.00219,"area_ha":5.71,"on_drain_share":0.0,"downstream":"L01725"}},{"type":"Feature","geometry":{"type":"LineString","coordinates":[[80.25584185822999,12.952180109561803],[80.25630254148959,12.952271845172987],[80.25657830811494,12.952543893774038],[80.25676268900142,12.952544419675402],[80.25740614728149,12.95317919828409],[80.25768271936724,12.953179986246688],[80.25777464235045,12.953270668695152],[80.25841997753518,12.953272505918322],[80.25869708455288,12.953092453053122],[80.25888146593167,12.953092977477352],[80.25897312205832,12.953274079409363],[80.25906531281927,12.953274341543743],[80.25952760205632,12.952823552243087],[80.25952813620292,12.952642712445282],[80.258884673555,12.952007938834182],[80.25888520813051,12.951827099051478],[80.25934722774782,12.95146672979826],[80.2596237980665,12.951467515598898]]},"properties":{"id":"L01666","strahler":1,"length_m":728.4,"drop_m":1.1,"gradient":0.00151,"area_ha":15.25,"on_drain_share":0.0,"downstream":"L01662"}},{"type":"Feature","geometry":{"type":"LineString","coordinates":[[80.22071469636762,12.952981640883309],[80.22053116013191,12.952709832230966],[80.2205320035341,12.952438574994815],[80.22016437008162,12.95207579551567],[80.22016465133585,12.951985376441122]]},"properties":{"id":"L01640","strahler":1,"length_m":134.9,"drop_m":0.44,"gradient":0.00328,"area_ha":9.17,"on_drain_share":0.0,"downstream":null}},{"type":"Feature","geometry":{"type":"LineString","coordinates":[[80.22689141979369,12.953000038149336],[80.22689448701418,12.95200542677264],[80.22680257626679,12.95191473406638],[80.22671038669596,12.951914460547371],[80.22634274451258,12.951551689306948],[80.2260664553512,12.951460448981534],[80.22579072482327,12.951188369972126],[80.22532977843628,12.951187000336988],[80.22496046234944,12.95136674240828]]},"properties":{"id":"L01663","strahler":1,"length_m":365.6,"drop_m":3.83,"gradient":0.01048,"area_ha":8.0,"on_drain_share":0.0,"downstream":"L01683"}},{"type":"Feature","geometry":{"type":"LineString","coordinates":[[80.1912143527646,12.952801336020261],[80.19103055811783,12.952619926878661],[80.19130800023758,12.952349529935686],[80.19195332286138,12.952351531604606],[80.19223076373119,12.952081133597394],[80.19241514145742,12.95208170500139],[80.19250762155232,12.951991572188279],[80.19250820400266,12.951810735253959],[80.19269316385126,12.951630469504892],[80.19306220970992,12.951541193007502]]},"properties":{"id":"L01649","strahler":1,"length_m":309.7,"drop_m":1.21,"gradient":0.00392,"area_ha":8.58,"on_drain_share":0.0,"downstream":"L01656"}},{"type":"Feature","geometry":{"type":"LineString","coordinates":[[80.25289796684555,12.950092014514325],[80.2529898869334,12.950182698516153],[80.25262005090612,12.950543320525796],[80.25261816423343,12.951176258911898],[80.25298611546368,12.951448575399585],[80.25298449899694,12.951991094026015],[80.25344437281329,12.952354093945457],[80.2534432957601,12.952715773045124],[80.25335083602106,12.952805928704583],[80.25279769324011,12.952804343336602],[80.2525219306736,12.952532290947728],[80.2519687886014,12.952530703853396],[80.25159921746715,12.952800904345846],[80.25132264618404,12.952800109950061],[80.25123018569212,12.952890264813163],[80.25104607491934,12.952799315260826],[80.25067731326179,12.952798255218699],[80.25049239177474,12.952978564424592],[80.25021663166787,12.952706509725916]]},"properties":{"id":"L01629","strahler":1,"length_m":767.7,"drop_m":4.09,"gradient":0.00532,"area_ha":19.26,"on_drain_share":0.0,"downstream":"L01636"}},{"type":"Feature","geometry":{"type":"LineString","coordinates":[[80.17434408209452,12.952658013957883],[80.17462124346872,12.952478053917664],[80.17526686118346,12.952389678849626],[80.17554431899688,12.952119299684728],[80.17646650102559,12.95203179632719],[80.17674366029671,12.951851833887595],[80.17702141278542,12.951491034887862],[80.17739016597754,12.951492199032128],[80.17757394938079,12.951673617172846],[80.17775832613229,12.951674198927375],[80.17812767246978,12.951494525755862],[80.17831204911532,12.951495107110796],[80.17849583322828,12.951676524641472],[80.17886458683022,12.951677686716113],[80.17895707134203,12.951587558990038]]},"properties":{"id":"L01644","strahler":2,"length_m":588.7,"drop_m":2.76,"gradient":0.00469,"area_ha":85.45,"on_drain_share":0.0,"downstream":"L01660"}},{"type":"Feature","geometry":{"type":"LineString","coordinates":[[80.2120494301351,12.952774745285808],[80.21232599883298,12.952775581356631],[80.2128808396394,12.952234739139382],[80.21334178657963,12.952236130900285],[80.21352673267235,12.952055849517059],[80.21380330067578,12.952056683974703],[80.2143555866826,12.952329608851997]]},"properties":{"id":"L01635","strahler":1,"length_m":295.6,"drop_m":0.65,"gradient":0.00219,"area_ha":4.9,"on_drain_share":0.0,"downstream":"L01671"}},{"type":"Feature","geometry":{"type":"LineString","coordinates":[[80.25021663166787,12.952706509725916],[80.24984895245616,12.952343769715952]]},"properties":{"id":"L01636","strahler":4,"length_m":56.6,"drop_m":0.89,"gradient":0.0158,"area_ha":415.08,"on_drain_share":0.0,"downstream":"L01665"}},{"type":"Feature","geometry":{"type":"LineString","coordinates":[[80.18955670310402,12.95225367038325],[80.19001910807758,12.951803011344293],[80.19011392548171,12.950989532086075],[80.19048355493702,12.950719422376736],[80.19085230823599,12.950720567408128],[80.19094420480367,12.950811272024476],[80.1914970434658,12.950903406862157]]},"properties":{"id":"L01677","strahler":2,"length_m":335.6,"drop_m":0.08,"gradient":0.00025,"area_ha":41.44,"on_drain_share":0.0,"downstream":"L01655"}},{"type":"Feature","geometry":{"type":"LineString","coordinates":[[80.2143555866826,12.952329608851997],[80.21565019945474,12.951067630748193]]},"properties":{"id":"L01671","strahler":2,"length_m":198.0,"drop_m":1.62,"gradient":0.00819,"area_ha":17.59,"on_drain_share":0.0,"downstream":"L01678"}},{"type":"Feature","geometry":{"type":"LineString","coordinates":[[80.20771823759289,12.95221909573152],[80.20808813709637,12.951858541262602]]},"properties":{"id":"L01639","strahler":5,"length_m":56.6,"drop_m":0.02,"gradient":0.00038,"area_ha":1237.37,"on_drain_share":0.0,"downstream":"L01646"}},{"type":"Feature","geometry":{"type":"LineString","coordinates":[[80.24984895245616,12.952343769715952],[80.24883784010892,12.951346232262633]]},"properties":{"id":"L01665","strahler":4,"length_m":155.6,"drop_m":-2.2,"gradient":0.0,"area_ha":425.43,"on_drain_share":0.0,"downstream":"L01712"}},{"type":"Feature","geometry":{"type":"LineString","coordinates":[[80.2507740973464,12.951261384986582],[80.25077355694496,12.951442224442118],[80.25021879504948,12.951983152051167],[80.25021852463395,12.952073571762721],[80.24984895245616,12.952343769715952]]},"properties":{"id":"L01637","strahler":1,"length_m":167.3,"drop_m":2.33,"gradient":0.0139,"area_ha":7.91,"on_drain_share":0.0,"downstream":"L01665"}},{"type":"Feature","geometry":{"type":"LineString","coordinates":[[80.23639112932378,12.951671743763217],[80.23583964474261,12.951127606053765],[80.23510212897953,12.951125442689856],[80.23454761198562,12.951575915733933],[80.23279628635389,12.95148034613144],[80.23205683136128,12.95211110941702],[80.23187272888114,12.952020146729827]]},"properties":{"id":"L01638","strahler":1,"length_m":572.8,"drop_m":3.01,"gradient":0.00526,"area_ha":13.35,"on_drain_share":0.0,"downstream":"L01643"}},{"type":"Feature","geometry":{"type":"LineString","coordinates":[[80.23187272888114,12.952020146729827],[80.23131986782268,12.951928096559548]]},"properties":{"id":"L01643","strahler":2,"length_m":64.1,"drop_m":0.52,"gradient":0.00814,"area_ha":26.76,"on_drain_share":0.0,"downstream":"L01669"}},{"type":"Feature","geometry":{"type":"LineString","coordinates":[[80.23648992708243,12.94950194744683],[80.23621280958079,12.949681976089131],[80.23593624272424,12.949681165556973],[80.23566022711101,12.949499515885448],[80.23482804404065,12.9503108563127],[80.23455147658026,12.950310044272658],[80.2343676504682,12.950128663967156],[80.23390698135128,12.950036890226256],[80.23362958518173,12.950307335353596],[80.23353629046295,12.95066874176938],[80.23205710832744,12.952020690087663],[80.23187272888114,12.952020146729827]]},"properties":{"id":"L01642","strahler":1,"length_m":675.0,"drop_m":2.5,"gradient":0.00371,"area_ha":13.34,"on_drain_share":0.0,"downstream":"L01643"}},{"type":"Feature","geometry":{"type":"LineString","coordinates":[[80.19647319242792,12.951551731558961],[80.19711880337479,12.951463301745703],[80.19785515624191,12.951827246994071],[80.19813259051443,12.951556842284505],[80.19850163479605,12.951467557963388]]},"properties":{"id":"L01657","strahler":4,"length_m":257.3,"drop_m":-0.11,"gradient":0.0,"area_ha":599.15,"on_drain_share":0.0,"downstream":"L01658"}},{"type":"Feature","geometry":{"type":"LineString","coordinates":[[80.20808813709637,12.951858541262602],[80.20827308644924,12.95167826380448]]},"properties":{"id":"L01646","strahler":5,"length_m":28.3,"drop_m":-0.13,"gradient":0.0,"area_ha":1247.55,"on_drain_share":0.0,"downstream":"L01690"}},{"type":"Feature","geometry":{"type":"LineString","coordinates":[[80.23131986782268,12.951928096559548],[80.2293897211095,12.950023574481953],[80.22809907625422,12.950019755607972],[80.22800660896951,12.950109901843566],[80.2280057738099,12.950381159610142],[80.22754371442436,12.950741470949618],[80.22735933611521,12.950740924451907],[80.22671317549985,12.95101026835352],[80.22560718407131,12.95091656462029],[80.22551471559278,12.951006709896374],[80.2253303371773,12.951006161952423],[80.22496046234944,12.95136674240828]]},"properties":{"id":"L01669","strahler":2,"length_m":865.0,"drop_m":-0.01,"gradient":0.0,"area_ha":74.08,"on_drain_share":0.0,"downstream":"L01683"}},{"type":"Feature","geometry":{"type":"LineString","coordinates":[[80.1849490264374,12.951696785640433],[80.18504180281289,12.951516237323263],[80.1850429784296,12.951154564110283],[80.18541290691847,12.950794043620078],[80.18541349442975,12.950613206988095],[80.1855984581335,12.950432946507803],[80.18642815114993,12.950435537588247],[80.18652063262302,12.950345406979949],[80.18670500881136,12.950345982347685],[80.1874445647081,12.949715353949806]]},"properties":{"id":"L01705","strahler":1,"length_m":402.1,"drop_m":-0.12,"gradient":0.0,"area_ha":13.58,"on_drain_share":0.0,"downstream":"L01699"}},{"type":"Feature","geometry":{"type":"LineString","coordinates":[[80.20578398220682,12.951670690525196],[80.20615359717887,12.951400557674797],[80.20762862026766,12.95140504622927],[80.20808813709637,12.951858541262602]]},"properties":{"id":"L01645","strahler":1,"length_m":283.1,"drop_m":-0.05,"gradient":0.0,"area_ha":8.54,"on_drain_share":0.0,"downstream":"L01646"}},{"type":"Feature","geometry":{"type":"LineString","coordinates":[[80.22108766963065,12.951626456947611],[80.22071835019074,12.951806192791826],[80.22034959261367,12.951805089921098]]},"properties":{"id":"L01647","strahler":2,"length_m":88.3,"drop_m":0.0,"gradient":0.0,"area_ha":104.22,"on_drain_share":0.0,"downstream":null}},{"type":"Feature","geometry":{"type":"LineString","coordinates":[[80.17794685328694,12.950408926531532],[80.17803785555625,12.950770889863506],[80.17886488296917,12.951587268554974],[80.17895707134203,12.951587558990038]]},"properties":{"id":"L01648","strahler":4,"length_m":181.4,"drop_m":2.44,"gradient":0.01347,"area_ha":256.18,"on_drain_share":0.0,"downstream":"L01660"}},{"type":"Feature","geometry":{"type":"LineString","coordinates":[[80.17895707134203,12.951587558990038],[80.17941801324,12.951589010676349],[80.17969546591166,12.951318626753157],[80.1804329723212,12.95132094692341]]},"properties":{"id":"L01660","strahler":4,"length_m":172.4,"drop_m":-0.68,"gradient":0.0,"area_ha":343.82,"on_drain_share":0.0,"downstream":"L01675"}},{"type":"Feature","geometry":{"type":"LineString","coordinates":[[80.20827308644924,12.95167826380448],[80.20956772447389,12.950416317423116],[80.20975238673019,12.950326457632492]]},"properties":{"id":"L01690","strahler":5,"length_m":222.1,"drop_m":0.17,"gradient":0.00076,"area_ha":1271.09,"on_drain_share":0.0,"downstream":"L01696"}},{"type":"Feature","geometry":{"type":"LineString","coordinates":[[80.2596237980665,12.951467515598898],[80.25980817828908,12.951468039302977],[80.26008394809253,12.951740084368982],[80.26072927967583,12.951741915661277],[80.26082120332346,12.951832597076022],[80.26220432366668,12.951746095473267],[80.26238923623893,12.951565777432993]]},"properties":{"id":"L01662","strahler":2,"length_m":329.0,"drop_m":7.79,"gradient":0.02366,"area_ha":23.98,"on_drain_share":0.0,"downstream":null}},{"type":"Feature","geometry":{"type":"LineString","coordinates":[[80.19306220970992,12.951541193007502],[80.19343096445293,12.951542334462005],[80.19370840287614,12.951271934718338],[80.19435372310961,12.951273930280781],[80.19453868129158,12.95109366311307],[80.19472247757723,12.951275069884979],[80.19545998661813,12.951277347528578],[80.19573597244761,12.951459038192917],[80.19638129348543,12.951461028763697],[80.19647319242792,12.951551731558961]]},"properties":{"id":"L01656","strahler":4,"length_m":411.4,"drop_m":0.79,"gradient":0.00192,"area_ha":570.22,"on_drain_share":0.0,"downstream":"L01657"}},{"type":"Feature","geometry":{"type":"LineString","coordinates":[[80.20265645776179,12.949491071149312],[80.20320815009148,12.949944856112564],[80.20357690340614,12.949945983076342],[80.20385432967159,12.949675571755686],[80.20413089440093,12.949676416324596],[80.20422336959665,12.949586279039245],[80.20468316355915,12.949949360838383],[80.20578913763342,12.950043152681587],[80.20698386958068,12.95122224592909],[80.20781356957721,12.951224769090839],[80.20827308644924,12.95167826380448]]},"properties":{"id":"L01652","strahler":2,"length_m":742.5,"drop_m":1.15,"gradient":0.00154,"area_ha":19.66,"on_drain_share":0.0,"downstream":"L01690"}},{"type":"Feature","geometry":{"type":"LineString","coordinates":[[80.22191793500396,12.951448097058485],[80.22108766963065,12.951626456947611]]},"properties":{"id":"L01653","strahler":1,"length_m":98.3,"drop_m":0.0,"gradient":0.0,"area_ha":6.8,"on_drain_share":0.0,"downstream":"L01647"}},{"type":"Feature","geometry":{"type":"LineString","coordinates":[[80.24136937566071,12.951686281962555],[80.24183141841861,12.951325945123648],[80.24183278551743,12.950873847409893],[80.24210935406978,12.95087465175886],[80.24238646906693,12.950694616701284],[80.24294124389824,12.950153706484846],[80.24321808462588,12.950064090035136],[80.24405024122674,12.949252721251309]]},"properties":{"id":"L01723","strahler":1,"length_m":431.1,"drop_m":4.67,"gradient":0.01083,"area_ha":8.29,"on_drain_share":0.0,"downstream":"L01727"}},{"type":"Feature","geometry":{"type":"LineString","coordinates":[[80.1914970434658,12.950903406862157],[80.19177360870914,12.950904264621233],[80.19223309429498,12.95135778589947],[80.19297031207873,12.951450489082072],[80.19306220970992,12.951541193007502]]},"properties":{"id":"L01655","strahler":4,"length_m":199.0,"drop_m":-0.55,"gradient":0.0,"area_ha":557.27,"on_drain_share":0.0,"downstream":"L01656"}},{"type":"Feature","geometry":{"type":"LineString","coordinates":[[80.19850163479605,12.951467557963388],[80.1991469562948,12.951469541688066]]},"properties":{"id":"L01658","strahler":4,"length_m":70.0,"drop_m":0.53,"gradient":0.00764,"area_ha":622.77,"on_drain_share":0.0,"downstream":"L01623"}},{"type":"Feature","geometry":{"type":"LineString","coordinates":[[80.21564878512542,12.951519725657173],[80.21564991659316,12.951158049731255]]},"properties":{"id":"L01668","strahler":1,"length_m":40.0,"drop_m":0.0,"gradient":0.0,"area_ha":8.3,"on_drain_share":0.0,"downstream":"L01672"}},{"type":"Feature","geometry":{"type":"LineString","coordinates":[[80.22256494232754,12.950907508011342],[80.22182742952587,12.950905307123406],[80.22108766963065,12.951626456947611]]},"properties":{"id":"L01659","strahler":2,"length_m":193.1,"drop_m":0.0,"gradient":0.0,"area_ha":94.49,"on_drain_share":0.0,"downstream":"L01647"}},{"type":"Feature","geometry":{"type":"LineString","coordinates":[[80.22440676698425,12.951545935304077],[80.22367093181951,12.951001224588872],[80.2226568511061,12.950998202111428],[80.22256494232754,12.950907508011342]]},"properties":{"id":"L01679","strahler":1,"length_m":229.0,"drop_m":1.43,"gradient":0.00623,"area_ha":6.51,"on_drain_share":0.0,"downstream":"L01659"}},{"type":"Feature","geometry":{"type":"LineString","coordinates":[[80.1804329723212,12.95132094692341],[80.1808029072943,12.950960433391831],[80.18117166005692,12.950961592139528],[80.18126355299408,12.951052299964935],[80.18227762366622,12.951055483496102],[80.18255507281657,12.950785096297762]]},"properties":{"id":"L01675","strahler":4,"length_m":263.1,"drop_m":-1.02,"gradient":0.0,"area_ha":361.56,"on_drain_share":0.0,"downstream":"L01718"}},{"type":"Feature","geometry":{"type":"LineString","coordinates":[[80.19703095816573,12.950106739100493],[80.19749074185131,12.950469833022048],[80.19776730702557,12.950470684393604],[80.19841060234926,12.951105600031717],[80.19877935693768,12.951106733881952],[80.1991469562948,12.951469541688066]]},"properties":{"id":"L01661","strahler":2,"length_m":292.1,"drop_m":0.32,"gradient":0.0011,"area_ha":28.89,"on_drain_share":0.0,"downstream":"L01623"}},{"type":"Feature","geometry":{"type":"LineString","coordinates":[[80.24367466691918,12.951512141259704],[80.24441409273079,12.950881343256802],[80.24487504061811,12.950882679111364],[80.24505887528089,12.951064052447553],[80.24533598855706,12.950884014150919],[80.24552036774709,12.950884547938532],[80.2457963925728,12.951066187628838]]},"properties":{"id":"L01680","strahler":1,"length_m":283.8,"drop_m":0.98,"gradient":0.00345,"area_ha":7.76,"on_drain_share":0.0,"downstream":"L01711"}},{"type":"Feature","geometry":{"type":"LineString","coordinates":[[80.22496046234944,12.95136674240828],[80.22449979540038,12.951274952113437],[80.22394777919732,12.950911629052754],[80.22256494232754,12.950907508011342]]},"properties":{"id":"L01683","strahler":2,"length_m":280.7,"drop_m":1.28,"gradient":0.00457,"area_ha":87.33,"on_drain_share":0.0,"downstream":"L01659"}},{"type":"Feature","geometry":{"type":"LineString","coordinates":[[80.21961376621354,12.951260368218259],[80.21906232098235,12.95071619709342]]},"properties":{"id":"L01685","strahler":1,"length_m":84.9,"drop_m":-0.61,"gradient":0.0,"area_ha":125.3,"on_drain_share":0.0,"downstream":"L01687"}},{"type":"Feature","geometry":{"type":"LineString","coordinates":[[80.24883784010892,12.951346232262633],[80.24874700490678,12.950893868113042],[80.24865508619258,12.950803182689352],[80.24874835948962,12.950441769661136],[80.24828876736296,12.949988342280879],[80.24819793351469,12.949535977974623]]},"properties":{"id":"L01712","strahler":4,"length_m":237.3,"drop_m":0.47,"gradient":0.00197,"area_ha":443.53,"on_drain_share":0.0,"downstream":"L01720"}},{"type":"Feature","geometry":{"type":"LineString","coordinates":[[80.25851831912384,12.951193110972158],[80.25943995200434,12.951286151951436],[80.2596237980665,12.951467515598898]]},"properties":{"id":"L01670","strahler":1,"length_m":132.4,"drop_m":-0.49,"gradient":0.0,"area_ha":5.98,"on_drain_share":0.0,"downstream":"L01662"}},{"type":"Feature","geometry":{"type":"LineString","coordinates":[[80.21564991659316,12.951158049731255],[80.21565019945474,12.951067630748193]]},"properties":{"id":"L01672","strahler":2,"length_m":10.0,"drop_m":0.0,"gradient":0.0,"area_ha":15.51,"on_drain_share":0.0,"downstream":"L01678"}},{"type":"Feature","geometry":{"type":"LineString","coordinates":[[80.21565019945474,12.951067630748193],[80.21583514307282,12.950887347566116]]},"properties":{"id":"L01678","strahler":3,"length_m":28.3,"drop_m":0.0,"gradient":0.0,"area_ha":34.39,"on_drain_share":0.0,"downstream":"L01724"}},{"type":"Feature","geometry":{"type":"LineString","coordinates":[[80.22044515564144,12.950720336656955],[80.22007527464214,12.951080909812376]]},"properties":{"id":"L01673","strahler":1,"length_m":56.6,"drop_m":0.83,"gradient":0.01462,"area_ha":4.62,"on_drain_share":0.0,"downstream":null}},{"type":"Feature","geometry":{"type":"LineString","coordinates":[[80.2457963925728,12.951066187628838],[80.24598131575824,12.95088588183707],[80.24598267532677,12.950433783673313],[80.24607513664328,12.950343630709025],[80.24616868522864,12.949891799144835],[80.24663098977581,12.949441033530734],[80.24681536796001,12.949441566344017],[80.24699920310773,12.949622938350517],[80.24718358144135,12.94962347091071]]},"properties":{"id":"L01711","strahler":2,"length_m":285.6,"drop_m":0.76,"gradient":0.00266,"area_ha":19.81,"on_drain_share":0.0,"downstream":"L01719"}},{"type":"Feature","geometry":{"type":"LineString","coordinates":[[80.18255507281657,12.950785096297762],[80.18264755573375,12.950694967156839],[80.18264932420978,12.950152457624371],[80.18274180684766,12.950062328429734],[80.18255890487406,12.949609658983972],[80.18283635204286,12.94933927134297],[80.1830207273217,12.9493398492726],[80.18329787922536,12.94915987936612],[80.18366633522054,12.94925145271332]]},"properties":{"id":"L01718","strahler":4,"length_m":291.4,"drop_m":0.28,"gradient":0.00097,"area_ha":408.69,"on_drain_share":0.0,"downstream":"L01708"}},{"type":"Feature","geometry":{"type":"LineString","coordinates":[[80.19057778646516,12.950086779643629],[80.1914970434658,12.950903406862157]]},"properties":{"id":"L01681","strahler":4,"length_m":137.3,"drop_m":0.26,"gradient":0.00187,"area_ha":512.13,"on_drain_share":0.0,"downstream":"L01655"}},{"type":"Feature","geometry":{"type":"LineString","coordinates":[[80.21417800930477,12.95015899815747],[80.21473114123326,12.950160665157405],[80.21500685800174,12.950432755141497],[80.21528342431343,12.950433587926046],[80.21574295412107,12.950887070189445],[80.21583514307282,12.950887347566116]]},"properties":{"id":"L01682","strahler":5,"length_m":213.1,"drop_m":2.01,"gradient":0.00943,"area_ha":1667.12,"on_drain_share":0.0,"downstream":"L01724"}},{"type":"Feature","geometry":{"type":"LineString","coordinates":[[80.21583514307282,12.950887347566116],[80.21768456462995,12.949084507554632]]},"properties":{"id":"L01724","strahler":5,"length_m":282.8,"drop_m":-2.05,"gradient":0.0,"area_ha":1712.36,"on_drain_share":0.0,"downstream":"L01738"}},{"type":"Feature","geometry":{"type":"LineString","coordinates":[[80.20975238673019,12.950326457632492],[80.21002923744354,12.950236877119096],[80.21039742232354,12.950418832206282],[80.2107650385343,12.95078162456056],[80.21104160494781,12.950782461867837],[80.21178110517609,12.950151760930495],[80.21233423676892,12.950153433015654],[80.21279376044855,12.950606920153243],[80.21371593192498,12.950519283879794],[80.21417800930477,12.95015899815747]]},"properties":{"id":"L01696","strahler":5,"length_m":579.4,"drop_m":-0.83,"gradient":0.0,"area_ha":1656.46,"on_drain_share":0.0,"downstream":"L01682"}},{"type":"Feature","geometry":{"type":"LineString","coordinates":[[80.21906232098235,12.95071619709342],[80.21878659926413,12.950444111136187]]},"properties":{"id":"L01687","strahler":4,"length_m":42.4,"drop_m":0.15,"gradient":0.00348,"area_ha":1362.84,"on_drain_share":0.0,"downstream":"L01725"}},{"type":"Feature","geometry":{"type":"LineString","coordinates":[[80.17167778142672,12.95047949816626],[80.17186275429415,12.950299248019217],[80.17186335155404,12.950118411997236],[80.17223299772046,12.949848329253996]]},"properties":{"id":"L01698","strahler":1,"length_m":100.7,"drop_m":0.08,"gradient":0.0008,"area_ha":5.65,"on_drain_share":0.0,"downstream":"L01733"}},{"type":"Feature","geometry":{"type":"LineString","coordinates":[[80.19426966982395,12.948741926750609],[80.19399194431227,12.949102745864044],[80.19399136305785,12.949283582902202],[80.19426676454879,12.94964611200311],[80.19454332859488,12.949646966741929],[80.19454216682192,12.950008640849893],[80.1951857426074,12.950553145386435],[80.19546288796919,12.950373162122776],[80.19601601784808,12.950374868863115],[80.19666336393067,12.949743928568566]]},"properties":{"id":"L01706","strahler":1,"length_m":487.0,"drop_m":1.66,"gradient":0.0034,"area_ha":9.74,"on_drain_share":0.0,"downstream":"L01701"}},{"type":"Feature","geometry":{"type":"LineString","coordinates":[[80.17776307046746,12.95022750867586],[80.17794685328694,12.950408926531532]]},"properties":{"id":"L01688","strahler":3,"length_m":28.3,"drop_m":-0.37,"gradient":0.0,"area_ha":99.89,"on_drain_share":0.0,"downstream":"L01648"}},{"type":"Feature","geometry":{"type":"LineString","coordinates":[[80.17813182187035,12.950228671659431],[80.17794685328694,12.950408926531532]]},"properties":{"id":"L01689","strahler":3,"length_m":28.3,"drop_m":-0.45,"gradient":0.0,"area_ha":155.5,"on_drain_share":0.0,"downstream":"L01648"}},{"type":"Feature","geometry":{"type":"LineString","coordinates":[[80.20846288810912,12.949960866108942],[80.20892240404518,12.95041435965516],[80.20975238673019,12.950326457632492]]},"properties":{"id":"L01691","strahler":3,"length_m":164.9,"drop_m":1.41,"gradient":0.00855,"area_ha":377.18,"on_drain_share":0.0,"downstream":"L01696"}},{"type":"Feature","geometry":{"type":"LineString","coordinates":[[80.21878659926413,12.950444111136187],[80.21768371837373,12.949355764675596],[80.21768456462995,12.949084507554632]]},"properties":{"id":"L01725","strahler":4,"length_m":199.7,"drop_m":-0.7,"gradient":0.0,"area_ha":1372.22,"on_drain_share":0.0,"downstream":"L01738"}},{"type":"Feature","geometry":{"type":"LineString","coordinates":[[80.2016397973302,12.950301735428766],[80.2022871299089,12.949670780323864],[80.20265645776179,12.949491071149312]]},"properties":{"id":"L01710","strahler":1,"length_m":147.3,"drop_m":0.02,"gradient":0.0001,"area_ha":6.59,"on_drain_share":0.0,"downstream":"L01652"}},{"type":"Feature","geometry":{"type":"LineString","coordinates":[[80.17518894941033,12.948049318919029],[80.17564958715222,12.9481411949903],[80.17776307046746,12.95022750867586]]},"properties":{"id":"L01692","strahler":3,"length_m":379.4,"drop_m":0.3,"gradient":0.00078,"area_ha":85.52,"on_drain_share":0.0,"downstream":"L01688"}},{"type":"Feature","geometry":{"type":"LineString","coordinates":[[80.17676028367396,12.946788418663031],[80.17675998688985,12.94687883680944],[80.1781383414669,12.948239472114482],[80.17822993601297,12.948420599071856],[80.17822845452567,12.948872689908573],[80.17776455295414,12.949775417939042],[80.17776307046746,12.95022750867586]]},"properties":{"id":"L01693","strahler":2,"length_m":467.0,"drop_m":0.51,"gradient":0.0011,"area_ha":13.88,"on_drain_share":0.0,"downstream":"L01688"}},{"type":"Feature","geometry":{"type":"LineString","coordinates":[[80.1780568216243,12.944984127077847],[80.17805593279553,12.94525538164131],[80.17833130614417,12.945617926056023],[80.17832864035259,12.946431689746106],[80.17805119203376,12.946702072550288],[80.17805000675341,12.947063745252228],[80.178233787617,12.947245162822357],[80.17823260254852,12.947606835525898],[80.17869205649001,12.94806037897253],[80.1786914642521,12.948241215335145],[80.17859898096006,12.94833134305811],[80.17859601928097,12.949235524805935],[80.17831797536616,12.949686743994036],[80.17831738278153,12.9498675803171],[80.17813182187035,12.950228671659431]]},"properties":{"id":"L01694","strahler":3,"length_m":658.7,"drop_m":1.12,"gradient":0.0017,"area_ha":138.0,"on_drain_share":0.0,"downstream":"L01689"}},{"type":"Feature","geometry":{"type":"LineString","coordinates":[[80.17896417720559,12.949417522882548],[80.17813182187035,12.950228671659431]]},"properties":{"id":"L01695","strahler":2,"length_m":127.3,"drop_m":-1.1,"gradient":0.0,"area_ha":16.94,"on_drain_share":0.0,"downstream":"L01689"}},{"type":"Feature","geometry":{"type":"LineString","coordinates":[[80.1874445647081,12.949715353949806],[80.18762981926625,12.94944467351538],[80.18799857042914,12.949445822472871],[80.1881832387503,12.949355978368619],[80.18891840120615,12.95008162139524],[80.18901058925726,12.950081908241664],[80.18901029681224,12.95017232664267],[80.1894712372672,12.950173760396204],[80.19002582626135,12.949723387699603],[80.1902102021531,12.949723960561005],[80.19057778646516,12.950086779643629]]},"properties":{"id":"L01699","strahler":4,"length_m":442.8,"drop_m":1.86,"gradient":0.00419,"area_ha":440.26,"on_drain_share":0.0,"downstream":"L01681"}},{"type":"Feature","geometry":{"type":"LineString","coordinates":[[80.21334944621967,12.949794819693867],[80.21371820022092,12.94979593229894],[80.21408582065756,12.950158720210059],[80.21417800930477,12.95015899815747]]},"properties":{"id":"L01697","strahler":1,"length_m":106.6,"drop_m":-0.4,"gradient":0.0,"area_ha":6.25,"on_drain_share":0.0,"downstream":"L01682"}},{"type":"Feature","geometry":{"type":"LineString","coordinates":[[80.2586153214643,12.949565815090613],[80.25916685498609,12.95010990719435],[80.25935123419126,12.95011043116773],[80.25953507937136,12.950291794843897],[80.25981164840587,12.950292580375223],[80.25999656147314,12.950112264047712],[80.26054969922227,12.950113833816339],[80.2606424220816,12.949933255449324],[80.26091952381002,12.949753199889566],[80.26092005682183,12.949572359992166],[80.26147319349576,12.949573927736978],[80.26156511667624,12.949664608875903],[80.26174949565421,12.949665131135301],[80.26193440691688,12.949484813324172]]},"properties":{"id":"L01721","strahler":1,"length_m":456.3,"drop_m":7.87,"gradient":0.01725,"area_ha":10.87,"on_drain_share":0.0,"downstream":null}},{"type":"Feature","geometry":{"type":"LineString","coordinates":[[80.1871767930643,12.947001940518266],[80.18855550078173,12.94827210573762],[80.18956985425635,12.948184841807697],[80.18984729265412,12.947914446131842],[80.19012414647877,12.947824887004938],[80.19049406289817,12.947464358487423],[80.19169133001512,12.947829750879535],[80.19233460266888,12.9484646803388],[80.19233402024904,12.948645517311679],[80.19260970971224,12.948917629509129],[80.19260912746968,12.949098466488051],[80.19196177356623,12.949729396241457],[80.19103989377555,12.949726536823817],[80.19085580961323,12.949635546103618],[80.19067085008328,12.949815810584838],[80.19067026640074,12.949996647464454],[80.19057778646516,12.950086779643629]]},"properties":{"id":"L01700","strahler":2,"length_m":1068.8,"drop_m":1.43,"gradient":0.00134,"area_ha":70.26,"on_drain_share":0.0,"downstream":"L01681"}},{"type":"Feature","geometry":{"type":"LineString","coordinates":[[80.19666336393067,12.949743928568566],[80.19703095816573,12.950106739100493]]},"properties":{"id":"L01701","strahler":2,"length_m":56.6,"drop_m":-0.33,"gradient":0.0,"area_ha":15.78,"on_drain_share":0.0,"downstream":"L01661"}},{"type":"Feature","geometry":{"type":"LineString","coordinates":[[80.19841782861694,12.948845134727275],[80.19758553440863,12.949656349507057],[80.19730897014485,12.94965549799522],[80.19703153726635,12.949925901938203],[80.19703095816573,12.950106739100493]]},"properties":{"id":"L01702","strahler":1,"length_m":219.7,"drop_m":-0.14,"gradient":0.0,"area_ha":9.16,"on_drain_share":0.0,"downstream":"L01661"}},{"type":"Feature","geometry":{"type":"LineString","coordinates":[[80.23879272869964,12.950141624343734],[80.23851753411579,12.949688719114839],[80.23870246116591,12.94950841870228],[80.23888683906038,12.949508957126055],[80.23916422895016,12.949238506021628],[80.24008611761273,12.94924119514858],[80.24017803251392,12.949331883402515],[80.240362410342,12.94933242077544],[80.24063979852447,12.94906196799783],[80.24110101630163,12.948972890799906],[80.24128457318473,12.949244686140519],[80.24156086642702,12.94933591052132],[80.24230029047958,12.94870511835048],[80.24239247920767,12.94870538628999],[80.24285205785701,12.94915882339454],[80.24303643567247,12.949159358869156],[80.24312835167234,12.949250046140657],[80.24405024122674,12.949252721251309]]},"properties":{"id":"L01726","strahler":1,"length_m":780.1,"drop_m":5.81,"gradient":0.00745,"area_ha":19.21,"on_drain_share":0.0,"downstream":"L01727"}},{"type":"Feature","geometry":{"type":"LineString","coordinates":[[80.17223299772046,12.949848329253996],[80.17324706121448,12.949851547624677],[80.17352451809097,12.94958117052019],[80.17352630614575,12.949038662188238],[80.17454364056627,12.948047276407678],[80.17518894941033,12.948049318919029]]},"properties":{"id":"L01733","strahler":2,"length_m":438.0,"drop_m":1.2,"gradient":0.00274,"area_ha":26.06,"on_drain_share":0.0,"downstream":"L01692"}},{"type":"Feature","geometry":{"type":"LineString","coordinates":[[80.20524059236274,12.948594766439362],[80.20496288210458,12.948955598178461],[80.20560676596418,12.949409659414918],[80.20735862761587,12.94932457270017],[80.20754243250634,12.94950597092058],[80.20781899729691,12.949506811565822],[80.20818660830024,12.949869607289546],[80.20846288810912,12.949960866108942]]},"properties":{"id":"L01703","strahler":3,"length_m":486.3,"drop_m":1.15,"gradient":0.00236,"area_ha":366.99,"on_drain_share":0.0,"downstream":"L01691"}},{"type":"Feature","geometry":{"type":"LineString","coordinates":[[80.17067418181571,12.947311643793919],[80.17094954607578,12.947674195442426],[80.17103993959134,12.948216996636782],[80.1713156041038,12.948489129956211],[80.17131500652668,12.948669965975604],[80.17159037312402,12.949032517056162],[80.17177444901964,12.949123520942896],[80.17186544189232,12.94948548590037],[80.17223299772046,12.949848329253996]]},"properties":{"id":"L01704","strahler":1,"length_m":356.3,"drop_m":0.11,"gradient":0.0003,"area_ha":11.95,"on_drain_share":0.0,"downstream":"L01733"}},{"type":"Feature","geometry":{"type":"LineString","coordinates":[[80.20819031993715,12.94869416246342],[80.20791147117934,12.949416672890266],[80.20846288810912,12.949960866108942]]},"properties":{"id":"L01707","strahler":1,"length_m":177.3,"drop_m":0.85,"gradient":0.00481,"area_ha":5.96,"on_drain_share":0.0,"downstream":"L01691"}},{"type":"Feature","geometry":{"type":"LineString","coordinates":[[80.18366633522054,12.94925145271332],[80.18394348660169,12.949071482085671],[80.18486506844009,12.949164784770822],[80.18495754994385,12.94907465471403],[80.1859716135557,12.94907782339853],[80.18606409465194,12.948987692922952],[80.18643284499903,12.948988844055359],[80.18680042250455,12.94935166809789],[80.1874445647081,12.949715353949806]]},"properties":{"id":"L01708","strahler":4,"length_m":463.8,"drop_m":0.35,"gradient":0.00075,"area_ha":421.93,"on_drain_share":0.0,"downstream":"L01699"}},{"type":"Feature","geometry":{"type":"LineString","coordinates":[[80.19611168470813,12.94929013046288],[80.19620387263237,12.949290414748292],[80.19666336393067,12.949743928568566]]},"properties":{"id":"L01709","strahler":1,"length_m":80.7,"drop_m":0.3,"gradient":0.00369,"area_ha":5.35,"on_drain_share":0.0,"downstream":"L01701"}},{"type":"Feature","geometry":{"type":"LineString","coordinates":[[80.25115365774134,12.947645654820983],[80.25115446768348,12.9473743955342],[80.25087871263635,12.947102341718171],[80.25041777105928,12.947101016860422],[80.25023285383116,12.947281326179883],[80.25023204289832,12.947552585411186],[80.25013958407872,12.947642740007705],[80.25013904337601,12.947823579486991],[80.25032287994206,12.948004949238442],[80.25032179876146,12.948366628199695],[80.25041344699981,12.948547732776468],[80.249582124053,12.949087864027119],[80.2490287191706,12.949176690816385],[80.24847395901342,12.949717614872757],[80.24819793351469,12.949535977974623]]},"properties":{"id":"L01713","strahler":1,"length_m":609.4,"drop_m":0.53,"gradient":0.00086,"area_ha":16.03,"on_drain_share":0.0,"downstream":"L01720"}},{"type":"Feature","geometry":{"type":"LineString","coordinates":[[80.24718358144135,12.94962347091071],[80.24773671649159,12.94962506780896],[80.24792163723814,12.949444760485576],[80.24810601547996,12.94944529238615],[80.24819847569117,12.949355138599826]]},"properties":{"id":"L01719","strahler":3,"length_m":122.4,"drop_m":0.22,"gradient":0.00179,"area_ha":90.0,"on_drain_share":0.0,"downstream":"L01782"}},{"type":"Feature","geometry":{"type":"LineString","coordinates":[[80.18053934362621,12.946981162419176],[80.17896654553937,12.948694177432401],[80.17896417720559,12.949417522882548]]},"properties":{"id":"L01714","strahler":1,"length_m":340.4,"drop_m":3.33,"gradient":0.00978,"area_ha":4.91,"on_drain_share":0.0,"downstream":"L01695"}},{"type":"Feature","geometry":{"type":"LineString","coordinates":[[80.17961156096653,12.948786627293964],[80.17896417720559,12.949417522882548]]},"properties":{"id":"L01715","strahler":1,"length_m":99.0,"drop_m":0.0,"gradient":0.0,"area_ha":7.02,"on_drain_share":0.0,"downstream":"L01695"}},{"type":"Feature","geometry":{"type":"LineString","coordinates":[[80.20210419204886,12.949218122518584],[80.2023807561555,12.949218968914925],[80.20265645776179,12.949491071149312]]},"properties":{"id":"L01716","strahler":1,"length_m":72.4,"drop_m":-1.66,"gradient":0.0,"area_ha":5.77,"on_drain_share":0.0,"downstream":"L01652"}},{"type":"Feature","geometry":{"type":"LineString","coordinates":[[80.24635605299544,12.948897716161117],[80.24718358144135,12.94962347091071]]},"properties":{"id":"L01717","strahler":3,"length_m":123.1,"drop_m":-0.89,"gradient":0.0,"area_ha":68.23,"on_drain_share":0.0,"downstream":"L01719"}},{"type":"Feature","geometry":{"type":"LineString","coordinates":[[80.24819793351469,12.949535977974623],[80.24819847569117,12.949355138599826]]},"properties":{"id":"L01720","strahler":4,"length_m":20.0,"drop_m":-0.14,"gradient":0.0,"area_ha":459.67,"on_drain_share":0.0,"downstream":"L01782"}},{"type":"Feature","geometry":{"type":"LineString","coordinates":[[80.18348431524832,12.948527528964727],[80.18348254880813,12.949070038678116],[80.18366633522054,12.94925145271332]]},"properties":{"id":"L01722","strahler":1,"length_m":88.3,"drop_m":1.2,"gradient":0.0136,"area_ha":5.44,"on_drain_share":0.0,"downstream":"L01708"}},{"type":"Feature","geometry":{"type":"LineString","coordinates":[[80.24819847569117,12.949355138599826],[80.2481998310964,12.948903040151775],[80.2480159955299,12.948721668963456],[80.2480165378023,12.948540829584966],[80.24792462018108,12.948450143949302],[80.24792814515645,12.947274687944264],[80.24765239390734,12.947002630911195],[80.2476542924816,12.946369693045174],[80.24737854248512,12.946097635774745],[80.24738342575324,12.944470081189648],[80.2471995938764,12.944288709575565],[80.24720095053303,12.943836611056293],[80.24710903485008,12.943745925211642],[80.24710957756065,12.943565085802096]]},"properties":{"id":"L01782","strahler":4,"length_m":689.7,"drop_m":0.8,"gradient":0.00116,"area_ha":561.39,"on_drain_share":0.0,"downstream":"L01839"}},{"type":"Feature","geometry":{"type":"LineString","coordinates":[[80.24405024122674,12.949252721251309],[80.24441899710642,12.949253790382878],[80.24478884225775,12.948893180517835],[80.24506540881518,12.948893981609976],[80.24515786984334,12.948803828947439],[80.24626413588477,12.948807029968172]]},"properties":{"id":"L01727","strahler":2,"length_m":260.7,"drop_m":-0.33,"gradient":0.0,"area_ha":37.3,"on_drain_share":0.0,"downstream":"L01728"}},{"type":"Feature","geometry":{"type":"LineString","coordinates":[[80.21768456462995,12.949084507554632],[80.21786950532338,12.948904222734543],[80.21777788114075,12.94872310802866],[80.21777900928528,12.94836143184043],[80.21907358416,12.947099434195154]]},"properties":{"id":"L01738","strahler":5,"length_m":290.4,"drop_m":2.14,"gradient":0.00735,"area_ha":3085.04,"on_drain_share":0.0,"downstream":"L01742"}},{"type":"Feature","geometry":{"type":"LineString","coordinates":[[80.24626413588477,12.948807029968172],[80.24635605299544,12.948897716161117]]},"properties":{"id":"L01728","strahler":3,"length_m":14.1,"drop_m":0.0,"gradient":0.0,"area_ha":60.01,"on_drain_share":0.0,"downstream":"L01717"}},{"type":"Feature","geometry":{"type":"LineString","coordinates":[[80.24644905699363,12.948626723703393],[80.24644851358723,12.948807563015299],[80.24635605299544,12.948897716161117]]},"properties":{"id":"L01729","strahler":1,"length_m":34.1,"drop_m":-0.15,"gradient":0.0,"area_ha":4.66,"on_drain_share":0.0,"downstream":"L01717"}},{"type":"Feature","geometry":{"type":"LineString","coordinates":[[80.2434144656796,12.946086163029458],[80.24405814516727,12.946630552525477],[80.24470346123269,12.946632422771959],[80.24543878919492,12.94735791541541],[80.24534496843367,12.947900166423025],[80.24626413588477,12.948807029968172]]},"properties":{"id":"L01730","strahler":2,"length_m":483.6,"drop_m":1.88,"gradient":0.00389,"area_ha":22.65,"on_drain_share":0.0,"downstream":"L01728"}},{"type":"Feature","geometry":{"type":"LineString","coordinates":[[80.20386495022484,12.946330078139406],[80.20450825191362,12.946964979208396],[80.20450796512819,12.947055397975953],[80.20524288475458,12.947871416237291],[80.20524059236274,12.948594766439362]]},"properties":{"id":"L01731","strahler":3,"length_m":312.1,"drop_m":0.22,"gradient":0.00071,"area_ha":341.26,"on_drain_share":0.0,"downstream":"L01703"}},{"type":"Feature","geometry":{"type":"LineString","coordinates":[[80.20561048955655,12.94823421528452],[80.20524059236274,12.948594766439362]]},"properties":{"id":"L01732","strahler":2,"length_m":56.6,"drop_m":-0.27,"gradient":0.0,"area_ha":19.55,"on_drain_share":0.0,"downstream":"L01703"}},{"type":"Feature","geometry":{"type":"LineString","coordinates":[[80.2117876420094,12.948072125938832],[80.2129860839554,12.948075746705754],[80.21307855553154,12.947985606049732],[80.21372387035869,12.94798755316981],[80.2139088128765,12.947807271261658],[80.21436975179246,12.947808660737977],[80.21446165636578,12.94789935751524],[80.21547572255906,12.947902411158625],[80.21556819322528,12.947812269563205],[80.21584475668435,12.947813101586828],[80.21630428304552,12.948266582733837],[80.21648865904935,12.948267136947381],[80.2169512930306,12.947726007713632],[80.21732060867107,12.94754627696301],[80.2176904878844,12.947185707548627]]},"properties":{"id":"L01737","strahler":1,"length_m":737.0,"drop_m":1.35,"gradient":0.00183,"area_ha":13.15,"on_drain_share":0.0,"downstream":null}},{"type":"Feature","geometry":{"type":"LineString","coordinates":[[80.20654180674252,12.945253201991745],[80.20654094869627,12.945524458462387],[80.20635600297724,12.945704734966206],[80.20607715289505,12.946427243481063],[80.20616876764105,12.946608361796464],[80.20616647815072,12.947331712231522],[80.20561134879495,12.94796295893156],[80.20561048955655,12.94823421528452]]},"properties":{"id":"L01734","strahler":1,"length_m":379.7,"drop_m":-0.18,"gradient":0.0,"area_ha":9.53,"on_drain_share":0.0,"downstream":"L01732"}},{"type":"Feature","geometry":{"type":"LineString","coordinates":[[80.20828964381859,12.946433971294468],[80.20709035354717,12.946701585874656],[80.20570325006842,12.948053658616258],[80.20561048955655,12.94823421528452]]},"properties":{"id":"L01735","strahler":1,"length_m":378.7,"drop_m":0.08,"gradient":0.00022,"area_ha":9.42,"on_drain_share":0.0,"downstream":"L01732"}},{"type":"Feature","geometry":{"type":"LineString","coordinates":[[80.17345020946212,12.944155793990173],[80.17354209709596,12.944246504266737],[80.1735415013263,12.944427340446984],[80.17372587256294,12.944427924732878],[80.17409312659618,12.944881183416493],[80.17409163807261,12.94533327390348],[80.17399915436721,12.94542339997946],[80.17399855887102,12.945604236164346],[80.17427422409656,12.945876366429353],[80.17427303344861,12.946238038809234],[80.17445651323987,12.946509876949028],[80.17445442993676,12.947142803605683],[80.17436194564561,12.94723292976563],[80.17518894941033,12.948049318919029]]},"properties":{"id":"L01736","strahler":2,"length_m":537.0,"drop_m":0.94,"gradient":0.00176,"area_ha":40.23,"on_drain_share":0.0,"downstream":"L01692"}},{"type":"Feature","geometry":{"type":"LineString","coordinates":[[80.23511536723679,12.946785310735805],[80.23483797609671,12.9470557574898],[80.23428484837284,12.947054133538312],[80.23419293651051,12.946963443355907],[80.23400856068994,12.946962901716756],[80.23299145203224,12.947954533564106],[80.2328987106354,12.948135101065835],[80.23225339248175,12.948133201386426],[80.2319776583049,12.947861128681721],[80.23216314202203,12.947499994346174],[80.23170358665902,12.94704653958515],[80.23133566645674,12.94677419459988],[80.23087472757862,12.946772835225772],[80.23041489850173,12.946409797707862]]},"properties":{"id":"L01750","strahler":1,"length_m":716.7,"drop_m":4.55,"gradient":0.00635,"area_ha":17.7,"on_drain_share":0.0,"downstream":"L01773"}},{"type":"Feature","geometry":{"type":"LineString","coordinates":[[80.1987943791236,12.946404965179362],[80.19897788667078,12.946676787641664],[80.19943882183583,12.946678203394224],[80.19962261883528,12.946859606789534],[80.19980555064745,12.94731226605563],[80.20026504543907,12.947765773763791],[80.20118663211613,12.947859018825294],[80.20146377046287,12.947679028717635],[80.20174033282893,12.947679875694543],[80.20211023332624,12.94731932969596],[80.20229460799952,12.947319893907261],[80.20247955772525,12.947139620545697],[80.20312544328561,12.946960756300403],[80.20377276321555,12.94632979662643],[80.20386495022484,12.946330078139406]]},"properties":{"id":"L01751","strahler":1,"length_m":710.1,"drop_m":4.84,"gradient":0.00682,"area_ha":14.34,"on_drain_share":0.0,"downstream":"L01731"}},{"type":"Feature","geometry":{"type":"LineString","coordinates":[[80.2602795317241,12.94794297052092],[80.26064935330189,12.947582336766146],[80.26065015297011,12.947311076890623],[80.26092751813837,12.947040601163401],[80.26129627219098,12.947041646245776],[80.26166582481122,12.946771430857577]]},"properties":{"id":"L01749","strahler":1,"length_m":221.4,"drop_m":7.15,"gradient":0.03228,"area_ha":5.49,"on_drain_share":0.0,"downstream":null}},{"type":"Feature","geometry":{"type":"LineString","coordinates":[[80.22174590407498,12.94746910499168],[80.22248564921549,12.946747952267382]]},"properties":{"id":"L01747","strahler":1,"length_m":113.1,"drop_m":0.0,"gradient":0.0,"area_ha":8.45,"on_drain_share":0.0,"downstream":null}},{"type":"Feature","geometry":{"type":"LineString","coordinates":[[80.22672404981441,12.947483918193639],[80.22672516494684,12.94712224119982],[80.22681791024335,12.946941676109578],[80.22654218353458,12.946669598036474],[80.2265432988567,12.946307921035698],[80.22645139021112,12.946217228291488],[80.22645222677383,12.9459459705383],[80.2266377166398,12.94558484044985]]},"properties":{"id":"L01761","strahler":1,"length_m":239.0,"drop_m":0.0,"gradient":0.0,"area_ha":14.48,"on_drain_share":0.0,"downstream":null}},{"type":"Feature","geometry":{"type":"LineString","coordinates":[[80.21326576759343,12.947081972973702],[80.21345014259163,12.94708252928616],[80.21381945947083,12.94690280357653],[80.21418934241822,12.946542239346261],[80.21511121571653,12.946545016225743],[80.21538721203775,12.946726686670804],[80.21557158686895,12.946727241468126]]},"properties":{"id":"L01746","strahler":1,"length_m":283.1,"drop_m":-0.53,"gradient":0.0,"area_ha":7.25,"on_drain_share":0.0,"downstream":"L01745"}},{"type":"Feature","geometry":{"type":"LineString","coordinates":[[80.21833664677328,12.946916385927373],[80.2187975845422,12.946917767481994],[80.21907358416,12.947099434195154]]},"properties":{"id":"L01739","strahler":1,"length_m":88.3,"drop_m":0.0,"gradient":0.0,"area_ha":157.9,"on_drain_share":0.0,"downstream":"L01742"}},{"type":"Feature","geometry":{"type":"LineString","coordinates":[[80.21907358416,12.947099434195154],[80.21925795942823,12.947099986401314],[80.21953508508355,12.946919976274742],[80.22101008657587,12.946924387603083]]},"properties":{"id":"L01742","strahler":5,"length_m":218.3,"drop_m":0.0,"gradient":0.0,"area_ha":3252.44,"on_drain_share":0.0,"downstream":null}},{"type":"Feature","geometry":{"type":"LineString","coordinates":[[80.25613318204883,12.947207807376218],[80.25631755899315,12.947208333379624],[80.25650247203414,12.94702801950154],[80.25659573246672,12.946666602867964],[80.25714993337868,12.946306499868028],[80.25715020117106,12.94621607997319],[80.25761247993216,12.945765293309462],[80.25825779577902,12.945767129888692]]},"properties":{"id":"L01760","strahler":1,"length_m":319.7,"drop_m":3.38,"gradient":0.01056,"area_ha":9.63,"on_drain_share":0.0,"downstream":"L01772"}},{"type":"Feature","geometry":{"type":"LineString","coordinates":[[80.18570209686467,12.946906919414058],[80.18625521775974,12.946908646412647],[80.18662513797044,12.946548123609949],[80.18671732467007,12.946548411190332],[80.1871767930643,12.947001940518266]]},"properties":{"id":"L01740","strahler":1,"length_m":197.3,"drop_m":1.81,"gradient":0.00917,"area_ha":8.92,"on_drain_share":0.0,"downstream":"L01700"}},{"type":"Feature","geometry":{"type":"LineString","coordinates":[[80.18571178321142,12.943923113559471],[80.1862634310528,12.944376932049442],[80.18736936901746,12.944470800233283],[80.18764504846006,12.944742917177027],[80.18764387719688,12.945104590802229],[80.18791867941768,12.945647962726872],[80.18791780120598,12.945919217946408],[80.18764036319406,12.946189611617125],[80.18763948464337,12.946460866806621],[80.1871770860962,12.946911522136563],[80.1871767930643,12.947001940518266]]},"properties":{"id":"L01741","strahler":2,"length_m":542.8,"drop_m":2.9,"gradient":0.00535,"area_ha":33.27,"on_drain_share":0.0,"downstream":"L01700"}},{"type":"Feature","geometry":{"type":"LineString","coordinates":[[80.21557158686895,12.946727241468126],[80.21575539625582,12.946908634165258],[80.21612386363014,12.947000162146272],[80.21667924796982,12.94627847232806],[80.21686390484261,12.946188607149708],[80.2173248411114,12.94618999123154],[80.21796817852673,12.94682486103433]]},"properties":{"id":"L01745","strahler":3,"length_m":350.4,"drop_m":3.29,"gradient":0.00938,"area_ha":140.99,"on_drain_share":0.0,"downstream":null}},{"type":"Feature","geometry":{"type":"LineString","coordinates":[[80.24037035288954,12.946710254311514],[80.24101566860753,12.946712133696554],[80.2412914119528,12.946984197340925],[80.24156879644677,12.94671374332703],[80.24202973636983,12.94671508378955],[80.24239958080841,12.946354477227924],[80.2425839565429,12.94635501290862],[80.24286133898717,12.94608455739085],[80.2434144656796,12.946086163029458]]},"properties":{"id":"L01757","strahler":1,"length_m":383.8,"drop_m":1.72,"gradient":0.00448,"area_ha":11.18,"on_drain_share":0.0,"downstream":"L01730"}},{"type":"Feature","geometry":{"type":"LineString","coordinates":[[80.1754794800327,12.943800541997257],[80.17547591378568,12.944885559609652],[80.17593476366362,12.945519943683703],[80.17593416955819,12.945700779955759],[80.17676028367396,12.946788418663031]]},"properties":{"id":"L01743","strahler":1,"length_m":388.0,"drop_m":0.35,"gradient":0.00089,"area_ha":8.21,"on_drain_share":0.0,"downstream":"L01693"}},{"type":"Feature","geometry":{"type":"LineString","coordinates":[[80.17676117401278,12.946517164220007],[80.17676028367396,12.946788418663031]]},"properties":{"id":"L01744","strahler":1,"length_m":30.0,"drop_m":-0.01,"gradient":0.0,"area_ha":4.26,"on_drain_share":0.0,"downstream":"L01693"}},{"type":"Feature","geometry":{"type":"LineString","coordinates":[[80.21391674764341,12.945275539908355],[80.2143759827392,12.945819443067178],[80.21446816979787,12.945819720820555],[80.21511149866807,12.946454597222463],[80.21538777774789,12.94654584865412],[80.21557158686895,12.946727241468126]]},"properties":{"id":"L01748","strahler":3,"length_m":252.1,"drop_m":-1.16,"gradient":0.0,"area_ha":126.84,"on_drain_share":0.0,"downstream":"L01745"}},{"type":"Feature","geometry":{"type":"LineString","coordinates":[[80.23041489850173,12.946409797707862],[80.23004531530374,12.94667996697579],[80.22986093987154,12.946679422415345],[80.22756320875237,12.94441212244779]]},"properties":{"id":"L01773","strahler":2,"length_m":426.0,"drop_m":0.59,"gradient":0.00139,"area_ha":41.52,"on_drain_share":0.0,"downstream":null}},{"type":"Feature","geometry":{"type":"LineString","coordinates":[[80.23641067706394,12.94525196306227],[80.23585865487898,12.944888664834998],[80.2354899061522,12.944887583952278],[80.23530608307007,12.944706204418065],[80.2350295217588,12.94470539323009],[80.23456913807375,12.944523201729826],[80.23401435937241,12.945064094047998],[80.23364561054726,12.945063010542869],[80.23355314707331,12.945153158994465],[80.23327686175564,12.945061926516386],[80.23290700696317,12.945422519547305],[80.23272263233095,12.945421977062212],[80.23216784777539,12.945962865080036],[80.23216757098317,12.946053284453685],[80.23207538345022,12.946053012953026],[80.2314281313135,12.94668404702402],[80.230967192591,12.946682687822669],[80.23059927375984,12.946410341865455],[80.23041489850173,12.946409797707862]]},"properties":{"id":"L01753","strahler":1,"length_m":809.1,"drop_m":5.55,"gradient":0.00686,"area_ha":18.27,"on_drain_share":0.0,"downstream":"L01773"}},{"type":"Feature","geometry":{"type":"LineString","coordinates":[[80.22267058483608,12.946567663714395],[80.22294798776859,12.946297230606005]]},"properties":{"id":"L01752","strahler":1,"length_m":42.4,"drop_m":0.0,"gradient":0.0,"area_ha":8.89,"on_drain_share":0.0,"downstream":"L01756"}},{"type":"Feature","geometry":{"type":"LineString","coordinates":[[80.22267114528806,12.946386825380246],[80.22294798776859,12.946297230606005]]},"properties":{"id":"L01755","strahler":1,"length_m":34.1,"drop_m":0.0,"gradient":0.0,"area_ha":3261.38,"on_drain_share":0.0,"downstream":"L01756"}},{"type":"Feature","geometry":{"type":"LineString","coordinates":[[80.25318530592256,12.946476015120249],[80.2530009296485,12.946475486931151],[80.25244887882691,12.946112222391628],[80.25198820855222,12.94602048061951],[80.25180437208815,12.945839112028816],[80.25180652970471,12.945115753710077],[80.2519914441797,12.944935443095579],[80.25199198342231,12.944754603499415]]},"properties":{"id":"L01768","strahler":1,"length_m":307.3,"drop_m":-0.31,"gradient":0.0,"area_ha":11.73,"on_drain_share":0.0,"downstream":"L01802"}},{"type":"Feature","geometry":{"type":"LineString","coordinates":[[80.2034103323651,12.944339457641458],[80.20331671030475,12.94479126980134],[80.20322423667498,12.944881406881692],[80.20322308785991,12.945243081892501],[80.20303785283782,12.945513774665821],[80.20386495022484,12.946330078139406]]},"properties":{"id":"L01754","strahler":3,"length_m":273.8,"drop_m":-1.71,"gradient":0.0,"area_ha":322.08,"on_drain_share":0.0,"downstream":"L01731"}},{"type":"Feature","geometry":{"type":"LineString","coordinates":[[80.22313292272467,12.946116941681147],[80.22331785741497,12.945936652607548]]},"properties":{"id":"L01758","strahler":1,"length_m":28.3,"drop_m":0.0,"gradient":0.0,"area_ha":3272.52,"on_drain_share":0.0,"downstream":null}},{"type":"Feature","geometry":{"type":"LineString","coordinates":[[80.2420330152536,12.945630048816971],[80.24249286097137,12.945993066721694],[80.24332255066442,12.945995475895437],[80.2434144656796,12.946086163029458]]},"properties":{"id":"L01759","strahler":1,"length_m":170.7,"drop_m":0.21,"gradient":0.00122,"area_ha":5.16,"on_drain_share":0.0,"downstream":"L01730"}},{"type":"Feature","geometry":{"type":"LineString","coordinates":[[80.25825779577902,12.945767129888692],[80.25844217175352,12.945767654332327],[80.25881172526722,12.945497443028508],[80.2591804768743,12.945498490980633],[80.25936405174768,12.945770274595255],[80.26037811997517,12.945773153120617],[80.2603789198211,12.945501893224199],[80.26065628315534,12.94523141765616],[80.26065734916533,12.944869737755207],[80.26084225744063,12.944689420504742],[80.2613031956821,12.944690726694011]]},"properties":{"id":"L01772","strahler":2,"length_m":451.4,"drop_m":6.24,"gradient":0.01382,"area_ha":23.74,"on_drain_share":0.0,"downstream":null}},{"type":"Feature","geometry":{"type":"LineString","coordinates":[[80.25632560146074,12.944495736961455],[80.25696930690096,12.945040095957097],[80.25743051304569,12.944950989117707],[80.25798203426989,12.945495083229897],[80.25798149931364,12.945675923063153],[80.25816587520951,12.945676447698524],[80.25825779577902,12.945767129888692]]},"properties":{"id":"L01763","strahler":1,"length_m":288.0,"drop_m":-0.08,"gradient":0.0,"area_ha":8.13,"on_drain_share":0.0,"downstream":"L01772"}},{"type":"Feature","geometry":{"type":"LineString","coordinates":[[80.20673933130422,12.941094496199545],[80.20655410325942,12.941365191954164],[80.20655324549308,12.941636448506332],[80.20701274342694,12.94208994462244],[80.20701188610671,12.942361201189808],[80.20719540021587,12.94263301829779],[80.20719482877804,12.942813856010513],[80.20802193211614,12.943630146732454],[80.20802164667343,12.943720565600383],[80.20838925000848,12.944083360723974],[80.20838867936497,12.944264198469043],[80.20884932599645,12.944356016210593],[80.20930911801413,12.944719089826794],[80.2097700507431,12.94472048710799],[80.21013936636801,12.94454076653101],[80.21124560444431,12.944544115070032],[80.21133750669622,12.944634812837384],[80.21170653706778,12.94454550890985],[80.21189034199182,12.94472690410966],[80.2120747151978,12.944727461295221],[80.21216718577568,12.944637320887425],[80.21244374550761,12.94463815631761],[80.21272115656299,12.944367734559483],[80.21299771603472,12.944368569385087],[80.21391674764341,12.945275539908355]]},"properties":{"id":"L01764","strahler":2,"length_m":1144.7,"drop_m":4.02,"gradient":0.00351,"area_ha":37.33,"on_drain_share":0.0,"downstream":"L01748"}},{"type":"Feature","geometry":{"type":"LineString","coordinates":[[80.21300395614682,12.942379351848242],[80.21291120307855,12.942559911616328],[80.21318690989352,12.94283200308904],[80.21327937935584,12.942741862210696],[80.2136472727911,12.943014231309252],[80.21383051146377,12.943376463173504],[80.21382937807651,12.943738139156512],[80.21401318406843,12.943919532925166],[80.21391674764341,12.945275539908355]]},"properties":{"id":"L01765","strahler":3,"length_m":403.8,"drop_m":0.96,"gradient":0.00237,"area_ha":87.04,"on_drain_share":0.0,"downstream":"L01748"}},{"type":"Feature","geometry":{"type":"LineString","coordinates":[[80.19723154243478,12.94504386529387],[80.19750810160825,12.945044716590068],[80.19760057723292,12.944954581661767],[80.1976011556846,12.944773744402807],[80.19778552828294,12.944774311693234],[80.1978780037083,12.944684176653],[80.19787887106379,12.944412920739492],[80.19815658563039,12.94405209672369],[80.19815745264088,12.943780840778482],[80.19834211346742,12.943690988979139],[80.1985273518892,12.943420299721788],[80.1989885697112,12.94333129725035],[80.19945094132423,12.94288061921121],[80.2001884265403,12.942882882034517],[80.2005580335351,12.94261275653505],[80.20083401423315,12.942794441579316],[80.20147902600515,12.942886836958255]]},"properties":{"id":"L01795","strahler":1,"length_m":642.8,"drop_m":3.31,"gradient":0.00516,"area_ha":13.53,"on_drain_share":0.0,"downstream":"L01786"}},{"type":"Feature","geometry":{"type":"LineString","coordinates":[[80.17169689379301,12.944692744559037],[80.17206563649297,12.94469391563238],[80.17224941113415,12.944875337088366],[80.17280371831625,12.944515420072431]]},"properties":{"id":"L01770","strahler":1,"length_m":144.9,"drop_m":0.36,"gradient":0.00245,"area_ha":6.36,"on_drain_share":0.0,"downstream":"L01774"}},{"type":"Feature","geometry":{"type":"LineString","coordinates":[[80.17861674631752,12.942906251242714],[80.1785242650871,12.942996379092003],[80.17842882274964,12.943990688976665],[80.1782438592474,12.944170944433633],[80.17824267448454,12.944532617223198],[80.17805741416558,12.944803290699044],[80.1780568216243,12.944984127077847]]},"properties":{"id":"L01766","strahler":3,"length_m":254.9,"drop_m":0.72,"gradient":0.00283,"area_ha":125.15,"on_drain_share":0.0,"downstream":"L01694"}},{"type":"Feature","geometry":{"type":"LineString","coordinates":[[80.17916571567304,12.944173847880384],[80.17879697307583,12.944172686892655],[80.1780568216243,12.944984127077847]]},"properties":{"id":"L01767","strahler":1,"length_m":163.1,"drop_m":-0.13,"gradient":0.0,"area_ha":4.54,"on_drain_share":0.0,"downstream":"L01694"}},{"type":"Feature","geometry":{"type":"LineString","coordinates":[[80.25217581927919,12.944935971936735],[80.25199198342231,12.944754603499415]]},"properties":{"id":"L01769","strahler":1,"length_m":28.3,"drop_m":-0.34,"gradient":0.0,"area_ha":4.33,"on_drain_share":0.0,"downstream":"L01802"}},{"type":"Feature","geometry":{"type":"LineString","coordinates":[[80.18275948505465,12.944637231689406],[80.18266759375037,12.944546524455365],[80.18266847754248,12.94427526956294],[80.1827609578754,12.944185140191598],[80.18303751510886,12.944186006778319]]},"properties":{"id":"L01775","strahler":1,"length_m":88.3,"drop_m":0.19,"gradient":0.00213,"area_ha":7.91,"on_drain_share":0.0,"downstream":"L01780"}},{"type":"Feature","geometry":{"type":"LineString","coordinates":[[80.24415578248643,12.944822427228543],[80.24351265251444,12.944097198891747],[80.24351319783257,12.943916359637491],[80.2439754952522,12.94346559818399],[80.24397821995447,12.942561401746746],[80.24407095130982,12.942380829669462]]},"properties":{"id":"L01815","strahler":1,"length_m":323.8,"drop_m":0.74,"gradient":0.00229,"area_ha":11.77,"on_drain_share":0.0,"downstream":"L01823"}},{"type":"Feature","geometry":{"type":"LineString","coordinates":[[80.17280371831625,12.944515420072431],[80.17317365292986,12.944154917238214],[80.17345020946212,12.944155793990173]]},"properties":{"id":"L01774","strahler":2,"length_m":86.6,"drop_m":0.19,"gradient":0.00225,"area_ha":16.11,"on_drain_share":0.0,"downstream":"L01736"}},{"type":"Feature","geometry":{"type":"LineString","coordinates":[[80.25199198342231,12.944754603499415],[80.25162431250584,12.94439186627201],[80.251627549286,12.943306828703365],[80.25116823387982,12.942762986789393]]},"properties":{"id":"L01802","strahler":2,"length_m":257.3,"drop_m":0.88,"gradient":0.00342,"area_ha":21.58,"on_drain_share":0.0,"downstream":"L01827"}},{"type":"Feature","geometry":{"type":"LineString","coordinates":[[80.17133233258284,12.943425720385777],[80.17160799249268,12.943697853195284],[80.17188454841128,12.94369873157715],[80.17197613685013,12.943879860422],[80.17234487838142,12.94388103102829],[80.17243676549666,12.943971741666052],[80.17243616894336,12.944152577799438],[80.17280371831625,12.944515420072431]]},"properties":{"id":"L01771","strahler":1,"length_m":227.3,"drop_m":0.27,"gradient":0.00119,"area_ha":8.69,"on_drain_share":0.0,"downstream":"L01774"}},{"type":"Feature","geometry":{"type":"LineString","coordinates":[[80.19336291429236,12.94403731244583],[80.19327101912964,12.943946608730423],[80.19281008968417,12.94394518236983],[80.19262629991229,12.943763774546518],[80.19244192829125,12.943763203652136],[80.19235003357579,12.943672499635806],[80.19198129050193,12.943671357334004],[80.19179604509843,12.943942041509422],[80.19151890473363,12.94412202122592],[80.19133453289987,12.944121449533101],[80.19114957800349,12.94430171468991],[80.1903228225615,12.943394955096666],[80.19023151247205,12.943123413431652],[80.18986393827797,12.942760594302491],[80.18977262888379,12.942489052506785]]},"properties":{"id":"L01804","strahler":1,"length_m":553.6,"drop_m":5.67,"gradient":0.01024,"area_ha":10.06,"on_drain_share":0.0,"downstream":"L01842"}},{"type":"Feature","geometry":{"type":"LineString","coordinates":[[80.22488979155162,12.944404189477419],[80.22683156603499,12.942511131956286],[80.226741051908,12.941968342939528]]},"properties":{"id":"L01821","strahler":1,"length_m":361.1,"drop_m":0.0,"gradient":0.0,"area_ha":3288.61,"on_drain_share":0.0,"downstream":"L01900"}},{"type":"Feature","geometry":{"type":"LineString","coordinates":[[80.18303751510886,12.944186006778319],[80.18405185256262,12.944098763423568],[80.1846064364699,12.943648401829348],[80.18479080764732,12.943648978258194],[80.18543522608282,12.943922249826016],[80.18571178321142,12.943923113559471]]},"properties":{"id":"L01780","strahler":2,"length_m":327.3,"drop_m":0.09,"gradient":0.00028,"area_ha":14.15,"on_drain_share":0.0,"downstream":"L01741"}},{"type":"Feature","geometry":{"type":"LineString","coordinates":[[80.20230697237474,12.943431888511151],[80.20258353011542,12.94343273432109],[80.20258324271727,12.943523153070611],[80.20295083745195,12.943885955393545],[80.2030430235447,12.943886237144884],[80.2034106194839,12.944249038879315],[80.2034103323651,12.944339457641458]]},"properties":{"id":"L01776","strahler":2,"length_m":173.1,"drop_m":4.17,"gradient":0.02407,"area_ha":42.14,"on_drain_share":0.0,"downstream":"L01754"}},{"type":"Feature","geometry":{"type":"LineString","coordinates":[[80.20139806346916,12.939360223835822],[80.20158185692874,12.939541625720356],[80.20185812276286,12.93963289080979],[80.20222571102772,12.939995693868564],[80.20268663428537,12.939997103165044],[80.20277910619014,12.939906966148389],[80.20314698336321,12.940179349218111],[80.20342238947967,12.940541869087319],[80.20342181541848,12.940722706662795],[80.20360561136592,12.940904107245862],[80.20360503742015,12.941084944824413],[80.20434022436324,12.941810546013421],[80.2045245950883,12.941811108412685],[80.20452287508694,12.942353621224724],[80.20433821722239,12.942443477596829],[80.2042454580758,12.942624033919625],[80.20424431094004,12.942985709083063],[80.20405936565068,12.943165984005336],[80.20405879192816,12.943346821572609],[80.20387327235873,12.943707933889222],[80.2034103323651,12.944339457641458]]},"properties":{"id":"L01777","strahler":3,"length_m":825.0,"drop_m":3.96,"gradient":0.0048,"area_ha":267.62,"on_drain_share":0.0,"downstream":"L01754"}},{"type":"Feature","geometry":{"type":"LineString","coordinates":[[80.21889934523072,12.943843794529178],[80.21917590453546,12.9438446227698],[80.21917534167792,12.944025460988213],[80.21945105719784,12.944297546288368],[80.21972846074365,12.944027116613666],[80.21973014809481,12.943484601879128],[80.22028495212008,12.942943741431016],[80.22056151052433,12.942944568145785],[80.22074644448148,12.942764280824807]]},"properties":{"id":"L01798","strahler":1,"length_m":338.0,"drop_m":0.32,"gradient":0.00096,"area_ha":10.68,"on_drain_share":0.0,"downstream":"L01810"}},{"type":"Feature","geometry":{"type":"LineString","coordinates":[[80.23706148828883,12.943445462261105],[80.23660303106442,12.942630337955459],[80.23605156474235,12.942086201404313],[80.23595937858309,12.942085931358129],[80.2358669170525,12.942176080758372],[80.23568254467799,12.942175540499212],[80.23512777372603,12.942716435707014],[80.2348512146197,12.942715624452399],[80.23438890319939,12.943166368920267],[80.23420453016107,12.943165827575633],[80.23411206761546,12.943255976288782],[80.23383550798033,12.943255163923876],[80.23383578410956,12.943164744495409],[80.2334678668653,12.942892402628178],[80.23300693488822,12.942891047422602],[80.23245215682634,12.943431936497351],[80.23245188019256,12.943522355894567],[80.2309768946998,12.943518010416186],[80.23079224431723,12.943607886006216],[80.23079085811672,12.944059982803163],[80.23051374311717,12.944240005569153],[80.2305134657669,12.944330424919494],[80.23032909204125,12.944329880787077],[80.23023718263151,12.944239189327549],[80.23023773752506,12.944058350636762],[80.22977819178409,12.943604892913187],[80.22968600520281,12.943604620618338],[80.22968711571977,12.943242943263714],[80.2294113895517,12.942970868202368],[80.2292270168731,12.942970323346971],[80.22913510835393,12.942879631540077],[80.22867417687097,12.94287826867839]]},"properties":{"id":"L01799","strahler":1,"length_m":1280.5,"drop_m":6.44,"gradient":0.00503,"area_ha":24.58,"on_drain_share":0.0,"downstream":"L01807"}},{"type":"Feature","geometry":{"type":"LineString","coordinates":[[80.17438991553384,12.938733626618845],[80.17374463078012,12.938731583574143],[80.17355937048363,12.93900225393914],[80.17328222391679,12.939182213886617],[80.17328103247621,12.939543886360926],[80.173096664849,12.939543301977118],[80.17309606898232,12.939724138202042],[80.17300358713575,12.939814264066467],[80.17300030931726,12.94080886322814],[80.17355222379696,12.941172288815482],[80.17373569941411,12.941444127296112],[80.17355043692191,12.941714797477655],[80.17354894779722,12.942166888012073],[80.17382460896141,12.942439018565913],[80.17382371573805,12.942710272892263],[80.17354626723039,12.942980650934178],[80.17354507580862,12.943342323327562],[80.17326762627741,12.94361270099971],[80.1732670303401,12.943793537176154],[80.17345020946212,12.944155793990173]]},"properties":{"id":"L01778","strahler":1,"length_m":819.4,"drop_m":7.13,"gradient":0.0087,"area_ha":15.7,"on_drain_share":0.0,"downstream":"L01736"}},{"type":"Feature","geometry":{"type":"LineString","coordinates":[[80.18294591834193,12.944004881336767],[80.18303751510886,12.944186006778319]]},"properties":{"id":"L01779","strahler":1,"length_m":24.1,"drop_m":0.05,"gradient":0.00222,"area_ha":4.04,"on_drain_share":0.0,"downstream":"L01780"}},{"type":"Feature","geometry":{"type":"LineString","coordinates":[[80.20082969379422,12.944150722241496],[80.20129177602776,12.943790459579645],[80.20166052012182,12.943791588727185],[80.20203012705625,12.943521461145306],[80.20230697237474,12.943431888511151]]},"properties":{"id":"L01783","strahler":1,"length_m":193.1,"drop_m":-0.16,"gradient":0.0,"area_ha":6.64,"on_drain_share":0.0,"downstream":"L01776"}},{"type":"Feature","geometry":{"type":"LineString","coordinates":[[80.18489004334586,12.941479225773302],[80.18488916215276,12.941750480874523],[80.18461084443155,12.94229212655913],[80.18460937516673,12.942744218331677],[80.18470097276709,12.942925343250336],[80.18571178321142,12.943923113559471]]},"properties":{"id":"L01781","strahler":1,"length_m":332.1,"drop_m":0.28,"gradient":0.00084,"area_ha":10.84,"on_drain_share":0.0,"downstream":"L01741"}},{"type":"Feature","geometry":{"type":"LineString","coordinates":[[80.23973325884013,12.94399578718075],[80.24065759147177,12.943184697097141],[80.24093333074934,12.943456760956522],[80.24130235128443,12.94336741444048],[80.2414861780217,12.943548789952281],[80.24268460678644,12.943552273003675],[80.24277706654242,12.943462121087492],[80.24296144016732,12.943462656383803],[80.24407095130982,12.942380829669462]]},"properties":{"id":"L01814","strahler":1,"length_m":586.0,"drop_m":4.56,"gradient":0.00777,"area_ha":13.33,"on_drain_share":0.0,"downstream":"L01823"}},{"type":"Feature","geometry":{"type":"LineString","coordinates":[[80.2276576225825,12.943689041182358],[80.22756654959788,12.943327090965202],[80.22738273364884,12.943145706209474],[80.22738440433078,12.942603190450148]]},"properties":{"id":"L01806","strahler":1,"length_m":132.4,"drop_m":0.0,"gradient":0.0,"area_ha":74.36,"on_drain_share":0.0,"downstream":"L01822"}},{"type":"Feature","geometry":{"type":"LineString","coordinates":[[80.24793898905445,12.94365789956705],[80.2475713258417,12.943295157003693]]},"properties":{"id":"L01788","strahler":1,"length_m":56.6,"drop_m":-0.26,"gradient":0.0,"area_ha":4.25,"on_drain_share":0.0,"downstream":"L01784"}},{"type":"Feature","geometry":{"type":"LineString","coordinates":[[80.2579892553848,12.943053745233804],[80.25817309464009,12.94323510963427],[80.25817229255416,12.94350636944191],[80.25826421237502,12.94359705160179],[80.25854077394789,12.943597838082079],[80.25872568267135,12.943417522346783],[80.2590017099432,12.943599148230927],[80.25946264598916,12.94360045756523],[80.25955456633466,12.943691139296707],[80.25964702042172,12.943600981070878],[80.26093764167632,12.94360464196124]]},"properties":{"id":"L01785","strahler":2,"length_m":387.3,"drop_m":7.05,"gradient":0.01821,"area_ha":19.53,"on_drain_share":0.0,"downstream":null}},{"type":"Feature","geometry":{"type":"LineString","coordinates":[[80.24710957756065,12.943565085802096],[80.24683383109736,12.943293028099678],[80.24692981752013,12.942027418416451],[80.24683790256614,12.941936732505638],[80.2468392596194,12.941484633942725],[80.24674734488761,12.941393948009004],[80.24674788775681,12.941213108582003],[80.2465640586171,12.94103173663164],[80.24656487309235,12.940760477494152]]},"properties":{"id":"L01839","strahler":4,"length_m":343.1,"drop_m":0.73,"gradient":0.00212,"area_ha":617.63,"on_drain_share":0.0,"downstream":"L01852"}},{"type":"Feature","geometry":{"type":"LineString","coordinates":[[80.2475713258417,12.943295157003693],[80.24738640964436,12.943475464398038],[80.24710957756065,12.943565085802096]]},"properties":{"id":"L01784","strahler":2,"length_m":62.4,"drop_m":0.22,"gradient":0.00352,"area_ha":52.99,"on_drain_share":0.0,"downstream":"L01839"}},{"type":"Feature","geometry":{"type":"LineString","coordinates":[[80.18857188098153,12.943208674143136],[80.1889403307538,12.943300239672366],[80.18949519677165,12.942759448564775]]},"properties":{"id":"L01793","strahler":2,"length_m":129.0,"drop_m":0.0,"gradient":0.0,"area_ha":30.53,"on_drain_share":0.0,"downstream":"L01803"}},{"type":"Feature","geometry":{"type":"LineString","coordinates":[[80.20147902600515,12.942886836958255],[80.20175558308904,12.942887683611167],[80.20230697237474,12.943431888511151]]},"properties":{"id":"L01786","strahler":2,"length_m":114.9,"drop_m":-1.58,"gradient":0.0,"area_ha":34.94,"on_drain_share":0.0,"downstream":"L01776"}},{"type":"Feature","geometry":{"type":"LineString","coordinates":[[80.22341872206465,12.943133932109808],[80.22332625587948,12.943224076780801],[80.22277313810918,12.943222428886585],[80.22268123196997,12.943131734933388],[80.22240383246897,12.94340216800532],[80.22166634176418,12.943399967914244],[80.22120681354218,12.942946496006648],[80.22111631159859,12.942403705736593]]},"properties":{"id":"L01811","strahler":1,"length_m":345.6,"drop_m":0.25,"gradient":0.00073,"area_ha":10.47,"on_drain_share":0.0,"downstream":"L01837"}},{"type":"Feature","geometry":{"type":"LineString","coordinates":[[80.18746682629111,12.942843556107166],[80.18857188098153,12.943208674143136]]},"properties":{"id":"L01787","strahler":1,"length_m":136.6,"drop_m":0.74,"gradient":0.00541,"area_ha":6.34,"on_drain_share":0.0,"downstream":"L01793"}},{"type":"Feature","geometry":{"type":"LineString","coordinates":[[80.21531821442773,12.939312048630763],[80.21531595264312,12.9400354010707],[80.21549975721922,12.940216793748501],[80.21614505243976,12.940218733731962],[80.2162366726678,12.94039984888334],[80.2172476063796,12.941397503863014],[80.21724591394259,12.941940018361608],[80.21669054151009,12.942661710267194],[80.21668884769754,12.943204224640773],[80.21687321999754,12.943204778369687],[80.21696512394081,12.94329547425132],[80.21853707711637,12.941763050379805],[80.2183532691508,12.94158165967348],[80.21835383249083,12.94140082145684],[80.21844629964761,12.941310678599995],[80.21872341919183,12.941130668925425],[80.21890779005813,12.941131221129119],[80.21899969406444,12.94122191630659]]},"properties":{"id":"L01833","strahler":1,"length_m":992.3,"drop_m":1.36,"gradient":0.00137,"area_ha":18.11,"on_drain_share":0.0,"downstream":"L01805"}},{"type":"Feature","geometry":{"type":"LineString","coordinates":[[80.18490002879906,12.938405000895127],[80.18480725775845,12.93858554962385],[80.18480608298233,12.938947223163481],[80.18526553464018,12.939400755086963],[80.1853577186825,12.93940104299189],[80.18572528134585,12.939763867885963],[80.18572498795825,12.939854286284396],[80.18618590907788,12.939855724721069],[80.18636939806244,12.940127555102872],[80.18673813541447,12.940128705030308],[80.1870138096503,12.940400822406918],[80.18682885474563,12.940581084528539],[80.18682738967763,12.941033176610533],[80.18737932648078,12.941396574157631],[80.18765471002516,12.9417591093831],[80.18765295355689,12.9423016199423],[80.18857188098153,12.943208674143136]]},"properties":{"id":"L01789","strahler":1,"length_m":790.8,"drop_m":8.11,"gradient":0.01025,"area_ha":17.36,"on_drain_share":0.0,"downstream":"L01793"}},{"type":"Feature","geometry":{"type":"LineString","coordinates":[[80.22867417687097,12.94287826867839],[80.22848980429255,12.942877723305662],[80.22811994641908,12.94323830940016],[80.22802776000862,12.94323803652673],[80.22738440433078,12.942603190450148]]},"properties":{"id":"L01807","strahler":2,"length_m":185.6,"drop_m":0.0,"gradient":0.0,"area_ha":86.34,"on_drain_share":0.0,"downstream":"L01822"}},{"type":"Feature","geometry":{"type":"LineString","coordinates":[[80.24978867743943,12.941673975369769],[80.24941830933003,12.942215433032473],[80.24895737688674,12.942214106084872],[80.24877246247073,12.942394414575375],[80.24858863096908,12.942213043940388],[80.24831207155242,12.942212246989959],[80.24812661477385,12.942573394465724],[80.24784924178563,12.9428438561839],[80.24784869963948,12.943024695634278],[80.2475713258417,12.943295157003693]]},"properties":{"id":"L01790","strahler":2,"length_m":366.3,"drop_m":1.85,"gradient":0.00506,"area_ha":48.38,"on_drain_share":0.0,"downstream":"L01784"}},{"type":"Feature","geometry":{"type":"LineString","coordinates":[[80.25522552569822,12.942412922554919],[80.25494816012156,12.942683392255395],[80.25531583374601,12.943046124968534],[80.2557767683893,12.943047440762193],[80.25596167856095,12.942867127065172],[80.25651479982588,12.942868704528673],[80.2566986378285,12.94305006990599],[80.25752832049757,12.943052433349786],[80.25762023991577,12.943143115718163],[80.25771269444637,12.943052958201134],[80.2579892553848,12.943053745233804]]},"properties":{"id":"L01796","strahler":1,"length_m":413.8,"drop_m":2.48,"gradient":0.006,"area_ha":9.53,"on_drain_share":0.0,"downstream":"L01785"}},{"type":"Feature","geometry":{"type":"LineString","coordinates":[[80.17751852690876,12.940461473342166],[80.17770230282537,12.940642891064076],[80.17770082130808,12.94109498210983],[80.17852752158224,12.94200177870888],[80.1785251532491,12.942725124449648],[80.17861674631752,12.942906251242714]]},"properties":{"id":"L01791","strahler":2,"length_m":319.7,"drop_m":2.75,"gradient":0.0086,"area_ha":19.72,"on_drain_share":0.0,"downstream":"L01766"}},{"type":"Feature","geometry":{"type":"LineString","coordinates":[[80.18000336581815,12.941735165527783],[80.179725924704,12.94200555063002],[80.17944937010378,12.942004680675309],[80.17935688950664,12.942094808863922],[80.1793554107986,12.942546900047784],[80.17917044905049,12.942727156285548],[80.17889389369357,12.942726285694198],[80.17861674631752,12.942906251242714]]},"properties":{"id":"L01792","strahler":2,"length_m":233.1,"drop_m":0.78,"gradient":0.00334,"area_ha":99.16,"on_drain_share":0.0,"downstream":"L01766"}},{"type":"Feature","geometry":{"type":"LineString","coordinates":[[80.18949490467233,12.942849867027352],[80.18949519677165,12.942759448564775]]},"properties":{"id":"L01794","strahler":1,"length_m":10.0,"drop_m":0.0,"gradient":0.0,"area_ha":4.06,"on_drain_share":0.0,"downstream":"L01803"}},{"type":"Feature","geometry":{"type":"LineString","coordinates":[[80.21078979192583,12.942915179709027],[80.21088197783753,12.94291545866882],[80.21180667759022,12.94201405688354]]},"properties":{"id":"L01819","strahler":1,"length_m":151.4,"drop_m":0.29,"gradient":0.00191,"area_ha":6.97,"on_drain_share":0.0,"downstream":"L01816"}},{"type":"Feature","geometry":{"type":"LineString","coordinates":[[80.18949519677165,12.942759448564775],[80.18977262888379,12.942489052506785]]},"properties":{"id":"L01803","strahler":2,"length_m":42.4,"drop_m":-0.27,"gradient":0.0,"area_ha":36.92,"on_drain_share":0.0,"downstream":"L01842"}},{"type":"Feature","geometry":{"type":"LineString","coordinates":[[80.19760867475767,12.9424228598062],[80.19788609825859,12.94215245457234],[80.19788667637496,12.9419716172619],[80.19816409906564,12.941701211676243],[80.1981646769608,12.941520374347201],[80.19871952012394,12.940979562136663],[80.19899520900874,12.941251667652015],[80.19908566236462,12.94179446285868],[80.1993613525118,12.942066568045796],[80.20019102067975,12.942069113703186],[80.200558609747,12.94243191911239],[80.20083516626715,12.942432766712054],[80.20147902600515,12.942886836958255]]},"properties":{"id":"L01797","strahler":2,"length_m":626.0,"drop_m":3.45,"gradient":0.0055,"area_ha":17.0,"on_drain_share":0.0,"downstream":"L01786"}},{"type":"Feature","geometry":{"type":"LineString","coordinates":[[80.25789813820515,12.942691803187476],[80.25789733585681,12.942963062989437],[80.2579892553848,12.943053745233804]]},"properties":{"id":"L01800","strahler":1,"length_m":44.1,"drop_m":0.88,"gradient":0.01996,"area_ha":4.12,"on_drain_share":0.0,"downstream":"L01785"}},{"type":"Feature","geometry":{"type":"LineString","coordinates":[[80.22074644448148,12.942764280824807],[80.22111631159859,12.942403705736593]]},"properties":{"id":"L01810","strahler":2,"length_m":56.6,"drop_m":-0.03,"gradient":0.0,"area_ha":59.99,"on_drain_share":0.0,"downstream":"L01837"}},{"type":"Feature","geometry":{"type":"LineString","coordinates":[[80.22932086968285,12.942428079775908],[80.22904347774713,12.94269852037428],[80.22867417687097,12.94287826867839]]},"properties":{"id":"L01801","strahler":2,"length_m":90.7,"drop_m":0.96,"gradient":0.01059,"area_ha":56.46,"on_drain_share":0.0,"downstream":"L01807"}},{"type":"Feature","geometry":{"type":"LineString","coordinates":[[80.21899969406444,12.94122191630659],[80.21945949636688,12.94158497262436],[80.21982823884056,12.941586075898908],[80.22001148577576,12.941948303909909],[80.22028720010542,12.942220388290371],[80.22028663812188,12.942401226579323],[80.22074644448148,12.942764280824807]]},"properties":{"id":"L01805","strahler":2,"length_m":283.8,"drop_m":0.24,"gradient":0.00086,"area_ha":49.04,"on_drain_share":0.0,"downstream":"L01810"}},{"type":"Feature","geometry":{"type":"LineString","coordinates":[[80.22978096768117,12.942700699488027],[80.22950524196708,12.942428624542545],[80.22932086968285,12.942428079775908]]},"properties":{"id":"L01813","strahler":1,"length_m":62.4,"drop_m":0.2,"gradient":0.00317,"area_ha":4.4,"on_drain_share":0.0,"downstream":"L01801"}},{"type":"Feature","geometry":{"type":"LineString","coordinates":[[80.25116823387982,12.942762986789393],[80.25006523635682,12.941674770721999],[80.24978867743943,12.941673975369769]]},"properties":{"id":"L01827","strahler":2,"length_m":199.7,"drop_m":-1.26,"gradient":0.0,"area_ha":37.52,"on_drain_share":0.0,"downstream":"L01790"}},{"type":"Feature","geometry":{"type":"LineString","coordinates":[[80.25301412253533,12.942044915595801],[80.25282921100296,12.942225227131594],[80.25218390506612,12.942223377614619],[80.25209198803965,12.942132693448983],[80.25116823387982,12.942762986789393]]},"properties":{"id":"L01808","strahler":1,"length_m":241.4,"drop_m":4.71,"gradient":0.0195,"area_ha":9.71,"on_drain_share":0.0,"downstream":"L01827"}},{"type":"Feature","geometry":{"type":"LineString","coordinates":[[80.18977262888379,12.942489052506785],[80.19060462995907,12.941768280811244],[80.19106555515368,12.9417697108337],[80.1917125981398,12.941229200369055],[80.19217352247077,12.941230628375136],[80.19300580350333,12.940419429739645]]},"properties":{"id":"L01842","strahler":2,"length_m":445.3,"drop_m":0.95,"gradient":0.00214,"area_ha":59.33,"on_drain_share":0.0,"downstream":"L01883"}},{"type":"Feature","geometry":{"type":"LineString","coordinates":[[80.22738440433078,12.942603190450148],[80.226741051908,12.941968342939528]]},"properties":{"id":"L01822","strahler":2,"length_m":99.0,"drop_m":0.0,"gradient":0.0,"area_ha":162.6,"on_drain_share":0.0,"downstream":"L01900"}},{"type":"Feature","geometry":{"type":"LineString","coordinates":[[80.19742430389535,12.942422292491948],[80.19760867475767,12.9424228598062]]},"properties":{"id":"L01809","strahler":1,"length_m":20.0,"drop_m":-0.11,"gradient":0.0,"area_ha":4.37,"on_drain_share":0.0,"downstream":"L01797"}},{"type":"Feature","geometry":{"type":"LineString","coordinates":[[80.19705729835276,12.941878645655596],[80.19760867475767,12.9424228598062]]},"properties":{"id":"L01812","strahler":1,"length_m":84.9,"drop_m":-0.46,"gradient":0.0,"area_ha":4.71,"on_drain_share":0.0,"downstream":"L01797"}},{"type":"Feature","geometry":{"type":"LineString","coordinates":[[80.22111631159859,12.942403705736593],[80.22111743436147,12.942042029084561],[80.22130236723874,12.941861741296387],[80.22065875204714,12.941317298885664],[80.22056740910243,12.941045765940014],[80.22093699306016,12.940775610098632],[80.22121298786676,12.940957274335045],[80.2213973587154,12.940957824771775]]},"properties":{"id":"L01837","strahler":2,"length_m":308.0,"drop_m":-0.43,"gradient":0.0,"area_ha":73.14,"on_drain_share":0.0,"downstream":"L01849"}},{"type":"Feature","geometry":{"type":"LineString","coordinates":[[80.21180667759022,12.94201405688354],[80.21199161674363,12.941833776079685],[80.21199218467973,12.941652938143262],[80.21208465408608,12.941562797680202],[80.21263776678045,12.941564468032725],[80.21282185402988,12.941655443543548],[80.212820435668,12.942107538470324],[80.21300395614682,12.942379351848242]]},"properties":{"id":"L01816","strahler":3,"length_m":234.9,"drop_m":0.37,"gradient":0.00157,"area_ha":74.28,"on_drain_share":0.0,"downstream":"L01765"}},{"type":"Feature","geometry":{"type":"LineString","coordinates":[[80.21374342573188,12.941748643233677],[80.21365095681388,12.941838784313976],[80.21337440008708,12.941837950341219],[80.21337411661399,12.941928369338626],[80.21300452337809,12.94219851387518],[80.21300395614682,12.942379351848242]]},"properties":{"id":"L01817","strahler":1,"length_m":126.6,"drop_m":1.8,"gradient":0.01425,"area_ha":5.2,"on_drain_share":0.0,"downstream":"L01765"}},{"type":"Feature","geometry":{"type":"LineString","coordinates":[[80.22969266779907,12.941434556339022],[80.22950774093424,12.941614850441928],[80.22950718562295,12.941795689135375],[80.22941472202025,12.941885836125923],[80.22941333352857,12.942337932835494],[80.22932086968285,12.942428079775908]]},"properties":{"id":"L01818","strahler":2,"length_m":126.6,"drop_m":0.23,"gradient":0.00183,"area_ha":51.71,"on_drain_share":0.0,"downstream":"L01801"}},{"type":"Feature","geometry":{"type":"LineString","coordinates":[[80.24186148261889,12.941379791773183],[80.24278034134203,12.942377085656476],[80.24370220556337,12.942379760603028],[80.24416449967241,12.94192899858672],[80.24434887223002,12.94192953284002]]},"properties":{"id":"L01824","strahler":1,"length_m":342.1,"drop_m":0.73,"gradient":0.00215,"area_ha":9.46,"on_drain_share":0.0,"downstream":"L01851"}},{"type":"Feature","geometry":{"type":"LineString","coordinates":[[80.24407095130982,12.942380829669462],[80.24407149615077,12.942199990368053],[80.24434887223002,12.94192953284002]]},"properties":{"id":"L01823","strahler":2,"length_m":62.4,"drop_m":0.12,"gradient":0.00189,"area_ha":26.34,"on_drain_share":0.0,"downstream":"L01851"}},{"type":"Feature","geometry":{"type":"LineString","coordinates":[[80.21134802319322,12.941289311850275],[80.21153154146928,12.941561126154971],[80.21153068907017,12.941832383030377],[80.21180667759022,12.94201405688354]]},"properties":{"id":"L01820","strahler":3,"length_m":106.6,"drop_m":0.85,"gradient":0.00796,"area_ha":64.6,"on_drain_share":0.0,"downstream":"L01816"}},{"type":"Feature","geometry":{"type":"LineString","coordinates":[[80.226741051908,12.941968342939528],[80.22609826048787,12.941152655441188],[80.2260996548204,12.940700559045336],[80.22600774827976,12.940609866231364],[80.22601193142629,12.939253576969225],[80.22619685881786,12.939073285356287],[80.22619741639348,12.93889244676684],[80.22601360455157,12.938711061224588],[80.2260163929244,12.937806868266337],[80.22472972182007,12.936537166383387]]},"properties":{"id":"L01900","strahler":2,"length_m":707.7,"drop_m":0.0,"gradient":0.0,"area_ha":3461.33,"on_drain_share":0.0,"downstream":"L01928"}},{"type":"Feature","geometry":{"type":"LineString","coordinates":[[80.24434887223002,12.94192953284002],[80.2460131161514,12.940306780667077],[80.246197487596,12.940307313548024],[80.24656677346252,12.940127539484582]]},"properties":{"id":"L01851","strahler":2,"length_m":322.8,"drop_m":-0.16,"gradient":0.0,"area_ha":45.74,"on_drain_share":0.0,"downstream":"L01870"}},{"type":"Feature","geometry":{"type":"LineString","coordinates":[[80.17982165622614,12.940920821510794],[80.17963669606407,12.9411010781934],[80.17963580921892,12.941372332945328],[80.18000336581815,12.941735165527783]]},"properties":{"id":"L01825","strahler":1,"length_m":114.9,"drop_m":0.73,"gradient":0.00636,"area_ha":5.51,"on_drain_share":0.0,"downstream":"L01792"}},{"type":"Feature","geometry":{"type":"LineString","coordinates":[[80.18149188847842,12.937580556708248],[80.18148982440202,12.93821348491928],[80.1808421788927,12.93893480588777],[80.18074910963752,12.939205771270204],[80.18111666496554,12.939568602249523],[80.1821306891791,12.939571783579886],[80.1823144680213,12.939753198224842],[80.18231387878664,12.939934034866964],[80.18185148401362,12.94038468112224],[80.18175753067071,12.940926901773809],[80.1815725718093,12.941107159912296],[80.18148038722761,12.941106870632364],[80.18111046858392,12.941467386322092],[80.18046517570758,12.941465359479936],[80.18037269566383,12.941555488066252],[80.18018832622882,12.941554908605994],[80.18000336581815,12.941735165527783]]},"properties":{"id":"L01826","strahler":2,"length_m":790.1,"drop_m":3.0,"gradient":0.0038,"area_ha":88.03,"on_drain_share":0.0,"downstream":"L01792"}},{"type":"Feature","geometry":{"type":"LineString","coordinates":[[80.23319572907496,12.94144487884998],[80.23301080457449,12.94162517557773],[80.2327350762723,12.941353103894711],[80.23208977558896,12.941351204787544],[80.23181238772447,12.941621648588015],[80.2316280159329,12.941621105485574],[80.2315352761903,12.941801672665346],[80.23135173524952,12.94152987120064],[80.2309838232003,12.94125752608068],[80.23089163745523,12.941257254260416],[80.23052178535995,12.94161784413455],[80.22987648433228,12.94161593951349],[80.22969266779907,12.941434556339022]]},"properties":{"id":"L01828","strahler":1,"length_m":482.8,"drop_m":4.0,"gradient":0.00827,"area_ha":12.42,"on_drain_share":0.0,"downstream":"L01818"}},{"type":"Feature","geometry":{"type":"LineString","coordinates":[[80.19355571459184,12.94141574463493],[80.19300434958222,12.940871522520576],[80.19300580350333,12.940419429739645]]},"properties":{"id":"L01843","strahler":1,"length_m":134.9,"drop_m":1.63,"gradient":0.01208,"area_ha":7.5,"on_drain_share":0.0,"downstream":"L01883"}},{"type":"Feature","geometry":{"type":"LineString","coordinates":[[80.24988113405576,12.941583820743237],[80.24978867743943,12.941673975369769]]},"properties":{"id":"L01829","strahler":1,"length_m":14.1,"drop_m":0.0,"gradient":0.0,"area_ha":5.09,"on_drain_share":0.0,"downstream":"L01790"}},{"type":"Feature","geometry":{"type":"LineString","coordinates":[[80.23145389008637,12.938275044442406],[80.23117650517011,12.93854548778213],[80.23099213566607,12.938544944357073],[80.2308996738323,12.938635091993675],[80.23025438041674,12.938633188738368],[80.23006945611458,12.93881348341674],[80.2297004392946,12.938902814220057],[80.22923840427796,12.939263130204942],[80.22923673804976,12.93980564634082],[80.22951218312116,12.940168140803413],[80.22951051736428,12.940710656936806],[80.22987814941852,12.941073423370806],[80.2298775943982,12.94125426208756],[80.22969266779907,12.941434556339022]]},"properties":{"id":"L01830","strahler":2,"length_m":562.8,"drop_m":1.35,"gradient":0.0024,"area_ha":36.76,"on_drain_share":0.0,"downstream":"L01818"}},{"type":"Feature","geometry":{"type":"LineString","coordinates":[[80.21042844614963,12.9405631712604],[80.21061224735024,12.940744567194454],[80.2109809878043,12.940745682905401],[80.21134802319322,12.941289311850275]]},"properties":{"id":"L01831","strahler":2,"length_m":144.9,"drop_m":2.77,"gradient":0.01911,"area_ha":12.09,"on_drain_share":0.0,"downstream":"L01820"}},{"type":"Feature","geometry":{"type":"LineString","coordinates":[[80.21171960497468,12.940386236882226],[80.21134972829292,12.94074679809518],[80.21134802319322,12.941289311850275]]},"properties":{"id":"L01832","strahler":2,"length_m":116.6,"drop_m":0.47,"gradient":0.00401,"area_ha":51.78,"on_drain_share":0.0,"downstream":"L01820"}},{"type":"Feature","geometry":{"type":"LineString","coordinates":[[80.21808741817924,12.938144904382082],[80.21836256316821,12.938597828775844],[80.21873045673996,12.938870190757429],[80.21845305821296,12.939140619740213],[80.21817650414044,12.939139791028872],[80.21780663813522,12.939500362070472],[80.21780551082918,12.939862038506387],[80.21789741397632,12.939952734031714],[80.21826615391369,12.939953839377702],[80.21835805726863,12.940044534751511],[80.21863517541826,12.939864525077192],[80.21909469340859,12.940318001035749],[80.2191849090945,12.940951210931502],[80.21899969406444,12.94122191630659]]},"properties":{"id":"L01834","strahler":2,"length_m":573.6,"drop_m":0.41,"gradient":0.00072,"area_ha":27.62,"on_drain_share":0.0,"downstream":"L01805"}},{"type":"Feature","geometry":{"type":"LineString","coordinates":[[80.20563826169477,12.939463590323873],[80.20563511330448,12.940458197577094],[80.20581948309413,12.940458759003427],[80.20600299459345,12.940730576834131],[80.20664828965337,12.940732540386795],[80.20674018883226,12.940823239623853],[80.20673933130422,12.941094496199545]]},"properties":{"id":"L01835","strahler":1,"length_m":282.4,"drop_m":1.68,"gradient":0.00596,"area_ha":10.9,"on_drain_share":0.0,"downstream":"L01764"}},{"type":"Feature","geometry":{"type":"LineString","coordinates":[[80.20692398738932,12.941004638010504],[80.20673933130422,12.941094496199545]]},"properties":{"id":"L01836","strahler":1,"length_m":24.1,"drop_m":0.01,"gradient":0.0006,"area_ha":4.08,"on_drain_share":0.0,"downstream":"L01764"}},{"type":"Feature","geometry":{"type":"LineString","coordinates":[[80.20987391241151,12.941013590992739],[80.21033626111225,12.940562892190115],[80.21042844614963,12.9405631712604]]},"properties":{"id":"L01844","strahler":1,"length_m":80.7,"drop_m":-2.33,"gradient":0.0,"area_ha":4.88,"on_drain_share":0.0,"downstream":"L01831"}},{"type":"Feature","geometry":{"type":"LineString","coordinates":[[80.22314860227047,12.941053466637445],[80.22287288586641,12.940781385154564],[80.22231977354033,12.940779736604386],[80.22204405837006,12.940507654307766],[80.22195299448431,12.940145702567017]]},"properties":{"id":"L01850","strahler":1,"length_m":189.0,"drop_m":-0.15,"gradient":0.0,"area_ha":5.45,"on_drain_share":0.0,"downstream":"L01858"}},{"type":"Feature","geometry":{"type":"LineString","coordinates":[[80.24776383205851,12.940583096997436],[80.2474872744908,12.940582299271094],[80.24739481745233,12.940672453028855],[80.24739427507279,12.940853292490335],[80.24711690334723,12.941123753526016],[80.24684034522497,12.941122955081033],[80.24656487309235,12.940760477494152]]},"properties":{"id":"L01840","strahler":1,"length_m":189.0,"drop_m":1.66,"gradient":0.00879,"area_ha":5.17,"on_drain_share":0.0,"downstream":"L01852"}},{"type":"Feature","geometry":{"type":"LineString","coordinates":[[80.2213973587154,12.940957824771775],[80.2217672221349,12.940597248506254],[80.22176806338508,12.94032599093855],[80.22195299448431,12.940145702567017]]},"properties":{"id":"L01849","strahler":2,"length_m":114.9,"drop_m":-0.0,"gradient":0.0,"area_ha":81.08,"on_drain_share":0.0,"downstream":"L01858"}},{"type":"Feature","geometry":{"type":"LineString","coordinates":[[80.2202959097598,12.939417394488512],[80.22020232011411,12.939869214734978],[80.22084564997108,12.940504077233365],[80.22103002047058,12.940504627910801],[80.2213973587154,12.940957824771775]]},"properties":{"id":"L01838","strahler":1,"length_m":239.7,"drop_m":-0.16,"gradient":0.0,"area_ha":7.09,"on_drain_share":0.0,"downstream":"L01849"}},{"type":"Feature","geometry":{"type":"LineString","coordinates":[[80.23854443335573,12.94082760677427],[80.23909754790317,12.940829220926549],[80.23928246766015,12.940648919595125],[80.23919220091196,12.94001571378835],[80.23946957940159,12.939745261562571],[80.24039143324522,12.939747947674697],[80.24048389229766,12.939657796513488],[80.24085263376875,12.939658869908301],[80.24131492741209,12.939208112855944]]},"properties":{"id":"L01856","strahler":1,"length_m":429.7,"drop_m":1.89,"gradient":0.00439,"area_ha":10.29,"on_drain_share":0.0,"downstream":"L01861"}},{"type":"Feature","geometry":{"type":"LineString","coordinates":[[80.1766885720753,12.940549274072163],[80.176872940609,12.940549855961827],[80.17696542143936,12.940459728662915],[80.17751852690876,12.940461473342166]]},"properties":{"id":"L01841","strahler":1,"length_m":94.1,"drop_m":-0.15,"gradient":0.0,"area_ha":5.87,"on_drain_share":0.0,"downstream":"L01791"}},{"type":"Feature","geometry":{"type":"LineString","coordinates":[[80.24656487309235,12.940760477494152],[80.24656677346252,12.940127539484582]]},"properties":{"id":"L01852","strahler":4,"length_m":70.0,"drop_m":0.29,"gradient":0.0042,"area_ha":623.75,"on_drain_share":0.0,"downstream":"L01870"}},{"type":"Feature","geometry":{"type":"LineString","coordinates":[[80.17826251452017,12.938474596663317],[80.17816737009116,12.939378488603934],[80.17742752821206,12.940099509815862],[80.17742663905005,12.940370764437702],[80.17751852690876,12.940461473342166]]},"properties":{"id":"L01845","strahler":1,"length_m":261.4,"drop_m":2.29,"gradient":0.00876,"area_ha":10.22,"on_drain_share":0.0,"downstream":"L01791"}},{"type":"Feature","geometry":{"type":"LineString","coordinates":[[80.19300580350333,12.940419429739645],[80.19300638505631,12.940238592622851],[80.19273099496534,12.939876062647931],[80.19264026504344,12.93942368456372],[80.19227269224925,12.939060868842361],[80.1922744382769,12.938518357526409],[80.19236691311941,12.938428224378557],[80.19236924074933,12.937704875900353],[80.19227734814628,12.937614171949264]]},"properties":{"id":"L01883","strahler":2,"length_m":351.4,"drop_m":0.2,"gradient":0.00058,"area_ha":77.95,"on_drain_share":0.0,"downstream":"L01887"}},{"type":"Feature","geometry":{"type":"LineString","coordinates":[[80.2089563360617,12.939654513096263],[80.2089557660288,12.939835350927494],[80.20932393522313,12.940017306747807],[80.21015359863033,12.940019820323528],[80.21024549890502,12.940110518388506],[80.2102446452147,12.940381775209653],[80.21042844614963,12.9405631712604]]},"properties":{"id":"L01846","strahler":1,"length_m":230.7,"drop_m":1.73,"gradient":0.0075,"area_ha":6.18,"on_drain_share":0.0,"downstream":"L01831"}},{"type":"Feature","geometry":{"type":"LineString","coordinates":[[80.21145214119299,12.937491993730552],[80.21163565705538,12.937763807886698],[80.21200354159188,12.938036178884083],[80.21237171069258,12.938218130402417],[80.21274044759147,12.938219243412725],[80.21338375349276,12.938854123072407],[80.21310634956127,12.93912454604005],[80.21319683324985,12.939667338165608],[80.21236461623928,12.940478605227336],[80.21181150597478,12.940476934433248],[80.21171960497468,12.940386236882226]]},"properties":{"id":"L01847","strahler":2,"length_m":586.0,"drop_m":2.78,"gradient":0.00475,"area_ha":45.24,"on_drain_share":0.0,"downstream":"L01832"}},{"type":"Feature","geometry":{"type":"LineString","coordinates":[[80.21172130914802,12.939843723040926],[80.21171960497468,12.940386236882226]]},"properties":{"id":"L01848","strahler":1,"length_m":60.0,"drop_m":1.04,"gradient":0.01734,"area_ha":5.5,"on_drain_share":0.0,"downstream":"L01832"}},{"type":"Feature","geometry":{"type":"LineString","coordinates":[[80.22195299448431,12.940145702567017],[80.22204686144536,12.939603462327414],[80.22232425686687,12.939333029340537],[80.22232509742999,12.939061771710566],[80.22223319289733,12.93897107766664]]},"properties":{"id":"L01858","strahler":2,"length_m":150.7,"drop_m":0.31,"gradient":0.00203,"area_ha":87.71,"on_drain_share":0.0,"downstream":null}},{"type":"Feature","geometry":{"type":"LineString","coordinates":[[80.24656677346252,12.940127539484582],[80.24647866017729,12.938770977384436],[80.24620373410832,12.938227660076231]]},"properties":{"id":"L01870","strahler":4,"length_m":226.6,"drop_m":-0.21,"gradient":0.0,"area_ha":671.93,"on_drain_share":0.0,"downstream":"L01897"}},{"type":"Feature","geometry":{"type":"LineString","coordinates":[[80.19651229366075,12.939345220454195],[80.19688016270715,12.939617611928742],[80.19734108466612,12.93961903062974],[80.19770895506682,12.939891421006008],[80.19770924413767,12.939801002339399],[80.19826408419567,12.939260190862075],[80.19826466190604,12.939079353494817],[80.19789765891895,12.938535707883236],[80.1982675503263,12.938175166620601]]},"properties":{"id":"L01867","strahler":1,"length_m":402.8,"drop_m":0.71,"gradient":0.00175,"area_ha":10.49,"on_drain_share":0.0,"downstream":"L01869"}},{"type":"Feature","geometry":{"type":"LineString","coordinates":[[80.19854410200006,12.938176016375072],[80.1986362858957,12.938176299561432],[80.19927955391188,12.93881121193014],[80.19946276852862,12.939173452623741],[80.19955495281138,12.939173735506914],[80.2000144331092,12.939627243038673],[80.20056782794842,12.939538520006073],[80.20093742942203,12.939268393588824],[80.20139806346916,12.939360223835822]]},"properties":{"id":"L01853","strahler":3,"length_m":408.7,"drop_m":0.81,"gradient":0.00198,"area_ha":220.56,"on_drain_share":0.0,"downstream":"L01777"}},{"type":"Feature","geometry":{"type":"LineString","coordinates":[[80.25947438771644,12.939621978679648],[80.25956684024901,12.939531820374844],[80.2601199546157,12.939533389795258],[80.26030459259844,12.939443492668321]]},"properties":{"id":"L01855","strahler":1,"length_m":98.3,"drop_m":4.78,"gradient":0.04859,"area_ha":5.39,"on_drain_share":0.0,"downstream":null}},{"type":"Feature","geometry":{"type":"LineString","coordinates":[[80.24352846338067,12.938852859492979],[80.24380420145556,12.939124920315164],[80.24380311164805,12.939486598978158],[80.24454059468867,12.9394887358353],[80.24472578183206,12.939218010669714],[80.24472659817602,12.938946751609866],[80.24500315376504,12.938947552163759],[80.2450036977848,12.938766712775811],[80.24518888386991,12.938495987209635],[80.24500587378125,12.938043355198761],[80.24482204816186,12.937861982174413],[80.24482259226488,12.937681142779024],[80.2450075056919,12.937500836989464],[80.24500804964559,12.937319997581316],[80.24519323456914,12.93704927192319],[80.24519377836941,12.936868432501024],[80.2450099534185,12.936687059632918]]},"properties":{"id":"L01896","strahler":3,"length_m":560.4,"drop_m":2.07,"gradient":0.00369,"area_ha":95.19,"on_drain_share":0.0,"downstream":"L01941"}},{"type":"Feature","geometry":{"type":"LineString","coordinates":[[80.20075478845244,12.938725316322557],[80.20139806346916,12.939360223835822]]},"properties":{"id":"L01854","strahler":2,"length_m":99.0,"drop_m":-0.31,"gradient":0.0,"area_ha":24.88,"on_drain_share":0.0,"downstream":"L01777"}},{"type":"Feature","geometry":{"type":"LineString","coordinates":[[80.24131492741209,12.939208112855944],[80.24177585351937,12.939209453003945],[80.24205186304305,12.939391095959976],[80.24214432139398,12.93930094416737],[80.2423286919344,12.939301479741887],[80.24269852442494,12.938940871924743],[80.24334382050988,12.938942744443535],[80.24352846338067,12.938852859492979]]},"properties":{"id":"L01861","strahler":3,"length_m":273.1,"drop_m":0.34,"gradient":0.00124,"area_ha":81.57,"on_drain_share":0.0,"downstream":"L01896"}},{"type":"Feature","geometry":{"type":"LineString","coordinates":[[80.2492428636564,12.939231049960119],[80.24896576629972,12.939411093430481],[80.24841454911775,12.93877656203022]]},"properties":{"id":"L01862","strahler":1,"length_m":133.1,"drop_m":0.16,"gradient":0.00123,"area_ha":5.26,"on_drain_share":0.0,"downstream":"L01871"}},{"type":"Feature","geometry":{"type":"LineString","coordinates":[[80.23781298910987,12.938836222954768],[80.23818063125955,12.939198978255712],[80.23864155701355,12.93920032394059],[80.23891893511069,12.938929872266558],[80.23937986044987,12.938931216619515],[80.23947231952714,12.938841065814776],[80.24030171128419,12.938933902882738],[80.24057771935928,12.939115547326509],[80.24113110380509,12.93902673734687]]},"properties":{"id":"L01859","strahler":1,"length_m":409.7,"drop_m":3.14,"gradient":0.00767,"area_ha":7.11,"on_drain_share":0.0,"downstream":"L01857"}},{"type":"Feature","geometry":{"type":"LineString","coordinates":[[80.23413138462882,12.936926614360427],[80.23440710994643,12.937198684471095],[80.23440600676679,12.937560362394795],[80.23459037569562,12.937560903366839],[80.23468228446264,12.93765159328922],[80.23468035450027,12.938284529667987],[80.23458789401663,12.938374678693389],[80.23440352449018,12.938374137686177],[80.23375602274362,12.93909559879722],[80.2331107277102,12.93909370254073],[80.23237546025221,12.938368178009016],[80.23191536683714,12.938095563072379],[80.23163881303186,12.938094748696983],[80.23145389008637,12.938275044442406]]},"properties":{"id":"L01875","strahler":1,"length_m":633.6,"drop_m":3.81,"gradient":0.00602,"area_ha":19.68,"on_drain_share":0.0,"downstream":"L01830"}},{"type":"Feature","geometry":{"type":"LineString","coordinates":[[80.24113110380509,12.93902673734687],[80.24131492741209,12.939208112855944]]},"properties":{"id":"L01857","strahler":3,"length_m":28.3,"drop_m":-0.18,"gradient":0.0,"area_ha":67.34,"on_drain_share":0.0,"downstream":"L01861"}},{"type":"Feature","geometry":{"type":"LineString","coordinates":[[80.18969241477377,12.938781608337482],[80.1907986219182,12.938785042113834],[80.19098357274108,12.938604776905139],[80.19144449216874,12.938606205914862],[80.19227676619006,12.93779500906975],[80.19227734814628,12.937614171949264]]},"properties":{"id":"L01882","strahler":1,"length_m":345.6,"drop_m":5.11,"gradient":0.01479,"area_ha":10.19,"on_drain_share":0.0,"downstream":"L01887"}},{"type":"Feature","geometry":{"type":"LineString","coordinates":[[80.21532499895767,12.937141991068394],[80.21569260440005,12.93750477613177],[80.21550738851477,12.93777547902767],[80.21559900748221,12.937956594359086],[80.21569090912874,12.938047290589363],[80.2158752775958,12.938047844806853],[80.21642668929358,12.93859202120862],[80.21642612469152,12.938772859380531],[80.21651802693569,12.938863555348036],[80.2168867651508,12.938864662552334],[80.217256631409,12.938504092819757],[80.21725775938357,12.938142416393875],[80.21753543983813,12.93778156955642],[80.21781199237161,12.93778239886186],[80.21808741817924,12.938144904382082]]},"properties":{"id":"L01876","strahler":1,"length_m":543.6,"drop_m":2.23,"gradient":0.00411,"area_ha":13.99,"on_drain_share":0.0,"downstream":"L01834"}},{"type":"Feature","geometry":{"type":"LineString","coordinates":[[80.24021363203666,12.937577340439582],[80.2410408327024,12.938393531875366],[80.24085536889267,12.938754673863308],[80.24113110380509,12.93902673734687]]},"properties":{"id":"L01860","strahler":3,"length_m":218.0,"drop_m":-1.44,"gradient":0.0,"area_ha":58.83,"on_drain_share":0.0,"downstream":"L01857"}},{"type":"Feature","geometry":{"type":"LineString","coordinates":[[80.20057186020767,12.938272657693577],[80.20057099618819,12.938543913913824],[80.20075478845244,12.938725316322557]]},"properties":{"id":"L01863","strahler":1,"length_m":58.3,"drop_m":0.32,"gradient":0.00543,"area_ha":5.39,"on_drain_share":0.0,"downstream":"L01854"}},{"type":"Feature","geometry":{"type":"LineString","coordinates":[[80.20445304602393,12.935300671856785],[80.20426782026456,12.935571366211846],[80.20426724704046,12.93575220389339],[80.20435914359301,12.935842903847684],[80.20454350993523,12.93584346597893],[80.20454293689725,12.93602430366887],[80.20463483364897,12.936115003535766],[80.20398754366597,12.936745967497053],[80.20417133730767,12.93692736759047],[80.20417047727075,12.937198624077325],[80.20380088218312,12.937468755498525],[80.20333996344316,12.937467348440869],[80.20287818328717,12.937737196959215],[80.2021407127069,12.937734942622207],[80.20149370007583,12.938275480947569],[80.20112496410235,12.93827435203677],[80.20075507639909,12.938634897580293],[80.20075478845244,12.938725316322557]]},"properties":{"id":"L01864","strahler":1,"length_m":730.1,"drop_m":5.72,"gradient":0.00783,"area_ha":18.42,"on_drain_share":0.0,"downstream":"L01854"}},{"type":"Feature","geometry":{"type":"LineString","coordinates":[[80.24325545214562,12.937676601783043],[80.24325436167359,12.938038280440098],[80.24297698902394,12.938308737056483],[80.24352846338067,12.938852859492979]]},"properties":{"id":"L01865","strahler":1,"length_m":167.3,"drop_m":-1.38,"gradient":0.0,"area_ha":5.9,"on_drain_share":0.0,"downstream":"L01896"}},{"type":"Feature","geometry":{"type":"LineString","coordinates":[[80.24841454911775,12.93877656203022],[80.24832263472096,12.938685876656258],[80.24740078308399,12.938683218785924],[80.2471250413499,12.938411161568407],[80.2468484862163,12.938410363296393],[80.2468479435412,12.938591202766375],[80.24675548706054,12.938681356338847],[80.24657111678665,12.938680823917993],[80.24620373410832,12.938227660076231]]},"properties":{"id":"L01871","strahler":2,"length_m":307.3,"drop_m":1.55,"gradient":0.00506,"area_ha":43.26,"on_drain_share":0.0,"downstream":"L01897"}},{"type":"Feature","geometry":{"type":"LineString","coordinates":[[80.24943453515486,12.93679024612578],[80.24924908439881,12.93715139485685],[80.24924854350779,12.937332234444304],[80.24943183136381,12.937694444101346],[80.24943074978992,12.938056123273904],[80.24887574580181,12.938687469815157],[80.24841454911775,12.93877656203022]]},"properties":{"id":"L01866","strahler":2,"length_m":305.6,"drop_m":0.06,"gradient":0.00021,"area_ha":32.64,"on_drain_share":0.0,"downstream":"L01871"}},{"type":"Feature","geometry":{"type":"LineString","coordinates":[[80.25569772334782,12.938616602453585],[80.25542197218948,12.938344553517524],[80.25542277691683,12.938073293772677]]},"properties":{"id":"L01879","strahler":1,"length_m":72.4,"drop_m":0.77,"gradient":0.01063,"area_ha":4.2,"on_drain_share":0.0,"downstream":"L01912"}},{"type":"Feature","geometry":{"type":"LineString","coordinates":[[80.17255935974993,12.934749387833442],[80.17311006945813,12.935474486247768],[80.1731998693352,12.936198123489994],[80.1728299472063,12.936558627289765],[80.17218466829901,12.936556580724439],[80.17218198451154,12.937370343714411],[80.17181205917761,12.937730845845833],[80.17162679768954,12.938001514777369],[80.17162620083734,12.938182350956195],[80.17051970284733,12.938269254108283],[80.17024404978393,12.937997120469396],[80.16996750026405,12.937996240728554]]},"properties":{"id":"L01872","strahler":1,"length_m":717.0,"drop_m":6.35,"gradient":0.00886,"area_ha":22.77,"on_drain_share":0.0,"downstream":null}},{"type":"Feature","geometry":{"type":"LineString","coordinates":[[80.19559798563309,12.936991494958532],[80.19596556067377,12.937354306155493],[80.19596527103135,12.937444724800217],[80.19614963817071,12.937445292931228],[80.19651779358277,12.937627266114657],[80.1968865281886,12.937628401481295],[80.19725439527035,12.937900792339606],[80.19762313034484,12.937901926688758],[80.19799070974051,12.938264735257162],[80.1982675503263,12.938175166620601]]},"properties":{"id":"L01868","strahler":3,"length_m":358.0,"drop_m":0.65,"gradient":0.00181,"area_ha":190.81,"on_drain_share":0.0,"downstream":"L01869"}},{"type":"Feature","geometry":{"type":"LineString","coordinates":[[80.25228821535767,12.938154749294798],[80.25201085175911,12.938425216042939],[80.25099681516276,12.938422306599765],[80.25072106958396,12.938150252980044],[80.25053669953184,12.938149723383056],[80.25044478454221,12.93805903872309],[80.25035448996312,12.93742583515248],[80.24961890416175,12.936790776446921],[80.24943453515486,12.93679024612578]]},"properties":{"id":"L01898","strahler":1,"length_m":432.1,"drop_m":4.15,"gradient":0.0096,"area_ha":8.62,"on_drain_share":0.0,"downstream":"L01866"}},{"type":"Feature","geometry":{"type":"LineString","coordinates":[[80.1982675503263,12.938175166620601],[80.19854410200006,12.938176016375072]]},"properties":{"id":"L01869","strahler":3,"length_m":30.0,"drop_m":0.07,"gradient":0.00249,"area_ha":201.34,"on_drain_share":0.0,"downstream":"L01853"}},{"type":"Feature","geometry":{"type":"LineString","coordinates":[[80.25532978699182,12.93834429039246],[80.25533032354515,12.93816345056699],[80.25542277691683,12.938073293772677]]},"properties":{"id":"L01878","strahler":1,"length_m":34.1,"drop_m":-0.07,"gradient":0.0,"area_ha":8.0,"on_drain_share":0.0,"downstream":"L01912"}},{"type":"Feature","geometry":{"type":"LineString","coordinates":[[80.20002768961588,12.93546798128211],[80.19965780481174,12.935828525496047],[80.1990125234617,12.935826545387137],[80.19873684015896,12.935554440126083],[80.19799908787142,12.935642593160996],[80.19790661601712,12.935732728503758],[80.1977222500558,12.935732161687978],[80.19716712797926,12.936363391225209],[80.19744281031427,12.93663549808067],[80.1979959101768,12.93663719884623],[80.19817969915681,12.936818602904875],[80.19817883265279,12.93708985899607],[80.19808636029427,12.937179994365195],[80.19817825497249,12.93727069638704],[80.19817652187896,12.937813208544787],[80.19854410200006,12.938176016375072]]},"properties":{"id":"L01873","strahler":1,"length_m":687.7,"drop_m":1.2,"gradient":0.00174,"area_ha":14.85,"on_drain_share":0.0,"downstream":"L01853"}},{"type":"Feature","geometry":{"type":"LineString","coordinates":[[80.23145472071191,12.938003786203675],[80.23145389008637,12.938275044442406]]},"properties":{"id":"L01874","strahler":1,"length_m":30.0,"drop_m":-0.17,"gradient":0.0,"area_ha":4.45,"on_drain_share":0.0,"downstream":"L01830"}},{"type":"Feature","geometry":{"type":"LineString","coordinates":[[80.24620373410832,12.938227660076231],[80.24620536345395,12.93768514172433],[80.24611345027718,12.937594455630334],[80.24611399343819,12.937413616177235],[80.24547060349587,12.936778812715668],[80.24519405026643,12.936778012788995],[80.24510213778892,12.936687326370908]]},"properties":{"id":"L01897","strahler":4,"length_m":237.3,"drop_m":0.77,"gradient":0.00323,"area_ha":719.2,"on_drain_share":0.0,"downstream":"L01901"}},{"type":"Feature","geometry":{"type":"LineString","coordinates":[[80.21846094165012,12.936608883943988],[80.21845925248319,12.937151398799145],[80.21836678695216,12.93724154177681],[80.21836594223385,12.937512799187983],[80.21808826324126,12.937873647002126],[80.21808741817924,12.938144904382082]]},"properties":{"id":"L01877","strahler":1,"length_m":186.6,"drop_m":0.38,"gradient":0.00203,"area_ha":5.93,"on_drain_share":0.0,"downstream":"L01834"}},{"type":"Feature","geometry":{"type":"LineString","coordinates":[[80.22223599494696,12.938066885539214],[80.22242036371723,12.938067435132293],[80.22269775696397,12.937797001597351]]},"properties":{"id":"L01880","strahler":1,"length_m":62.4,"drop_m":-0.36,"gradient":0.0,"area_ha":4.64,"on_drain_share":0.0,"downstream":"L01886"}},{"type":"Feature","geometry":{"type":"LineString","coordinates":[[80.22269719691583,12.937977840051524],[80.22269775696397,12.937797001597351]]},"properties":{"id":"L01881","strahler":1,"length_m":20.0,"drop_m":0.08,"gradient":0.00413,"area_ha":4.19,"on_drain_share":0.0,"downstream":"L01886"}},{"type":"Feature","geometry":{"type":"LineString","coordinates":[[80.25542277691683,12.938073293772677],[80.25551630302243,12.937621457262605],[80.25579366211694,12.937350986516309],[80.25625458635034,12.937352300897327],[80.25653194437973,12.937081829301116],[80.25653301563787,12.936720149513572],[80.25671792037694,12.936539834910919],[80.25708665864572,12.936540885109965],[80.25727183040561,12.936270150117522],[80.25764083572567,12.936180779537937]]},"properties":{"id":"L01912","strahler":2,"length_m":379.7,"drop_m":1.9,"gradient":0.005,"area_ha":20.24,"on_drain_share":0.0,"downstream":"L01918"}},{"type":"Feature","geometry":{"type":"LineString","coordinates":[[80.22269775696397,12.937797001597351],[80.22297514961308,12.93752656772793],[80.22315951801893,12.93752711677615],[80.22325198204035,12.93743697200959]]},"properties":{"id":"L01886","strahler":2,"length_m":76.6,"drop_m":-0.03,"gradient":0.0,"area_ha":9.79,"on_drain_share":0.0,"downstream":"L01927"}},{"type":"Feature","geometry":{"type":"LineString","coordinates":[[80.19227734814628,12.937614171949264],[80.19227851203219,12.937252497700714],[80.19264840902103,12.936891964734581],[80.19274059231113,12.936892249976308],[80.19292408671045,12.937164076100293],[80.19310816283809,12.937255064950428],[80.19384563037113,12.937257344735865],[80.19402941659946,12.93743875156038],[80.19458280790704,12.937350041051793]]},"properties":{"id":"L01887","strahler":2,"length_m":341.4,"drop_m":-0.28,"gradient":0.0,"area_ha":96.05,"on_drain_share":0.0,"downstream":"L01894"}},{"type":"Feature","geometry":{"type":"LineString","coordinates":[[80.18103510222598,12.936313253858758],[80.1813107659691,12.936585376722537],[80.18131047106597,12.936675795043067],[80.18103333221644,12.936855763746232],[80.18103244718144,12.937127018681434],[80.18130840668147,12.937308723269098],[80.18149188847842,12.937580556708248]]},"properties":{"id":"L01884","strahler":2,"length_m":197.3,"drop_m":1.23,"gradient":0.00624,"area_ha":62.85,"on_drain_share":0.0,"downstream":"L01826"}},{"type":"Feature","geometry":{"type":"LineString","coordinates":[[80.18232860697007,12.935413118055333],[80.18186622105615,12.935863764990506],[80.18186415820688,12.936496693344079],[80.18195604643567,12.936587400723022],[80.18214041230341,12.936587978715819],[80.18213893925929,12.937040070406136],[80.18204646150959,12.937130199749662],[80.18186209524798,12.937129621666683],[80.18149188847842,12.937580556708248]]},"properties":{"id":"L01885","strahler":1,"length_m":325.6,"drop_m":2.58,"gradient":0.00794,"area_ha":10.04,"on_drain_share":0.0,"downstream":"L01826"}},{"type":"Feature","geometry":{"type":"LineString","coordinates":[[80.19458280790704,12.937350041051793],[80.19504343546654,12.937441882191312],[80.1955058022415,12.936991210724187],[80.19559798563309,12.936991494958532]]},"properties":{"id":"L01894","strahler":3,"length_m":134.9,"drop_m":-0.58,"gradient":0.0,"area_ha":131.12,"on_drain_share":0.0,"downstream":"L01868"}},{"type":"Feature","geometry":{"type":"LineString","coordinates":[[80.206575255315,12.9346741952007],[80.20657268340227,12.935487965260892],[80.20749137435767,12.936485374723832],[80.2079525770631,12.93639635542685],[80.2085961508313,12.936940827086458],[80.20988672238272,12.936944738640438],[80.20997862149588,12.937035436750007],[80.2102551727038,12.937036274018142],[80.21053115515247,12.937217948929659],[80.21117644188995,12.937219900759967],[80.21145214119299,12.937491993730552]]},"properties":{"id":"L01888","strahler":1,"length_m":725.3,"drop_m":2.72,"gradient":0.00375,"area_ha":21.39,"on_drain_share":0.0,"downstream":"L01847"}},{"type":"Feature","geometry":{"type":"LineString","coordinates":[[80.20915466525963,12.935224544288756],[80.20979823896185,12.935769013008347],[80.2099826054935,12.93576957129346],[80.21044494378422,12.935318871550143],[80.21062931001414,12.935319429359266],[80.21090500672531,12.935591522792656],[80.21090415405598,12.935862779750865],[80.211179851644,12.936134872934222],[80.21136421850595,12.936135430258638],[80.21145611790544,12.936226127866998],[80.21145214119299,12.937491993730552]]},"properties":{"id":"L01889","strahler":1,"length_m":494.6,"drop_m":1.83,"gradient":0.00371,"area_ha":16.43,"on_drain_share":0.0,"downstream":"L01847"}},{"type":"Feature","geometry":{"type":"LineString","coordinates":[[80.22159743394685,12.935894899907755],[80.2217818010938,12.935895449861418],[80.22196672873075,12.93571516123337],[80.22196728920375,12.935534322779382],[80.22205975285199,12.935444178404381],[80.22242876659823,12.935354858252046],[80.2225206699586,12.935445552180685],[80.2225198298498,12.935716809898341],[80.22233490258569,12.935897098940938],[80.22242344499577,12.937072823675523],[80.22279106119703,12.937435599317539],[80.22325198204035,12.93743697200959]]},"properties":{"id":"L01890","strahler":2,"length_m":439.7,"drop_m":-0.59,"gradient":0.0,"area_ha":14.64,"on_drain_share":0.0,"downstream":"L01927"}},{"type":"Feature","geometry":{"type":"LineString","coordinates":[[80.22325198204035,12.93743697200959],[80.22500878583183,12.935724214385095],[80.2250099023876,12.935362537212999],[80.2247341897382,12.935090457820262],[80.22473558585133,12.93463836136114]]},"properties":{"id":"L01927","strahler":3,"length_m":401.1,"drop_m":1.25,"gradient":0.00312,"area_ha":27.65,"on_drain_share":0.0,"downstream":"L01935"}},{"type":"Feature","geometry":{"type":"LineString","coordinates":[[80.23911070618229,12.93648908149781],[80.24021363203666,12.937577340439582]]},"properties":{"id":"L01891","strahler":1,"length_m":169.7,"drop_m":1.46,"gradient":0.00859,"area_ha":11.11,"on_drain_share":0.0,"downstream":"L01860"}},{"type":"Feature","geometry":{"type":"LineString","coordinates":[[80.24058565317416,12.936493378680856],[80.24058483251568,12.936764637530885],[80.24021500054788,12.937125242420219],[80.24021363203666,12.937577340439582]]},"properties":{"id":"L01892","strahler":3,"length_m":136.6,"drop_m":0.36,"gradient":0.00266,"area_ha":43.16,"on_drain_share":0.0,"downstream":"L01860"}},{"type":"Feature","geometry":{"type":"LineString","coordinates":[[80.19007194559187,12.935437268402813],[80.19025689429006,12.93525700354853],[80.19099435543278,12.935259291046119],[80.19117930336975,12.935079025488573],[80.19182429047089,12.935171443422902],[80.19182487263093,12.934990606286389],[80.19210258425217,12.934629788357787],[80.19265393430591,12.935174011711226],[80.19265306194548,12.935445267466923],[80.1927449539464,12.935535971261709],[80.19292931953733,12.935536541585678],[80.1926516079673,12.935897360380443],[80.19265102636058,12.936078197541425],[80.19301975833908,12.936079338238798],[80.1934789302813,12.936623274956908],[80.19375489907365,12.936804966886982],[80.19403144893033,12.936805821336055],[80.19458280790704,12.937350041051793]]},"properties":{"id":"L01893","strahler":2,"length_m":778.4,"drop_m":3.45,"gradient":0.00444,"area_ha":30.46,"on_drain_share":0.0,"downstream":"L01894"}},{"type":"Feature","geometry":{"type":"LineString","coordinates":[[80.22472748765752,12.937260520604337],[80.22472972182007,12.936537166383387]]},"properties":{"id":"L01899","strahler":1,"length_m":80.0,"drop_m":0.0,"gradient":0.0,"area_ha":6.78,"on_drain_share":0.0,"downstream":"L01928"}},{"type":"Feature","geometry":{"type":"LineString","coordinates":[[80.226755817831,12.937176119908948],[80.22675665346036,12.936904861948515],[80.22537807819945,12.935544470726748],[80.22537975219828,12.935001954909781],[80.22501213539739,12.9346391828385],[80.22501241451408,12.934548763538848]]},"properties":{"id":"L01930","strahler":1,"length_m":368.7,"drop_m":0.0,"gradient":0.0,"area_ha":7.6,"on_drain_share":0.0,"downstream":"L01936"}},{"type":"Feature","geometry":{"type":"LineString","coordinates":[[80.18776357555643,12.93660554492956],[80.18803924733659,12.936877661131218],[80.18840798006751,12.93687880841522],[80.18849987093535,12.936969513635711],[80.18896107923047,12.936880528364355],[80.18914632188672,12.93660984593028],[80.18951505432575,12.93661099162646],[80.18960752935425,12.936520859460844],[80.18970029619193,12.936340308746301],[80.18960986458009,12.935797511372009]]},"properties":{"id":"L01914","strahler":1,"length_m":331.4,"drop_m":2.04,"gradient":0.00617,"area_ha":12.26,"on_drain_share":0.0,"downstream":"L01922"}},{"type":"Feature","geometry":{"type":"LineString","coordinates":[[80.19431148135637,12.935721652104299],[80.19440337408744,12.93581235535435],[80.19458773995689,12.93581292451853],[80.19458657953183,12.936174599013373],[80.19522983187174,12.93680952056223],[80.19541419851112,12.936810089185517],[80.19559798563309,12.936991494958532]]},"properties":{"id":"L01895","strahler":2,"length_m":221.4,"drop_m":0.89,"gradient":0.00401,"area_ha":54.16,"on_drain_share":0.0,"downstream":"L01868"}},{"type":"Feature","geometry":{"type":"LineString","coordinates":[[80.22869224124372,12.93700101149197],[80.22832350472922,12.936999921128153],[80.22813969256855,12.936818537049524],[80.2275868665218,12.936726480819978],[80.22731114950761,12.93645440393599],[80.22685050851916,12.936362619190167],[80.22501241451408,12.934548763538848]]},"properties":{"id":"L01931","strahler":1,"length_m":511.8,"drop_m":1.38,"gradient":0.0027,"area_ha":12.62,"on_drain_share":0.0,"downstream":"L01936"}},{"type":"Feature","geometry":{"type":"LineString","coordinates":[[80.17965265582481,12.93621849168572],[80.18011268358325,12.936491195337549],[80.18029763982037,12.936310938030383],[80.18103510222598,12.936313253858758]]},"properties":{"id":"L01905","strahler":2,"length_m":170.7,"drop_m":1.37,"gradient":0.00804,"area_ha":53.86,"on_drain_share":0.0,"downstream":"L01884"}},{"type":"Feature","geometry":{"type":"LineString","coordinates":[[80.2450099534185,12.936687059632918],[80.24436656818182,12.936052253670347],[80.24455175275736,12.935781528428107],[80.2443687455418,12.93532889604978],[80.24437065062331,12.934695958098654],[80.24464828968073,12.93433507990527],[80.24455665032482,12.93415397362154]]},"properties":{"id":"L01941","strahler":4,"length_m":342.1,"drop_m":-0.18,"gradient":0.0,"area_ha":863.0,"on_drain_share":0.0,"downstream":null}},{"type":"Feature","geometry":{"type":"LineString","coordinates":[[80.24510213778892,12.936687326370908],[80.2450099534185,12.936687059632918]]},"properties":{"id":"L01901","strahler":4,"length_m":10.0,"drop_m":0.0,"gradient":0.0,"area_ha":760.78,"on_drain_share":0.0,"downstream":"L01941"}},{"type":"Feature","geometry":{"type":"LineString","coordinates":[[80.24566067820113,12.934880531536683],[80.2457482435146,12.936417933448624],[80.24547087529125,12.936688392997231],[80.24510213778892,12.936687326370908]]},"properties":{"id":"L01902","strahler":2,"length_m":256.6,"drop_m":0.9,"gradient":0.00351,"area_ha":41.52,"on_drain_share":0.0,"downstream":"L01901"}},{"type":"Feature","geometry":{"type":"LineString","coordinates":[[80.24925070702258,12.936608876079353],[80.24943453515486,12.93679024612578]]},"properties":{"id":"L01903","strahler":2,"length_m":28.3,"drop_m":-0.38,"gradient":0.0,"area_ha":21.12,"on_drain_share":0.0,"downstream":"L01866"}},{"type":"Feature","geometry":{"type":"LineString","coordinates":[[80.25837670855339,12.936725396677],[80.25819314085481,12.936453612597177],[80.2584707629638,12.936092718762188],[80.25865539887096,12.936002822674046]]},"properties":{"id":"L01916","strahler":1,"length_m":114.9,"drop_m":0.5,"gradient":0.00438,"area_ha":4.69,"on_drain_share":0.0,"downstream":"L01923"}},{"type":"Feature","geometry":{"type":"LineString","coordinates":[[80.22472972182007,12.936537166383387],[80.22473083885048,12.936175489257758],[80.22510069030538,12.935814907462925],[80.22510236493986,12.935272391692912],[80.22482665227774,12.935000312395958],[80.22482748984605,12.934729054514552],[80.22473558585133,12.93463836136114]]},"properties":{"id":"L01928","strahler":2,"length_m":243.1,"drop_m":0.0,"gradient":0.0,"area_ha":3471.74,"on_drain_share":0.0,"downstream":"L01935"}},{"type":"Feature","geometry":{"type":"LineString","coordinates":[[80.24842213013103,12.93624480834205],[80.24869787110353,12.936516864179664],[80.24925070702258,12.936608876079353]]},"properties":{"id":"L01904","strahler":1,"length_m":106.6,"drop_m":0.87,"gradient":0.00821,"area_ha":5.16,"on_drain_share":0.0,"downstream":"L01903"}},{"type":"Feature","geometry":{"type":"LineString","coordinates":[[80.17790088799347,12.936303397196438],[80.17799307072796,12.936303687635519],[80.17854794248868,12.935762920015122],[80.17882360280421,12.936035045320446],[80.17956106412612,12.936037365266287],[80.17965265582481,12.93621849168572]]},"properties":{"id":"L01910","strahler":1,"length_m":241.4,"drop_m":-0.27,"gradient":0.0,"area_ha":7.89,"on_drain_share":0.0,"downstream":"L01905"}},{"type":"Feature","geometry":{"type":"LineString","coordinates":[[80.25229467965696,12.935984672700638],[80.25211058051546,12.935893724440392],[80.25183402783821,12.935892931604782],[80.25174157409714,12.935983087115648],[80.25109628437045,12.935981235784924],[80.25072673776275,12.936251436662017],[80.25035800045553,12.936250377498446],[80.25017309162821,12.936430687359657],[80.24998872286231,12.936430157444589],[80.24971298050272,12.936158102897982],[80.24934343224625,12.936428301716125],[80.24925070702258,12.936608876079353]]},"properties":{"id":"L01906","strahler":1,"length_m":398.0,"drop_m":4.75,"gradient":0.01193,"area_ha":15.64,"on_drain_share":0.0,"downstream":"L01903"}},{"type":"Feature","geometry":{"type":"LineString","coordinates":[[80.18094439452977,12.935860872914343],[80.18103628218753,12.935951580587798],[80.18103510222598,12.936313253858758]]},"properties":{"id":"L01907","strahler":1,"length_m":54.1,"drop_m":0.89,"gradient":0.01645,"area_ha":4.47,"on_drain_share":0.0,"downstream":"L01884"}},{"type":"Feature","geometry":{"type":"LineString","coordinates":[[80.23985475058029,12.93432116049893],[80.24049811958102,12.934955976793294],[80.2404053887791,12.935136547711657],[80.24031046879324,12.936040475527083],[80.24058620026943,12.93631253944435],[80.24058565317416,12.936493378680856]]},"properties":{"id":"L01908","strahler":3,"length_m":289.7,"drop_m":-0.09,"gradient":0.0,"area_ha":37.01,"on_drain_share":0.0,"downstream":"L01892"}},{"type":"Feature","geometry":{"type":"LineString","coordinates":[[80.24123340242224,12.935681479370906],[80.24067865791902,12.936222388116489],[80.2406781108943,12.936403227358136],[80.24058565317416,12.936493378680856]]},"properties":{"id":"L01909","strahler":1,"length_m":119.0,"drop_m":0.61,"gradient":0.00516,"area_ha":5.2,"on_drain_share":0.0,"downstream":"L01892"}},{"type":"Feature","geometry":{"type":"LineString","coordinates":[[80.1777227420236,12.934404033018577],[80.17790710609175,12.934404613906292],[80.17799899208497,12.934495322561645],[80.17818335623299,12.934495903258219],[80.17827583425506,12.934405775291047],[80.17873674450973,12.934407226289498],[80.17882863082187,12.93449793467072],[80.1788268563015,12.935040444332659],[80.17901062949626,12.935221861025681],[80.17956372370871,12.935223600676593],[80.1796556106183,12.935314308796826],[80.17965265582481,12.93621849168572]]},"properties":{"id":"L01911","strahler":2,"length_m":394.9,"drop_m":0.93,"gradient":0.00237,"area_ha":43.97,"on_drain_share":0.0,"downstream":"L01905"}},{"type":"Feature","geometry":{"type":"LineString","coordinates":[[80.187583306224,12.935339112373915],[80.18813523220592,12.935702507799618],[80.18887240210985,12.935795219868128],[80.18905589142354,12.936067048440265],[80.18933244014531,12.936067907821686],[80.18960986458009,12.935797511372009]]},"properties":{"id":"L01913","strahler":1,"length_m":271.4,"drop_m":2.33,"gradient":0.00858,"area_ha":6.37,"on_drain_share":0.0,"downstream":"L01922"}},{"type":"Feature","geometry":{"type":"LineString","coordinates":[[80.25764083572567,12.936180779537937],[80.25782573929398,12.93600046407795],[80.25865539887096,12.936002822674046]]},"properties":{"id":"L01918","strahler":2,"length_m":118.3,"drop_m":0.54,"gradient":0.00455,"area_ha":33.68,"on_drain_share":0.0,"downstream":"L01923"}},{"type":"Feature","geometry":{"type":"LineString","coordinates":[[80.25387041165285,12.93309572176436],[80.25396286354994,12.933005565379599],[80.25414722996902,12.933006092349551],[80.25433079081611,12.933277878971673],[80.25432998521762,12.933549138748376],[80.2545138151082,12.933730505336326],[80.25488228072365,12.933821978360049],[80.25515802657357,12.934094027657565],[80.25552676111896,12.934095079865665],[80.25598633956773,12.934548494160648],[80.2559849997381,12.935000593912262],[80.25607664784192,12.935181696639125],[80.2562610159479,12.93518222220271],[80.25653676478521,12.935454270177672],[80.25653622921713,12.93563511009037],[80.25690389551235,12.935997840322226],[80.25727263300062,12.935998890215261],[80.25764083572567,12.936180779537937]]},"properties":{"id":"L01915","strahler":1,"length_m":629.4,"drop_m":4.6,"gradient":0.00731,"area_ha":11.89,"on_drain_share":0.0,"downstream":"L01918"}},{"type":"Feature","geometry":{"type":"LineString","coordinates":[[80.18960986458009,12.935797511372009],[80.19007194559187,12.935437268402813]]},"properties":{"id":"L01922","strahler":2,"length_m":66.6,"drop_m":0.15,"gradient":0.00227,"area_ha":18.97,"on_drain_share":0.0,"downstream":"L01893"}},{"type":"Feature","geometry":{"type":"LineString","coordinates":[[80.2213208832424,12.935894074733062],[80.22159743394685,12.935894899907755]]},"properties":{"id":"L01917","strahler":1,"length_m":30.0,"drop_m":-0.07,"gradient":0.0,"area_ha":4.85,"on_drain_share":0.0,"downstream":"L01890"}},{"type":"Feature","geometry":{"type":"LineString","coordinates":[[80.25865539887096,12.936002822674046],[80.25902493719796,12.935732610076496],[80.25957804312493,12.93573418019308]]},"properties":{"id":"L01923","strahler":2,"length_m":112.4,"drop_m":3.51,"gradient":0.03123,"area_ha":38.8,"on_drain_share":0.0,"downstream":null}},{"type":"Feature","geometry":{"type":"LineString","coordinates":[[80.22122954119426,12.935622541979251],[80.22159743394685,12.935894899907755]]},"properties":{"id":"L01919","strahler":1,"length_m":52.4,"drop_m":-0.07,"gradient":0.0,"area_ha":4.19,"on_drain_share":0.0,"downstream":"L01890"}},{"type":"Feature","geometry":{"type":"LineString","coordinates":[[80.1932105171485,12.934090699210394],[80.19357808454093,12.934453513397523],[80.19357721322923,12.934724769230158],[80.19385288974945,12.93499687957809],[80.19385201869679,12.935268135417873],[80.19431148135637,12.935721652104299]]},"properties":{"id":"L01920","strahler":1,"length_m":229.7,"drop_m":0.6,"gradient":0.00262,"area_ha":7.77,"on_drain_share":0.0,"downstream":"L01895"}},{"type":"Feature","geometry":{"type":"LineString","coordinates":[[80.19597656545643,12.933918397187789],[80.19431206175044,12.935540814864156],[80.19431148135637,12.935721652104299]]},"properties":{"id":"L01921","strahler":2,"length_m":274.6,"drop_m":-1.63,"gradient":0.0,"area_ha":43.63,"on_drain_share":0.0,"downstream":"L01895"}},{"type":"Feature","geometry":{"type":"LineString","coordinates":[[80.18961249153965,12.934983744723727],[80.18961161590641,12.935255000278842],[80.189795397514,12.935436409846256],[80.19007194559187,12.935437268402813]]},"properties":{"id":"L01924","strahler":1,"length_m":88.3,"drop_m":0.28,"gradient":0.00322,"area_ha":5.5,"on_drain_share":0.0,"downstream":"L01893"}},{"type":"Feature","geometry":{"type":"LineString","coordinates":[[80.24520410900578,12.933432483000258],[80.24520329353757,12.933703742204498],[80.24547929992451,12.933885381412612],[80.2454765825175,12.934789578764232],[80.24566067820113,12.934880531536683]]},"properties":{"id":"L01926","strahler":1,"length_m":192.4,"drop_m":-0.1,"gradient":0.0,"area_ha":6.36,"on_drain_share":0.0,"downstream":"L01902"}},{"type":"Feature","geometry":{"type":"LineString","coordinates":[[80.17615564780748,12.93439909021532],[80.17634060507572,12.934218835762959],[80.17680032886399,12.934581963092135],[80.17735431018858,12.934312452606216],[80.1777227420236,12.934404033018577]]},"properties":{"id":"L01932","strahler":1,"length_m":211.4,"drop_m":1.57,"gradient":0.00743,"area_ha":7.1,"on_drain_share":0.0,"downstream":"L01911"}},{"type":"Feature","geometry":{"type":"LineString","coordinates":[[80.25018767377179,12.931548016237832],[80.24991166616671,12.93136638193144],[80.24963619931647,12.931003907663966],[80.24935965218191,12.931003112501172],[80.24889765856919,12.931363465892195],[80.24816019865432,12.931361342662603],[80.24788256796431,12.931722225133266],[80.24797312582675,12.932265009577058],[80.2480650378716,12.932355694982157],[80.2473254068659,12.933076927519904],[80.24732486476569,12.933257767083568],[80.2468625928774,12.933708536190782],[80.2465865855929,12.93352689839897],[80.24631003587423,12.933526099852298],[80.24630813585976,12.934159038143978],[80.24612295440431,12.93442976483667],[80.24575313357454,12.934790378270758],[80.2456609498868,12.934790111801144],[80.24566067820113,12.934880531536683]]},"properties":{"id":"L01929","strahler":2,"length_m":855.0,"drop_m":2.18,"gradient":0.00255,"area_ha":29.78,"on_drain_share":0.0,"downstream":"L01902"}},{"type":"Feature","geometry":{"type":"LineString","coordinates":[[80.22473558585133,12.93463836136114],[80.22473670270368,12.934276684182478]]},"properties":{"id":"L01935","strahler":3,"length_m":40.0,"drop_m":0.0,"gradient":0.0,"area_ha":3499.76,"on_drain_share":0.0,"downstream":"L01958"}},{"type":"Feature","geometry":{"type":"LineString","coordinates":[[80.18463640071657,12.934425727186882],[80.18482076512052,12.93442630319125],[80.18519066775444,12.934065781110002],[80.18528284983591,12.934066068924812],[80.18574669262766,12.933163323093297],[80.18574815871968,12.932711230860983],[80.18639548075478,12.932080314042018],[80.1863969455518,12.93162822169909],[80.18593779819177,12.931084273763133],[80.18593838440013,12.930903436834729]]},"properties":{"id":"L01971","strahler":1,"length_m":507.0,"drop_m":6.21,"gradient":0.01224,"area_ha":15.07,"on_drain_share":0.0,"downstream":"L01978"}},{"type":"Feature","geometry":{"type":"LineString","coordinates":[[80.22501241451408,12.934548763538848],[80.22473670270368,12.934276684182478]]},"properties":{"id":"L01936","strahler":2,"length_m":42.4,"drop_m":0.0,"gradient":0.0,"area_ha":21.27,"on_drain_share":0.0,"downstream":"L01958"}},{"type":"Feature","geometry":{"type":"LineString","coordinates":[[80.17745152793472,12.932775632875467],[80.17735875403369,12.932956178836301],[80.17772659168871,12.9332285956586],[80.17791006674256,12.933500431289204],[80.17744738088929,12.934041488445567],[80.1777227420236,12.934404033018577]]},"properties":{"id":"L01933","strahler":2,"length_m":248.0,"drop_m":-0.2,"gradient":0.0,"area_ha":33.82,"on_drain_share":0.0,"downstream":"L01911"}},{"type":"Feature","geometry":{"type":"LineString","coordinates":[[80.23930110234252,12.93450038795859],[80.23948574313643,12.934410505738136]]},"properties":{"id":"L01934","strahler":1,"length_m":24.1,"drop_m":0.05,"gradient":0.00207,"area_ha":4.66,"on_drain_share":0.0,"downstream":"L01938"}},{"type":"Feature","geometry":{"type":"LineString","coordinates":[[80.20123469804811,12.932759089064248],[80.20095700119285,12.933119917655874],[80.20049609075744,12.933118506040346],[80.20040419662084,12.933027804846303],[80.20040534837462,12.932666129746893],[80.20031345442838,12.932575428529388],[80.19957571124172,12.932663586587008],[80.19957513477185,12.932844424101228],[80.198188074345,12.934196460396853],[80.1979115270794,12.934195610521757],[80.19781905576025,12.93428574587278],[80.19745032597949,12.934284612111792],[80.19689809906832,12.934011654429712],[80.19671431300111,12.933830249604602],[80.19597656545643,12.933918397187789]]},"properties":{"id":"L01942","strahler":1,"length_m":756.0,"drop_m":2.66,"gradient":0.00352,"area_ha":21.52,"on_drain_share":0.0,"downstream":"L01921"}},{"type":"Feature","geometry":{"type":"LineString","coordinates":[[80.23948574313643,12.934410505738136],[80.23985475058029,12.93432116049893]]},"properties":{"id":"L01938","strahler":2,"length_m":44.1,"drop_m":0.66,"gradient":0.01501,"area_ha":9.11,"on_drain_share":0.0,"downstream":"L01908"}},{"type":"Feature","geometry":{"type":"LineString","coordinates":[[80.22473670270368,12.934276684182478],[80.22363414101697,12.933097944846375],[80.22363525931819,12.932736267719825],[80.22391264510189,12.932465832375078],[80.22391376294544,12.932104155207085]]},"properties":{"id":"L01958","strahler":3,"length_m":302.1,"drop_m":-0.78,"gradient":0.0,"area_ha":3525.66,"on_drain_share":0.0,"downstream":"L01966"}},{"type":"Feature","geometry":{"type":"LineString","coordinates":[[80.23257226925162,12.93429984524162],[80.23156129805224,12.933302247281798],[80.23156157478077,12.933211827832837],[80.23220878987453,12.932580790816646],[80.23220961930645,12.93230953241156],[80.2320258074139,12.932128151041407],[80.23211909582693,12.931766744393325],[80.23165984435148,12.931222871170602],[80.2316603976434,12.9310420322391],[80.23184559138986,12.930771316468968],[80.23156987565929,12.930499244070576],[80.23138551204666,12.930498701255202],[80.23138689567438,12.930046603925884]]},"properties":{"id":"L01987","strahler":1,"length_m":618.4,"drop_m":0.74,"gradient":0.0012,"area_ha":19.68,"on_drain_share":0.0,"downstream":null}},{"type":"Feature","geometry":{"type":"LineString","coordinates":[[80.23902619639159,12.933957064029757],[80.23948574313643,12.934410505738136]]},"properties":{"id":"L01937","strahler":1,"length_m":70.7,"drop_m":-0.32,"gradient":0.0,"area_ha":4.17,"on_drain_share":0.0,"downstream":"L01938"}},{"type":"Feature","geometry":{"type":"LineString","coordinates":[[80.25589951522593,12.932739832184557],[80.25599169837767,12.932740094996475],[80.256543190968,12.933284191028449],[80.25728065794566,12.933286290880343],[80.2576483221272,12.933649019999415],[80.25764671803225,12.934191539942166],[80.25783055089526,12.934372904340483],[80.25939767563197,12.93437735667321]]},"properties":{"id":"L01939","strahler":1,"length_m":489.7,"drop_m":5.63,"gradient":0.0115,"area_ha":12.87,"on_drain_share":0.0,"downstream":null}},{"type":"Feature","geometry":{"type":"LineString","coordinates":[[80.23856747393103,12.9332323627987],[80.23902701854969,12.933685805219982],[80.23930356797685,12.933686611493876],[80.23985475058029,12.93432116049893]]},"properties":{"id":"L01940","strahler":2,"length_m":195.6,"drop_m":0.46,"gradient":0.00235,"area_ha":25.56,"on_drain_share":0.0,"downstream":"L01908"}},{"type":"Feature","geometry":{"type":"LineString","coordinates":[[80.22879359201504,12.934017444651694],[80.22870279782666,12.933565075285792]]},"properties":{"id":"L01944","strahler":1,"length_m":54.1,"drop_m":-0.15,"gradient":0.0,"area_ha":6.36,"on_drain_share":0.0,"downstream":"L01975"}},{"type":"Feature","geometry":{"type":"LineString","coordinates":[[80.22999197170694,12.934020983468736],[80.22999252632395,12.933840144647032],[80.22953272122021,12.93347710662267],[80.22888744127111,12.93347520073264],[80.22870279782666,12.933565075285792]]},"properties":{"id":"L01945","strahler":1,"length_m":180.7,"drop_m":0.58,"gradient":0.00319,"area_ha":9.33,"on_drain_share":0.0,"downstream":"L01975"}},{"type":"Feature","geometry":{"type":"LineString","coordinates":[[80.19671662725133,12.933106900095678],[80.19671633797775,12.933197318786506],[80.19597656545643,12.933918397187789]]},"properties":{"id":"L01943","strahler":2,"length_m":123.1,"drop_m":-0.07,"gradient":0.0,"area_ha":13.88,"on_drain_share":0.0,"downstream":"L01921"}},{"type":"Feature","geometry":{"type":"LineString","coordinates":[[80.21644136593936,12.933890227852228],[80.21662601350673,12.933800362240953],[80.21671932452637,12.933438962437082],[80.21589306991166,12.932351441616058],[80.21617046309693,12.932081014944565],[80.21690820155388,12.931992809532153]]},"properties":{"id":"L01962","strahler":1,"length_m":352.1,"drop_m":0.78,"gradient":0.00222,"area_ha":7.69,"on_drain_share":0.0,"downstream":"L01951"}},{"type":"Feature","geometry":{"type":"LineString","coordinates":[[80.2442809165402,12.933881913748776],[80.24428146085982,12.933701074320986],[80.2440057278594,12.933429014192042],[80.24400708908908,12.932976915631006],[80.2439151783773,12.932886228869192],[80.24391572291695,12.932705389442958],[80.2436399913666,12.932433328989372],[80.24364108079453,12.93207165014492]]},"properties":{"id":"L01961","strahler":1,"length_m":229.0,"drop_m":-0.05,"gradient":0.0,"area_ha":869.9,"on_drain_share":0.0,"downstream":"L01988"}},{"type":"Feature","geometry":{"type":"LineString","coordinates":[[80.21422954720424,12.93370273740135],[80.21441476114629,12.933432035235699],[80.21423096207613,12.93325064203032],[80.21423322575943,12.932527289403847]]},"properties":{"id":"L01955","strahler":1,"length_m":146.6,"drop_m":0.99,"gradient":0.00677,"area_ha":5.27,"on_drain_share":0.0,"downstream":"L01963"}},{"type":"Feature","geometry":{"type":"LineString","coordinates":[[80.21782467037804,12.93371353772154],[80.21819452733743,12.933352966007343],[80.21819565349654,12.932991289357625],[80.21828811742913,12.93290114632563]]},"properties":{"id":"L01950","strahler":1,"length_m":110.7,"drop_m":0.03,"gradient":0.00032,"area_ha":5.13,"on_drain_share":0.0,"downstream":"L01964"}},{"type":"Feature","geometry":{"type":"LineString","coordinates":[[80.22870279782666,12.933565075285792],[80.22787565455447,12.932748847569515],[80.22806113156167,12.932387715440978],[80.22833851244766,12.932117275093029],[80.22834184666073,12.931032242390824],[80.22824966472795,12.931031969848453],[80.22797478673128,12.930488635688135],[80.22806780222507,12.93021765013295]]},"properties":{"id":"L01975","strahler":2,"length_m":454.6,"drop_m":0.39,"gradient":0.00085,"area_ha":24.77,"on_drain_share":0.0,"downstream":"L01986"}},{"type":"Feature","geometry":{"type":"LineString","coordinates":[[80.21828811742913,12.93290114632563],[80.21856522743342,12.932721136180477],[80.21911691549475,12.93317488759882],[80.21930128053508,12.933175439191194],[80.22004042599946,12.93263512903344],[80.22050161842354,12.932546086866495],[80.22105611482172,12.932095642088777],[80.2215173059896,12.932006598046181],[80.22170223077558,12.931826309400275],[80.22188659493966,12.931826859110062],[80.22197849687667,12.93191755316932],[80.22207095911226,12.931827408689648],[80.22225532329337,12.931827958139031],[80.22244024744117,12.931647668930085],[80.22262461150656,12.931648218111134]]},"properties":{"id":"L01964","strahler":2,"length_m":577.7,"drop_m":0.86,"gradient":0.00149,"area_ha":48.33,"on_drain_share":0.0,"downstream":"L01965"}},{"type":"Feature","geometry":{"type":"LineString","coordinates":[[80.23626372560466,12.9329543699792],[80.23663163216938,12.93322670746344],[80.23690900533434,12.932956257556718],[80.2371855538212,12.932957066030205],[80.23783248044569,12.9324164338137],[80.23820011375939,12.932779188741582]]},"properties":{"id":"L01956","strahler":1,"length_m":276.3,"drop_m":5.2,"gradient":0.01883,"area_ha":11.13,"on_drain_share":0.0,"downstream":"L01948"}},{"type":"Feature","geometry":{"type":"LineString","coordinates":[[80.19616527213033,12.93256268499042],[80.19671662725133,12.933106900095678]]},"properties":{"id":"L01946","strahler":1,"length_m":84.9,"drop_m":0.0,"gradient":0.0,"area_ha":4.4,"on_drain_share":0.0,"downstream":"L01943"}},{"type":"Feature","geometry":{"type":"LineString","coordinates":[[80.19680909848243,12.933016765125045],[80.19671662725133,12.933106900095678]]},"properties":{"id":"L01947","strahler":1,"length_m":14.1,"drop_m":0.0,"gradient":0.0,"area_ha":4.08,"on_drain_share":0.0,"downstream":"L01943"}},{"type":"Feature","geometry":{"type":"LineString","coordinates":[[80.23820011375939,12.932779188741582],[80.23856747393103,12.9332323627987]]},"properties":{"id":"L01948","strahler":2,"length_m":66.6,"drop_m":0.17,"gradient":0.00251,"area_ha":19.37,"on_drain_share":0.0,"downstream":"L01940"}},{"type":"Feature","geometry":{"type":"LineString","coordinates":[[80.23884539333088,12.93278107150652],[80.2386604794014,12.932961372940676],[80.23856747393103,12.9332323627987]]},"properties":{"id":"L01949","strahler":1,"length_m":62.4,"drop_m":0.16,"gradient":0.00264,"area_ha":4.2,"on_drain_share":0.0,"downstream":"L01940"}},{"type":"Feature","geometry":{"type":"LineString","coordinates":[[80.21690820155388,12.931992809532153],[80.2178274871247,12.932809346183378],[80.21828811742913,12.93290114632563]]},"properties":{"id":"L01951","strahler":2,"length_m":191.4,"drop_m":0.26,"gradient":0.00134,"area_ha":28.92,"on_drain_share":0.0,"downstream":"L01964"}},{"type":"Feature","geometry":{"type":"LineString","coordinates":[[80.17404735955697,12.930775660603308],[80.17423112615836,12.930957080325001],[80.1742302341938,12.93122833491752],[80.17441400124616,12.931409754532215],[80.17441310944685,12.931681009127894],[80.17496441275337,12.932225267303322],[80.17496381858034,12.932406103714973],[80.17514788402961,12.932497104672462],[80.1764384220564,12.9325011802951],[80.1766236741387,12.932230507275976],[80.17708458020857,12.932231960952324],[80.1774521203338,12.932594796355339],[80.17745152793472,12.932775632875467]]},"properties":{"id":"L01952","strahler":1,"length_m":550.4,"drop_m":2.43,"gradient":0.00441,"area_ha":20.75,"on_drain_share":0.0,"downstream":"L01933"}},{"type":"Feature","geometry":{"type":"LineString","coordinates":[[80.17745597070855,12.93141935891291],[80.17745448984016,12.93187145024956],[80.17763796368746,12.932143286022063],[80.17754400553103,12.932685505133637],[80.17745152793472,12.932775632875467]]},"properties":{"id":"L01953","strahler":1,"length_m":166.6,"drop_m":1.91,"gradient":0.01148,"area_ha":8.25,"on_drain_share":0.0,"downstream":"L01933"}},{"type":"Feature","geometry":{"type":"LineString","coordinates":[[80.18169217065861,12.932698544749528],[80.18187712286728,12.932518286035735],[80.18243021152237,12.932520019255202],[80.18270793307622,12.93215921189804],[80.18270911023656,12.931797538360469],[80.18280158567946,12.93170740861406],[80.18298594800294,12.931707985795532],[80.18298624218566,12.931617567402672],[80.1836332738117,12.931077076039985],[80.1836338616791,12.93089623921561]]},"properties":{"id":"L01970","strahler":1,"length_m":339.7,"drop_m":8.34,"gradient":0.02454,"area_ha":7.42,"on_drain_share":0.0,"downstream":"L01977"}},{"type":"Feature","geometry":{"type":"LineString","coordinates":[[80.21312760654345,12.932343118464921],[80.21349661809276,12.93225381084471],[80.21395639620002,12.932616875711759],[80.21414076060222,12.93261743092605],[80.21423322575943,12.932527289403847]]},"properties":{"id":"L01954","strahler":1,"length_m":144.9,"drop_m":0.65,"gradient":0.00451,"area_ha":7.14,"on_drain_share":0.0,"downstream":"L01963"}},{"type":"Feature","geometry":{"type":"LineString","coordinates":[[80.23691230273926,12.931871222737017],[80.23718967403704,12.93160077240376],[80.23755812885717,12.931692269383179],[80.2380176688921,12.932145713376345],[80.23801684574497,12.932416972154169],[80.23820066241015,12.932598349554269],[80.23820011375939,12.932779188741582]]},"properties":{"id":"L01957","strahler":1,"length_m":235.6,"drop_m":1.99,"gradient":0.00843,"area_ha":7.73,"on_drain_share":0.0,"downstream":"L01948"}},{"type":"Feature","geometry":{"type":"LineString","coordinates":[[80.21423322575943,12.932527289403847],[80.21423350871017,12.932436870322695],[80.21441815587475,12.932347006247863],[80.21478688433247,12.932348115871143],[80.21478829804768,12.931896020392621],[80.21515815627863,12.931535453028776],[80.21561906544868,12.931536838584337],[80.21607884559714,12.931899899832477],[80.21681630152834,12.931902113790837],[80.21690820155388,12.931992809532153]]},"properties":{"id":"L01963","strahler":2,"length_m":391.4,"drop_m":1.2,"gradient":0.00306,"area_ha":18.21,"on_drain_share":0.0,"downstream":"L01951"}},{"type":"Feature","geometry":{"type":"LineString","coordinates":[[80.22566411038562,12.932471034781432],[80.2252048723597,12.931927150944423],[80.22502050797637,12.931926603574297],[80.2249286048742,12.9318359105238],[80.22474424056995,12.931835362962325],[80.22418975092798,12.932285815994291],[80.22391376294544,12.932104155207085]]},"properties":{"id":"L01959","strahler":1,"length_m":253.8,"drop_m":-0.08,"gradient":0.0,"area_ha":8.87,"on_drain_share":0.0,"downstream":"L01966"}},{"type":"Feature","geometry":{"type":"LineString","coordinates":[[80.20538460556715,12.93222923889797],[80.2061243474146,12.93150813186461],[80.20603273755718,12.931327013648048],[80.20603388104843,12.930965338004468],[80.20640374965495,12.930604783668707],[80.20640460682638,12.930333526897504],[80.2062211017971,12.930061709551062]]},"properties":{"id":"L01981","strahler":1,"length_m":302.1,"drop_m":-3.35,"gradient":0.0,"area_ha":15.25,"on_drain_share":0.0,"downstream":null}},{"type":"Feature","geometry":{"type":"LineString","coordinates":[[80.24087806241015,12.931249844253824],[80.24143142928577,12.931161032616231],[80.24161524768947,12.931342407714483],[80.24198397704428,12.931343478833767],[80.2424435249201,12.931796915454155],[80.24244325214103,12.931887335142997],[80.24271925444204,12.93206897707462],[80.2427189817563,12.932159396767366],[80.24290334707662,12.9321599316457],[80.24299525715163,12.932250618733953],[80.2435486257629,12.932161802694502],[80.24364108079453,12.93207165014492]]},"properties":{"id":"L01960","strahler":1,"length_m":373.8,"drop_m":2.87,"gradient":0.00768,"area_ha":9.93,"on_drain_share":0.0,"downstream":"L01988"}},{"type":"Feature","geometry":{"type":"LineString","coordinates":[[80.19100571769458,12.93173296717723],[80.19119008041372,12.931733538565018],[80.19146575110605,12.93200565114988],[80.19238756589615,12.932008505221287],[80.19266498248503,12.931738104980276],[80.19275861718785,12.931286297035435],[80.19303516089805,12.931287152182104],[80.19321894239914,12.93146855936729],[80.19377232059745,12.931379849778855],[80.19423467768523,12.930929179834294],[80.1943268588223,12.930929464386743],[80.1943297595371,12.930025277825962]]},"properties":{"id":"L01979","strahler":1,"length_m":562.1,"drop_m":1.27,"gradient":0.00225,"area_ha":16.54,"on_drain_share":0.0,"downstream":null}},{"type":"Feature","geometry":{"type":"LineString","coordinates":[[80.21008645238793,12.932062672183985],[80.2100873056814,12.931791415200614],[80.2103647040959,12.931520995013138],[80.21100997616585,12.931522946410952],[80.21128538539361,12.931885458324961],[80.21174657860742,12.931796431724749],[80.21174686243695,12.931706012692779],[80.21202397534648,12.931526009670877],[80.21202681248464,12.930621819243482],[80.21248913728898,12.930171114944239],[80.21239752313626,12.929989998706251]]},"properties":{"id":"L01983","strahler":1,"length_m":492.1,"drop_m":4.85,"gradient":0.00986,"area_ha":11.48,"on_drain_share":0.0,"downstream":null}},{"type":"Feature","geometry":{"type":"LineString","coordinates":[[80.22262461150656,12.931648218111134],[80.22308412295719,12.932101686879145],[80.22317630516962,12.932101961268009],[80.22363889356257,12.931560816988792]]},"properties":{"id":"L01965","strahler":2,"length_m":161.4,"drop_m":-0.15,"gradient":0.0,"area_ha":57.46,"on_drain_share":0.0,"downstream":"L01985"}},{"type":"Feature","geometry":{"type":"LineString","coordinates":[[80.22391376294544,12.932104155207085],[80.22363805492263,12.93183207485927],[80.22363889356257,12.931560816988792]]},"properties":{"id":"L01966","strahler":3,"length_m":72.4,"drop_m":-0.05,"gradient":0.0,"area_ha":3536.52,"on_drain_share":0.0,"downstream":"L01985"}},{"type":"Feature","geometry":{"type":"LineString","coordinates":[[80.25157095186138,12.931371145136527],[80.25156960442341,12.931823244541455],[80.25119979502979,12.932183866406639],[80.25101542933888,12.932183337387624],[80.25073969020738,12.93191128403307],[80.25055532473606,12.931910754700013],[80.25018767377179,12.931548016237832]]},"properties":{"id":"L01969","strahler":1,"length_m":245.6,"drop_m":2.57,"gradient":0.01047,"area_ha":7.61,"on_drain_share":0.0,"downstream":"L01929"}},{"type":"Feature","geometry":{"type":"LineString","coordinates":[[80.24364108079453,12.93207165014492],[80.24364217018936,12.931709971290372],[80.24345862239132,12.931438177816219],[80.24392116785866,12.930896995041797],[80.24383143589193,12.930082950458505],[80.24327861684998,12.929990927933549]]},"properties":{"id":"L01988","strahler":2,"length_m":317.3,"drop_m":0.33,"gradient":0.00104,"area_ha":885.08,"on_drain_share":0.0,"downstream":null}},{"type":"Feature","geometry":{"type":"LineString","coordinates":[[80.250094951141,12.931728591100082],[80.25018767377179,12.931548016237832]]},"properties":{"id":"L01968","strahler":1,"length_m":24.1,"drop_m":-0.26,"gradient":0.0,"area_ha":7.55,"on_drain_share":0.0,"downstream":"L01929"}},{"type":"Feature","geometry":{"type":"LineString","coordinates":[[80.1879654884195,12.93118100944155],[80.18722803980948,12.931178714095054],[80.18695061837649,12.931449108257576],[80.18648971260306,12.931447672088881],[80.18593838440013,12.930903436834729]]},"properties":{"id":"L01972","strahler":1,"length_m":257.3,"drop_m":3.56,"gradient":0.01383,"area_ha":7.43,"on_drain_share":0.0,"downstream":"L01978"}},{"type":"Feature","geometry":{"type":"LineString","coordinates":[[80.22142820757551,12.93101171139159],[80.22170559358283,12.93074127838422],[80.22188995695052,12.930741828046338],[80.22262461150656,12.931648218111134]]},"properties":{"id":"L01967","strahler":1,"length_m":195.6,"drop_m":0.43,"gradient":0.0022,"area_ha":6.65,"on_drain_share":0.0,"downstream":"L01965"}},{"type":"Feature","geometry":{"type":"LineString","coordinates":[[80.22363889356257,12.931560816988792],[80.22363945264526,12.931379978405321],[80.22391683684015,12.931109542943021],[80.22382717008819,12.930295495126783],[80.2241045528258,12.930025059363286]]},"properties":{"id":"L01985","strahler":3,"length_m":199.0,"drop_m":0.01,"gradient":4e-05,"area_ha":3597.47,"on_drain_share":0.0,"downstream":null}},{"type":"Feature","geometry":{"type":"LineString","coordinates":[[80.1817905391004,12.930800048102947],[80.18215808447232,12.931162877199627],[80.18243462731668,12.931163743568973],[80.18317383958423,12.930623542040745],[80.18345038190506,12.93062440729852],[80.18354226872408,12.930715114065],[80.18354168079924,12.93089595088774],[80.1836338616791,12.93089623921561]]},"properties":{"id":"L01973","strahler":1,"length_m":265.6,"drop_m":7.26,"gradient":0.02736,"area_ha":7.2,"on_drain_share":0.0,"downstream":"L01977"}},{"type":"Feature","geometry":{"type":"LineString","coordinates":[[80.25802427016704,12.93120872842554],[80.25820916961193,12.93102841241224],[80.2587625319592,12.930939563663001]]},"properties":{"id":"L01974","strahler":1,"length_m":92.4,"drop_m":4.0,"gradient":0.04325,"area_ha":4.22,"on_drain_share":0.0,"downstream":null}},{"type":"Feature","geometry":{"type":"LineString","coordinates":[[80.1836338616791,12.93089623921561],[80.18391040433205,12.930897104003941],[80.18437307075425,12.930356034078637],[80.18437365805508,12.93017519721083],[80.1845586064855,12.929994936336225]]},"properties":{"id":"L01977","strahler":2,"length_m":159.0,"drop_m":1.74,"gradient":0.01096,"area_ha":17.93,"on_drain_share":0.0,"downstream":null}},{"type":"Feature","geometry":{"type":"LineString","coordinates":[[80.18593838440013,12.930903436834729],[80.18501950937076,12.929996375756023]]},"properties":{"id":"L01978","strahler":2,"length_m":141.4,"drop_m":1.36,"gradient":0.00964,"area_ha":30.86,"on_drain_share":0.0,"downstream":null}},{"type":"Feature","geometry":{"type":"LineString","coordinates":[[80.20096390646475,12.930949866629236],[80.19902838811751,12.93085351464636],[80.19884460259236,12.930672111323501],[80.19838369688843,12.930670696240503],[80.19810801962896,12.930398590580547],[80.1976471145104,12.9303971742264],[80.19737143837878,12.930125067847216],[80.19709489565233,12.930124217369707],[80.19709518471852,12.930033798649209]]},"properties":{"id":"L01980","strahler":1,"length_m":467.3,"drop_m":1.95,"gradient":0.00417,"area_ha":10.43,"on_drain_share":0.0,"downstream":null}},{"type":"Feature","geometry":{"type":"LineString","coordinates":[[80.20981559691647,12.930253455177647],[80.21009299380776,12.929983035166229]]},"properties":{"id":"L01982","strahler":1,"length_m":42.4,"drop_m":-0.65,"gradient":0.0,"area_ha":4.47,"on_drain_share":0.0,"downstream":null}},{"type":"Feature","geometry":{"type":"LineString","coordinates":[[80.21774347308866,12.930186914130829],[80.21783621768027,12.930006352013894]]},"properties":{"id":"L01984","strahler":1,"length_m":24.1,"drop_m":0.22,"gradient":0.00901,"area_ha":4.17,"on_drain_share":0.0,"downstream":null}},{"type":"Feature","geometry":{"type":"LineString","coordinates":[[80.22723816765084,12.930215195360708],[80.22806780222507,12.93021765013295]]},"properties":{"id":"L01976","strahler":1,"length_m":90.0,"drop_m":0.37,"gradient":0.00407,"area_ha":4.72,"on_drain_share":0.0,"downstream":"L01986"}},{"type":"Feature","geometry":{"type":"LineString","coordinates":[[80.22806780222507,12.93021765013295],[80.2280683580588,12.930036811340871]]},"properties":{"id":"L01986","strahler":2,"length_m":20.0,"drop_m":0.11,"gradient":0.0055,"area_ha":30.08,"on_drain_share":0.0,"downstream":null}}]}